chance_id,business_unit,org_country,pricelist,status,amount,deal_age,anomaly_raw
6b6999c2df2a928f,5,6b7e1f5b521de19b,6f9a9c5f2856c8b3,Won,14094403.468499102,2169,-0.691480240215575
416642fe7438f76c,5,255414ab73601d72,d4f34f97b6d22a81,Lost,17169140.892666645,1552,-0.6913582235656306
5f596faa33b96ec4,4,b4d1bda83fb7745f,28c9c64e5918b06e,Open,1099438.5809573433,2224,-0.689509994876489
4e5bddbeea7b1996,5,6b7e1f5b521de19b,d4f34f97b6d22a81,Won,3987625.562487679,1763,-0.6757346379613907
dd1c9cc533c73d54,2,6b7e1f5b521de19b,6f9a9c5f2856c8b3,Open,3826638.9138281774,265,-0.6717818557427588
7b764f50165d3f19,0,6b7e1f5b521de19b,6f9a9c5f2856c8b3,Won,2525622.782437966,1743,-0.66970596836679
8f23ff363cd5fb0e,4,ad69d8c998aaf479,28c9c64e5918b06e,Open,963833.7763104266,2385,-0.6681372943604938
5b6d979dbc8fc901,2,6b7e1f5b521de19b,6f9a9c5f2856c8b3,Lost,124578.18788511904,1026,-0.6634351285333211
5c01677dcc369066,4,6b7e1f5b521de19b,28c9c64e5918b06e,Lost,403786.8490295444,1175,-0.660959253857531
34e484394c391b01,5,532ef57d231b606f,d4f34f97b6d22a81,Open,35111607.32348774,1263,-0.6600414073069533
318d088cd50dd7d0,2,6b7e1f5b521de19b,6f9a9c5f2856c8b3,Lost,47.32296795979548,22,-0.6588501809102209
25c0ebed638bf7b6,4,dccb341afdd3894f,28c9c64e5918b06e,Lost,5165579.915109996,19,-0.6561206126465315
ebc2779c5f893214,0,6b7e1f5b521de19b,6f9a9c5f2856c8b3,Won,2107608.5960487663,219,-0.653107404065923
223550db63282a74,4,38080774be85927f,d4f34f97b6d22a81,Lost,681677.0916675114,1730,-0.6528427704447449
9ac68fa8688e9087,5,75c64824a2a4e380,d4f34f97b6d22a81,Open,14621079.278932134,1349,-0.6520183919616486
fe6a1248565333be,4,77c27bf8a409b6bb,28c9c64e5918b06e,Won,259521.87418761576,1737,-0.6518158142847008
dbf2ebe9411c9588,0,94168341f8d9633e,,Open,266260.8990813679,1213,-0.6505923341599185
15639d07863090d8,4,cca8e68b78e095c5,28c9c64e5918b06e,Won,308444.51547976315,1589,-0.6501517961606049
bd42be54085a3b7e,2,6b7e1f5b521de19b,6f9a9c5f2856c8b3,Lost,1.170863568534039,816,-0.6481781842403003
ce5f3f6bd6cf3a21,5,6b7e1f5b521de19b,6f9a9c5f2856c8b3,Won,7876989.285441695,488,-0.647359020352385
cf97d42bf7dc022a,0,3a0b5f22d7e66ffc,,Lost,557449.2948030367,1802,-0.6459329362560294
978fe6c8a47542ca,0,a0d28553c7be77f0,,Won,1711597.3344897556,1209,-0.6458500120863025
81ba9cecfd785b37,4,ca0404ddaade5726,28c9c64e5918b06e,Won,166628.30385115326,1384,-0.6452852137314319
1179061bc012aa52,4,e366e0e543d0c5cd,d4f34f97b6d22a81,Won,35793.332871377235,731,-0.6450078657487326
879184031313ea6a,5,7b7c16a1b24ec3b8,d4f34f97b6d22a81,Lost,98224.59357117486,1583,-0.6447590711910005
a771110e96ac13bf,2,6b7e1f5b521de19b,6f9a9c5f2856c8b3,Lost,11692.40994069606,1066,-0.6444348982544553
c51dfe64a0daf484,5,6b7e1f5b521de19b,6f9a9c5f2856c8b3,Won,4417464.5237711035,749,-0.6441961376487522
3e8bcc0937383c07,4,255414ab73601d72,28c9c64e5918b06e,Won,260464.36845727058,1524,-0.6436708230802795
2a25eb41c6576067,5,6b7e1f5b521de19b,6f9a9c5f2856c8b3,Open,1478807.6585938425,1293,-0.6425109704133962
9a5638aab8250065,5,6b7e1f5b521de19b,6f9a9c5f2856c8b3,Lost,2731288.1790158176,425,-0.6423631324193206
55a46035d8950b6e,3,255414ab73601d72,d4f34f97b6d22a81,Won,463218.90314213035,372,-0.6419915694120997
83ed789e45032c29,5,6b7e1f5b521de19b,6f9a9c5f2856c8b3,Won,3593519.80976419,438,-0.6412614704936164
d9e5e021ff09116d,3,6b7e1f5b521de19b,,Won,694810.3085549787,1400,-0.6400738486444086
99c9a64a04eef911,2,6b7e1f5b521de19b,d4f34f97b6d22a81,Lost,255601.53696549984,1568,-0.6397741642887452
3f591703d6d74a00,4,6b7e1f5b521de19b,28c9c64e5918b06e,Lost,35479.77903933452,1175,-0.6386434371300195
4f6653a339dc6281,0,e43bc3ffd79e75b6,,Won,1150877.1913877001,1758,-0.6368755677804927
a618de564bc013d4,3,6b7e1f5b521de19b,6f9a9c5f2856c8b3,Lost,1.170863568534039,1466,-0.6368669363197503
4339de68f8782102,0,4e40b1753336bf63,,Lost,1187910.3043156844,1578,-0.6344321933710684
7d0d6cfdf78b7c74,2,6b7e1f5b521de19b,,Won,24052.770015945276,146,-0.6331819682932632
fc16592d2df77953,0,062b9e5a52eb6d8e,,Open,2521022.25580936,1668,-0.6321270589125406
fec5e79114d877ce,0,8e05397b18bfb06f,,Lost,25102.753943361105,1830,-0.6316946397564609
e99a55dfecae9509,4,fd10c5543bdbcbc9,d4f34f97b6d22a81,Won,15008.963259245464,929,-0.6315640639882147
cbedd408c2aedc32,4,9956141f2229f670,28c9c64e5918b06e,Lost,30427130.541462246,101,-0.6314114088230174
ff8a40205b77bdfc,5,6b7e1f5b521de19b,6f9a9c5f2856c8b3,Lost,13382197.292350637,348,-0.6310324582873762
ea67b50debdb7e14,4,1bb1bb990c53f4fc,28c9c64e5918b06e,Won,3586769.8787574917,161,-0.6309652446686065
01df881c7601c316,2,6b7e1f5b521de19b,6f9a9c5f2856c8b3,Won,13316010.74712687,2090,-0.6308982681593571
f64c9b38e36fe454,0,6b7e1f5b521de19b,6f9a9c5f2856c8b3,Lost,62429.37551060187,1737,-0.6297525828415506
d7bc60dfc89db24c,4,42a0974a7fcfe59f,28c9c64e5918b06e,Won,68975.30735153245,1335,-0.6296875470085651
2262ee3384620595,3,6b7e1f5b521de19b,,Lost,35845.270270304114,1178,-0.6296421584102176
400e760aff22b506,0,674ec33189ed753c,,Won,4041280.531027806,1236,-0.6289891262036253
1a062ef4f2b646ef,4,d94a77dffd98d647,28c9c64e5918b06e,Lost,269462.84165175544,1320,-0.6278836953924635
e8a9a994210aac16,3,674ec33189ed753c,d4f34f97b6d22a81,Lost,12578.355295610221,1823,-0.6277234747417504
33014e4e24f76d15,5,6b7e1f5b521de19b,6f9a9c5f2856c8b3,Won,193995.26679755165,1063,-0.6275953258131532
e97ae7d7b5969870,5,6b7e1f5b521de19b,6f9a9c5f2856c8b3,Won,1913801.7206140948,1340,-0.6275211531085298
0d2b728d7d8d57e0,4,38080774be85927f,28c9c64e5918b06e,Open,2961926.4376853653,241,-0.6273428447579925
472083578da5084f,2,6b7e1f5b521de19b,,Lost,9648.963805727817,2115,-0.6271490922137396
9d37d6c1345787a3,5,6b7e1f5b521de19b,6f9a9c5f2856c8b3,Won,1752712.6397063767,1624,-0.6260516079758695
1b19dfbecf9cf046,3,6b7e1f5b521de19b,d4f34f97b6d22a81,Won,12768.823342259046,264,-0.6260356764066877
2cebf85712b19a43,4,fc3655a0b667e091,28c9c64e5918b06e,Won,375088.6383533601,1032,-0.623889687214976
3210c46de93bf660,0,6b7e1f5b521de19b,,Won,17729279.836305175,731,-0.6237929596010983
d06547dcd949bb20,3,6b7e1f5b521de19b,d4f34f97b6d22a81,Open,133909.93513617528,664,-0.6234628589546383
92fdb61daa45933f,2,fd10c5543bdbcbc9,28c9c64e5918b06e,Lost,1955.8320496747117,1435,-0.6232019338642105
7c994295e810af38,5,532ef57d231b606f,d4f34f97b6d22a81,Lost,31204870.52003334,845,-0.6227803723770884
f11e61a4153be7a7,4,38080774be85927f,d4f34f97b6d22a81,Lost,2162539.896272901,1713,-0.6226763830384153
bce062609c80d477,0,fc3655a0b667e091,,Won,349740.2945198502,1917,-0.6226646481183848
a1998e88e054888f,4,75c64824a2a4e380,28c9c64e5918b06e,Won,1570774.901069991,876,-0.6220239036952878
d6faf14d8c7e67eb,0,6ab36d9b02cbcf6b,,Open,895040.1574346115,1291,-0.6214562210512969
61c7c939555ef8e0,0,062b9e5a52eb6d8e,,Lost,68130.33408842972,1544,-0.6212742614368889
2dd14f2f8b4cd291,4,38080774be85927f,d4f34f97b6d22a81,Won,437850.7761451277,171,-0.6212730711806427
019b79cf05783dd6,0,674ec33189ed753c,,Open,3163431.287434749,1216,-0.6202861292308468
a13a4001d0aba7da,0,674ec33189ed753c,,Open,2997767.3059456446,1216,-0.6202861292308468
20709fce4260f2e4,4,7608f4f5fafe9b10,28c9c64e5918b06e,Lost,7558332.220704882,506,-0.6202815344392656
aa9d262b4406c5c1,1,6b7e1f5b521de19b,,Lost,95518.08801059793,764,-0.6202475529705831
a50deb4382893b62,5,6b7e1f5b521de19b,d4f34f97b6d22a81,Won,31443.26991300905,732,-0.620200249401332
38ab2bb1288cac53,3,255414ab73601d72,d4f34f97b6d22a81,Won,47794.52580399312,390,-0.6194626165566448
b3cf379d9ef0a611,5,6b7e1f5b521de19b,6f9a9c5f2856c8b3,Won,939140.2192977304,1089,-0.6191911761807025
6422610c6ba194f2,1,6b7e1f5b521de19b,6f9a9c5f2856c8b3,Lost,1.170863568534039,1022,-0.6189613400523502
b14763d0975f77e9,2,062b9e5a52eb6d8e,,Won,1023596.1414386269,1077,-0.6184973583345068
e8fc78165f14c8c0,0,bed04685c5da8cc2,,Lost,112791.82653213794,1244,-0.6182353303050081
8f9f0ad6c5f66723,2,6b7e1f5b521de19b,6f9a9c5f2856c8b3,Won,10580498.890516205,1058,-0.6174117347475135
11d0344e192b1321,4,95a23e7fbcc5841e,28c9c64e5918b06e,Lost,20664.685383866345,1545,-0.6173094684409716
2ca06b546b1c79c7,5,255414ab73601d72,d4f34f97b6d22a81,Won,702468.3657718784,728,-0.6169254595245751
147020dca1de1999,5,6b7e1f5b521de19b,6f9a9c5f2856c8b3,Lost,6557353.151316263,734,-0.6167985813883209
0cb232ef8eb4ca7e,2,6b7e1f5b521de19b,6f9a9c5f2856c8b3,Won,732426.6134825386,1372,-0.6167372810700144
4a8c647f5145adb1,3,6b7e1f5b521de19b,d4f34f97b6d22a81,Lost,158080.80138659832,1120,-0.6164291609812224
42d42e65098d689e,3,062b9e5a52eb6d8e,,Lost,2.4198904513070483,1275,-0.616396313820931
67d96161d63b0453,1,6b7e1f5b521de19b,,Lost,2.4198904513070483,1912,-0.6163022107846192
62d05362bfb18591,5,6b7e1f5b521de19b,d4f34f97b6d22a81,Won,502038.4745511252,1281,-0.6159716735514719
432d4366471d5e39,3,6b7e1f5b521de19b,d4f34f97b6d22a81,Won,367912.4393628379,178,-0.6158939378052715
4cc29d62c95a6317,5,6b7e1f5b521de19b,6f9a9c5f2856c8b3,Open,698223.6691064333,1780,-0.6151326537780081
60ccdb6c056da8b6,2,6b7e1f5b521de19b,6f9a9c5f2856c8b3,Lost,73778.02004721636,1436,-0.6148067104889541
a97285c0ead791b4,5,6b7e1f5b521de19b,6f9a9c5f2856c8b3,Won,14220623.292498903,1503,-0.6144963362510895
315531fe1e43080b,5,6b7e1f5b521de19b,6f9a9c5f2856c8b3,Won,217319.86056239952,2481,-0.6142391847248688
ec5341691a8558a4,4,255414ab73601d72,28c9c64e5918b06e,Won,760164.698454891,150,-0.6141532240614372
daf273883a71196b,4,38080774be85927f,28c9c64e5918b06e,Won,152059.03276822148,1574,-0.6140776460062796
89adb917e5e523f1,5,6b7e1f5b521de19b,6f9a9c5f2856c8b3,Lost,7052294.890636508,1207,-0.613845473370928
fa920843cbd53c58,5,a0d28553c7be77f0,28c9c64e5918b06e,Won,52598.30629845027,969,-0.6136804185270359
4228ad85c977d04f,6,6b7e1f5b521de19b,,Open,1536396.5715196466,1564,-0.6136742148548434
74919e90750f39b0,5,6b7e1f5b521de19b,6f9a9c5f2856c8b3,Won,2621870.8541915976,979,-0.6135190667508755
0e0ddede1d496929,3,6b7e1f5b521de19b,d4f34f97b6d22a81,Won,9026.846436366468,1939,-0.6131918463176272
2bc1db12081d87d8,0,6b7e1f5b521de19b,6f9a9c5f2856c8b3,Lost,871994.4935811333,1687,-0.6131501809028866
56f58ac11932271a,3,6b7e1f5b521de19b,d4f34f97b6d22a81,Open,111662.27872934208,176,-0.6131393978127566
146509a435a4cd6a,2,6b7e1f5b521de19b,6f9a9c5f2856c8b3,Lost,133965.54876566964,300,-0.6127680368458835
64b2a46693d3c7fe,4,ffefc275708fbbc3,28c9c64e5918b06e,Open,1182718.90947582,610,-0.6126434983750255
45fc7929554e869d,0,6b7e1f5b521de19b,6f9a9c5f2856c8b3,Won,398756.66700811725,1373,-0.6125718122112445
f6bb4eb312b16904,6,674ec33189ed753c,,Won,1.170863568534039,118,-0.6125080618946929
75b2b9318108dece,3,6b7e1f5b521de19b,d4f34f97b6d22a81,Won,1.170863568534039,536,-0.6118157544153281
b0f15fe049b7f3c7,5,6b7e1f5b521de19b,28c9c64e5918b06e,Won,82212.06014148686,630,-0.6110586369046703
5a2d0d3434fb3f99,5,6b7e1f5b521de19b,,Open,1.170863568534039,26,-0.6108027777887819
e91f105ee9e60a63,4,ac6153076817c20f,28c9c64e5918b06e,Open,2771714.5816111625,908,-0.6105093830078516
7ed533b8bb597e93,3,6b7e1f5b521de19b,3b7caebd862368af,Won,155599.52652383712,1153,-0.6103615901125548
157053f75466ccfb,4,6b7e1f5b521de19b,28c9c64e5918b06e,Won,1.170863568534039,755,-0.610247625382229
78f56f0ac47ffdbb,6,6b7e1f5b521de19b,,Interrupted,1.170863568534039,668,-0.6100582997297812
dd12a2400f6b9df9,2,6b7e1f5b521de19b,,Lost,25102.753943361105,1119,-0.6096595567595922
50ae151c83cb9389,3,6b7e1f5b521de19b,,Lost,19002.324174295714,1833,-0.6095088674940369
c554eda9db0fade5,4,38080774be85927f,d4f34f97b6d22a81,Lost,1513626.286798211,1714,-0.6094048244039091
f25ecc5877038170,4,255414ab73601d72,28c9c64e5918b06e,Lost,679499.4619610092,1345,-0.6091026705239049
73153abcae95e7df,0,6b7e1f5b521de19b,,Won,12360172.193842031,1058,-0.6087957987792995
42f74c4f4fc42550,1,062b9e5a52eb6d8e,,Open,1411928.4051162004,953,-0.6086534629477758
a9c3205761607f86,1,6b7e1f5b521de19b,,Won,939.3923210404171,680,-0.6085844209677111
132d3942bf64d93e,4,42a0974a7fcfe59f,28c9c64e5918b06e,Lost,11390.615730031446,1577,-0.6083815750856117
7542d4cb08425759,0,674ec33189ed753c,,Won,3004871.187073814,1448,-0.6081039870516423
32275972554db50c,5,6b7e1f5b521de19b,6f9a9c5f2856c8b3,Won,2702004.035379516,1163,-0.6080310875068944
0e78104c3abbc81b,4,d80899b211b3d52f,,Won,2002.198340097463,1736,-0.6079817404198055
2b9352ed6bcf65b5,0,6b7e1f5b521de19b,6f9a9c5f2856c8b3,Open,186555.16774733728,633,-0.6079423723881003
fd93a838f18d38b9,2,6b7e1f5b521de19b,6f9a9c5f2856c8b3,Lost,557449.2948030367,994,-0.6077223874287202
2c5250acf7a56e0e,5,6b7e1f5b521de19b,d4f34f97b6d22a81,Lost,84.08580196246166,721,-0.6073524806821008
d8d3afd651e32400,5,6b7e1f5b521de19b,6f9a9c5f2856c8b3,Open,410419.77357912477,1770,-0.6068334263357447
4f58eb8ea5860adf,4,1bb1bb990c53f4fc,28c9c64e5918b06e,Won,836998.514289371,217,-0.6066956576975001
1498a39bdb98c31a,0,6b7e1f5b521de19b,6f9a9c5f2856c8b3,Lost,142004.09288574892,1436,-0.606217276692756
9dd9f0cb162e2d40,4,fd10c5543bdbcbc9,28c9c64e5918b06e,Won,34706.92483011046,1452,-0.6061430121613363
baf5e8af66ebed50,5,6b7e1f5b521de19b,6f9a9c5f2856c8b3,Open,1.170863568534039,645,-0.6056868085682798
e508c4267323f0f0,2,6b7e1f5b521de19b,6f9a9c5f2856c8b3,Lost,1167845.8621128285,1286,-0.6054427297287973
a99e719959c0c6ad,2,6b7e1f5b521de19b,,Lost,270801.9611719012,1239,-0.6051055874530845
707607f97cfea597,5,6b7e1f5b521de19b,d4f34f97b6d22a81,Open,122948.00245610285,2,-0.6049548650447367
4b751abf8363e517,0,cca8e68b78e095c5,,Won,160898.06544709313,1259,-0.6048125587291453
4d84a9fafd332783,5,6b7e1f5b521de19b,d4f34f97b6d22a81,Open,42595.15305383633,329,-0.6044701687491618
8f385a45675410fd,2,6b7e1f5b521de19b,6f9a9c5f2856c8b3,Open,2354478.799735582,846,-0.6043309448637095
eb21e41c317eaea7,4,8f36933a863ddaa7,28c9c64e5918b06e,Won,269628.21933408733,249,-0.6040982536075744
23ecb06798640b30,4,255414ab73601d72,28c9c64e5918b06e,Won,446329.1651196296,344,-0.6038662589120432
5547482c147dae6a,5,6b7e1f5b521de19b,6f9a9c5f2856c8b3,Open,1400207.1675609974,1497,-0.6038293731695554
ef446be8aab82c4b,1,6b7e1f5b521de19b,,Open,555117.7933282302,1037,-0.6036921845753229
3272b83a471b2680,5,6b7e1f5b521de19b,,Open,275.92792463156036,1494,-0.6034945955437225
9678b86323d21154,0,b8c72b3789899516,,Won,2173.7645394804485,1002,-0.6033116980383608
3c15b0e0191956f1,2,6b7e1f5b521de19b,,Lost,1.170863568534039,680,-0.6032186324756428
a2f7060aa0b0d975,5,6b7e1f5b521de19b,6f9a9c5f2856c8b3,Won,5363106.1477796445,309,-0.6029735424445614
9ba0fdbc703c9087,0,6b7e1f5b521de19b,,Won,553359.6104508667,377,-0.6028909350003109
97b445a1cf095111,5,6b7e1f5b521de19b,6f9a9c5f2856c8b3,Open,57494014.21743915,181,-0.6026372640081328
f4eb930e23bec468,5,6b7e1f5b521de19b,6f9a9c5f2856c8b3,Won,104841.49114987592,1828,-0.6018720733986729
debcf450f724619b,5,6b7e1f5b521de19b,d4f34f97b6d22a81,Lost,382384.03368255624,1073,-0.6018250607788133
c187b7007357e8f0,4,255414ab73601d72,,Lost,1.170863568534039,1074,-0.6018084510821445
51d9bdd3009ebaad,5,7b7c16a1b24ec3b8,28c9c64e5918b06e,Won,1499938.6628812603,253,-0.6017875197940356
2dcdc170040f4fbd,0,e366e0e543d0c5cd,,Won,1275976.0252819066,806,-0.6017108707096397
0e3c534cac26e052,4,b8c72b3789899516,,Lost,186555.16774733728,988,-0.6016645818797536
2d20884298d7b50b,4,3d151c683a3b4a85,28c9c64e5918b06e,Lost,1438852.5046152773,940,-0.6015605458985147
09fb7bbf6d74ba1f,2,6b7e1f5b521de19b,,Open,1.170863568534039,412,-0.6014406164964412
bf216d5de8b2c251,2,6b7e1f5b521de19b,,Open,1.170863568534039,412,-0.6014406164964412
baee162e43e907ff,2,6b7e1f5b521de19b,,Open,1.170863568534039,412,-0.6014406164964412
49e259f30c058fb9,2,6b7e1f5b521de19b,,Open,1.170863568534039,412,-0.6014406164964412
a0ae0ab440a781ab,3,6b7e1f5b521de19b,d4f34f97b6d22a81,Won,137474.88965703856,211,-0.6012384201364117
051129d67f5cd4fe,2,6b7e1f5b521de19b,6f9a9c5f2856c8b3,Lost,28033.64304539493,1195,-0.6012133334809763
c3efed2499cc2eb7,0,062b9e5a52eb6d8e,,Won,733207.7110627095,1194,-0.6011645943389459
9f9d8f94dba0a70f,3,6b7e1f5b521de19b,,Won,8342.688652667997,787,-0.6009957164695101
72496940137a6d0c,1,6b7e1f5b521de19b,,Open,53263.666600240846,274,-0.6009451854893905
0dacc281f09991c3,0,674ec33189ed753c,,Won,840054.8984803831,1223,-0.6008516359304548
da949c4ac76f6794,5,6b7e1f5b521de19b,6f9a9c5f2856c8b3,Won,5992162.783213773,784,-0.6005847021748714
0c54e2c50c57bd62,5,6b7e1f5b521de19b,d4f34f97b6d22a81,Won,86378.13108821627,891,-0.6004847749185416
2aeb7dec34915c40,2,6b7e1f5b521de19b,,Open,1.170863568534039,397,-0.6004594495001594
04e4067488b99383,2,6b7e1f5b521de19b,,Open,1.170863568534039,397,-0.6004594495001594
54fd4b85902c2030,2,6b7e1f5b521de19b,6f9a9c5f2856c8b3,Won,7575502.193683344,547,-0.600372853237008
597aa25c0c7a7bbd,2,6b7e1f5b521de19b,6f9a9c5f2856c8b3,Won,60743.43333245342,265,-0.6003703526384347
47c848820e8e1f84,0,6b7e1f5b521de19b,6f9a9c5f2856c8b3,Lost,180154.82370488072,1259,-0.6001382724419256
f391046c33253ab1,4,d1650c60f1f48b67,d4f34f97b6d22a81,Lost,42337.86154734802,1320,-0.6000542369084774
4b02ca23839186a6,6,674ec33189ed753c,,Open,976618.5275111411,497,-0.5998092518659284
3104a2b3829cf401,2,6b7e1f5b521de19b,,Open,1.170863568534039,412,-0.5996760287197868
294b9a6e7bc6c414,5,062b9e5a52eb6d8e,6f9a9c5f2856c8b3,Won,46693.41903549922,736,-0.5996556007591293
5822ac6e8c83bf2d,5,6b7e1f5b521de19b,6f9a9c5f2856c8b3,Won,1579758.8383427588,1282,-0.5995831909716058
c87579d2272ee200,3,6b7e1f5b521de19b,d4f34f97b6d22a81,Won,155286.97682021814,294,-0.5992286706365292
60050ab92c51433e,0,6b7e1f5b521de19b,6f9a9c5f2856c8b3,Lost,302280.0520528225,1141,-0.5991931980967953
fd7050f61af25727,5,255414ab73601d72,28c9c64e5918b06e,Lost,6913.847280935987,1697,-0.5986421608154092
976a1d4dd94ec32c,4,75c64824a2a4e380,28c9c64e5918b06e,Won,681381.9150812024,865,-0.5986249825625205
d91a053849fc04ee,5,6b7e1f5b521de19b,6f9a9c5f2856c8b3,Won,5546778.4834566,1360,-0.5985591181603275
f1ff25582dd66a2d,0,6b7e1f5b521de19b,6f9a9c5f2856c8b3,Open,467015.81419022416,622,-0.5982204478866907
1631621432916595,2,6b7e1f5b521de19b,6f9a9c5f2856c8b3,Lost,1097819.6409763473,292,-0.598167639461767
5ba08a90e4a14b67,1,255414ab73601d72,6f9a9c5f2856c8b3,Won,212169.013845158,954,-0.5981527158777448
774d5abdf9612be9,5,6b7e1f5b521de19b,6f9a9c5f2856c8b3,Lost,1.170863568534039,230,-0.5981473302956545
ca68b50dde1701a2,3,6b7e1f5b521de19b,d4f34f97b6d22a81,Won,72708.65097490816,746,-0.598064202802517
3ccf651d218e9851,4,062b9e5a52eb6d8e,28c9c64e5918b06e,Open,2048530.9937409502,873,-0.5977889027797375
1af5b7a45f87ae98,4,fd10c5543bdbcbc9,d4f34f97b6d22a81,Won,38445.19842132812,457,-0.5970328232787901
61dbd356678ab993,4,ac07a4f1ad9a4f67,28c9c64e5918b06e,Won,205.7595478949111,2178,-0.5969125395902892
bc4a213da325d485,2,6b7e1f5b521de19b,6f9a9c5f2856c8b3,Lost,79234.37956077493,1463,-0.5968455842783422
a1e373d434f57196,3,6b7e1f5b521de19b,,Lost,9648.963805727817,2162,-0.5967935308021576
374e123b360b4349,5,255414ab73601d72,d4f34f97b6d22a81,Won,168427.7785192529,218,-0.5967741393555112
d1c4a1fb7a10e78e,2,6b7e1f5b521de19b,,Open,1.170863568534039,431,-0.5960564165404878
93cd058325ad1201,4,d1650c60f1f48b67,28c9c64e5918b06e,Won,1.170863568534039,576,-0.5959566835335421
694d4f9145b5f267,0,674ec33189ed753c,,Won,1768879.8107249306,1038,-0.5955810458984548
018f28f5a8a1adf1,3,6b7e1f5b521de19b,,Lost,1287.0828528119127,1630,-0.5955487134024504
772697848bae8b1b,6,6b7e1f5b521de19b,,Won,15382760.552465929,852,-0.5953718947140313
b42632041ffba6c3,4,7608f4f5fafe9b10,28c9c64e5918b06e,Lost,61212.826167669984,685,-0.5953546750387219
26b19aa0a21e785c,4,7545e34e09ae9cad,28c9c64e5918b06e,Won,1908415.4772685936,605,-0.5951616618463001
5b65f5dfa6a83825,6,6b7e1f5b521de19b,,Interrupted,9613.520807251396,956,-0.5950910861127339
2d502eaf868dd221,2,255414ab73601d72,28c9c64e5918b06e,Lost,839.2664647182377,1354,-0.5949937756884623
6c78b3743af2c6ff,0,6b7e1f5b521de19b,6f9a9c5f2856c8b3,Open,91102.55385385372,1582,-0.5948811375906818
e0c5ecd93bb5eec9,3,6b7e1f5b521de19b,,Lost,89664.46366676311,1805,-0.5948617114842443
9001a9a1f5bdc69e,4,506023b3e03cfab3,28c9c64e5918b06e,Won,14261.13702831341,1507,-0.5947860083554201
2475c265ae73a5d4,0,e9943875f43f341e,,Open,7897468.885291627,187,-0.5944805888325095
e247d8062e29e930,5,6b7e1f5b521de19b,d4f34f97b6d22a81,Lost,32707.63216840872,1269,-0.5944645585182793
0d25a46a63c76831,4,77c27bf8a409b6bb,28c9c64e5918b06e,Lost,8740352.703989249,850,-0.5940439786185404
ab7d3dce440e79c6,5,6b7e1f5b521de19b,6f9a9c5f2856c8b3,Won,211310.75209176037,630,-0.5938097261310489
9133f433cae6b3c3,2,6b7e1f5b521de19b,d4f34f97b6d22a81,Lost,36146.75979273336,1169,-0.5935377725598103
ec7f17fc83765066,5,6b7e1f5b521de19b,6f9a9c5f2856c8b3,Won,1747632.9874784218,1211,-0.5935150797127183
3fa2c714ec5953e2,5,6b7e1f5b521de19b,6f9a9c5f2856c8b3,Lost,643.2026543289824,1237,-0.593433403257537
14ebcd660bcdfff1,4,fd10c5543bdbcbc9,d4f34f97b6d22a81,Lost,4652.2583887045585,1119,-0.5933191220002023
88d7762566630498,2,6b7e1f5b521de19b,6f9a9c5f2856c8b3,Lost,27049.492659777403,1372,-0.5932890336297916
11eb84e492fb2d19,0,48deb34ff5cdd785,,Lost,5423.6519717503215,971,-0.5931698542891841
4a89ebbcacfb445e,3,6b7e1f5b521de19b,,Won,10207.074945491,1224,-0.5931667090899426
5d959a7ad9a3044c,3,6b7e1f5b521de19b,,Lost,9648.963805727817,1658,-0.5930565890956656
31ebd6b1f8155f19,5,6b7e1f5b521de19b,6f9a9c5f2856c8b3,Won,109008.48741116172,305,-0.5929726654512518
7051699499b24d96,4,e366e0e543d0c5cd,28c9c64e5918b06e,Won,31923.896066804908,700,-0.5927177220421467
ee6e341650d41f0a,4,fc3655a0b667e091,28c9c64e5918b06e,Won,482729.2944262166,309,-0.5924525344595815
eeb199ad3aa38965,2,6b7e1f5b521de19b,,Lost,1.170863568534039,387,-0.5923958019685424
f62c92d3b4fa9437,5,75c64824a2a4e380,d4f34f97b6d22a81,Lost,6263209.927781282,911,-0.5922984033020239
925adadf8c32f646,1,6b7e1f5b521de19b,,Open,19734.7204950738,972,-0.5922334767571668
bf4863cba6ec8542,1,6b7e1f5b521de19b,6f9a9c5f2856c8b3,Won,123711.82341240655,854,-0.5920509396471119
e2515b8ccf1a773c,1,6b7e1f5b521de19b,,Lost,110200.24340022118,769,-0.5917569483764953
80803e56201df77e,2,6b7e1f5b521de19b,,Lost,74291.12689800964,1469,-0.5917360848812891
c5b96181308de3a5,4,bb25152d8e0211c1,28c9c64e5918b06e,Open,199000.5051171355,1089,-0.591674618928256
54683b0a3e2f580f,2,6b7e1f5b521de19b,,Open,1.170863568534039,431,-0.5914326839033034
41f9c29a16f5f841,0,e43bc3ffd79e75b6,,Open,1064506.8667509402,11,-0.5914295145180598
93c781fa04289de9,5,6b7e1f5b521de19b,d4f34f97b6d22a81,Open,2824734.8575860197,666,-0.5912929488713433
51f1cb37779f46a5,5,6b7e1f5b521de19b,d4f34f97b6d22a81,Won,44583.88485557742,947,-0.5912643792190063
8a71c6edfa234457,5,6b7e1f5b521de19b,d4f34f97b6d22a81,Lost,95572.66974269153,367,-0.5912184591359462
238f9de0dd013224,3,6b7e1f5b521de19b,d4f34f97b6d22a81,Won,70164.22865377678,435,-0.5909626491460822
ee6be750d8f3a857,4,cca8e68b78e095c5,28c9c64e5918b06e,Lost,78262.99708193053,966,-0.5909464851347037
61c7f988aedc920f,5,6b7e1f5b521de19b,6f9a9c5f2856c8b3,Won,55221.15539910089,1577,-0.5907324574752763
34dd8bb7577ce135,2,6b7e1f5b521de19b,6f9a9c5f2856c8b3,Open,1.170863568534039,13,-0.5907149879455875
906b6ccb6bb38bea,5,6b7e1f5b521de19b,6f9a9c5f2856c8b3,Won,30559.481337518984,1352,-0.5906344324560046
19b294cc64caafa6,3,75c64824a2a4e380,2095e0b55fdf3180,Open,87952.80359536786,25,-0.5904287244601849
6ca4abdd4aef9baa,3,062b9e5a52eb6d8e,,Lost,9973.897027973446,887,-0.5903599971371478
88745771432b8966,0,674ec33189ed753c,,Lost,1064506.8667509402,1053,-0.5902326109436743
1e01fb669b4fd420,2,6b7e1f5b521de19b,6f9a9c5f2856c8b3,Won,6051.355593378074,496,-0.589916738070641
26bf16cdead660f1,4,7608f4f5fafe9b10,28c9c64e5918b06e,Interrupted,557021.7052568932,1274,-0.5898043144022984
7170f217af195435,2,6b7e1f5b521de19b,d4f34f97b6d22a81,Won,914471.7905615742,13,-0.5897888854649463
5a2cc8da4389a918,3,6b7e1f5b521de19b,,Lost,103488.53240316191,1043,-0.5897447186804836
e3ee67c20b592038,0,6b7e1f5b521de19b,,Won,3076387.6750857513,806,-0.5896505144025089
4abe4fd2cb193f5d,3,6b7e1f5b521de19b,,Lost,12482.5936469416,1072,-0.589623955768631
a221edf9af6738f1,5,6b7e1f5b521de19b,6f9a9c5f2856c8b3,Lost,1198399.9616305074,1507,-0.5895834728920327
2f22a67b65f994a0,4,a0d28553c7be77f0,28c9c64e5918b06e,Won,550558.0547287813,533,-0.5894033457092736
1145a2c52035c03e,2,6b7e1f5b521de19b,6f9a9c5f2856c8b3,Lost,1.170863568534039,1541,-0.5893727982233116
535c02e835353ba1,2,6b7e1f5b521de19b,d4f34f97b6d22a81,Won,5676.047412679148,414,-0.5892857075224789
4f15bc1ad5ab4ece,5,7b7c16a1b24ec3b8,28c9c64e5918b06e,Lost,59990.65145727944,691,-0.5892526834252789
e6b1bdcfc96eafd4,3,6b7e1f5b521de19b,d4f34f97b6d22a81,Open,43155.222259031856,13,-0.589224216077888
dde3512589e203f5,2,6b7e1f5b521de19b,,Lost,35845.270270304114,1739,-0.5889861563623874
e84b0e768d22eded,3,6b7e1f5b521de19b,,Interrupted,21273.147061594493,1337,-0.5889752971292509
8810ca62726acd96,5,6b7e1f5b521de19b,6f9a9c5f2856c8b3,Won,1607618.5424289089,1593,-0.5889239723148592
7651c6104f926f0b,4,75c64824a2a4e380,28c9c64e5918b06e,Won,261780.1943872829,191,-0.5887471429013585
116a78654cb907f9,2,6b7e1f5b521de19b,,Open,2496199.0774283707,1162,-0.5886724822469934
b09206f455536394,4,75c64824a2a4e380,28c9c64e5918b06e,Lost,687891.8913638474,1436,-0.588438195244568
5603552d7b865b73,3,6b7e1f5b521de19b,,Won,14005.202331550161,453,-0.5884213822838877
99d3b14b015cde9e,4,d94a77dffd98d647,28c9c64e5918b06e,Lost,304050.71278938086,902,-0.588413615833066
7fd879f954d24f5c,2,6b7e1f5b521de19b,6f9a9c5f2856c8b3,Lost,147564.87926220373,1411,-0.5884039156404742
b0fd77eff037b52d,4,4e022f7ef6c9349f,28c9c64e5918b06e,Lost,66520.736045329,869,-0.5883832235379263
6af04ef1653bd660,6,6b7e1f5b521de19b,,Open,1.170863568534039,0,-0.5882953008325597
1cad10cd40a3d013,4,255414ab73601d72,,Won,6590.9859511915865,18,-0.5882603084239133
3cc8cf45a39d53ed,0,a0d28553c7be77f0,,Lost,57820665.14941758,678,-0.5882563783710327
a2fa513d8bdb39d5,4,d94a77dffd98d647,28c9c64e5918b06e,Open,469465.10696114204,1801,-0.5882531371843864
40072a4c7abbf6fd,2,6b7e1f5b521de19b,6f9a9c5f2856c8b3,Lost,2081865.4158931982,1501,-0.5881760943728465
a217af8b01a76759,1,6b7e1f5b521de19b,,Open,229404.3185260289,1231,-0.5881689900333235
15510331653cafcd,4,ac6153076817c20f,28c9c64e5918b06e,Won,977797.495122215,610,-0.5880417815039322
b74ee3422282b00b,3,6b7e1f5b521de19b,d4f34f97b6d22a81,Won,62680.59379059831,288,-0.5879471546020361
156d0e0901a732a0,3,6b7e1f5b521de19b,,Lost,2.4198904513070483,1783,-0.5878901401696122
cb4242013c17ba82,2,6b7e1f5b521de19b,6f9a9c5f2856c8b3,Open,485893.0223526556,1535,-0.5877969510863398
c1ea21e362e73fb8,4,7b7c16a1b24ec3b8,28c9c64e5918b06e,Lost,108339.90876852487,1165,-0.5875651799340237
86ece2bea23f2a27,3,6b7e1f5b521de19b,,Open,524417.177630072,1489,-0.5875556690210806
e502621c19b0385e,4,e366e0e543d0c5cd,d4f34f97b6d22a81,Won,183514.8444622457,592,-0.5875428293122771
a61f2b53079f8223,4,7545e34e09ae9cad,28c9c64e5918b06e,Lost,3842790.892609357,10,-0.5875231019408268
e33734bccfca1de9,2,6b7e1f5b521de19b,,Lost,506846.0120609411,866,-0.5873910357277354
573c4f17bfbb73ac,2,6b7e1f5b521de19b,6f9a9c5f2856c8b3,Won,116329.76874232743,1426,-0.5873681442095475
25540ac2bb61a78b,4,75c64824a2a4e380,28c9c64e5918b06e,Lost,744583.8794080114,1499,-0.5873491199577382
9415553396c995f0,5,6b7e1f5b521de19b,d4f34f97b6d22a81,Open,8809844.737654256,807,-0.587334108690643
340fe81e96fba2b8,4,36e5bd8f2a170f59,28c9c64e5918b06e,Lost,33329.91815720797,933,-0.5872948307397473
476176483e6db3ba,3,6b7e1f5b521de19b,,Lost,2.4198904513070483,1258,-0.5868096389474053
aa692ca36a1418e9,3,6b7e1f5b521de19b,,Lost,2.4198904513070483,1443,-0.5867722246404826
5035dc262682e442,2,6b7e1f5b521de19b,6f9a9c5f2856c8b3,Lost,6265.099651084582,1714,-0.5867604956299728
2b1b68558f410532,3,6b7e1f5b521de19b,,Lost,2.4198904513070483,1062,-0.5864403679973094
2e7f6c7faf5e15a2,4,d94a77dffd98d647,28c9c64e5918b06e,Lost,1916654.0872905946,1596,-0.5862687377528136
9f9d655ef2478498,0,6b7e1f5b521de19b,,Open,25102.753943361105,1430,-0.586267776124121
02c2995eba9e5f42,5,6b7e1f5b521de19b,6f9a9c5f2856c8b3,Won,1693876.8671866616,477,-0.5860533102565303
209f07e3db7c9ea3,6,6b7e1f5b521de19b,,Open,2084733.867157501,424,-0.5858126337002094
45cd4bfd9d6f7aa5,4,7608f4f5fafe9b10,28c9c64e5918b06e,Lost,145384.354565619,791,-0.5856777756824821
cdcb872ca52ace94,0,094db0c8e3f744a6,,Lost,1903037.2145069144,423,-0.585604812863829
26be6c14e613a150,4,75c64824a2a4e380,28c9c64e5918b06e,Lost,286696.9939948575,1294,-0.5854196250308652
c515f3122495be3a,0,674ec33189ed753c,,Open,379080.7034122335,1644,-0.5852962619197967
343c95b9ef4bd361,4,062b9e5a52eb6d8e,d4f34f97b6d22a81,Won,3405579.925294489,468,-0.5851734977766877
7933fd1439e4fd1a,3,6b7e1f5b521de19b,,Lost,33164.38097643868,1328,-0.584971760657551
c73b08c7d45bebf7,0,062b9e5a52eb6d8e,d4f34f97b6d22a81,Lost,50041.699361306346,1135,-0.5848461101990586
ec7e474bb5b196b8,5,6b7e1f5b521de19b,6f9a9c5f2856c8b3,Lost,1.170863568534039,292,-0.584753082379668
683763afb58111a4,0,6b7e1f5b521de19b,6f9a9c5f2856c8b3,Lost,47957.92931472541,1526,-0.5847058379672525
e08cbd6a29a7a8db,2,6b7e1f5b521de19b,6f9a9c5f2856c8b3,Lost,113726.32916443942,1155,-0.5846299068490297
83ecb783e3b56213,3,255414ab73601d72,d4f34f97b6d22a81,Won,16565.786528324774,74,-0.5845948209677587
c3c8a398c5e3c7a4,2,6b7e1f5b521de19b,6f9a9c5f2856c8b3,Lost,1215912.2299504832,1266,-0.5845667178668463
8f19e79a588d0e4c,2,6b7e1f5b521de19b,6f9a9c5f2856c8b3,Lost,1665.2625792002207,1344,-0.584521394667263
325a7dce881f1477,4,6b7e1f5b521de19b,d4f34f97b6d22a81,Lost,84174.12425831499,2228,-0.5844179924396451
606b0a58bccd40ba,1,6b7e1f5b521de19b,,Open,4795.3946908821035,707,-0.5843132918566104
ba81602391fea8a6,0,062b9e5a52eb6d8e,,Lost,1142516.5739471884,1075,-0.5841927341722868
fe612c6d5517a4b3,3,6b7e1f5b521de19b,,Lost,89664.46366676311,1546,-0.5840463019484542
311bc4bbdcf98bab,4,fc3655a0b667e091,28c9c64e5918b06e,Won,133482.97739638033,636,-0.5839594543641388
d4aeb1ef478d509a,2,6b7e1f5b521de19b,,Lost,35845.270270304114,1423,-0.5837885971952511
dce0de91ff4b623a,3,6b7e1f5b521de19b,d4f34f97b6d22a81,Interrupted,5186.502594949308,1114,-0.5836463957850716
afc8198f898b2854,4,fc3655a0b667e091,28c9c64e5918b06e,Lost,3973911.464059587,897,-0.5836023074801834
0d436c0bce4b8fca,2,6b7e1f5b521de19b,6f9a9c5f2856c8b3,Won,80248.66591007113,820,-0.5835854773960086
5dae6dbf355f463c,4,fc3655a0b667e091,28c9c64e5918b06e,Won,1690212.6953994073,847,-0.5835520495943887
497336d4a2cea3f3,5,6b7e1f5b521de19b,6f9a9c5f2856c8b3,Lost,3697146.596088708,305,-0.5835004270471097
d351f045e2ef6d8d,2,6b7e1f5b521de19b,6f9a9c5f2856c8b3,Lost,66677.37332308492,1420,-0.5834792452082528
75aed3c892970827,3,6b7e1f5b521de19b,,Lost,2.4198904513070483,1738,-0.5833713427255598
fc9a3a2792261162,5,6b7e1f5b521de19b,6f9a9c5f2856c8b3,Open,8719442.463525467,4,-0.5832498032705171
0886368aae68b9e3,3,6b7e1f5b521de19b,d4f34f97b6d22a81,Lost,4756.478749742884,1428,-0.5828189599993422
848138556bf4973a,5,6b7e1f5b521de19b,6f9a9c5f2856c8b3,Lost,1.170863568534039,342,-0.582673134057867
448f88403ee0324c,2,6b7e1f5b521de19b,6f9a9c5f2856c8b3,Won,39294.02385678374,1023,-0.5826655773456383
358bf88eada78271,0,6b7e1f5b521de19b,,Won,1632524.344643074,1533,-0.5825936815884831
911c472c1714b54c,5,6b7e1f5b521de19b,d4f34f97b6d22a81,Lost,57390.32705756068,732,-0.5824865158447834
5e725b37756e50d7,3,6b7e1f5b521de19b,d4f34f97b6d22a81,Lost,2.4198904513070483,1443,-0.5823843994952581
56d4f1d8d0b79bdf,2,6b7e1f5b521de19b,6f9a9c5f2856c8b3,Won,1161742.8541717343,752,-0.5822881316633715
57ce98b958b94f3c,4,ac07a4f1ad9a4f67,28c9c64e5918b06e,Won,19004.626039828014,5,-0.5818389373985522
bb67f2887a916678,0,6b7e1f5b521de19b,6f9a9c5f2856c8b3,Won,274379.9953473236,790,-0.581663780278871
431bc315e863688b,3,6b7e1f5b521de19b,d4f34f97b6d22a81,Won,5186.502594949308,266,-0.5816452165181786
d53dab1782a7c8ea,3,6b7e1f5b521de19b,d4f34f97b6d22a81,Won,42391.78466128519,295,-0.5816194545140253
9965c3e709531c64,5,6b7e1f5b521de19b,6f9a9c5f2856c8b3,Won,9081795.625374999,635,-0.5813512191544876
8d23c94bb73f8032,0,6b7e1f5b521de19b,6f9a9c5f2856c8b3,Won,153929.66880659718,1444,-0.5813287404139517
bf0c36b60987503c,0,6b7e1f5b521de19b,2095e0b55fdf3180,Lost,14833.932520234428,719,-0.5813093766480011
bab81b13d5cca0da,4,e9943875f43f341e,28c9c64e5918b06e,Won,700314.2436245667,469,-0.5812708143129406
d31b6836bc9170d1,2,6b7e1f5b521de19b,,Lost,5083.8994500666495,1166,-0.5810815178539082
b8ba7a0a633233b7,0,6b7e1f5b521de19b,,Won,263999.29512211593,1499,-0.5809581998579162
7d6616727a99b64f,5,6b7e1f5b521de19b,6f9a9c5f2856c8b3,Won,5953239.305160426,317,-0.5809333991138257
0b5f5b9be5deff0e,0,6b7e1f5b521de19b,6f9a9c5f2856c8b3,Won,5294817.04252898,268,-0.5807262710267206
10621fb99c06bc2a,0,bd661df59343798b,,Won,9270.864526233152,49,-0.5806139063945095
e533051f1b621571,2,6b7e1f5b521de19b,6f9a9c5f2856c8b3,Lost,2633325.2395908437,1629,-0.5805820304377063
9a650a4e784fae4b,0,6b7e1f5b521de19b,6f9a9c5f2856c8b3,Open,214774.7079734781,1483,-0.5805621401978744
88b5f483ad10e2de,2,6b7e1f5b521de19b,,Lost,9648.963805727817,857,-0.5805618841980817
13e52bc55f96a007,3,6b7e1f5b521de19b,d4f34f97b6d22a81,Open,1.170863568534039,1154,-0.5804557884449129
7aa619bac0aa5a43,0,16450d61eee679f5,,Won,7707.964418468747,70,-0.5803406431553396
3dc4f3acc8ddc403,4,95a23e7fbcc5841e,28c9c64e5918b06e,Lost,10573.314757013186,1251,-0.5802843864308692
6c6692d3e5229eb8,3,6b7e1f5b521de19b,,Lost,1.170863568534039,926,-0.5802090063520359
c95c000b7c937ac8,4,fc3655a0b667e091,28c9c64e5918b06e,Won,241555.97425128293,856,-0.5801504184741774
c8192988a04b76c5,2,6b7e1f5b521de19b,,Open,1.170863568534039,42,-0.5800833462202152
f0a17fcce4d09f2d,3,062b9e5a52eb6d8e,d4f34f97b6d22a81,Won,18790.53162030563,321,-0.5799783247378935
01f144198293bfed,3,6b7e1f5b521de19b,,Won,1.170863568534039,1043,-0.5797361191103685
fb3aa1e65fc0aa4f,6,6b7e1f5b521de19b,,Lost,1.170863568534039,1090,-0.5796743467298852
1711bcdaa39f25e9,4,d94a77dffd98d647,28c9c64e5918b06e,Open,51689.05721294546,950,-0.57954791496879
93408d4b56040852,1,6b7e1f5b521de19b,,Won,550.358736823469,4,-0.5794328308403467
f022b9cb10bfe6a5,1,6b7e1f5b521de19b,,Open,39784.827995240434,252,-0.5793271444961288
27645f9aa9fc58c5,4,95a23e7fbcc5841e,28c9c64e5918b06e,Lost,1236.5261721116829,1059,-0.5792453291029938
03bddecc9d08f381,3,6b7e1f5b521de19b,d4f34f97b6d22a81,Open,586011.7479713127,1241,-0.5792282231652975
f8c27e44b69b5d53,0,674ec33189ed753c,,Lost,1.170863568534039,1007,-0.5792038212965223
634bad51d5c53568,3,6b7e1f5b521de19b,d4f34f97b6d22a81,Lost,1.170863568534039,1442,-0.5791899549762317
07a77f8649ea8757,0,6b7e1f5b521de19b,6f9a9c5f2856c8b3,Lost,667495.8922758383,950,-0.5791572444289673
10014b37a62a3a74,2,6b7e1f5b521de19b,6f9a9c5f2856c8b3,Lost,30695.59556798105,1408,-0.5791028013594125
1211b7e68c0e4f1f,4,255414ab73601d72,,Lost,5688.8556879243015,817,-0.5790828621528968
144f187fd746875a,4,8f36933a863ddaa7,28c9c64e5918b06e,Lost,116655.19250761607,763,-0.5790214174352506
25c2c0bd5a05fd70,4,38080774be85927f,d4f34f97b6d22a81,Lost,923162.8232328532,1101,-0.5789828659947922
1d60b8233ae02655,5,6b7e1f5b521de19b,d4f34f97b6d22a81,Lost,8844.81460135648,999,-0.578655260753081
11ff9126d8b3ce0c,3,6b7e1f5b521de19b,d4f34f97b6d22a81,Lost,247595.4567242592,1944,-0.578594809904495
967805e5f3f0cf10,4,7545e34e09ae9cad,28c9c64e5918b06e,Lost,3701490.165924901,870,-0.5784704829354542
586189edeb28e9ce,5,e366e0e543d0c5cd,28c9c64e5918b06e,Lost,1955.8320496747117,991,-0.5784429790936289
8c3372a99d6b1461,2,6b7e1f5b521de19b,6f9a9c5f2856c8b3,Open,8622.31369013763,1538,-0.5784038653472484
448dc164ab04f576,2,6b7e1f5b521de19b,6f9a9c5f2856c8b3,Lost,41954.489320431196,1294,-0.5783356358365248
5478fff001a13247,3,6b7e1f5b521de19b,,Lost,2.4198904513070483,460,-0.5783284402437058
8a219ae4d5e49cc0,3,6b7e1f5b521de19b,1e1439736d3ae4c5,Lost,1351.32831267334,1428,-0.5783147535694971
3d4b0d78580a8c73,5,6b7e1f5b521de19b,6f9a9c5f2856c8b3,Won,443387.90745733166,738,-0.5783100434320627
8e0886cb5f1a16b8,5,532ef57d231b606f,d4f34f97b6d22a81,Open,19514124.278646804,0,-0.5782852679314464
0fad459091976c87,4,16450d61eee679f5,28c9c64e5918b06e,Lost,1316947.7228998123,740,-0.5782340366955397
d5a8459f16207646,3,6b7e1f5b521de19b,d4f34f97b6d22a81,Won,107637.13120909278,55,-0.5781490321492094
937dd21dfc31c947,3,6b7e1f5b521de19b,d4f34f97b6d22a81,Lost,1.170863568534039,0,-0.5779981670688797
e4d1fa788b022f92,0,6828ce51082c111b,,Won,1368933.4822999302,314,-0.5779873944427684
5bf98b43e8e4123c,2,6b7e1f5b521de19b,6f9a9c5f2856c8b3,Won,2580380.705564921,351,-0.5779854747120989
e92e05bfe783cbdc,3,6b7e1f5b521de19b,,Lost,2.4198904513070483,1219,-0.5778266044291597
82b9d86a11bb52d7,1,6b7e1f5b521de19b,,Won,1893.7888334569147,0,-0.5777771583148914
e7ef2643b1591d1d,0,6b7e1f5b521de19b,6f9a9c5f2856c8b3,Won,67553.08106116403,662,-0.5777079187793086
08e3e3b2b800d79b,0,6b7e1f5b521de19b,,Lost,11264.189824104717,1474,-0.5775514435357443
1d5cb6fc1d1c90dd,1,6b7e1f5b521de19b,,Lost,9648.963805727817,1909,-0.5774765596153816
9264f15050a133c2,5,6b7e1f5b521de19b,6f9a9c5f2856c8b3,Open,6001902.724287521,514,-0.5774350227288624
d428f809ad265f36,3,6b7e1f5b521de19b,d4f34f97b6d22a81,Won,7051.625885027258,996,-0.5773786271012608
fd109d2448280f21,4,fe3d0016707df0ff,28c9c64e5918b06e,Lost,198618.20262875877,1431,-0.5772759875067399
91ad558fdd32aaa5,2,6b7e1f5b521de19b,6f9a9c5f2856c8b3,Lost,39546.03801347034,367,-0.5772153692527032
8bc0d6bacf7c1495,0,062b9e5a52eb6d8e,,Lost,25632.06099416997,1072,-0.577207835427863
266da8777f742d1d,4,8e05397b18bfb06f,28c9c64e5918b06e,Lost,27201.991662691416,787,-0.5770792558266602
d1979e97c0200a64,5,6b7e1f5b521de19b,6f9a9c5f2856c8b3,Won,297261.57742487825,863,-0.5769637970607536
9128c07c76aaa7d0,2,6b7e1f5b521de19b,6f9a9c5f2856c8b3,Lost,3199.55726204089,1306,-0.5768606060247071
44a16c82be006bb4,3,6b7e1f5b521de19b,,Won,10885.275700129485,1,-0.576852512767
88e9dccb75ac59a4,5,6b7e1f5b521de19b,6f9a9c5f2856c8b3,Won,4455720.226772283,745,-0.5768472566670853
2cc4765d72320da5,1,6b7e1f5b521de19b,6f9a9c5f2856c8b3,Open,306.4823686674905,11,-0.5768156930826742
e6a6ff62a73f78d0,5,6b7e1f5b521de19b,6f9a9c5f2856c8b3,Lost,2167664.11967892,114,-0.5767425449183791
615d7836ba3352c3,5,6b7e1f5b521de19b,6f9a9c5f2856c8b3,Won,266323.7040669462,916,-0.5766733549433299
89d106a472dbd549,6,6b7e1f5b521de19b,,Lost,2066515.4495972828,221,-0.5766652931074534
4180586df3c981c3,3,6b7e1f5b521de19b,,Won,2.4198904513070483,728,-0.5766372482772729
cf64c6aaa8ca6322,5,1bb1bb990c53f4fc,28c9c64e5918b06e,Lost,1955.8320496747117,925,-0.5765754541387766
7017403130318f20,4,255414ab73601d72,28c9c64e5918b06e,Won,1342375.3240501408,237,-0.576453774103294
961a939172d8078c,2,6b7e1f5b521de19b,6f9a9c5f2856c8b3,Open,1.170863568534039,13,-0.5763381767078432
428cb6d550b8d979,1,6b7e1f5b521de19b,6f9a9c5f2856c8b3,Won,16099.039404948015,228,-0.5758525199674448
92b87e2a819017de,5,6b7e1f5b521de19b,d4f34f97b6d22a81,Lost,95004.51930864296,559,-0.5758383400083817
2ae29af42eae2e7a,3,6b7e1f5b521de19b,,Open,1.170863568534039,756,-0.5757281164861702
250ddc08e00432e7,1,6b7e1f5b521de19b,6f9a9c5f2856c8b3,Won,661.2953221925184,2,-0.5756771820563326
0b7d2a6a1d8cb7da,2,6b7e1f5b521de19b,6f9a9c5f2856c8b3,Lost,201.84424621216473,1062,-0.575596574655851
a213ff1ebf1c9de2,1,6b7e1f5b521de19b,,Open,1242.9399433777146,317,-0.5754799438446419
24b2e675c5f8ff75,2,6b7e1f5b521de19b,6f9a9c5f2856c8b3,Lost,656.8735781116508,1398,-0.575353056492551
ce159ca1e767544d,3,062b9e5a52eb6d8e,,Lost,2671328.4117574277,353,-0.5753376887827408
bb8622ded5f9c6b2,1,6b7e1f5b521de19b,d4f34f97b6d22a81,Lost,81.43217479245789,1495,-0.5753328463640301
1bed756985ebcbcd,0,95a23e7fbcc5841e,,Won,209172.5834238899,482,-0.5751590134303559
d76c71b1c70d6456,4,255414ab73601d72,28c9c64e5918b06e,Won,211638.40564543687,653,-0.5749665204522919
bd4028713c5320cf,3,6b7e1f5b521de19b,d4f34f97b6d22a81,Won,51470.99124613601,352,-0.5749115265776249
878eb6706dd87acb,6,6b7e1f5b521de19b,,Open,3630482.099665055,408,-0.5748109974703289
817d7e2b6d71cefd,6,6b7e1f5b521de19b,,Lost,461793.1409917713,221,-0.5747603223278812
cefe4b321508f6c1,1,6b7e1f5b521de19b,,Won,1893.7888334569147,6,-0.5747490706535984
b775af982783bbd7,4,a0d28553c7be77f0,28c9c64e5918b06e,Lost,217404.6553123642,1139,-0.5746495522335503
c0a0994d86dd834d,1,255414ab73601d72,6f9a9c5f2856c8b3,Open,2854602.6566189914,64,-0.5746418439820825
1ebd4ed2bd703763,2,6b7e1f5b521de19b,6f9a9c5f2856c8b3,Lost,98.49392076768089,991,-0.5746051586329064
395ad076211d4081,2,6b7e1f5b521de19b,,Open,1.170863568534039,412,-0.5745612344802992
4af10c08ffecf81e,5,6b7e1f5b521de19b,6f9a9c5f2856c8b3,Lost,8112.347582856735,1428,-0.574539969353529
1183fc5058f20910,5,a0d28553c7be77f0,28c9c64e5918b06e,Won,88126.42516013667,674,-0.5745355388267244
1ca294630a5a33cc,2,6b7e1f5b521de19b,6f9a9c5f2856c8b3,Won,22191.50169386143,1035,-0.5743895997650601
362b61ffdef3b13e,4,7b7c16a1b24ec3b8,28c9c64e5918b06e,Won,235165.68684828913,700,-0.574362722480555
335c674eb43caee6,3,6b7e1f5b521de19b,6f9a9c5f2856c8b3,Won,67431.65118896251,388,-0.5742064791050157
c946e09937f44610,3,6b7e1f5b521de19b,,Won,20371.70242597519,95,-0.574072553061181
4ad22a8b9ec7acc7,4,255414ab73601d72,28c9c64e5918b06e,Lost,276151.07827865245,839,-0.573988871379251
09373c4dba53b082,0,6b7e1f5b521de19b,6f9a9c5f2856c8b3,Won,21208.810193124522,144,-0.5739773896973099
5e305b6895fbf392,4,255414ab73601d72,28c9c64e5918b06e,Lost,17248.031113334844,1090,-0.5738778398201856
eefc6b85879c3685,0,6b7e1f5b521de19b,6f9a9c5f2856c8b3,Lost,85819.95557991613,1469,-0.573821353878633
b78bd403e5ae9ff4,0,6b7e1f5b521de19b,6f9a9c5f2856c8b3,Open,89071.05663641635,1799,-0.5737802637581915
22c5e0f69c34369f,3,6b7e1f5b521de19b,,Open,2.4198904513070483,756,-0.573767994767437
5f37f983807f7502,4,674ec33189ed753c,28c9c64e5918b06e,Lost,45005.08729090165,913,-0.573670986958929
7b163158c6fbf405,5,6b7e1f5b521de19b,d4f34f97b6d22a81,Won,352027.51163357834,185,-0.5735712434577107
e1d29617300e8835,5,6b7e1f5b521de19b,d4f34f97b6d22a81,Lost,289056.1575133264,1158,-0.5735040124048327
ae5547979c587151,4,243ad07a950d44ab,28c9c64e5918b06e,Lost,227787.24578652316,501,-0.5734189200874805
58e8716d56699556,0,75c64824a2a4e380,,Lost,2940320.756356726,659,-0.5733504137654587
49204295a65466a8,0,674ec33189ed753c,,Won,4677564.1889711525,1011,-0.5732493625756477
cb8673bcd3969764,2,6b7e1f5b521de19b,6f9a9c5f2856c8b3,Lost,148260.75877840162,1332,-0.5732122601816353
6f93208c3c508848,4,062b9e5a52eb6d8e,d4f34f97b6d22a81,Lost,3000982.0675564264,831,-0.5731914942643292
3df8651216ff6330,5,a0d28553c7be77f0,28c9c64e5918b06e,Won,161171.27323847465,17,-0.5731401654653031
9807dd5cd22ebd98,2,6b7e1f5b521de19b,6f9a9c5f2856c8b3,Won,25795.060446209965,230,-0.5730340592789818
2abdcfb27449ada2,0,6b7e1f5b521de19b,6f9a9c5f2856c8b3,Lost,138263.29566438924,1431,-0.5730093413166589
ab0daca1e106a350,3,6b7e1f5b521de19b,d4f34f97b6d22a81,Lost,1.170863568534039,918,-0.5729397747699048
55eb8fc5e618e491,2,6b7e1f5b521de19b,6f9a9c5f2856c8b3,Lost,320.86687185995567,1355,-0.5726352121559856
9a031829664126f2,2,6b7e1f5b521de19b,,Won,860345.2341691502,602,-0.5725725019495885
44ed8f7240e4320e,5,6b7e1f5b521de19b,d4f34f97b6d22a81,Lost,1.170863568534039,679,-0.5723755153309218
12e9e3e211997929,5,6b7e1f5b521de19b,6f9a9c5f2856c8b3,Won,97918.8145322772,1816,-0.5723455328317892
498bbbdeca2b86cb,0,6b7e1f5b521de19b,6f9a9c5f2856c8b3,Lost,1.170863568534039,1144,-0.572344539313253
a0912ac1f7bfce31,3,6b7e1f5b521de19b,,Won,15566.162911287942,797,-0.5723230708608719
b565749ab9414762,4,38080774be85927f,d4f34f97b6d22a81,Won,469631.3086587763,158,-0.5722202850992038
be92a635e93d439c,0,674ec33189ed753c,,Lost,981412.5152201827,732,-0.5721363847833334
d04ac508c81cac9e,2,6b7e1f5b521de19b,,Won,1.170863568534039,1285,-0.5720100129885209
82b8cf5bfc3a949a,5,6b7e1f5b521de19b,6f9a9c5f2856c8b3,Won,231467.92485228082,1022,-0.5719547563181432
c5143f475a6274b5,3,6b7e1f5b521de19b,d4f34f97b6d22a81,Won,6938.407063525798,834,-0.5719460202235196
d5fb488e7a4c6c4b,3,6b7e1f5b521de19b,,Lost,29889.51427805743,979,-0.5719391535849538
8909d5d11af3b53b,5,6b7e1f5b521de19b,6f9a9c5f2856c8b3,Won,558798.2264910121,546,-0.5718677983904139
77dc5c4c40fc6cf7,4,9cd083484517be1d,28c9c64e5918b06e,Lost,75.51772529716982,939,-0.5718077665743734
d738f3cf1d5cd028,5,6b7e1f5b521de19b,d4f34f97b6d22a81,Won,623175.5968105211,644,-0.5717814528353649
ee7759e12bd38a38,5,6b7e1f5b521de19b,6f9a9c5f2856c8b3,Lost,14385803.120605582,74,-0.5717436651907317
da2f80d731913776,6,6b7e1f5b521de19b,d4f34f97b6d22a81,Open,74789.8556939744,6,-0.5714555367465731
ba5357fcf82e1658,3,6b7e1f5b521de19b,,Open,29889.51427805743,1370,-0.5714546484733656
3cfc1fba39cdecaa,2,6b7e1f5b521de19b,d4f34f97b6d22a81,Lost,7446.369606579931,990,-0.571383534007963
9a0e3ee16abf461e,0,e366e0e543d0c5cd,,Lost,379735.31845642906,1365,-0.5713679253438709
647b647e278b309e,2,6b7e1f5b521de19b,,Lost,1.170863568534039,146,-0.5712622468795392
680d9ca98955ca3b,2,6b7e1f5b521de19b,d4f34f97b6d22a81,Won,2625.9071518237315,1607,-0.5712391682801539
bf3c3525eef0b51d,0,c5340170d170e6cd,,Lost,73160.94685896473,970,-0.571237626954154
8c34aacac314fa2f,0,fd10c5543bdbcbc9,,Lost,524417.177630072,909,-0.5711440850078142
400e1f46eda38865,3,6b7e1f5b521de19b,,Lost,65064.44409714713,1931,-0.571020979565893
152d4c089f3f1d73,3,6b7e1f5b521de19b,d4f34f97b6d22a81,Lost,45106.77249185058,1551,-0.5708285320692077
e86358e0adb6746a,0,674ec33189ed753c,,Won,7121735.7277944395,917,-0.5704940917440129
a7383c8b5db6327a,0,6b7e1f5b521de19b,6f9a9c5f2856c8b3,Lost,1.170863568534039,727,-0.5703247362933492
6fff5260fb38552e,3,6b7e1f5b521de19b,d4f34f97b6d22a81,Won,46420.80535958132,334,-0.570298006937023
2db332b0946f30cf,5,75c64824a2a4e380,,Open,45888537.05725525,640,-0.5702352472926449
67cc9b86bb2c7405,2,6b7e1f5b521de19b,6f9a9c5f2856c8b3,Won,857370.5598356727,314,-0.5701920989250466
702d3963a3d78c0a,0,6b7e1f5b521de19b,6f9a9c5f2856c8b3,Won,1024649.5182320765,69,-0.5701760849809944
ac9608e549dda923,3,6b7e1f5b521de19b,,Open,21273.147061594493,895,-0.570162061894743
6a12ba02f2aaf96b,5,6b7e1f5b521de19b,6f9a9c5f2856c8b3,Open,2271971.1875772914,79,-0.5701205358474091
25e787e5e9eddaa1,5,6b7e1f5b521de19b,d4f34f97b6d22a81,Lost,38206.24514762318,691,-0.570046897650966
8c930c3756c83c17,0,6b7e1f5b521de19b,6f9a9c5f2856c8b3,Lost,1.170863568534039,752,-0.5699966626547349
f55e9df905c7795a,1,6b7e1f5b521de19b,,Open,55492.25906620081,252,-0.5698580969203662
d2863d4c32327264,1,6b7e1f5b521de19b,,Open,583759.7387824531,280,-0.569686333721825
a69f5c4700fd0971,5,6b7e1f5b521de19b,6f9a9c5f2856c8b3,Open,2010905.885711957,1115,-0.5696759329560056
194030095bc89bfd,3,062b9e5a52eb6d8e,28c9c64e5918b06e,Won,10088.355623166066,158,-0.5696559985016421
8a219114d5dc9748,0,6b7e1f5b521de19b,6f9a9c5f2856c8b3,Lost,301556.6303410506,1325,-0.5695945248908884
5f47d7fd1a177b93,0,6b7e1f5b521de19b,6f9a9c5f2856c8b3,Lost,60571.73024171198,1577,-0.5695883828554333
575fae96f5f7b501,3,255414ab73601d72,28c9c64e5918b06e,Won,170154.68623993648,18,-0.5695750291092857
d20980b8f7887e84,5,6b7e1f5b521de19b,d4f34f97b6d22a81,Open,25883.29366892879,259,-0.5694681975137987
d0b19462ae5de5d3,4,062b9e5a52eb6d8e,d4f34f97b6d22a81,Won,1195956.8416238725,173,-0.569424603280515
dd6747505c867dc0,0,6b7e1f5b521de19b,,Lost,873384.239277779,836,-0.5693532857436137
68479a477a563d78,0,6b7e1f5b521de19b,6f9a9c5f2856c8b3,Lost,42892.3430016499,1063,-0.569331504435904
488d6be5bbc9850e,4,bd661df59343798b,d4f34f97b6d22a81,Won,53331.34051087152,1917,-0.5693161435421226
533d412afb3d4505,0,6b7e1f5b521de19b,6f9a9c5f2856c8b3,Lost,55473.1695993324,1043,-0.5692081712495304
221df37a54b0c42d,6,6b7e1f5b521de19b,,Lost,40882.782652931186,934,-0.569173220615913
45459f2f25946ebb,0,674ec33189ed753c,,Lost,2357482.063301993,1216,-0.5691227897972938
4747dd87bc13c713,3,6b7e1f5b521de19b,d4f34f97b6d22a81,Won,7041.0797068646725,12,-0.5690833129265027
6ffac54373046834,2,6b7e1f5b521de19b,,Lost,1.170863568534039,146,-0.569083187094463
39e13a1a6f6a0f3b,3,6b7e1f5b521de19b,,Won,1.170863568534039,295,-0.5690198160832524
f14cc8dd03b08ded,5,6b7e1f5b521de19b,,Lost,1.170863568534039,997,-0.5689424365070533
87cc58ea982b294e,4,255414ab73601d72,28c9c64e5918b06e,Open,176799.66245420623,14,-0.5688439264334434
fc2ca9a2860be756,6,6b7e1f5b521de19b,,Open,4455954.241386304,0,-0.5685469518037082
e498cb003061150c,5,6b7e1f5b521de19b,d4f34f97b6d22a81,Lost,1.170863568534039,322,-0.5685138564438094
2be797b86ae3ef65,3,6b7e1f5b521de19b,d4f34f97b6d22a81,Lost,1.170863568534039,402,-0.5684667812213797
631a2770b78cb5ef,6,6b7e1f5b521de19b,,Won,4033575.672649954,252,-0.5684487413628136
ea38b0ef0f1a8cd8,6,6b7e1f5b521de19b,,Lost,1.170863568534039,93,-0.5684178371093276
82eb10a47bc306b8,2,6b7e1f5b521de19b,6f9a9c5f2856c8b3,Lost,835907.6229304598,21,-0.5683793505200652
3be2d20487f091fd,4,38080774be85927f,28c9c64e5918b06e,Lost,162.67338383356326,917,-0.5683698967708714
56eebd5f76fc9086,5,6b7e1f5b521de19b,6f9a9c5f2856c8b3,Won,19159486.522646006,634,-0.5683602518206132
ffde2db72bd3e603,6,6b7e1f5b521de19b,,Lost,2066515.4495972828,221,-0.5682323775432522
6d40cd5868729dcc,3,6b7e1f5b521de19b,,Lost,2.4198904513070483,233,-0.5681550388046402
d6ac83fd0e9b0863,3,6b7e1f5b521de19b,,Lost,2.4198904513070483,732,-0.5681317225211862
f6072f792b70565c,4,75c64824a2a4e380,28c9c64e5918b06e,Won,312899.81684382446,765,-0.5679178702743312
c9692dbc65312d27,5,062b9e5a52eb6d8e,28c9c64e5918b06e,Lost,1955.8320496747117,768,-0.5678842862861412
cf6cc803bb9c8f29,5,cca8e68b78e095c5,28c9c64e5918b06e,Open,149447.51333373057,543,-0.5678492807573573
d169bc363d1a6f9e,1,6b7e1f5b521de19b,,Lost,109206.05301966956,786,-0.5678378925883084
ce955adfd3aee662,0,674ec33189ed753c,,Lost,807767.7580726753,1024,-0.5678181317260917
15cfe7fc73440626,5,6b7e1f5b521de19b,d4f34f97b6d22a81,Won,2980.060292788628,8,-0.5678048054648651
b1fa0b23a72c4bd9,5,6b7e1f5b521de19b,6f9a9c5f2856c8b3,Won,589540.2785152809,799,-0.5677172048396968
928e1a19532d4ea9,3,6b7e1f5b521de19b,,Lost,1.170863568534039,1435,-0.5676889437430082
7e972ff155478fef,4,255414ab73601d72,28c9c64e5918b06e,Won,1339677.8575855156,589,-0.5676732615611174
abd1864cce3aa5c7,5,6b7e1f5b521de19b,6f9a9c5f2856c8b3,Won,517784.5758385699,800,-0.5676727791661734
ff5fe04f1d1ac986,1,6b7e1f5b521de19b,,Won,983.159853510451,0,-0.5676144361781719
61584d84e8673218,4,b4d1bda83fb7745f,28c9c64e5918b06e,Lost,183865.09381305843,1843,-0.5675992982944312
9cfecc153387cbfb,5,6b7e1f5b521de19b,d4f34f97b6d22a81,Lost,894.0348978510306,1099,-0.5675188312009698
6b69e160a9586a07,2,6b7e1f5b521de19b,,Open,1.170863568534039,412,-0.5674918190954743
7097a07dbe3f8ab2,2,6b7e1f5b521de19b,,Open,1.170863568534039,412,-0.5674918190954743
4d89a24d2a3f88b1,5,6b7e1f5b521de19b,,Lost,37453.36202669849,926,-0.5674398033083661
2b7d3f46be965042,2,6b7e1f5b521de19b,6f9a9c5f2856c8b3,Lost,64297.39249144552,2330,-0.5674360482525502
bb6290bd2bddd08f,1,6b7e1f5b521de19b,6f9a9c5f2856c8b3,Won,5746.492921938511,136,-0.5674329345587126
340f22a62ce4770b,3,6b7e1f5b521de19b,d4f34f97b6d22a81,Lost,330118.3863621267,719,-0.5674206228572098
46a4c1e48e786790,0,cca8e68b78e095c5,,Lost,4550217.687970144,956,-0.5673590890620563
a37a0f99a000ac34,1,6b7e1f5b521de19b,,Won,4535.253625562195,0,-0.5671759018617321
af5eef821c80687c,2,6b7e1f5b521de19b,6f9a9c5f2856c8b3,Lost,757326.5598824149,1715,-0.567157061540221
03dbcd2098c949d2,3,6b7e1f5b521de19b,,Lost,1287.0828528119127,1533,-0.5670552666664161
1c1bd29aa748ed6b,1,6b7e1f5b521de19b,6f9a9c5f2856c8b3,Won,380.09791236123107,1,-0.5668999042677205
ac1df35ce1e83525,4,6d74405afdbc85ba,28c9c64e5918b06e,Won,10485.259671517691,893,-0.5668787400110513
64924b5f765a0192,5,6b7e1f5b521de19b,6f9a9c5f2856c8b3,Won,4719077.076855605,226,-0.5668508972775931
eea51724820bf837,3,6b7e1f5b521de19b,,Lost,1.170863568534039,1008,-0.5667499214519746
2702657d669b8ebd,4,38080774be85927f,d4f34f97b6d22a81,Lost,115654.26089024676,897,-0.5667058901409187
66adedd7f81f8c39,2,6b7e1f5b521de19b,6f9a9c5f2856c8b3,Lost,1.170863568534039,986,-0.5666592109751767
feeadb8239003112,5,6b7e1f5b521de19b,6f9a9c5f2856c8b3,Won,891129.6634873787,939,-0.5665530583887118
eb333054d6821184,5,6b7e1f5b521de19b,6f9a9c5f2856c8b3,Won,91622.49050889471,2179,-0.5664744959680779
9bd8b12ca6aaf4ae,6,6b7e1f5b521de19b,,Won,2891904.792067367,20,-0.5664400636103494
1f7ab39124f14415,1,6b7e1f5b521de19b,6f9a9c5f2856c8b3,Open,199.48320579506156,18,-0.5664381509707339
4fb22c7ebaefc6c2,2,6b7e1f5b521de19b,6f9a9c5f2856c8b3,Lost,1.170863568534039,924,-0.566339487068365
9eb5b60df1483812,5,6b7e1f5b521de19b,,Lost,5083.8994500666495,926,-0.5662604414435946
14b02afb1ca62f6a,3,6b7e1f5b521de19b,d4f34f97b6d22a81,Won,33411.463803596926,16,-0.5659862550091116
972bd70d5bbb3b92,0,42a0974a7fcfe59f,,Open,54608.54408792734,0,-0.5659281937319391
9343e08cd185377e,2,6b7e1f5b521de19b,6f9a9c5f2856c8b3,Lost,1.170863568534039,994,-0.5658929418044256
973401775dbf0735,0,6b7e1f5b521de19b,6f9a9c5f2856c8b3,Lost,1640.1833815238024,689,-0.5658796678828782
d9409356e1284acd,5,6b7e1f5b521de19b,6f9a9c5f2856c8b3,Lost,1461.1134518104557,1215,-0.5658565615891967
64ffac698e6db170,4,6828ce51082c111b,28c9c64e5918b06e,Won,4304.200032389833,2110,-0.5657978756578121
a8a048aea1852333,3,6b7e1f5b521de19b,,Won,1.170863568534039,499,-0.5657398649627045
bf1d5c26ca0d6d4b,4,674ec33189ed753c,d4f34f97b6d22a81,Lost,738649.7678938754,908,-0.5656866430611698
3c52b762c82d0413,5,6b7e1f5b521de19b,6f9a9c5f2856c8b3,Won,652839.8158759358,44,-0.5656864103549686
ab5f9da563f2e31e,3,6b7e1f5b521de19b,d4f34f97b6d22a81,Won,5672.310299004013,13,-0.5656743791934619
83a99591839a1a28,0,6b7e1f5b521de19b,6f9a9c5f2856c8b3,Lost,1.170863568534039,242,-0.5656662588565703
7743c3d77758df99,4,38080774be85927f,28c9c64e5918b06e,Lost,2570635.7445042273,1127,-0.5656562156267743
93b8e8138e2f7c87,3,674ec33189ed753c,,Lost,35845.270270304114,896,-0.5656407479227824
85ecb465471033ba,6,6b7e1f5b521de19b,,Lost,60961.88348977833,766,-0.5655934344233652
cc3e481660c90391,2,6b7e1f5b521de19b,6f9a9c5f2856c8b3,Lost,1.170863568534039,994,-0.5655610809270855
d39e91be1a272234,0,fc3655a0b667e091,,Won,74920.2884571891,530,-0.5654343380084995
e2c372fb1dc846d1,4,75c64824a2a4e380,28c9c64e5918b06e,Won,69023.38573887652,84,-0.5652828242407157
e866259a157f64d5,3,6b7e1f5b521de19b,,Lost,1875334.4167467572,860,-0.565259938614591
230e30a67a2b1b8b,3,6b7e1f5b521de19b,,Lost,4854.049577612525,1738,-0.5652463880517353
32514570a5fca635,4,16450d61eee679f5,28c9c64e5918b06e,Won,22754.51045725277,889,-0.5652339622371633
64b1cefb21baf290,6,6b7e1f5b521de19b,,Lost,1.170863568534039,360,-0.565192220087019
8786a176eda44c8b,4,062b9e5a52eb6d8e,28c9c64e5918b06e,Open,28127.187762869016,934,-0.5651453036695202
bc00dd9708677263,3,6b7e1f5b521de19b,d4f34f97b6d22a81,Won,8011.0813007342695,56,-0.5651223615683425
54d89eb978cab2f5,6,6b7e1f5b521de19b,,Lost,1.170863568534039,333,-0.5651100510118302
727e13311489cd70,4,6ab36d9b02cbcf6b,,Won,998578.0507531818,805,-0.5650963603579332
672672a7dea8a33d,1,6b7e1f5b521de19b,6f9a9c5f2856c8b3,Won,407.90546766104336,6,-0.5649549204536641
11e1708bab9c7e99,6,6b7e1f5b521de19b,,Open,1940496.0813235685,31,-0.5649179393258625
2e1efd8ccded220c,3,062b9e5a52eb6d8e,,Lost,2.4198904513070483,247,-0.5648866727226549
6d205b1d37fa643c,4,7b7c16a1b24ec3b8,28c9c64e5918b06e,Lost,1269276.9931123527,644,-0.5647655214838206
b66cd4167dd56dba,5,6b7e1f5b521de19b,6f9a9c5f2856c8b3,Won,9937541.16780919,85,-0.5647372527123422
707c538ccb74d4e7,1,6b7e1f5b521de19b,6f9a9c5f2856c8b3,Open,177560.4734935871,1020,-0.5647271438060388
17aa0cfb5e5388cc,2,6b7e1f5b521de19b,,Lost,29324.531411075328,1182,-0.5646595677426944
2b1256238ef22c0f,4,fc3655a0b667e091,28c9c64e5918b06e,Won,999636.5896739946,545,-0.5646476438619751
877133d83d915e59,0,062b9e5a52eb6d8e,,Lost,1.170863568534039,517,-0.5646191713750359
ba90a8db7f498d3c,2,6b7e1f5b521de19b,,Won,1636605.4094893727,1781,-0.5645743877503109
0d1315d2e187b2bb,2,6b7e1f5b521de19b,6f9a9c5f2856c8b3,Won,1267929.4383261881,1526,-0.5645438106803005
02255c107983cde7,5,6b7e1f5b521de19b,6f9a9c5f2856c8b3,Lost,315197.3678726401,1497,-0.5645296345567365
813fe50d42b101b9,0,6b7e1f5b521de19b,6f9a9c5f2856c8b3,Lost,1344668.2165921538,528,-0.5643216511927049
cbc7f4bfcc93d843,3,255414ab73601d72,d4f34f97b6d22a81,Won,79207.78015427582,76,-0.5643099942344415
fa29cd2c9cf478ca,1,6b7e1f5b521de19b,6f9a9c5f2856c8b3,Open,2860033.8389475136,294,-0.5642838457324351
3ab943433147d4bf,0,6b7e1f5b521de19b,6f9a9c5f2856c8b3,Won,282212.44516682386,1012,-0.5642588493534701
1c97087f7851fefa,3,6b7e1f5b521de19b,,Lost,5083.8994500666495,1373,-0.5642547275847521
f354170de281f9d0,2,6b7e1f5b521de19b,,Open,1.170863568534039,376,-0.5641989510218917
742ba353629d0d52,4,75c64824a2a4e380,28c9c64e5918b06e,Lost,1447.3306522236526,858,-0.5640965905407882
9829ff07f3957b17,2,6b7e1f5b521de19b,6f9a9c5f2856c8b3,Won,1544309.2111257988,32,-0.5640101501136413
c73e777729ee8583,5,6b7e1f5b521de19b,6f9a9c5f2856c8b3,Won,13932632.298940979,1074,-0.5640096635944608
0e0acb246ae7a934,2,6b7e1f5b521de19b,,Lost,1.170863568534039,971,-0.5638051442930477
e2ce88e710f5518e,3,6b7e1f5b521de19b,,Lost,2.4198904513070483,1462,-0.5637636195933521
c178f63ea0a6237a,0,6b7e1f5b521de19b,,Won,90092.34127709283,1269,-0.5636699400783787
d15713b43ff6fa44,4,d1650c60f1f48b67,28c9c64e5918b06e,Won,638029.6775669822,513,-0.5634434429319874
474f2199d07ab6bb,4,7545e34e09ae9cad,28c9c64e5918b06e,Won,1828811.296247421,342,-0.5634198351813104
c81412d16bd7a6fa,5,6b7e1f5b521de19b,6f9a9c5f2856c8b3,Won,296642.2718707066,288,-0.5632411886982919
8e56cfb631cf09d3,2,6b7e1f5b521de19b,6f9a9c5f2856c8b3,Lost,1.170863568534039,1077,-0.5631970076256255
b4f69d0da9f9a41a,3,6b7e1f5b521de19b,d4f34f97b6d22a81,Lost,103179.4234649551,748,-0.5631766427179226
e218779288e8c34f,0,6b7e1f5b521de19b,,Lost,9648.963805727817,1540,-0.5631328960880259
153caedd4b31503e,5,6b7e1f5b521de19b,d4f34f97b6d22a81,Lost,22046.490899569864,651,-0.563105140442649
94485c2cb6f0ea69,3,6b7e1f5b521de19b,,Lost,2.4198904513070483,1114,-0.5629384902816248
ab0abd87161da361,5,062b9e5a52eb6d8e,28c9c64e5918b06e,Lost,1955.8320496747117,885,-0.562934063306487
cc21a6485955e037,3,6b7e1f5b521de19b,d4f34f97b6d22a81,Open,67053.75271347474,675,-0.5627617508386276
eb06cdf31b5d9384,5,6b7e1f5b521de19b,6f9a9c5f2856c8b3,Lost,2089.206039094826,1084,-0.562681697999558
6374bbd6de6ddfa6,3,6b7e1f5b521de19b,d4f34f97b6d22a81,Won,95203.30031905787,26,-0.562560605089255
9dbb3b46cd2f52ea,2,6b7e1f5b521de19b,6f9a9c5f2856c8b3,Won,37332451.63744406,760,-0.5625482802871549
ce76765f66d7f400,2,6b7e1f5b521de19b,6f9a9c5f2856c8b3,Won,3299.2904514953075,866,-0.5625348041708941
5022b763fb29a3d0,0,6b7e1f5b521de19b,6f9a9c5f2856c8b3,Open,140141.0942677857,1100,-0.5622991914657326
729fc9270519cf27,4,fd10c5543bdbcbc9,d4f34f97b6d22a81,Won,354093.41859966365,371,-0.5622307566032453
c99d166afa0783c6,0,e43bc3ffd79e75b6,,Lost,39890.71683104598,904,-0.5621555366473279
d09592ec38652abc,3,6b7e1f5b521de19b,d4f34f97b6d22a81,Lost,66020.53855873755,1058,-0.5621415488406227
6eac7e5b6446c7dd,6,6b7e1f5b521de19b,,Interrupted,9613.520807251396,956,-0.5621372383640983
42f58c0d048c6c91,4,b4d1bda83fb7745f,28c9c64e5918b06e,Lost,132513.0617966676,1252,-0.5621169864221139
0d2af34393c64c7e,0,8e05397b18bfb06f,,Won,114943.73328793996,497,-0.5620593796054727
6ae1b6f4a600e57a,3,6b7e1f5b521de19b,d4f34f97b6d22a81,Won,19974.672458497123,24,-0.5620528555108572
47aeb477d96ba80a,5,6b7e1f5b521de19b,d4f34f97b6d22a81,Won,282018.2757666384,651,-0.5620101356489343
a3e159fc2984812b,4,38080774be85927f,d4f34f97b6d22a81,Lost,1428757.286537438,880,-0.5620035365152031
4c486a7221974b18,0,674ec33189ed753c,,Won,1689826.3775224667,1274,-0.5619809357362157
95721c68d925f993,1,6b7e1f5b521de19b,,Lost,2.4198904513070483,627,-0.5619727809537445
68308162cad2bef6,3,6b7e1f5b521de19b,,Lost,89664.46366676311,1297,-0.5619676307804706
134972adcd8afce7,3,6b7e1f5b521de19b,d4f34f97b6d22a81,Open,27629.63681469765,291,-0.5619424524320831
828b95bc12688847,5,6b7e1f5b521de19b,6f9a9c5f2856c8b3,Lost,1553311.0967193737,959,-0.5618873451725397
5d25d9486ceeb238,4,255414ab73601d72,28c9c64e5918b06e,Won,11867.525793804372,2125,-0.5618782311494689
c0a8a89da82d1f37,4,38080774be85927f,28c9c64e5918b06e,Won,72476.32131588347,27,-0.5618301889204749
884329078348ea1b,2,6b7e1f5b521de19b,6f9a9c5f2856c8b3,Won,3300749.3244418516,1595,-0.5617771727282171
fefebfdf0a200f85,3,6b7e1f5b521de19b,d4f34f97b6d22a81,Won,79996.3935107211,277,-0.5617232565539735
0f28282941d38e89,2,6b7e1f5b521de19b,6f9a9c5f2856c8b3,Open,14993157.94869081,0,-0.561443737189979
9505001c8f5f9ed2,2,6b7e1f5b521de19b,d4f34f97b6d22a81,Lost,645.7857323247867,1217,-0.561303294477562
83ce5ca7069a3a89,5,6b7e1f5b521de19b,,Won,29889.51427805743,398,-0.5612426383971636
3973526eee023cbf,2,6b7e1f5b521de19b,d4f34f97b6d22a81,Lost,177258.1809392037,900,-0.5611511984363564
abe34a377c558672,6,6b7e1f5b521de19b,,Won,3988131.8393659624,322,-0.5610866906711145
e25719eba88f713c,2,6b7e1f5b521de19b,6f9a9c5f2856c8b3,Lost,20400.518521888593,1076,-0.5610466355721986
5be1ad0cd2f70461,0,674ec33189ed753c,,Lost,1064506.8667509402,1176,-0.5610350929917849
18202dc128dbd841,2,6b7e1f5b521de19b,,Lost,1.170863568534039,909,-0.5609626385449824
c01ca5535288f324,3,6b7e1f5b521de19b,,Lost,21273.147061594493,970,-0.5609069216990324
40a182fae355c9ac,5,6b7e1f5b521de19b,d4f34f97b6d22a81,Lost,472830.47549458407,454,-0.5609039204948664
325e13a8eb1a540c,0,6b7e1f5b521de19b,,Won,1.170863568534039,876,-0.5608934754235075
f2a1790d25723a0d,2,6b7e1f5b521de19b,6f9a9c5f2856c8b3,Open,1306.5435206718141,958,-0.5608699956325984
2edefde5bc352192,4,7545e34e09ae9cad,28c9c64e5918b06e,Lost,1227760.4864727287,1164,-0.5608298290460728
858b2beb4956e33f,3,6b7e1f5b521de19b,d4f34f97b6d22a81,Lost,1351.32831267334,1349,-0.560797808525358
7f39347e48f4f6fc,6,6b7e1f5b521de19b,,Won,310064.68344473856,28,-0.5607896489333006
6d5810e0f70c9e01,4,e366e0e543d0c5cd,d4f34f97b6d22a81,Won,183988.6055788276,433,-0.5607886407873303
68a5a1e87754dba1,2,6b7e1f5b521de19b,6f9a9c5f2856c8b3,Lost,98.49392076768089,1056,-0.5607708759135679
9675fc4c2a8f1e9d,1,6b7e1f5b521de19b,,Lost,923684.8215533904,953,-0.5607634942922207
f2edab0d8e7f988a,0,6b7e1f5b521de19b,e72348f2c1467542,Open,12.08550221646412,0,-0.5607469864251169
2b3fb57ed63f21c6,0,6b7e1f5b521de19b,6f9a9c5f2856c8b3,Open,15986.224449984467,619,-0.5607335892604908
0bafe923d760c2e0,4,75c64824a2a4e380,28c9c64e5918b06e,Lost,93173.08169399988,8,-0.5606938346211593
c20894a00ffb2fbb,0,e43bc3ffd79e75b6,,Open,1845240.0868962975,7,-0.5606767127977366
36fbe00a8dce015c,0,6b7e1f5b521de19b,,Lost,35845.270270304114,1312,-0.5606510316009492
b1c48a08348ea6ee,1,6b7e1f5b521de19b,6f9a9c5f2856c8b3,Open,35476.132717269116,92,-0.5606479951446546
1b26eafced9e2517,3,6b7e1f5b521de19b,1e1439736d3ae4c5,Lost,2830.0034901751824,867,-0.5605708061229766
e26da99cd7d65dc9,0,6b7e1f5b521de19b,6f9a9c5f2856c8b3,Lost,11705.557246922048,903,-0.5605112535910891
38783bac4c9dbab7,3,6b7e1f5b521de19b,d4f34f97b6d22a81,Lost,19584.678288064217,712,-0.560509373515231
a78846fc63469d09,0,062b9e5a52eb6d8e,,Won,1229040.3705732438,542,-0.5604768528151186
86ca7657a7ac71b4,2,75c64824a2a4e380,28c9c64e5918b06e,Lost,1955.8320496747117,819,-0.5604485472240839
3fc173d5b826abb7,2,6b7e1f5b521de19b,,Lost,1.170863568534039,447,-0.5604364126768118
37d0d7c14b6d408a,1,ddbd249e57ed6b40,,Won,433.6343114487493,433,-0.5604286363436459
9db1d023438f40ba,4,75c64824a2a4e380,28c9c64e5918b06e,Lost,588601.9937296986,635,-0.5602613286949141
e9c0fe4b2b1052d3,2,6b7e1f5b521de19b,6f9a9c5f2856c8b3,Lost,492266.0476379261,1122,-0.5602567818140096
9bbcc7dffcbc9bed,4,1bb1bb990c53f4fc,28c9c64e5918b06e,Open,1667989.4102080779,398,-0.5601796304898297
fff5bef1c42924bb,4,d94a77dffd98d647,28c9c64e5918b06e,Lost,95204.12637626525,652,-0.5601210526385038
1f65e018499b6991,2,6b7e1f5b521de19b,,Lost,1.170863568534039,1008,-0.5600761015790318
2a11e37a961cf4f5,0,e43bc3ffd79e75b6,,Won,12678.839904863942,17,-0.5600736543916499
efefc6b52a1a7215,5,6b7e1f5b521de19b,d4f34f97b6d22a81,Open,517040.32649272005,209,-0.5600491045524819
5b11a7aaa9000392,0,6b7e1f5b521de19b,,Lost,1875334.4167467572,196,-0.5600438154936392
87be84cfe17f2b38,4,7b7c16a1b24ec3b8,28c9c64e5918b06e,Lost,1250253.4459469535,680,-0.560018664184867
da86503e36e40c68,3,6b7e1f5b521de19b,,Won,37820.4743961143,69,-0.5599593156136674
9abeee7f77547be7,0,062b9e5a52eb6d8e,,Lost,39021.495883191696,762,-0.5598254475579898
1b0f5ff1b2cdc550,5,6b7e1f5b521de19b,6f9a9c5f2856c8b3,Lost,8584577.42756392,3,-0.5598143727385507
59de14404dc3436d,2,6b7e1f5b521de19b,6f9a9c5f2856c8b3,Won,2336362.725196412,811,-0.5597765574248763
f18c67360dff9aaa,3,6b7e1f5b521de19b,,Lost,8269.642544488683,1745,-0.5597616852583062
485ddceaa585afdb,0,6b7e1f5b521de19b,,Lost,252119.87544572324,169,-0.5596435461728172
ae21455c568a3142,4,255414ab73601d72,28c9c64e5918b06e,Won,7678.132834049441,190,-0.5596134845322677
be7177c3032fa740,2,6b7e1f5b521de19b,6f9a9c5f2856c8b3,Lost,98.49392076768089,1044,-0.5596012269377204
c800d094a0370766,3,6b7e1f5b521de19b,,Lost,16430.82394221717,426,-0.5595566423669154
db33830e0a830873,3,6b7e1f5b521de19b,,Lost,2.4198904513070483,1478,-0.5595268940484313
c8a186c6168763ca,2,6b7e1f5b521de19b,,Open,1.170863568534039,878,-0.5594964246730445
5e2905c614ba5832,1,6b7e1f5b521de19b,,Lost,1514.0360163676646,626,-0.5593510575973117
5fa95b47e32340ab,3,062b9e5a52eb6d8e,d4f34f97b6d22a81,Lost,223871.19524012972,1373,-0.5593120571558058
e4e54fe1e9b1b489,5,6b7e1f5b521de19b,6f9a9c5f2856c8b3,Won,3543075.0605918444,445,-0.5593011615357194
337bc4b7c44e180e,3,6b7e1f5b521de19b,d4f34f97b6d22a81,Lost,24696.398741469373,1028,-0.5591503100891462
958dde7c86c8c149,3,6b7e1f5b521de19b,d4f34f97b6d22a81,Won,23094.979014146484,4,-0.559103842770053
e75cecfec38e991c,5,6b7e1f5b521de19b,6f9a9c5f2856c8b3,Lost,2806443.3997795656,439,-0.5590664183454027
14808f4469e5a9b3,2,6b7e1f5b521de19b,6f9a9c5f2856c8b3,Won,4448.942973992585,590,-0.5590390250228238
89ef00c244111b1d,5,6b7e1f5b521de19b,6f9a9c5f2856c8b3,Open,4771666.640296725,468,-0.5590327623236266
7d2ea25f587ad4b2,0,6b7e1f5b521de19b,,Won,76848.11863412286,1378,-0.5590081970101689
d741abd29df6b2c7,3,6b7e1f5b521de19b,,Lost,33281.42977086488,1321,-0.559006163763989
2f031e3ac08b2bc5,3,6b7e1f5b521de19b,,Lost,9648.963805727817,1335,-0.5589980589654082
914acea83647d712,3,6b7e1f5b521de19b,d4f34f97b6d22a81,Won,308103.66912365763,675,-0.5589953249412021
bca4b5d861915b02,4,8f36933a863ddaa7,28c9c64e5918b06e,Lost,478742.3524887894,966,-0.5589062486550938
c73a931403af00a8,2,6b7e1f5b521de19b,,Lost,1875334.4167467572,1315,-0.5588987345714451
498a083472ed767f,3,6b7e1f5b521de19b,,Lost,2.4198904513070483,975,-0.5587972804518004
0ad873a8e16e885a,3,6b7e1f5b521de19b,d4f34f97b6d22a81,Lost,1.170863568534039,625,-0.5587544829968775
80f700a9e2c21eda,4,fd10c5543bdbcbc9,28c9c64e5918b06e,Lost,2968.8751704110464,1144,-0.5587323094461565
6a12ef7cf2549ae0,3,6b7e1f5b521de19b,d4f34f97b6d22a81,Lost,42340.17211264847,30,-0.5586889253671832
ef6840ba2c0b9e74,1,062b9e5a52eb6d8e,d4f34f97b6d22a81,Won,14356.601995524634,48,-0.5586827931161016
135bcd6167879974,4,e366e0e543d0c5cd,d4f34f97b6d22a81,Won,517.7467506932077,15,-0.5586554033069678
53130a10014f3d0f,3,6b7e1f5b521de19b,,Lost,1.170863568534039,969,-0.5586125982492395
57328e88d136eef0,0,6b7e1f5b521de19b,6f9a9c5f2856c8b3,Lost,355316.8999567265,1447,-0.5585012176599863
1ac122a8cd8fa55f,3,6b7e1f5b521de19b,6f9a9c5f2856c8b3,Lost,22954.302058448993,1319,-0.5584704529094856
fd3ede2b147540bb,1,6b7e1f5b521de19b,6f9a9c5f2856c8b3,Open,796493.7010915865,59,-0.5583003641620159
c2fa7895ddb9edeb,2,6b7e1f5b521de19b,6f9a9c5f2856c8b3,Lost,98.49392076768089,1363,-0.5582829784898973
595e6c48b65a4f2e,5,6b7e1f5b521de19b,d4f34f97b6d22a81,Won,44377.186494293215,31,-0.5582761581771627
e8370212741cbfcd,5,6b7e1f5b521de19b,6f9a9c5f2856c8b3,Interrupted,46583129.182601154,531,-0.5582718671091556
e1b7b4f339326f8f,0,6b7e1f5b521de19b,6f9a9c5f2856c8b3,Won,135697.5539540318,73,-0.558270328887344
2f5bb902e9799cb7,5,7b7c16a1b24ec3b8,28c9c64e5918b06e,Won,868164.287357802,864,-0.5581810128177975
2f0bafbab3cbd62c,0,4e40b1753336bf63,,Lost,50010.36180905412,1047,-0.5581632177120214
085f4ddc60d2a344,2,6b7e1f5b521de19b,6f9a9c5f2856c8b3,Lost,98.49392076768089,1292,-0.5580941471202863
156f3055419465f4,4,6b7e1f5b521de19b,28c9c64e5918b06e,Open,2250063.3066378105,0,-0.5580857856181046
e429eba403f13937,3,255414ab73601d72,d4f34f97b6d22a81,Won,16182.886855700366,66,-0.5580833806785667
dbf04ff7ba5e937c,6,6b7e1f5b521de19b,,Open,234554.616683702,218,-0.5580536508690541
8c5f1d9eefeec95c,4,7545e34e09ae9cad,28c9c64e5918b06e,Lost,604737.480161856,1124,-0.5580134991079028
728d160390c502a8,0,fc3655a0b667e091,,Open,221485.31248684894,396,-0.5580081707143905
74e0caaa36305894,1,6b7e1f5b521de19b,,Lost,366871.71924337023,270,-0.5579737834978744
21ea6be53fec56fc,5,6b7e1f5b521de19b,6f9a9c5f2856c8b3,Lost,2089.206039094826,1207,-0.5578491830119383
cb1763298ba05d4d,2,6b7e1f5b521de19b,6f9a9c5f2856c8b3,Lost,98.49392076768089,1055,-0.5578480015301305
7293199465577848,5,6b7e1f5b521de19b,d4f34f97b6d22a81,Won,473953.706117146,179,-0.5577710855230625
2dd92a3d0fad8536,5,6b7e1f5b521de19b,d4f34f97b6d22a81,Won,29981.542439749755,852,-0.5577666750703727
ee69009ee15279b4,3,6b7e1f5b521de19b,,Lost,2.4198904513070483,1696,-0.5577182540907185
287c42bbfc30d551,3,6b7e1f5b521de19b,,Won,1.170863568534039,322,-0.5577178562466439
814cdde020a9b604,3,6b7e1f5b521de19b,,Lost,9648.963805727817,552,-0.5576779107547484
fd6dd77a242f5784,1,6b7e1f5b521de19b,6f9a9c5f2856c8b3,Open,1111818.1044947596,96,-0.557666942704772
2543c4e8852b99d6,5,6b7e1f5b521de19b,6f9a9c5f2856c8b3,Won,420125.27091341664,63,-0.5576056253142138
2148d739e030023b,6,6b7e1f5b521de19b,,Open,170616.6319366014,429,-0.5575781971522211
ce1fed0818d8f2cf,4,75c64824a2a4e380,28c9c64e5918b06e,Won,129882.9391096549,987,-0.5575620252882527
85fbca26f9bb0af9,4,6b7e1f5b521de19b,28c9c64e5918b06e,Open,41583.795062843936,1333,-0.5575590823620306
33e5b452932146e6,2,6b7e1f5b521de19b,6f9a9c5f2856c8b3,Lost,98.49392076768089,1265,-0.557528036142387
705e1a6fc0b4e470,1,6b7e1f5b521de19b,,Won,1011.9373225051188,634,-0.5574824666337524
33250559e7720f0e,2,6b7e1f5b521de19b,6f9a9c5f2856c8b3,Lost,98.49392076768089,1377,-0.5574763004649008
862e4fc4ccd7b242,2,6b7e1f5b521de19b,6f9a9c5f2856c8b3,Lost,98.49392076768089,1371,-0.5574763004649008
d8176e81c82d688d,2,6b7e1f5b521de19b,6f9a9c5f2856c8b3,Lost,98.49392076768089,1296,-0.5574763004649008
66ace30b92c37842,2,6b7e1f5b521de19b,6f9a9c5f2856c8b3,Lost,98.49392076768089,1376,-0.5574763004649008
13d442314074b99a,1,6ab36d9b02cbcf6b,,Open,5956.363132024651,1213,-0.5574373130687343
799296ab40f16e29,4,a0d28553c7be77f0,28c9c64e5918b06e,Lost,765213.4090842955,901,-0.5574311505830818
72b5f86847672387,1,6b7e1f5b521de19b,6f9a9c5f2856c8b3,Won,831.2594114641538,3,-0.5574172910591674
a7d88dd3143de29b,2,6b7e1f5b521de19b,6f9a9c5f2856c8b3,Lost,1.170863568534039,777,-0.5573228885175968
d356de9e1ea60ead,2,6b7e1f5b521de19b,6f9a9c5f2856c8b3,Lost,98.49392076768089,1277,-0.5572877419427923
4d0f5ce63c56296a,2,6b7e1f5b521de19b,6f9a9c5f2856c8b3,Lost,98.49392076768089,1277,-0.5572877419427923
d22079b2fcd70741,2,6b7e1f5b521de19b,6f9a9c5f2856c8b3,Lost,98.49392076768089,1286,-0.5572877419427923
5e6cc1334162f310,3,6b7e1f5b521de19b,,Lost,9037.10438479805,613,-0.5572266192660275
60b5dd750d8f9628,4,255414ab73601d72,28c9c64e5918b06e,Lost,284210.84464167134,1307,-0.5572208167732353
280f88bc7280ac56,4,fd10c5543bdbcbc9,28c9c64e5918b06e,Won,39211.03527980255,2089,-0.5572187994139955
ed7bf8477868545d,3,7b7c16a1b24ec3b8,,Lost,65798.13803746978,1078,-0.5571127480326522
cdd618cff8304e84,4,ac07a4f1ad9a4f67,,Open,509198.75018512644,491,-0.5569966818967205
56406550f8644001,4,ca0404ddaade5726,,Lost,97448.11793908857,1071,-0.5569754013344156
00e35152f1f17fab,0,cca8e68b78e095c5,,Lost,4550217.687970144,879,-0.556972562097894
7d5d51bc3f377386,4,75c64824a2a4e380,28c9c64e5918b06e,Won,1475.0208118110584,1370,-0.5569464019892312
ae1d94869b8a824d,4,b4d1bda83fb7745f,28c9c64e5918b06e,Lost,130205.4370895864,1180,-0.5568742124973806
6e0f2eae6c1b7c65,4,a0d28553c7be77f0,28c9c64e5918b06e,Won,23233.777063949026,1384,-0.5568077989003009
bd3a68a6ba7dc1b5,2,6b7e1f5b521de19b,6f9a9c5f2856c8b3,Lost,12554.998407894873,685,-0.5567838885699151
506050c0d5fbf7d9,3,062b9e5a52eb6d8e,,Lost,2.4198904513070483,586,-0.556783055639479
72a850a4d03c5088,5,6b7e1f5b521de19b,6f9a9c5f2856c8b3,Lost,10754559.78619147,944,-0.5567714738231527
b80dafe77681722e,2,6b7e1f5b521de19b,6f9a9c5f2856c8b3,Lost,98.49392076768089,1251,-0.5567224489538039
84dd956c6b7fd887,3,062b9e5a52eb6d8e,d4f34f97b6d22a81,Lost,66677.37332308492,1092,-0.5566610471100647
0f0a928e0f60a4ab,4,7b7c16a1b24ec3b8,28c9c64e5918b06e,Lost,441411.66436982504,916,-0.5566558623628632
fd1de83200f68f75,3,6b7e1f5b521de19b,d4f34f97b6d22a81,Lost,80873.19256385099,625,-0.5566280790073421
c4749649c7adeba3,5,6b7e1f5b521de19b,6f9a9c5f2856c8b3,Won,14819460.867514716,51,-0.5565809699235005
416fec2b4550ab7c,2,6b7e1f5b521de19b,6f9a9c5f2856c8b3,Open,1.170863568534039,13,-0.5565742890832397
7b003abad89ba2bb,1,6b7e1f5b521de19b,,Interrupted,3507.981207359079,25,-0.5565637762946024
c0ed22dd1d47c3ff,3,6b7e1f5b521de19b,1e1439736d3ae4c5,Lost,1751.7781724265094,13,-0.5564833123105635
13f615e77afb268d,3,6b7e1f5b521de19b,,Won,2.4198904513070483,651,-0.5564724780459691
5b48aabf8de18998,2,6b7e1f5b521de19b,6f9a9c5f2856c8b3,Won,724721.3170288414,43,-0.5564548333689223
b73607cb115877c6,5,6b7e1f5b521de19b,6f9a9c5f2856c8b3,Lost,2089.206039094826,1031,-0.5563555509433039
ec2cca296c25f9c8,3,6b7e1f5b521de19b,d4f34f97b6d22a81,Lost,150481.9579532676,966,-0.5563213600971627
a33a0aefc561496b,3,6b7e1f5b521de19b,,Won,70017.7907112627,1762,-0.5563059709398281
0fbde6c16b224b6c,2,6b7e1f5b521de19b,,Won,4692.646790707659,2,-0.5562325802146847
c3c38cdb0c9158e1,5,6b7e1f5b521de19b,6f9a9c5f2856c8b3,Lost,895.9528833003958,996,-0.5561780178221131
42eebf4ef3bcc6d4,5,6b7e1f5b521de19b,6f9a9c5f2856c8b3,Lost,895.9528833003958,996,-0.5561780178221131
66d586bb414f0a3e,1,6b7e1f5b521de19b,,Won,1596.3601117288174,11,-0.5561218447147942
dce781ff5c2932e1,5,6b7e1f5b521de19b,6f9a9c5f2856c8b3,Lost,895.9528833003958,996,-0.5561191812118331
1d911828814a4504,0,bd661df59343798b,,Open,9270.864526233152,6,-0.5560846194466479
2b43d9c608cd3e7b,3,e43bc3ffd79e75b6,,Won,3829.8829000821474,461,-0.5560311991710057
5b230a7e298b31a0,3,6b7e1f5b521de19b,,Won,4143.3804614791225,227,-0.5559872324540567
f162974def7fa4a2,2,6b7e1f5b521de19b,6f9a9c5f2856c8b3,Lost,2176215.391082327,449,-0.5559747470980088
e0ece57b5b5ee6b2,6,6b7e1f5b521de19b,,Won,433138.6275038873,4,-0.5559659626075939
100f7024fd438368,4,6b7e1f5b521de19b,28c9c64e5918b06e,Lost,56260.11502867771,775,-0.5559317089731288
f367265643ba7e03,3,255414ab73601d72,d4f34f97b6d22a81,Won,7502.171426765388,26,-0.5558856923345932
a419677db0354865,3,6b7e1f5b521de19b,d4f34f97b6d22a81,Lost,61843.62165741762,840,-0.5558626858635303
f819f4def9065cf3,3,6b7e1f5b521de19b,,Won,1.170863568534039,318,-0.5558593902633868
a3101c39dea0637c,6,6b7e1f5b521de19b,,Lost,25102.753943361105,429,-0.5558509433473594
83be15e7bb25dbfd,4,7545e34e09ae9cad,28c9c64e5918b06e,Lost,2144882.53649506,645,-0.555780125631934
6f71bff3580053fe,4,fc3655a0b667e091,28c9c64e5918b06e,Won,520.9083467957248,1554,-0.555672980201799
d0d74422c8ca5eaa,2,6b7e1f5b521de19b,6f9a9c5f2856c8b3,Open,12347.164795450497,16,-0.5555677799222207
a60791eda03d2027,4,16450d61eee679f5,28c9c64e5918b06e,Lost,41541882.526509345,317,-0.5555642650774639
47392e19f71d27fa,4,75c64824a2a4e380,28c9c64e5918b06e,Lost,113944.77866237162,1161,-0.5555454000784433
8608e5413e9007e4,3,674ec33189ed753c,,Won,35980.336164163054,1051,-0.5555409318963356
f68145917b348d1e,6,532ef57d231b606f,,Lost,8269.642544488683,1006,-0.5554701869994645
70f1fdcebfc5288e,5,6b7e1f5b521de19b,6f9a9c5f2856c8b3,Won,40461.822578701984,4,-0.5554261166851798
eb335739d311e42f,5,6b7e1f5b521de19b,d4f34f97b6d22a81,Won,230.05686777931487,0,-0.5553853770241989
8d17793d94f484cc,1,6b7e1f5b521de19b,6f9a9c5f2856c8b3,Open,2892.55396568139,170,-0.5552887793083385
d2cfdf6fe1d711f5,2,6b7e1f5b521de19b,6f9a9c5f2856c8b3,Won,343584.9071205119,301,-0.5552646855611632
a483f952311c8413,4,255414ab73601d72,28c9c64e5918b06e,Won,20280.5343148759,1424,-0.5552627136064211
da9be40de912e069,2,6b7e1f5b521de19b,6f9a9c5f2856c8b3,Lost,8295.511670846305,909,-0.5551631182289112
3119d96872ad33d0,3,6b7e1f5b521de19b,,Lost,9648.963805727817,1443,-0.5551216320145431
88f7a677fd3e74be,0,fc3655a0b667e091,,Lost,467643.6112824176,1318,-0.5549924840085038
bc999f66360cb3c5,4,ca0404ddaade5726,28c9c64e5918b06e,Lost,54904.48515186151,1113,-0.554987523259089
641f722bb79774a8,3,6b7e1f5b521de19b,,Lost,25102.753943361105,835,-0.5549649426143644
419bf0aa58d9f1a0,0,6b7e1f5b521de19b,6f9a9c5f2856c8b3,Won,611841.6331390752,603,-0.5549308736998018
bd8bc53673eb3444,3,6b7e1f5b521de19b,3b7caebd862368af,Lost,461612.2655689569,1036,-0.5548600581001788
2feaaf9ed901d188,3,6b7e1f5b521de19b,,Won,1.170863568534039,451,-0.5548338422075945
056316548ce830e4,4,ddbd249e57ed6b40,28c9c64e5918b06e,Won,34157.432963677966,1794,-0.5547966412734129
643f5b79529078d1,3,6b7e1f5b521de19b,,Won,4854.049577612525,621,-0.5547866226415668
5a9a743eb1af815c,5,75c64824a2a4e380,,Lost,231752.79142707278,992,-0.554784287388559
5d6d9f6b7be31d19,4,3a0b5f22d7e66ffc,28c9c64e5918b06e,Lost,83173.62088608414,156,-0.5547541780017192
933c66696cc1b938,4,42a0974a7fcfe59f,28c9c64e5918b06e,Lost,154189.7236791237,511,-0.5547180344825793
fad4457512facd9f,3,6b7e1f5b521de19b,d4f34f97b6d22a81,Lost,278950.33680060133,63,-0.5546888233578708
ef467946d4038072,1,6b7e1f5b521de19b,,Lost,387078.2737431648,993,-0.5546587944911109
d709144302a921ed,1,6b7e1f5b521de19b,6f9a9c5f2856c8b3,Won,609.207969734855,3,-0.5546137066805602
7d3d857da9c792bb,2,6b7e1f5b521de19b,6f9a9c5f2856c8b3,Won,61917.274260590755,635,-0.5546095025030944
8d73355b70b41362,3,6b7e1f5b521de19b,,Lost,5904.2113289495155,1131,-0.5545701992703896
d2fce45c4f43f3d8,0,fc3655a0b667e091,,Won,6803.8950259226385,681,-0.5544228859825872
f6c4a974ddc5e8f4,0,6b7e1f5b521de19b,,Won,258966.31475576336,1771,-0.554280853619357
62b5ffbf2079cf90,6,532ef57d231b606f,,Lost,9648.963805727817,433,-0.5541752161639584
0cbbe2e6cabd1ad8,2,6b7e1f5b521de19b,6f9a9c5f2856c8b3,Lost,151056.98154331456,1229,-0.5541671864987622
e60ce2b088d36d6e,2,6b7e1f5b521de19b,6f9a9c5f2856c8b3,Lost,1.170863568534039,1062,-0.5541486207551369
a4c1f8a62611ef7a,3,6b7e1f5b521de19b,,Lost,2.4198904513070483,1763,-0.5541438040037704
9a9a5a9058e4f60f,5,6b7e1f5b521de19b,6f9a9c5f2856c8b3,Won,7758456.505483561,609,-0.5540662669892785
ae30d166bb0d8d9d,4,94168341f8d9633e,28c9c64e5918b06e,Lost,111908.88197026025,940,-0.554064039484454
0459fd75efcc0392,2,6b7e1f5b521de19b,6f9a9c5f2856c8b3,Lost,12106.724705268522,963,-0.5539963787299106
8d7325b1b81ff8ad,3,255414ab73601d72,d4f34f97b6d22a81,Won,54737.98969249572,216,-0.5539647104854433
94c7e2985847d5af,3,6b7e1f5b521de19b,,Won,1287.0828528119127,6,-0.5539446088359332
a5e9015d76e83674,5,6b7e1f5b521de19b,,Lost,11485.134609700683,1182,-0.5539397771559531
9d4d8a63fc86a85c,5,7b7c16a1b24ec3b8,28c9c64e5918b06e,Lost,1.170863568534039,726,-0.5539273001914196
f16ed3d82a35d785,2,6b7e1f5b521de19b,6f9a9c5f2856c8b3,Open,6712.2371044229185,958,-0.5538686181811489
e2ae9c05a09af8fa,5,6b7e1f5b521de19b,6f9a9c5f2856c8b3,Open,363720.41349962575,300,-0.5538446271112538
04db4cace82d2427,3,6b7e1f5b521de19b,d4f34f97b6d22a81,Lost,6825.920575393989,761,-0.5536471141911464
a9cf3d0b8c76c1ee,5,6b7e1f5b521de19b,6f9a9c5f2856c8b3,Lost,2089.206039094826,1105,-0.5535921615159524
8099c3d4f8a03059,2,6b7e1f5b521de19b,6f9a9c5f2856c8b3,Lost,98.49392076768089,910,-0.5535233426430596
b23617b1dad57b68,4,42a0974a7fcfe59f,28c9c64e5918b06e,Lost,66652.91652228667,1239,-0.5535100677207855
39f14f8662ed82da,2,6b7e1f5b521de19b,6f9a9c5f2856c8b3,Lost,125139.61445712703,1229,-0.5534911283743539
668dc242058cb906,3,6b7e1f5b521de19b,,Won,29889.51427805743,581,-0.5534218164618668
adabcd766c526ee3,0,6b7e1f5b521de19b,,Lost,4126329.6794221867,717,-0.5533610606751831
0bf238dc3ebff6d6,3,6b7e1f5b521de19b,,Lost,9648.963805727817,1442,-0.5533410197812031
22b94a4c3749cdc7,4,7545e34e09ae9cad,28c9c64e5918b06e,Lost,4310099.681694837,0,-0.5533254115533794
b4dcb353193b0b13,5,6b7e1f5b521de19b,6f9a9c5f2856c8b3,Won,372982.67472259316,150,-0.5532956589680617
dc7ee5dcac3df6b3,1,6b7e1f5b521de19b,,Lost,1.170863568534039,196,-0.5532904912616905
b6c9b4bf3a6cae9d,2,6b7e1f5b521de19b,6f9a9c5f2856c8b3,Lost,16931.403345871087,1055,-0.5532777043397167
9118630ea9b3f8ac,5,6b7e1f5b521de19b,6f9a9c5f2856c8b3,Lost,1806960.5135350793,1614,-0.553217807770948
c4712bb48da23b1d,5,6b7e1f5b521de19b,6f9a9c5f2856c8b3,Won,338286.9070871343,804,-0.5532121238636235
8397589bd3eae05b,1,255414ab73601d72,,Lost,4050.905950074775,43,-0.5532024537618987
8651efa30b79e9ba,3,6b7e1f5b521de19b,,Lost,25102.753943361105,831,-0.5531780971179505
897fee31eed134af,5,6b7e1f5b521de19b,6f9a9c5f2856c8b3,Won,14643291.959758539,436,-0.5531759103449054
17ed3df17b5cc2c5,0,6b7e1f5b521de19b,6f9a9c5f2856c8b3,Won,98.49392076768089,111,-0.5531437538329652
af7c25c8c3194587,6,6b7e1f5b521de19b,,Lost,1.170863568534039,246,-0.5530375709005628
ff4ba884666d7608,2,6b7e1f5b521de19b,,Won,2476477.1284927125,433,-0.5530363416172037
4f4378b360b81924,5,6b7e1f5b521de19b,6f9a9c5f2856c8b3,Won,85397.22994232297,592,-0.5530250948102874
185fcbb00bd91dce,3,6b7e1f5b521de19b,,Lost,1287.0828528119127,1259,-0.5529572264217811
fd77417e35e4bac4,4,75c64824a2a4e380,,Lost,4133283.2182899565,1105,-0.552944694857273
11067d5c47529919,1,6b7e1f5b521de19b,,Won,4257.2166142823025,11,-0.5529114100961711
25e46cdc604d5afd,3,6b7e1f5b521de19b,d4f34f97b6d22a81,Won,51052.62773612104,52,-0.5528957890405956
6e10d58fd13a3646,2,6b7e1f5b521de19b,6f9a9c5f2856c8b3,Lost,4420.874168078671,1229,-0.5528687024754297
9ce2b54ae6e29c93,0,6b7e1f5b521de19b,6f9a9c5f2856c8b3,Open,182212.48852760898,530,-0.5528611329743675
9b856db8bda6af80,5,6b7e1f5b521de19b,6f9a9c5f2856c8b3,Won,12396.748257014939,29,-0.5527357066351704
558ad29f29e5adc5,4,255414ab73601d72,28c9c64e5918b06e,Lost,1955.8320496747117,749,-0.5527286733136024
6893b80a2a67ce2c,5,6b7e1f5b521de19b,6f9a9c5f2856c8b3,Lost,14505.196910405515,467,-0.5527062517616738
b9f8efe7eb9b3470,3,6b7e1f5b521de19b,d4f34f97b6d22a81,Won,495487.9268917435,31,-0.5526342119066053
d62e8b9919582a28,0,95a23e7fbcc5841e,,Lost,20798737.711972047,206,-0.5525991291496528
e17284eda654dce4,0,e366e0e543d0c5cd,,Won,128202.84240328202,454,-0.5525312198898119
7147b234cd78de68,3,6b7e1f5b521de19b,,Won,111525.8698793422,937,-0.552531175374196
3b4d155c21e1c81f,4,6b7e1f5b521de19b,d4f34f97b6d22a81,Won,161269.90159071737,197,-0.5525242012574543
4556ff76302c4bfa,0,6b7e1f5b521de19b,,Won,76057.68653515907,1087,-0.5525237138866499
2ec5bdfd2eb58f43,0,6b7e1f5b521de19b,,Open,10004224.408039277,780,-0.5524891671383692
06a1027a7ec72a63,5,6b7e1f5b521de19b,d4f34f97b6d22a81,Open,33009230.704332188,0,-0.5524345484104656
bf47b23f50990da4,3,6b7e1f5b521de19b,,Lost,3303.290441942712,914,-0.5524096256306009
0a02793df1ce9678,2,6b7e1f5b521de19b,6f9a9c5f2856c8b3,Lost,98.49392076768089,1015,-0.5523994341537503
6db764fa915ecf19,0,6b7e1f5b521de19b,,Lost,4218959.490718553,511,-0.5523938044088997
a1e9c2486a07b6ef,1,6b7e1f5b521de19b,,Lost,1019.5673720070348,785,-0.5523337778977746
fce83d0403033610,2,6b7e1f5b521de19b,6f9a9c5f2856c8b3,Won,64.10035007555453,992,-0.5522907911110886
fe0e18afc232a817,4,16450d61eee679f5,d4f34f97b6d22a81,Won,163675.4899143041,638,-0.552218069194348
d0ec81972d472cf8,3,6b7e1f5b521de19b,,Lost,2.4198904513070483,656,-0.5522039180177366
6b39ed35dd7be27a,5,cca8e68b78e095c5,28c9c64e5918b06e,Lost,1040590.9362684556,147,-0.5521982233998023
1cfc852d5ee3daae,3,6b7e1f5b521de19b,d4f34f97b6d22a81,Lost,1351.32831267334,1401,-0.5521802579797956
222815e4245df707,3,d80899b211b3d52f,,Lost,1.170863568534039,8,-0.5521427520499514
d4cabd45c5880f72,5,75c64824a2a4e380,d4f34f97b6d22a81,Lost,16932509.582526788,40,-0.5521249329486765
d557ab83d3c4cb6c,4,e9943875f43f341e,28c9c64e5918b06e,Lost,1392871.5986888546,29,-0.5519610872568055
6707d73d8b861931,4,fd10c5543bdbcbc9,d4f34f97b6d22a81,Lost,63311.02418624241,864,-0.5519562687983782
74ca5d564cb992da,0,6b7e1f5b521de19b,6f9a9c5f2856c8b3,Won,1274.4345559819872,6,-0.5518670998011104
d2e769f76152f494,0,6b7e1f5b521de19b,6f9a9c5f2856c8b3,Lost,1118752.899015187,498,-0.5518257507007089
baf78af0e0b819fa,2,6b7e1f5b521de19b,,Won,101651.53858054554,1231,-0.5517037980064514
c8679b75a1081424,4,6828ce51082c111b,28c9c64e5918b06e,Lost,14536.618307476703,923,-0.5516754624455741
ead2fb971e5e0bcc,6,6b7e1f5b521de19b,,Lost,37384.79275335795,1109,-0.5516705442166387
58c9fef1d1f8fae3,4,7545e34e09ae9cad,28c9c64e5918b06e,Lost,679975.4819898672,698,-0.551607922948414
8bff526389be08d3,4,cca8e68b78e095c5,28c9c64e5918b06e,Won,103489.0196316972,117,-0.5515271518720376
e06c5c950b235e3e,4,38080774be85927f,28c9c64e5918b06e,Lost,3346054.789720387,238,-0.5513727123032722
fd1eef79c93351f8,6,6b7e1f5b521de19b,,Open,1.170863568534039,1102,-0.5513580125003416
bfd07995a0a1b1d1,3,6b7e1f5b521de19b,,Won,26661.03062598112,386,-0.551347307721527
9ec707258e340cba,2,6b7e1f5b521de19b,6f9a9c5f2856c8b3,Lost,24265.75829556772,1273,-0.551237926056334
89899108a7283d38,2,6b7e1f5b521de19b,6f9a9c5f2856c8b3,Won,7820.0047341198515,1917,-0.5512345440672405
bc198d752df4745c,2,6b7e1f5b521de19b,6f9a9c5f2856c8b3,Lost,630192.1480854384,83,-0.551161008889636
b7b0c611a79f8236,2,6b7e1f5b521de19b,6f9a9c5f2856c8b3,Lost,98.49392076768089,973,-0.5511404426258733
cbd839fc68f37d10,1,6b7e1f5b521de19b,,Open,1893.7888334569147,315,-0.551070176632458
871e2280bbac0a55,0,6b7e1f5b521de19b,6f9a9c5f2856c8b3,Open,55852.94395346436,376,-0.5510620448232002
e67caee3c78d657b,5,6b7e1f5b521de19b,6f9a9c5f2856c8b3,Won,139571.23163035788,584,-0.5510158283988972
ab31a284cacd52de,2,6b7e1f5b521de19b,,Lost,1.170863568534039,927,-0.5509826078692833
1611c631c0b49dc1,6,6b7e1f5b521de19b,,Lost,40882.782652931186,1006,-0.5509565144754218
bff17c89696f1539,2,6b7e1f5b521de19b,,Lost,90438.84339382048,1371,-0.5509021250927437
9dc0bdf1ff704964,2,6b7e1f5b521de19b,6f9a9c5f2856c8b3,Lost,98.49392076768089,892,-0.5508660493693385
bfb5a2ba0d5a32c8,3,6b7e1f5b521de19b,,Won,1.170863568534039,161,-0.5508449889182119
68af97fa4f046a82,3,ddbd249e57ed6b40,d4f34f97b6d22a81,Interrupted,3320.860307899298,671,-0.550810129564918
6e99dd637ce6ae33,0,6b7e1f5b521de19b,6f9a9c5f2856c8b3,Lost,1.170863568534039,838,-0.5508074320919875
5c9f882c78af8712,5,6b7e1f5b521de19b,d4f34f97b6d22a81,Lost,140801.02686829786,1069,-0.5507875565681295
882bc7324abb1819,4,ad69d8c998aaf479,28c9c64e5918b06e,Lost,95433.96966691586,972,-0.55076312768906
1d9f172ac333a7db,6,6b7e1f5b521de19b,,Won,337811.19000404584,274,-0.5506965093595207
037f55c5a0033b1f,5,6b7e1f5b521de19b,,Lost,1828204.312904366,196,-0.5506788469469123
eb3fe7867e76fa36,6,6b7e1f5b521de19b,,Lost,1.170863568534039,118,-0.5506751550893902
dba3fc1e675f0d26,2,6b7e1f5b521de19b,6f9a9c5f2856c8b3,Lost,98.49392076768089,1008,-0.5506474373740886
b7e21c6b9d1cfd80,5,6b7e1f5b521de19b,d4f34f97b6d22a81,Won,109153.9990043616,516,-0.5505767557609216
66d08e5b20c9c9cd,0,6b7e1f5b521de19b,6f9a9c5f2856c8b3,Lost,64060.88356670597,1417,-0.5505454929880628
6c5de19e748b0bfc,5,6b7e1f5b521de19b,d4f34f97b6d22a81,Lost,81.43217479245789,1031,-0.5505320077004697
3b2d581c90ca69cf,1,6b7e1f5b521de19b,,Won,439.42516124519364,557,-0.5505135065907533
8c694130061ad133,0,6b7e1f5b521de19b,6f9a9c5f2856c8b3,Lost,518315.5316594186,798,-0.5505131344566353
9e8edb9b670df492,0,6b7e1f5b521de19b,,Won,3950183.168938237,579,-0.5505084842124467
2ee374e768162b8f,4,d1650c60f1f48b67,28c9c64e5918b06e,Open,329575.0427115465,552,-0.5502356976574769
8ed1027e53f38997,0,c5340170d170e6cd,,Won,16931.403345871087,1358,-0.5502129034432547
0fc2db0f6bd42c08,1,6ab36d9b02cbcf6b,,Lost,13104.409853652167,785,-0.5500766785081466
67c3049888965482,3,6b7e1f5b521de19b,,Open,1.170863568534039,558,-0.5500488289097868
f1c79f5500777fb1,5,6b7e1f5b521de19b,6f9a9c5f2856c8b3,Won,1128198.7683204105,1141,-0.5500408714249373
d23841f48dc02a19,5,6b7e1f5b521de19b,d4f34f97b6d22a81,Open,12490.225604804098,22,-0.5500036746117782
cbf8ecf8a676a8b5,3,6b7e1f5b521de19b,,Won,9037.10438479805,43,-0.5499049687097246
50799d517df2f2a7,2,6b7e1f5b521de19b,,Lost,1.170863568534039,588,-0.5498826016623636
1b9c066afb3da0b5,2,6b7e1f5b521de19b,6f9a9c5f2856c8b3,Lost,98.49392076768089,1001,-0.5498631912564327
a3445975c0e9701d,2,6b7e1f5b521de19b,6f9a9c5f2856c8b3,Lost,98.49392076768089,1028,-0.5498574402965068
bb287159b494ed64,4,bd661df59343798b,28c9c64e5918b06e,Lost,220589.96156688652,808,-0.5498182267902559
9e2ea7e5c645abd6,4,255414ab73601d72,d4f34f97b6d22a81,Won,155412.20190854982,269,-0.5498149887871674
568b6a759fedbab5,1,6b7e1f5b521de19b,6f9a9c5f2856c8b3,Won,193176.29005137325,143,-0.5498128777153806
1650f3556f6c5ca2,2,6b7e1f5b521de19b,6f9a9c5f2856c8b3,Lost,98.49392076768089,964,-0.5498069553205366
adf75020db3e2ff1,2,6b7e1f5b521de19b,6f9a9c5f2856c8b3,Lost,98.49392076768089,1023,-0.5497820428351304
aa7452b5e2c39239,4,bd661df59343798b,28c9c64e5918b06e,Lost,9072.368309552197,844,-0.5497775328430302
30faf8d6533a4e79,3,6b7e1f5b521de19b,,Won,10552.149991951781,177,-0.5497617861418183
c657e3f130f72745,5,6b7e1f5b521de19b,6f9a9c5f2856c8b3,Won,46554.09051010813,2184,-0.5497387030294819
e746f4460eb6835b,3,255414ab73601d72,d4f34f97b6d22a81,Won,154471.402674597,156,-0.5497122486572344
bd2c1b741774834a,3,255414ab73601d72,,Won,28573.483992041623,42,-0.5497071492619137
f3c203d47777ab70,5,6b7e1f5b521de19b,6f9a9c5f2856c8b3,Won,38651.187041457226,2002,-0.5496389073459489
a6701d106efc96b3,4,e8c9e34bd8477e29,28c9c64e5918b06e,Lost,98459.5204325695,591,-0.5496038321774469
b4aa586106dcf0a0,0,6b7e1f5b521de19b,6f9a9c5f2856c8b3,Lost,73015.86851491751,1205,-0.5495424002038629
315a76a7cb4e15e9,2,6b7e1f5b521de19b,6f9a9c5f2856c8b3,Won,1.170863568534039,1322,-0.5494861097188712
10dbd6faca89d237,4,6b7e1f5b521de19b,,Lost,137442.34834327427,1330,-0.5494698312437138
74d4c66530ae1ff2,0,6b7e1f5b521de19b,,Lost,41220.682732799396,23,-0.5494531590703731
4b7f89f744d52c5e,0,6b7e1f5b521de19b,6f9a9c5f2856c8b3,Won,534617.5460560155,420,-0.5494174665187641
b8bada8466d0acf6,3,6b7e1f5b521de19b,d4f34f97b6d22a81,Won,3412.3831111741824,410,-0.5493864741025531
d8155696da8db435,2,6b7e1f5b521de19b,6f9a9c5f2856c8b3,Lost,98.49392076768089,1019,-0.5493716456369353
4a8b387a5a034947,4,7545e34e09ae9cad,28c9c64e5918b06e,Won,859396.8877679415,301,-0.5493399522974389
f43513a3c88d04c0,2,6b7e1f5b521de19b,6f9a9c5f2856c8b3,Lost,1.170863568534039,821,-0.5492779644175685
0a69090f26b159c0,2,6b7e1f5b521de19b,6f9a9c5f2856c8b3,Lost,98.49392076768089,1000,-0.5492507077498358
23f2ce06bd505f8f,1,6b7e1f5b521de19b,,Open,12704.983075923506,252,-0.5492071379136286
0982d032b645567c,0,6b7e1f5b521de19b,6f9a9c5f2856c8b3,Won,2019980.7647047213,461,-0.5491940821970293
5130ddd382df1e81,2,6b7e1f5b521de19b,,Open,1.170863568534039,606,-0.5491779693895861
398eb42a120409e3,0,e43bc3ffd79e75b6,,Open,869711.3941640588,11,-0.5489725463208976
95d6935c46f617d3,3,6b7e1f5b521de19b,d4f34f97b6d22a81,Won,42153.04991625518,314,-0.5489551501892727
c7af4f819cda1ec4,5,cca8e68b78e095c5,28c9c64e5918b06e,Lost,57997.80700246278,567,-0.5488983534035043
cf24259e42ee962a,0,6b7e1f5b521de19b,6f9a9c5f2856c8b3,Won,4682902.000635854,218,-0.548888298257353
abca3a6cdedcde74,2,6b7e1f5b521de19b,6f9a9c5f2856c8b3,Won,1.170863568534039,748,-0.5488852211328995
1bc716ab68c4c483,6,6b7e1f5b521de19b,14bffcff0ab1f3dd,Won,191486.2939065995,167,-0.5488452693454836
c64d83efdb63088c,3,6b7e1f5b521de19b,,Lost,2.4198904513070483,720,-0.548804967185503
5427757f46659525,6,6b7e1f5b521de19b,,Open,538612.9353368159,496,-0.5487791761103337
3f8d38ee7b260b65,2,6b7e1f5b521de19b,6f9a9c5f2856c8b3,Won,188909.0596158127,747,-0.5487709219629415
dde58b7a4c9781ca,3,6b7e1f5b521de19b,,Won,24907.310391417708,14,-0.5486996705224343
4ee00628134bb769,6,6b7e1f5b521de19b,,Lost,58809.10676808943,0,-0.5486991071806714
72a4e8364d180ec5,3,6b7e1f5b521de19b,,Won,36863.67208149304,692,-0.5486952345261132
f803f16ca2f203c9,5,6b7e1f5b521de19b,,Won,3217387.5463692634,991,-0.5486081819486356
81815d914ee01526,5,6b7e1f5b521de19b,6f9a9c5f2856c8b3,Won,213526.1509243394,481,-0.5485919599688103
8bb0bcd62f9d7392,4,38080774be85927f,28c9c64e5918b06e,Lost,1400890.633508356,1293,-0.5485710165840827
01af31f2d193e500,2,6b7e1f5b521de19b,6f9a9c5f2856c8b3,Lost,284919.37089067133,630,-0.5484560034571857
6896d16e6101c77d,5,6b7e1f5b521de19b,d4f34f97b6d22a81,Open,104364.58352076357,2,-0.54845548824065
a9028d2e26543835,4,bc1ed3f797726c56,28c9c64e5918b06e,Lost,50302.14206720952,35,-0.5484454507816279
c52d8613803d88cf,3,6b7e1f5b521de19b,,Lost,18553.707272546184,724,-0.5484293693375879
e779cea2d531d874,3,062b9e5a52eb6d8e,28c9c64e5918b06e,Won,25367.828113132746,67,-0.5483489121394862
66ae0708f10d9c26,5,6b7e1f5b521de19b,6f9a9c5f2856c8b3,Won,209839.62438009365,64,-0.5483354511892313
631c4555a79ed228,6,6b7e1f5b521de19b,,Won,1.170863568534039,446,-0.5483134327177184
33d9cedf572f9f0d,2,6b7e1f5b521de19b,6f9a9c5f2856c8b3,Lost,163.9486033326457,986,-0.5483043702901547
35adfa2a6b885042,5,6b7e1f5b521de19b,6f9a9c5f2856c8b3,Lost,2797.020120194504,932,-0.5482498374794574
41e7bf4ee1d737bd,2,6b7e1f5b521de19b,6f9a9c5f2856c8b3,Lost,124697.72507222384,942,-0.548205905496203
5c791680ff89a185,4,2b2258f96816182d,28c9c64e5918b06e,Won,22045.542611704583,158,-0.5481946898127726
69b359c24ccad7e4,0,062b9e5a52eb6d8e,,Won,8290.869253090716,576,-0.5481508294358424
654852b13020c75c,5,6b7e1f5b521de19b,d4f34f97b6d22a81,Lost,80711.30190151375,747,-0.5481090274537171
8dc4002485bc24a4,3,6b7e1f5b521de19b,,Lost,24659.214040497674,671,-0.5480413916279306
bcaf911c8e6b4d90,5,6b7e1f5b521de19b,6f9a9c5f2856c8b3,Won,605437.6309503842,1345,-0.5480282768481707
8af92356458c0c1c,3,6b7e1f5b521de19b,6f9a9c5f2856c8b3,Lost,14114.081541876965,1397,-0.5479687563781158
f25069ecd1be43ef,5,6b7e1f5b521de19b,,Lost,9648.963805727817,793,-0.5478756457796338
3a3a40ed1cf10082,2,6b7e1f5b521de19b,6f9a9c5f2856c8b3,Won,1423465.9137552006,806,-0.5478651145347947
1b15d97e0c3ede90,5,7b7c16a1b24ec3b8,28c9c64e5918b06e,Won,22034.235089467293,567,-0.5478620821899621
e730a90f2486fa56,4,255414ab73601d72,,Won,5423.6519717503215,990,-0.5478452314997991
8145f99143ae78cf,5,6b7e1f5b521de19b,6f9a9c5f2856c8b3,Won,15543.549188086792,14,-0.5477960328983442
b559db6b05c5e65f,1,6b7e1f5b521de19b,6f9a9c5f2856c8b3,Open,475396.5674753439,88,-0.5477934994847135
93be5fc16ee41e47,3,6b7e1f5b521de19b,,Open,2.4198904513070483,756,-0.5477696897442185
81af72e6b84c4e49,0,6b7e1f5b521de19b,,Won,249512.86117483865,1123,-0.5477334359869678
229b118bdd45c55e,0,6b7e1f5b521de19b,d4f34f97b6d22a81,Won,55894.29042048021,532,-0.5476866913319012
7ac6bb7e92f92727,5,6b7e1f5b521de19b,6f9a9c5f2856c8b3,Won,19188590.31579056,462,-0.5475714023925027
ac248bd143825008,2,6b7e1f5b521de19b,d4f34f97b6d22a81,Won,10618.860847551812,1903,-0.5475561188894663
2de749da31f5e845,0,6b7e1f5b521de19b,6f9a9c5f2856c8b3,Lost,86193.88375570544,952,-0.5475017750169341
4a7bb50a10a86097,3,062b9e5a52eb6d8e,,Lost,35845.270270304114,843,-0.5474526956864267
1e5bc4a6bf9e332d,3,6b7e1f5b521de19b,,Open,2.4198904513070483,756,-0.5473992016160583
56e14c4cefcd7752,2,6b7e1f5b521de19b,,Won,4271.355885203606,372,-0.5473873454425893
0f547fdba9737bf8,2,6b7e1f5b521de19b,6f9a9c5f2856c8b3,Won,1158770.1649794192,385,-0.5472609683895996
8dfd3b397e8131aa,2,6b7e1f5b521de19b,6f9a9c5f2856c8b3,Lost,98.49392076768089,999,-0.5472032470818083
11c70e0bbc5c6fe9,4,6b7e1f5b521de19b,28c9c64e5918b06e,Lost,181539.50881204434,1036,-0.5471607333968279
fc40ddaa99d5f552,3,6b7e1f5b521de19b,,Lost,9648.963805727817,1346,-0.5470858272199712
b4a030ed64ecac2e,2,6b7e1f5b521de19b,6f9a9c5f2856c8b3,Won,12247101.934627812,398,-0.5470376534194012
913fa4854506a1c3,1,6b7e1f5b521de19b,,Lost,112791.82653213794,785,-0.5470159319832256
2bdd225abb42c9bd,0,6828ce51082c111b,,Won,58537.91681298978,414,-0.5469886719339284
af4817f654db7202,3,6b7e1f5b521de19b,,Won,585825.8532761427,888,-0.5469138817204069
7ae5bdc4dfacf063,3,6b7e1f5b521de19b,,Lost,5083.8994500666495,704,-0.5468966348809605
26ccf7a78d535b02,0,6b7e1f5b521de19b,6f9a9c5f2856c8b3,Won,40917.998899623955,1554,-0.5468759639948316
ad944943cd0144d8,3,6b7e1f5b521de19b,,Lost,2.4198904513070483,998,-0.5468571710155812
043d94e89b4c21eb,0,062b9e5a52eb6d8e,,Lost,1845240.0868962975,361,-0.5467856665152834
9577b76a4b1f57a7,4,fc3655a0b667e091,28c9c64e5918b06e,Won,780708.3382521955,529,-0.5467828425193333
244211fc953b1d98,0,6b7e1f5b521de19b,6f9a9c5f2856c8b3,Won,352120.1128156937,951,-0.5467046035055126
98b5c59f5ee2ac0e,3,6b7e1f5b521de19b,,Won,1.170863568534039,627,-0.5467018846746697
4f66dee92b44ddf3,0,6b7e1f5b521de19b,6f9a9c5f2856c8b3,Won,69555.08578141697,713,-0.5466866010437821
40a05f447dad976f,2,6b7e1f5b521de19b,6f9a9c5f2856c8b3,Lost,98.49392076768089,882,-0.5466143141751493
2c724175f7251c15,2,6b7e1f5b521de19b,6f9a9c5f2856c8b3,Lost,98.49392076768089,980,-0.5465793295167671
47c8557d0b6820d0,2,6b7e1f5b521de19b,d4f34f97b6d22a81,Lost,1.170863568534039,969,-0.5465146863796435
f6e274e9d51bac1c,0,094db0c8e3f744a6,,Interrupted,1845240.0868962975,562,-0.5464850048928814
0354c8893dd920b3,2,6b7e1f5b521de19b,6f9a9c5f2856c8b3,Lost,98.49392076768089,963,-0.546478825143576
65f22b7527815973,1,6b7e1f5b521de19b,,Lost,157109.1118478924,786,-0.5464739354534679
ea7c83e5b2aeeefc,1,6b7e1f5b521de19b,,Lost,170202.45353808234,889,-0.5464635381692818
d7066d68c9c1368b,3,6b7e1f5b521de19b,,Lost,15722.231770345781,14,-0.5464569349418491
0aa3b4f9cf0100b5,0,6b7e1f5b521de19b,,Open,2606243.9231851483,1051,-0.5464337711915235
a5133e7a6630dcb4,4,50eed3a38225a8be,,Won,163546.08950380422,532,-0.5464131160584234
594832078089686b,2,6b7e1f5b521de19b,6f9a9c5f2856c8b3,Lost,98.49392076768089,970,-0.5463944567419015
479f0f9629df7112,3,6b7e1f5b521de19b,,Lost,838509.3311200591,715,-0.5463309943068012
0c22e60901039c01,3,6b7e1f5b521de19b,,Won,15937.686302304803,959,-0.5463227300659124
763720634c5b6743,1,6b7e1f5b521de19b,,Won,1893.7888334569147,1,-0.5462301694388478
569848f1fd495742,2,6b7e1f5b521de19b,6f9a9c5f2856c8b3,Lost,98.49392076768089,978,-0.5462096464976531
ec78451ea0a877a6,2,6b7e1f5b521de19b,,Interrupted,1.170863568534039,476,-0.5462095036142196
faf5575e03bc6f2d,0,062b9e5a52eb6d8e,,Won,3220632.889656161,863,-0.5461852673638293
b610b83008c96c6a,5,7b7c16a1b24ec3b8,28c9c64e5918b06e,Open,12483.414223318267,0,-0.5461111757800325
b412fb0df69415c9,4,38080774be85927f,28c9c64e5918b06e,Open,8237918.3565597925,0,-0.5460927175487174
4b85d3cd69fcbab5,5,6b7e1f5b521de19b,6f9a9c5f2856c8b3,Won,16501788.337894803,525,-0.5460816593407384
76ae8b428f188308,1,6ab36d9b02cbcf6b,,Open,89664.46366676311,1213,-0.5460663391188965
515770a913f0c8f8,5,6b7e1f5b521de19b,,Lost,1533.3934237864623,1124,-0.5459986207010841
3ff8908dcfdaed75,5,6b7e1f5b521de19b,6f9a9c5f2856c8b3,Won,154541.5749703798,1642,-0.5459353513430789
9503cd6f0659557c,0,6facd6091d3a488a,,Lost,1.170863568534039,111,-0.5458686144114624
31728ace3a8529ca,2,6b7e1f5b521de19b,6f9a9c5f2856c8b3,Lost,98.49392076768089,965,-0.5458402135164153
0d251e4c42a5fde6,6,6b7e1f5b521de19b,,Lost,1.170863568534039,422,-0.5458140466444771
b2966ea2e3186b0b,0,6b7e1f5b521de19b,6f9a9c5f2856c8b3,Open,68329.83053035871,1178,-0.5457591922805748
2772ca7f959f780a,2,6b7e1f5b521de19b,6f9a9c5f2856c8b3,Won,510195.63957207964,941,-0.5457409561328731
a41685ef4043f0ef,4,fc3655a0b667e091,28c9c64e5918b06e,Won,144126.00140624243,25,-0.5457278372333763
d7fc37a3876aac4a,0,062b9e5a52eb6d8e,,Won,11600.00097414683,576,-0.545682115802414
c55801108a6dc5d1,5,6b7e1f5b521de19b,6f9a9c5f2856c8b3,Won,53058.06453167018,460,-0.545673424212712
40e571c468b2f553,0,6b7e1f5b521de19b,6f9a9c5f2856c8b3,Won,203419.72469335058,689,-0.5456464392072767
de13ccfcd51a8ca9,2,6b7e1f5b521de19b,6f9a9c5f2856c8b3,Won,13474395.33683174,656,-0.545586422884635
be501332de30eee0,3,6b7e1f5b521de19b,,Lost,2.4198904513070483,800,-0.5455429700060379
9686ef4bfe68fe24,4,6d74405afdbc85ba,28c9c64e5918b06e,Open,1048582.1474511204,282,-0.5454994217348208
56bd6aa8a405729b,3,6b7e1f5b521de19b,d4f34f97b6d22a81,Won,31952.075307223648,265,-0.5454727371988094
8014de9d81344067,1,6b7e1f5b521de19b,,Won,94952.26042552343,650,-0.545453209941223
aa577db0bdd255b1,5,6b7e1f5b521de19b,d4f34f97b6d22a81,Won,89413.46379605994,19,-0.5454145775736233
195bd1ca08812ccf,5,6b7e1f5b521de19b,d4f34f97b6d22a81,Lost,75869.48880275282,474,-0.5453878764152225
51a4e7f32e09a34a,2,6b7e1f5b521de19b,6f9a9c5f2856c8b3,Lost,98.49392076768089,952,-0.5453707298235028
1eff979095e07fa8,5,7b7c16a1b24ec3b8,28c9c64e5918b06e,Open,1260413.464999336,447,-0.5453464412302466
11cd5bda3dd51288,5,6b7e1f5b521de19b,d4f34f97b6d22a81,Won,41336.211087455486,532,-0.5451160799018611
696c58d6ae44d91a,0,6b7e1f5b521de19b,,Won,127390.67543793937,1190,-0.545091941197576
0b7023d8fe1e2847,4,255414ab73601d72,28c9c64e5918b06e,Lost,336737.7104763853,884,-0.5450818947128634
8ca1870570128c45,5,75c64824a2a4e380,d4f34f97b6d22a81,Open,2330448.004940446,0,-0.5450715038141221
5eaed0b2066727ab,1,95a23e7fbcc5841e,,Lost,265210.3448969008,771,-0.5450681785727522
ac2522fac7b0abcb,2,6b7e1f5b521de19b,,Won,2033.9904096739053,443,-0.545013445174199
397d11e84d5119a2,4,38080774be85927f,d4f34f97b6d22a81,Lost,3061.6120260665875,928,-0.545012987689636
ecb78a5c395e0f08,6,6b7e1f5b521de19b,,Lost,139629.99208513057,221,-0.5448986887272262
5f184748202c94b0,6,6b7e1f5b521de19b,,Won,1148.8379999943145,13,-0.5448910959575447
4dfa6aa305ad793f,2,6b7e1f5b521de19b,6f9a9c5f2856c8b3,Lost,165427.97372967371,1112,-0.5448841457323161
5e9a7acbedddca05,2,6b7e1f5b521de19b,6f9a9c5f2856c8b3,Lost,98.49392076768089,885,-0.544839068954552
2570e214f048647d,1,6b7e1f5b521de19b,,Lost,157937.1691895249,675,-0.5448191955424176
93a63a43a0b8ea8d,2,6b7e1f5b521de19b,6f9a9c5f2856c8b3,Won,686087.5261636988,135,-0.5448034530403706
e2bf4a5c943eac4e,4,062b9e5a52eb6d8e,28c9c64e5918b06e,Lost,263871.6145682295,455,-0.5447137870279424
a23a7f0794e2bafc,6,6b7e1f5b521de19b,,Lost,989790.531462745,719,-0.5446972473090909
78abdd055a5fbe02,2,6b7e1f5b521de19b,6f9a9c5f2856c8b3,Lost,1.170863568534039,1024,-0.5446811028745988
f55a4bdc9392ca86,2,6828ce51082c111b,28c9c64e5918b06e,Lost,1955.8320496747117,741,-0.5446739380997621
6f3972b47d39d39c,2,6b7e1f5b521de19b,6f9a9c5f2856c8b3,Won,7702808.003436353,202,-0.5446302585958199
1885d9e3634ff475,3,6b7e1f5b521de19b,,Won,14005.202331550161,1581,-0.5445935358359946
3dd0e179735bcc69,2,6b7e1f5b521de19b,6f9a9c5f2856c8b3,Won,75408.50385718422,356,-0.5445873736794278
d5c357947c80dcd2,3,6b7e1f5b521de19b,6f9a9c5f2856c8b3,Won,8674.4318536578,739,-0.5445711243985879
0768765530609a73,2,6b7e1f5b521de19b,6f9a9c5f2856c8b3,Lost,98.49392076768089,915,-0.5445491646897903
ccde28d346b4d46e,6,6b7e1f5b521de19b,,Won,4989113.182984051,521,-0.54451951824525
49c39808a2484248,4,cca8e68b78e095c5,28c9c64e5918b06e,Lost,1345.9034912501302,922,-0.5444943634828013
00907a1c1e3f738b,3,6b7e1f5b521de19b,d4f34f97b6d22a81,Lost,1.170863568534039,1483,-0.5444366184887477
abab938a926dd70d,5,6b7e1f5b521de19b,6f9a9c5f2856c8b3,Lost,634627.0597740129,442,-0.5444267434470857
04225f7874902639,2,6b7e1f5b521de19b,6f9a9c5f2856c8b3,Lost,2407.9210275064875,1010,-0.544390864615011
ab6b639ade47cf54,3,6b7e1f5b521de19b,,Lost,2.4198904513070483,1088,-0.544365623581011
1c67f506a45780ba,2,6b7e1f5b521de19b,6f9a9c5f2856c8b3,Lost,98.49392076768089,903,-0.5443649785896392
09a2f531184f0172,4,fd10c5543bdbcbc9,d4f34f97b6d22a81,Lost,86352.99601584,844,-0.5443479107713453
b462cd5c0137e8c5,4,59d8a68db6ad0d77,28c9c64e5918b06e,Lost,162852.03491520736,487,-0.5443419866748136
487fdad111ba1d8c,2,6b7e1f5b521de19b,,Won,1729516.3773476002,702,-0.5442859631581815
15e6827a3b6f178b,4,95a23e7fbcc5841e,28c9c64e5918b06e,Lost,160868.59884894014,755,-0.5442729835211382
6f43223a231943c3,4,75c64824a2a4e380,28c9c64e5918b06e,Lost,1236.5261721116829,696,-0.5442486366239944
eee3cd48671cd35e,0,1bb1bb990c53f4fc,,Lost,25479657.532792773,372,-0.5442024216420726
383e350b687e4caa,4,255414ab73601d72,28c9c64e5918b06e,Won,22217.38251053186,840,-0.5441387858050077
1ffa3e92eb403170,2,6b7e1f5b521de19b,6f9a9c5f2856c8b3,Open,1.170863568534039,473,-0.5441294000402869
85e2e38b942eee60,0,6b7e1f5b521de19b,6f9a9c5f2856c8b3,Won,261647.56418076323,1102,-0.5441043118999352
c70ed1222a46cebb,0,9cd083484517be1d,,Lost,11715.3267852543,510,-0.5439975883937914
0a927e272d3b2525,3,6b7e1f5b521de19b,d4f34f97b6d22a81,Lost,10458.255059041787,1298,-0.5439588232293607
c56fedf3e0ba2f4c,2,6b7e1f5b521de19b,6f9a9c5f2856c8b3,Won,540337.9125595334,331,-0.5439162421807546
b1905008ef7ca051,5,6b7e1f5b521de19b,6f9a9c5f2856c8b3,Lost,1270.13340961338,999,-0.5439037070979806
98946eed875b83c0,2,6b7e1f5b521de19b,d4f34f97b6d22a81,Lost,652.7340904533738,1154,-0.5438983306633393
79e1092e8ddf75a6,6,6b7e1f5b521de19b,,Won,538708.8942572426,2,-0.5438781766380717
afa51184b82f15cb,3,6b7e1f5b521de19b,,Lost,9648.963805727817,1309,-0.543865336805918
6a45fda2bcf63051,3,6b7e1f5b521de19b,,Lost,26661.03062598112,867,-0.5438587514477221
69227bd8899ec96c,0,6b7e1f5b521de19b,6f9a9c5f2856c8b3,Lost,91097.46378403559,1564,-0.5438525390405212
42bf8eeb1ca6a7b7,2,6b7e1f5b521de19b,6f9a9c5f2856c8b3,Lost,7944.486261544795,1020,-0.543852289079069
51fbd3a68e34abd4,1,6b7e1f5b521de19b,6f9a9c5f2856c8b3,Open,128791.38025710067,65,-0.5437856396343554
66c0fafe16a8e718,4,dccb341afdd3894f,28c9c64e5918b06e,Lost,3146464.491363522,69,-0.5437748239755762
e1c5b60968750899,2,6b7e1f5b521de19b,d4f34f97b6d22a81,Won,3344.9377583729743,1567,-0.5437641828308781
caaea9f0a3c0873e,4,6b7e1f5b521de19b,28c9c64e5918b06e,Lost,32118.573921597286,1672,-0.543737917726753
dfdb5ef4cc88b9b9,0,062b9e5a52eb6d8e,,Won,212303.9598128691,391,-0.5437083104563326
5a4e7eabbbe44dd9,3,6b7e1f5b521de19b,,Lost,4666113.343469918,364,-0.5436423886031917
061d8f921a462f9f,0,6b7e1f5b521de19b,6f9a9c5f2856c8b3,Won,1636605.4094893727,490,-0.5436212998046993
429631cad704aea7,2,6b7e1f5b521de19b,6f9a9c5f2856c8b3,Lost,1395.1709962328732,916,-0.5435802967132307
bd80b5cb293f5949,1,6b7e1f5b521de19b,6f9a9c5f2856c8b3,Interrupted,13559.453675887105,223,-0.5435571343883663
50560c917af15de6,3,6b7e1f5b521de19b,,Lost,5083.8994500666495,481,-0.5435473846007418
0ebae7701c72d3fe,0,6b7e1f5b521de19b,6f9a9c5f2856c8b3,Won,16863.19591865575,6,-0.5435370650689573
3c1740c3dfa5693d,2,6b7e1f5b521de19b,6f9a9c5f2856c8b3,Lost,1.170863568534039,799,-0.5434640439286091
decd37f9cd4ec314,0,a0d28553c7be77f0,,Open,512694.38075749215,265,-0.5434605911330773
1d6f3a47492d1902,0,e8c9e34bd8477e29,,Won,5423.6519717503215,1031,-0.5433993763341229
1429e8fb1919396f,3,6b7e1f5b521de19b,,Lost,734949.6620437583,718,-0.543384075480899
5b1b26fd08b480bf,2,6b7e1f5b521de19b,6f9a9c5f2856c8b3,Won,1005.5695595050295,1286,-0.5433707654051665
88b5d0dcb1dbf2da,2,6b7e1f5b521de19b,6f9a9c5f2856c8b3,Lost,523933.75953170354,14,-0.5433630070014625
476a715c96ea0751,4,dccb341afdd3894f,28c9c64e5918b06e,Lost,1043887.640946543,407,-0.5433579993556188
05e70760551cf30c,5,6b7e1f5b521de19b,d4f34f97b6d22a81,Won,100003.94652092457,69,-0.5433161712568069
0055bc92ff747fae,3,6b7e1f5b521de19b,,Lost,21273.147061594493,1127,-0.5433114687885802
68c552854805432b,5,6b7e1f5b521de19b,6f9a9c5f2856c8b3,Lost,152849.2606406759,804,-0.5432685808132988
a0e45ed4b8791d15,3,6b7e1f5b521de19b,,Lost,28490.00469563869,413,-0.5432403668315815
8bf7187a66fac8c4,0,ac07a4f1ad9a4f67,,Open,2450.0970905682957,12,-0.5431963093466493
551ecb3982a2a360,5,6b7e1f5b521de19b,d4f34f97b6d22a81,Won,158829.1347734097,465,-0.5431906930336254
778ec1d501c1ee89,4,42a0974a7fcfe59f,28c9c64e5918b06e,Lost,124501.5434928934,1090,-0.5431424587164358
43bbe821c11c938d,4,7b7c16a1b24ec3b8,28c9c64e5918b06e,Won,46039.18840007971,830,-0.5431241240772149
261aa975bf683451,2,6b7e1f5b521de19b,6f9a9c5f2856c8b3,Lost,346870.7558187305,1003,-0.5430611478161391
3395ed5db7bba2c3,0,e366e0e543d0c5cd,,Won,55877.36687112124,591,-0.5429683114052336
7d7d4fb20768bde6,5,6b7e1f5b521de19b,6f9a9c5f2856c8b3,Won,131350.28798205915,797,-0.542964545623762
3af35bb2c0e346d3,5,75c64824a2a4e380,,Lost,311635.7236746147,992,-0.5429566070592805
30f0ffad89430e3b,0,6ab36d9b02cbcf6b,,Lost,18964.402153004456,723,-0.5429363570583623
0c4a3695285be88d,2,6b7e1f5b521de19b,6f9a9c5f2856c8b3,Lost,98.49392076768089,977,-0.5429113212604222
971737716f4cfdab,5,6b7e1f5b521de19b,d4f34f97b6d22a81,Won,243730.85342058886,56,-0.542900014240681
d999b97174a46dff,6,6b7e1f5b521de19b,,Open,3555257.481029086,92,-0.5428902850900607
adc9732c8512f544,5,6b7e1f5b521de19b,6f9a9c5f2856c8b3,Won,33013.20000109448,5,-0.5428357087546654
990e7aa8253eda99,2,6b7e1f5b521de19b,,Open,1.170863568534039,32,-0.5428234537544044
76e960390397ccef,2,6b7e1f5b521de19b,d4f34f97b6d22a81,Won,7223.509887770603,524,-0.5428089855712406
48156e84ed3ded37,3,6b7e1f5b521de19b,,Won,55849.44591755874,570,-0.5428034098485404
f211b7894a0d91da,4,b4d1bda83fb7745f,28c9c64e5918b06e,Won,192149.68679509865,532,-0.542795409373712
e554b606972f19ee,0,6facd6091d3a488a,,Lost,1.170863568534039,152,-0.5427864893502857
6ba19c2f6126ce62,4,255414ab73601d72,28c9c64e5918b06e,Won,210556.4083550886,52,-0.5426704371321582
a067932b665c92bc,2,6b7e1f5b521de19b,6f9a9c5f2856c8b3,Won,48803.62579761515,7,-0.5426616831275698
a63a9b1187578ec0,0,6b7e1f5b521de19b,6f9a9c5f2856c8b3,Open,164517.18266340945,601,-0.5426568779732024
43043c665b68098e,3,6b7e1f5b521de19b,,Lost,840054.8984803831,29,-0.5426417192266481
153e403299c3a6e2,5,6b7e1f5b521de19b,d4f34f97b6d22a81,Won,6009.906030357736,897,-0.5426066910336066
92dcda44a66df031,3,6b7e1f5b521de19b,d4f34f97b6d22a81,Won,1549.9395918660016,171,-0.5425610261458187
dc31df9c79fbb17d,3,6b7e1f5b521de19b,,Open,2.4198904513070483,1077,-0.5425476820820043
689392b19517e611,4,6d74405afdbc85ba,28c9c64e5918b06e,Lost,172.85167482212688,904,-0.542538173263034
3ba207c45f4f5dc5,2,6b7e1f5b521de19b,6f9a9c5f2856c8b3,Lost,1231.2988998144133,975,-0.5425352481705457
306c999e495eb8a2,2,6b7e1f5b521de19b,,Lost,11485.134609700683,722,-0.5424899553132517
0be3f431d069c8b1,4,7b7c16a1b24ec3b8,28c9c64e5918b06e,Won,253619.43814689128,692,-0.5424756489595604
1a3d71102479f576,5,6b7e1f5b521de19b,6f9a9c5f2856c8b3,Won,5711519.916023786,959,-0.542471915844178
4b75eb201403dc50,2,6b7e1f5b521de19b,6f9a9c5f2856c8b3,Lost,12161.80535851691,886,-0.5423915995913597
0fa2fd3780ed97fa,4,6d74405afdbc85ba,28c9c64e5918b06e,Lost,41581.234109837416,760,-0.5423866116736896
8e0e7a55a46cf154,4,6b7e1f5b521de19b,6f9a9c5f2856c8b3,Won,116133.00021374373,114,-0.542378289341627
eaa49ee06ba3b62f,6,6b7e1f5b521de19b,,Lost,1.170863568534039,535,-0.5422876440708204
b51e1f92b2ff2751,4,255414ab73601d72,28c9c64e5918b06e,Won,4806.280291300211,13,-0.5422709508888406
2f31bfb607e63577,0,6b7e1f5b521de19b,,Open,10004224.408039277,684,-0.542232253668965
24156c482d8a6cf1,2,6b7e1f5b521de19b,6f9a9c5f2856c8b3,Won,7536704.46744433,166,-0.5421893579369388
5c1f60a747b8408f,4,75c64824a2a4e380,28c9c64e5918b06e,Lost,1081327.6163947517,957,-0.5421700833080793
29c360ee60a2b431,4,6ab36d9b02cbcf6b,28c9c64e5918b06e,Won,482312.50399074925,90,-0.5421521862703614
6a4cf3081ba1a9e6,3,6b7e1f5b521de19b,d4f34f97b6d22a81,Won,3491.5637889414143,688,-0.5421502630843469
db011088352384b6,3,062b9e5a52eb6d8e,,Lost,2.4198904513070483,563,-0.5421200705506631
b1aaec3ddc411834,4,255414ab73601d72,28c9c64e5918b06e,Lost,3780.8268047803813,487,-0.5420987244786388
fa30b11ac90e016d,4,6c4dcb7e977b18ae,,Lost,557449.2948030367,623,-0.5420932800230637
c309f862b039831d,1,6b7e1f5b521de19b,,Lost,4386.252272523664,786,-0.542069137952802
a198d5e2bd383d5a,4,7545e34e09ae9cad,28c9c64e5918b06e,Lost,604737.480161856,663,-0.5420567989200539
3ec544760a4e539f,2,6b7e1f5b521de19b,6f9a9c5f2856c8b3,Lost,98.49392076768089,1036,-0.5420062821546598
683a8a876515878e,6,6b7e1f5b521de19b,,Open,349699.95873654354,231,-0.5419933195061426
e53172ee0d99cbd2,2,6b7e1f5b521de19b,6f9a9c5f2856c8b3,Lost,13734.136454144156,867,-0.5419856823045798
47bfb353b9849dd9,3,6b7e1f5b521de19b,d4f34f97b6d22a81,Won,2840.4626528925965,1527,-0.5418970598129605
77f489d6172f1559,3,6b7e1f5b521de19b,,Lost,2.4198904513070483,408,-0.5418926298024341
a0b557d00ad27a56,2,6b7e1f5b521de19b,6f9a9c5f2856c8b3,Won,5313.4205480970195,1872,-0.5418672715441715
53ecc065382e9d18,4,7545e34e09ae9cad,28c9c64e5918b06e,Won,1923365.962286068,362,-0.5418419363231166
46485439b1e5ffc6,2,6b7e1f5b521de19b,,Lost,1.170863568534039,889,-0.5418386166302686
8430564a6ee1ab4b,3,6b7e1f5b521de19b,,Won,69878.43124625106,167,-0.5418125374406668
897778def7311e7b,5,6b7e1f5b521de19b,d4f34f97b6d22a81,Lost,175667.05246556413,744,-0.5417142548787007
4f798b5ab9864679,1,6b7e1f5b521de19b,,Won,424.15682559772193,689,-0.5416953359636691
5ee22de628299bb5,3,6b7e1f5b521de19b,,Lost,2.4198904513070483,736,-0.5416004724994943
b7073f00c49326d6,4,7545e34e09ae9cad,28c9c64e5918b06e,Lost,224403.86503838294,592,-0.5415701229863756
0840eeadc5547fc8,3,6b7e1f5b521de19b,,Lost,557021.7052568932,1161,-0.5414950276621036
86dfd5352bc27b73,0,6828ce51082c111b,,Won,46531.28929082531,682,-0.5414870634765908
9e7cd16654caf741,5,6b7e1f5b521de19b,6f9a9c5f2856c8b3,Won,930710.2295006944,62,-0.5414695056645003
a4b08c5fec886ceb,2,6b7e1f5b521de19b,6f9a9c5f2856c8b3,Lost,98.49392076768089,1000,-0.5414605453328284
354ae880a94220b3,5,6b7e1f5b521de19b,d4f34f97b6d22a81,Lost,27810.24828228668,1124,-0.5413174897675467
afe1f8fbe7eca84a,0,6b7e1f5b521de19b,6f9a9c5f2856c8b3,Won,449764.01624855894,838,-0.5412785503528091
d08480dea1c05cf8,3,d80899b211b3d52f,,Lost,1.170863568534039,8,-0.5412724030325149
459489db218673be,0,6b7e1f5b521de19b,6f9a9c5f2856c8b3,Open,85310.81114042184,569,-0.5412716880115978
0a59ed59292706a2,0,6b7e1f5b521de19b,6f9a9c5f2856c8b3,Lost,2486.5641990229915,1091,-0.5412535349695332
c847b72d44c3bae9,3,6b7e1f5b521de19b,,Won,29889.51427805743,292,-0.5412299393754869
546245031627b9db,3,6b7e1f5b521de19b,,Lost,1.170863568534039,776,-0.54122045054359
f777077d8385eb1f,2,6b7e1f5b521de19b,6f9a9c5f2856c8b3,Lost,98.49392076768089,988,-0.5411923625039674
b3cfc16929cbf33d,2,6b7e1f5b521de19b,6f9a9c5f2856c8b3,Interrupted,1.170863568534039,798,-0.5411510512778418
76fd3dbf938e9eab,3,6b7e1f5b521de19b,,Won,557449.2948030367,856,-0.5411268575587317
38e080adfa9e2003,4,a0d28553c7be77f0,28c9c64e5918b06e,Won,35313.258467516935,626,-0.5411264576553265
b456a0bdca5529e3,2,6b7e1f5b521de19b,6f9a9c5f2856c8b3,Won,2.4198904513070483,187,-0.5411101633154154
ad1a082db667e531,5,6b7e1f5b521de19b,6f9a9c5f2856c8b3,Won,96995.67956935638,77,-0.5410569583404746
f47392c6ba469f0d,3,6b7e1f5b521de19b,d4f34f97b6d22a81,Won,100252.89820597565,185,-0.5410380774709095
3980b76c8a6ad6b2,3,6b7e1f5b521de19b,d4f34f97b6d22a81,Won,30250.093463425743,48,-0.5410207625033103
06951ec683e300a3,5,6b7e1f5b521de19b,6f9a9c5f2856c8b3,Won,692486.2624996292,495,-0.5410185879962957
385eb27cef29c963,5,6b7e1f5b521de19b,6f9a9c5f2856c8b3,Won,1766316.967937143,524,-0.5409598227176767
9c8d44150ed62aae,5,6b7e1f5b521de19b,6f9a9c5f2856c8b3,Won,234987.33606034346,945,-0.5409517826356771
667d8ec908b0e917,5,6b7e1f5b521de19b,d4f34f97b6d22a81,Lost,6303.071958718679,651,-0.5409048266798041
87fe721bcb8c555c,3,6b7e1f5b521de19b,,Won,8961.085090240376,28,-0.5408660502400439
b51d6d30e2d98fa6,0,062b9e5a52eb6d8e,,Won,1275976.0252819066,583,-0.5408574412459438
10f0ca23bc4d4a72,3,6b7e1f5b521de19b,,Won,68130.33408842972,106,-0.540837063800842
71a7d71793c47649,5,6b7e1f5b521de19b,,Won,17661.176610564533,774,-0.5408264807805618
129b7ffd8569ebbd,2,4e40b1753336bf63,,Won,8269.642544488683,1,-0.5408184155215263
56ee93be72fe75c7,3,6b7e1f5b521de19b,d4f34f97b6d22a81,Open,466662.7455778542,9,-0.5407176041496868
c0f6570a6c5d22c5,1,6b7e1f5b521de19b,,Lost,62752.686453166,789,-0.5407056404775633
b1164b7502b817de,4,6b7e1f5b521de19b,28c9c64e5918b06e,Lost,104367.21824186051,1085,-0.540704982596358
ede2349d5944b247,2,6b7e1f5b521de19b,,Lost,176067.47142383596,908,-0.5406899208684808
c5044cedcdcdba86,1,6b7e1f5b521de19b,6f9a9c5f2856c8b3,Lost,609.207969734855,0,-0.5406824661552587
08206b90c46a4b18,1,6b7e1f5b521de19b,6f9a9c5f2856c8b3,Won,2299.9186525419227,510,-0.5406733570041081
9a9df0259e1e9e20,2,6b7e1f5b521de19b,6f9a9c5f2856c8b3,Won,5313.4205480970195,1881,-0.5406309914371932
2de7d011fbc0e0b9,2,6b7e1f5b521de19b,,Open,11981.44005651322,11,-0.5406210275678772
705b3e782180c0e6,0,e43bc3ffd79e75b6,,Lost,393312.47793447,957,-0.5406171976501675
3c6662718996b837,3,6b7e1f5b521de19b,,Lost,1.170863568534039,731,-0.5406043072305383
064da41f03aad233,2,6b7e1f5b521de19b,6f9a9c5f2856c8b3,Lost,206202.565074909,896,-0.5406001265842448
3d95d6228de31482,6,062b9e5a52eb6d8e,,Open,1.170863568534039,250,-0.5405774052691071
fac34b8d4cb88b55,2,6b7e1f5b521de19b,d4f34f97b6d22a81,Lost,22459.67200154799,63,-0.5405020691392745
746b3a945d3020eb,3,6b7e1f5b521de19b,d4f34f97b6d22a81,Lost,1287.0828528119127,1395,-0.5404320294829399
2f0d8f17cb9d933b,3,6b7e1f5b521de19b,,Lost,3907.5063660909323,6,-0.5404283413586161
4c50ea6d5ef1db33,1,e9943875f43f341e,d4f34f97b6d22a81,Lost,710836.2276405325,207,-0.5404000091209594
f160f3e14f2bd35e,4,d94a77dffd98d647,28c9c64e5918b06e,Lost,703685.6153613131,648,-0.5403493090288429
4cb33f87002c3ad6,2,6b7e1f5b521de19b,6f9a9c5f2856c8b3,Won,334582.43880242313,944,-0.5403296803622882
c85d6477a2dbccb2,5,6b7e1f5b521de19b,d4f34f97b6d22a81,Won,298605.8821210342,15,-0.5403280398442727
de11bcd1465c3d80,3,6b7e1f5b521de19b,,Open,2.4198904513070483,455,-0.5403170665787226
0d26df31a0969949,2,6b7e1f5b521de19b,6f9a9c5f2856c8b3,Open,11195771.770696174,626,-0.5403166355969449
90210def6ecb9962,5,6b7e1f5b521de19b,6f9a9c5f2856c8b3,Open,1399870.6979826037,1102,-0.5402169023297335
d87e2ce631690355,1,6b7e1f5b521de19b,,Lost,369.259760564038,0,-0.5402056092108393
a27fe50058bb7b7e,4,ac07a4f1ad9a4f67,28c9c64e5918b06e,Won,113851.80739248391,371,-0.5402052708091182
b6561bd040780fca,4,42a0974a7fcfe59f,28c9c64e5918b06e,Won,187890.09232598502,452,-0.5401954035348538
80e5c003d8b3c8e9,4,d94a77dffd98d647,28c9c64e5918b06e,Lost,198522.51030936398,727,-0.5401946349772182
49f73ec8104b5dad,3,6b7e1f5b521de19b,d4f34f97b6d22a81,Lost,1.170863568534039,1442,-0.5401930934842252
3f4ad4766d96b087,4,d80899b211b3d52f,28c9c64e5918b06e,Lost,1.170863568534039,0,-0.5401643818390872
40a78d751d9ef7f3,0,6b7e1f5b521de19b,,Won,477389.6371491831,769,-0.5401336067749445
5b99c4834b883208,0,6b7e1f5b521de19b,6f9a9c5f2856c8b3,Lost,113136.82531039044,906,-0.5400244948185211
eb84b13407e601fc,6,6b7e1f5b521de19b,,Lost,4895967.25018434,301,-0.5400210146998509
9873009c3a842357,2,6b7e1f5b521de19b,6f9a9c5f2856c8b3,Lost,23724.89489106836,629,-0.5399878601454582
0c5c251159632278,3,e43bc3ffd79e75b6,,Won,3405.0671155674604,429,-0.5399647422101786
5073e40f9a253f83,2,6b7e1f5b521de19b,d4f34f97b6d22a81,Won,146343.46402052452,25,-0.5398474095789838
1c6df74ccb7b6ffc,4,cca8e68b78e095c5,28c9c64e5918b06e,Lost,39086.89075484957,726,-0.5398142229272116
33e3f7f17594e696,5,a0d28553c7be77f0,28c9c64e5918b06e,Won,163516.59064103646,419,-0.5397982523206788
0659a0f80d8306cf,2,6b7e1f5b521de19b,6f9a9c5f2856c8b3,Lost,98.49392076768089,866,-0.5397747193835162
8a24e30fc0deee7d,5,6b7e1f5b521de19b,6f9a9c5f2856c8b3,Won,12017232.417525055,524,-0.5396770510857507
537dbb8744658e29,4,38080774be85927f,d4f34f97b6d22a81,Won,1.170863568534039,916,-0.5396541829030573
9829496bf0a3fa6d,4,bd661df59343798b,d4f34f97b6d22a81,Won,3120.9221827388747,529,-0.5396510724388035
836407085c80cf35,2,6b7e1f5b521de19b,6f9a9c5f2856c8b3,Won,176739.17303665093,1022,-0.5396285216150302
648c4efec13bc811,0,062b9e5a52eb6d8e,,Won,4942328.83091723,469,-0.53956254212586
081ce7cf059dc4ec,5,6b7e1f5b521de19b,,Lost,3950183.168938237,527,-0.5395476551778388
2be351a99b933d97,3,6b7e1f5b521de19b,,Open,2.4198904513070483,724,-0.539532549584118
49df1c01c48e96fc,5,6b7e1f5b521de19b,6f9a9c5f2856c8b3,Won,162307.10661574977,714,-0.5395321226928662
69b93b0b1fa3b3fd,0,6b7e1f5b521de19b,6f9a9c5f2856c8b3,Lost,103824.24950264633,1666,-0.5395150513259978
edeed7c9ec709a74,4,ac07a4f1ad9a4f67,,Won,16059.366716469647,819,-0.5394973640908723
c08b40db0c03ebd6,0,6b7e1f5b521de19b,6f9a9c5f2856c8b3,Open,2278109.6583754187,0,-0.5394821205115894
14c7f87c3b934519,4,75c64824a2a4e380,28c9c64e5918b06e,Won,408392.4940673071,25,-0.5394650750801457
0b849e375b7e67ca,5,6b7e1f5b521de19b,6f9a9c5f2856c8b3,Won,633517.0450750208,318,-0.5394573909813981
30bf857ffea0650c,3,6b7e1f5b521de19b,,Open,2.4198904513070483,0,-0.5393868150741442
1edfd98b60366667,3,6b7e1f5b521de19b,,Open,2.4198904513070483,0,-0.5393868150741442
70a9ad993f82cbc6,2,6b7e1f5b521de19b,6f9a9c5f2856c8b3,Won,59324.86923705416,1133,-0.5393584034348872
8bf117bee6789019,1,062b9e5a52eb6d8e,6f9a9c5f2856c8b3,Won,370.4969128672027,30,-0.5393542234721248
d23a0a362f337d7a,4,b4d1bda83fb7745f,28c9c64e5918b06e,Lost,610885.3804017925,434,-0.5393185395104487
0fdfef756299e4c0,0,95a23e7fbcc5841e,,Won,19655.98654235185,528,-0.5393181147813262
90e5aa36e02423c8,4,062b9e5a52eb6d8e,28c9c64e5918b06e,Won,31416.15717559415,137,-0.5392552880321491
7c103c1544c94e7e,0,6b7e1f5b521de19b,6f9a9c5f2856c8b3,Lost,4934.843810800224,802,-0.5392509919400424
3ac7b3e88462f90d,0,ca98f50aee8e1814,,Lost,2940320.756356726,819,-0.5392388436023621
42f10e95cb1bac84,2,6b7e1f5b521de19b,,Lost,4332846.669495451,69,-0.5392278041448705
fb60f8cee5f01077,2,6b7e1f5b521de19b,6f9a9c5f2856c8b3,Lost,98.49392076768089,969,-0.5392055452423214
563d29cd42ce4be2,3,6b7e1f5b521de19b,d4f34f97b6d22a81,Won,84355.49169398552,859,-0.5391875654468617
c1fdead63f5d7079,3,6b7e1f5b521de19b,,Lost,2.4198904513070483,697,-0.539186711676066
b6d58c282f5f1a85,6,6b7e1f5b521de19b,,Lost,263999.29512211593,752,-0.5391863496607937
83ef6ec637545237,3,6b7e1f5b521de19b,d4f34f97b6d22a81,Lost,4694.223952710472,999,-0.5391774426736848
3f6e0572527f6950,4,7545e34e09ae9cad,28c9c64e5918b06e,Lost,765.6824151359668,163,-0.5391055874500339
3f5a1c05980b05c4,2,6b7e1f5b521de19b,6f9a9c5f2856c8b3,Won,1350187.4823274766,36,-0.5390991514907583
b74f9b4c7432ca64,5,6b7e1f5b521de19b,d4f34f97b6d22a81,Lost,66161.84764491642,1004,-0.5390968105900621
ca570f11af40f986,0,ac07a4f1ad9a4f67,,Won,879.9733899881805,22,-0.539072444470287
86bd9c7f0dae9b4e,5,6b7e1f5b521de19b,6f9a9c5f2856c8b3,Won,21391044.24323548,328,-0.5390698971199455
a32abbd99c19571d,3,6b7e1f5b521de19b,d4f34f97b6d22a81,Lost,3883005.7774751578,524,-0.539033926557495
2af0c10be96cca09,2,6b7e1f5b521de19b,6f9a9c5f2856c8b3,Lost,4729.272390770497,599,-0.5390291303273477
f2bbc44ed992e054,1,6b7e1f5b521de19b,6f9a9c5f2856c8b3,Open,48615.20615323649,13,-0.5390237635280772
2878cd0b47d142a5,5,6b7e1f5b521de19b,6f9a9c5f2856c8b3,Lost,1.170863568534039,1018,-0.5389931663526518
603cc880aea5f8bf,4,38080774be85927f,d4f34f97b6d22a81,Lost,17436.87859502197,41,-0.5389793559063626
b5d52cb6ea2e08de,2,6b7e1f5b521de19b,6f9a9c5f2856c8b3,Lost,2529208.6375953136,782,-0.53878681900932
0e6f53262b6bc832,0,8e05397b18bfb06f,,Lost,978123.8390316073,672,-0.5387291479701655
8bdfce57cc5b5c2b,1,6b7e1f5b521de19b,,Won,3910.071270713863,0,-0.538726868075172
32f199dca69ac4e3,1,6b7e1f5b521de19b,,Lost,7495.264905653416,585,-0.5387159952577802
aa5adbd6c85eddee,0,8e05397b18bfb06f,,Lost,103932.5277970855,589,-0.5386811158174338
c340f70f2ca4255a,2,6b7e1f5b521de19b,6f9a9c5f2856c8b3,Won,891968.8702742078,525,-0.538671920867806
09c4bdf04157733e,2,6b7e1f5b521de19b,6f9a9c5f2856c8b3,Lost,98.49392076768089,882,-0.5386619899159444
a184c05c8044e372,4,6ab36d9b02cbcf6b,,Lost,22749.864852342493,549,-0.538616393453088
ea742418dffab0ca,0,7b7c16a1b24ec3b8,28c9c64e5918b06e,Lost,1684.898767285085,685,-0.5385947936808522
08fe5d0fa7b6c78a,2,6b7e1f5b521de19b,6f9a9c5f2856c8b3,Lost,98.49392076768089,964,-0.5384742868917032
ff332cfec87103d6,2,6b7e1f5b521de19b,6f9a9c5f2856c8b3,Lost,98.49392076768089,971,-0.5384702540624294
cefd6d0d81068459,2,6b7e1f5b521de19b,6f9a9c5f2856c8b3,Won,2219885.3742555236,1049,-0.5384551947231707
93c7790bd1e09967,0,6b7e1f5b521de19b,6f9a9c5f2856c8b3,Lost,80764.8620223662,1536,-0.5384422963326106
d8c53840bc625621,0,fc3655a0b667e091,,Lost,9648.963805727817,945,-0.5384407772009192
61980b1059620b57,3,6b7e1f5b521de19b,d4f34f97b6d22a81,Lost,162263.1958823924,429,-0.5384344286335112
5c159aa183d7b541,3,6b7e1f5b521de19b,,Won,13560.09216302832,311,-0.5384238288820689
0f263e2d66fe8a4b,5,cca8e68b78e095c5,28c9c64e5918b06e,Won,5143.14965163479,605,-0.5383836863157138
e03a5d8f32b7e249,5,6b7e1f5b521de19b,6f9a9c5f2856c8b3,Won,1543379.759938486,331,-0.5382535587319274
fe9f08b35b2cadf7,1,6b7e1f5b521de19b,,Open,3792.916709923468,109,-0.538253284840472
4a3f6fb04d258bc4,2,255414ab73601d72,28c9c64e5918b06e,Won,5048.490328134135,761,-0.5382351163567412
536c201a058d20ff,0,062b9e5a52eb6d8e,,Lost,139762.9977789083,545,-0.5381809334862226
50c738ada2d44ce4,2,6b7e1f5b521de19b,6f9a9c5f2856c8b3,Open,62801.858634794626,713,-0.538136578604319
7b8a4a688902cab7,3,6b7e1f5b521de19b,,Lost,48968.33625761659,699,-0.5380977533184905
0b658789cf6d31a6,2,6b7e1f5b521de19b,6f9a9c5f2856c8b3,Lost,7495.264905653416,747,-0.538000535325828
b5fe97aca14026ea,3,6b7e1f5b521de19b,d4f34f97b6d22a81,Open,13725.376200415716,7,-0.537999833348723
5b7d8aba8aa9355c,3,6b7e1f5b521de19b,d4f34f97b6d22a81,Lost,24035.573383251223,455,-0.5379888269676005
195d6ba42b249c69,5,6b7e1f5b521de19b,6f9a9c5f2856c8b3,Lost,347114.26364891697,1053,-0.5379792537129319
d3760f6c900c2e0f,3,6b7e1f5b521de19b,,Open,5083.8994500666495,0,-0.5379588130339357
0309347c410ecc95,4,7545e34e09ae9cad,28c9c64e5918b06e,Lost,391443.8479563949,427,-0.5379563445066298
3ded0cb5521f2e8b,3,6b7e1f5b521de19b,,Lost,29324.531411075328,945,-0.5379562446974715
289b40647d310bea,0,674ec33189ed753c,,Won,25102.753943361105,622,-0.5379376556886579
f298812dc6aaf1a2,4,6d74405afdbc85ba,28c9c64e5918b06e,Lost,93005.94517871739,490,-0.5379021712841239
dbe7ee9b7bc70536,3,6b7e1f5b521de19b,d4f34f97b6d22a81,Lost,124205.3216263573,90,-0.5379006929031465
cdd38e4c99fa095b,5,6b7e1f5b521de19b,d4f34f97b6d22a81,Won,152180.17212218017,231,-0.537898251924383
7adb1365cd30bf8b,5,6b7e1f5b521de19b,6f9a9c5f2856c8b3,Lost,364741.7698195972,14,-0.537773603356772
741e583874d469ea,4,cca8e68b78e095c5,28c9c64e5918b06e,Lost,443.7553186867069,959,-0.5377418929802588
4a61f9d6b372abbc,4,77c27bf8a409b6bb,28c9c64e5918b06e,Won,54291.93531125462,808,-0.5377405177715646
1c79f87aa5e40e25,5,6b7e1f5b521de19b,,Lost,25479657.532792773,456,-0.5377280813557653
3f91a745239ad403,3,6b7e1f5b521de19b,d4f34f97b6d22a81,Open,156541.17327282834,175,-0.537473536424858
5ccf32f837b06860,3,6b7e1f5b521de19b,d4f34f97b6d22a81,Won,140732.69384931805,453,-0.5374448298459886
ce7fd9bb144c0b0a,4,e366e0e543d0c5cd,d4f34f97b6d22a81,Won,207286.57335496024,125,-0.5374301641267835
483232f0c89dedf8,4,7608f4f5fafe9b10,28c9c64e5918b06e,Lost,200569.65983956217,439,-0.537413683812017
f33b7d6fe70505c6,3,6b7e1f5b521de19b,,Won,9037.10438479805,455,-0.5373991758327243
ff9ed0e5218101e4,5,6b7e1f5b521de19b,,Lost,2.4198904513070483,205,-0.5373955880642086
a59333e120da6948,4,6ab36d9b02cbcf6b,28c9c64e5918b06e,Lost,599960.9941830715,44,-0.5373613727147166
c57b6c3a1c3d1ce2,2,6b7e1f5b521de19b,6f9a9c5f2856c8b3,Lost,98.49392076768089,957,-0.5373325561066717
2540cfbee9d4ea06,0,6b7e1f5b521de19b,6f9a9c5f2856c8b3,Lost,94543.72836281604,1002,-0.5373156037645034
cabbb0474c8a42b1,3,6b7e1f5b521de19b,,Open,2357482.063301993,84,-0.5373127861330063
35a3197ffb51acb4,2,6b7e1f5b521de19b,6f9a9c5f2856c8b3,Lost,554451.5425062409,683,-0.5373040040551954
dbaf75d1a0879204,2,6b7e1f5b521de19b,,Won,155239.08665771675,1218,-0.5371899066208282
3fb63ab1dc57245d,5,6b7e1f5b521de19b,6f9a9c5f2856c8b3,Lost,98.49392076768089,1719,-0.537169806533256
f1030b8703442658,3,6b7e1f5b521de19b,,Open,97109.27790783095,3,-0.537146313211011
b3f93eb7fd816d80,0,6b7e1f5b521de19b,6f9a9c5f2856c8b3,Won,143632.83080351463,505,-0.5370432035003888
df1f1cb5fddbc62d,0,6b7e1f5b521de19b,6f9a9c5f2856c8b3,Won,4139689.7313426514,223,-0.5370276601505226
a82679058d2363ba,5,6b7e1f5b521de19b,d4f34f97b6d22a81,Open,81530.40153826769,0,-0.536976985455648
e7771a571a2665ec,3,6b7e1f5b521de19b,d4f34f97b6d22a81,Won,5315.066882482967,238,-0.5369753291563465
cac381c2fa121189,1,6b7e1f5b521de19b,6f9a9c5f2856c8b3,Won,380.09791236123107,7,-0.536968635748425
751aeb71a777f099,2,6b7e1f5b521de19b,6f9a9c5f2856c8b3,Lost,98.49392076768089,886,-0.5369252374785146
bac04bc2b1e1df1b,0,fd10c5543bdbcbc9,,Lost,2940320.756356726,609,-0.5369229216212632
fab0c31e3b3d1ffd,3,6b7e1f5b521de19b,,Lost,5655.969519442425,729,-0.5369153129666077
e609cb86f1af1c2e,3,fc3655a0b667e091,,Lost,48968.33625761659,43,-0.5368929874120943
85fbb510a7c8c975,2,6b7e1f5b521de19b,6f9a9c5f2856c8b3,Lost,98.49392076768089,945,-0.5368373206405233
9971c454283fe135,1,6b7e1f5b521de19b,,Lost,133402.2876932777,391,-0.5367896638770642
80e2b243c83faa3a,4,75c64824a2a4e380,28c9c64e5918b06e,Lost,1096587.8264956048,960,-0.5367861062091628
029ad418d85252ca,1,674ec33189ed753c,,Won,2.4198904513070483,6,-0.5367624793399145
f547c34fec345dbe,2,6b7e1f5b521de19b,6f9a9c5f2856c8b3,Lost,2894.726750072357,1167,-0.5367560884331195
e9b87d3cc6b196b9,1,6b7e1f5b521de19b,,Won,272.17570319624485,594,-0.536707544962174
4516de2f4455ee6c,5,6b7e1f5b521de19b,6f9a9c5f2856c8b3,Open,5526447.443578921,4,-0.5366940749771272
b4163bde1733e336,6,6b7e1f5b521de19b,,Lost,1.170863568534039,391,-0.5366649229247213
fb39b9a969b816ae,2,6b7e1f5b521de19b,6f9a9c5f2856c8b3,Won,17618869.73175425,478,-0.5366465701969112
ed550cb381a20a5e,5,75c64824a2a4e380,28c9c64e5918b06e,Lost,1.170863568534039,466,-0.5366140802939536
cdad52b471943c95,3,6b7e1f5b521de19b,,Lost,25102.753943361105,596,-0.5365462759099278
c2411566430a6b16,3,6b7e1f5b521de19b,d4f34f97b6d22a81,Open,38019.97120731995,666,-0.5365263819877611
d970f83d2562393c,2,6b7e1f5b521de19b,6f9a9c5f2856c8b3,Open,1.170863568534039,28,-0.5365202172731838
2920d46d26af784a,0,6b7e1f5b521de19b,6f9a9c5f2856c8b3,Won,1975549.955941722,96,-0.5365104472534213
17388cf71740fc87,2,6b7e1f5b521de19b,,Lost,8510.551032505591,1077,-0.5365082545881532
dd388f5756c1b227,4,ac6153076817c20f,28c9c64e5918b06e,Open,14681.803869642836,809,-0.5364934292946559
d30d5ecbb0e70764,6,6b7e1f5b521de19b,,Lost,648806.6631036288,47,-0.5364147976616438
4ab53f4d0003cd3d,4,a0d28553c7be77f0,28c9c64e5918b06e,Won,21727.00891836392,46,-0.5363173577017789
54056afdedd52413,1,6b7e1f5b521de19b,,Won,58827.498840189015,1325,-0.536304233389099
334dbb1861f02fe9,1,6b7e1f5b521de19b,6f9a9c5f2856c8b3,Won,20431.674379571217,131,-0.5362818125179517
f75ba7a362b2f56c,2,6b7e1f5b521de19b,6f9a9c5f2856c8b3,Lost,98.49392076768089,930,-0.536238990561371
8d3caa9696623fad,0,fc3655a0b667e091,,Won,77693.52783004094,14,-0.5362308196731543
591a6fa394fd86cc,3,6b7e1f5b521de19b,,Won,9945.277329031238,554,-0.5361944154328021
05b1bfea262d5bd0,6,6b7e1f5b521de19b,,Won,1.170863568534039,419,-0.5361720571379925
af455bc9aa426feb,1,6b7e1f5b521de19b,6f9a9c5f2856c8b3,Open,6866094.606235647,318,-0.5361579745194374
7233a1790f130bc9,5,6b7e1f5b521de19b,d4f34f97b6d22a81,Won,87930.60939265804,96,-0.5361158256717669
52f7677a25cfade0,2,6b7e1f5b521de19b,6f9a9c5f2856c8b3,Won,223982.25196135108,568,-0.5361089865169381
6123ee9869b9259c,4,75c64824a2a4e380,28c9c64e5918b06e,Won,2440.577660176822,329,-0.536096921435023
463d0ec66a3baff9,4,75c64824a2a4e380,28c9c64e5918b06e,Won,602058.1869465538,679,-0.5360841224745573
50e5178ab485e871,6,6b7e1f5b521de19b,,Lost,1.170863568534039,485,-0.5360795769787694
72811eeca85c2b77,3,6b7e1f5b521de19b,,Lost,1287.0828528119127,1199,-0.5360652970290741
474ecec70655b08d,2,6b7e1f5b521de19b,6f9a9c5f2856c8b3,Lost,98.49392076768089,937,-0.5360616300208128
24a27b835cca6c77,1,6b7e1f5b521de19b,6f9a9c5f2856c8b3,Open,144256.09256740374,293,-0.5360488196422076
4193ecd88fed3bc1,2,6b7e1f5b521de19b,6f9a9c5f2856c8b3,Won,1327323.195396574,280,-0.5360446981186376
cf29e695085a22b9,0,674ec33189ed753c,,Lost,20087339.253133062,423,-0.5360381814234714
35f7ddd0d0ca50c4,3,6b7e1f5b521de19b,d4f34f97b6d22a81,Lost,1351.32831267334,1442,-0.5360135263298983
3001259c38633e1e,4,255414ab73601d72,28c9c64e5918b06e,Lost,1267853.8801832576,540,-0.5359572979779874
61ab8ca448c4a857,5,6b7e1f5b521de19b,6f9a9c5f2856c8b3,Lost,635062.1453175398,1036,-0.5359396032596059
d37b50b95e6b22bb,4,1bb1bb990c53f4fc,28c9c64e5918b06e,Won,272200.2634841882,56,-0.5359297654309327
aa0818f78211e615,1,6b7e1f5b521de19b,,Lost,2.4198904513070483,0,-0.5359210358441177
9ffc2a26a06508d2,2,6b7e1f5b521de19b,6f9a9c5f2856c8b3,Lost,98.49392076768089,922,-0.5359004725698646
a22689307c9048c9,3,6b7e1f5b521de19b,d4f34f97b6d22a81,Open,53896.31752760635,734,-0.5358833684640687
ec2d90ed28694b61,3,6b7e1f5b521de19b,,Won,10809.877547110935,22,-0.535877222122904
c5813b5ea4b19f8e,4,6b7e1f5b521de19b,28c9c64e5918b06e,Lost,42127.5045571621,945,-0.5357647731275871
ef19a5bc42382b1f,3,6b7e1f5b521de19b,,Lost,2.4198904513070483,553,-0.5357423994479336
d479d34339451705,0,fc3655a0b667e091,,Won,132026.9398372616,526,-0.5357353802795715
f6b1c42734b15fd6,0,6b7e1f5b521de19b,,Lost,54608.54408792734,1049,-0.5357224046843
4fbdb0b90ed9b816,2,6b7e1f5b521de19b,,Lost,3313.4899437405993,0,-0.5357053616394105
e0c143448c8ff235,0,6b7e1f5b521de19b,6f9a9c5f2856c8b3,Won,266571.304162741,16,-0.535678863547101
8c51b89f7d1ec3df,4,b6bf95545ecbafbf,28c9c64e5918b06e,Interrupted,1.170863568534039,0,-0.5356589936137417
58228f0dab04b746,4,ac6153076817c20f,28c9c64e5918b06e,Open,851306.5708845424,750,-0.5356325713322416
6453824d21147aaa,0,6b7e1f5b521de19b,6f9a9c5f2856c8b3,Won,11107.390332985142,6,-0.5356283893336697
92d8d7c5301d0bd3,4,6828ce51082c111b,28c9c64e5918b06e,Won,23015.638586807516,1243,-0.5356266849763038
7f8232fce3ee1be9,3,6b7e1f5b521de19b,,Open,557449.2948030367,645,-0.535624425862889
b5679fd4738d7995,4,7b7c16a1b24ec3b8,28c9c64e5918b06e,Won,322183.12012281467,617,-0.5355542707862495
29d4f34005792efc,2,6b7e1f5b521de19b,6f9a9c5f2856c8b3,Lost,1.170863568534039,628,-0.5355522028604556
7b68446d22a85ded,2,6b7e1f5b521de19b,6f9a9c5f2856c8b3,Lost,3379309.50325147,832,-0.5355347630701377
7a92162a207b0650,1,6b7e1f5b521de19b,6f9a9c5f2856c8b3,Won,162123.22994013308,56,-0.535521861655104
88f0578fa00fb56f,4,1bb1bb990c53f4fc,28c9c64e5918b06e,Won,1.170863568534039,488,-0.5355175290296508
c562d8d21eeab903,1,6b7e1f5b521de19b,6f9a9c5f2856c8b3,Won,245.73493248011474,5,-0.5355008361181623
c45aac4a62e0d783,3,6b7e1f5b521de19b,,Won,1.170863568534039,95,-0.5354455869664005
a1f1e7a3a23f0fa3,3,6b7e1f5b521de19b,,Lost,29324.531411075328,420,-0.5354285571587403
04bfe90d76955230,0,6b7e1f5b521de19b,6f9a9c5f2856c8b3,Won,38076.481191071005,1652,-0.535332329421274
64914e8ebe98fdbf,4,ac07a4f1ad9a4f67,,Open,270801.9611719012,804,-0.5353253976602033
dd02bc6cae20cb10,4,fc3655a0b667e091,28c9c64e5918b06e,Lost,593828.5082883751,676,-0.5353107167520706
fe3f0825cd399e08,0,6b7e1f5b521de19b,,Open,150228753.08131316,41,-0.5352389458164947
f3cb40854825e8d2,4,7545e34e09ae9cad,28c9c64e5918b06e,Won,1436556.046031781,447,-0.5352231894829451
bc5a8b611cd265ba,3,6b7e1f5b521de19b,,Lost,9648.963805727817,29,-0.5351597174058987
3094a71c76b204a3,0,6b7e1f5b521de19b,6f9a9c5f2856c8b3,Won,27886.253374202865,331,-0.5351538695382878
fd05d8daa404a2bf,3,6b7e1f5b521de19b,d4f34f97b6d22a81,Won,12141.95672792557,10,-0.5351408589952332
62ed31eb275d1d96,4,243ad07a950d44ab,,Won,9648.963805727817,262,-0.5350429805558624
5667c2b9c784d8bf,5,6b7e1f5b521de19b,6f9a9c5f2856c8b3,Won,1061771.3563104651,510,-0.5350009041417814
8cd500258667c63e,0,674ec33189ed753c,,Won,8290.869253090716,587,-0.5349925311933291
baeed48616d48912,2,6b7e1f5b521de19b,6f9a9c5f2856c8b3,Lost,2089.206039094826,1408,-0.53496616969208
8a653f22e8aa3d47,2,6b7e1f5b521de19b,6f9a9c5f2856c8b3,Lost,2089.206039094826,1408,-0.53496616969208
39327e5f73fb0422,0,fc3655a0b667e091,,Won,263999.29512211593,485,-0.5349256828666032
8cb216e662d06836,5,6b7e1f5b521de19b,6f9a9c5f2856c8b3,Won,68.78700757536633,749,-0.5349153316353319
fbcee7f64037a561,3,6b7e1f5b521de19b,,Lost,48239.4063897756,483,-0.5349103645985387
d6d5b469670946a4,3,6b7e1f5b521de19b,,Won,21273.147061594493,806,-0.5349006296500116
28d9c79f1d278868,0,e43bc3ffd79e75b6,,Open,73237.08878153896,150,-0.5348234222570041
de2dd24d99332925,2,6b7e1f5b521de19b,6f9a9c5f2856c8b3,Lost,98.49392076768089,887,-0.5347865037926542
9ad480291862557e,4,38080774be85927f,28c9c64e5918b06e,Lost,1477008.1590451263,97,-0.5347535897920812
585ac1ca092ede1a,2,6b7e1f5b521de19b,6f9a9c5f2856c8b3,Won,235722.07163528708,89,-0.5347167946108088
2d5c2eacc04611ab,4,062b9e5a52eb6d8e,28c9c64e5918b06e,Won,4271.355885203606,818,-0.5346889592883969
9d08900de5326ec5,5,6b7e1f5b521de19b,d4f34f97b6d22a81,Won,32103.234582582227,642,-0.534683301192134
ee12aa90653207d9,4,3d151c683a3b4a85,28c9c64e5918b06e,Won,261051.1278187207,56,-0.5346654985437997
3fe3bcbc4202f122,4,b6bf95545ecbafbf,28c9c64e5918b06e,Won,265751.2357527631,626,-0.5346280433809586
7d05899d33de15f5,3,6b7e1f5b521de19b,d4f34f97b6d22a81,Lost,84.08580196246166,492,-0.5346108307271628
6d2d08f9e4092f01,3,6b7e1f5b521de19b,,Lost,16698.056126263495,1177,-0.5345224265700532
dcefc5fcea6e7457,2,6b7e1f5b521de19b,6f9a9c5f2856c8b3,Lost,1.170863568534039,679,-0.534500284165358
a9f4af9a85e9e985,5,6b7e1f5b521de19b,6f9a9c5f2856c8b3,Open,2595975.9854985704,866,-0.5344616831682998
929d8952216ce523,3,6b7e1f5b521de19b,6f9a9c5f2856c8b3,Won,1792431.292390732,202,-0.5344499372511298
fe593fdb93bd7942,1,6b7e1f5b521de19b,,Open,4535.253625562195,0,-0.5344346638111723
9b04d7beff7b811f,0,062b9e5a52eb6d8e,,Open,571392.6068614022,532,-0.5344194983717941
bf86176adfa815fe,2,6b7e1f5b521de19b,6f9a9c5f2856c8b3,Won,13381.243581429573,260,-0.5343673272807132
df3265a31087b79d,3,6b7e1f5b521de19b,,Interrupted,4854.049577612525,27,-0.5343615249327468
264fea24be3cb9f8,0,062b9e5a52eb6d8e,,Won,62711.217039058094,844,-0.5343500812092766
6d2c03fb19ad1482,3,6b7e1f5b521de19b,d4f34f97b6d22a81,Won,122824.51025763595,172,-0.5343289408258216
bde10b6d90561f18,2,6b7e1f5b521de19b,,Lost,1.170863568534039,592,-0.5343228800930513
f1875670e459d9af,3,6b7e1f5b521de19b,,Won,2.4198904513070483,667,-0.5343160522764864
d88cf49a04b015ae,2,6b7e1f5b521de19b,d4f34f97b6d22a81,Won,33200.19022816795,1740,-0.5342597293692821
2c5ea04161f92a87,5,255414ab73601d72,28c9c64e5918b06e,Won,24320.78021214658,352,-0.5342587453063655
abb66ccc23cac4fb,2,6b7e1f5b521de19b,,Open,1.170863568534039,363,-0.534252395674095
dba2229b5d5dd806,2,6b7e1f5b521de19b,,Lost,1.170863568534039,806,-0.5342048427384886
7212903ba433457e,4,56361fbe3349b5a6,28c9c64e5918b06e,Lost,1371806.1976735734,414,-0.5342004289378977
b9fc70455fab3224,0,6b7e1f5b521de19b,6f9a9c5f2856c8b3,Lost,42259.33440055769,181,-0.534175552467326
008529984242bc77,4,ac07a4f1ad9a4f67,,Won,2658381.7363537136,674,-0.5340866367214883
4b6840ca2c684714,3,6b7e1f5b521de19b,3b7caebd862368af,Won,5186.502594949308,98,-0.5340761941845568
c23115b7e506db0d,4,dccb341afdd3894f,28c9c64e5918b06e,Lost,1.170863568534039,214,-0.5340696617355041
07e70023fdea43fd,3,6b7e1f5b521de19b,d4f34f97b6d22a81,Won,166816.5827686077,184,-0.5340503518347148
193a34cba8790564,3,cca8e68b78e095c5,,Lost,4854.049577612525,266,-0.5340439656237774
636cba9fdc3e3713,2,6b7e1f5b521de19b,,Won,15442.593263559338,0,-0.5340080786286445
3fa01c84b89d7768,2,6b7e1f5b521de19b,6f9a9c5f2856c8b3,Won,45487.7972293119,401,-0.5339902173112951
965dfced2b881d65,2,6b7e1f5b521de19b,,Lost,5531318.218060355,900,-0.5339899461599867
8bd4643c1a7c7b59,5,6b7e1f5b521de19b,d4f34f97b6d22a81,Open,2373586.4571684795,77,-0.5339713253092288
17ef969e47c027e4,2,6b7e1f5b521de19b,6f9a9c5f2856c8b3,Lost,1.170863568534039,226,-0.5339469546906068
2973e5a7e331376a,1,6b7e1f5b521de19b,,Won,1893.7888334569147,2,-0.5339467600640274
622bf0dbd0078a38,1,6b7e1f5b521de19b,,Interrupted,114921.82631969865,903,-0.5339132098321299
ee4a493f3977d37f,4,062b9e5a52eb6d8e,28c9c64e5918b06e,Lost,78113.98529700645,471,-0.5338174447467577
fb144df77db9552e,4,6828ce51082c111b,28c9c64e5918b06e,Open,158646.32247147386,558,-0.5337604536776347
ea08398fab6d585e,2,6b7e1f5b521de19b,6f9a9c5f2856c8b3,Lost,1.170863568534039,516,-0.5337495367856054
d29bf99fddaff387,3,95a23e7fbcc5841e,,Lost,775212.4104637865,461,-0.5337065429813974
be1467d55a7e1c8d,4,6b7e1f5b521de19b,28c9c64e5918b06e,Lost,257267.45214967913,11,-0.5336932521715724
477b9640b8debdd1,5,6b7e1f5b521de19b,,Open,1.170863568534039,0,-0.5336500057865796
228d6a39675562fb,4,a0d28553c7be77f0,28c9c64e5918b06e,Won,420104.04856386344,210,-0.5336407040697626
e97266708cd29cc9,3,6b7e1f5b521de19b,,Lost,25102.753943361105,808,-0.5336122381068062
89aa67e11c20d1b9,2,6b7e1f5b521de19b,,Lost,5083.8994500666495,1096,-0.5335939489790557
09ce633f1ba7f90a,4,7b7c16a1b24ec3b8,28c9c64e5918b06e,Won,599859.915784524,623,-0.5335806636179068
a231d82164d41e21,3,6b7e1f5b521de19b,,Won,1008849.4388381258,846,-0.5335699235750067
c0c3d9e054786222,0,6b7e1f5b521de19b,,Lost,65064.44409714713,1197,-0.5335525544505962
f4369b1a1b6aee76,2,6b7e1f5b521de19b,,Lost,1.170863568534039,146,-0.5335468448877353
a90f0d5216d64a2f,5,6b7e1f5b521de19b,d4f34f97b6d22a81,Won,10290.283669281405,13,-0.5335286925370233
e8962a69bdab9ad3,3,6b7e1f5b521de19b,,Won,2.4198904513070483,315,-0.5335171468088216
c82558ff6b32e07f,4,255414ab73601d72,28c9c64e5918b06e,Lost,5696.182406522174,947,-0.5334671147946395
ad4eef223bfe5fca,0,6b7e1f5b521de19b,6f9a9c5f2856c8b3,Lost,71994.41433464226,609,-0.5334546610861747
dbb6e6a1bb2b831e,0,fc3655a0b667e091,,Lost,5479.120830957844,878,-0.5334296217502751
b80cc9d80a062755,3,6b7e1f5b521de19b,,Won,38924.49193741338,779,-0.5334187038470378
c8ff23466e7cdd29,0,6b7e1f5b521de19b,,Open,147782.212188992,857,-0.533414290486667
e5201b80d26938a9,2,6b7e1f5b521de19b,6f9a9c5f2856c8b3,Lost,1.170863568534039,757,-0.5333791471554816
d51f0abadd62020c,5,6b7e1f5b521de19b,97ddc348b9993516,Lost,1306.5435206718141,442,-0.5333600962161655
5328e3a3390984f8,6,6b7e1f5b521de19b,,Won,9548.177348327423,13,-0.5333063716428708
d3d9b307f01c85d7,0,4dcb7378104041b8,,Won,6590.9859511915865,0,-0.5333033211333059
f5133f925670bd1d,0,6b7e1f5b521de19b,6f9a9c5f2856c8b3,Won,132734.4073658518,1213,-0.5332723735250261
f298732df53f6279,4,6ed6878990bf4a06,28c9c64e5918b06e,Won,257178.2385280287,377,-0.5332121515964214
b6261e69ce52c820,5,6b7e1f5b521de19b,6f9a9c5f2856c8b3,Lost,369.259760564038,868,-0.5331824808704652
d62909f000ae77ad,2,6b7e1f5b521de19b,6f9a9c5f2856c8b3,Won,38552.536068422545,6,-0.5331742577693908
5c75c31b7ed4dad7,3,6b7e1f5b521de19b,,Won,33564.73152821917,370,-0.5331693724393964
1c67972d2dc9d053,3,6b7e1f5b521de19b,,Won,21251.68285286782,28,-0.5330767713186083
48eb23ca94aa1e5a,3,6b7e1f5b521de19b,,Lost,524417.177630072,963,-0.5329722214153256
ecb44bf340d4000f,5,6b7e1f5b521de19b,6f9a9c5f2856c8b3,Interrupted,278.2580555801657,810,-0.5329694577626171
9fbad650468cf58e,4,38080774be85927f,,Lost,270801.9611719012,614,-0.5328920760668867
4ad7d92d394e2637,3,6b7e1f5b521de19b,d4f34f97b6d22a81,Open,4517.797135638614,67,-0.5328800834092623
7018c2d25b17653c,4,9cd083484517be1d,28c9c64e5918b06e,Lost,21505.795006299213,333,-0.5328780704795179
9ce181c1655ce7ff,0,6b7e1f5b521de19b,6f9a9c5f2856c8b3,Lost,1.170863568534039,614,-0.5328287730077361
4efebbc223012a92,0,6b7e1f5b521de19b,6f9a9c5f2856c8b3,Won,15736.943095522354,800,-0.5327794918259594
421f07df2c4b77e2,2,255414ab73601d72,28c9c64e5918b06e,Lost,8458.653216688856,520,-0.5327690220042662
88a7fd2ba9a8a15c,4,fc3655a0b667e091,28c9c64e5918b06e,Lost,1263624.069800061,1343,-0.5327447291269503
51394dd345469da3,1,6b7e1f5b521de19b,,Lost,4854.049577612525,785,-0.5327260345131607
812d1b5a95ea1346,2,6b7e1f5b521de19b,6f9a9c5f2856c8b3,Interrupted,18970.84409458454,724,-0.5327163206463378
38372dfe79194ef1,0,6ab36d9b02cbcf6b,,Lost,16151.508578454152,562,-0.5326933133347269
f5377df3130ceeec,3,6b7e1f5b521de19b,,Lost,30515.583088831216,460,-0.5326030675251959
a473329a471570c8,3,6b7e1f5b521de19b,,Won,2.4198904513070483,145,-0.5325632874792768
8144e62c53ac6e0e,2,6b7e1f5b521de19b,6f9a9c5f2856c8b3,Won,4562845.998941074,911,-0.5325555914545181
b580c0b123d4d6fc,5,6b7e1f5b521de19b,6f9a9c5f2856c8b3,Open,1562016.1939623794,769,-0.5325487025865949
146cf36fca027173,4,e9943875f43f341e,28c9c64e5918b06e,Won,1947.100788523083,555,-0.5325478472076536
ab32df54c8f4af55,3,6b7e1f5b521de19b,,Lost,1.170863568534039,111,-0.532523443703219
2a7efaff5a7bf4c2,6,6b7e1f5b521de19b,,Open,2578984.1004083403,149,-0.5324336907553173
4508eaad98d77aa3,0,062b9e5a52eb6d8e,,Lost,46742.11618284037,586,-0.532433391203365
7afd033bdf69760d,4,48deb34ff5cdd785,28c9c64e5918b06e,Open,880804.1711048215,125,-0.5324036368219585
04b5daadaa4606b1,5,6b7e1f5b521de19b,6f9a9c5f2856c8b3,Won,1394471.321594126,154,-0.5323763624632226
1f52a526999649cf,1,6b7e1f5b521de19b,,Lost,6618.183435287425,788,-0.5323696452530859
4dd06991f9d4082b,5,6b7e1f5b521de19b,,Lost,75929.20950931917,723,-0.5323155702480132
fdad7f5e1a01d54a,5,6b7e1f5b521de19b,d4f34f97b6d22a81,Won,84729.83759733889,938,-0.5323149816725109
2d494e273d86dca1,2,6b7e1f5b521de19b,6f9a9c5f2856c8b3,Lost,40827.846918471136,78,-0.5323062635698766
c87cd67afa60203a,3,062b9e5a52eb6d8e,,Lost,11264.189824104717,517,-0.5323005517041187
bdab0295b80a8347,1,6b7e1f5b521de19b,,Lost,13927.517144440533,730,-0.5322951377817577
f5f9807025b355c1,5,75c64824a2a4e380,,Lost,232583.15034905306,992,-0.5322507597358085
d13567db7682c28b,2,6b7e1f5b521de19b,,Lost,92504.1093225596,863,-0.5322502837551507
1779a0c1e13063ee,2,6b7e1f5b521de19b,,Lost,9648.963805727817,1175,-0.5322241488595022
1944c23ff5e94d07,1,6b7e1f5b521de19b,6f9a9c5f2856c8b3,Won,869.0917195670769,48,-0.532212313752461
c645518343e794ae,4,6d74405afdbc85ba,28c9c64e5918b06e,Interrupted,96289.98956958429,890,-0.5321763863696514
2199a918f977d843,2,6b7e1f5b521de19b,,Interrupted,7702.185155073742,718,-0.5320966187452135
e0dc946b1a4dc0b7,3,6b7e1f5b521de19b,,Won,17722769.470957346,259,-0.5320920473105614
d1d0f64e622b224c,1,674ec33189ed753c,6f9a9c5f2856c8b3,Won,609.207969734855,0,-0.5320834978322626
948e407b1d902a6e,1,674ec33189ed753c,6f9a9c5f2856c8b3,Won,609.207969734855,0,-0.5320834978322626
435ead26359bb4ed,1,674ec33189ed753c,6f9a9c5f2856c8b3,Won,609.207969734855,0,-0.5320834978322626
dc7bed6abf06a5bf,0,6b7e1f5b521de19b,,Open,171076.20712173736,898,-0.5320828868555384
5a4fd1f535630a7d,0,6b7e1f5b521de19b,6f9a9c5f2856c8b3,Lost,189925.837985998,1187,-0.532059555521026
2aeafe24501d96a5,3,6b7e1f5b521de19b,,Lost,3391.863497755878,731,-0.5320566556667065
a0d98aa8363a8f65,3,6b7e1f5b521de19b,,Won,1361.097108309281,826,-0.532043250038406
9f51992cfc7a9867,5,6b7e1f5b521de19b,d4f34f97b6d22a81,Lost,242109.37944460742,498,-0.5320415359042568
d549b0e331fcb87c,6,6b7e1f5b521de19b,,Won,1.170863568534039,183,-0.5320257665707461
c38f326590055fbc,3,6b7e1f5b521de19b,,Won,9511.339528769424,477,-0.53201511244631
36c673886492c5f0,3,6b7e1f5b521de19b,,Lost,21273.147061594493,1009,-0.5320046992129974
663b1d07486af224,4,7545e34e09ae9cad,28c9c64e5918b06e,Won,588043.694283887,40,-0.5319561154656687
1ea10df4e53ce373,0,6ab36d9b02cbcf6b,,Lost,24005.17481610561,562,-0.5319400906125733
7a21496f93ecf71b,3,6b7e1f5b521de19b,,Lost,1.170863568534039,537,-0.5319253715502633
53d2354b894d82ed,1,6b7e1f5b521de19b,6f9a9c5f2856c8b3,Won,1596.3601117288174,1,-0.5319056263448061
5e86ba46473b2f6d,6,6b7e1f5b521de19b,,Lost,4133283.2182899565,290,-0.531837040691553
379241366ad7c3ec,2,6b7e1f5b521de19b,6f9a9c5f2856c8b3,Lost,944.1005318198369,822,-0.5318333037569385
a780267c5ac545de,2,6b7e1f5b521de19b,6f9a9c5f2856c8b3,Lost,319487.38304092217,14,-0.5318253526230534
083635170d38a36c,2,6b7e1f5b521de19b,6f9a9c5f2856c8b3,Won,1742500.0701528732,1117,-0.5317784995132014
c625e2cfbeba6461,1,674ec33189ed753c,6f9a9c5f2856c8b3,Won,1764.6009990294433,0,-0.531770531111237
77b5ddd7865a2bdf,0,16450d61eee679f5,,Open,870350.122287474,0,-0.5317687779985716
83d9451f51420d2a,6,6b7e1f5b521de19b,,Open,3024573.7737894068,360,-0.531741371940769
2664d7ec5483936f,3,6b7e1f5b521de19b,,Won,44936.6865617782,405,-0.5317197219734797
c33c2da2894d4a07,3,6b7e1f5b521de19b,,Won,18970.84409458454,290,-0.5316915249289101
443da80d90589730,0,ac07a4f1ad9a4f67,,Won,8440.665562449834,739,-0.5316777677764963
3f54a692e0839541,5,6b7e1f5b521de19b,6f9a9c5f2856c8b3,Won,295315.81267365045,11,-0.5316615668338197
3f27afc233277530,3,6b7e1f5b521de19b,,Won,120607.67186286757,143,-0.5316412310223004
d3b4d854b866d45a,2,6b7e1f5b521de19b,6f9a9c5f2856c8b3,Lost,247.22238032605713,1071,-0.5316391082360115
ba7f2c42d7661168,5,6b7e1f5b521de19b,d4f34f97b6d22a81,Open,5061879.379735205,15,-0.5316069828471135
1d48802db8c74ebe,0,6b7e1f5b521de19b,6f9a9c5f2856c8b3,Lost,1.170863568534039,0,-0.5316018922208472
68fd39e9fcddbb46,2,6b7e1f5b521de19b,6f9a9c5f2856c8b3,Won,8247.284031980014,1699,-0.5315605698845622
6142c4b4d7c13915,6,6b7e1f5b521de19b,,Won,9637799.026485387,553,-0.5315356779390723
505665e60c983ffe,4,fc3655a0b667e091,28c9c64e5918b06e,Won,17406.87991876532,52,-0.5315001421008764
a19672b3978d263e,5,6b7e1f5b521de19b,6f9a9c5f2856c8b3,Won,93564.78576552498,1332,-0.5314211730573917
79837dde3545b810,3,6b7e1f5b521de19b,,Won,30060.621111756172,109,-0.531374893757912
837cf77625fce940,4,e366e0e543d0c5cd,d4f34f97b6d22a81,Won,159437.3618052946,74,-0.5313497527563643
a740d2a3050d47cd,0,6b7e1f5b521de19b,6f9a9c5f2856c8b3,Lost,129127.12946485887,1211,-0.5313314790506296
a98bdc0700bdb21e,0,6b7e1f5b521de19b,,Won,955907.4953941625,895,-0.5313030067185707
2abf181fe3d8d695,3,6b7e1f5b521de19b,d4f34f97b6d22a81,Won,50852.924923234634,446,-0.5312470439639566
d2553e219bc3ef18,2,6b7e1f5b521de19b,6f9a9c5f2856c8b3,Open,1124332.9123435305,866,-0.5312345040169121
7d0b340e4050e178,2,6b7e1f5b521de19b,6f9a9c5f2856c8b3,Won,362583.0732015068,1367,-0.5311540037495455
9b843864697ec14d,2,6b7e1f5b521de19b,6f9a9c5f2856c8b3,Won,5016.224337975826,16,-0.5311416469697265
44c5cd4588d81395,5,6b7e1f5b521de19b,d4f34f97b6d22a81,Won,213938.1553312928,914,-0.5311351409014207
a4d3c11c7573c75a,3,6b7e1f5b521de19b,,Lost,29324.531411075328,347,-0.5311079529729156
7df6878391118498,6,6b7e1f5b521de19b,,Lost,1.170863568534039,192,-0.5310900467220124
5bd6a015ca504d01,0,6ab36d9b02cbcf6b,,Lost,1142516.5739471884,203,-0.5310883205006511
a918b24a8c7ac71f,2,6b7e1f5b521de19b,6f9a9c5f2856c8b3,Lost,3801.0857030262005,923,-0.5310692926401431
fd2e9be36e0bce09,4,8f36933a863ddaa7,28c9c64e5918b06e,Open,665734.6916195512,202,-0.5309962732579827
39f38f8b02c55a83,1,6b7e1f5b521de19b,,Lost,37384.79275335795,795,-0.5309690107837824
067444ab56d05d2c,4,7545e34e09ae9cad,28c9c64e5918b06e,Won,889672.7637869477,39,-0.530963371409446
0c4ba9b7e412faf8,1,6b7e1f5b521de19b,,Won,225.97103181899482,475,-0.5309615947906313
c4339f78651ddbbb,3,6b7e1f5b521de19b,,Open,1.170863568534039,316,-0.5309587868357919
db41b51516b5e97a,3,6b7e1f5b521de19b,3b7caebd862368af,Won,48449.32585459606,509,-0.5309288650265963
10252b5fffdf4c7e,4,d80899b211b3d52f,,Lost,2.4198904513070483,577,-0.5308406884106734
52b1b11de1ae015e,1,6b7e1f5b521de19b,6f9a9c5f2856c8b3,Won,380.09791236123107,66,-0.5308358885841449
d0cf117e155d20b9,6,6b7e1f5b521de19b,,Won,2.4198904513070483,207,-0.5308032136523387
6c53236ec1d31a23,2,6b7e1f5b521de19b,6f9a9c5f2856c8b3,Won,7919.469135780232,2242,-0.5307754038120155
86692354aaf676cb,0,fc3655a0b667e091,,Lost,186111.8099534995,636,-0.5307675334791512
b4fc656b3665162d,3,6b7e1f5b521de19b,,Won,1.170863568534039,475,-0.5307561339250427
d1485b06fa7aa2f9,2,6b7e1f5b521de19b,6f9a9c5f2856c8b3,Won,2353799.495636527,858,-0.5307538892329619
c6ecf7f9137c073e,2,6b7e1f5b521de19b,6f9a9c5f2856c8b3,Lost,98.49392076768089,850,-0.5307248573862656
f008bf35bcfb0c12,5,6b7e1f5b521de19b,6f9a9c5f2856c8b3,Won,653608.7697650994,116,-0.5306950344681334
9f0ccd643ee646d8,3,6b7e1f5b521de19b,,Won,54018.7900492081,481,-0.5306858857929181
9d8be8979ee91425,2,6b7e1f5b521de19b,6f9a9c5f2856c8b3,Lost,98.49392076768089,852,-0.5306779596643807
057bfb7f2fea34e0,6,6b7e1f5b521de19b,,Won,1125954.5012187331,163,-0.5306446828254077
10608c3f1089d4c4,6,062b9e5a52eb6d8e,,Lost,284099.99733340595,168,-0.53061531597913
afdf8b31786175b9,4,6828ce51082c111b,28c9c64e5918b06e,Won,475777.88452110894,222,-0.5305985505946765
594d2e4cbf97287e,4,75c64824a2a4e380,28c9c64e5918b06e,Lost,1374045.4751664628,372,-0.5305799261441652
bf5affc3adb42787,4,cca8e68b78e095c5,28c9c64e5918b06e,Lost,20857.4921683789,301,-0.5305796925532134
ce0acd57b94bf386,0,6b7e1f5b521de19b,,Lost,11338.365398214035,547,-0.5305777379180903
9a681c2ac4edad1c,1,6b7e1f5b521de19b,6f9a9c5f2856c8b3,Interrupted,5329.555187006958,210,-0.5305711835975301
4b907ac2c2c46122,0,a0d28553c7be77f0,,Open,510044.4819514525,0,-0.5305401143737537
f0a3b3d578e3a5cf,3,6b7e1f5b521de19b,d4f34f97b6d22a81,Won,139019.7937373642,37,-0.5305056694282273
b95029ecc19394ff,0,062b9e5a52eb6d8e,,Lost,9441.094086528796,663,-0.5304859540185389
d850e137b00c31ea,2,6b7e1f5b521de19b,,Lost,1.170863568534039,721,-0.5304798186898948
4d90a70f7649ffa7,2,6b7e1f5b521de19b,6f9a9c5f2856c8b3,Won,5313.4205480970195,1711,-0.5304777706958338
f22faf1fd230a12d,3,6b7e1f5b521de19b,d4f34f97b6d22a81,Won,1920.9927010058366,993,-0.5304233273754335
b0cbd13648ba33d9,3,16450d61eee679f5,,Lost,3030.854673469465,664,-0.5304054067753986
59cf647f64feafff,0,6b7e1f5b521de19b,6f9a9c5f2856c8b3,Lost,51715.966794821536,747,-0.5303571248382858
a9efafc62d6c2afa,3,6b7e1f5b521de19b,,Lost,3303.290441942712,381,-0.5303180572949838
0f839dc714eb2a1a,0,6b7e1f5b521de19b,6f9a9c5f2856c8b3,Won,3093197.052914538,85,-0.5303139693864076
e7864cf1404b5fef,5,6b7e1f5b521de19b,6f9a9c5f2856c8b3,Open,429477.9996324568,25,-0.5302983993444421
d3f59a3402809ce8,3,062b9e5a52eb6d8e,28c9c64e5918b06e,Open,36209.16771936587,107,-0.5302442412572326
2b2e78cf74af7a70,5,6b7e1f5b521de19b,6f9a9c5f2856c8b3,Lost,132249.85275192247,1211,-0.5302330572026203
3d4e9b9634c63cce,4,ac07a4f1ad9a4f67,,Lost,557524.204013226,405,-0.5302317180081776
ee1972f3c18094db,3,6b7e1f5b521de19b,d4f34f97b6d22a81,Won,11339.184893560809,354,-0.530229916056175
2b551b5bcef8af66,1,6b7e1f5b521de19b,6f9a9c5f2856c8b3,Won,380.09791236123107,62,-0.5302102830066148
54b4bf7595f015aa,4,fd10c5543bdbcbc9,d4f34f97b6d22a81,Won,19229.55176197898,610,-0.5301598674410135
a51394d8c455a0d3,0,6b7e1f5b521de19b,6f9a9c5f2856c8b3,Won,94170.07617612115,779,-0.5301511826156518
d12928d6e34b9b2c,2,6b7e1f5b521de19b,6f9a9c5f2856c8b3,Lost,98.49392076768089,853,-0.5300904645183425
59598c6410186d5b,4,7b7c16a1b24ec3b8,28c9c64e5918b06e,Lost,1955.8320496747117,722,-0.5300777185821796
7a5cc26760a47685,3,6b7e1f5b521de19b,,Lost,20371.70242597519,502,-0.5300506103779659
94f68c107a669bb8,5,6b7e1f5b521de19b,6f9a9c5f2856c8b3,Won,2897968.9215147854,91,-0.5300454178809599
6e6b13596d160911,3,6b7e1f5b521de19b,d4f34f97b6d22a81,Won,20765.261130147053,17,-0.5300297797718073
d39631ec82a9e8b0,2,6b7e1f5b521de19b,6f9a9c5f2856c8b3,Lost,53308.79543184676,704,-0.530013031946716
470696b8b9425f59,4,ac07a4f1ad9a4f67,,Lost,1464.5110014338427,667,-0.5299988222495625
240073180ac3f66e,6,6b7e1f5b521de19b,,Lost,1.170863568534039,81,-0.5299810440195353
df1602b504d5e859,5,6b7e1f5b521de19b,6f9a9c5f2856c8b3,Won,831441.9733396196,162,-0.5299330414370739
668afcf4a8bfe083,5,6b7e1f5b521de19b,d4f34f97b6d22a81,Won,33295.81379985072,618,-0.5299262120342262
538ef480f66586c8,4,7b7c16a1b24ec3b8,f08bf9e156984a70,Won,64678.252567388256,151,-0.5298617101113217
4cc34b8396593626,4,ac07a4f1ad9a4f67,28c9c64e5918b06e,Lost,22453.940890245536,1081,-0.5298390157147882
4f8db909cb51b71e,4,255414ab73601d72,,Lost,1741399.4498730307,369,-0.5298292074317917
84634a33b1c956c5,3,6b7e1f5b521de19b,d4f34f97b6d22a81,Won,5008.180283396443,923,-0.5298123247340415
27d70a5f0ca01adf,5,6b7e1f5b521de19b,6f9a9c5f2856c8b3,Won,799.8859753880996,0,-0.5297488415638364
f7e83f04db25f37f,0,6b7e1f5b521de19b,6f9a9c5f2856c8b3,Won,64220.97078084615,614,-0.5297234877031344
b3134687bcddb2c2,2,6b7e1f5b521de19b,6f9a9c5f2856c8b3,Lost,19623.72126185764,923,-0.5297161685787845
1911196e134a07eb,4,38080774be85927f,d4f34f97b6d22a81,Lost,449299.0959412266,700,-0.5296957478496153
6429a9ba9f424ff6,4,6ed6878990bf4a06,28c9c64e5918b06e,Lost,696665.2417628119,525,-0.5296649920285115
a765fe13d02990d5,0,6b7e1f5b521de19b,,Won,9270.864526233152,631,-0.5296301887417472
92c4d178d29c96ce,5,6b7e1f5b521de19b,6f9a9c5f2856c8b3,Won,261562.70474757047,830,-0.5295855850725135
6d451fe03997c1d0,2,6b7e1f5b521de19b,6f9a9c5f2856c8b3,Won,48968.33625761659,1592,-0.5295332607043187
59395e76076982b1,6,6b7e1f5b521de19b,,Lost,1.170863568534039,208,-0.5294978791845137
8bcaec02f97fdfb8,6,6b7e1f5b521de19b,,Lost,366688.7003420356,621,-0.5294662050396345
c73c540e1194452d,0,674ec33189ed753c,,Lost,411426.6865125094,705,-0.5294639051974703
7c6fa61ccdda08f7,1,6b7e1f5b521de19b,6f9a9c5f2856c8b3,Won,233535.19826954973,392,-0.529413774696462
b3c6ece37f67627d,6,6b7e1f5b521de19b,,Lost,1.170863568534039,425,-0.5293872173962448
99947cca7c422e2f,5,6b7e1f5b521de19b,6f9a9c5f2856c8b3,Won,2925114.984978306,372,-0.5293623999168882
3c90369ebafb7a12,4,4dcb7378104041b8,28c9c64e5918b06e,Won,8437.509248853576,285,-0.529285352375703
14b922e32af04be6,4,255414ab73601d72,28c9c64e5918b06e,Won,51390.59818658722,421,-0.5292599008386375
0e8934866e9dd3ac,4,255414ab73601d72,28c9c64e5918b06e,Won,391178.1818792843,136,-0.5292426460103103
055db1cc254c7137,4,7608f4f5fafe9b10,,Open,44609.03985997288,871,-0.5292225563178561
36f6a1b40d9ec8d1,4,a0d28553c7be77f0,,Lost,12483.414223318267,1,-0.5292189856105601
966c29a4609535a6,4,e43bc3ffd79e75b6,28c9c64e5918b06e,Won,163580.18590567788,769,-0.5292175356487856
192bab5f5655042a,0,6b7e1f5b521de19b,,Open,15826603.332329372,736,-0.529198404234502
0901667dca735c0f,1,6b7e1f5b521de19b,6f9a9c5f2856c8b3,Won,1764.6009990294433,0,-0.5291924621221449
78af2dba90e409fd,5,75c64824a2a4e380,d4f34f97b6d22a81,Lost,330243.32779677515,391,-0.5291704393759856
1dd080f2d1c44c88,6,6b7e1f5b521de19b,,Won,32681.744455353062,6,-0.5291678886236875
354bd0f2304484a3,3,6b7e1f5b521de19b,,Won,27386.112985346343,303,-0.5291152049019894
daa800081e83c2df,0,6b7e1f5b521de19b,,Lost,11338.365398214035,804,-0.5290881206377565
14620fcda757398d,4,75c64824a2a4e380,28c9c64e5918b06e,Won,375074.99824659777,32,-0.5290813844034139
a75f80f69ebdf093,6,6b7e1f5b521de19b,,Lost,119873.84185334804,570,-0.5290235265257326
5ac2b7555b3f663a,0,6b7e1f5b521de19b,6f9a9c5f2856c8b3,Lost,412381.44632280385,897,-0.5290126324524813
e1f8da667ef05385,3,6b7e1f5b521de19b,,Lost,249518.2811662808,629,-0.5290034776125825
3447df57a2eadf23,5,6b7e1f5b521de19b,d4f34f97b6d22a81,Won,35720.41581782613,371,-0.5289850492975696
0af9619bcd29a434,1,6b7e1f5b521de19b,,Won,4535.253625562195,4,-0.528949303387451
616d6c3d218501a0,6,6b7e1f5b521de19b,,Won,2199491.572994397,215,-0.5289489068347081
a09c78f616f8acf1,1,6b7e1f5b521de19b,6f9a9c5f2856c8b3,Won,1049.9050276166283,59,-0.5288652670026964
ced07ce1a25006f5,4,fd10c5543bdbcbc9,d4f34f97b6d22a81,Won,8439.797764088533,348,-0.5288506207615219
dce545ce510ac03c,1,6b7e1f5b521de19b,,Won,7073.045894604816,735,-0.52884865182829
6422fd2e2d916926,2,6b7e1f5b521de19b,,Won,23452.530069164368,514,-0.5288217090728066
a259215babe8c1e8,1,6b7e1f5b521de19b,,Lost,4535.253625562195,44,-0.5288038091875525
dfcee9b130140fae,2,7b7c16a1b24ec3b8,28c9c64e5918b06e,Lost,11790.840028755738,680,-0.5287509688241183
681a4067273fb370,2,6b7e1f5b521de19b,,Lost,1.170863568534039,471,-0.5287106249679705
6fb7e43a80dc4f23,5,6b7e1f5b521de19b,6f9a9c5f2856c8b3,Won,768931.1903816275,1033,-0.5287068309261221
86321e9805194b5d,5,6b7e1f5b521de19b,d4f34f97b6d22a81,Open,729534.2850780489,0,-0.5286920824109436
c6118d282968efb2,6,6b7e1f5b521de19b,,Won,1206.0482706228593,19,-0.5286848478581071
ab42833f0fc92a98,1,6b7e1f5b521de19b,6f9a9c5f2856c8b3,Won,609.207969734855,13,-0.5286472575817246
8198305b29e3ac8a,1,6b7e1f5b521de19b,,Open,18459.22936713339,270,-0.5286470745969553
6bb7158acdeb3dec,5,6b7e1f5b521de19b,d4f34f97b6d22a81,Interrupted,1546.0372692768408,791,-0.5286180601941092
68a582887b4e0dd7,5,6b7e1f5b521de19b,d4f34f97b6d22a81,Open,1652802.7110121234,169,-0.5286030853800829
49229ab45bb1f068,5,6b7e1f5b521de19b,6f9a9c5f2856c8b3,Won,151344.0905343523,379,-0.5285759322560031
e03fae52ef828851,4,e366e0e543d0c5cd,28c9c64e5918b06e,Won,758319.3909935636,143,-0.5285620672579646
63c2020154d7bbe8,5,6b7e1f5b521de19b,,Lost,1.170863568534039,530,-0.5285418717250165
4ac705adcb076ee8,4,6828ce51082c111b,d4f34f97b6d22a81,Lost,540366.7725734309,604,-0.5285311829703033
db4e20330fc1d807,2,6b7e1f5b521de19b,,Won,8101.589619626553,176,-0.5285185861886372
17b1e22b82d9ea97,0,6b7e1f5b521de19b,,Open,2521022.25580936,0,-0.5285172946491835
1fc9ea1380a7f5a8,2,6b7e1f5b521de19b,6f9a9c5f2856c8b3,Won,2131180.6100494773,592,-0.5283988187029052
9c046fc97d71c54e,4,6d74405afdbc85ba,28c9c64e5918b06e,Lost,17036.76651141983,470,-0.5283916578524398
638122842ee1811b,5,6b7e1f5b521de19b,6f9a9c5f2856c8b3,Won,1585273.7890631845,435,-0.5283856314757791
1cf71d21355e4b27,3,6b7e1f5b521de19b,,Lost,2.4198904513070483,607,-0.5283341342399276
583e46697daf89dc,2,6b7e1f5b521de19b,d4f34f97b6d22a81,Won,1028.3146841294915,1396,-0.5283325606635317
d74cea5f869c4040,5,6b7e1f5b521de19b,6f9a9c5f2856c8b3,Open,10373460.710529229,599,-0.5283322255379301
055d605cc389a138,0,674ec33189ed753c,,Lost,1.170863568534039,630,-0.5283031493064757
bc7556fc8674c404,0,6b7e1f5b521de19b,6f9a9c5f2856c8b3,Won,18116.78244670909,2087,-0.5282990385960882
4222a91e027816a0,2,6b7e1f5b521de19b,6f9a9c5f2856c8b3,Won,2617416.125206691,601,-0.5282820483589922
68dd220f941659e4,3,6b7e1f5b521de19b,,Won,1.170863568534039,96,-0.5281918010266321
ce67fd6c4e0924ec,5,6b7e1f5b521de19b,6f9a9c5f2856c8b3,Lost,2048689.596700023,57,-0.5281719072214166
88853877cd29d5ea,1,6b7e1f5b521de19b,6f9a9c5f2856c8b3,Won,609.207969734855,3,-0.5281684198699018
f5b407e5732f9fab,5,6b7e1f5b521de19b,6f9a9c5f2856c8b3,Open,382963.3105655866,673,-0.528163213974505
2fe72fe85a1d629e,3,4e022f7ef6c9349f,d4f34f97b6d22a81,Won,4968.534836323483,154,-0.5281571646338332
28c60744d3d3790d,0,6b7e1f5b521de19b,6f9a9c5f2856c8b3,Won,12932.878817638059,14,-0.52812432126367
41701dd1ecb60795,2,6b7e1f5b521de19b,,Lost,35845.270270304114,1119,-0.5280931217642885
9982a94ef5251c73,4,255414ab73601d72,28c9c64e5918b06e,Won,472629.565412715,10,-0.5280234107726905
bf088e0f7acec4bf,0,6b7e1f5b521de19b,,Won,147287.64557422276,376,-0.5280127509411191
84a807cd89ed3ef3,3,6b7e1f5b521de19b,2095e0b55fdf3180,Won,1068.409967231491,0,-0.5280031606653409
4f7de0e130c6d6a7,2,6b7e1f5b521de19b,6f9a9c5f2856c8b3,Won,41476.61514569415,1068,-0.528002885521353
10578cc5c4126a65,2,6b7e1f5b521de19b,6f9a9c5f2856c8b3,Open,1124332.9123435305,866,-0.5279887405794551
0d5ba271bb930623,0,95a23e7fbcc5841e,,Lost,235721.14439535642,567,-0.5279783429062516
271d831c764e8ed4,3,6b7e1f5b521de19b,,Won,1.170863568534039,499,-0.5279584775285369
69d2195c02647707,6,6b7e1f5b521de19b,,Open,1064506.8667509402,339,-0.5279357259727465
83bbf44e50c97fa3,3,6b7e1f5b521de19b,,Open,35845.270270304114,1019,-0.5279350369645425
ba6572b4a6ad9ea9,5,6b7e1f5b521de19b,d4f34f97b6d22a81,Won,24724.56782583031,11,-0.5278542642633935
1e80b1118c36cdfb,1,6b7e1f5b521de19b,,Won,9219.218285765657,288,-0.5278514296295194
993e9d33d9e6deb2,1,6b7e1f5b521de19b,6f9a9c5f2856c8b3,Won,1596.3601117288174,1,-0.527843504847655
568bbb53ea1e1229,1,6b7e1f5b521de19b,6f9a9c5f2856c8b3,Won,1596.3601117288174,1,-0.527843504847655
2ed1686cbbbcc271,0,e43bc3ffd79e75b6,,Open,21474.80466688851,20,-0.5278390297465961
02aadc68baa540f4,2,6b7e1f5b521de19b,6f9a9c5f2856c8b3,Lost,375453.92729253386,810,-0.5278362324086634
f8e1a17fa64197e2,3,6b7e1f5b521de19b,,Lost,270801.9611719012,193,-0.527835255470668
526740292a39a7ae,0,fc3655a0b667e091,,Won,38834.81813484529,1338,-0.5278324592455329
820d771a102393c5,2,6b7e1f5b521de19b,d4f34f97b6d22a81,Won,108549.73989539723,112,-0.5277580244855313
2407bdc3345821e1,2,6b7e1f5b521de19b,,Lost,1142516.5739471884,819,-0.5277439658081355
81b78551e869da90,3,6b7e1f5b521de19b,,Lost,1.170863568534039,833,-0.5277320648854742
c58cd2a3ecfe3e3f,2,6b7e1f5b521de19b,6f9a9c5f2856c8b3,Lost,2506657.151045975,428,-0.5277302983806711
e9ad4d656c8b18cf,5,6b7e1f5b521de19b,6f9a9c5f2856c8b3,Open,8832324.539677106,32,-0.5277276134141696
ad9ab8fd823ddd0c,6,6b7e1f5b521de19b,,Won,1.170863568534039,243,-0.5277224877889746
edda7c5cd192be64,1,6b7e1f5b521de19b,,Lost,637.7095703705346,8,-0.527692407918557
87fdb506a817a0b5,2,6b7e1f5b521de19b,6f9a9c5f2856c8b3,Won,2709.0541666264035,1421,-0.5276750146112666
2a0708d4b5934005,1,6b7e1f5b521de19b,6f9a9c5f2856c8b3,Won,380.09791236123107,42,-0.5276683907302437
084e2d4bd2628729,5,6b7e1f5b521de19b,d4f34f97b6d22a81,Won,5655.969519442425,55,-0.5276633595553089
de67d2fce5f127f8,5,6b7e1f5b521de19b,d4f34f97b6d22a81,Lost,105648.44466427973,33,-0.527563286131391
34d041b89f273013,6,6b7e1f5b521de19b,,Won,1510925.5210753132,510,-0.5275443224244858
d6b0e8c1393a6cfa,2,6b7e1f5b521de19b,6f9a9c5f2856c8b3,Lost,91173.34596277834,1023,-0.5275397748277485
9fe690458dec87ce,2,6b7e1f5b521de19b,,Lost,1.170863568534039,21,-0.5274783754120989
76ae3fa12de85e7c,4,062b9e5a52eb6d8e,28c9c64e5918b06e,Lost,1.170863568534039,219,-0.5274496118663675
7d0124c6e87ef26b,1,6b7e1f5b521de19b,6f9a9c5f2856c8b3,Lost,609.207969734855,36,-0.527442014936921
1a8c7dc8fad8e3f9,6,6b7e1f5b521de19b,,Lost,1.170863568534039,230,-0.5274354318958742
9a772d5b6dcb24ea,0,6b7e1f5b521de19b,6f9a9c5f2856c8b3,Won,205066.11854928947,379,-0.5274180639696886
b12bbe153cf12cd4,3,6b7e1f5b521de19b,,Lost,5083.8994500666495,1230,-0.5273877929273615
e5f47996714ac07e,1,6b7e1f5b521de19b,6f9a9c5f2856c8b3,Won,380.09791236123107,49,-0.5273703472984435
a529b2f009b860b0,4,bd661df59343798b,28c9c64e5918b06e,Lost,5941.521028150078,915,-0.527363866937419
6c41c7eda322d48c,3,6b7e1f5b521de19b,,Lost,2.4198904513070483,916,-0.5272819528117744
94a0a4c38214c46d,3,fc3655a0b667e091,,Lost,1.170863568534039,461,-0.5272667855721493
4c64fb3e891e4be7,1,6b7e1f5b521de19b,6f9a9c5f2856c8b3,Won,869.0917195670769,44,-0.5272313768092161
f166ce6fc3128ef2,0,a3bb89b2911fd833,,Won,7622.2759197919995,404,-0.5272246591433484
ac766a8c6285802e,0,6b7e1f5b521de19b,6f9a9c5f2856c8b3,Won,1.170863568534039,603,-0.5271897350368879
b22f20dfb8b8e2aa,4,38080774be85927f,d4f34f97b6d22a81,Won,74583.43728503327,6,-0.5271591354581748
a2e3ef5ee156099b,3,6b7e1f5b521de19b,d4f34f97b6d22a81,Lost,54789.70224165838,500,-0.5271190080108342
93f956046980cb12,1,6b7e1f5b521de19b,6f9a9c5f2856c8b3,Won,609.207969734855,4,-0.527070962354897
6c4330046688bd20,2,6b7e1f5b521de19b,6f9a9c5f2856c8b3,Lost,6921565.14369118,658,-0.527056780236587
9f1879ab9c5360dd,4,75c64824a2a4e380,28c9c64e5918b06e,Lost,33215.42012051668,603,-0.5270333134311262
49c80a5f8c4f6749,3,6b7e1f5b521de19b,,Won,18459.22936713339,379,-0.5269928102830648
70991553e9328c7a,5,6b7e1f5b521de19b,6f9a9c5f2856c8b3,Open,77148.70287310395,182,-0.5269708607690448
d6c3d87f1eb8d022,2,532ef57d231b606f,,Won,63256.96133518183,0,-0.5269329841012463
bbd1776595afa1c5,2,532ef57d231b606f,,Won,61220.611966112825,0,-0.5269329841012463
6f41503b6a7a31ae,4,e366e0e543d0c5cd,d4f34f97b6d22a81,Won,192.8063314365669,4,-0.5269222973370764
5aa6a1eac5e6cddc,3,6b7e1f5b521de19b,d4f34f97b6d22a81,Open,198350.39081317704,77,-0.5269157646871627
177bdaaa18fea8d1,5,6b7e1f5b521de19b,6f9a9c5f2856c8b3,Won,83525.00097752309,1292,-0.5268726174887421
da8f3b19f3066286,0,6b7e1f5b521de19b,,Lost,160971.91614520777,869,-0.5268570292825167
fb7394122e80335b,4,75c64824a2a4e380,28c9c64e5918b06e,Lost,524417.177630072,1199,-0.5268338980346515
cd90cda0adb99a3f,4,fc3655a0b667e091,28c9c64e5918b06e,Won,104476.74861064772,13,-0.5268304259568865
157fa75e84987a2f,0,bb25152d8e0211c1,,Lost,3218000.091245186,442,-0.5267964524965856
2c8802a033253eca,3,6b7e1f5b521de19b,d4f34f97b6d22a81,Lost,59315.28136072,874,-0.52674128085143
68855f8f310657ed,3,6b7e1f5b521de19b,d4f34f97b6d22a81,Lost,28943.961968289324,367,-0.5267246674500898
26f38edb96e64e20,4,dccb341afdd3894f,28c9c64e5918b06e,Lost,1.170863568534039,214,-0.5267208463693128
a6cafb6695194312,1,6b7e1f5b521de19b,,Won,944.8368897861288,383,-0.5266932915539849
de898852148a4227,0,6b7e1f5b521de19b,,Won,42528.48624360493,363,-0.5266814505570528
9d16d94d2f67850a,3,6b7e1f5b521de19b,,Interrupted,186555.16774733728,838,-0.5266763060678625
243b99320373b851,3,6b7e1f5b521de19b,,Lost,10691.23065821981,1833,-0.5266686874186353
65926096a17ae53f,2,6b7e1f5b521de19b,d4f34f97b6d22a81,Open,5453.8211159515695,39,-0.5266642187247895
6b5eb2476a1b8583,2,6b7e1f5b521de19b,d4f34f97b6d22a81,Won,1669.819691553947,36,-0.5266302559789384
ead41f248b391e11,3,6b7e1f5b521de19b,,Interrupted,11264.189824104717,713,-0.5265985891229618
522b46b0e3805838,1,6b7e1f5b521de19b,,Lost,2766910.387038067,161,-0.5264745403854448
3f1220db0d7470af,3,6b7e1f5b521de19b,,Won,20541.392022374708,318,-0.5264191878153935
8dc3cefa7d5c644c,4,6ed6878990bf4a06,28c9c64e5918b06e,Lost,368261.82739725796,233,-0.5263989998996685
34560f29faf4cc76,1,6b7e1f5b521de19b,6f9a9c5f2856c8b3,Won,935.904698105853,47,-0.5263621468601845
bc289f15f3ca7a9a,5,4e40b1753336bf63,28c9c64e5918b06e,Won,7290.623851024096,267,-0.5263268602135468
52dad7e7c64e3794,4,75c64824a2a4e380,28c9c64e5918b06e,Lost,67317.09034449766,493,-0.5262819241107308
7c78e9f5388d6d8c,6,6b7e1f5b521de19b,,Won,1.170863568534039,412,-0.5262702619158774
a6a9223c6d286283,0,674ec33189ed753c,,Won,5423.6519717503215,1,-0.526241759731433
80a2cff3ea8309cb,6,6b7e1f5b521de19b,,Lost,29324.531411075328,829,-0.5262326704671714
63bca639aecb68e6,4,38080774be85927f,d4f34f97b6d22a81,Won,35900.57481426643,100,-0.5262273177299888
fa92403fd54985a1,0,6b7e1f5b521de19b,6f9a9c5f2856c8b3,Won,803681.9447484217,483,-0.5262129220070386
9358325a7fc6567b,3,6b7e1f5b521de19b,d4f34f97b6d22a81,Won,44257.59165896911,44,-0.526177950789062
2eed7d52b07cad91,4,7545e34e09ae9cad,28c9c64e5918b06e,Won,1601394.9144009312,133,-0.5261699852107008
b1b29e0bd0a62aa9,1,6b7e1f5b521de19b,6f9a9c5f2856c8b3,Won,1049.9050276166283,34,-0.5261464930918917
425ccaf8ccb4c38d,1,6b7e1f5b521de19b,6f9a9c5f2856c8b3,Won,869.0917195670769,34,-0.5261464930918917
4fc528d72e6af2db,3,6b7e1f5b521de19b,d4f34f97b6d22a81,Open,15138.147384770105,188,-0.5261457686846801
85c2132791ae0925,2,6b7e1f5b521de19b,d4f34f97b6d22a81,Lost,3283.921133670182,1035,-0.5261368248315732
670b100adbe629cf,2,6b7e1f5b521de19b,d4f34f97b6d22a81,Lost,6745.476669391392,769,-0.526131592499499
aeea175b57edc2e3,3,6b7e1f5b521de19b,,Won,6202.200918213573,733,-0.5261217397071092
22674319121ff861,4,fd10c5543bdbcbc9,28c9c64e5918b06e,Won,3107.900044912056,102,-0.5260994295034681
d45304161580385c,2,6b7e1f5b521de19b,6f9a9c5f2856c8b3,Lost,17214.966134381844,781,-0.5260849694219318
e107cabc565aaa41,4,77c27bf8a409b6bb,28c9c64e5918b06e,Open,147939.9301382573,1,-0.5260735442490531
72f15aa91728824d,2,6b7e1f5b521de19b,6f9a9c5f2856c8b3,Won,639857.30808563,50,-0.5260641594306427
fe9fbc57f38c0164,4,75c64824a2a4e380,28c9c64e5918b06e,Won,105044.57645452267,69,-0.5260431688469979
f05948770ea12f4d,3,6b7e1f5b521de19b,3b7caebd862368af,Lost,5186.502594949308,977,-0.526039501839152
cb7f250d0003ff40,2,6b7e1f5b521de19b,6f9a9c5f2856c8b3,Won,2189.8821607861105,607,-0.5260393813958476
7a65ecf77c645cd5,5,6b7e1f5b521de19b,d4f34f97b6d22a81,Lost,249847.14726509366,469,-0.5260356783133842
592b19ba61648100,6,6b7e1f5b521de19b,,Lost,648806.6631036288,47,-0.5260274073489599
be2a9c5d0d9d7a88,5,75c64824a2a4e380,6f9a9c5f2856c8b3,Won,173835.56081229536,263,-0.5260132984979906
b48d57451b672352,3,6b7e1f5b521de19b,,Won,5479.120830957844,708,-0.5259683053724683
d977ec834d10bca5,3,6b7e1f5b521de19b,,Lost,1.170863568534039,13,-0.5259102041078169
fe1c12f88d2be800,3,6b7e1f5b521de19b,,Lost,121130.27981900205,1044,-0.525905367580174
38ecbe5950acb3c7,0,6b7e1f5b521de19b,6f9a9c5f2856c8b3,Won,423770.59866625303,173,-0.5258759932077072
e1c0e3dce3aa665d,1,6b7e1f5b521de19b,,Lost,2982.8008834457414,447,-0.5258055219095158
b21d54415fc38476,3,6b7e1f5b521de19b,,Lost,11264.189824104717,1015,-0.5257654126128645
76f3a7d3d9e8fa2f,3,6b7e1f5b521de19b,,Won,49350.19023541798,8,-0.5257338775478285
8ac2fab7653dfd56,5,6b7e1f5b521de19b,6f9a9c5f2856c8b3,Open,1936705.1448629508,698,-0.5257298040081002
0202abdaeab61323,0,6b7e1f5b521de19b,,Lost,80872.05936290111,1072,-0.5257248748737617
e19939fe35f9ae87,5,6b7e1f5b521de19b,,Won,14607172.051364118,751,-0.5257142032996709
879b424d89ee56ef,2,6b7e1f5b521de19b,,Won,1.170863568534039,771,-0.5256799340113757
4e81c212d1eda1dc,1,6b7e1f5b521de19b,,Lost,32088.454274226828,298,-0.5256604955154827
a73b692923ba64f7,4,75c64824a2a4e380,28c9c64e5918b06e,Lost,908232.520814672,957,-0.5256477135691418
7fa9b22363845ec8,2,6b7e1f5b521de19b,6f9a9c5f2856c8b3,Won,41819.55434883915,1583,-0.5256365209941459
938db7d997b43ae0,2,6b7e1f5b521de19b,,Open,1.170863568534039,0,-0.5256158019556063
63fda8b895f13307,3,6b7e1f5b521de19b,d4f34f97b6d22a81,Won,8803.839988966865,32,-0.5256127428448106
144d323c01e010df,4,fc3655a0b667e091,28c9c64e5918b06e,Lost,202685.6325418791,1126,-0.5255974116112482
526a2b3632c49b66,1,6b7e1f5b521de19b,,Won,5297.210989491726,0,-0.5255942418907048
1f0f365d627bcc88,0,e366e0e543d0c5cd,,Won,9581.053594047487,27,-0.5255650175692136
9b68992437e85086,3,6b7e1f5b521de19b,d4f34f97b6d22a81,Lost,4842.408955909444,496,-0.5255635534898678
fc6c5e680391d1c5,3,6b7e1f5b521de19b,,Lost,1.170863568534039,965,-0.5255520837361708
f845e65e7e9f3279,4,e366e0e543d0c5cd,d4f34f97b6d22a81,Won,142.40553626815674,25,-0.5255425897793998
5c2710117fe807d4,1,6b7e1f5b521de19b,6f9a9c5f2856c8b3,Won,407.90546766104336,29,-0.5255398600837798
1aa2f0fd1c69f923,5,6b7e1f5b521de19b,6f9a9c5f2856c8b3,Lost,1260417.1489564204,67,-0.5254854792177548
5dd80fb421833594,2,6b7e1f5b521de19b,6f9a9c5f2856c8b3,Lost,4121.253949004094,469,-0.5254808312014926
62d5dae19121c762,3,6b7e1f5b521de19b,,Open,1.170863568534039,219,-0.5254752415974433
1151acabc4f0d1ae,5,6b7e1f5b521de19b,d4f34f97b6d22a81,Won,179376.9803583405,129,-0.5254397640325076
1023d949249c99e4,2,6b7e1f5b521de19b,6f9a9c5f2856c8b3,Won,1259751.534167526,283,-0.5254343500407219
6d0911abe2ecffdd,4,75c64824a2a4e380,28c9c64e5918b06e,Won,172967.02055984753,67,-0.5253334101775213
f4f4f52a7d6f4111,0,e43bc3ffd79e75b6,,Won,177617.14935096703,91,-0.5252990041584927
21a488cd03ddab98,0,6b7e1f5b521de19b,6f9a9c5f2856c8b3,Lost,18181.85066054707,96,-0.5252801838309212
35da16f45ea78c44,4,255414ab73601d72,28c9c64e5918b06e,Won,96222.33267906036,245,-0.5252530398022375
74491a4de376a55f,3,062b9e5a52eb6d8e,28c9c64e5918b06e,Won,29957.0272992189,189,-0.5252067272564666
3844077d70a4811c,0,16450d61eee679f5,,Won,636916.1831406363,451,-0.5251713533757243
517e208ecf55dd94,1,6b7e1f5b521de19b,,Open,749783.3338022792,266,-0.5251606591369378
5655e810a7d765ee,0,062b9e5a52eb6d8e,,Lost,328495.55075202347,392,-0.5250988238687024
459f52f869353e64,4,7b7c16a1b24ec3b8,28c9c64e5918b06e,Lost,2456378.3202096154,505,-0.5250982702476751
cf2ac5e8fbe047db,5,6b7e1f5b521de19b,6f9a9c5f2856c8b3,Won,114443.36097288666,475,-0.5250787515663544
856cc4c22f6b9a62,3,6b7e1f5b521de19b,d4f34f97b6d22a81,Won,9892.993011077848,67,-0.5250589073319654
31176313ad04c153,5,255414ab73601d72,28c9c64e5918b06e,Won,89438.9993275158,661,-0.5250226610629721
7b7a469c49ded1e5,4,6b7e1f5b521de19b,d4f34f97b6d22a81,Won,111244.19820674903,57,-0.525018242026318
07461b360ce096f0,0,6ab36d9b02cbcf6b,,Won,1047710.7780426822,154,-0.5250122149486683
baefef3600bc841d,3,6b7e1f5b521de19b,,Won,19623.72126185764,477,-0.5250039788405799
58802b8179d365af,3,6b7e1f5b521de19b,,Won,18553.707272546184,98,-0.5249617704504888
f665bbc8209d9d3f,0,6ab36d9b02cbcf6b,,Won,6526.218426519683,5,-0.524904956994127
5dba5aec96252748,3,6b7e1f5b521de19b,,Lost,25102.753943361105,796,-0.5249047436693071
7b4c3d719ba400ec,3,6b7e1f5b521de19b,,Lost,1.170863568534039,925,-0.5249046520418624
5e50a788df739247,3,6b7e1f5b521de19b,,Lost,21273.147061594493,660,-0.5248447044450755
6a91192f0d5c5ddc,2,6b7e1f5b521de19b,6f9a9c5f2856c8b3,Won,2668529.602183271,640,-0.5248238733530619
18991c50f2a1703a,3,6b7e1f5b521de19b,d4f34f97b6d22a81,Lost,1529.4636440015993,683,-0.5247921470703745
5cc5ff8161140654,4,42a0974a7fcfe59f,28c9c64e5918b06e,Won,19747.16080865988,14,-0.5247537528956778
e22c5fd44077cecc,2,6b7e1f5b521de19b,6f9a9c5f2856c8b3,Lost,1.170863568534039,937,-0.5247358610404915
e84fa5b3bb5d2d5a,1,6b7e1f5b521de19b,,Won,4077.9165821979977,8,-0.524733851270677
6ede40058da1dfd7,3,a0d28553c7be77f0,,Won,9648.963805727817,5,-0.5246997571590037
2c6e23634fd4cd70,5,6b7e1f5b521de19b,d4f34f97b6d22a81,Won,2200.219898908641,1388,-0.5246796140061691
3cb5012cf1e69644,3,6b7e1f5b521de19b,,Interrupted,1.170863568534039,445,-0.5246775383203928
49d5ba68fdf266c0,1,6b7e1f5b521de19b,,Won,4245.230580767234,3,-0.5246333778358911
a9663f8892dcfce9,2,6b7e1f5b521de19b,6f9a9c5f2856c8b3,Lost,1.170863568534039,732,-0.5245498565993265
166b0488a863c6b5,3,6b7e1f5b521de19b,d4f34f97b6d22a81,Won,44609.03985997288,502,-0.5245016921678068
a5a36ae3f694b66c,3,6b7e1f5b521de19b,,Lost,393312.47793447,66,-0.5244828259786878
dfa3754953635ce4,2,6b7e1f5b521de19b,d4f34f97b6d22a81,Lost,37.169431562248754,540,-0.5244791733004516
09024dd12a86c3f3,1,6b7e1f5b521de19b,,Won,4077.9165821979977,5,-0.5243861152405064
52a3624f58859dcc,3,6b7e1f5b521de19b,,Won,1.170863568534039,58,-0.5243803133345537
f9c37893504696a0,3,6b7e1f5b521de19b,d4f34f97b6d22a81,Won,98334.8095456671,127,-0.5243659351306492
a68bd887672bb670,5,6b7e1f5b521de19b,6f9a9c5f2856c8b3,Won,15337.370698698911,22,-0.5243283948182227
e89fa527ac2a051d,5,6b7e1f5b521de19b,6f9a9c5f2856c8b3,Won,1226245.8872985563,786,-0.5243246110654
f2f8e0d2386f1e81,4,ad69d8c998aaf479,28c9c64e5918b06e,Won,98953.79837952563,633,-0.5243195529005771
8adff2954f1ef36c,5,a0d28553c7be77f0,28c9c64e5918b06e,Won,32722.45843943194,46,-0.5242838858778072
f1036eadc1897faa,3,6b7e1f5b521de19b,d4f34f97b6d22a81,Won,27020.048001399045,586,-0.5242427308351988
375e9bd3427bc6b5,3,6b7e1f5b521de19b,,Lost,14005.202331550161,525,-0.5242423029131142
8287621562430761,4,7545e34e09ae9cad,28c9c64e5918b06e,Won,1227760.4864727287,322,-0.5242380552463932
23c9f2a6610c04c3,1,6b7e1f5b521de19b,6f9a9c5f2856c8b3,Won,1.170863568534039,0,-0.5241871977431423
dc93bdcdf2b017ad,3,6b7e1f5b521de19b,,Won,1.170863568534039,907,-0.5241597588100311
998c3e649b7d86e4,3,6b7e1f5b521de19b,,Won,65798.13803746978,480,-0.5241596686088114
354101846daa268a,3,6b7e1f5b521de19b,,Lost,25102.753943361105,682,-0.5241540592508656
93825d42676e5d95,5,6b7e1f5b521de19b,,Open,1436239.262207987,586,-0.5241476937177334
3a0c91bda1761a12,1,6b7e1f5b521de19b,6f9a9c5f2856c8b3,Won,4617.932559522553,5,-0.5241112658823562
ca4004bd291c75e5,1,6b7e1f5b521de19b,,Lost,3178.581469081039,558,-0.5241023118270143
4436195518d8acc7,0,7545e34e09ae9cad,,Won,25211.466951789487,203,-0.5240942459425295
e9120c4f30cc305b,5,6b7e1f5b521de19b,6f9a9c5f2856c8b3,Lost,2089.206039094826,779,-0.5240675756866829
c674a19499e27143,0,6b7e1f5b521de19b,,Lost,870350.122287474,72,-0.5240566991572693
6411609d208e36ce,1,6b7e1f5b521de19b,6f9a9c5f2856c8b3,Open,1.170863568534039,69,-0.5240555747477139
e455de38d1639722,3,6b7e1f5b521de19b,,Lost,6825.920575393989,630,-0.5240534723038441
628eb043d62215f1,0,674ec33189ed753c,,Won,29832.39571667777,20,-0.5240340444378357
81bbc1bd743610c2,3,6b7e1f5b521de19b,,Lost,6825.920575393989,912,-0.5239955998644751
3010a50c59c99909,2,6b7e1f5b521de19b,6f9a9c5f2856c8b3,Open,13064.897216337125,25,-0.5239819834931982
a29cdec62e82748d,3,062b9e5a52eb6d8e,,Won,17008.484037957176,203,-0.5239792411870646
558f2b7428b646d8,1,6b7e1f5b521de19b,6f9a9c5f2856c8b3,Open,83242.9624050555,137,-0.5238890997775972
c0cbdee39004f11c,4,d1650c60f1f48b67,28c9c64e5918b06e,Lost,8705.65943967616,384,-0.5238754071041493
c242d6d658e5e2f8,2,6b7e1f5b521de19b,6f9a9c5f2856c8b3,Lost,39271.84703500396,106,-0.5238596188355471
fc943478c1b25325,3,6b7e1f5b521de19b,,Open,11675.99327727772,755,-0.5238565435110147
7c55ab20428dbc95,1,6b7e1f5b521de19b,,Lost,5901.8100775229805,534,-0.5238065024834815
56a4653460196e86,5,6b7e1f5b521de19b,6f9a9c5f2856c8b3,Lost,2089.206039094826,771,-0.5237970497846196
f048194dbdd31319,2,6b7e1f5b521de19b,6f9a9c5f2856c8b3,Lost,400206.9268996071,559,-0.5237215324595853
556dd5d044993b63,3,6b7e1f5b521de19b,d4f34f97b6d22a81,Open,95714.91979220936,390,-0.5236861562602152
eb4d6f95b20d8fac,4,e366e0e543d0c5cd,d4f34f97b6d22a81,Lost,336179.12194443395,573,-0.5236780739510871
43dc250f255930cc,0,6b7e1f5b521de19b,,Won,106367.4853190793,350,-0.5235971354106013
574e684af92600af,2,6b7e1f5b521de19b,,Won,17176.393073794487,30,-0.5235889038448304
e0a82aff87433171,1,6b7e1f5b521de19b,,Won,1893.7888334569147,6,-0.5235824108521392
67cddb0d31a6c4d4,4,e9943875f43f341e,28c9c64e5918b06e,Lost,124345.29769808406,1251,-0.5235765094316328
ace10b2674e045d1,4,1bb1bb990c53f4fc,28c9c64e5918b06e,Won,2440.577660176822,38,-0.5235724274583718
a8c3382ac69c2b0c,4,ffefc275708fbbc3,28c9c64e5918b06e,Lost,274463.24080014677,41,-0.5235663184813539
fcdcce3b476cec0d,3,6b7e1f5b521de19b,d4f34f97b6d22a81,Open,289294.5112739741,130,-0.5234928741923272
4662c98fdd736b68,1,6b7e1f5b521de19b,6f9a9c5f2856c8b3,Won,10716.577162075142,125,-0.523475284759056
2e60f47bba56d3f1,3,6b7e1f5b521de19b,,Open,11264.189824104717,307,-0.5234673876092282
e43a25ca9e01342b,6,6b7e1f5b521de19b,,Lost,1680435.657564551,146,-0.5234544759890919
579a82af435520c2,3,6b7e1f5b521de19b,,Won,31103.39876114025,684,-0.5234389920495401
750ead2da2aa3d12,2,6b7e1f5b521de19b,6f9a9c5f2856c8b3,Open,37429.77330093475,407,-0.5234330628591538
73037a3111656113,2,6b7e1f5b521de19b,,Lost,1.170863568534039,504,-0.5233998288332187
12c9b94d00a347cc,1,6b7e1f5b521de19b,,Won,1893.7888334569147,7,-0.523395102608077
db19bc6266ac58d5,3,6b7e1f5b521de19b,,Lost,14005.202331550161,593,-0.5233889519229843
f7e120b8bc203c67,2,6b7e1f5b521de19b,6f9a9c5f2856c8b3,Lost,19180.782204115298,310,-0.5233676739014225
a6634e9ba26c9254,2,6b7e1f5b521de19b,d4f34f97b6d22a81,Won,1206.0482706228593,598,-0.5233549357176117
54fd0daa3af579c8,1,6b7e1f5b521de19b,,Won,4335988.012046999,53,-0.5233396907211961
3f4e60e948e6cba5,3,e43bc3ffd79e75b6,,Open,3829.8829000821474,363,-0.523326074061619
536875dd7d45f31e,5,7b7c16a1b24ec3b8,28c9c64e5918b06e,Lost,22034.235089467293,547,-0.5233013311704637
2a150548a1f3a748,0,fd10c5543bdbcbc9,,Won,6590.9859511915865,2,-0.5232974626706004
011cb83a93987625,0,dcf963177a124517,,Lost,5423.6519717503215,167,-0.523286373013974
80d318136243e18a,2,255414ab73601d72,28c9c64e5918b06e,Lost,2388.361505566673,1045,-0.52324523959112
acf9f5e9192e9a85,1,6b7e1f5b521de19b,6f9a9c5f2856c8b3,Open,1967.2343651870071,556,-0.5232190407411585
d04dfa42631abedd,4,cca8e68b78e095c5,28c9c64e5918b06e,Lost,2553.6898146846743,862,-0.5231845776193533
f81b0ef2715b5572,3,6b7e1f5b521de19b,d4f34f97b6d22a81,Lost,52989.6894552119,1146,-0.523153859726333
4fab25ed72fbdfa5,4,fc3655a0b667e091,28c9c64e5918b06e,Won,831730.4561132328,18,-0.52314631523592
8873bdaf42f44e1f,3,6ab36d9b02cbcf6b,,Lost,524417.177630072,18,-0.5231259126188323
cd836e57ac897f0b,1,6b7e1f5b521de19b,,Won,1893.7888334569147,4,-0.5230903501364579
ac610120b4f9abe1,1,6b7e1f5b521de19b,,Won,1893.7888334569147,4,-0.5230903501364579
3342e416fecc2c16,1,6b7e1f5b521de19b,,Won,1893.7888334569147,4,-0.5230903501364579
b4d685b9e1c3e740,5,6b7e1f5b521de19b,d4f34f97b6d22a81,Lost,80408.95599550122,686,-0.5230642664263431
f28c4d13454baf61,3,6b7e1f5b521de19b,,Lost,25102.753943361105,681,-0.5230304294548874
acc523068ecfcf3a,0,6b7e1f5b521de19b,6f9a9c5f2856c8b3,Lost,37565.026018549055,654,-0.5230249632094073
bd0469a850b2ebd5,1,6b7e1f5b521de19b,,Lost,2035714.7345410574,371,-0.5230007876015873
ca37ec2c98b4a0ea,1,6b7e1f5b521de19b,,Lost,19774.79549531557,786,-0.522987206153633
4b18c28f0f894126,0,062b9e5a52eb6d8e,6f9a9c5f2856c8b3,Lost,8269.049296147992,390,-0.5229445831106985
bf9c8b199b9580e8,3,6b7e1f5b521de19b,d4f34f97b6d22a81,Lost,20174.7586200477,512,-0.5229196970216545
79328895d2b0509d,6,6b7e1f5b521de19b,,Lost,959416.5549972439,594,-0.5229137154709299
1c1bf0dcb314c900,4,e9943875f43f341e,28c9c64e5918b06e,Lost,1.170863568534039,786,-0.5228828979662894
935064bb5a205671,4,75c64824a2a4e380,6f9a9c5f2856c8b3,Lost,175562.87516447832,308,-0.5228192504613147
428cbea722b9a653,4,cca8e68b78e095c5,28c9c64e5918b06e,Lost,53400.91901048243,570,-0.5228003409574233
3aeec8481fa9f7d3,4,7b7c16a1b24ec3b8,28c9c64e5918b06e,Won,114152.50932169893,596,-0.5227682795540725
a13bcf73256d5e82,3,6b7e1f5b521de19b,,Won,11264.189824104717,60,-0.5227152444541723
ffb996fd9b2bf338,2,6b7e1f5b521de19b,6f9a9c5f2856c8b3,Lost,1.170863568534039,757,-0.522711398569785
faa93fccc23f61de,3,6b7e1f5b521de19b,,Lost,2.4198904513070483,450,-0.5226231170685804
cfd9fe3efdb5caf0,1,6b7e1f5b521de19b,6f9a9c5f2856c8b3,Open,87295.2649710134,136,-0.522572910912163
