chance_id,business_unit,org_country,pricelist,status,amount,probability,deal_age,pred_win_prob_cal,pred_win_prob_p05,pred_win_prob_p95,expected_rev,rev_p05,rev_p95
001e303a87a7e2be,5,6b7e1f5b521de19b,d4f34f97b6d22a81,Open,1831.3315201273049,40,0,0.00028759543783962727,0.03218713700771332,0.49544216692447635,0.5266825903605225,58.94531854488147,907.3188566889672
001e7a5151ff24c0,5,6b7e1f5b521de19b,d4f34f97b6d22a81,Open,15972.889957950816,10,0,0.0,0.04634985700249672,0.6803045034408569,0.0,740.3411654676362,10866.42897135918
003ba2054d7d12e2,3,6b7e1f5b521de19b,,Open,5904.2113289495155,10,0,0.0,0.0001803189908969216,0.02951313126832245,0.0,1.064641428878349,174.2517639872036
003c407f17a994b6,2,6b7e1f5b521de19b,6f9a9c5f2856c8b3,Open,1.170863568534039,60,197,0.0028538778424263,0.0022234616917558014,0.03303554523736238,0.0033415015947434812,0.002603370290907929,0.03868011638508579
00431ebe041c5df6,4,38080774be85927f,28c9c64e5918b06e,Open,1.170863568534039,30,0,0.0,0.021761182229965925,0.48005520403385143,0.0,0.025479375481297417,0.5620791492884114
00498009cd467686,5,6b7e1f5b521de19b,6f9a9c5f2856c8b3,Open,4528.9743595906375,90,0,0.24313344210386276,0.9853904664516449,0.9999426424503326,1101.1451252474092,4462.808156744558,4528.714588718865
004ddea55262ae2c,4,b4d1bda83fb7745f,28c9c64e5918b06e,Open,59820.408923654235,10,0,0.0,0.00017166263569379225,0.031512607913464274,0.0,10.268929064114936,1885.0970916342153
0064bd4b26020ee8,3,6b7e1f5b521de19b,,Open,25102.753943361105,10,0,0.0,0.00016037751629482955,0.002239901351276785,0.0,4.025917329596492,56.22769247850318
0070efc1485bb975,5,6b7e1f5b521de19b,6f9a9c5f2856c8b3,Open,48317.27233820542,10,290,0.0,0.00021612299824482763,0.008186272950842972,0.0,10.442473764744829,395.53837960076436
007595db7bd39f16,4,75c64824a2a4e380,28c9c64e5918b06e,Open,1317635.614295442,70,0,0.0030671000480651856,0.3170315742492676,0.9741336196660995,4041.32025593795,417732.0930869847,1283553.1503545833
009f69464f862cc7,3,6b7e1f5b521de19b,d4f34f97b6d22a81,Open,76633.73658175819,30,0,0.0,0.020067546889185904,0.40294109582901,0.0,1537.8511021479535,30878.881795725334
00a32d492f662e26,2,6b7e1f5b521de19b,d4f34f97b6d22a81,Open,8436.024219032613,10,0,0.0,0.0007876468356698752,0.5726731926202773,0.0,6.644607781755468,4831.084922535388
00a71a2e37b27bfd,3,6b7e1f5b521de19b,d4f34f97b6d22a81,Open,9548.177348327423,97,570,0.9997202754020691,0.6631132513284683,0.9998750746250152,9545.506488257688,6331.522925710231,9546.984538691762
00c3cd238d17934c,2,6b7e1f5b521de19b,,Open,1.170863568534039,10,0,0.0,0.0001517322256404441,0.00199686344130896,0.0,0.00017765773517498237,0.0023380546547661705
00e228ee65aea17e,2,6b7e1f5b521de19b,6f9a9c5f2856c8b3,Open,98.49392076768089,10,13,0.0,0.0012534625420812517,0.44072494208812707,0.0,0.12345844030500669,43.408727526368736
00e65fc58d537ad8,2,6b7e1f5b521de19b,d4f34f97b6d22a81,Open,2786.403823325963,50,0,0.0033946341136470437,0.3724789172410965,0.9518556177616119,9.458821473058864,1037.8766791089063,2652.2541325852517
00ea9a17f341e152,3,6b7e1f5b521de19b,,Open,21273.147061594493,70,0,0.0011274410819169134,0.3124168172478676,0.9618750721216202,23.984219938901703,6646.088897829178,20462.109864125036
00f1e37e810a271a,2,6b7e1f5b521de19b,6f9a9c5f2856c8b3,Open,1.170863568534039,70,0,0.015932779386639596,0.21021104156970977,0.9608511596918106,0.018655110929306416,0.24612845027756758,1.125025617666823
00f2665ec46579df,4,c2397d14e54a98b9,28c9c64e5918b06e,Open,2556.49962952868,10,0,0.0,0.00887333517894149,0.6719240456819534,0.0,22.684678097647723,1717.7735738573258
00f8be2260929821,3,6b7e1f5b521de19b,,Open,10655.425849350459,80,0,0.0070125296711921695,0.31118810176849365,0.9854765295982361,74.72148992775811,3315.8417435943084,10500.672087409226
010892986982669c,2,6b7e1f5b521de19b,6f9a9c5f2856c8b3,Open,9721.332606136886,60,0,0.0030671000480651856,0.10600151829421521,0.9080141067504882,29.8162997035401,1030.47601609357,8827.10714278578
010978d972a1937f,0,6b7e1f5b521de19b,6f9a9c5f2856c8b3,Open,426820.3246512218,50,0,0.00116905365139246,0.06508986707776786,0.772968816757202,498.97585902202604,27781.67819763775,329918.8013135797
010c6e0b9ae07253,3,6b7e1f5b521de19b,,Open,2.4198904513070483,1,0,0.0,0.00010616706567816437,0.00018618117610458282,0.0,0.0002569126684778782,0.00045053805026859593
013825ce6d9ea318,0,6b7e1f5b521de19b,6f9a9c5f2856c8b3,Open,1.170863568534039,40,0,0.0011230711825191975,0.2372162602841854,0.9547216355800628,0.0013149631324821706,0.27774787703064074,1.1178487811919267
0148e465addc6420,3,6b7e1f5b521de19b,,Open,4143.3804614791225,10,677,0.0,0.0001368278964946512,0.001441064703976735,0.0,0.5669300329212255,5.970879338184399
014df8fc397fef8d,3,6b7e1f5b521de19b,d4f34f97b6d22a81,Open,634.3345668274252,10,0,0.0,0.00015085874183569105,0.0019498597597703334,0.0,0.09569491465447344,1.2368634460881418
0151caf751624411,6,6b7e1f5b521de19b,,Open,88724.25999587397,90,0,0.019164848048239945,0.9844419836997986,0.9999395191669465,1700.3869610134589,87343.88651263487,88718.89387871737
015ed8eacd574ff6,3,6b7e1f5b521de19b,,Open,2.4198904513070483,10,0,0.0,0.0002028022921876982,0.03153056567534804,0.0,0.0004907593303681929,0.07630051480208448
017062c1d7d96fef,0,062b9e5a52eb6d8e,,Open,211886.93573359575,90,468,0.19263404458761216,0.3047894686460495,0.9996609151363373,40816.63742563799,64580.90655528229,211815.0880808806
018634d792cf9f2e,0,6b7e1f5b521de19b,d4f34f97b6d22a81,Open,2964.505440627761,25,34,0.0,0.0004702483172877692,0.1482468020170925,0.0,1.3940536950456413,439.47845113533725
018c7eea8a1f3f67,0,6b7e1f5b521de19b,,Open,9136393.74559947,10,736,0.0,0.000257764125126414,0.044900809228420206,0.0,2355.034540644888,410231.4726068933
019b79cf05783dd6,0,674ec33189ed753c,,Open,3163431.287434749,10,1216,0.0,0.00010464312581461854,0.0011136836314108221,0.0,331.0313382169351,3523.0616439089436
01a1531aa45cd621,2,6b7e1f5b521de19b,d4f34f97b6d22a81,Open,1.170863568534039,10,0,0.0,0.0016783666971605274,0.765200302004814,0.0,0.001965138420346064,0.8959451562486809
01ad8b4e3734244d,6,6b7e1f5b521de19b,,Open,34210.72522011173,5,432,0.0,8.099448677967303e-05,0.0001390439785609487,0.0,2.770880131563366,4.756795344059722
01b50064c9ac61d4,2,6b7e1f5b521de19b,6f9a9c5f2856c8b3,Open,1119646.8813839448,50,0,0.001301340665668249,0.029664299357682465,0.5302788823843002,1457.0420179335617,33213.54026426893,593725.0969253454
01b66362be913fb5,0,6b7e1f5b521de19b,,Open,2496199.0774283707,60,2,0.03754243813455105,0.22551239356398584,0.9206845045089722,93713.399435878,562923.8287630851,2298211.810757893
01d5306772786690,2,6b7e1f5b521de19b,,Open,121130.27981900205,50,0,0.00028759543783962727,0.017578789591789247,0.47302970588207205,34.836515860182466,2129.3237021327923,57298.22063619563
01e648f75557b90c,0,6b7e1f5b521de19b,6f9a9c5f2856c8b3,Open,1.170863568534039,30,0,0.0,0.02926813969388604,0.5256938576698302,0.0,0.03426899848633616,0.6155157861477226
01ee9d1503620002,0,6b7e1f5b521de19b,6f9a9c5f2856c8b3,Open,362.56163530896134,40,0,0.00028759543783962727,0.05322647541761398,0.5853571504354477,0.104271072250532,19.297877969142355,212.2280457016696
01f27197cd7e304c,2,6b7e1f5b521de19b,6f9a9c5f2856c8b3,Open,1.170863568534039,10,0,0.0,0.00108820635068696,0.6519014447927475,0.0,0.0012741411710667377,0.7632876519825321
01f7b12471766591,0,6b7e1f5b521de19b,6f9a9c5f2856c8b3,Open,368869.1381210446,30,0,0.0,0.025504804123193028,0.5800135999917984,0.0,9407.935114868276,213949.11672745898
01fee37a4ba63472,2,6b7e1f5b521de19b,,Open,25875.21886714959,10,336,0.0,0.00017665190825937315,0.006894907448440782,0.0,4.570906789510911,178.40723929714517
020544cf12d9a272,0,6b7e1f5b521de19b,6f9a9c5f2856c8b3,Open,822942.0430264678,55,1,0.001301340665668249,0.010291474405676126,0.4363103449344632,1070.9279460784524,8469.286973161716,359058.12665395
02062e7e2f8e9ef6,5,6b7e1f5b521de19b,d4f34f97b6d22a81,Open,1.170863568534039,60,63,0.0028538778424263,0.016880127601325512,0.18863579705357547,0.0033415015947434812,0.019764326440597915,0.22086678249141212
0221790856832d6f,2,6b7e1f5b521de19b,6f9a9c5f2856c8b3,Open,98.49392076768089,10,31,0.0,0.00026993284845957535,0.008780778246000407,0.0,0.026586744588771825,0.8648532768401401
022c1555f7383c21,2,6b7e1f5b521de19b,d4f34f97b6d22a81,Open,584.9082808398963,50,58,0.0010428334586322307,0.08707721270620823,0.8053498655557632,0.6099619254909011,50.93218278431823,471.05580533686305
0239b597d1184004,0,6b7e1f5b521de19b,6f9a9c5f2856c8b3,Open,240892.17276956938,15,863,0.0,0.001173488804488443,0.023686479311436408,0.0,282.6842678339854,5705.88746659337
024350fd0cda0a27,3,6b7e1f5b521de19b,,Open,2046.6148673782125,20,0,0.0,0.02151812454685569,0.39987067729234693,0.0,44.039313615690915,818.3812731751126
0247b695f12ace0a,4,fd10c5543bdbcbc9,d4f34f97b6d22a81,Open,1.170863568534039,10,0,0.0,0.000338126061251387,0.004685022286139428,0.0,0.00039589948669115804,0.005485521912610712
025bdcf0cad7221f,5,6b7e1f5b521de19b,6f9a9c5f2856c8b3,Open,1.170863568534039,60,0,0.0011230711825191975,0.035702555906027555,0.7101121753454207,0.0013149631324821706,0.041802822013917454,0.8314444756844085
02656a5f48cb6e7c,2,6b7e1f5b521de19b,6f9a9c5f2856c8b3,Open,98.49392076768089,10,0,0.0,0.0005508837872184813,0.1953245200216769,0.0,0.05425870409049708,19.238277799000347
02656d4b0f32298a,3,6b7e1f5b521de19b,,Open,5083.8994500666495,10,0,0.0,0.00016037751629482955,0.026920782867819067,0.0,0.815343166894339,136.86255321706903
0271c24df2a4d339,5,6b7e1f5b521de19b,6f9a9c5f2856c8b3,Open,1196.2046564002223,50,46,0.00116905365139246,0.01467485404573381,0.13514537103474128,1.3984274213773429,17.554128741500424,161.66152212269324
0276686e3d1f6652,2,6b7e1f5b521de19b,6f9a9c5f2856c8b3,Open,139296.57210737836,10,0,0.0,0.0005291694833431393,0.3616678133606909,0.0,73.71149509353175,50379.086642715345
02e9f09e00f64192,0,6b7e1f5b521de19b,6f9a9c5f2856c8b3,Open,26274.495673199377,15,143,0.0,0.0010928187286481262,0.01013620840385556,0.0,28.713260957456434,266.3237638497501
02eb81b82109e78f,3,6b7e1f5b521de19b,,Open,29324.531411075328,10,0,0.0,0.00016037751629482955,0.026418520789593447,0.0,4.7029955142179745,774.7107427285796
02eee8275282a416,3,6b7e1f5b521de19b,,Open,2.4198904513070483,10,0,0.0,0.0001517322256404441,0.0018873899767640977,0.0,0.0003671753639828771,0.004567276982664072
02f2ac7475cc6524,3,6b7e1f5b521de19b,,Open,6590.9859511915865,10,0,0.0,0.00016591365711065008,0.028797993157058933,0.0,1.0935345831271128,189.80716832068688
02ffdbf29ae16985,2,6b7e1f5b521de19b,6f9a9c5f2856c8b3,Open,1.170863568534039,10,0,0.0,0.00016259662734228187,0.025178011693060387,0.0,0.00019037846732158345,0.029480016619528444
0320249ad7e61803,4,75c64824a2a4e380,28c9c64e5918b06e,Open,32123.5031933916,10,0,0.0,0.00046401606232393533,0.270476399362087,0.0,14.905821459847932,8688.649478645064
0327fc52f3c40a25,5,6b7e1f5b521de19b,d4f34f97b6d22a81,Open,13707.11230296319,60,16,0.0028538778424263,0.048507686145603655,0.6202812552452085,39.11842408507558,664.9003015546809,8502.264825069049
032bdb741257e6a6,5,6b7e1f5b521de19b,d4f34f97b6d22a81,Open,4271.355885203606,10,0,0.0,0.0004301672117435373,0.2809278696775435,0.0,1.8373972515023838,1199.9429094648872
036ab6cc1f62aff3,2,6b7e1f5b521de19b,6f9a9c5f2856c8b3,Open,1969.696260680227,60,0,0.0035539745294954628,0.4252043902873993,0.9761253029108048,7.000250341299982,837.5234975739062,1922.670359098766
0375f4dbcc121905,5,6b7e1f5b521de19b,6f9a9c5f2856c8b3,Open,300237.6949211697,60,333,0.0014620632398873567,0.0072177501628175374,0.16793167367577547,438.96649697275717,2167.0406714012347,50419.4186086689
0379a682af30080e,5,6b7e1f5b521de19b,d4f34f97b6d22a81,Open,6091.577363923724,90,0,0.4338136948645115,0.9919326901435852,0.9999419569969177,2642.6096837967716,6042.434721814629,6091.223790480014
037a3d5a21c266d7,0,6b7e1f5b521de19b,6f9a9c5f2856c8b3,Open,871978.111616442,33,0,0.0002038492588326335,0.02935396665707231,0.5872245162725447,177.75209177129108,25596.016414085912,512046.9247942121
03884f17e5d0db68,5,6b7e1f5b521de19b,6f9a9c5f2856c8b3,Open,423339.22595788236,10,0,0.0,0.0013641920406371355,0.6576229065656661,0.0,577.516002541229,278397.5722376819
03a009d02272bfe3,2,6b7e1f5b521de19b,d4f34f97b6d22a81,Open,484442.1588981625,10,0,0.0,0.0006605813774513081,0.4513361155986785,0.0,320.0134686204336,218646.24222933443
03bddecc9d08f381,3,6b7e1f5b521de19b,d4f34f97b6d22a81,Open,586011.7479713127,60,1241,0.0012113013304769992,0.0019741517142392697,0.018070706725120535,709.8368099928031,1156.8760968219178,10589.64643506484
03c3c1cd7409f1f9,2,6b7e1f5b521de19b,6f9a9c5f2856c8b3,Open,382412.1699915014,60,0,0.0028538778424263,0.2542554274201393,0.9488619923591614,1091.3576186129055,97230.36973185214,362856.3735205263
03cfd79221248841,3,6b7e1f5b521de19b,,Open,7462.80698704363,1,4,0.0,0.00010485053207958117,0.000203435038565658,0.0,0.7824792833987406,1.518196427217283
03dd6dfefc04ac70,3,6b7e1f5b521de19b,,Open,1.170863568534039,10,0,0.0,0.0006050894269719719,0.03111115070059895,0.0,0.0007084771657466199,0.036426912930503555
03edf963b73890aa,4,6d74405afdbc85ba,28c9c64e5918b06e,Open,225612.24480950585,75,100,0.06964747980237007,0.08314509242773056,0.7386134415864944,15713.32426353743,18758.550947514137,166640.23660280384
0412df1b35c081f4,4,062b9e5a52eb6d8e,28c9c64e5918b06e,Open,42215.01463907364,30,387,8.101324056042358e-06,0.0006273357517784462,0.002949116623494774,0.3419975136217076,26.48298794494137,124.49700143316731
041948f4a103d6f9,2,6b7e1f5b521de19b,,Open,631.5711510151842,10,0,0.0,0.0002491800842108205,0.07033273652195929,0.0,0.15737495259508844,44.42012735922151
0428dcad09f0ba51,2,6b7e1f5b521de19b,6f9a9c5f2856c8b3,Open,350226.3013874244,70,88,0.03758092597126961,0.038168390095233914,0.6519652754068375,13161.828705632355,13367.574092966177,228335.38703877022
0433ebb507928e28,0,6b7e1f5b521de19b,6f9a9c5f2856c8b3,Open,11768.777709593114,10,2,0.0,0.0005382826726417989,0.2899859048426149,0.0,6.334929119247009,3412.779653007956
043fd8f8d10d08c0,4,75c64824a2a4e380,28c9c64e5918b06e,Open,1.170863568534039,10,0,0.0,0.0001988541291211732,0.03153056567534804,0.0,0.0002328310552405454,0.03691799064453488
044079ac77db8215,3,6b7e1f5b521de19b,,Open,11485.134609700683,70,0,0.0010428334586322307,0.2061539836227894,0.9338661462068557,11.977082647890898,2367.706252233766,10725.578396628156
044328c63b05b6b0,2,6b7e1f5b521de19b,,Open,35845.270270304114,90,128,0.2003546454012394,0.6019232749938965,0.9998907268047332,7181.766414318369,21576.10247414281,35841.35334308648
044b0f0c2b5703bf,2,6b7e1f5b521de19b,6f9a9c5f2856c8b3,Open,14328.370274130277,60,0,0.003466563671827316,0.2322713501751423,0.9372271627187729,49.67020786879042,3328.0699093816133,13428.937818407127
0454cc9dfdb125f9,5,6b7e1f5b521de19b,,Open,346767.03813750326,70,0,0.0028538778424263,0.22412293255329133,0.9343836963176727,989.6307666244163,77718.44550019625,324013.4668560517
046ea1701cbba93f,2,6b7e1f5b521de19b,6f9a9c5f2856c8b3,Open,1.170863568534039,10,0,0.0,0.0008053897327044979,0.5348585039377212,0.0,0.0009430014964950642,0.6262463365812975
048247b97e8f70de,3,6b7e1f5b521de19b,d4f34f97b6d22a81,Open,1.170863568534039,10,0,0.0,0.05059421993792057,0.6243075937032698,0.0,0.0592389289037097,0.7309790170263094
0492156d33f1006a,2,6b7e1f5b521de19b,6f9a9c5f2856c8b3,Open,404830.0236023727,60,0,0.0030671000480651856,0.14364921823143958,0.888421431183815,1241.6541848490674,58153.51640709607,359659.66895499756
049f851f322e218a,0,6b7e1f5b521de19b,6f9a9c5f2856c8b3,Open,98.49392076768089,10,0,0.0,0.0006670925009530038,0.19798868447542184,0.0,0.06570455593357924,19.50068180161957
04abfd466d6ba111,6,6b7e1f5b521de19b,,Open,201842.35654069122,99,0,0.9997202754020691,0.9603889435529709,0.9999293625354767,201785.89626866244,193847.16756235654,201828.09890839178
04baa2539420bbb7,6,6b7e1f5b521de19b,,Open,2151777.955566335,0,233,0.0,8.538164001947735e-05,0.0001584023899340536,0.0,183.72233080401173,340.8467707691193
04d0609713507ec7,2,6b7e1f5b521de19b,6f9a9c5f2856c8b3,Open,1536619.758403263,70,0,0.003466563671827316,0.282116162776947,0.9656808197498321,5326.790231892819,433505.26988796797,1483884.227938652
04e2ef3dbe1e4fa4,4,255414ab73601d72,28c9c64e5918b06e,Open,49645.696104815484,10,474,0.0,0.00022290775959845632,0.005962061509490012,0.0,11.066410892430229,295.9906938583586
04e33ae8fef292a4,1,6b7e1f5b521de19b,,Open,5863.460546876247,10,99,0.0,0.0009283822437282652,0.010874039959162474,0.0,5.44353265852113,63.759504285704956
04e4067488b99383,2,6b7e1f5b521de19b,,Open,1.170863568534039,1,397,0.0,7.882436802901794e-05,0.0001591567546711303,0.0,9.229258083789635e-05,0.0001863508457305362
04f698295229f879,5,6b7e1f5b521de19b,6f9a9c5f2856c8b3,Open,97838.09054714767,60,509,0.001301340665668249,0.00180097347474657,0.01892145578749476,127.32068588033557,176.20380589526607,1851.2391046207638
04fe7ab59d736dba,2,6b7e1f5b521de19b,6f9a9c5f2856c8b3,Open,268769.313465648,10,0,0.0,0.020382857602089643,0.6490285038948059,0.0,5478.286644181697,174438.94541144362
053059bf0910eaa8,3,6b7e1f5b521de19b,d4f34f97b6d22a81,Open,37323.751632094485,50,0,0.00116905365139246,0.11077979989349843,0.8701390385627746,43.633468129165344,4134.717737078063,32476.853360706486
0543007fabd4c7ac,3,6b7e1f5b521de19b,,Open,611336.7278744653,10,0,0.0,0.0006618488492676988,0.3679200559854505,0.0,404.6125098587952,224923.0431455354
0551ce5de4e1f79b,5,6b7e1f5b521de19b,d4f34f97b6d22a81,Open,1.170863568534039,10,0,0.0,0.0001687106559984386,0.029559524264186603,0.0,0.0001975371607320505,0.03461017006413404
055a01ae35d1a28e,5,6b7e1f5b521de19b,,Open,184324.9300538383,70,0,0.0028538778424263,0.23441996946930885,0.9273871153593063,526.0408336874267,43209.44447565326,170940.565171435
055db1cc254c7137,4,7608f4f5fafe9b10,,Open,44609.03985997288,1,871,0.0,0.00015092970497789792,0.001731884840410201,0.0,6.7328292254129956,77.25771987874143
0562c84dd7721a83,3,6b7e1f5b521de19b,d4f34f97b6d22a81,Open,11912.799727048252,30,180,0.0,0.003229550016112626,0.03949764128774403,0.0,38.47298255043517,470.5274903516868
057029df536002e3,5,6b7e1f5b521de19b,6f9a9c5f2856c8b3,Open,98.49392076768089,10,50,0.0,0.00023093275158316828,0.006387167493812739,0.0,0.02274547213709511,0.6290971690654988
0575b7c6729c446b,2,6b7e1f5b521de19b,,Open,185782.2846614419,30,0,0.0002539545763283968,0.13871022462844848,0.8881906986236572,47.18026139051809,25769.902437374963,165010.09720534523
0576d1b0bdea888c,3,6b7e1f5b521de19b,,Open,4270.878534760398,90,0,0.08362186811864376,0.9449324935674668,0.9999065160751343,357.13884158448053,4035.6919035749115,4270.479276272344
0596bc7e00415f54,5,6b7e1f5b521de19b,d4f34f97b6d22a81,Open,1.170863568534039,10,0,0.0,0.0006695614312775433,0.31572286933660504,0.0,0.0007839650867783831,0.3696684054592635
059c0be58aec5029,4,7545e34e09ae9cad,28c9c64e5918b06e,Open,1.170863568534039,10,0,0.0,0.00015884339591138997,0.0019925193395465613,0.0,0.00018598394537487522,0.0023329683042745734
05b934aeb51c43e5,2,6b7e1f5b521de19b,,Open,1.170863568534039,10,0,0.0,0.00108820635068696,0.6832732051610947,0.0,0.0012741411710667377,0.8000197032786098
05b9ef5bb0a00487,2,6b7e1f5b521de19b,6f9a9c5f2856c8b3,Open,1.170863568534039,10,0,0.0,0.0005964741139905527,0.18463647738099095,0.0,0.0006983898096451577,0.21618412478786142
05d20a16c0f9b24d,2,6b7e1f5b521de19b,6f9a9c5f2856c8b3,Open,6009.906030357736,10,226,0.0,0.00016402115506934932,0.0015856083075050259,0.0,0.9857517289575238,9.529356929059778
05e613787e70ac3e,4,fc3655a0b667e091,28c9c64e5918b06e,Open,307.1332733086347,1,180,0.0,8.582729133195244e-05,0.0001499911959399469,0.0,0.026360416925996364,0.04606728697651269
05ff4e014164b243,1,6b7e1f5b521de19b,,Open,89664.46366676311,10,0,0.0,0.0002174109875340946,0.052061137929558715,0.0,19.494039592505914,4668.03401033526
06142c408f89c7b1,2,6b7e1f5b521de19b,6f9a9c5f2856c8b3,Open,48085.57018410644,20,91,0.0,0.0009299732861109078,0.0057726007420569655,0.0,44.71829571863015,277.5787981270051
0618ea4f10b537b9,4,38080774be85927f,d4f34f97b6d22a81,Open,2126322.5522180246,50,0,0.00116905365139246,0.057839191332459454,0.7570241063833236,2485.785143708616,122984.77693226184,1609677.429975558
061a3f76d803f056,3,6b7e1f5b521de19b,d4f34f97b6d22a81,Open,1.170863568534039,10,0,0.0,0.0005305582744767889,0.299844391644001,0.0,0.0006212113545691552,0.351076874405213
064b151e7c69c1d5,3,6b7e1f5b521de19b,,Open,1.170863568534039,10,0,0.0,0.0001855408314440865,0.0026203462970443066,0.0,0.00021724300001339574,0.0030680680161522516
064dad834f895d49,2,6b7e1f5b521de19b,6f9a9c5f2856c8b3,Open,98.49392076768089,40,0,0.0,0.028380311466753485,0.4519392520189285,0.0,2.795288148968523,44.513268880157305
067edfd8aecd43ce,0,6b7e1f5b521de19b,,Open,4271.355885203606,10,0,0.0,0.0006714326475048438,0.517083790898323,0.0,2.8679277904376526,2208.6488933969426
068def42c743e4e3,0,6b7e1f5b521de19b,6f9a9c5f2856c8b3,Open,1.170863568534039,10,0,0.0,0.00037155913305468856,0.2974052667617797,0.0,0.00043504505244982644,0.3482209919415152
0690c5285e3178d4,3,6b7e1f5b521de19b,,Open,11485.134609700683,10,0,0.0,0.00017302581763942726,0.030974642280489174,0.0,1.987224806542345,355.74793607874426
0692f6d82a206a16,0,6b7e1f5b521de19b,,Open,89530.01680955871,10,173,0.0,0.00013815013153362088,0.004255749133881175,0.0,12.368583598447824,381.01729149364655
069b8a80bd8013ef,3,6b7e1f5b521de19b,,Open,29324.531411075328,30,107,0.0,0.0022606448037549853,0.017175687942653887,0.0,66.2923495569973,503.6690005811817
06a1027a7ec72a63,5,6b7e1f5b521de19b,d4f34f97b6d22a81,Open,33009230.704332188,1,0,0.0,0.00011663518744171597,0.00026437050109962,0.0,3850.0378105066306,8726.666862217264
06bd6d4d5fa992e3,4,6828ce51082c111b,28c9c64e5918b06e,Open,1.170863568534039,10,0,0.0,0.0005806979810586199,0.31572286933660504,0.0,0.0006799181103428074,0.3696684054592635
06cf05966c654289,2,6b7e1f5b521de19b,,Open,25654.101903090123,50,0,0.00028759543783962727,0.04626871030777693,0.6322201877832412,7.378002669201619,1186.9822091602657,16219.041122582043
06dfa6a6f8f0d0ce,2,6b7e1f5b521de19b,6f9a9c5f2856c8b3,Open,5126.849721354915,70,0,0.016578954085707663,0.2782433688640594,0.9694537997245788,84.99780613466626,1426.511938129556,4970.243942984421
06f86606e794ba85,3,6b7e1f5b521de19b,,Open,41819.55434883915,50,0,0.0011230711825191975,0.0378452330827713,0.6700236469507214,46.966336354976626,1582.6707817494398,28020.090318663108
070094c4902361d1,2,6b7e1f5b521de19b,6f9a9c5f2856c8b3,Open,149258.9478504504,40,0,0.00099477581679821,0.01601771470159292,0.3450057879090308,148.47919176237323,2390.7872433284506,51495.20090561758
0722c063c973e0e5,2,6b7e1f5b521de19b,6f9a9c5f2856c8b3,Open,1.170863568534039,10,0,0.0,0.0018883836746681482,0.8570031315088271,0.0,0.0022110396480833697,1.0034337448032715
07264f9e5aa471ff,5,6b7e1f5b521de19b,6f9a9c5f2856c8b3,Open,1.170863568534039,40,0,0.00028759543783962727,0.03680321797728539,0.6562697768211363,0.00033673502064301535,0.04309154713442047,0.7684023728098329
073ef51872542b69,6,6b7e1f5b521de19b,,Open,100296.84348946,90,120,0.0008781907614320517,0.13837484046816825,0.9996538102626801,88.0797613532402,13878.559717314869,100262.12175155837
075bc094265199eb,0,6b7e1f5b521de19b,,Open,1.170863568534039,10,0,0.0,0.00036152494722045957,0.30495915859937667,0.0,0.00042329638981662736,0.3570655686948041
07786cfb7f4dcdf4,3,6b7e1f5b521de19b,,Open,2.4198904513070483,30,0,0.0,0.02114398740231991,0.38067990690469733,0.0,0.05116613321743047,0.9212036717231331
077e958c818f9f1b,2,6b7e1f5b521de19b,6f9a9c5f2856c8b3,Open,35845.270270304114,10,0,0.0,0.0010897684725932777,0.4234946385025978,0.0,39.06304543216254,15180.279775150357
078dc0f4796ff688,5,6b7e1f5b521de19b,d4f34f97b6d22a81,Open,7869.581244316273,50,3,0.00028759543783962727,0.042376611940562726,0.4138076156377792,2.2632556635736574,333.48619052512146,3256.4926507783043
0790fdbbfdebb460,2,6b7e1f5b521de19b,6f9a9c5f2856c8b3,Open,346518.70857232093,80,0,0.21734714955091478,0.4199224144220352,0.9909209936857224,75314.85357425809,145510.9727460946,343372.6630291775
07a2dd78d977f460,4,d94a77dffd98d647,28c9c64e5918b06e,Open,1.170863568534039,10,0,0.0,0.00016037751629482955,0.02608444578945636,0.0,0.0001877801910415901,0.03054132728027556
07b06b4d9df8efff,3,6b7e1f5b521de19b,,Open,6202.200918213573,10,0,0.0,0.00015321540267905221,0.0012952769873663776,0.0,0.95027271118048,8.033568120384658
07b4d50b18a0ce0f,0,4dcb7378104041b8,,Open,2940320.756356726,1,0,0.0,0.0001167733884358313,0.0002373021568928379,0.0,343.35121780798124,697.7444574402316
07df59f8a05e0f24,3,6b7e1f5b521de19b,,Open,6647.0030299813125,97,60,0.9997202754020691,0.8130243360996247,0.9999334335327148,6645.143699731306,5404.17522550275,6646.560562471573
07eefefcee6c790a,4,bd661df59343798b,d4f34f97b6d22a81,Open,1.170863568534039,10,0,0.0,0.0005806979810586199,0.30884033441543574,0.0,0.0006799181103428074,0.36160989606090305
07f935fcc4b84499,3,6b7e1f5b521de19b,,Open,9648.963805727817,10,2,0.0,0.00017775955057004468,0.0240480151027441,0.0,1.7151954695728047,232.03842732597374
07fe10f6203bd5bc,0,c5340170d170e6cd,,Open,27685.304717477007,10,0,0.0,0.0003245099345804192,0.31677798628807063,0.0,8.984156422707434,8770.095078173988
0803cd8bff44b6cc,4,e9943875f43f341e,28c9c64e5918b06e,Open,18196.923990996405,10,109,0.0,0.00021978837976348585,0.0036435364978387934,0.0,3.9994724406604045,66.30115670959376
081217b2cef84c9e,3,6b7e1f5b521de19b,,Open,2.4198904513070483,10,0,0.0,0.00017872191820060833,0.029848407395184025,0.0,0.0004324874632929315,0.0722298760423285
081aa0259c9e34b1,3,6b7e1f5b521de19b,d4f34f97b6d22a81,Open,39105.036086486834,30,12,0.0,0.04788032304495573,0.4509415671229361,0.0,1872.3617605056409,17634.08625523934
082e6742351505fe,2,6b7e1f5b521de19b,6f9a9c5f2856c8b3,Open,1.170863568534039,10,0,0.0,0.010015286318957806,0.8096184581518172,0.0,0.011726533879305076,0.9479527570626631
083021bba86025e3,2,6b7e1f5b521de19b,6f9a9c5f2856c8b3,Open,31.029374596165976,10,0,0.0,0.0005878113093785942,0.19402806758880606,0.0,0.01823941731057121,6.020569591383274
0830391fbcdbad80,3,6b7e1f5b521de19b,,Open,89664.46366676311,50,0,0.00116905365139246,0.03799647521227598,0.6597497612237927,104.82256864977597,3406.933571136185,59156.1084944064
086976cdd0f5db65,5,6b7e1f5b521de19b,6f9a9c5f2856c8b3,Open,56998.957076965635,10,0,0.0,0.00019383522012503818,0.030658985674381255,0.0,11.048405391911237,1747.5302084773614
086c080b9a9f22d1,0,6b7e1f5b521de19b,6f9a9c5f2856c8b3,Open,1.170863568534039,10,0,0.0,0.0003803798550507054,0.3069821536540984,0.0,0.0004453729144831294,0.35943421990370233
0871e2344869c356,3,6b7e1f5b521de19b,,Open,89664.46366676311,30,0,0.0,0.05900146644562483,0.533047154545784,0.0,5290.334844399471,47795.38722144191
0872db900d50d054,2,6b7e1f5b521de19b,6f9a9c5f2856c8b3,Open,35016.62746951248,50,0,0.0028538778424263,0.09814949743449689,0.8381414026021957,99.93317725173779,3436.8643879836486,29348.885261695767
08755430fc92b1bf,3,6b7e1f5b521de19b,,Open,1.170863568534039,10,0,0.0,0.0026798742241226138,0.2788192883133887,0.0,0.0031377670972785924,0.32645934689073536
087d9b717e0de01c,3,6b7e1f5b521de19b,,Open,21273.147061594493,10,0,0.0,0.00017953340866370127,0.030399128235876524,0.0,3.81924060497226,646.6851255060709
088100c7405dac96,2,6b7e1f5b521de19b,6f9a9c5f2856c8b3,Open,2481.008599933977,30,0,0.0002539545763283968,0.1399877205491066,0.8431891441345214,0.6300634878633421,347.3107385674878,2091.9595179687176
089fdbb7aecc435b,2,6b7e1f5b521de19b,,Open,146879.65024670112,10,153,0.0,0.00019219943787902595,0.006552977906540023,0.0,28.23018621328389,962.4991029869583
08a8ab244c65eea5,3,6b7e1f5b521de19b,d4f34f97b6d22a81,Open,983829.6863193655,30,6,0.0,0.021814270224422217,0.6163299769163131,0.0,21461.526632179186,606363.7278587981
08bdd7228ab21b91,4,fd10c5543bdbcbc9,d4f34f97b6d22a81,Open,217392.03481405092,60,118,0.004285358893685043,0.009872993361204863,0.1659805811941623,931.6028898066816,2146.310116497941,36082.856285417736
08d4bbea8c9e4101,2,6b7e1f5b521de19b,6f9a9c5f2856c8b3,Open,1.0608520127326513,10,0,0.0,0.054790074937045574,0.6502268075942991,0.0,0.05812416127473759,0.6897944175691385
08de444e170190a5,3,6b7e1f5b521de19b,,Open,21273.147061594493,10,0,0.0,0.00016037751629482955,0.030399128235876524,0.0,3.4117344895131763,646.6851255060709
08f68b1c3b84d82b,2,6b7e1f5b521de19b,6f9a9c5f2856c8b3,Open,6681.014348309619,30,125,0.00028759543783962727,0.0024709742632694543,0.041373202577233315,1.921429246714937,16.508614507207014,276.41496005401626
090ba48997d16f61,3,6b7e1f5b521de19b,,Open,65064.44409714713,70,0,0.0028538778424263,0.14969312921166422,0.914864957332611,185.68597533863286,9739.700237319348,59525.179872806555
090e7d40ee891f4f,4,7545e34e09ae9cad,28c9c64e5918b06e,Open,1.170863568534039,10,0,0.0,0.00013352626774576493,0.0010488399420864878,0.0,0.00015634104234583785,0.0012280484774124197
0914f2da87d23fb5,2,6b7e1f5b521de19b,6f9a9c5f2856c8b3,Open,98.49392076768089,40,70,0.0,0.0013610618945676834,0.008430797699838876,0.0,0.13405632240345905,0.8303823206562766
091ea39b23b4c995,3,6b7e1f5b521de19b,d4f34f97b6d22a81,Open,19454.620778615666,10,0,0.0,0.00013206002477090807,0.0008877284766640507,0.0,2.569177701932608,17.270420867877274
09353be0e46d3c45,6,6b7e1f5b521de19b,,Open,3198866.786907041,25,34,0.0002038492588326335,0.00787390226032585,0.23161058127880094,652.0866236153281,25187.56442390864,740891.39594899
0936664d2919f61e,3,6b7e1f5b521de19b,,Open,61423.86349827489,80,0,0.005494691058993339,0.5051222339272499,0.9852796733379364,337.50515357279835,31026.559146691074,60519.68416273428
0937195a7628061d,4,fd10c5543bdbcbc9,28c9c64e5918b06e,Open,1.170863568534039,90,0,0.23394284546375274,0.9793400526046753,0.9999025881290435,0.27391515487269674,1.1466735888010235,1.1707495125231933
094335f2f21ce750,6,6b7e1f5b521de19b,,Open,97590.18948082578,99,0,0.9997202754020691,0.9606606990098954,0.9999293923377991,97562.89110431126,93751.05964315822,97583.29886569279
09558d43a0d44bef,2,6b7e1f5b521de19b,6f9a9c5f2856c8b3,Open,263999.29512211593,5,80,0.0,9.173383259621914e-05,0.00023208779166452583,0.0,24.217667144252037,61.271013405883316
095a4208c1fb999c,2,6b7e1f5b521de19b,6f9a9c5f2856c8b3,Open,1489522.8243351975,10,0,0.0,0.0005319283198332414,0.3392062470316885,0.0,792.3193733018859,505255.44711078337
0964a0f1c0373f70,0,6b7e1f5b521de19b,6f9a9c5f2856c8b3,Open,48124.406148691996,33,14,0.00014189186040312052,0.0024174488265998667,0.3691343829035756,6.828461519233279,116.33828917497088,17764.37296629846
0978ec63e8beae9e,3,6b7e1f5b521de19b,,Open,12875.383388087805,1,83,0.0,0.00014187880005920306,0.001615995657630263,0.0,1.8267439454040941,20.806563645474714
098a7e009682c3ac,3,6b7e1f5b521de19b,,Open,1.170863568534039,10,0,0.0,0.0003430125580052845,0.0658324113115668,0.0,0.0004016209077180565,0.07708077203346173
098d1bb6ab8d7c2c,3,6b7e1f5b521de19b,d4f34f97b6d22a81,Open,142544.88904851745,30,287,8.101324056042358e-06,0.000920866831438616,0.0046239844057708954,1.1548023387146433,131.26486031587734,659.1253440826872
09aa329044787e56,3,6b7e1f5b521de19b,,Open,2.4198904513070483,10,0,0.0,0.00016492579452460633,0.00249382647452876,0.0,0.0003991023553443231,0.006034786872928866
09abae1f197e1b55,6,6b7e1f5b521de19b,,Open,257521.66226855287,75,0,0.001793772476958111,0.3754101499915123,0.9620138317346573,461.93526999783217,96676.245858301,247739.40107364886
09aee6a439dfd814,5,6b7e1f5b521de19b,6f9a9c5f2856c8b3,Open,1060.8669669680157,40,0,0.00028759543783962727,0.03218713700771332,0.4982314079999921,0.3051004998547639,34.146270412756806,528.5572426531556
09c799f56cfc7bde,3,6b7e1f5b521de19b,d4f34f97b6d22a81,Open,31803.627579699045,50,0,0.0,0.16854865103960037,0.8899579882621765,0.0,5360.458526724105,28303.892420268436
09caf91da0d779ae,3,6b7e1f5b521de19b,,Open,9648.963805727817,30,0,0.0,0.025115828681737184,0.46029120981693233,0.0,242.34172190094267,4441.333223618249
09e9c6c6eb4ff483,0,6b7e1f5b521de19b,6f9a9c5f2856c8b3,Open,98.49392076768089,10,0,0.0,0.0006287514959694817,0.2959710091352461,0.0,0.061928200026578964,29.151345123297485
09f7d50caeeb166e,2,6b7e1f5b521de19b,d4f34f97b6d22a81,Open,932.076578471861,10,0,0.0,0.001421796248177998,0.7612633138895034,0.0,1.3252229822858774,709.5557049262787
09fb7bbf6d74ba1f,2,6b7e1f5b521de19b,,Open,1.170863568534039,1,412,0.0,7.882436802901794e-05,0.0001591567546711303,0.0,9.229258083789635e-05,0.0001863508457305362
0a0d69e9377b8e90,6,6b7e1f5b521de19b,,Open,1668.50010033425,90,0,0.009597593918442726,0.9789141148328782,0.9999362647533416,16.013586415889076,1633.3182988172707,1668.3937580688057
0a14f4b34ed5cc6b,3,6b7e1f5b521de19b,,Open,89664.46366676311,50,0,0.0013007473200559617,0.16360876560211182,0.9028838157653808,116.63081081879726,14669.892218894518,80956.59309400343
0a1d9ba5f40cb758,3,6b7e1f5b521de19b,,Open,2.4198904513070483,10,0,0.0,0.0003748271585209295,0.3406914621591568,0.0,0.0009070406617953506,0.8244360161207801
0a26ca73f823906a,6,6b7e1f5b521de19b,,Open,1.170863568534039,10,0,0.0,0.0013748890487477183,0.31179285794496536,0.0,0.0016098074979551237,0.36506689829686884
0a37ff10e44780d9,5,6b7e1f5b521de19b,6f9a9c5f2856c8b3,Open,270.85141900529356,40,140,0.00028759543783962727,0.0014769234927371143,0.0075397670269012436,0.07789563243831174,0.4000268237701018,2.0421565982055254
0a514e8e77feb051,2,6b7e1f5b521de19b,6f9a9c5f2856c8b3,Open,16852.090274124945,50,219,0.00028759543783962727,0.007054966525174677,0.10173347517848014,4.846584280899887,118.89093276317324,1714.4217076081966
0a59d213cf8ac3a3,2,6b7e1f5b521de19b,6f9a9c5f2856c8b3,Open,1.170863568534039,70,0,0.04404638856649399,0.23970233723521234,0.9735058814287185,0.05157231169800205,0.28065873396117036,1.1398425703185044
0a6abfc56e3e8d30,0,6b7e1f5b521de19b,6f9a9c5f2856c8b3,Open,1.170863568534039,10,0,0.0,0.0001792248629499227,0.02668359652161597,0.0,0.00020984786260357053,0.031242851044621742
0a7b65dccbda28aa,1,6b7e1f5b521de19b,,Open,5863.460546876247,30,0,0.0,0.034184202924370764,0.44481756687164303,0.0,200.4377251734596,2608.1702539093653
0a838c6aa6385300,5,6b7e1f5b521de19b,d4f34f97b6d22a81,Open,28200.86685142718,0,174,0.0,7.304712707991711e-05,0.00012017168446618597,0.0,2.0599923046600233,3.3889456729426306
0a8b4d0749341c18,2,6b7e1f5b521de19b,6f9a9c5f2856c8b3,Open,1.170863568534039,10,0,0.0,0.00028904234350193294,0.07241819426417351,0.0,0.00033842914977011467,0.08479182536294147
0a8ef8e13f6a1c0c,4,b4d1bda83fb7745f,28c9c64e5918b06e,Open,9986.870404040961,10,0,0.0,0.00016471125709358603,0.03157988358289,0.0,1.6449499786803161,315.3842047170232
0a91d8353e19910c,6,6b7e1f5b521de19b,,Open,60190.83490491557,99,0,0.9997202754020691,0.9691861033439636,0.9999295771121979,60173.99804782267,58336.120738514954,60186.59609250235
0a93c4141fa262c3,6,6b7e1f5b521de19b,,Open,1.170863568534039,100,15,0.9997202754020691,0.9995299369096756,0.9999323666095734,1.1705360491930987,1.1703131887866656,1.170784379061172
0a94d0f9019cb7cf,3,6b7e1f5b521de19b,,Open,2.4198904513070483,10,0,0.0,0.00016842880213516765,0.0018873899767640977,0.0,0.0004075792500119764,0.004567276982664072
0aa3b4f9cf0100b5,0,6b7e1f5b521de19b,,Open,2606243.9231851483,40,1051,0.0003421000903472304,0.0005883331148652359,0.005050172540359199,891.5962815885595,1533.339605426111,13161.981494347665
0aba4abb36dab6e3,2,6b7e1f5b521de19b,6f9a9c5f2856c8b3,Open,519979.40075206774,10,0,0.0,0.00017302581763942726,0.0322336710989475,0.0,89.96986097078594,16760.844982069968
0ac2091a47ed395e,2,6b7e1f5b521de19b,,Open,59525.158824369595,30,0,0.0,0.13737901896238328,0.891324809193611,0.0,8177.507922871947,53056.25083135062
0ac5b295cd11d58d,0,674ec33189ed753c,,Open,9548.177348327423,70,0,0.0010428334586322307,0.22218888401985168,0.9345193713903426,9.957158807790208,2121.498869448497,8922.95669348245
0addabc93003ac4e,2,6b7e1f5b521de19b,6f9a9c5f2856c8b3,Open,3517722.4306660444,5,76,0.0,8.795709763944614e-05,0.00017870033188955857,0.0,309.4086553025631,628.6181658553668
0aef246d9440b4ad,2,6b7e1f5b521de19b,6f9a9c5f2856c8b3,Open,1.170863568534039,10,0,0.0,0.037090880796313286,0.5954109132289884,0.0,0.04342836104924203,0.6971449466074044
0af4a6f86788139a,3,6b7e1f5b521de19b,6f9a9c5f2856c8b3,Open,11234.78067478462,10,0,0.0,0.024194406718015673,0.5666860222816463,0.0,271.81885303344166,6366.593171800407
0af6df4f5f32eb82,0,6b7e1f5b521de19b,6f9a9c5f2856c8b3,Open,98.49392076768089,10,0,0.0,0.0006670925009530038,0.19798868447542184,0.0,0.06570455593357924,19.50068180161957
0af6fc8db9044f3e,2,6b7e1f5b521de19b,6f9a9c5f2856c8b3,Open,46039.18840007971,10,68,0.0,9.707575954962522e-05,0.0011339974007569253,0.0,4.469289182986032,52.208319978648774
0b135f157f81db08,2,6b7e1f5b521de19b,,Open,260878.74252957353,30,0,0.0,0.0929337840527296,0.8645717054605483,0.0,24244.44872219103,225548.37934719666
0b1a0d835fab54c9,2,6b7e1f5b521de19b,6f9a9c5f2856c8b3,Open,98.49392076768089,40,0,0.0,0.022335854917764665,0.44348475933074943,0.0,2.1999459245487283,43.68055274719686
0b33c49e5b45d4d8,5,6b7e1f5b521de19b,,Open,1.170863568534039,70,0,0.003466563671827316,0.25948092341423035,0.9804089963436127,0.004058873111346193,0.3038167599552934,1.147925176081758
0b3ac903067ca4e5,5,6b7e1f5b521de19b,d4f34f97b6d22a81,Open,1.170863568534039,10,0,0.0,0.0006695614312775433,0.3252147302031516,0.0,0.0007839650867783831,0.3807820795454968
0b3d2fb0fa12be77,3,6b7e1f5b521de19b,,Open,2.4198904513070483,10,168,0.0,0.00010172654838243033,0.0009023509861435739,0.0,0.0002461671030750676,0.002183590535096333
0b44de6e566af3e3,2,6b7e1f5b521de19b,6f9a9c5f2856c8b3,Open,98.49392076768089,10,29,0.0,0.00026383054500911385,0.01034857858903706,0.0,0.025985704796221726,1.019272079606735
0b6b2a178f65547d,5,6b7e1f5b521de19b,6f9a9c5f2856c8b3,Open,1.170863568534039,10,0,0.0,0.0006684066698653624,0.19017312973737716,0.0,0.0007826130187105115,0.22266678932359218
0b774aeb0d7c9ed6,0,6b7e1f5b521de19b,6f9a9c5f2856c8b3,Open,286383.5653747958,60,0,0.001086287386715412,0.2744774714112282,0.9470304191112517,311.09485482922935,78605.83687780611,271213.9479434674
0b9300ed4cab3b46,0,532ef57d231b606f,,Open,63294.706476599706,25,115,0.0,0.0015708779159467668,0.020572860166430465,0.0,99.42825660042327,1302.1531456183463
0b98ea6b9dcfaa1e,3,6b7e1f5b521de19b,,Open,25102.753943361105,50,0,0.00028759543783962727,0.06554545238614082,0.7581525087356566,7.219437511321367,1645.371363355584,19031.71587833312
0ba22fa95e837398,5,6b7e1f5b521de19b,d4f34f97b6d22a81,Open,81.43217479245789,40,0,0.00028759543783962727,0.04680499322712421,0.6787797987461089,0.023419521963669983,3.811432389630986,55.27451521708253
0ba6fa89455351aa,4,e366e0e543d0c5cd,d4f34f97b6d22a81,Open,1.170863568534039,10,0,0.0,0.0005806979810586199,0.31572286933660504,0.0,0.0006799181103428074,0.3696684054592635
0bb31f044be806dc,2,6b7e1f5b521de19b,6f9a9c5f2856c8b3,Open,98.49392076768089,40,0,0.0,0.026413941755890846,0.4519392520189285,0.0,2.6016126864668507,44.513268880157305
0bc95cf99a55d19f,6,6b7e1f5b521de19b,,Open,17910202.105633996,50,0,0.0,0.1317475635558367,0.8631522893905639,0.0,2359625.490209895,15459231.950925682
0bcda5e559f54098,2,6b7e1f5b521de19b,,Open,1845240.0868962975,40,3,0.00116905365139246,0.0622932679951191,0.7528323382139204,2157.1846612818567,114946.03524836792,1389156.4091841972
0beeb97262b48631,5,6b7e1f5b521de19b,d4f34f97b6d22a81,Open,1.170863568534039,30,0,0.0002038492588326335,0.026982684899121524,0.5004949510097504,0.00023867967063979622,0.031593042729614954,0.5860113043725453
0c004a3917fbcc07,2,6b7e1f5b521de19b,6f9a9c5f2856c8b3,Open,6677.608641046631,60,564,0.001296322446432896,0.0070153955370187765,0.07193161025643345,8.656333969883015,46.84606585835655,480.3311422127585
0c11b01582e5005c,2,6b7e1f5b521de19b,,Open,13372544.472792422,30,0,0.0,0.0306568400003016,0.5873055040836331,0.0,409959.9562993148,7853768.972474156
0c185d1b61c10972,3,6b7e1f5b521de19b,,Open,76057.68653515907,50,0,0.00116905365139246,0.035510355979204176,0.6059735029935833,88.91551616039084,2700.835523818223,46088.94273929823
0c1dbf790f243001,4,b6bf95545ecbafbf,28c9c64e5918b06e,Open,96859.29234967509,70,165,0.0038218772737309338,0.03170016082003713,0.7137851029634475,370.1843281808837,3070.455144399692,69136.7199627795
0c2d54de1eea2b50,2,6b7e1f5b521de19b,6f9a9c5f2856c8b3,Open,321.69331825567855,40,0,0.0,0.022341009601950648,0.406156902015209,0.0,7.1869535120334795,130.65796154171906
0c491849526be125,0,6b7e1f5b521de19b,,Open,73363.66700873936,50,0,0.0028538778424263,0.15332131013274194,0.8738171875476837,209.3709437153826,11248.213541922136,64106.43317376141
0c55a91cc177f914,2,6b7e1f5b521de19b,6f9a9c5f2856c8b3,Open,63910.304787312656,60,0,0.0028538778424263,0.07068901862949134,0.8392406940460203,182.39220273522307,4517.756725726814,53636.12854639697
0c58e521a395d3b8,2,6b7e1f5b521de19b,6f9a9c5f2856c8b3,Open,1.170863568534039,10,0,0.0,0.000927898523514159,0.541779863834381,0.0,0.001086442576479254,0.6343503047290091
0c6f9f276646d510,3,6b7e1f5b521de19b,,Open,11264.189824104717,50,20,0.0011230711825191975,0.0057790973922237756,0.0736790709197521,12.650486985877995,65.09685003799716,829.9350409037613
0c78a634d733b70c,2,6b7e1f5b521de19b,6f9a9c5f2856c8b3,Open,2711.48861281579,40,0,0.0,0.09754350893199444,0.8414150148630142,0.0,264.48811372319824,2281.4872314532918
0c78e872399f6a93,3,6b7e1f5b521de19b,,Open,89664.46366676311,10,0,0.0,0.00044405834341887385,0.23047837018966674,0.0,39.81625319940463,20665.71944984615
0c79660af5e79281,5,6b7e1f5b521de19b,6f9a9c5f2856c8b3,Open,1.170863568534039,10,0,0.0,0.00018396423547528684,0.028231594059616325,0.0,0.0002153970212312306,0.03305534496604674
0c952c476ce3e555,4,fd10c5543bdbcbc9,d4f34f97b6d22a81,Open,1.170863568534039,10,0,0.0,0.0007124521565856412,0.3373885974287986,0.0,0.0008341842744696357,0.39503601716817743
0c96647e0ff66e39,2,6b7e1f5b521de19b,6f9a9c5f2856c8b3,Open,36936.14343579192,20,160,0.0,0.0007779510313412174,0.004427261836826801,0.0,28.734510879641462,163.5259782328423
0c98641776b63219,2,6b7e1f5b521de19b,d4f34f97b6d22a81,Open,1206.0482706228593,60,0,0.0030671000480651856,0.2882960647344589,0.9572481989860534,3.6990707087963055,347.69897030037004,1154.4875349439765
0ce0c8dd1d2a9c8a,6,6b7e1f5b521de19b,,Open,1.170863568534039,25,0,0.0,0.04607230629771948,0.6124334037303922,0.0,0.05394438496234111,0.7170759605812148
0cf114f0b06741b9,2,6b7e1f5b521de19b,,Open,7369.351110629336,30,0,0.0,0.026578981522470714,0.43016810119152044,0.0,195.86984700201617,3170.059774273044
0cf5ef2a8a7361ca,2,6b7e1f5b521de19b,6f9a9c5f2856c8b3,Open,1071929.859046037,10,369,0.0,0.0007908725208835676,0.00639217854477465,0.0,847.7598698341067,6851.967046497393
0cf6b61ec6cd678c,2,6b7e1f5b521de19b,6f9a9c5f2856c8b3,Open,328.99723005017677,70,0,0.015932779386639596,0.5544305980205536,0.9819885045289993,5.241840285204981,182.40613100382515,323.0714979311562
0cff742224a330cd,3,6b7e1f5b521de19b,,Open,36077.87700023642,80,0,0.0070125296711921695,0.303933946788311,0.9697217464447021,252.99718293777943,10965.291548425084,34985.50189268641
0d003354535ed46d,3,6b7e1f5b521de19b,,Open,2.4198904513070483,50,97,0.00028759543783962727,0.001443071017274633,0.014046413032338022,0.0006959494538675838,0.003492073775260833,0.03399078077206966
0d08f1595d4f776d,5,6b7e1f5b521de19b,6f9a9c5f2856c8b3,Open,1.170863568534039,10,3,0.0,0.00019809992227237672,0.028231594059616325,0.0,0.00023194798191815075,0.03305534496604674
0d1686c1560ab3a4,2,6b7e1f5b521de19b,cd39fc3b76d2fe33,Open,7490440.242261104,50,244,0.001232695544604212,0.008608923526480794,0.16557881534099575,9233.432313759358,64484.627225300115,1240258.2216961149
0d2213e5c31fe345,2,6b7e1f5b521de19b,6f9a9c5f2856c8b3,Open,1601794.3525755194,50,293,0.001086287386715412,0.030774961784482004,0.4423851072788238,1740.0090013147662,49295.1599871107,708609.9665027353
0d26df31a0969949,2,6b7e1f5b521de19b,6f9a9c5f2856c8b3,Open,11195771.770696174,60,626,0.0034974872367456557,0.020777942147105932,0.28208251893520353,39157.06887352718,232625.09814372685,3158131.502501621
0d2b728d7d8d57e0,4,38080774be85927f,28c9c64e5918b06e,Open,2961926.4376853653,30,241,8.101324056042358e-06,0.00253645513439551,0.06032123081386088,23.995525901848296,7512.793520568847,178667.04830129564
0d30fac6cfd9e1c5,5,6b7e1f5b521de19b,6f9a9c5f2856c8b3,Open,1.170863568534039,10,0,0.0,0.0013874143769498914,0.3240320339798927,0.0,0.00162447294843098,0.37939730362504015
0d3960beb5bcec86,2,6b7e1f5b521de19b,6f9a9c5f2856c8b3,Open,1.170863568534039,80,0,0.005133090913295746,0.21258343607187272,0.9534116566181182,0.006010149144351107,0.24890620057034063,1.1163149745498397
0d6aabef0a45e244,4,cca8e68b78e095c5,28c9c64e5918b06e,Open,4953.675250906242,10,0,0.0,0.0005131237325258553,0.19550129771232597,0.0,2.5418483344659633,968.4499399976022
0d6babbe761ffca8,5,6b7e1f5b521de19b,d4f34f97b6d22a81,Open,60079.53247392403,60,17,0.0013855681754648685,0.06620959155261517,0.8129409849643706,83.24428819267725,3977.8413057705898,48841.11430555069
0d6cf3eccd0c0844,2,6b7e1f5b521de19b,6f9a9c5f2856c8b3,Open,156311.85792661796,50,0,0.001086287386715412,0.06207586340606212,0.7510297566652296,169.7995996597366,9703.193541400526,117394.85662251784
0d6dc7421372158c,5,6b7e1f5b521de19b,6f9a9c5f2856c8b3,Open,1958.351700209153,40,0,0.0,0.047768247313797474,0.668899172544479,0.0,93.5470283429866,1309.939831820976
0d7732f392c9587f,2,6b7e1f5b521de19b,6f9a9c5f2856c8b3,Open,79648.81703313315,70,0,0.01812410168349743,0.298805458843708,0.9823468536138534,1443.563258878787,23799.501319943898,78242.76480656385
0d79da41c0cf1e6e,2,6b7e1f5b521de19b,,Open,17619.443865595513,50,0,0.00028759543783962727,0.039905527234077455,0.5968707352876663,5.067271673016676,703.1131970278207,10516.530415417756
0d810a3d74f8a23f,1,6b7e1f5b521de19b,,Open,5083.8994500666495,40,0,0.0,0.02564520137384534,0.4141518771648405,0.0,130.3776251613408,2105.5065005624033
0d8346fae530d478,4,bb25152d8e0211c1,28c9c64e5918b06e,Open,124081.61365347443,10,167,0.0,0.00015482597154914401,0.004631245951168237,0.0,19.21105638528471,574.6524708470749
0d88fb755a37eae9,2,6b7e1f5b521de19b,6f9a9c5f2856c8b3,Open,61790.848272001596,70,0,0.023161912709474562,0.4298275038599968,0.9864713370800018,1431.1942339204882,26559.40607414624,60954.90071418893
0d926b00ad05b1f7,2,6b7e1f5b521de19b,,Open,89664.46366676311,10,0,0.0,0.0004400107834953815,0.2811241045594214,0.0,39.453330909705606,25206.842059119554
0da291f421dadb7b,5,6b7e1f5b521de19b,6f9a9c5f2856c8b3,Open,63270.50661173364,60,6,0.0028538778424263,0.11705233342945576,0.8550583064556122,180.56629689831334,7405.960436167231,54099.97223201758
0dac9374668a1357,3,6b7e1f5b521de19b,,Open,16219.981898940578,30,154,0.0,0.0010324889241019263,0.018170426040887824,0.0,16.746951659789875,294.723981479239
0db08e22e4bd4285,0,6b7e1f5b521de19b,,Open,5182695.33770518,20,0,0.0,0.14468618258833885,0.9242802560329437,0.0,749864.4039309442,4790262.973674888
0db8abe8cee02750,3,6b7e1f5b521de19b,,Open,2.4198904513070483,10,89,0.0,9.23085492104292e-05,0.0006638335355091839,0.0,0.00022337657680832437,0.0016064044338360726
0dc75f3237075786,3,6b7e1f5b521de19b,d4f34f97b6d22a81,Open,21273.147061594493,1,0,0.0,0.00011187618256371933,0.000242393126245588,0.0,2.379958484367795,5.1564646213420335
0deb51c4cd6f278f,2,6b7e1f5b521de19b,6f9a9c5f2856c8b3,Open,136370.24427687816,60,35,0.001301340665668249,0.0027605878887698057,0.03766988236457108,177.46414446461435,376.46204473932977,5137.051059937823
0e049bbd3ae384ec,6,6b7e1f5b521de19b,,Open,262190.543180081,75,0,0.0015794787555932998,0.132391145080328,0.8512761026620863,414.1243928704057,34711.70624084411,223196.5437531948
0e08a0a25059a062,3,6b7e1f5b521de19b,,Open,5655.969519442425,10,0,0.0,0.00016592551764915697,0.028194255568087075,0.0,0.938469670321338,159.46585011647036
0e1798e57a69faf1,2,6b7e1f5b521de19b,6f9a9c5f2856c8b3,Open,1386388.4008613944,60,3,0.0028538778424263,0.3698830887675285,0.9631762027740478,3956.5831382151646,512801.62394208706,1335336.3155116623
0e2f052a74de1c56,4,75c64824a2a4e380,28c9c64e5918b06e,Open,29324.531411075328,70,0,0.0030671000480651856,0.5257534831762314,0.9887303501367569,89.94127170039819,15417.474531883661,28994.054209668837
0e3b8796fdb1f6ed,4,255414ab73601d72,,Open,1.170863568534039,10,0,0.0,0.0005179692147066816,0.1955957517027854,0.0,0.0006064712831222391,0.22901593982882112
0e41091c78849957,4,38080774be85927f,d4f34f97b6d22a81,Open,2735562.6826096154,50,0,0.00116905365139246,0.057839191332459454,0.7570241063833236,3198.0195427177237,158222.7334013936,2070886.8952581116
0e41da2276efd8c2,2,6b7e1f5b521de19b,d4f34f97b6d22a81,Open,1.170863568534039,10,0,0.0,0.000927898523514159,0.5610267639160156,0.0,0.001086442576479254,0.6568857988418098
0e6900a5f5b04e0b,1,6b7e1f5b521de19b,,Open,12725.664477286175,90,0,0.012870385684072972,0.9787495613098145,0.9999348223209381,163.78420990877993,12455.238524519733,12724.835048011024
0e6fba7a6a74bd6a,0,6b7e1f5b521de19b,6f9a9c5f2856c8b3,Open,1.170863568534039,49,0,0.0011230711825191975,0.0424641028046608,0.6715270757675169,0.0013149631324821706,0.04971967094446143,0.7862665883003828
0e75987950f306e5,3,6b7e1f5b521de19b,d4f34f97b6d22a81,Open,9648.963805727817,10,0,0.0,0.0001323248347034678,0.0008679917664267115,0.0,1.2767975406526768,8.375221137921093
0e796974bd0d9878,2,6b7e1f5b521de19b,,Open,1845240.0868962975,50,0,0.001086287386715412,0.08282311782240868,0.8132173836231231,2004.461031857099,152828.53712764368,1500581.3156223113
0e7b8d159bf1ae66,2,6b7e1f5b521de19b,6f9a9c5f2856c8b3,Open,581624.2695190914,90,0,0.1449068382382393,0.9647359430789948,0.9999187648296356,84281.33393863706,561113.838172132,581577.0211724689
0e7fba23daeadd3d,2,6b7e1f5b521de19b,6f9a9c5f2856c8b3,Open,1.170863568534039,70,0,0.015565882623195647,0.16820157244801523,0.9585087865591049,0.018225524875576844,0.19694109334951979,1.122283018301825
0e8446eedb91479e,2,6b7e1f5b521de19b,,Open,28573.483992041623,10,0,0.0,0.0003345524790347554,0.2799045965075493,0.0,9.559329904197424,7997.8495076073295
0e8c62441c520994,2,6b7e1f5b521de19b,6f9a9c5f2856c8b3,Open,1835.8687749276912,40,0,0.0,0.026508113369345665,0.42386845201253887,0.0,48.66541761702498,778.1668557267566
0e8c99d096ef4492,6,6b7e1f5b521de19b,,Open,1.170863568534039,30,133,0.0010438691824674606,0.006223088479600847,0.15624158903956412,0.0012222283960665607,0.007286387584528514,0.18293758449629283
0e90245978335aae,3,6b7e1f5b521de19b,,Open,2.4198904513070483,10,0,0.0,0.00016037751629482955,0.02608444578945636,0.0,0.00038809602028619855,0.06312150129354178
0e90efa2b115e7ab,2,6b7e1f5b521de19b,d4f34f97b6d22a81,Open,501.20046106510154,10,0,0.0,0.02200212134048343,0.5383828550577162,0.0,11.027473360260604,269.8377351844731
0e922c39c2e75225,3,6b7e1f5b521de19b,,Open,19774.79549531557,30,43,8.101324056042358e-06,0.0005559545243158937,0.005408761440776286,0.1602020264495181,10.993887023042245,106.95715137429946
0e98e15b50dc5e52,2,6b7e1f5b521de19b,6f9a9c5f2856c8b3,Open,61787.73606990534,10,368,0.0,0.00010191483816015534,0.0008462806843454017,0.0,6.297087121846795,52.28976756539255
0e99dceb51a68d00,5,6b7e1f5b521de19b,,Open,1.170863568534039,10,0,0.0,0.00016757439079810864,0.025178011693060387,0.0,0.0001962067492047911,0.029480016619528444
0ee4d901fb7eb71e,3,6b7e1f5b521de19b,d4f34f97b6d22a81,Open,36262.19132149581,10,99,0.0,0.00017669938533799724,0.0008412882860284297,0.0,6.407506917517168,30.50695678449621
0ef5e2b9b99bb18a,6,6b7e1f5b521de19b,,Open,1.170863568534039,25,0,0.0,0.003405972511973232,0.06868850030004978,0.0,0.003987929129697823,0.08042486257856768
0efc04d9192319df,2,6b7e1f5b521de19b,6f9a9c5f2856c8b3,Open,1.170863568534039,10,0,0.0,0.0005943093303358183,0.1921047292649745,0.0,0.0006958551433300711,0.22492842883945346
0efce3574dfa3f06,3,6b7e1f5b521de19b,,Open,36077.87700023642,80,0,0.0070125296711921695,0.3171906441450119,0.9846140027046203,252.99718293777943,11443.5650450895,35522.78288228774
0eff6d739d98488d,0,6b7e1f5b521de19b,,Open,7167801.987074186,50,264,0.00116905365139246,0.0026729525532573463,0.04432507175952187,8379.545085447207,19159.194622593026,317713.33743510675
0f07b56d531f6bff,3,6b7e1f5b521de19b,d4f34f97b6d22a81,Open,1.170863568534039,10,0,0.0,0.0001687106559984386,0.03035303065553306,0.0,0.0001975371607320505,0.03553925778916052
0f087c93c6012e53,2,6b7e1f5b521de19b,6f9a9c5f2856c8b3,Open,98.49392076768089,40,0,0.0,0.04018892552703619,0.6271411269903182,0.0,3.9583648465981307,61.769588471938505
0f28282941d38e89,2,6b7e1f5b521de19b,6f9a9c5f2856c8b3,Open,14993157.94869081,30,0,0.00021585437934845686,0.0010719747515395284,0.3820808172225952,3236.3388034880372,16072.286766840734,5728598.041783233
0f3a53439280354f,5,6b7e1f5b521de19b,6f9a9c5f2856c8b3,Open,284526.34079538845,30,163,0.0002192926127463579,0.0007670550519833342,0.004860536893829702,62.394524668181376,218.24736712943454,1382.9507767023485
0f3e2d536ae429ee,3,6b7e1f5b521de19b,,Open,9648.963805727817,10,0,0.0,0.0003076452368986793,0.21853626593947387,0.0,2.9684577558399163,2108.648520288892
0f726bd5b59063a4,5,6b7e1f5b521de19b,d4f34f97b6d22a81,Open,1.170863568534039,30,0,0.0,0.023839596752077342,0.46970331370830515,0.0,0.02791291532554976,0.5499584980407694
0f849476de7a0051,3,6b7e1f5b521de19b,,Open,155239.08665771675,90,0,0.14785947427153587,0.9338359087705612,0.9998989999294281,22953.569739603397,144967.83356572082,155223.4074990088
0f9013106c137519,2,6b7e1f5b521de19b,d4f34f97b6d22a81,Open,10295.115245609364,30,183,0.0002539545763283968,0.0012098902428988368,0.012179632298648355,2.614491630450745,12.455959485181832,125.39071816373091
0f9343aae388d8ee,0,6b7e1f5b521de19b,6f9a9c5f2856c8b3,Open,1.170863568534039,10,0,0.0,0.0006692815222777426,0.19017312973737716,0.0,0.0007836373515280116,0.22266678932359218
0fafd29c2a1a88b3,3,6b7e1f5b521de19b,,Open,5083.8994500666495,50,0,0.0011230711825191975,0.053633818775415426,0.7933529049158096,5.70958096719505,272.6689417773088,4033.326397010263
0fbbb54bad15037a,3,6b7e1f5b521de19b,,Open,35845.270270304114,30,0,0.0,0.02042825296521187,0.40803989917039857,0.0,732.2562486881609,14626.300466830577
10151ca882eb261b,3,6b7e1f5b521de19b,,Open,121130.27981900205,10,54,0.0,0.0004172528613707982,0.041723735257983195,0.0,50.54195585312406,5054.0077268934665
1016dc4d75485a8d,3,6b7e1f5b521de19b,d4f34f97b6d22a81,Open,6981.346099385708,60,0,0.0011230711825191975,0.22849844619631768,0.9092963248491287,7.8405486194128935,1595.2267360683575,6348.112350671224
101d6d7268dd2d79,6,6b7e1f5b521de19b,,Open,89310.3867280836,90,0,0.019164848048239945,0.9793768227100372,0.9999395191669465,1711.6199907732675,87468.52278875519,89304.98516149395
101ef019311df748,2,6b7e1f5b521de19b,,Open,110376.06659127772,5,336,0.0,9.04164040548494e-05,0.00029928065050626167,0.0,9.979807034901931,33.033421009760055
103cd337d48f658a,3,6b7e1f5b521de19b,,Open,94622.54669754872,50,0,0.00028759543783962727,0.08280171155929565,0.7782291412353515,27.213012746982102,7834.908818656412,73638.02325793529
103fcc46817a026b,2,6b7e1f5b521de19b,,Open,181833.88467912178,50,0,0.00028759543783962727,0.27952860146760944,0.9376418203115463,52.29459567837232,50827.771483777484,170495.05462485153
10450823f45ce0c2,6,6b7e1f5b521de19b,,Open,767.4627551854461,90,0,0.009697612794116139,0.9789141148328782,0.9999376595020294,7.442556633694004,751.2801236595628,767.414911175114
1050db80843e3c3e,1,6b7e1f5b521de19b,,Open,9648.963805727817,10,0,0.0,0.0001323248347034678,0.0008691833645571017,0.0,1.2767975406526768,8.386718825152201
10578cc5c4126a65,2,6b7e1f5b521de19b,6f9a9c5f2856c8b3,Open,1124332.9123435305,5,866,0.0,0.00012336102990957444,0.00045375444315141054,0.0,138.6988660279292,510.1710545572423
106ce48dca59f9da,5,6b7e1f5b521de19b,6f9a9c5f2856c8b3,Open,27747.371557826624,10,69,0.0,0.00012449807400116697,0.001978386839618906,0.0,3.4544943175441745,54.895034724020135
107c8845ace7eb6c,2,6b7e1f5b521de19b,,Open,28033.352531405413,50,0,0.00028759543783962727,0.12606877572834493,0.7925611644983291,8.062264295382164,3534.1304331953797,22218.146527082856
108307cdb635631a,3,6b7e1f5b521de19b,,Open,1.170863568534039,30,0,0.0,0.02543399315327406,0.4100179314613341,0.0,0.029779735985512777,0.48007505839376263
108ad49d7a5ebe38,2,6b7e1f5b521de19b,,Open,870350.122287474,70,244,0.03792494460940361,0.06909065879881382,0.799414351582527,33007.980178540114,60133.06333446975,695770.3786582141
10922bb338678fe8,3,6b7e1f5b521de19b,d4f34f97b6d22a81,Open,1.170863568534039,10,0,0.0,0.0005014059075620026,0.02724139150232076,0.0,0.0005870779102120948,0.03189595286624013
10b69efe040fe8f2,1,6ab36d9b02cbcf6b,6f9a9c5f2856c8b3,Open,6987.781758561951,95,33,0.9363202571868896,0.8330506443977356,0.9999250113964081,6542.801613342582,5821.176096880776,6987.257754565672
10c348992f55334a,0,062b9e5a52eb6d8e,,Open,8290.869253090716,100,0,0.9997202754020691,0.9998524606227874,0.9999405145645142,8288.550093022397,8289.646023404564,8290.37606712264
10e9d7c9e1c2b25c,1,6b7e1f5b521de19b,,Open,9648.963805727817,30,0,0.0,0.06355016194283962,0.7902295112609863,0.0,613.1932124346008,7624.895952375239
10eabb31b1db1fd3,2,6b7e1f5b521de19b,6f9a9c5f2856c8b3,Open,124276.27032109273,70,0,0.023161912709474562,0.41588000059127805,0.981362360715866,2878.476125036214,51684.01537461788,121960.05402327067
1106c41e63532431,2,6b7e1f5b521de19b,6f9a9c5f2856c8b3,Open,22827.20679931028,10,600,0.0,9.763945963641163e-05,0.0006961998849874361,0.0,2.228836136893277,15.892298748264235
1108c5dd73bcfe89,2,6b7e1f5b521de19b,6f9a9c5f2856c8b3,Open,1.170863568534039,10,0,0.0,0.0005816959252115339,0.320349134504795,0.0,0.000681086566794886,0.3750851308030751
1139d4064c9ce257,4,062b9e5a52eb6d8e,28c9c64e5918b06e,Open,253685.65573120333,30,63,0.0,0.0013192673737648876,0.014646095270290968,0.0,334.67920879832803,3715.5042825454398
113f5982ba9ea9ed,5,6b7e1f5b521de19b,6f9a9c5f2856c8b3,Open,66841.55433599779,30,0,0.0,0.000538448641600553,0.30923111960291816,0.0,35.99074413468757,20669.488683319883
116a78654cb907f9,2,6b7e1f5b521de19b,,Open,2496199.0774283707,5,1162,0.0,9.068210056284443e-05,0.00025012537735165087,0.0,226.360575764239,624.362736186614
117fa4024d9fac79,3,6b7e1f5b521de19b,,Open,9648.963805727817,10,0,0.0,0.00014326560776680707,0.0017551993834786118,0.0,1.3823646639475196,16.935855323020903
1197c6aea349f19c,5,6b7e1f5b521de19b,d4f34f97b6d22a81,Open,1.170863568534039,10,0,0.0,0.0004208343103528023,0.29913555234670625,0.0,0.0004927395623812433,0.3502469202960653
11a6f87be0eb6ed3,2,6b7e1f5b521de19b,6f9a9c5f2856c8b3,Open,98.49392076768089,10,0,0.0,0.0005242066632490605,0.19036634266376481,0.0,0.051631169555943345,18.749927471158042
11ac0e80cabfbc8b,3,6b7e1f5b521de19b,,Open,110510.57900984009,10,0,0.0,0.000166594310576329,0.03302323976531623,0.0,18.410433721535245,3649.4173472458724
11bc597977eda3d4,4,cca8e68b78e095c5,28c9c64e5918b06e,Open,1.170863568534039,10,0,0.0,0.0006305559625616298,0.3207815095782279,0.0,0.0007382950044853257,0.3755913830244999
11cbf7b56e17ecac,2,6b7e1f5b521de19b,6f9a9c5f2856c8b3,Open,115143.71679776887,60,0,0.0030671000480651856,0.27535527646541597,0.945672607421875,353.157299324841,31705.429972105205,108888.25889239203
11de6602f0412cd5,5,6b7e1f5b521de19b,6f9a9c5f2856c8b3,Open,202912.73584305227,60,230,0.0012947028852067887,0.05342476088553667,0.7326688259840012,262.7117045412028,10840.564393045135,148667.83594733087
11df7eb5197f3ba1,2,6b7e1f5b521de19b,6f9a9c5f2856c8b3,Open,5658.7759425676995,10,0,0.0,0.043593677505850796,0.636661124229431,0.0,246.68685351816316,3602.7226533576095
11e1708bab9c7e99,6,6b7e1f5b521de19b,,Open,1940496.0813235685,95,31,0.9555838942527771,0.9035031229257584,0.9999223113059997,1854306.8021734292,1753244.2695010405,1940345.3267172978
11e34e4bacb1b090,5,6b7e1f5b521de19b,,Open,1.170863568534039,0,406,0.0,7.903908663138281e-05,0.00014308671161415986,0.0,9.254398702689193e-05,0.00016753501777035614
11f01ca824afef6d,3,6b7e1f5b521de19b,,Open,5083.8994500666495,30,0,0.0,0.0893517304211855,0.8220779716968536,0.0,454.25521315076844,4179.36174822154
11f2a2766721dfe0,2,6b7e1f5b521de19b,6f9a9c5f2856c8b3,Open,1.170863568534039,10,0,0.0,0.000927898523514159,0.5913039177656173,0.0,0.001086442576479254,0.6923362152432085
120182d690e415fc,3,6b7e1f5b521de19b,d4f34f97b6d22a81,Open,4315.129959735757,30,47,8.101324056042358e-06,0.0007969806814799085,0.010060168895870445,0.034958266147756385,3.439075215984574,43.41093620257235
1201d83608e153c1,3,6b7e1f5b521de19b,,Open,2.4198904513070483,10,335,0.0,9.385165867570322e-05,0.0005355218250770121,0.0,0.00022711073266866251,0.001295904150970385
1203d5d88130b121,2,6b7e1f5b521de19b,6f9a9c5f2856c8b3,Open,1.170863568534039,10,0,0.0,0.0005816959252115339,0.320349134504795,0.0,0.000681086566794886,0.3750851308030751
1211709a050c6042,5,6b7e1f5b521de19b,6f9a9c5f2856c8b3,Open,343567.22002999386,10,232,0.0,0.00011036349933419842,0.0012356821971479801,0.0,37.91728065903263,424.53989731468636
121a15e439117865,5,6b7e1f5b521de19b,6f9a9c5f2856c8b3,Open,1193881.5426775909,30,55,0.0,0.0058355992659926414,0.13157252520322796,0.0,6967.014254131512,157082.009363616
122601fbbd690171,0,6b7e1f5b521de19b,,Open,9648.963805727817,1,0,0.0,0.0001300617164815776,0.00024990705715026705,0.0,1.2549607948415753,2.41134414923888
1238411a209d206d,4,6b7e1f5b521de19b,d4f34f97b6d22a81,Open,1.170863568534039,10,0,0.0,0.0016304720600601285,0.6318484991788863,0.0,0.0019090603346370479,0.7398083885214676
123c568171e0c479,2,6b7e1f5b521de19b,6f9a9c5f2856c8b3,Open,5240.784640408875,10,78,0.0,0.0001617689209524542,0.004031340149231254,0.0,0.8477960762231395,21.127385534354776
124d2b404948d212,2,6b7e1f5b521de19b,d4f34f97b6d22a81,Open,4208.334281155841,60,0,0.0030671000480651856,0.2725581362843513,0.9537030607461929,12.90738227600745,1147.0157485333814,4013.5012845814554
124d9c123aa03e60,1,6b7e1f5b521de19b,6f9a9c5f2856c8b3,Open,1.170863568534039,10,0,0.0,0.00037904363562120126,0.06550415437668558,0.0,0.00044380838383355567,0.07669642794729066
1258abf21df41b17,6,6b7e1f5b521de19b,,Open,1.170863568534039,25,89,0.0,0.0016315054148435594,0.006819612812250853,0.0,0.0019102702521063375,0.007984836193372487
125d50720a95fcb4,4,bb25152d8e0211c1,28c9c64e5918b06e,Open,3645.4892904832395,70,0,0.0030671000480651856,0.5658060878515243,0.9837114781141281,11.181080378062264,2062.640033752951,3586.1096583904914
1264af01fdf6ce64,4,506023b3e03cfab3,28c9c64e5918b06e,Open,1.170863568534039,10,0,0.0,0.000678489136043936,0.5193159013986584,0.0,0.00079441821103998,0.6080480695081042
1278cee883c8f384,2,6b7e1f5b521de19b,6f9a9c5f2856c8b3,Open,387.213790880707,40,0,0.0,0.022341009601950648,0.406156902015209,0.0,8.650747020073585,157.26955372167293
127acf95d126e57f,2,6b7e1f5b521de19b,6f9a9c5f2856c8b3,Open,1.170863568534039,60,311,0.0030671000480651856,0.011421683290973306,0.27782057076692573,0.0035911557073285256,0.01337323285673461,0.3252899849003262
129658e6b30f700b,2,6b7e1f5b521de19b,6f9a9c5f2856c8b3,Open,569.928738792806,40,0,0.0,0.022341009601950648,0.43497086763381954,0.0,12.732783425797702,247.90239800215534
129afdce6dd399d3,0,6b7e1f5b521de19b,6f9a9c5f2856c8b3,Open,1.170863568534039,20,0,0.0,0.03321948740631342,0.5395112484693525,0.0,0.0388954875694277,0.6316940656470806
12a31caa0a1f3d9d,3,6b7e1f5b521de19b,,Open,2.4198904513070483,10,0,0.0,0.0006396249955287203,0.30237132310867293,0.0,0.0015478224190972638,0.7317054775397559
12af0bcfd500287b,1,6b7e1f5b521de19b,6f9a9c5f2856c8b3,Open,243027.69040833774,10,159,0.0,0.00011224970148759894,0.001221593638183549,0.0,27.279785701556523,296.8810805052665
12b0c437be73f9df,3,255414ab73601d72,d4f34f97b6d22a81,Open,11276.83878630661,20,267,0.0,0.0006256473337998613,0.00801125678699463,0.0,7.055324120343594,90.34165126264311
12b0da525743ed1f,4,38080774be85927f,28c9c64e5918b06e,Open,1.170863568534039,10,0,0.0,0.0005806979810586199,0.30884033441543574,0.0,0.0006799181103428074,0.36160989606090305
12b37fe37738de1e,3,6b7e1f5b521de19b,,Open,5459750.127724096,60,282,0.0012113013304769992,0.005699533829465508,0.04687291141599416,6613.402593784164,31118.030553392116,255914.38409027437
12ba6e88cf5af53d,2,6b7e1f5b521de19b,6f9a9c5f2856c8b3,Open,98.49392076768089,10,37,0.0,0.0003230870424886234,0.01999127734452483,0.0,0.03182210956393882,1.9690192868163627
12dbad4b10b8c8cb,2,6b7e1f5b521de19b,6f9a9c5f2856c8b3,Open,71754.25768015352,80,0,0.13253206461668016,0.3932848408818245,0.9804873466491699,9509.739915388025,28219.861814332613,70354.14172359454
12e8bbe790c05399,3,6b7e1f5b521de19b,,Open,2.4198904513070483,10,0,0.0,0.00020204791871947236,0.0030464405426755543,0.0,0.0004889338292157138,0.007372052379695236
12f30556e6b7ed9a,3,6b7e1f5b521de19b,d4f34f97b6d22a81,Open,924905.793761616,10,133,0.0,0.0002572408404375892,0.010090762795880432,0.0,237.92354371283363,9333.004973383975
131f7f18fe49f269,2,6b7e1f5b521de19b,6f9a9c5f2856c8b3,Open,1.170863568534039,10,0,0.0,0.05409223958849907,0.7122113704681395,0.0,0.06333463267458823,0.8339023467768443
13271c0d2e7cec91,4,7545e34e09ae9cad,28c9c64e5918b06e,Open,1.170863568534039,10,0,0.0,0.00015884339591138997,0.0019925193395465613,0.0,0.00018598394537487522,0.0023329683042745734
134972adcd8afce7,3,6b7e1f5b521de19b,d4f34f97b6d22a81,Open,27629.63681469765,95,291,0.9598867654800415,0.6128030598163605,0.9999032199382782,26521.322713448404,16931.52598166148,27626.962816741372
13579b708996fc8f,2,6b7e1f5b521de19b,6f9a9c5f2856c8b3,Open,98.49392076768089,10,46,0.0,0.0002830372322932817,0.006631427723914381,0.0,0.027877446731798178,0.6531553168158255
138301d77451d870,1,6b7e1f5b521de19b,,Open,441258.0860756521,10,19,0.0,0.0003460761217866093,0.2266001209616661,0.0,152.7088871360435,99989.13568005603
13834e8b1664c5ab,5,6b7e1f5b521de19b,d4f34f97b6d22a81,Open,1.170863568534039,10,0,0.0,0.0001940284579177387,0.03089031232520937,0.0,0.00022718085263472013,0.03616834132222565
138ec4107b5dd465,2,6b7e1f5b521de19b,6f9a9c5f2856c8b3,Open,1642.7931776275777,70,0,0.021660184487700462,0.42165282666683196,0.9820627301931381,35.58320330254901,692.6883869756551,1613.3259531635997
139288c6dc4d1fbf,3,6b7e1f5b521de19b,,Open,5655.969519442425,80,0,0.0070125296711921695,0.2590805932879448,0.9688214719295501,39.66265407444852,1465.3519387156755,5479.62471501488
13b1f6cfaae564ab,3,6b7e1f5b521de19b,,Open,368869.1381210446,1,0,0.0,0.00012394395380397328,0.00027462640136945995,0.0,45.71909941498619,101.30120397843676
13b63e5789e64a9c,2,6b7e1f5b521de19b,6f9a9c5f2856c8b3,Open,2489.780729147692,40,78,0.0,0.0012967455026227982,0.008065069979056715,0.0,3.2286119630391807,20.08025581308299
13bd136028e9c1da,5,6b7e1f5b521de19b,6f9a9c5f2856c8b3,Open,48637.90301070944,10,0,0.0,0.0005058416514657438,0.298292353749275,0.0,24.603077182767933,14508.314570493467
13c9160ce6b7825c,2,6b7e1f5b521de19b,,Open,25102.753943361105,30,116,0.0,0.0005764421832282097,0.002605430560652166,0.0,14.470286288151625,65.40348228056469
13d442314074b99a,1,6ab36d9b02cbcf6b,,Open,5956.363132024651,80,1213,0.007163809891790151,0.003869406331796199,0.11692372374236584,42.670253124292365,23.047589217533627,696.4401573580633
13e52bc55f96a007,3,6b7e1f5b521de19b,d4f34f97b6d22a81,Open,1.170863568534039,10,1154,0.0,0.00010575319574854803,0.0003412087433389388,0.0,0.0001238225641580237,0.00039950888684084487
13e9f5b12ca52255,4,255414ab73601d72,28c9c64e5918b06e,Open,3303.290441942712,90,0,0.40076940730214117,0.9776910483837128,0.9999441266059875,1323.8577525642086,3229.5974952988677,3303.1058758943113
142046eb87149ead,2,6b7e1f5b521de19b,6f9a9c5f2856c8b3,Open,1417057.76710956,70,0,0.003466563671827316,0.32540816366672515,0.9830909311771393,4912.320976342735,461122.1658047918,1393096.6397995353
1423f9f97fa0afcd,5,6b7e1f5b521de19b,6f9a9c5f2856c8b3,Open,566176.1388676785,50,0,0.00116905365139246,0.0571975152939558,0.7885098457336425,661.8902824745439,32383.868361956884,446435.4599166225
142f3313f62da80b,1,6b7e1f5b521de19b,6f9a9c5f2856c8b3,Open,1.170863568534039,90,0,0.009978663781657815,0.9836634337902069,0.999925023317337,0.011683653884593238,1.151735678324048,1.1707757810678192
143e129b4760b3a8,2,6b7e1f5b521de19b,6f9a9c5f2856c8b3,Open,4507.698396942976,70,0,0.015932779386639596,0.39761925488710403,0.9767710506916045,71.82016410000139,1792.3476778482593,4402.989299382852
14474b19a5a52f4f,2,6b7e1f5b521de19b,6f9a9c5f2856c8b3,Open,11264.189824104717,60,0,0.0030671000480651856,0.34385757744312284,0.9596350163221359,34.54839715092695,3873.2770247761237,10809.510985710367
14474ddc1588db0a,0,6b7e1f5b521de19b,,Open,1.170863568534039,10,0,0.0,0.05053556319326162,0.7174553483724594,0.0,0.059170249858339734,0.8400423294592099
144d8665a6858777,2,6b7e1f5b521de19b,d4f34f97b6d22a81,Open,84.08580196246166,70,0,0.015932779386639596,0.5724762439727783,0.9822448432445526,1.3397205322165684,48.13712407890892,82.59284536771065
1480d60ec30fcd63,3,6b7e1f5b521de19b,,Open,147782.212188992,90,0,0.31177958101034164,0.9433852285146713,0.9998926222324371,46075.476197065334,139415.55601631588,147766.34366496166
1492c2b5dba50263,2,6b7e1f5b521de19b,d4f34f97b6d22a81,Open,84.08580196246166,10,0,0.0,0.0005841896723723039,0.3511564388871193,0.0,0.049122057099612905,29.52727077810558
14ba903faf250dcb,2,6b7e1f5b521de19b,6f9a9c5f2856c8b3,Open,6985.219151138627,70,0,0.01674085669219494,0.5164145231246948,0.984983304142952,116.93855277278733,3607.2686168567398,6880.324239651151
14bb81f4357c711c,0,6b7e1f5b521de19b,6f9a9c5f2856c8b3,Open,415.3892283045608,40,0,0.00028759543783962727,0.037590276263654236,0.4933632403612135,0.11946404698811505,15.614595848914583,204.937775687482
14ce529bf9942d9c,0,6b7e1f5b521de19b,,Open,7827.2958077009425,50,36,0.0011230711825191975,0.030693502724170686,0.3090496286749836,8.790610358682255,240.24712519655867,2419.022862899232
14da828d1ac58e26,0,6b7e1f5b521de19b,6f9a9c5f2856c8b3,Open,1.170863568534039,49,0,0.0011230711825191975,0.042489346116781235,0.6655612170696258,0.0013149631324821706,0.049749227418972385,0.7792813816960001
14fad93f3d71e568,0,6b7e1f5b521de19b,6f9a9c5f2856c8b3,Open,24904.198698953798,35,156,0.00028759543783962727,0.0015506649564485998,0.029765306692570444,7.1623339288706935,38.618068190900466,741.2811122070736
14fc7c16ba9e0d4a,3,6b7e1f5b521de19b,d4f34f97b6d22a81,Open,18753.016089742254,60,1,0.00028759543783962727,0.16674992591142654,0.8995363414287567,5.393281873142998,3127.0640435803107,16869.019484121356
14fcb8fc22d891f0,2,6b7e1f5b521de19b,6f9a9c5f2856c8b3,Open,89664.46366676311,30,0,0.0002539545763283968,0.03461237382143736,0.5196289658546447,22.770700882205755,3103.4999349326927,46592.25252907148
1513848815063a6f,2,6b7e1f5b521de19b,6f9a9c5f2856c8b3,Open,1.170863568534039,10,0,0.0,0.0008053897327044979,0.541779863834381,0.0,0.0009430014964950642,0.6343503047290091
151de09098e11cbb,2,6b7e1f5b521de19b,6f9a9c5f2856c8b3,Open,1.170863568534039,10,0,0.0,0.00016993294048006646,0.0011791991535574195,0.0,0.00019896828910197307,0.0013806813289465583
1527c0b24d0730d4,4,062b9e5a52eb6d8e,28c9c64e5918b06e,Open,1.170863568534039,90,0,0.08148507699370384,0.9449699848890305,0.9998899459838867,0.095407908031119,1.1064309286647271,1.170734710296001
152dd1b4298cff1d,1,6b7e1f5b521de19b,d4f34f97b6d22a81,Open,1.170863568534039,10,0,0.0,0.00017783554940251634,0.0026186582166701547,0.0,0.00020822116598564165,0.0030660915043413998
1538bfc64f6c6a8d,0,674ec33189ed753c,,Open,3344801.1418422326,10,0,0.0,0.0005155747756361962,0.30012234896421425,0.0,1724.495098253002,1003849.5755078768
154ca2f424f6e3d5,5,6b7e1f5b521de19b,d4f34f97b6d22a81,Open,4286.748556449417,10,56,0.0,9.531440409773495e-05,0.0008433797745965421,0.0,0.4085888841748017,3.615357031290362
1556aa59187db158,0,6b7e1f5b521de19b,6f9a9c5f2856c8b3,Open,34.049530754318994,10,0,0.0,0.00041321292083011944,0.08731900490820407,0.0,0.014069706055887131,2.973171143058426
15616b1bd97eb8ae,0,6b7e1f5b521de19b,6f9a9c5f2856c8b3,Open,98.49392076768089,20,3,0.0,0.057206232100725174,0.7327107965946196,0.0,5.634466091946388,72.16755914541481
1567973af7c03c29,2,6b7e1f5b521de19b,6f9a9c5f2856c8b3,Open,1.170863568534039,80,0,0.2672743029892445,0.3192221000790596,0.9865636557340622,0.31294174417543474,0.3737655272534978,1.155131442538771
156f3055419465f4,4,6b7e1f5b521de19b,28c9c64e5918b06e,Open,2250063.3066378105,60,0,0.0,0.0004836453124880791,0.024167785514146084,0.0,1088.2325710568043,54379.04738807292
157024f1e3127767,2,6b7e1f5b521de19b,6f9a9c5f2856c8b3,Open,75086.53269896151,20,0,0.0,0.056582847610116005,0.6633064478635787,0.0,4248.609837277331,49805.38128694062
1570dbedb633ae4f,0,6b7e1f5b521de19b,6f9a9c5f2856c8b3,Open,1.170863568534039,45,0,0.0011230711825191975,0.05996388737112284,0.7572414994239806,0.0013149631324821706,0.07020953115052608,0.8866264842576282
157776bc628aaaee,2,6b7e1f5b521de19b,,Open,35845.270270304114,5,502,0.0,8.629524490970653e-05,0.00021163116252864703,0.0,3.093276376830516,7.5859762184580095
157905900defd1f1,5,6b7e1f5b521de19b,d4f34f97b6d22a81,Open,3228.770236528937,10,0,0.0,0.0005489596078405157,0.32750011682510366,0.0,1.7724644428520542,1057.4226296646443
157d055cb658162e,5,6b7e1f5b521de19b,d4f34f97b6d22a81,Open,422246.0096223643,70,0,0.003466563671827316,0.2510342299938202,0.9598344683647155,1463.7426775309355,105998.20189351341,405286.2741650046
15b5d599d054db72,5,6b7e1f5b521de19b,6f9a9c5f2856c8b3,Open,1589202.6235374336,70,0,0.0028538778424263,0.23788017481565477,0.9343836963176727,4535.3901544392265,378039.7979045819,1484925.02157865
15c3e13a39f8c1e2,2,6b7e1f5b521de19b,,Open,1348.7192102922918,90,0,0.009697612794116139,0.9854824304580688,0.9999347627162933,13.079356669400743,1329.139085364335,1348.6312235145292
15ccada5a1bc0d53,0,6b7e1f5b521de19b,6f9a9c5f2856c8b3,Open,4386.532748246311,40,114,0.0012113013304769992,0.007080895430408418,0.13255611769855016,5.313412954131684,31.06057969239418,581.4617512650827
15e129ac3c09a430,4,75c64824a2a4e380,28c9c64e5918b06e,Open,1.170863568534039,10,0,0.0,0.0003787581663345918,0.29275469779968244,0.0,0.00044347413824592926,0.34277581017084036
15f0703d53cba9ae,3,6b7e1f5b521de19b,,Open,3955.474242581648,10,0,0.0,0.00016591365711065008,0.028797993157058933,0.0,0.6562671971936999,113.90972017078917
15f66e6cb3621b1f,2,6b7e1f5b521de19b,6f9a9c5f2856c8b3,Open,443371.2065453849,10,0,0.0,0.0005319283198332414,0.3392062470316885,0.0,235.8417009601236,150394.2830141716
15fe7be4913db0cb,1,6b7e1f5b521de19b,,Open,55579.12272625689,10,0,0.0,0.0019645962340291588,0.6380080014467238,0.0,109.19053519864872,35459.92501274134
160e73680df9a11a,3,6b7e1f5b521de19b,,Open,1.170863568534039,10,0,0.0,0.001139771653106436,0.5158978044986723,0.0,0.0013345171050701424,0.6040459443741915
161ebc79d8733c71,5,6b7e1f5b521de19b,6f9a9c5f2856c8b3,Open,98.49392076768089,40,0,0.00028759543783962727,0.036553236469626424,0.650022858381271,0.028326402267722744,3.6002715766416884,64.02329991058637
163f78d59be3ccac,0,6b7e1f5b521de19b,6f9a9c5f2856c8b3,Open,25234.815848044836,10,0,0.0,0.0004754694513394497,0.3572383627295494,0.0,11.998384045921929,9014.844297337222
16510bf0e59406eb,4,7545e34e09ae9cad,28c9c64e5918b06e,Open,1683989.4910996791,10,0,0.0,0.00015178686153376477,0.0018569587438832962,0.0,255.607479709862,3127.0990101051316
1668c07c47f1ef6c,0,6b7e1f5b521de19b,6f9a9c5f2856c8b3,Open,4854.049577612525,10,154,0.0,0.0002185799792641774,0.007734536984935402,0.0,1.0609980560218348,37.54382598475414
166eea86a7a259b8,5,6b7e1f5b521de19b,,Open,6091.577363923724,10,16,0.0,0.06545589305460453,0.8210326969623566,0.0,398.72963646684104,5001.384191857138
16777e490ae2f597,0,6b7e1f5b521de19b,6f9a9c5f2856c8b3,Open,1.170863568534039,45,0,0.0011230711825191975,0.15513006448745728,0.8690477967262268,0.0013149631324821706,0.18163614089269983,1.017536404501514
167c112fda99c4ee,2,6b7e1f5b521de19b,6f9a9c5f2856c8b3,Open,98.49392076768089,10,0,0.0,0.00051988432824146,0.1953245200216769,0.0,0.05120544583417337,19.238277799000347
167f92ecba6e46a1,3,6b7e1f5b521de19b,,Open,35845.270270304114,10,14,0.0,0.0004420664408826269,0.12259875051677226,0.0,15.845991050869179,4394.585347075288
16872422fc1968b1,3,6b7e1f5b521de19b,,Open,35845.270270304114,10,0,0.0,0.00016288396072923207,0.002132455410901456,0.0,5.838619595036925,76.43844054313512
168a64fccf1f651d,3,6b7e1f5b521de19b,d4f34f97b6d22a81,Open,175.77960801338187,10,0,0.0,0.0005088029691250994,0.32750011682510366,0.0,0.08943718646885482,57.56784215985349
16a86e0e907a7b35,0,6b7e1f5b521de19b,6f9a9c5f2856c8b3,Open,1096985.0763761601,30,49,0.0002539545763283968,0.013374527217820287,0.4001331716775893,278.58438030968176,14671.65676153562,438940.1178933755
16aa074a6ab9478e,5,6b7e1f5b521de19b,d4f34f97b6d22a81,Open,1.170863568534039,70,0,0.015932779386639596,0.24099591374397278,0.9679449826478957,0.018655110929306416,0.2821733355683894,1.1333315165277336
16b1e197828eb854,0,6b7e1f5b521de19b,6f9a9c5f2856c8b3,Open,1.170863568534039,10,0,0.0,0.0003475583624094725,0.07119345925748344,0.0,0.0004069434244846017,0.08335782776249977
16b8899766e7515c,3,6b7e1f5b521de19b,6f9a9c5f2856c8b3,Open,6852.59644268992,10,0,0.0,0.0004910445713903755,0.2994503140449522,0.0,3.3649302831118835,2052.0121567868187
16c088faabaf9e1d,2,6b7e1f5b521de19b,6f9a9c5f2856c8b3,Open,98.49392076768089,10,57,0.0,0.0002292358061822597,0.004828608944080768,0.0,0.02257833333123094,0.47558862675640645
16c2d01fd9ed8724,0,6b7e1f5b521de19b,6f9a9c5f2856c8b3,Open,50730.350360211196,20,0,0.0,0.02096426822245121,0.4903862074017524,0.0,1063.5246719703919,24877.464113306094
16c9ebd0640f23c0,3,6b7e1f5b521de19b,,Open,35845.270270304114,10,0,0.0,0.0002309837283974048,0.003941525355912745,0.0,8.279674172447494,141.28504165994897
16d1cd1b3dc4c997,2,6b7e1f5b521de19b,6f9a9c5f2856c8b3,Open,591340.4281124335,70,0,0.0028538778424263,0.04062344320118427,0.6701847106218337,1687.6133451209564,24022.284293989436,396307.31369352253
16d35556fc667b31,0,6b7e1f5b521de19b,,Open,23400.261791934005,10,0,0.0,0.00022641063114861029,0.06431781481951472,0.0,5.2980680413544885,1505.053704661777
16dc28a35be4619e,4,062b9e5a52eb6d8e,28c9c64e5918b06e,Open,1.170863568534039,10,0,0.0,0.00028854389820480724,0.003792792605236172,0.0,0.0003378455383308031,0.004440842684476339
16e8139bdfd441dc,0,6b7e1f5b521de19b,6f9a9c5f2856c8b3,Open,1041.7986257683767,40,0,0.0,0.02475477084517479,0.36983513087034214,0.0,25.789486247714173,385.2937311015902
16ebbd2f200bbd38,2,6b7e1f5b521de19b,6f9a9c5f2856c8b3,Open,98.49392076768089,10,21,0.0,0.000349392878706567,0.12638181708753093,0.0,0.03441307451211655,12.44784067869481
16f4f113e6763881,1,6b7e1f5b521de19b,6f9a9c5f2856c8b3,Open,243027.69040833774,10,159,0.0,0.00011224970148759894,0.0011445045180153099,0.0,27.279785701556523,278.14628967516853
16fbb3852374e837,2,6b7e1f5b521de19b,,Open,1.170863568534039,10,0,0.0,0.0005478703154949471,0.316251266002655,0.0,0.0006414813926942835,0.37028708586527626
1711bcdaa39f25e9,4,d94a77dffd98d647,28c9c64e5918b06e,Open,51689.05721294546,2,950,0.0,8.000580819498282e-05,0.00013452265120577066,0.0,4.135424797158408,6.953349014612186
17287abc9ca0b71a,3,6b7e1f5b521de19b,,Open,4284.39609012459,80,0,0.005494691058993339,0.2929308593273163,0.9679468631744385,23.541432889593604,1255.0318283787901,4147.067756032926
17337d22dec0b6ed,3,6b7e1f5b521de19b,,Open,159208.65214788017,10,0,0.0,0.0004700740842963569,0.24488238468766205,0.0,74.839861370472,38987.39440088136
1733a87cbacbd8a9,2,6b7e1f5b521de19b,6f9a9c5f2856c8b3,Open,11618.05368446915,70,0,0.018877827376127244,0.46197141110897066,0.9806178152561187,219.32361190198773,5367.208654953989,11392.870421592439
174c2d394d5e6bd1,3,6b7e1f5b521de19b,,Open,1.170863568534039,10,0,0.0,0.0004983063787221909,0.025341315474361175,0.0,0.0005834487848139387,0.029671223067657387
1754b4cc1c126479,2,6b7e1f5b521de19b,,Open,4866.2439698906965,10,0,0.0,0.00016252354544121772,0.025941788312047697,0.0,0.7908792229685824,126.23907094168305
1764db3f9078dd5c,4,062b9e5a52eb6d8e,28c9c64e5918b06e,Open,1.170863568534039,10,0,0.0,0.0008516360365319998,0.5337148308753967,0.0,0.0009971496088260424,0.624907251458308
17670bd84642869e,3,6b7e1f5b521de19b,,Open,25504.58668475133,80,0,0.0070125296711921695,0.14841795414686204,0.9529675930738449,178.85167087831144,3785.338577112091,24305.044585310712
178513829e0fb935,5,6b7e1f5b521de19b,6f9a9c5f2856c8b3,Open,1.170863568534039,60,0,0.0010428334586322307,0.042959421128034594,0.785274139046669,0.0012210157047608276,0.050299621124127177,0.919448880721678
178fce3b440af16b,5,6b7e1f5b521de19b,d4f34f97b6d22a81,Open,221126.11385565557,30,229,0.0,0.004838282126002014,0.14748276472091668,0.0,1069.8705242601045,32612.290623424284
1798f77ef685a500,3,6b7e1f5b521de19b,,Open,9648.963805727817,10,0,0.0,0.00014326560776680707,0.0017551993834786118,0.0,1.3823646639475196,16.935855323020903
179e7b97c645701a,0,6b7e1f5b521de19b,6f9a9c5f2856c8b3,Open,1096681.541053269,40,0,0.00028759543783962727,0.042266986146569256,0.7448669523000717,315.4006079698521,46353.423502896745,816881.8371280945
179ebdfb1156fc19,5,6b7e1f5b521de19b,d4f34f97b6d22a81,Open,1.170863568534039,10,0,0.0,0.00038620251725660635,0.07434346042573448,0.0,0.00045219045753189886,0.08704604937124458
17a42c3cc72abe3d,0,062b9e5a52eb6d8e,,Open,182915.91620557962,80,468,0.2183097243309021,0.020951344445347787,0.49877962768077844,39932.32324257447,3832.3343649594717,91234.73258190748
17b0b6f704c78118,2,6b7e1f5b521de19b,6f9a9c5f2856c8b3,Open,98.49392076768089,30,0,0.0,0.03868449330329895,0.528961482644081,0.0,3.8101874183530087,52.09949036070113
17b1e22b82d9ea97,0,6b7e1f5b521de19b,,Open,2521022.25580936,90,0,0.2870691530406475,0.9823593258857727,0.9999366164207458,723707.7237718157,2476549.723759913,2520862.4643954076
17dd8e8814539d3e,5,6b7e1f5b521de19b,,Open,11264.189824104717,30,0,0.0002038492588326335,0.031694117654114964,0.5050334244966507,2.296196746993839,357.0085575634594,5688.79236104793
17ddb4d99b389754,2,6b7e1f5b521de19b,6f9a9c5f2856c8b3,Open,654.7986671275198,10,0,0.0,0.0005686878444976174,0.46229640394449223,0.0,0.3723760425886621,302.711069120699
17df2819050fed9b,2,6b7e1f5b521de19b,6f9a9c5f2856c8b3,Open,2253.1771345233396,40,0,0.0,0.024754572287201883,0.42386845201253887,0.0,55.77643625242841,955.050704120456
17fa530ebdb32f3a,2,6b7e1f5b521de19b,6f9a9c5f2856c8b3,Open,760753.8886393537,30,0,0.0,0.022901839669793846,0.5441950708627699,0.0,17422.66358579068,413998.5163372208
17ffb7ece2a20b6c,5,6b7e1f5b521de19b,d4f34f97b6d22a81,Open,27174.269379384634,10,0,0.0,0.0003414152088225819,0.07545729652047156,0.0,9.277708854763699,2050.496902287397
1800daf5ec0be4b4,3,6b7e1f5b521de19b,,Open,3391.863497755878,30,639,0.0,0.0003841652724076994,0.0019553616235498334,0.0,1.303036164585119,6.6323197158313505
1803db8d1ec02979,2,6b7e1f5b521de19b,6f9a9c5f2856c8b3,Open,1.170863568534039,70,0,0.015565882623195647,0.20433382093906402,0.9617283076047897,0.018225524875576844,0.23924702675690782,1.126052638202346
1819cfe9b6b789b1,5,6b7e1f5b521de19b,6f9a9c5f2856c8b3,Open,1.170863568534039,70,0,0.0031274809909518806,0.2315910451114178,0.953835317492485,0.003661853553588291,0.2711615175196822,1.1168110236330488
181d7243db152d4c,3,6b7e1f5b521de19b,,Open,25102.753943361105,10,0,0.0,0.0001791111637430731,0.031090289913117852,0.0,4.496183471951425,780.4518977167592
18229f0a60a6595e,2,6b7e1f5b521de19b,6f9a9c5f2856c8b3,Open,9721.332606136886,90,0,0.11291692256927491,0.9481456607580185,0.9999162435531617,1097.7029611573262,9217.239327294128,9720.518381859263
182c912b00e66c8a,3,6b7e1f5b521de19b,,Open,89664.46366676311,10,32,0.0,0.00012785821563738865,0.0021177684888243667,0.0,11.464338330515798,189.88857572080826
1839b0f19b582a1f,3,6b7e1f5b521de19b,,Open,54608.54408792734,50,0,0.00116905365139246,0.05422311220318079,0.7255281090736388,63.840317863217585,2961.045213332029,39620.03373137836
1843874439d2fb87,2,6b7e1f5b521de19b,6f9a9c5f2856c8b3,Open,322.29444773385916,40,0,0.0,0.036083591356873515,0.4603182598948477,0.0,11.629541148617804,148.35801935462098
18445036bdbdb79c,5,6b7e1f5b521de19b,6f9a9c5f2856c8b3,Open,112219.56174148555,50,0,0.00116905365139246,0.05111192371696234,0.7885098457336425,131.1906884115453,5735.757679281755,88486.22931707573
186e8d004d5383e4,2,6b7e1f5b521de19b,6f9a9c5f2856c8b3,Open,314958.705108167,10,221,0.0,0.0025385885848663746,0.09619913436472413,0.0,799.5505734918875,30298.754792040083
18702d0f3c9fa383,3,6b7e1f5b521de19b,d4f34f97b6d22a81,Open,589746.0012516237,10,21,0.0,0.0002998514421051368,0.07645405605435368,0.0,176.8361889510372,45088.47383752258
18732553412483a4,2,6b7e1f5b521de19b,6f9a9c5f2856c8b3,Open,25092.536550421097,60,0,0.0030671000480651856,0.5284838140010834,0.9765807926654816,76.96132005987397,13260.99941912813,24504.889234397804
187ba45583d87db0,3,6b7e1f5b521de19b,,Open,9648.963805727817,1,0,0.0,0.00010992518291459419,0.0002428487096040044,0.0,1.0606641112809292,2.343238409236744
188f08708a58f6d5,0,6b7e1f5b521de19b,6f9a9c5f2856c8b3,Open,969.7093007421819,45,92,0.0029048790165688843,0.00562300905585289,0.0954635802656412,2.8168881998976496,5.452684179618062,92.57192166574008
18ae872cb24efbdf,5,6b7e1f5b521de19b,6f9a9c5f2856c8b3,Open,1.170863568534039,10,0,0.0,0.000973032569163479,0.5118257120251654,0.0,0.001139288386230595,0.5992780796492605
18bd00025a0e45ac,2,6b7e1f5b521de19b,6f9a9c5f2856c8b3,Open,64.10035007555453,80,0,0.11078578978776932,0.708022752404213,0.9913479328155518,7.101407908792807,45.38450629056772,63.54574954015418
18e5549c8597caef,3,6b7e1f5b521de19b,,Open,5655.969519442425,80,0,0.0070125296711921695,0.2553856000304222,0.9644289553165435,39.66265407444852,1444.4531694765824,5454.78077493807
18ec0d3fcbc525b2,3,6b7e1f5b521de19b,,Open,183127.89167286997,20,0,0.0,0.031475927121937274,0.5232276022434235,0.0,5764.120172289279,95817.56766388915
19071416203c5c4a,2,6b7e1f5b521de19b,6f9a9c5f2856c8b3,Open,98.49392076768089,10,0,0.0,0.00047761703608557583,0.19161453545093524,0.0,0.04704237450950729,18.872866872640397
190c280b4a558717,5,6b7e1f5b521de19b,d4f34f97b6d22a81,Open,1.170863568534039,10,0,0.0,0.0006695614312775433,0.3183321952819823,0.0,0.0007839650867783831,0.37272357014713636
191275563c24f941,3,6b7e1f5b521de19b,,Open,9648.963805727817,10,0,0.0,0.00013187047661631369,0.0009387552068801589,0.0,1.2724134559148872,9.058015013625182
192bab5f5655042a,0,6b7e1f5b521de19b,,Open,15826603.332329372,10,736,0.0,0.000257764125126414,0.04618371985852714,0.0,4079.530561680669,730931.4146123319
19391df917482279,3,6b7e1f5b521de19b,,Open,20371.70242597519,50,0,0.00028759543783962727,0.17455071955919266,0.8932256191968917,5.858808678736931,3555.8953170997197,18196.526513536508
193d2973d4f633f9,4,255414ab73601d72,28c9c64e5918b06e,Open,222219.5915572343,10,47,0.0,0.00025025175855262203,0.005035713431425391,0.0,55.61084357204328,1119.034181930629
193f1e18656a165c,2,6b7e1f5b521de19b,6f9a9c5f2856c8b3,Open,93879.49691870152,60,230,0.0033643316477537156,0.005065601505339146,0.10730406865477557,315.841762558785,475.5561209118561,10073.65198264014
194180032ed3211c,0,6b7e1f5b521de19b,6f9a9c5f2856c8b3,Open,1124332.9123435305,33,47,0.0002192926127463579,0.0009185547358356417,0.020346943847835045,246.5579019445346,1032.7613212890292,22876.738633726654
1945c2e6cd3eb615,3,6b7e1f5b521de19b,d4f34f97b6d22a81,Open,9719.22415221512,30,16,0.0,0.02735037999227643,0.5858281314373014,0.0,265.8244737931943,5693.794924112473
19504e729bcfbe91,2,6b7e1f5b521de19b,6f9a9c5f2856c8b3,Open,501.20046106510154,10,0,0.0,0.00046370921045308934,0.2974206000566482,0.0,0.23241127007922258,149.06734187865126
19663bba9cbc7ca9,5,6b7e1f5b521de19b,d4f34f97b6d22a81,Open,76949.53166074716,50,0,0.0011230711825191975,0.05152993034571409,0.8645725071430206,86.41980151653374,3965.2040066136224,66528.44951141342
1973c1dc59dcc215,5,6b7e1f5b521de19b,6f9a9c5f2856c8b3,Open,1.170863568534039,70,0,0.0031274809909518806,0.5636151760816575,0.9805671572685242,0.003661853553588291,0.6599164763469102,1.1481103609467025
197cfa523078fa7f,2,6b7e1f5b521de19b,d4f34f97b6d22a81,Open,745.839339765621,70,0,0.015565882623195647,0.2990135133266449,0.976815041899681,11.609647618553396,223.01604136054354,728.5470859235855
19af3c4064ac053c,4,fd10c5543bdbcbc9,28c9c64e5918b06e,Open,1.170863568534039,10,0,0.0,0.00017783554940251634,0.0026186582166701547,0.0,0.00020822116598564165,0.0030660915043413998
19b28b940ce40a7b,3,6b7e1f5b521de19b,d4f34f97b6d22a81,Open,1.170863568534039,10,0,0.0,0.028938659094274045,0.5854542493820186,0.0,0.033883221655711726,0.6854870516448475
19b294cc64caafa6,3,75c64824a2a4e380,2095e0b55fdf3180,Open,87952.80359536786,50,25,2.5472519337199628e-05,0.0005916347960010171,0.014989051781594747,2.240379490343929,52.03593901286299,1318.3291274274015
19b49841824ce8a0,3,6b7e1f5b521de19b,,Open,2.4198904513070483,10,0,0.0,0.0006455263093812392,0.20286996290087694,0.0,0.00156210295213914,0.4909230860808472
19d3c117616f367b,3,6b7e1f5b521de19b,,Open,35845.270270304114,10,0,0.0,0.00016252354544121772,0.030974642280489174,0.0,5.825700411628501,1110.2944240701233
19f0dd4c00b94e22,0,6b7e1f5b521de19b,6f9a9c5f2856c8b3,Open,1846.8922318328155,40,0,0.0,0.031475969683378936,0.4623109862208365,0.0,58.13272389763776,853.8385691422308
1a1501e0d498dadf,6,6b7e1f5b521de19b,,Open,1.170863568534039,90,0,0.009697612794116139,0.9801835060119629,0.999925023317337,0.011354581522380175,1.1476611576673725,1.1707757810678192
1a2313d53d35deb6,4,e366e0e543d0c5cd,28c9c64e5918b06e,Open,1.170863568534039,10,0,0.0,0.0003239325058530085,0.03676435407251119,0.0,0.00037928076976722697,0.04304604280418938
1a29512e64091461,5,6b7e1f5b521de19b,,Open,1.170863568534039,10,0,0.0,0.0005754377052653581,0.2730132006108759,0.0,0.0006737590450560357,0.3196612103241496
1a2c8b1941943b24,2,6b7e1f5b521de19b,6f9a9c5f2856c8b3,Open,98.49392076768089,10,24,0.0,0.0002564730486483313,0.007569122640416025,0.0,0.02526103613261431,0.7455125656259955
1a33c46cd043cd4b,2,6b7e1f5b521de19b,6f9a9c5f2856c8b3,Open,1328317.9961364814,10,0,0.0,0.02070235051214695,0.6306864529848099,0.0,27499.3047476101,837752.1654192078
1a4f66bd754acd6b,2,6b7e1f5b521de19b,6f9a9c5f2856c8b3,Open,32.484953280249805,70,0,0.02261807695031166,0.3128221482038498,0.9643455415964126,0.7347471730199693,10.162012869429441,31.32671986477666
1a7ec387dc21add0,3,6b7e1f5b521de19b,,Open,2.4198904513070483,10,0,0.0,0.00016259662734228187,0.025178011693060387,0.0,0.00039346602592031844,0.06092803007893404
1a8f491b5b20d195,6,6b7e1f5b521de19b,,Open,1.170863568534039,50,13,0.00028759543783962727,0.014366647694259884,0.12151417657732963,0.00033673502064301535,0.01682138438717245,0.1422765224148075
1aa63a24b0ed75fe,3,6b7e1f5b521de19b,,Open,1.170863568534039,30,0,0.0,0.01878821514546871,0.43211593031883216,0.0,0.021998436631608772,0.505948800193514
1ae2f2354dc561e2,1,6b7e1f5b521de19b,,Open,8510.551032505591,99,0,0.9997202754020691,0.9849006205797195,0.9999428153038025,8508.170422039853,8382.04699339013,8510.064359230324
1b03a31f3a787d9c,3,6b7e1f5b521de19b,,Open,557021.7052568932,10,0,0.0,0.00018676062536542303,0.03730956073850393,0.0,104.02972201589172,20782.23514494709
1b10a66dfd040b85,4,ddbd249e57ed6b40,28c9c64e5918b06e,Open,1.170863568534039,10,0,0.0,0.0002806490621878766,0.003792792605236172,0.0,0.0003286017624590286,0.004440842684476339
1b1d1f8335b4aeca,2,6b7e1f5b521de19b,,Open,263999.29512211593,25,10,0.0,0.03962057828903198,0.4369084656238555,0.0,10459.804740635054,115343.52695758308
1b206987817ad271,3,6b7e1f5b521de19b,,Open,1.170863568534039,10,0,0.0,0.00017596284378669226,0.03035303065553306,0.0,0.00020602848320548414,0.03553925778916052
1b2dccd94b26b1e0,1,6b7e1f5b521de19b,,Open,5083.8994500666495,30,0,0.0,0.027997945714741946,0.45082954168319667,0.0,142.3387408221725,2291.972059037003
1b3113ee66943864,5,6b7e1f5b521de19b,6f9a9c5f2856c8b3,Open,3375.9648411895887,40,0,0.00028759543783962727,0.036655837669968605,0.6328420847654341,0.9709120866331075,123.7488191981669,2136.452628193227
1b36562045596a6f,0,6b7e1f5b521de19b,6f9a9c5f2856c8b3,Open,1209.3083576602414,30,0,0.0,0.030502026155591014,0.5292922496795651,0.0,36.8863551555275,640.0775411822893
1b44dd0b78f20512,2,6b7e1f5b521de19b,6f9a9c5f2856c8b3,Open,1100.311736085542,50,39,0.0011230711825191975,0.011052213562652468,0.10849091261625286,1.2357284025853408,12.16088029271031,119.37382441029402
1b4a69df29ab4425,5,6b7e1f5b521de19b,,Open,1.170863568534039,10,0,0.0,0.00021054486351204104,0.030449912045150976,0.0,0.00024651931022822056,0.03565269267873309
1b4c3b6f530c2f4d,5,6b7e1f5b521de19b,6f9a9c5f2856c8b3,Open,175035.6008625834,30,0,0.0,0.049050952121615414,0.6583557814359664,0.0,8585.662877488765,115235.69978500002
1b503718e2e5435f,2,6b7e1f5b521de19b,6f9a9c5f2856c8b3,Open,276968.13241797814,30,0,0.00028759543783962727,0.04772166572511196,0.6873440772294996,79.65477131037228,13217.380631759297,190372.40539881305
1b5572e044c130cf,0,6b7e1f5b521de19b,6f9a9c5f2856c8b3,Open,1.170863568534039,40,0,0.0011230711825191975,0.09061342217028141,0.845960944890976,0.0013149631324821706,0.1060959548393771,0.9905048507754756
1b87dcfc8d130fff,6,6b7e1f5b521de19b,,Open,645048.5952932263,20,0,0.0,0.004875750490464271,0.11188234761357305,0.0,3145.0960048742368,72169.55116624375
1b8c03e0da33654a,3,6b7e1f5b521de19b,,Open,2599.6232031936843,10,0,0.0,0.00015536325736320578,0.001610604830784723,0.0,0.40388592876514173,4.186965689283803
1b8d6240ba1e2008,2,6b7e1f5b521de19b,6f9a9c5f2856c8b3,Open,98.49392076768089,40,0,0.0,0.019502945244312286,0.45059111118316647,0.0,1.9209215436297131,44.380485203496086
1ba252c08474c80d,3,6b7e1f5b521de19b,,Open,89664.46366676311,50,0,0.00116905365139246,0.012667795503512026,0.21741083264350863,104.82256864977597,1135.8510896626392,19494.025704324595
1ba3dc80a18b5917,1,6b7e1f5b521de19b,,Open,1.170863568534039,10,0,0.0,0.00016245209480985067,0.001032721475348807,0.0,0.00019020923944489178,0.0012091759519286419
1bad2c10067b777d,3,6b7e1f5b521de19b,d4f34f97b6d22a81,Open,17479.289930812254,30,62,0.0,0.012490289192646742,0.1394844554364681,0.0,218.32138611796333,2438.0892374154873
1bbfb9fec9e4c1ac,4,255414ab73601d72,,Open,1.170863568534039,30,0,0.0,0.01866197669878602,0.41024596691131576,0.0,0.021850628633439683,0.48034205679448044
1bcf4a9ca773bf6d,2,6b7e1f5b521de19b,6f9a9c5f2856c8b3,Open,58815.20763973792,60,0,0.0030671000480651856,0.10340572595596315,0.8839841872453689,180.39212617880406,6081.829243237809,51991.71352308134
1be9bcd2abf17f92,3,6b7e1f5b521de19b,6f9a9c5f2856c8b3,Open,11295.704559262174,60,10,0.003002939186990261,0.20006203278899193,0.9128941237926482,33.92031386567294,2259.8416159098747,10311.782316248264
1bf5e6810929350e,0,6b7e1f5b521de19b,6f9a9c5f2856c8b3,Open,102987.27806999799,60,5,0.003170159098226577,0.1934829518198967,0.9208512604236603,326.4860565751946,19926.282560879725,94835.96481835964
1c131e94c30a5808,5,6b7e1f5b521de19b,d4f34f97b6d22a81,Open,1.170863568534039,10,0,0.0,0.0004208343103528023,0.29913555234670625,0.0,0.0004927395623812433,0.3502469202960653
1c1d4634e329c65b,2,6b7e1f5b521de19b,6f9a9c5f2856c8b3,Open,98.49392076768089,10,0,0.0,0.00047761703608557583,0.1953245200216769,0.0,0.04704237450950729,19.238277799000347
1c2aa23dd6fdc0eb,5,6b7e1f5b521de19b,,Open,2351791.856538048,10,0,0.0,0.0005220745981205255,0.3505579665303228,0.0,1227.810788365226,824439.3709305507
1c3b7e8f51f7c2be,5,6b7e1f5b521de19b,d4f34f97b6d22a81,Open,1.170863568534039,10,0,0.0,0.0006684066698653624,0.19017312973737716,0.0,0.0007826130187105115,0.22266678932359218
1c423910ce4cb588,4,255414ab73601d72,28c9c64e5918b06e,Open,409776.13308768405,20,0,0.0,0.02264272402971983,0.5450652182102201,0.0,9278.447895470175,223354.7173987787
1c582f212ec0c2f7,0,9cd083484517be1d,,Open,7622.2759197919995,10,0,0.0,0.0037711237091571093,0.7488360762596129,0.0,28.74454543886492,5707.8351919451725
1c618a27ce71e1a0,2,6b7e1f5b521de19b,6f9a9c5f2856c8b3,Open,5233.499748022433,30,0,0.00028759543783962727,0.08188053034245968,0.7745921790599822,1.5051306514660905,428.5217349152059,4053.8279739305644
1c990783bdb0b5e0,0,6b7e1f5b521de19b,6f9a9c5f2856c8b3,Open,13666.658159368695,0,0,0.0,0.00013763790775556117,0.0003760029198019765,0.0,1.881050235065976,5.138703371858135
1c9d7fc42b7a82b5,2,6b7e1f5b521de19b,,Open,2351791.856538048,10,0,0.0,0.00020757050151587464,0.0368967005982995,0.0,488.16261512255255,86773.36000020328
1cb07cdc892fb93f,0,94168341f8d9633e,,Open,266260.8990813679,10,0,0.0,0.00015804075956111775,0.0322336710989475,0.0,42.0800747322455,8582.566247498866
1cb3dddfe8b1a71c,2,6b7e1f5b521de19b,6f9a9c5f2856c8b3,Open,98.49392076768089,40,0,0.00028759543783962727,0.037332228384912014,0.5645997613668441,0.028326402267722744,3.6769975446244914,55.60964416151748
1cbc32779d5bb74b,2,6b7e1f5b521de19b,6f9a9c5f2856c8b3,Open,704815.4777487947,50,175,0.001086287386715412,0.007973341969773173,0.09053719006478786,765.6321634403129,5619.734829680195,63812.01286954689
1cda4c5323e94d17,3,6b7e1f5b521de19b,d4f34f97b6d22a81,Open,7462.80698704363,10,0,0.0,0.0004470375599339604,0.27819306403398497,0.0,3.3361550257460957,2076.1011420198993
1cf255531288f77e,0,6b7e1f5b521de19b,6f9a9c5f2856c8b3,Open,2974810.53047965,33,161,0.0002038492588326335,0.001581913762493059,0.016096987202763553,606.4129218057899,4705.893718975036,47885.48703977718
1cfbcaca5ee6574a,2,6b7e1f5b521de19b,6f9a9c5f2856c8b3,Open,5126.849721354915,50,0,0.0015196873806416988,0.3731593877077103,0.9598787486553192,7.791208823989474,1913.1321028902453,4921.154095078028
1d0af070c4c2b30e,2,6b7e1f5b521de19b,6f9a9c5f2856c8b3,Open,98.49392076768089,10,0,0.0,0.00047082919627428055,0.1945376068353652,0.0,0.046373813552949866,19.160771633976715
1d0d1fe936f826b4,3,6b7e1f5b521de19b,,Open,36077.87700023642,10,0,0.0,0.0006134431343525649,0.35666216313838944,0.0,22.13172594781134,12867.61365234507
1d15b0a89b6f17b6,3,6b7e1f5b521de19b,d4f34f97b6d22a81,Open,4652.2583887045585,10,0,0.0,0.0004487174257519655,0.27819306403398497,0.0,2.0875494081124963,1294.226015831531
1d3b7904a9273c75,3,6b7e1f5b521de19b,d4f34f97b6d22a81,Open,12180.56725936489,10,0,0.0,0.0004910445713903755,0.2994503140449522,0.0,5.9812014291664735,3647.4746910624795
1d3f43b68fd18c96,3,6b7e1f5b521de19b,,Open,9648.963805727817,10,0,0.0,0.0004983960738172754,0.2078383736312388,0.0,4.80900567717974,2005.424944609158
1d51602f7cababc8,3,6b7e1f5b521de19b,d4f34f97b6d22a81,Open,141465.269492634,10,49,0.0,0.00019471857376629487,0.010508395172655581,0.0,27.545915513070234,1486.5729550348158
1d5c055f06008197,5,6b7e1f5b521de19b,d4f34f97b6d22a81,Open,1.170863568534039,10,0,0.0,0.00017783554940251634,0.0026186582166701547,0.0,0.00020822116598564165,0.0030660915043413998
1d740aeca960124d,2,6b7e1f5b521de19b,d4f34f97b6d22a81,Open,1123.9154729207946,60,64,0.0028538778424263,0.015583786182105541,0.27414162904024114,3.207517464928732,17.514858416757694,308.11201865003966
1d8063c7e4964a9c,2,6b7e1f5b521de19b,6f9a9c5f2856c8b3,Open,98.49392076768089,40,0,0.0,0.026081927679479124,0.4519392520189285,0.0,2.5689113183309997,44.513268880157305
1d911828814a4504,0,bd661df59343798b,,Open,9270.864526233152,60,6,0.0017261793836951256,0.1242269352078438,0.7365444511175154,16.003175214214146,1151.6910868210632,6828.403823859242
1d96772808746fba,6,6b7e1f5b521de19b,,Open,1336429.0908269142,10,453,0.0,0.00010371587231929879,0.0004049102266435511,0.0,138.6089089480008,541.1338060597608
1d97d1123cd7cb8b,5,6b7e1f5b521de19b,d4f34f97b6d22a81,Open,503680.4898430675,0,0,0.0,0.00018246247054776177,0.000536653064773418,0.0,91.90278654347291,270.3016785408586
1d9dad55b503350d,2,6b7e1f5b521de19b,6f9a9c5f2856c8b3,Open,21850.570928075176,10,703,0.0,0.00016476985547342338,0.0027583480696193852,0.0,3.6003154138307334,60.27148013953762
1da151885d89746b,5,6b7e1f5b521de19b,6f9a9c5f2856c8b3,Open,2658.527433878075,1,164,0.0,0.00014588901249226182,0.0013941047072876234,0.0,0.38784994201205925,3.7062656100227103
1db0b09f50eae4b5,0,6b7e1f5b521de19b,6f9a9c5f2856c8b3,Open,1.170863568534039,60,0,0.0028538778424263,0.05834400877356529,0.8107316881418228,0.0033415015947434812,0.06831287431519793,0.9492561975013603
1db18095233d1d24,0,6b7e1f5b521de19b,6f9a9c5f2856c8b3,Open,2471.1807914916208,20,165,0.0,0.0009038403164595367,0.012906212499365204,0.0,2.233552828610515,31.893584419340353
1dc8c25180af66aa,3,6b7e1f5b521de19b,,Open,22962.31400177536,60,0,0.001086287386715412,0.19648550301790238,0.9211406528949737,24.943672069927274,4511.761817093855,21151.520911574753
1dd3fc3735bba219,5,255414ab73601d72,28c9c64e5918b06e,Open,26365.415373079573,50,26,0.0011230711825191975,0.05324059184640646,0.6575294494628903,29.610238220654303,1403.7103187390999,17336.037055121436
1ddccbcdbcf8ad75,3,6b7e1f5b521de19b,,Open,2.4198904513070483,50,0,0.00028759543783962727,0.14557647332549095,0.8210763484239577,0.0006959494538675838,0.3522791177353108,1.9869148153451943
1de2fcef58f6189c,3,6b7e1f5b521de19b,,Open,25102.753943361105,20,0,0.0,0.03184316083788872,0.42678246200084685,0.0,799.3510312923929,10713.415130949119
1de4802f0a185a46,5,6b7e1f5b521de19b,,Open,25102.753943361105,50,0,0.0011230711825191975,0.050361833162605764,0.8592637717723846,28.192179555659003,1264.220706017496,21569.887035246564
1df1e74a9de174a9,5,6b7e1f5b521de19b,d4f34f97b6d22a81,Open,5953.1110184180225,60,81,0.003132752701640129,0.005964511143974961,0.17565068379044524,18.64962462611268,35.507397010674424,1045.6680210655595
1df92e3fa46a84a2,3,6b7e1f5b521de19b,,Open,2.4198904513070483,70,0,0.0010428334586322307,0.18649033084511757,0.9439072340726852,0.0025235427288476386,0.4512861708731923,2.2841521026521376
1df9452edccf5243,2,6b7e1f5b521de19b,6f9a9c5f2856c8b3,Open,6009.906030357736,30,132,0.00028759543783962727,0.0010490816552191974,0.009698456525802611,1.7284215561757494,6.30488216603953,58.28681235958345
1e01fb7a4295aa0b,2,6b7e1f5b521de19b,6f9a9c5f2856c8b3,Open,65010.53776365624,70,0,0.021892878413200378,0.3184651330113411,0.9861891716718674,1423.2677988364976,20703.5895560416,64112.6883870828
1e23e59b3b21878e,3,6b7e1f5b521de19b,,Open,5083.8994500666495,10,0,0.0,0.0003076452368986793,0.2164682596921919,0.0,1.5640374506848196,1100.5028664060192
1e34c588d41ed5da,3,6b7e1f5b521de19b,,Open,35845.270270304114,10,308,0.0,0.00019261626584921032,0.007584556797519326,0.0,6.904382107821692,271.87048828755246
1e37e72ad662dd7e,2,6b7e1f5b521de19b,6f9a9c5f2856c8b3,Open,1.170863568534039,10,0,0.0,0.02488672845065594,0.5717717856168744,0.0,0.02913896368287261,0.669466753294453
1e41d4722b5ceb56,2,6b7e1f5b521de19b,,Open,218130.08395331344,50,307,0.0012513193301856517,0.0037645843345671896,0.03312958907335996,272.95039054580013,821.1690969484697,7226.560045910784
1e45c36051a68101,2,6b7e1f5b521de19b,6f9a9c5f2856c8b3,Open,1.170863568534039,80,0,0.11078578978776932,0.2726645261049271,0.9658871442079544,0.12971504517376947,0.3192529600478575,1.1309220684684773
1e521f0225d27310,2,6b7e1f5b521de19b,6f9a9c5f2856c8b3,Open,98.49392076768089,10,0,0.0,0.0005831709830090404,0.19508642703294743,0.0,0.057438796594503,19.214827087033083
1e5bc4a6bf9e332d,3,6b7e1f5b521de19b,,Open,2.4198904513070483,10,756,0.0,0.0001946365853655152,0.0019892045063897965,0.0,0.00047099921440101945,0.004813656990709619
1e6954152edf69dd,6,6b7e1f5b521de19b,,Open,260620.87531359465,75,0,0.003243265254423022,0.3665518596768379,0.9564805775880814,845.2626294818963,95531.06651680342,249278.80535145834
1e70bbf60ff51743,4,42a0974a7fcfe59f,28c9c64e5918b06e,Open,2388.361505566673,10,124,0.0,0.00017224837210960686,0.0021202265575993797,0.0,0.41139138134310915,5.063867493250498
1e803a4a31a86b96,0,6b7e1f5b521de19b,6f9a9c5f2856c8b3,Open,15073.508667170068,50,0,0.0011230711825191975,0.10545258037745954,0.8532915264368056,16.92862320355206,1589.5403842950846,12862.097219367966
1e810cc7add24a3b,2,6b7e1f5b521de19b,6f9a9c5f2856c8b3,Open,1.170863568534039,10,0,0.0,0.000927898523514159,0.5512561082839965,0.0,0.001086442576479254,0.6454456941215867
1e96e84cf2be7ffb,0,6b7e1f5b521de19b,,Open,270801.9611719012,10,4,0.0,0.00032412919536000117,0.11558344028890126,0.0,87.77482177655861,31300.2223092298
1eab635b1b6029bf,2,6b7e1f5b521de19b,6f9a9c5f2856c8b3,Open,1.170863568534039,10,0,0.0,0.0008053897327044979,0.5348585039377212,0.0,0.0009430014964950642,0.6262463365812975
1edb0c69254ab918,3,6b7e1f5b521de19b,,Open,524417.177630072,20,410,0.0,0.000381468101113569,0.012229080777615307,0.0,200.04842494188077,6413.140026407185
1edbabc3c0b5f49f,3,6b7e1f5b521de19b,6f9a9c5f2856c8b3,Open,281.3379399717625,50,0,0.0011230711825191975,0.052286536805331706,0.7758356690406797,0.3159625329316023,14.710186553069763,218.27200888451895
1edfd98b60366667,3,6b7e1f5b521de19b,,Open,2.4198904513070483,1,0,0.0,0.00010530790968914517,0.00018618117610458282,0.0,0.0002548336051038674,0.00045053805026859593
1ee09a0d5dce70a5,2,6b7e1f5b521de19b,6f9a9c5f2856c8b3,Open,678165.8650140748,70,34,0.058841095119714734,0.12218954227864742,0.9070921778678893,39904.0221702368,82864.7766350728,615158.9514512782
1eecb2e1575e21d3,1,6b7e1f5b521de19b,,Open,10832.251138740728,10,71,0.0,0.0009640087897423655,0.011550502665340898,0.0,10.44238531044281,125.11794564966675
1ef8cacc518f65f7,2,6b7e1f5b521de19b,,Open,234240.1236026419,50,0,0.00028759543783962727,0.057747280411422255,0.6580702483654021,67.3663909071102,13526.73010128797,154146.45631633303
1efc5e7d9d479537,4,255414ab73601d72,28c9c64e5918b06e,Open,3303.290441942712,10,0,0.0,0.0003849547239951789,0.03111011534929274,0.0,1.2716172603539693,102.76574668105397
1eff979095e07fa8,5,7b7c16a1b24ec3b8,28c9c64e5918b06e,Open,1260413.464999336,60,447,0.00116905365139246,0.007859971467405557,0.06971707344055175,1473.4909635216964,9906.813872028555,87872.33810481902
1effa885e33617d6,3,6b7e1f5b521de19b,d4f34f97b6d22a81,Open,5707.592360299754,10,293,0.0,0.00019752823282033206,0.003690265188924967,0.0,1.1274106325888382,21.062529399788268
1f067321aebb84df,3,6b7e1f5b521de19b,,Open,21273.147061594493,50,0,0.0011230711825191975,0.036371993273496626,0.6713197022676466,23.891258426369717,773.7467618304194,14281.082751685475
1f06a97e4ca28c34,3,6b7e1f5b521de19b,6f9a9c5f2856c8b3,Open,10564.501135650773,60,0,0.0,0.002067376079503447,0.30169002339243844,0.0,21.84079693973141,3187.204594743924
1f1c9d3601b23a4f,2,6b7e1f5b521de19b,6f9a9c5f2856c8b3,Open,2839.0883651181525,90,0,0.11078578978776932,0.9671863496303559,0.9999397575855256,314.5306468068813,2745.927512136641,2838.9173315801313
1f1dddd6a75724be,2,6b7e1f5b521de19b,6f9a9c5f2856c8b3,Open,14488.660251669131,10,1,0.0,0.000557704656966962,0.19507216438651082,0.0,8.080393295567989,2826.334314353906
1f2044391147a957,2,6b7e1f5b521de19b,6f9a9c5f2856c8b3,Open,246.72818425475256,40,0,0.0,0.03621535236015916,0.5343597114086148,0.0,8.935348129968137,131.8416013347411
1f26530c2209386e,5,6b7e1f5b521de19b,d4f34f97b6d22a81,Open,1188.3526214561175,10,0,0.0,0.0005118251428939402,0.31986264139413834,0.0,0.6082287502851658,380.1096084066023
1f4a34dc7778933f,3,6b7e1f5b521de19b,,Open,80872.05936290111,10,0,0.0,0.00016288396072923207,0.0022959943860769265,0.0,13.172761341358909,185.68179428770088
1f4cdefc4bf58563,2,6b7e1f5b521de19b,6f9a9c5f2856c8b3,Open,98.49392076768089,10,0,0.0,0.0005603424506261945,0.20305947437882418,0.0,0.05519032493474454,20.000123780594837
1f4d6e9899dfd21e,3,6b7e1f5b521de19b,,Open,5186.502594949308,1,0,0.0,0.00010992518291459419,0.0002262257163238246,0.0,0.5701272464368201,1.1733202647577823
1f5ed184383096d6,5,6b7e1f5b521de19b,,Open,1.170863568534039,60,0,0.0010428334586322307,0.04325343985110522,0.7373259723186492,0.0012210157047608276,0.05064387693543747,0.8633081191218436
1f6dc2c0aa489fc3,2,6b7e1f5b521de19b,6f9a9c5f2856c8b3,Open,1.170863568534039,10,0,0.0,0.0006026408023899421,0.32965056151151645,0.0,0.0007056101604305042,0.38597583282062387
1f775ae41132a0cb,3,6b7e1f5b521de19b,,Open,9648.963805727817,10,0,0.0,0.0005194862867938354,0.21217749714851367,0.0,5.012504378845659,2047.2929903759255
1f7ab39124f14415,1,6b7e1f5b521de19b,6f9a9c5f2856c8b3,Open,199.48320579506156,95,18,0.9164709448814392,0.9937533229589463,0.9999511301517486,182.82056210297867,198.23709863334577,199.47345708106567
1f7b611ac0965fba,4,255414ab73601d72,28c9c64e5918b06e,Open,1.170863568534039,70,0,0.0028538778424263,0.16826327294111254,0.9212006002664564,0.0033415015947434812,0.197013336209048,1.078600222163682
1f7c625eac76d0c2,3,6b7e1f5b521de19b,,Open,80872.05936290111,30,91,0.0,0.007997157727368177,0.1766085371375083,0.0,646.7466144622026,14282.696099379697
1f835ec2cd552107,2,6b7e1f5b521de19b,6f9a9c5f2856c8b3,Open,98.49392076768089,10,24,0.0,0.00026993284845957535,0.013748758006840944,0.0,0.026586744588771825,1.3541690817798102
1f96029d37e961a9,5,6b7e1f5b521de19b,6f9a9c5f2856c8b3,Open,1.170863568534039,10,0,0.0,0.00018396423547528684,0.028231594059616325,0.0,0.0002153970212312306,0.03305534496604674
1fa0ab986456ff72,2,6b7e1f5b521de19b,6f9a9c5f2856c8b3,Open,127097.7206686422,30,32,0.0,0.007891485653817653,0.200436034798622,0.0,1002.9898392895133,25474.963162765504
1fa35c55511b6299,5,6b7e1f5b521de19b,,Open,1.170863568534039,1,0,0.0,0.00013825846253894268,0.0003087457531364634,0.0,0.00016188179682837618,0.00036149915428708895
1faea251566d5efd,6,6b7e1f5b521de19b,,Open,35845.270270304114,30,435,0.00030547641217708587,0.0027785819140262904,0.04101287871599197,10.949884555690462,99.59901967645129,1470.1177221379353
1fc7fac577b54f1b,0,6b7e1f5b521de19b,6f9a9c5f2856c8b3,Open,99457.2224276421,40,0,0.00028759543783962727,0.04458613134920597,0.6348299443721769,28.60344343039093,4434.412782786045,63138.422981151256
1fd8452d962e6d05,3,6b7e1f5b521de19b,,Open,9648.963805727817,10,0,0.0,0.00015795135986991228,0.030399128235876524,0.0,1.5240669544502727,293.3200880736511
1fdbac96cdbfd464,2,6b7e1f5b521de19b,6f9a9c5f2856c8b3,Open,1.170863568534039,70,0,0.003466563671827316,0.198867616802454,0.9617283076047897,0.004058873111346193,0.23284684747518108,1.126052638202346
1ff5a34b3445264d,3,6b7e1f5b521de19b,,Open,47968.19123133455,10,181,0.0,0.00016278334442176856,0.0019384263723623008,0.0,7.808422594499591,92.98280691733696
1ffa3e92eb403170,2,6b7e1f5b521de19b,6f9a9c5f2856c8b3,Open,1.170863568534039,60,473,0.0033643316477537156,0.0030836778576485814,0.05557600874453783,0.003939173358820919,0.0036105660606158183,0.06507192392350852
2020152d83a9998b,3,6b7e1f5b521de19b,,Open,11264.189824104717,30,0,0.0,0.015690884459763767,0.3653431057929993,0.0,176.74510106287386,4115.294094580316
2029b6f121627563,1,6b7e1f5b521de19b,,Open,2472.949006922998,10,0,0.0,0.0002992395166074857,0.0629647601395845,0.0,0.7400040654265997,155.70864105833027
202a890b2b714f93,0,6b7e1f5b521de19b,6f9a9c5f2856c8b3,Open,98.49392076768089,10,0,0.0,0.0009136425564065576,0.22373715639114372,0.0,0.08998823756068891,22.03674975437554
202ab3297b80cee1,5,6b7e1f5b521de19b,,Open,1.170863568534039,0,0,0.0,0.00013866901717847214,0.0016972882731352001,0.0,0.00016236250029869385,0.001987293004314057
20304b0eb6edf46d,2,6b7e1f5b521de19b,6f9a9c5f2856c8b3,Open,21818.864028745327,60,223,0.0012913040118291974,0.0023581822169944644,0.029505813587456915,28.174786653874605,51.452857147607425,643.7833347222288
2051a1a5750e83ad,2,6b7e1f5b521de19b,,Open,6286.904435348422,50,0,0.00028759543783962727,0.0924430325627327,0.7290699303150177,1.8080850337399241,581.1805114357029,4583.592978576649
205a7c2956b8da15,3,6b7e1f5b521de19b,d4f34f97b6d22a81,Open,2031.5342814725693,10,0,0.0,0.0004910445713903755,0.30521068125963197,0.0,0.9975738805105523,620.0459620505399
207cc5d4fc6e21ae,3,6b7e1f5b521de19b,,Open,40882.782652931186,50,0,0.00116905365139246,0.03201844682916999,0.5402624309062958,47.79416633949352,1309.0032026013903,22087.431538286342
209a3dfaa4c8dde0,5,6b7e1f5b521de19b,6f9a9c5f2856c8b3,Open,361.29574083874047,40,0,0.00028759543783962727,0.03292686305940151,0.4988193213939664,0.10390700677611006,11.896335382542226,180.22129626771087
209f07e3db7c9ea3,6,6b7e1f5b521de19b,,Open,2084733.867157501,95,424,0.8443244099617004,0.3479056045413017,0.9998286575078964,1760191.692314931,725290.5963611561,2084376.6636613293
20cd6cb1d6926f12,4,fd10c5543bdbcbc9,d4f34f97b6d22a81,Open,1881.1531940448554,40,0,0.0011230711825191975,0.06095980368554592,0.678153085708618,2.112668942135721,114.67472941141205,1275.7098432321413
20d54478435a58ab,4,255414ab73601d72,28c9c64e5918b06e,Open,1.170863568534039,10,0,0.0,0.00019918062607757748,0.03153056567534804,0.0,0.0002332133386320364,0.03691799064453488
20e80a65ca57505a,2,6b7e1f5b521de19b,6f9a9c5f2856c8b3,Open,1372.3637727622167,10,0,0.0,0.0005044487887062132,0.3097889974713324,0.0,0.6922872428341891,425.1431973299825
20fafcfc8c1730ed,0,6b7e1f5b521de19b,,Open,6332.838495128838,30,175,0.0,0.002181917091365904,0.05107450671494007,0.0,13.817728549381542,323.4466022440888
20fbe01017ea26bb,2,6b7e1f5b521de19b,d4f34f97b6d22a81,Open,1.170863568534039,50,0,0.0010428334586322307,0.4632160529494286,0.9593431353569031,0.0012210157047608276,0.5423628007586203,1.1232599269126171
21003384b370f8ad,3,6b7e1f5b521de19b,,Open,9648.963805727817,10,0,0.0,0.00020993449215893633,0.04730724245309827,0.0,2.025650316415427,456.4658701787356
210c6258f3af0f42,1,6b7e1f5b521de19b,,Open,36051.6631606101,20,20,0.0,0.013638375699520113,0.32695621252059903,0.0,491.68612677694927,11787.315242061486
2110b97cd5bdc4f7,3,6b7e1f5b521de19b,6f9a9c5f2856c8b3,Open,10507.77752619721,50,0,0.0011230711825191975,0.20217344388365746,0.9034429997205734,11.800982131994948,2124.3935700345887,9493.178048664033
21177dc2c19ff02d,2,6b7e1f5b521de19b,6f9a9c5f2856c8b3,Open,1.170863568534039,50,0,0.0010428334586322307,0.0515588715672493,0.7497964918613433,0.0012210157047608276,0.06036840435281771,0.8779093961350759
211b785a05f70725,6,6b7e1f5b521de19b,,Open,1.170863568534039,10,0,0.0,0.00020379590496304447,0.026932400185614824,0.0,0.0002386172005376541,0.031534166190515786
211c1483f3de8292,4,ac07a4f1ad9a4f67,28c9c64e5918b06e,Open,24696.398741469373,30,4,0.0,0.03544374741613865,0.6265264779329297,0.0,875.3329190808848,15472.947721120045
213e1b8e6fb4ace7,5,6b7e1f5b521de19b,d4f34f97b6d22a81,Open,1024634.5610048603,30,0,0.0,0.024987971596419814,0.5824066460132598,0.0,25603.539307099534,596753.9780641095
2146bc0b1d5013dc,3,6b7e1f5b521de19b,,Open,2.4198904513070483,10,0,0.0,0.00015795135986991228,0.02881347872316835,0.0,0.000382224987520164,0.06972546203113389
2148d739e030023b,6,6b7e1f5b521de19b,,Open,170616.6319366014,95,429,0.8100866332650185,0.4121957316994667,0.9997920751571655,138214.25294453825,70327.44744120601,170581.15650022103
215359ecc20e67d4,3,6b7e1f5b521de19b,,Open,2.4198904513070483,10,0,0.0,0.00016259662734228187,0.02881347872316835,0.0,0.00039346602592031844,0.06972546203113389
217e531af9bae4b0,2,6b7e1f5b521de19b,6f9a9c5f2856c8b3,Open,5655.969519442425,10,0,0.0,0.05814702324569226,0.7150919616222382,0.0,328.87779112394554,4044.5383385336713
21a3b3e99b2f12f4,5,6b7e1f5b521de19b,6f9a9c5f2856c8b3,Open,57607.04822467067,60,0,0.001360893901437521,0.016146581852808595,0.4642651930451393,78.39708060877147,930.1569194583369,26744.947364787375
21b99200e9808a63,2,6b7e1f5b521de19b,6f9a9c5f2856c8b3,Open,415.3892283045608,40,0,0.0,0.0214826513081789,0.406156902015209,0.0,8.923661948840397,168.71320209866877
21dbc6c6270e225b,2,6b7e1f5b521de19b,6f9a9c5f2856c8b3,Open,501.20046106510154,70,0,0.015932779386639596,0.5598898440599441,0.9828147023916245,7.9855163746323115,280.6170479885118,492.58718198024275
21deadcbd0df218a,3,6b7e1f5b521de19b,,Open,238.7723708846118,10,0,0.0,0.0004656846635043621,0.19161453545093524,0.0,0.11119263118953919,45.752256925573306
21f03eb10cf7c9a8,3,6b7e1f5b521de19b,,Open,11264.189824104717,20,208,0.0,0.002767776371911168,0.03363884482532739,0.0,31.17675844387925,378.91433357609037
220c5c02a6a74dbd,3,6b7e1f5b521de19b,,Open,4694.223952710472,40,0,0.0,0.04077100213617087,0.6207974344491957,0.0,191.3882148036231,2914.1621865726233
221b41383a9738d8,5,a0d28553c7be77f0,28c9c64e5918b06e,Open,79015.68758869036,50,222,0.00028759543783962727,0.005462833819910884,0.05818690303713083,22.724551268268605,431.6495704630104,4597.678152135348
2247125d0c6280ea,0,062b9e5a52eb6d8e,,Open,368869.1381210446,1,223,0.0,7.648019927728456e-05,0.00012482593447202814,0.0,28.211185190737694,46.044434863851016
2254e08cd0f9bccc,2,6b7e1f5b521de19b,,Open,10309.642229151345,50,0,0.00028759543783962727,0.031285795755684374,0.40118101239204396,2.965006070862692,322.54536109540754,4136.032706890705
225facd14fe1e3b6,0,6b7e1f5b521de19b,6f9a9c5f2856c8b3,Open,870350.122287474,10,0,0.0,0.0003388201992493123,0.36369947493076316,0.0,294.89220185010527,316545.8824818798
22622574d49b372f,3,6b7e1f5b521de19b,,Open,5655.969519442425,90,0,0.017328073922544717,0.9753889590501785,0.9999365031719207,98.00705793655806,5516.770221988485,5655.610383318227
22663504ed4b1ab6,5,6b7e1f5b521de19b,d4f34f97b6d22a81,Open,18795.265270024385,70,0,0.0028538778424263,0.2845446303486824,0.9381170451641082,53.63939109664716,5348.091808564516,17632.15871819086
22a25213f8c3ee23,0,6b7e1f5b521de19b,6f9a9c5f2856c8b3,Open,1958.2534382031313,40,2,0.0,0.020482676010578873,0.4281616106629371,0.0,40.11027072131687,838.4489461872871
22a8c3ad7b0f7c46,0,6b7e1f5b521de19b,6f9a9c5f2856c8b3,Open,1.170863568534039,10,0,0.0,0.0010438422323204577,0.3045060783624648,0.0,0.0012221968411212684,0.3565350735517812
22aecb580c8c6755,5,6b7e1f5b521de19b,,Open,1.170863568534039,0,224,0.0,8.99550777830882e-05,0.00020412903759279286,0.0,0.0001053251233808637,0.00023900725339731643
22bddec402bd6fed,5,7b7c16a1b24ec3b8,28c9c64e5918b06e,Open,4952.499359328055,10,144,0.0,0.0006216384324943647,0.026470397412776944,0.0,3.078663938662038,131.09462622793683
22c5e0f69c34369f,3,6b7e1f5b521de19b,,Open,2.4198904513070483,10,756,0.0,0.0001586759120982606,0.0013078791031148284,0.0,0.0003839783245390174,0.0031649241530915997
22e304924167c961,3,6b7e1f5b521de19b,,Open,89664.46366676311,30,0,0.0,0.013829799927771093,0.4133047610521316,0.0,1240.0415931422342,37058.74973065907
22f462f3f3bbd7dd,5,6b7e1f5b521de19b,d4f34f97b6d22a81,Open,63227.609644110315,10,16,0.0,0.0002423543184704613,0.06498785410076369,0.0,15.323484243814722,4109.02667069148
22ffef7cf21c303b,2,6b7e1f5b521de19b,6f9a9c5f2856c8b3,Open,36846.529117819475,30,123,0.00028759543783962727,0.0012252520013134927,0.007424117485061287,10.596893674509866,45.14628354306419,273.5529610874234
234068f5a6cbcce6,5,6b7e1f5b521de19b,d4f34f97b6d22a81,Open,1.170863568534039,10,0,0.0,0.0006695614312775433,0.3252147302031516,0.0,0.0007839650867783831,0.3807820795454968
23445e9a05bebd71,0,6b7e1f5b521de19b,6f9a9c5f2856c8b3,Open,1.170863568534039,30,0,0.0,0.02657575672492385,0.5220224231481552,0.0,0.03111658535543682,0.611217037222035
234e50d1f237edc7,2,6b7e1f5b521de19b,6f9a9c5f2856c8b3,Open,312092.12918388424,70,0,0.003466563671827316,0.27291839718818667,0.9648736625909805,1081.887237292091,85175.68367191419,301129.4757514718
235dacb7a90acced,5,6b7e1f5b521de19b,6f9a9c5f2856c8b3,Open,338286.9070871343,0,82,0.0,9.201136017509271e-05,0.00015037331759231164,0.0,31.12623845051244,50.869324516734466
236d177d3a8e1a40,4,062b9e5a52eb6d8e,d4f34f97b6d22a81,Open,62540.825867402156,10,85,0.0,0.00010751392619567923,0.0021377210679929684,0.0,6.724009736524702,133.6948410664252
2374d8eb74c067af,0,6b7e1f5b521de19b,6f9a9c5f2856c8b3,Open,1.170863568534039,30,0,0.0,0.03086656518280506,0.46701477617025355,0.0,0.03614053665832766,0.5468105873848286
23a04d35499b52e5,5,6b7e1f5b521de19b,6f9a9c5f2856c8b3,Open,1835.8687749276912,40,0,0.0,0.031044716481119394,0.4551500260829925,0.0,56.99402561417017,835.5957207932901
23d72a934800aa90,4,cca8e68b78e095c5,28c9c64e5918b06e,Open,1.170863568534039,10,0,0.0,0.0005806979810586199,0.30884033441543574,0.0,0.0006799181103428074,0.36160989606090305
23ddfdee55e3474d,2,6b7e1f5b521de19b,,Open,11917.439456077744,10,0,0.0,0.00015795135986991228,0.027958236075937715,0.0,1.8823757682548272,333.1905857337163
23eb3dcccc63cd8a,2,6b7e1f5b521de19b,6f9a9c5f2856c8b3,Open,4386.532748246311,20,82,0.0,0.0029898781911469998,0.06370054725557563,0.0,13.115198598733757,279.42453661779416
23f2ce06bd505f8f,1,6b7e1f5b521de19b,,Open,12704.983075923506,70,252,0.06623898819088936,0.04486003667116165,0.6304748117923731,841.5652239315463,569.9460066924166,8010.171813618158
23fa3826a0837a24,2,6b7e1f5b521de19b,6f9a9c5f2856c8b3,Open,351.1076362015929,30,4,0.00028759543783962727,0.012576507776975632,0.19006996005773538,0.10097695436223368,4.415707917244864,66.73501438880265
23fc7d321d7984ea,3,6b7e1f5b521de19b,,Open,89664.46366676311,10,0,0.0,0.00017221943198819645,0.03302323976531623,0.0,15.441963002216221,2961.011082096004
241433900818b64f,0,6b7e1f5b521de19b,6f9a9c5f2856c8b3,Open,1.170863568534039,30,0,0.0,0.022855294309556483,0.45196949094533906,0.0,0.026760431455183017,0.5291946110367727
2441cf400d0aba57,3,6b7e1f5b521de19b,,Open,4143.3804614791225,70,0,0.0010428334586322307,0.16655733808875084,0.9437513679265975,4.320855777073481,690.1104203529027,3910.3209783612588
244d1c147615758d,3,6b7e1f5b521de19b,,Open,9648.963805727817,10,236,0.0,8.826849807519466e-05,0.0006570705852936951,0.0,0.8516995431135087,6.340050295307257
24501bca35398579,4,9cd083484517be1d,28c9c64e5918b06e,Open,24323.541534880354,10,4,0.0,0.00021628958638757466,0.02430733665823936,0.0,5.260928738060265,591.2405128090049
2462ce5c5b1b71bc,3,6b7e1f5b521de19b,,Open,35845.270270304114,50,0,0.00116905365139246,0.03639326654374599,0.5903331905603408,41.905044094648616,1304.5264752797916,21160.65276516636
2475c265ae73a5d4,0,e9943875f43f341e,,Open,7897468.885291627,5,187,0.0,0.000118309124809457,0.0005739268119214102,0.0,934.3426320287703,4532.569139583957
24895fc7a1d60894,3,6b7e1f5b521de19b,,Open,2.4198904513070483,10,0,0.0,0.00017049416128429585,0.02881347872316835,0.0,0.00041257719289547137,0.06972546203113389
2490a7d5e7ddbe61,2,6b7e1f5b521de19b,6f9a9c5f2856c8b3,Open,1.170863568534039,10,0,0.0,0.000927898523514159,0.541779863834381,0.0,0.001086442576479254,0.6343503047290091
2498cd4c809a6118,0,6b7e1f5b521de19b,6f9a9c5f2856c8b3,Open,82019.9692325963,10,38,0.0,0.00022628577426075935,0.016409497708082182,0.0,18.559952242641714,1345.90649713926
249a074ce95a55b7,2,6b7e1f5b521de19b,6f9a9c5f2856c8b3,Open,98.49392076768089,10,29,0.0,0.00026383054500911385,0.010753155779093502,0.0,0.025985704796221726,1.0591204733085653
249d98842b3916b3,2,6b7e1f5b521de19b,d4f34f97b6d22a81,Open,46553.49342526177,30,46,0.00028759543783962727,0.0025006574927829207,0.02373190633952616,13.388572324602368,116.41434214910127,1104.8031457460593
24a27b835cca6c77,1,6b7e1f5b521de19b,6f9a9c5f2856c8b3,Open,144256.09256740374,50,293,0.001301340665668249,0.0024815864046104255,0.02320929719135165,187.72631952836574,357.9839580974922,3348.0825240600075
24b1b7f01c309f34,3,6b7e1f5b521de19b,6f9a9c5f2856c8b3,Open,179056.99381897645,40,295,0.0,0.0014291743165813387,0.009905905183404682,0.0,255.90365677034467,1773.721603196259
24c54c0ac0027381,2,6b7e1f5b521de19b,6f9a9c5f2856c8b3,Open,1.170863568534039,60,0,0.0028538778424263,0.15724282562732697,0.8938342303037642,0.0033415015947434812,0.18410989594038768,1.0465579365713413
24cca680d2d8ab4a,2,6b7e1f5b521de19b,6f9a9c5f2856c8b3,Open,1.170863568534039,10,0,0.0,0.0008053897327044979,0.541779863834381,0.0,0.0009430014964950642,0.6343503047290091
24dad1f12c85d47e,3,6b7e1f5b521de19b,,Open,6766.394130610287,90,0,0.019797284621745348,0.9816567867994308,0.9999419033527375,133.956230466599,6642.276720473423,6766.001025797242
24dd0160f49bb6fc,2,6b7e1f5b521de19b,,Open,263999.29512211593,10,233,0.0,0.00017652662863838487,0.00293152593076229,0.0,46.60290553081713,773.9207793534495
24e2fe96515fc894,5,6b7e1f5b521de19b,d4f34f97b6d22a81,Open,2193801.7442508875,0,23,0.0,0.00011503931891638785,0.0003717256287927738,0.0,252.37345849620579,815.4923328283452
24f85a3b58ec2e12,3,6b7e1f5b521de19b,d4f34f97b6d22a81,Open,1.170863568534039,10,0,0.0,0.0007139449589885771,0.04293270111083983,0.0,0.0008359321424182535,0.05026833562944322
250408c10ebdc064,5,6b7e1f5b521de19b,6f9a9c5f2856c8b3,Open,18208.274681837054,30,242,0.0,0.0010182784375501797,0.0067015376640483714,0.0,18.54109349350553,122.0234385776694
25116771c0fbca98,2,6b7e1f5b521de19b,6f9a9c5f2856c8b3,Open,1.170863568534039,30,0,0.0002539545763283968,0.11140343248844148,0.861187958717346,0.00029734616148541665,0.13043822051035747,1.0083336065223363
251f2239d4d79dd2,2,6b7e1f5b521de19b,6f9a9c5f2856c8b3,Open,21909.4346393966,0,96,0.0,0.00010016722735599615,0.00020476059871725737,0.0,2.194607320765777,4.4861889543194655
2520aafc4e4f5833,0,6b7e1f5b521de19b,6f9a9c5f2856c8b3,Open,8691.70306672421,60,0,0.0010929884389042853,0.417072069644928,0.96495563685894,9.499930966318484,3625.0665867778343,8387.107868139663
252a87dd4aed654d,0,6b7e1f5b521de19b,6f9a9c5f2856c8b3,Open,26396.718866699845,10,136,0.0,0.00030766111594857646,0.043034759350120994,0.0,8.121243983909716,1135.9764440612264
253006b172ea3311,4,255414ab73601d72,28c9c64e5918b06e,Open,91064.6539145475,50,0,0.00116905365139246,0.16962356120347977,0.9045067578554152,106.45946617159242,15446.71089674795,82368.5948674728
2535491bda1c2e01,1,6ab36d9b02cbcf6b,6f9a9c5f2856c8b3,Open,1534.3138552620949,95,33,0.9576275706291199,0.7242549329996109,0.9999242067337036,1469.3012497972388,1111.2343784432232,1534.1975646034807
25377891fd3279ef,5,6b7e1f5b521de19b,d4f34f97b6d22a81,Open,105780.66429129704,1,22,0.0,0.0001303428791288752,0.0003724399619386531,0.0,13.787756339892656,39.39694658249611
25380fad49b5dd3c,3,6b7e1f5b521de19b,d4f34f97b6d22a81,Open,9648.963805727817,10,0,0.0,0.0002992395166074857,0.06325905211269853,0.0,2.8873512649891175,610.3843042200779
253b0f32ba9095e8,2,6b7e1f5b521de19b,6f9a9c5f2856c8b3,Open,24177.935359266332,10,128,0.0,0.0013069565815385432,0.05122942272573707,0.0,31.599511745806595,1238.6216711554005
253dc72ce6ab127d,5,6b7e1f5b521de19b,d4f34f97b6d22a81,Open,24365.119801038454,10,182,0.0,0.0001757711943355389,0.004561932780779897,0.0,4.282686207557017,111.15203872798668
255518ea98e134ae,2,6b7e1f5b521de19b,6f9a9c5f2856c8b3,Open,64520.93016905135,10,0,0.0,0.0005044487887062132,0.3045274764299391,0.0,32.547505069976125,19648.396041293534
2557964d74e0566d,2,6b7e1f5b521de19b,6f9a9c5f2856c8b3,Open,1.170863568534039,50,0,0.0010428334586322307,0.11967752166092396,0.8364011764526366,0.0012210157047608276,0.14012605008521917,0.9793116661874024
2557ca97cbcf2a8d,2,6b7e1f5b521de19b,d4f34f97b6d22a81,Open,81.43217479245789,40,0,0.00028759543783962727,0.03178178947418928,0.48899138569831835,0.023419521963669983,2.5880602356792797,39.81963199219165
255ad45baa42e317,4,e366e0e543d0c5cd,d4f34f97b6d22a81,Open,29419.911583850386,10,277,0.0,0.00038890200812602416,0.05069721248000854,0.0,11.441462693849495,1491.5075087095274
255d3af624e2d889,5,6b7e1f5b521de19b,6f9a9c5f2856c8b3,Open,993734.4584810275,60,502,0.005998284788802266,0.00915058390237391,0.12926154322922226,5960.702286415404,9093.250539010745,128451.6496633131
25780e3ed144607b,5,6b7e1f5b521de19b,6f9a9c5f2856c8b3,Open,1362622.3737509905,30,393,0.00030547641217708587,0.001591395225841552,0.021151220332831136,416.2489938856767,2168.4707402122094,28821.12605765258
2589f1f2a47b0be2,2,6b7e1f5b521de19b,,Open,71011.85246572345,60,274,0.0028538778424263,0.012171208951622249,0.12921665944159025,202.65915230157358,864.3000944020918,9175.914356379839
25a9a909470b76d7,2,6b7e1f5b521de19b,6f9a9c5f2856c8b3,Open,19623.72126185764,10,0,0.0,0.0005044487887062132,0.30820001065731034,0.0,9.899162420452448,6048.0311020406125
25d9c7909363522a,3,674ec33189ed753c,,Open,89664.46366676311,10,0,0.0,0.00019876328879036008,0.03793917838484048,0.0,17.822003686029586,3401.796081834374
25eafa2d384c46fa,2,6b7e1f5b521de19b,6f9a9c5f2856c8b3,Open,1.170863568534039,70,0,0.003466563671827316,0.1640075571835041,0.9583593636751174,0.004058873111346193,0.19203047367042805,1.1221080644906587
25f68ad0debd74ad,2,6b7e1f5b521de19b,6f9a9c5f2856c8b3,Open,2267.5054832878254,10,6,0.0,0.039301748014986516,0.7659919559955596,0.0,89.11692912677833,1736.890960374298
25f7d1548fe5d388,2,6b7e1f5b521de19b,6f9a9c5f2856c8b3,Open,6009.906030357736,30,132,0.00028759543783962727,0.0010490816552191974,0.008558213943615556,1.7284215561757494,6.30488216603953,51.43406158882679
26010835545c7ea6,2,6b7e1f5b521de19b,6f9a9c5f2856c8b3,Open,1.170863568534039,50,0,0.0010428334586322307,0.149488940089941,0.8956141412258147,0.0012210157047608276,0.1750311538500795,1.0486419694252063
2604dc75d0f799de,3,6b7e1f5b521de19b,,Open,11264.189824104717,1,0,0.0,0.00011014184856321663,0.0002428487096040044,0.0,1.2406586897938674,2.7354939635183877
2616061f0c5f8d9e,2,6b7e1f5b521de19b,6f9a9c5f2856c8b3,Open,1.170863568534039,10,0,0.0,0.000927898523514159,0.5512561082839965,0.0,0.001086442576479254,0.6454456941215867
2630e3ad483b06a5,3,6b7e1f5b521de19b,,Open,35845.270270304114,30,0,0.0,0.030001273099333047,0.43429656624793994,0.0,1075.4037426987975,15567.477794622442
26366425dc981367,2,6b7e1f5b521de19b,6f9a9c5f2856c8b3,Open,1.170863568534039,10,0,0.0,0.000927898523514159,0.5512561082839965,0.0,0.001086442576479254,0.6454456941215867
2645fcdf8688f27b,2,6b7e1f5b521de19b,6f9a9c5f2856c8b3,Open,20169.84338011234,40,51,0.0,0.0015759305679239333,0.017784687038511035,0.0,31.786272732957226,358.7143521310815
264906f9f4e08bd5,2,6b7e1f5b521de19b,6f9a9c5f2856c8b3,Open,1.170863568534039,10,0,0.0,0.000927898523514159,0.5512561082839965,0.0,0.001086442576479254,0.6454456941215867
264b0a84d60dd79d,3,6b7e1f5b521de19b,1e1439736d3ae4c5,Open,1.170863568534039,10,0,0.0,0.00021505133627215401,0.033087627030909054,0.0,0.00025179577500562784,0.038741097059733505
26627c4a18bd7f0e,0,4e40b1753336bf63,,Open,34168.569058411624,70,0,0.0011392902772058733,0.17921045795083046,0.9380014866590499,38.92791851428581,6123.364908482523,32050.168573802515
266c7ae3cbd96bdd,5,6b7e1f5b521de19b,6f9a9c5f2856c8b3,Open,179003.01218540355,70,0,0.003466563671827316,0.2633814767003059,0.9718456327915191,620.5253391895824,47146.077683194446,173963.29564891153
2676c079af753735,3,6b7e1f5b521de19b,d4f34f97b6d22a81,Open,4517.797135638614,10,1,0.0,0.0011148180114105345,0.08083270899951457,0.0,5.036521618708848,365.18578118391656
2690337a31bf9c89,5,6b7e1f5b521de19b,6f9a9c5f2856c8b3,Open,168509.02042315467,30,790,8.101324056042358e-06,0.0008156296418746934,0.009399545239284622,1.365146180814236,137.44095198039304,1583.9081606949785
269ed05dbdda953a,4,255414ab73601d72,d4f34f97b6d22a81,Open,1.170863568534039,10,0,0.0,0.0014269115170463921,0.7398098617792129,0.0,0.0016707187108312579,0.8662164147994833
26a0bcc02bf50dd0,2,6b7e1f5b521de19b,6f9a9c5f2856c8b3,Open,1.170863568534039,50,0,0.0010428334586322307,0.13939034789800644,0.8838441878557205,0.0012210157047608276,0.163207080159061,1.0348609598208185
26aab5d5b1ca033d,5,6b7e1f5b521de19b,d4f34f97b6d22a81,Open,1456.4483841744886,40,30,0.00028759543783962727,0.001207649352727458,0.016298005497083063,0.4188679107374797,1.7588789484292733,23.73720377149356
26ae092108ca5fb0,3,6b7e1f5b521de19b,,Open,9648.963805727817,10,59,0.0,0.00010016464257205371,0.0003760006948141379,0.0,0.9664850107914099,3.6280170951901276
26b08386fc404101,1,6b7e1f5b521de19b,d4f34f97b6d22a81,Open,1.170863568534039,90,0,0.009978663781657815,0.9843769460916519,0.999925023317337,0.011683653884593238,1.152571103883511,1.1707757810678192
26c6e49cb03d8fd7,5,6b7e1f5b521de19b,d4f34f97b6d22a81,Open,133452.39454642526,30,77,0.00017479545203968883,0.001231353566981852,0.007492197840474543,23.326871630521307,164.3270820470102,999.8517422268841
26ce6305e5c33a35,3,6b7e1f5b521de19b,,Open,9648.963805727817,10,0,0.0,0.00013599130470538513,0.011608651280403125,0.0,1.3121751769959642,112.01145603792564
26e0296c05277efa,4,fc3655a0b667e091,28c9c64e5918b06e,Open,426084.1798525235,60,0,0.00116905365139246,0.07814689613878727,0.7958370685577393,498.1152662571542,33297.15614931551,339093.5846526609
26e485a4bc57c39c,3,6b7e1f5b521de19b,,Open,22962.31400177536,50,20,0.001223800703883171,0.2990823000669479,0.9690478444099426,28.10129603815908,6867.621686510458,22251.580886084656
26e80bda77ec703c,2,6b7e1f5b521de19b,6f9a9c5f2856c8b3,Open,832076.8053691668,60,151,0.0035765285836532714,0.02913406658917666,0.6014798849821089,2975.946478197725,24241.78105493469,500477.46118972707
26eee25c4b0d8e2c,3,6b7e1f5b521de19b,,Open,30559.481337518984,10,0,0.0,0.0004905870737275109,0.4461855888366698,0.0,14.992086524003918,13635.20017512413
2709c4547e5dc0b3,2,6b7e1f5b521de19b,,Open,74529.76131529504,30,0,0.0002539545763283968,0.03206623392179608,0.5186641395092009,18.92717395868229,2389.8887604718793,38655.91452042363
27124ab99f251f26,5,6b7e1f5b521de19b,6f9a9c5f2856c8b3,Open,1.170863568534039,60,0,0.0010428334586322307,0.05978227183222771,0.8261990636587142,0.0012210157047608276,0.06999688413255409,0.9673663839949237
2719b23e7fcf1d8b,3,6b7e1f5b521de19b,,Open,9648.963805727817,10,0,0.0,0.0001323248347034678,0.0008939430612372227,0.0,1.2767975406526768,8.625624242259487
271bc3e4f1ac35ff,3,6b7e1f5b521de19b,,Open,262389.5861676333,5,0,0.0,0.00011512181845318992,0.00026025313418358563,0.0,30.206766302797913,68.28771217726057
2736874eec5156ac,3,6b7e1f5b521de19b,2095e0b55fdf3180,Open,278787.4963550995,10,0,0.0,0.00014595752290915697,0.0021686925960238998,0.0,40.691132386035946,604.6043792093442
273e45dd6d324815,2,6b7e1f5b521de19b,6f9a9c5f2856c8b3,Open,35074.3895460749,10,131,0.0,0.0003634070773841813,0.0456193624995648,0.0,12.74628139597336,1600.071291153337
2744fa8dafd93d59,4,255414ab73601d72,,Open,25102.753943361105,90,143,0.3652202792465687,0.9060713082551957,0.9999309420585633,9168.034805052246,22744.88510626947,25101.020398849385
27456872de9364b6,4,cca8e68b78e095c5,28c9c64e5918b06e,Open,798.4497435488216,10,0,0.0,0.0005079198366729542,0.30959225147962566,0.0,0.4055484633348797,247.1938537986094
275def29b77715f5,2,6b7e1f5b521de19b,6f9a9c5f2856c8b3,Open,8879.724894666122,30,426,0.0003421000903472304,0.0006326740054646507,0.0030959150171838696,3.0377546887238314,5.617971116532589,27.4908736498583
27825483391dca10,0,6b7e1f5b521de19b,,Open,29324.531411075328,30,0,0.0,0.02107370337471366,0.47972424626350385,0.0,617.9764765594748,14067.688728208555
27a15748e94df977,5,6b7e1f5b521de19b,d4f34f97b6d22a81,Open,1.170863568534039,0,0,0.0,0.00012385730442474597,0.000282743651769124,0.0,0.00014502000544776487,0.00033105424109074216
27aa5ccf13eaac39,3,6b7e1f5b521de19b,,Open,9648.963805727817,10,0,0.0,0.00018714962498052047,0.0025342043139971785,0.0,1.8057999576925765,24.452445702078066
27afa35778a91c36,3,6b7e1f5b521de19b,,Open,5186.502594949308,1,3,0.0,0.00011494529207993765,0.00021467042679432772,0.0,0.5961640556498028,1.1133887256276562
27b75a9c99496eaa,4,e366e0e543d0c5cd,d4f34f97b6d22a81,Open,193235.94645019592,50,42,0.001086287386715412,0.025188892241567375,0.4245413735508916,209.90977128886263,4867.399432331268,82036.6541253727
27b9422076115a0f,6,6b7e1f5b521de19b,,Open,972080.0196430965,50,79,0.0005382853909395635,0.0060138604138046505,0.11961833015084256,523.2564733981227,5845.953549182065,116278.58872270543
27baec6dc043e58b,3,6b7e1f5b521de19b,,Open,5083.8994500666495,10,0,0.0,0.00013096384936943652,0.0009065797756193199,0.0,0.6658070417878899,4.608960422712607
27bc603859fd8deb,3,6b7e1f5b521de19b,,Open,1.170863568534039,10,0,0.0,0.0003748271585209295,0.3406914621591568,0.0,0.0004388714644092894,0.39890322115274984
27bd01bdd65639db,2,6b7e1f5b521de19b,,Open,35845.270270304114,80,0,0.11640643179416657,0.4125228226184845,0.9838852703571319,4172.620008863622,14786.9920694283,35267.63343092263
27beb173d9d98bf7,2,6b7e1f5b521de19b,6f9a9c5f2856c8b3,Open,1.170863568534039,10,0,0.0,0.000638843997148797,0.1921047292649745,0.0,0.0007479991622381898,0.22492842883945346
27c3011efb06df38,4,77c27bf8a409b6bb,28c9c64e5918b06e,Open,31441.363393509106,50,0,0.0,0.06559854801744223,0.8202767878770828,0.0,2062.507786302958,25790.620570903746
27c4cd7b850e9b8e,2,6b7e1f5b521de19b,,Open,1.170863568534039,1,77,0.0,9.227190021192655e-05,0.0003006675513461231,0.0,0.00010803780635755307,0.0003520406821115131
27e968cecdb02e06,2,6b7e1f5b521de19b,,Open,26280.95777724916,30,0,0.0,0.030233926232904197,0.4457549050450322,0.0,794.576538767421,11714.8658384902
27ee21bf6b0f911d,0,6b7e1f5b521de19b,6f9a9c5f2856c8b3,Open,139665.70103702517,50,0,0.00116905365139246,0.06033143065869809,0.7515033155679702,163.27669777162194,8426.231557513742,104959.23740044932
27f7d29d79c85707,3,6b7e1f5b521de19b,d4f34f97b6d22a81,Open,21131.297132648375,30,185,0.0,0.0008792022505076602,0.010012504924088712,0.0,18.57868399517052,211.57721659302354
280c97761cb64792,6,6b7e1f5b521de19b,,Open,88724.25999587397,90,0,0.019164848048239945,0.986321422457695,0.9999395191669465,1700.3869610134589,87510.63832563678,88718.89387871737
281aa709f1054dc3,2,6b7e1f5b521de19b,6f9a9c5f2856c8b3,Open,1.170863568534039,10,0,0.0,0.00016259662734228187,0.02652156371623276,0.0,0.00019037846732158345,0.031053132735891175
2832d6e1ce02bea6,2,6b7e1f5b521de19b,6f9a9c5f2856c8b3,Open,98.49392076768089,10,28,0.0,0.0002594269360997714,0.00949749066494405,0.0,0.0255519760892131,0.9354450930447882
2836daad17c4ba1e,1,6b7e1f5b521de19b,,Open,34725.85282263778,70,369,0.09448358491063118,0.07098239213228226,0.8098817020654677,3281.0230637617783,2464.924102184396,28123.832789672815
2844f058fc57d1b3,2,6b7e1f5b521de19b,6f9a9c5f2856c8b3,Open,5655.969519442425,30,0,0.0,0.027575377840548754,0.41792534142732596,0.0,155.96549655325182,2363.772992515524
287d7a72f0cfaea3,4,7545e34e09ae9cad,28c9c64e5918b06e,Open,245333.30429795306,10,0,0.0,0.0001437344719306566,0.0021686925960238998,0.0,35.26285294026937,532.0525205890492
287e1cecf0a0e019,3,6b7e1f5b521de19b,,Open,5655.969519442425,10,0,0.0,0.0005731218319851905,0.3199982777237892,0.0,3.24155961263524,1809.9005050798235
2887b53863d7cba7,2,6b7e1f5b521de19b,6f9a9c5f2856c8b3,Open,1997853.8120249866,50,293,0.00129029571544379,0.03144974475726485,0.42266454547643656,2577.8222137388834,62831.992450514415,844421.9733879071
289cd30b0abe76cf,3,6b7e1f5b521de19b,,Open,1.170863568534039,10,0,0.0,0.00021073896568850613,0.044717704504728305,0.0,0.00024674657739521665,0.05235833107305685
28cdcbbf9e42cc3a,0,6b7e1f5b521de19b,6f9a9c5f2856c8b3,Open,41.64093372938602,10,0,0.0,0.0004693916940595955,0.3402047589421272,0.0,0.019545908425459852,14.166443821530866
28ce28e32292eb92,4,75c64824a2a4e380,28c9c64e5918b06e,Open,24696.398741469373,70,237,0.0010929884389042853,0.011434744857251645,0.20652705132961266,26.992878306996367,282.3970185016529,5100.474410536027
28d9c79f1d278868,0,e43bc3ffd79e75b6,,Open,73237.08878153896,25,150,0.0,0.0008539715461665765,0.005460331076756118,0.0,62.54238994350966,399.898751844984
28e3d17287d997e0,5,255414ab73601d72,d4f34f97b6d22a81,Open,129910.94465503005,1,305,0.0,8.55744303407846e-05,0.00014426628404180518,0.0,11.117055083887394,18.741769241741796
28f66aab51493dd7,5,6b7e1f5b521de19b,6f9a9c5f2856c8b3,Open,1.170863568534039,50,0,0.0011230711825191975,0.17100790962576867,0.9169714868068694,0.0013149631324821706,0.20022693131197394,1.0736485072866544
28fc1f8f01882289,2,6b7e1f5b521de19b,,Open,1.170863568534039,1,0,0.0,0.00012444248350220732,0.0002749137100181542,0.0,0.00014570517031063272,0.000321886447550788
29087a8866fd717b,0,6b7e1f5b521de19b,,Open,1.170863568534039,10,0,0.0,0.0009750109747983516,0.5387521773576734,0.0,0.00114160482931225,0.630805296936489
2912296a9008c2e6,2,6b7e1f5b521de19b,6f9a9c5f2856c8b3,Open,98.49392076768089,10,0,0.0,0.0005079177586594597,0.19036634266376481,0.0,0.05002681147790289,18.749927471158042
291661bb1dd3e134,0,6b7e1f5b521de19b,6f9a9c5f2856c8b3,Open,28364.580587104123,50,0,0.0011230711825191975,0.05793921817094088,0.7511267244815826,31.8554430616201,1643.42162296346,21305.394507685403
291ba32a618e28fe,4,ca0404ddaade5726,28c9c64e5918b06e,Open,17598.62744916758,10,0,0.0,0.0001524995044746902,0.0016657018742989743,0.0,2.683781965432737,29.314066727167813
292c58833fc37f37,3,6b7e1f5b521de19b,,Open,65064.44409714713,60,176,0.0012113013304769992,0.013747035898268223,0.14287797883152945,78.81264770162065,894.4432487043475,9296.276266397419
293be0997ff96851,5,6b7e1f5b521de19b,,Open,1.170863568534039,10,0,0.0,0.003832715377211571,0.758967527747154,0.0,0.004487586803737225,0.88864742793949
2962b2b3ef4b4131,5,7b7c16a1b24ec3b8,28c9c64e5918b06e,Open,122603.18432470375,60,0,0.001223800703883171,0.33909086138010025,0.9454366892576217,150.0418632748906,41573.619380607,115913.54868038985
298d9f96f99b2dd3,4,062b9e5a52eb6d8e,28c9c64e5918b06e,Open,1.170863568534039,10,0,0.0,0.0005865085957339034,0.3037257313728332,0.0,0.0006867215473768862,0.3556213936908064
298ddb56a50c8d82,3,6b7e1f5b521de19b,d4f34f97b6d22a81,Open,1.170863568534039,10,0,0.0,0.0005816959252115339,0.32750011682510366,0.0,0.000681086566794886,0.3834579554811555
2991eb79e2a6d515,5,6b7e1f5b521de19b,6f9a9c5f2856c8b3,Open,1.170863568534039,50,0,0.0011230711825191975,0.04104360491037369,0.7505178064107892,0.0013149631324821706,0.048056461710861344,0.8787539570624757
299c18a1b4c891bf,3,6b7e1f5b521de19b,,Open,3764.819039818671,90,43,0.009497690053831321,0.7810348331928253,0.9999116957187653,35.757084348960575,2940.4548107659484,3764.486590179381
29a37a20e63343a8,4,6828ce51082c111b,28c9c64e5918b06e,Open,1.170863568534039,10,0,0.0,0.0009581941703800112,0.5847577184438704,0.0,0.0011219146456796529,0.6846715089450128
29a63a0220fb1819,5,6b7e1f5b521de19b,d4f34f97b6d22a81,Open,1.170863568534039,60,0,0.0010428334586322307,0.244351664185524,0.9463359594345093,0.0012210157047608276,0.28610246150549373,1.108030298495573
29b920e687b912a0,2,6b7e1f5b521de19b,,Open,25654.101903090123,50,0,0.00028759543783962727,0.11890967153012753,0.7841127812862395,7.378002669201619,3050.520830696866,20115.709194632607
29d156605258e645,2,6b7e1f5b521de19b,6f9a9c5f2856c8b3,Open,6980.6575917369855,10,0,0.0,0.0005224034568527714,0.3159084036946295,0.0,3.6467196570289433,2205.248396544428
29d8b2f0a38ebf1e,2,6b7e1f5b521de19b,6f9a9c5f2856c8b3,Open,98.49392076768089,10,0,0.0,0.0005508837872184813,0.1978594556450843,0.0,0.05425870409049708,19.487953547443407
29e14ed68ac4ec37,3,6b7e1f5b521de19b,,Open,18286.99223841811,10,0,0.0,0.0001886205791379325,0.0317180039361119,0.0,3.449303066701301,580.0268917977934
29eb055caee6e69d,3,6b7e1f5b521de19b,,Open,36095.37719582366,10,0,0.0,0.00013096384936943652,0.0009507885144557798,0.0,4.727189542006844,34.319070062738206
29f697737a7618b5,2,6b7e1f5b521de19b,d4f34f97b6d22a81,Open,280.87906864983785,10,41,0.0,0.00026527547306613996,0.0069035893771797405,0.0,0.07451032781046253,1.9390737546031596
2a02e51ad12ddd0b,2,6b7e1f5b521de19b,6f9a9c5f2856c8b3,Open,21632.96134516493,20,65,0.0,0.00015062138190842235,0.004382109991274771,0.0,3.258386532580225,94.79801605150816
2a03a1f5d9bef215,3,6b7e1f5b521de19b,d4f34f97b6d22a81,Open,1.170863568534039,10,0,0.0,0.00016230657856795006,0.02881347872316835,0.0,0.00019003885977862038,0.0337366525196885
2a12e1f0b5cb89a7,2,6b7e1f5b521de19b,6f9a9c5f2856c8b3,Open,98.49392076768089,10,20,0.0,0.00026383054500911385,0.011258637672290201,0.0,0.025985704796221726,1.1089073668465783
2a1ef0fad043a056,2,6b7e1f5b521de19b,6f9a9c5f2856c8b3,Open,1100.311736085542,40,360,8.101324056042358e-06,0.000477524904999882,0.002086377004161477,0.008913981936695532,0.5254262572445036,2.295665103577867
2a1ef452a75ac978,3,6b7e1f5b521de19b,,Open,76057.68653515907,10,44,0.0,0.00017824665483203716,0.010786519246175885,0.0,13.557028199155779,820.3976996311058
2a1f45f17e82480d,2,6b7e1f5b521de19b,,Open,1875334.4167467572,70,0,0.02159004136919975,0.30421297401189806,0.9726442635059356,40488.547638646574,570501.0601853993,1824033.262603983
2a25eb41c6576067,5,6b7e1f5b521de19b,6f9a9c5f2856c8b3,Open,1478807.6585938425,70,1293,0.0012113013304769992,0.008836099924519659,0.1684257451444861,1791.2816843742974,13066.892240480145,249069.28182404075
2a2684039bab4d1d,5,6b7e1f5b521de19b,d4f34f97b6d22a81,Open,2336.8948032689946,10,0,0.0,0.000588315655477345,0.3526744544506071,0.0,1.3748317979667997,824.1630998513514
2a4b7305b252f40d,0,6b7e1f5b521de19b,6f9a9c5f2856c8b3,Open,69383.15464138098,10,0,0.0,0.0002732542212470435,0.09278349913656708,0.0,18.95923988919375,6437.611868760873
2a6b5678c3e0f316,4,a0d28553c7be77f0,28c9c64e5918b06e,Open,1.170863568534039,10,0,0.0,0.0002058031903288793,0.04339071176946161,0.0,0.00024096745784416162,0.05080460362362375
2a762ed9606f8791,3,6b7e1f5b521de19b,d4f34f97b6d22a81,Open,1.170863568534039,10,0,0.0,0.0001866691563918721,0.030062414146959766,0.0,0.00021856411458822596,0.03519898550685749
2a7efaff5a7bf4c2,6,6b7e1f5b521de19b,,Open,2578984.1004083403,29,149,0.00021585437934845686,0.004632125771604479,0.10002713352441787,556.6850123431807,11946.178716059667,257968.38696889576
2a82cf3dafe01276,4,674ec33189ed753c,28c9c64e5918b06e,Open,1.170863568534039,10,0,0.0,0.0002269312804855872,0.044717704504728305,0.0,0.0002657055688813535,0.05235833107305685
2a9b0a6cae1381e6,4,6828ce51082c111b,28c9c64e5918b06e,Open,641313.366553259,10,37,0.0,0.00023003649548627438,0.011817542230710376,0.0,147.5254793504162,7578.747792362181
2a9c4ddf905243db,5,6b7e1f5b521de19b,6f9a9c5f2856c8b3,Open,5459750.127724096,30,0,0.00017479545203968883,0.025744136516004802,0.6094284266233443,954.3394915992822,140556.55263140379,3327326.930095499
2a9dbcc99deb2ac9,2,6b7e1f5b521de19b,,Open,218130.08395331344,50,265,0.0012513193301856517,0.00494063226506114,0.058675826340913756,272.95039054580013,1077.7005307602356,12798.962925773558
2aa2238f7f32bf21,4,7545e34e09ae9cad,28c9c64e5918b06e,Open,71011.85246572345,1,50,0.0,0.00016291220526909456,0.0016240979311987756,0.0,11.568697485434598,115.33020268017412
2ab73a89bed6401d,0,6b7e1f5b521de19b,,Open,9648.963805727817,10,0,0.0,0.0004397234180942178,0.3205054521560669,0.0,4.242875345722028,3092.545507392318
2acc39c10774ebf8,3,6b7e1f5b521de19b,,Open,71334.4936587824,70,45,0.0,0.04839997719973326,0.8864975273609161,0.0,3452.587866639585,63237.85224405355
2ad7a3e9543d50b1,6,6b7e1f5b521de19b,,Open,25102.753943361105,10,0,0.0,0.00023023841713438743,0.032270203717052914,0.0,5.779618333633463,810.0709836113163
2ae29af42eae2e7a,3,6b7e1f5b521de19b,,Open,1.170863568534039,10,756,0.0,0.00037895926070632415,0.02155784666538235,0.0,0.0004437095923196279,0.025241297276539208
2ae7ba1b57c4879e,3,6b7e1f5b521de19b,d4f34f97b6d22a81,Open,10573.806471589558,70,18,0.0011230711825191975,0.060215375199913976,0.837284818291664,11.875137337777227,636.7057239780438,8853.287630216084
2aeb7dec34915c40,2,6b7e1f5b521de19b,,Open,1.170863568534039,1,397,0.0,7.882436802901794e-05,0.0001591567546711303,0.0,9.229258083789635e-05,0.0001863508457305362
2aff9690d90bfe4f,5,6b7e1f5b521de19b,,Open,115001.75177014514,80,0,0.12475033216178417,0.12238914854824544,0.9629507243633271,14346.506732512658,14074.966480704741,110741.0201701128
2b041be9db644121,3,6b7e1f5b521de19b,,Open,2.4198904513070483,10,0,0.0,0.0003748271585209295,0.27581500411033616,0.0,0.0009070406617953506,0.6674420947738168
2b07c3e23a5398a9,3,6b7e1f5b521de19b,,Open,2.4198904513070483,10,0,0.0,0.00020018681680085139,0.030914534348994483,0.0,0.00048443016645393364,0.07480978647773551
2b0d2b3d97e47fd6,5,6b7e1f5b521de19b,6f9a9c5f2856c8b3,Open,173895.04769373764,30,620,0.0,0.0010824201279319822,0.005856486479751764,0.0,188.22749977139364,1018.4139957141625
2b1ed5a6d4514358,2,6b7e1f5b521de19b,d4f34f97b6d22a81,Open,924.2261469524384,60,114,0.0028538778424263,0.0069942440604791045,0.17777782231569275,2.6376285221785976,6.46426323886158,164.30691173242792
2b28b24d8639f917,0,6b7e1f5b521de19b,d4f34f97b6d22a81,Open,70515.52562574956,30,0,0.0,0.029070630576461556,0.5541024178266524,0.0,2049.9307953711736,39072.8232435451
2b3fb57ed63f21c6,0,6b7e1f5b521de19b,6f9a9c5f2856c8b3,Open,15986.224449984467,60,619,0.058706500381231305,0.008515477553009987,0.24850080236792557,938.4952917674624,136.13033546122216,3972.58960265489
2b4a05fc4b727a87,2,6b7e1f5b521de19b,6f9a9c5f2856c8b3,Open,1.170863568534039,10,0,0.0,0.00108820635068696,0.6519014447927475,0.0,0.0012741411710667377,0.7632876519825321
2b562303d6002993,2,6b7e1f5b521de19b,6f9a9c5f2856c8b3,Open,98.49392076768089,10,64,0.0,0.00024617413073428905,0.004703704314306377,0.0,0.024246655327595783,0.4632862800478911
2b70431262077140,2,6b7e1f5b521de19b,6f9a9c5f2856c8b3,Open,1298773.038087794,40,0,0.00116905365139246,0.07210745923221111,0.7928817749023438,1518.335362506614,93651.22389581057,1029773.4716343596
2b74041eb3989bb8,0,6b7e1f5b521de19b,6f9a9c5f2856c8b3,Open,141628.9740284729,30,0,0.0,0.02416849844157696,0.5668621122837065,0.0,3422.959638089291,80284.09937835437
2b91697bd5bf5331,3,6b7e1f5b521de19b,,Open,36077.87700023642,80,0,0.0070125296711921695,0.3171906441450119,0.9846140027046203,252.99718293777943,11443.5650450895,35522.78288228774
2b9352ed6bcf65b5,0,6b7e1f5b521de19b,6f9a9c5f2856c8b3,Open,186555.16774733728,55,633,0.056859565526247026,0.005800173338502646,0.1376831255853176,10607.44578478973,1082.0523101279944,25685.498589546627
2ba99f88d4bf9291,2,6b7e1f5b521de19b,6f9a9c5f2856c8b3,Open,210367.3586828628,60,0,0.0030671000480651856,0.09478737749159337,0.8489844799041747,645.2177359275546,19940.17023938194,178598.62260018525
2ba9a3741843d8ac,0,6ab36d9b02cbcf6b,,Open,524417.177630072,50,0,0.00116905365139246,0.09353924430906772,0.8111331462860105,613.0718163613639,49053.58649821107,425372.15525750996
2bd714f44ee32b4d,0,6b7e1f5b521de19b,6f9a9c5f2856c8b3,Open,1.170863568534039,40,0,0.00028759543783962727,0.03758451696485281,0.5091131255030631,0.00033673502064301535,0.04400634165509568,0.5961020109140345
2be232aafbabb186,2,6b7e1f5b521de19b,6f9a9c5f2856c8b3,Open,36653.82156469722,50,8,0.0010428334586322307,0.3049852505326271,0.9126033574342728,38.22383151440184,11178.87495288739,33450.40062273943
2be351a99b933d97,3,6b7e1f5b521de19b,,Open,2.4198904513070483,10,724,0.0,8.786814032646362e-05,0.0001972689635294955,0.0,0.0002126312737501171,0.0004773692811842645
2be5638f3746fb51,3,6b7e1f5b521de19b,,Open,11264.189824104717,90,0,0.009101877774810418,0.9750233173370362,0.9999273300170899,102.5252790112644,10982.847729412666,11263.371255622702
2be5f27ab424bf2f,2,6b7e1f5b521de19b,6f9a9c5f2856c8b3,Open,187311.92835582033,70,0,0.003466563671827316,0.3511927619576454,0.9744546055793761,649.3287261382077,65782.59346689314,182526.97126628328
2bf046345abb95cc,3,6b7e1f5b521de19b,d4f34f97b6d22a81,Open,6091.577363923724,90,0,0.0031523856334388254,0.8974478363990783,0.9998997271060943,19.2030009670143,5466.872925510947,6090.966543832993
2bfe36643adf7fb0,0,6b7e1f5b521de19b,6f9a9c5f2856c8b3,Open,91597.87417954733,33,8,0.00030547641217708587,0.00899470690637827,0.2755451068282127,27.980989967416253,823.8960314923421,25239.346026040555
2c071b7d9483f796,4,255414ab73601d72,,Open,114404.83460086421,70,10,0.006230101734399795,0.4420035779476166,0.9818972498178482,712.7537584705658,50567.34622808727,112333.79246045437
2c0f45cec796bf7a,1,6b7e1f5b521de19b,,Open,27364.314495222257,10,0,0.0,0.00066559384285938,0.3406253665685653,0.0,18.213519242087617,9320.979655832587
2c1de5e5421e1121,3,6b7e1f5b521de19b,,Open,52063.463584601035,50,0,0.00028759543783962727,0.06098679341375828,0.7319159001111984,14.973214605060825,3175.1836980387907,38106.07681242987
2c28c43135e18b34,2,6b7e1f5b521de19b,6f9a9c5f2856c8b3,Open,21790.08499961947,10,3,0.0,0.0008799770555924625,0.2839704677462576,0.0,19.174774839074626,6187.740629572652
2c2e2a1628d737c4,3,6b7e1f5b521de19b,,Open,36095.37719582366,10,0,0.0,0.00016037751629482955,0.030974642280489174,0.0,5.788886944391228,1118.0413966199644
2c38d2e9b4691446,2,6b7e1f5b521de19b,6f9a9c5f2856c8b3,Open,5313.4205480970195,70,0,0.018191613256931305,0.39761925488710403,0.9779369264841079,96.65969168241294,2112.718319236165,5196.190159923503
2c46d220791f5abe,0,e43bc3ffd79e75b6,,Open,32461.976723684023,10,1,0.0,0.0012701447936706244,0.3737170785665512,0.0,41.231410727844256,12131.595105670578
2c4d3639e97a845a,3,6b7e1f5b521de19b,d4f34f97b6d22a81,Open,147782.212188992,10,0,0.0,0.0003291735629318282,0.06551732625812288,0.0,48.64599732419795,9682.295411133335
2c5782d526200807,5,6b7e1f5b521de19b,6f9a9c5f2856c8b3,Open,1.170863568534039,50,0,0.0011230711825191975,0.16389562264084817,0.891777765750885,0.0013149631324821706,0.19189941359237173,1.0441500971463935
2c5b16e015c70a41,0,062b9e5a52eb6d8e,,Open,147782.212188992,5,525,0.0,9.243034437531606e-05,0.00019032691780012097,0.0,13.659560765174563,28.126932951614318
2c6e359aa0ed69b7,0,674ec33189ed753c,,Open,449705.725200155,10,7,0.0,0.0002025014728133101,0.030399261042475683,0.0,91.06607168560909,13670.721732655347
2c80b4e343167927,5,6b7e1f5b521de19b,d4f34f97b6d22a81,Open,3283.921133670182,0,0,0.0,0.00013471255006152204,0.00033842515840660776,0.0,0.4423853901176346,1.1113615298571382
2ca30447709b5dc3,3,6b7e1f5b521de19b,,Open,2.4198904513070483,10,475,0.0,9.178460095426999e-05,0.0006557160057127475,0.0,0.00022210867942626573,0.0015867609009934756
2ca377578bb2bbe2,3,6b7e1f5b521de19b,,Open,35845.270270304114,10,0,0.0,0.0001689875243755523,0.002132455410901456,0.0,6.057403483551277,76.43844054313512
2ca6252d41e318fc,1,6b7e1f5b521de19b,,Open,5083.8994500666495,50,0,0.00028759543783962727,0.09340577647089958,0.8586497694253918,1.4621062882745584,474.86557563345474,4365.289090581605
2cad7b5a797ccd2b,2,6b7e1f5b521de19b,6f9a9c5f2856c8b3,Open,98.49392076768089,10,27,0.0,0.00027954364923061804,0.012079265387728808,0.0,0.027533350038428873,1.1897342080307514
2cb4fac65a62e3d4,3,6b7e1f5b521de19b,,Open,8342.688652667997,40,0,0.0,0.03286396339535713,0.4783153861761093,0.0,274.1738145001424,3990.4363446479383
2cbd751785c6573e,3,6b7e1f5b521de19b,,Open,65064.44409714713,50,0,0.00116905365139246,0.04404458664357662,0.6563540428876873,76.06382594759043,2865.736545452944,42705.31093140244
2cbfe9e6eb20523e,2,6b7e1f5b521de19b,6f9a9c5f2856c8b3,Open,1.170863568534039,10,0,0.0,0.000638843997148797,0.19498045295476904,0.0,0.0007479991622381898,0.22829550894100417
2cc021d58a5c3b55,2,6b7e1f5b521de19b,6f9a9c5f2856c8b3,Open,8829.468233956963,2,150,0.0,8.348931769432965e-05,0.00016517215699423103,0.0,0.7371662784568246,1.4583823133147154
2cc4765d72320da5,1,6b7e1f5b521de19b,6f9a9c5f2856c8b3,Open,306.4823686674905,95,11,0.9026133418083191,0.9015158951282501,0.999927020072937,276.6350749882929,276.29872693029904,306.46000160657906
2ccc2274c22857a2,3,6b7e1f5b521de19b,,Open,72858.2909415927,70,0,0.001086287386715412,0.23127804622054102,0.9447964638471602,79.14504246749391,16850.5231799393,68836.25564356436
2cee0d6f6c8d0e95,4,fd10c5543bdbcbc9,28c9c64e5918b06e,Open,1.170863568534039,10,0,0.0,0.0005778853344963864,0.3321711719036101,0.0,0.0006766248849519258,0.38892712369919463
2cee6fecf1b4aba0,0,6b7e1f5b521de19b,,Open,5863.460546876247,10,0,0.0,0.000629885183298029,0.5022090896964072,0.0,3.6933069213299063,2944.6831837175177
2cf8259fb999898c,3,6b7e1f5b521de19b,d4f34f97b6d22a81,Open,21939.176249266162,10,101,0.0,8.469661333947443e-05,0.0002709212087211198,0.0,1.858173927770677,5.943788147796872
2d0959a427f2de65,5,6b7e1f5b521de19b,d4f34f97b6d22a81,Open,1.170863568534039,10,0,0.0,0.00017974424990825356,0.028231594059616325,0.0,0.00021045599387105185,0.03305534496604674
2d1397c35f1dec4e,2,6b7e1f5b521de19b,6f9a9c5f2856c8b3,Open,412.7635997837326,40,0,0.0,0.026508113369345665,0.44498907178640357,0.0,10.941584297806406,183.67529113497775
2d1cf3740ca0dcfa,0,6b7e1f5b521de19b,6f9a9c5f2856c8b3,Open,1.170863568534039,10,0,0.0,0.00024868494947440924,0.018795218784362067,0.0,0.00029117614738231396,0.02200663693723617
2d1d7dd26f041a9c,2,6b7e1f5b521de19b,6f9a9c5f2856c8b3,Open,164269.9714399476,10,0,0.0,0.07855987064540386,0.7903603136539459,0.0,12905.02770724647,129832.46615120172
2d3e9f502b007c94,2,6b7e1f5b521de19b,6f9a9c5f2856c8b3,Open,1.170863568534039,50,0,0.0010428334586322307,0.13978886976838112,0.8869136601686476,0.0012210157047608276,0.16367369489834674,1.0384548931266486
2d43fad13981cc90,4,38080774be85927f,28c9c64e5918b06e,Open,1.170863568534039,50,0,0.0011230711825191975,0.05671183876693249,0.8362360388040543,0.0013149631324821706,0.06640182591677762,0.9791183125308841
2d4674fc857e20a9,5,6b7e1f5b521de19b,,Open,1.170863568534039,50,0,0.0013329769484698773,0.16603091433644296,0.9117025464773177,0.0015607341466590543,0.19439954884693694,1.0674792970100027
2d57bcfa53420c87,2,6b7e1f5b521de19b,,Open,1.170863568534039,10,0,0.0,0.0001803268132789526,0.0271396712400019,0.0,0.00021113809609816579,0.03177685231690925
2d5acc5825aa6980,3,6b7e1f5b521de19b,,Open,263999.29512211593,5,0,0.0,0.00011609446482907515,0.0002610491806990467,0.0,30.648856882455117,68.91679969675421
2d73b8ebd9d6c9fd,2,6b7e1f5b521de19b,6f9a9c5f2856c8b3,Open,28127.187762869016,70,0,0.030050732754170896,0.379801344871521,0.9760473817586899,845.2426025883627,10682.74373979144,27453.467972183364
2d784d2110daa8b2,3,6b7e1f5b521de19b,,Open,6825.920575393989,10,0,0.0,0.0001985660994250793,0.031334905233234164,0.0,1.3553964236413771,213.88957435955385
2d7f18ed8575862e,2,6b7e1f5b521de19b,,Open,159208.65214788017,30,0,0.0,0.02016203897073865,0.4864468291401863,0.0,3209.9710490843336,77446.54400901921
2d842c2cb1e05df8,2,6b7e1f5b521de19b,6f9a9c5f2856c8b3,Open,1.170863568534039,10,0,0.0,0.000927898523514159,0.541779863834381,0.0,0.001086442576479254,0.6343503047290091
2d982d838e01f66b,2,6b7e1f5b521de19b,6f9a9c5f2856c8b3,Open,98.49392076768089,10,20,0.0,0.0002303018540260382,0.007079840218648307,0.0,0.022683332563090616,0.6973212215433869
2d9c9dd33d41fe92,2,6b7e1f5b521de19b,6f9a9c5f2856c8b3,Open,411.38495102137347,60,0,0.003768478031270206,0.41939079761505127,0.9772406816482544,1.5502951503192157,172.5310627356826,402.02210995596073
2da27cdf73d969a4,2,6b7e1f5b521de19b,,Open,5655.969519442425,10,0,0.0,0.0008156418683938683,0.576725935935974,0.0,4.613245546416789,3261.9443147257734
2da3b761647a4d93,3,6b7e1f5b521de19b,,Open,4966.308414472941,30,36,0.0,0.009207454277202487,0.21512083858251552,0.0,45.72705765274558,1068.3564307808222
2db332b0946f30cf,5,75c64824a2a4e380,,Open,45888537.05725525,1,640,0.0,8.012241814867594e-05,0.00013315507021616213,0.0,3676.7005543324167,6110.291373975781
2dc1d4858008d3c4,0,6b7e1f5b521de19b,6f9a9c5f2856c8b3,Open,16672.96342661008,40,0,0.00028759543783962727,0.1866496190428734,0.9238563567399979,4.7950682167600185,3112.0022718925325,15403.42324736722
2dc41682825c2265,4,fe3d0016707df0ff,28c9c64e5918b06e,Open,704536.8878871537,6,0,0.0,0.00011208246542082634,0.0002547916810726747,0.0,78.9662313743085,179.51013804247842
2de7d011fbc0e0b9,2,6b7e1f5b521de19b,,Open,11981.44005651322,60,11,0.0010929884389042853,0.18711757734417916,0.8677981317043303,13.095575463193656,2241.938036469259,10397.471296169599
2dec0514bf6b98e2,3,6b7e1f5b521de19b,,Open,35845.270270304114,1,253,0.0,8.844323856465053e-05,0.00014870487866573963,0.0,3.170271789930882,5.330366566286218
2e2049f304b2b0c8,2,6b7e1f5b521de19b,d4f34f97b6d22a81,Open,7556.819970406958,50,0,0.0010428334586322307,0.1640850007534027,0.9362071603536605,7.8805047060005995,1239.9608105375544,7074.748965798531
2e60f47bba56d3f1,3,6b7e1f5b521de19b,,Open,11264.189824104717,30,307,0.0,0.0005873727801372298,0.02985384259372949,0.0,6.616278492977881,336.2793499547117
2e76c1140c283e8b,2,6b7e1f5b521de19b,6f9a9c5f2856c8b3,Open,3084.1983883033513,10,0,0.0,0.06633401568979025,0.7056330889463425,0.0,204.5872642801403,2176.3124356618246
2e7a9933271a67c2,6,6b7e1f5b521de19b,,Open,2919289.5458084517,75,0,0.0015122752636671066,0.26593649983406065,0.9518545895814895,4414.769367608104,776345.6438144643,2778739.152495037
2e991d29e68b2e41,2,6b7e1f5b521de19b,,Open,5655.969519442425,10,0,0.0,0.0008156418683938683,0.5575645655393601,0.0,4.613245546416789,3153.568187811779
2ea3f787f5cbdd2a,3,6b7e1f5b521de19b,,Open,2.4198904513070483,10,0,0.0,0.00015352309783338568,0.0009840227226959532,0.0,0.0003715090785020878,0.0023812271905211007
2ea52038c5986ca8,0,6b7e1f5b521de19b,6f9a9c5f2856c8b3,Open,26396.718866699845,10,136,0.0,0.0003748233415535651,0.04919526930898422,0.0,9.89410637166647,1298.5936935208435
2ea899792613e3d7,6,6b7e1f5b521de19b,,Open,6817.407966200085,25,0,0.0,0.023669913131743672,0.5101356402039525,0.0,161.3674543436133,3477.8027773690064
2ec5bdfd2eb58f43,0,6b7e1f5b521de19b,,Open,10004224.408039277,1,780,0.0,0.00011250620082137175,0.0003350469327415339,0.0,1125.5372803129358,3351.8847023715475
2ecb2b0e0d055a0f,5,6b7e1f5b521de19b,d4f34f97b6d22a81,Open,1.170863568534039,10,0,0.0,0.00016230657856795006,0.02881347872316835,0.0,0.00019003885977862038,0.0337366525196885
2ed1686cbbbcc271,0,e43bc3ffd79e75b6,,Open,21474.80466688851,30,20,0.0,0.0033388120820745824,0.0907323822379112,0.0,71.70033728199898,1948.4601855206079
2ee32d5fded5b343,3,6b7e1f5b521de19b,,Open,35845.270270304114,10,54,0.0,0.00010828883423528169,0.002101496618706733,0.0,3.881642530419833,75.32871426967307
2ee374e768162b8f,4,d1650c60f1f48b67,28c9c64e5918b06e,Open,329575.0427115465,30,552,0.0,0.0005895424052141607,0.0035026532481424485,0.0,194.29846337872488,1154.3870938602847
2ee959e08f3b53b9,2,bd661df59343798b,28c9c64e5918b06e,Open,211.4574129138252,10,217,0.0,0.0001701504545053467,0.0014206234947778278,0.0,0.03597957491581213,0.30040136893031655
2ef09c274180347f,4,ac07a4f1ad9a4f67,,Open,509198.75018512644,30,0,0.0,0.020872814860194922,0.5064411669969554,0.0,10628.411239656789,257879.20927714658
2ef30f0f861e9298,3,6b7e1f5b521de19b,d4f34f97b6d22a81,Open,35845.270270304114,5,0,0.0,0.00012427802066667938,0.00028468630043789736,0.0,4.454779239455562,10.204657381449428
2f133197c855707b,3,6b7e1f5b521de19b,,Open,9648.963805727817,10,0,0.0,0.00013811913086101413,0.0017058482568245378,0.0,1.3327064945565092,16.459668088163856
2f18cc040c444160,2,6b7e1f5b521de19b,,Open,12563.393836840341,10,0,0.0,0.00016037751629482955,0.027958236075937715,0.0,2.014885899786223,351.2503308053632
2f308f7ea5bd43f1,5,6b7e1f5b521de19b,6f9a9c5f2856c8b3,Open,1060.8669669680157,10,0,0.0,0.0005511215422302485,0.20694519132375697,0.0,0.5846666389365389,219.54131744824977
2f31bfb607e63577,0,6b7e1f5b521de19b,,Open,10004224.408039277,1,684,0.0,0.00013080291610094718,0.0007317072828300292,0.0,1308.5817258998095,7320.163858428277
2f32805c6aba6987,2,6b7e1f5b521de19b,,Open,40966.8423659283,10,0,0.0,0.00016147581627592444,0.03156265560537576,0.0,6.615154311285396,1293.0223368355119
2f51230b7cc01f98,2,6b7e1f5b521de19b,,Open,1.170863568534039,5,0,0.0,0.0001241622790985275,0.0003322111151646822,0.0,0.00014537708918262122,0.0003889738918083924
2f54c5cbd8be332c,3,6b7e1f5b521de19b,,Open,9648.963805727817,10,0,0.0,0.002219737449195236,0.6981603711843489,0.0,21.418166305503423,6736.524152151281
2f6e313e1502dbee,0,6b7e1f5b521de19b,6f9a9c5f2856c8b3,Open,2674.015532288598,1,0,0.0,0.00013422445772448555,0.010430279094725846,0.0,0.35891828476828863,27.890728305401968
2f76de042dd47d8d,0,6b7e1f5b521de19b,6f9a9c5f2856c8b3,Open,16701.624862064935,20,8,0.0,0.04231213014572859,0.7342429012060165,0.0,706.6813248088279,12263.049493577093
2f7a855e330f879c,3,95a23e7fbcc5841e,,Open,89664.46366676311,20,0,0.0,0.01463359803892672,0.4133047610521316,0.0,1312.113719675361,37058.74973065907
2f8e34f682b12add,4,1bb1bb990c53f4fc,28c9c64e5918b06e,Open,8366.924560638552,10,157,0.0,0.00018363025155849756,0.005340689048171042,0.0,1.5364204618410289,44.68514236787562
2f91d1adcd6c0fe2,0,e43bc3ffd79e75b6,,Open,177617.14935096703,10,0,0.0,0.0006439798715291544,0.2464983753859996,0.0,114.38186902041038,43782.33875570583
2fa04f8b4507cc26,2,6b7e1f5b521de19b,6f9a9c5f2856c8b3,Open,174827.5652787984,10,0,0.0,0.0521419832482934,0.6677079349756241,0.0,9115.855980107028,116733.7525891226
2fc1341fdc939444,4,d80899b211b3d52f,,Open,1.170863568534039,10,0,0.0,0.00015795135986991228,0.02683049133047461,0.0,0.00018493949287208967,0.031414844824721094
2fcec0d56884f8cc,2,6b7e1f5b521de19b,6f9a9c5f2856c8b3,Open,760753.8886393537,40,83,0.00021585437934845686,0.013674952462315561,0.5149340033531187,164.21205846917275,10403.273262664869,391738.045443515
2fd4ca3a999bd95a,3,6b7e1f5b521de19b,,Open,3391.863497755878,70,89,0.0010428334586322307,0.006764307362027466,0.1166180282831192,3.537148742573178,22.94360722886232,395.5524333137746
2fd4cf5d80678ff4,4,ac6153076817c20f,28c9c64e5918b06e,Open,886360.5780622122,30,409,0.0,0.0010884391202125698,0.004718621820211407,0.0,964.7495277771391,4182.40036421955
2fd824b9ed8782ec,5,6b7e1f5b521de19b,d4f34f97b6d22a81,Open,1.170863568534039,10,0,0.0,0.0006695614312775433,0.3183321952819823,0.0,0.0007839650867783831,0.37272357014713636
3004430e0486d470,3,6b7e1f5b521de19b,,Open,5479.120830957844,10,0,0.0,0.00020698795196949504,0.04416487272828816,0.0,1.134111999393362,241.98467416216565
3010a50c59c99909,2,6b7e1f5b521de19b,6f9a9c5f2856c8b3,Open,13064.897216337125,1,25,0.0,0.00031498759490204974,0.006182088679634033,0.0,4.115280551816515,80.76835318169994
301390897b9b4868,4,7608f4f5fafe9b10,,Open,1.170863568534039,10,52,0.0,0.00010118916470673867,0.000323518519871868,0.0,0.00011847870648551066,0.00037879604866402575
3025c03466928db9,0,6b7e1f5b521de19b,6f9a9c5f2856c8b3,Open,10080.236977536448,50,0,0.0009541214443743229,0.05074913650751114,0.6028349816799163,9.617770264642534,511.56332240105866,6076.719473682399
302a0f07c5601d72,0,6b7e1f5b521de19b,6f9a9c5f2856c8b3,Open,288.81090594675015,40,0,0.00028759543783962727,0.05359427239745855,0.6201046794652939,0.08306069894861502,15.47861036466691,179.09299425819066
303175604a48d853,2,6b7e1f5b521de19b,6f9a9c5f2856c8b3,Open,5829.658438600196,50,15,0.0010929884389042853,0.07910271398723126,0.7538694262504577,6.371749276150822,461.1418041118405,4394.801262343669
30445791b1a748e2,0,6b7e1f5b521de19b,6f9a9c5f2856c8b3,Open,450560.6691294054,40,91,0.00028759543783962727,0.0013606121996417643,0.010530517436563967,129.57919291158677,613.0383430962254,4744.636982497132
30458d61184c597b,2,6b7e1f5b521de19b,6f9a9c5f2856c8b3,Open,1.170863568534039,10,0,0.0,0.000927898523514159,0.5512561082839965,0.0,0.001086442576479254,0.6454456941215867
30649aecf56cb50c,5,6b7e1f5b521de19b,6f9a9c5f2856c8b3,Open,223427.98552715077,70,0,0.0028538778424263,0.2434489533305168,0.9349545687437056,637.6361772738796,54393.30922133071,208895.01585381216
307353e35a214e4c,3,6b7e1f5b521de19b,,Open,35845.270270304114,60,40,0.0009216022677719593,0.010740081081166863,0.18559537678956986,33.03508237001107,384.9811090794062,6652.716441941058
3073b1a378033eea,4,255414ab73601d72,28c9c64e5918b06e,Open,1.170863568534039,10,0,0.0,0.00016230657856795006,0.02881347872316835,0.0,0.00019003885977862038,0.0337366525196885
307ec92f493c2e56,2,6b7e1f5b521de19b,6f9a9c5f2856c8b3,Open,98.49392076768089,10,21,0.0,0.00023175661990535446,0.008202502690255641,0.0,0.02282661815834352,0.8078966500707285
30802739f783cc74,3,6b7e1f5b521de19b,,Open,1.170863568534039,10,0,0.0,0.0005038956544012763,0.19337598904967296,0.0,0.0005899930640810732,0.2264169006074993
3082de22d730d1f6,0,6b7e1f5b521de19b,6f9a9c5f2856c8b3,Open,194973.72890117686,33,421,0.0002509254030883312,0.0009439050656510517,0.006505198450759053,48.923861516162816,184.0366903786957,1268.3427991866513
30831766705681c9,2,6b7e1f5b521de19b,6f9a9c5f2856c8b3,Open,13563176.270952508,1,15,0.0,0.0001228250122949248,0.000845836751977913,0.0,1665.8972922379742,11472.23296352637
3084e9b46a3b443b,4,4dcb7378104041b8,28c9c64e5918b06e,Open,1.170863568534039,10,0,0.0,0.00038353420532075686,0.0764450659975408,0.0,0.0004490662282967282,0.08950674277070075
30a4b2409663ec0b,4,75c64824a2a4e380,,Open,30484.238499855564,10,5,0.0,0.0004719255812233314,0.22911274209618565,0.0,14.386291972194993,6984.327473416021
30a9ad3c9b87f687,4,fc3655a0b667e091,28c9c64e5918b06e,Open,1.170863568534039,10,0,0.0,0.0007124521565856412,0.3291882216930389,0.0,0.0008341842744696357,0.38543449597088586
30ad8384a1e73b99,3,6b7e1f5b521de19b,,Open,80872.05936290111,50,0,0.00116905365139246,0.03595825619995594,0.6171083599328991,94.54377629382732,2908.018229989244,49906.823917835965
30bf857ffea0650c,3,6b7e1f5b521de19b,,Open,2.4198904513070483,1,0,0.0,0.00010418829406262375,0.00018618117610458282,0.0,0.00025212425794011404,0.00045053805026859593
30cfa4ff468683ef,2,6b7e1f5b521de19b,6f9a9c5f2856c8b3,Open,1.170863568534039,50,0,0.0010428334586322307,0.0592233456671238,0.8204355239868163,0.0012210157047608276,0.06934245784833348,0.9606180653672979
30d427fdd2088760,5,6b7e1f5b521de19b,d4f34f97b6d22a81,Open,2336.8948032689946,10,0,0.0,0.0005489596078405157,0.32750011682510366,0.0,1.2828608547670863,765.3333210785734
30d8c29707661f66,3,6b7e1f5b521de19b,,Open,133.59468048332604,10,0,0.0,0.000511516205733642,0.32750011682510366,0.0,0.06833584406702917,43.75227346550167
30df2c1f043f0817,2,6b7e1f5b521de19b,,Open,1.170863568534039,10,0,0.0,0.00018217395481769926,0.028275952208787196,0.0,0.00021330084683181014,0.03310728230687852
3104a2b3829cf401,2,6b7e1f5b521de19b,,Open,1.170863568534039,1,412,0.0,7.785718444210942e-05,0.00015317632132791915,0.0,9.11601408119011e-05,0.00017934857420492402
3112641d3362d77a,5,75c64824a2a4e380,d4f34f97b6d22a81,Open,20728.290076792444,1,155,0.0,7.50894716475159e-05,0.0001282275108678732,0.0,1.5564763500227914,2.657937041094331
31165d4b506d8ef0,2,6b7e1f5b521de19b,,Open,29324.531411075328,50,0,0.00028759543783962727,0.09456488378345966,0.7343189865350723,8.433601450610112,2773.0709048927506,21533.560186396728
3116a20c215a8fc0,4,e9943875f43f341e,28c9c64e5918b06e,Open,1.170863568534039,10,1,0.0,0.00017302581763942726,0.024160361289978022,0.0,0.00020258962628981968,0.028288486837055322
3124b29efad662b4,3,6b7e1f5b521de19b,,Open,1.170863568534039,10,0,0.0,0.00013843688720953652,0.0009086958249099543,0.0,0.00016209070777490218,0.0010639588362660512
3141a155f4392933,1,6b7e1f5b521de19b,,Open,289974.2319295856,50,0,0.00121409697458148,0.21717831045389177,0.9043366879224776,352.0568376922983,62976.11376563236,262234.3364860658
3146d65c611058d7,6,6b7e1f5b521de19b,,Open,63065.43046534744,10,0,0.0,0.00045032146008452403,0.039906715974211665,0.0,28.399716728014283,2516.734221372016
314907c6b4d0d3e2,2,6b7e1f5b521de19b,,Open,11385.741956336713,50,0,0.00028759543783962727,0.0868685033172369,0.8701582312583921,3.274487443061671,989.0623629032391,9907.39708229042
3151507c91d82197,5,6b7e1f5b521de19b,6f9a9c5f2856c8b3,Open,149870.40845983682,30,2,0.0002539545763283968,0.11866512149572372,0.8040843755006789,38.06027608458164,17784.390228500277,120508.45379245955
317b6f281b6acdc4,5,6b7e1f5b521de19b,6f9a9c5f2856c8b3,Open,1.170863568534039,70,0,0.003829578310251236,0.17044991105794907,0.9578939497470855,0.004483913726321317,0.1995735911176198,1.1215631282780378
3182888a55ac01a3,3,6b7e1f5b521de19b,,Open,2.4198904513070483,10,0,0.0,0.0001517322256404441,0.00199686344130896,0.0,0.0003671753639828771,0.0048321907741876845
318399dade3a0715,4,ddbd249e57ed6b40,28c9c64e5918b06e,Open,1.170863568534039,30,0,0.0,0.03890551850199699,0.6027435600757598,0.0,0.04555305422891528,0.705730475661215
3196f4d5e8a4e6d3,6,6b7e1f5b521de19b,,Open,201842.35654069122,99,0,0.9997202754020691,0.9567438066005707,0.999928641319275,201785.89626866244,193111.4245299705,201827.95333641404
319d91b02f004720,2,6b7e1f5b521de19b,6f9a9c5f2856c8b3,Open,3155.177517767596,60,66,0.0028538778424263,0.02637663120403886,0.3005788072943687,9.004491206878555,83.22295376943065,948.3794950925908
319f7a2edc172498,5,6b7e1f5b521de19b,d4f34f97b6d22a81,Open,4001.8218938220325,10,1,0.0,0.013030996534507726,0.7419442117214202,0.0,52.14772723011205,2969.1285904613087
319f9f432340ab2a,5,062b9e5a52eb6d8e,28c9c64e5918b06e,Open,1684.898767285085,40,0,0.00028759543783962727,0.021664219442754984,0.47223880589008316,0.48456919869280224,36.50201663329144,795.6745819083816
31bdb80530d4886d,2,6b7e1f5b521de19b,6f9a9c5f2856c8b3,Open,60941.55256657486,20,0,0.0,0.027432472631335258,0.4262043818831442,0.0,1671.7774728936438,25973.556742636178
31c7e0897ddb20e9,3,6b7e1f5b521de19b,,Open,2.4198904513070483,10,0,0.0,0.00016259662734228187,0.02881347872316835,0.0,0.00039346602592031844,0.06972546203113389
31ce357e72615d07,2,6b7e1f5b521de19b,,Open,1.170863568534039,10,0,0.0,0.00026693929030443544,0.06930705569684503,0.0,0.00031254949002779505,0.08114910655779536
31edaa7af0b0f938,5,6b7e1f5b521de19b,d4f34f97b6d22a81,Open,2440265.4822142487,1,147,0.0,0.00010468975306139327,0.00020954962528776374,0.0,255.4707907372515,511.35671740065993
31f366c02e74baec,2,6b7e1f5b521de19b,6f9a9c5f2856c8b3,Open,17285.761249983836,10,0,0.0,0.04024306405335665,0.7196986258029937,0.0,695.6319971941298,12440.538617572005
32013b06c6cc2763,4,48deb34ff5cdd785,28c9c64e5918b06e,Open,1.170863568534039,10,52,0.0,0.00011284635329502636,0.00040714833739912136,0.0,0.00013212768391506746,0.00047671515524983616
3238856c2af27c75,2,6b7e1f5b521de19b,,Open,9648.963805727817,70,0,0.056331200152635576,0.3076066762208939,0.9824174851179123,543.53771140599,2968.085685255641,9479.310756016881
3267f9884c48465b,3,6b7e1f5b521de19b,,Open,21273.147061594493,50,0,0.0,0.024660971015691757,0.4592349886894222,0.0,524.6164630985301,9769.373450219762
3272b83a471b2680,5,6b7e1f5b521de19b,,Open,275.92792463156036,0,1494,0.0,8.135739699355327e-05,0.00013291260911501012,0.0,0.0224487777058571,0.03667430039047055
32736d8ef71019eb,5,6b7e1f5b521de19b,d4f34f97b6d22a81,Open,28713.874839695327,10,0,0.0,0.0004107134009245783,0.2833374232053754,0.0,11.793173189133949,8135.715307320936
327436b765f07412,2,6b7e1f5b521de19b,6f9a9c5f2856c8b3,Open,1.170863568534039,10,0,0.0,0.023225020896643404,0.5247509703040121,0.0,0.02719333084632152,0.6144117936818551
3279da292c5eb611,0,6b7e1f5b521de19b,6f9a9c5f2856c8b3,Open,1.170863568534039,70,0,0.0030671000480651856,0.21625676676630973,0.9496264547109603,0.0035911557073285256,0.2532071696556348,1.111883019537203
32a540369e3b134b,2,6b7e1f5b521de19b,,Open,16616.335180930364,50,0,0.00028759543783962727,0.10048285573720932,0.7400143206119536,4.77878219164967,1669.6568108665417,12296.325989976687
32c04e4f895fa01f,2,6b7e1f5b521de19b,6f9a9c5f2856c8b3,Open,1.170863568534039,10,0,0.0,0.02227961765602231,0.5247509703040121,0.0,0.026086392634304262,0.6144117936818551
32ec653abf3af45f,2,6b7e1f5b521de19b,6f9a9c5f2856c8b3,Open,226968.84855125868,30,847,0.0,0.0009030089277075604,0.006902988557703791,0.0,204.95489655329177,1566.7633645045432
32f2a2650688e542,5,6b7e1f5b521de19b,d4f34f97b6d22a81,Open,2674.015532288598,60,0,0.0028538778424263,0.2936563119292259,0.9543868273496627,7.631313677902199,785.2415392533356,2552.0452001446347
3312b6fa889ebf96,4,c2397d14e54a98b9,28c9c64e5918b06e,Open,386628.5775491113,30,496,2.8964388184249402e-05,0.0007310322311241181,0.005653688660822808,11.198460203256632,282.6379516620709,2185.877604839462
331e31f320d4bca2,0,6b7e1f5b521de19b,6f9a9c5f2856c8b3,Open,98.49392076768089,10,69,0.0,0.00017037842771969736,0.0030914018512703477,0.0,0.016781239360345916,0.3044842890000837
331ff5b4631e1c8d,2,6b7e1f5b521de19b,6f9a9c5f2856c8b3,Open,367280.3313943387,60,480,0.004657798493281007,0.015540136350318791,0.5417681217193602,1710.7177741802996,5707.586428658295,198980.77528397503
3330b73c6eb1fabd,2,6b7e1f5b521de19b,6f9a9c5f2856c8b3,Open,22677.837526113533,10,0,0.0,0.0010160103120142594,0.590384167432785,0.0,23.040916780715293,13388.636227030507
33407f770d7729b1,2,6b7e1f5b521de19b,,Open,7946.118452201146,50,0,0.00028759543783962727,0.03804847747087479,0.5708343178033827,2.28526741538633,302.3377089094777,4535.917105847112
334fbc7de229427b,3,6b7e1f5b521de19b,,Open,121130.27981900205,10,0,0.0,0.00016592551764915697,0.03302323976531623,0.0,20.09860438195515,4000.1142733027505
33576bfa9879403a,3,6b7e1f5b521de19b,,Open,8304.689797280567,10,0,0.0,0.00020954846841050311,0.0018382687820121628,0.0,1.7402350276444745,15.266251998635784
33592cbe0dc54be5,3,6b7e1f5b521de19b,,Open,5083.8994500666495,10,358,0.0,8.293217288155575e-05,0.00017861384330899454,0.0,0.4216188281053736,0.908054819772888
335d85006328f08e,3,6b7e1f5b521de19b,d4f34f97b6d22a81,Open,1.170863568534039,10,0,0.0,0.00016259662734228187,0.027241023536771523,0.0,0.00019037846732158345,0.031895522028784054
336418b611db59e1,0,6b7e1f5b521de19b,,Open,4271.355885203606,10,0,0.0,0.0005260024190647528,0.17579211443662643,0.0,2.246743528303565,750.8706825712701
3365885821a2c25c,3,6b7e1f5b521de19b,d4f34f97b6d22a81,Open,1.170863568534039,10,0,0.0,0.00016230657856795006,0.02881347872316835,0.0,0.00019003885977862038,0.0337366525196885
3375e55eda080bd7,4,2b2258f96816182d,28c9c64e5918b06e,Open,1.170863568534039,10,0,0.0,0.00021395602598204278,0.044717704504728305,0.0,0.00025051331609069616,0.05235833107305685
3382cef2b1900eea,2,6b7e1f5b521de19b,6f9a9c5f2856c8b3,Open,1.170863568534039,10,0,0.0,0.0005816959252115339,0.320349134504795,0.0,0.000681086566794886,0.3750851308030751
33852ce366f77286,3,6b7e1f5b521de19b,d4f34f97b6d22a81,Open,14991.633118874894,50,0,0.00116905365139246,0.04313310608267784,0.7764031291007994,17.526023437956827,646.6357016690173,11639.550863825645
338635ff2baed822,0,6b7e1f5b521de19b,,Open,1.170863568534039,10,0,0.0,0.001014017316629179,0.5397483408451078,0.0,0.001187275933903751,0.6319716684722297
33903db8541167a7,6,6b7e1f5b521de19b,,Open,1.170863568534039,1,472,0.0,0.00021044437598902733,0.003475257568061349,0.0,0.00024640165304843156,0.004069052477715237
3399c949396bef43,0,e6fa75510c120d22,,Open,2046.6148673782125,50,0,0.0011230711825191975,0.03816953431814909,0.6406490981578827,2.2984941792678195,78.11833641642683,1311.1619690623666
33a0f3fb9a8d400d,0,6b7e1f5b521de19b,6f9a9c5f2856c8b3,Open,1.170863568534039,10,0,0.0,0.0003803798550507054,0.3126673474907875,0.0,0.0004453729144831294,0.36609080624713586
33a2b31ab4c65857,3,6b7e1f5b521de19b,,Open,2.4198904513070483,10,0,0.0,0.00018766515131574124,0.02881347872316835,0.0,0.00045412910771205456,0.06972546203113389
33c9c535b8a04538,2,6b7e1f5b521de19b,,Open,11228808.024036212,50,0,0.00116905365139246,0.054016855731606486,0.7330874174833297,13127.079021284486,606544.9030722694,8231697.875756797
33cbebb58900a4cc,0,6b7e1f5b521de19b,,Open,40882.782652931186,50,0,0.0011230711825191975,0.0630913833156228,0.7821896344423293,45.914275058702756,2579.351311365376,31978.088818281445
33f0d456f7746bf7,3,6b7e1f5b521de19b,,Open,29324.531411075328,10,558,0.0,0.00039799534424673767,0.0070373997092247,0.0,11.671026973825198,206.3684488254521
3421fe1b856adda3,2,6b7e1f5b521de19b,6f9a9c5f2856c8b3,Open,13810.093578076621,60,0,0.0030671000480651856,0.32850386649370195,0.9599227041006089,42.356938677103514,4536.669137038013,13256.622371349764
3438c9376f4387ba,0,6b7e1f5b521de19b,6f9a9c5f2856c8b3,Open,1.170863568534039,33,0,0.0002038492588326335,0.023666127864271403,0.48885005563497513,0.00023867967063979622,0.027709806924543667,0.5723767206188305
3446fed9f5a33680,5,6b7e1f5b521de19b,6f9a9c5f2856c8b3,Open,5701.257941028675,60,0,0.004101077467203141,0.14407420679926872,0.9199309885501861,23.381300476665672,821.4042156117383,5244.763853670108
34474dae69f3ab4d,5,6b7e1f5b521de19b,6f9a9c5f2856c8b3,Open,73292.23743715519,0,0,0.0,0.00011156707296322566,0.00024186452938010914,0.0,8.17700040178915,17.726792514952756
3447a55fdb7291c0,2,6b7e1f5b521de19b,6f9a9c5f2856c8b3,Open,239.9674542220373,10,0,0.0,0.000484311388572678,0.19161453545093524,0.0,0.11621897096652543,45.98125226409925
3449e7505376f5cf,2,6b7e1f5b521de19b,6f9a9c5f2856c8b3,Open,1.170863568534039,60,0,0.0030671000480651856,0.21850543543696405,0.9638638824224471,0.0035911557073285256,0.2558400538798078,1.12855310495422
345776cd422ae66d,3,6b7e1f5b521de19b,,Open,35845.270270304114,50,0,0.0013007473200559617,0.1367243729531765,0.8834291815757751,46.62563924077971,4900.922101044469,31666.757778257226
3473f1a755e64076,0,6b7e1f5b521de19b,6f9a9c5f2856c8b3,Open,32087.322143773566,60,0,0.0010428334586322307,0.06471249498426915,0.8177874654531478,33.46173312943795,2076.4506732875752,26240.60984913525
347485aaf1e3e351,3,6b7e1f5b521de19b,,Open,49350.19023541798,10,0,0.0,0.1943125382065773,0.8977376788854599,0.0,9589.360725621513,44303.52523450002
34807d7efcaa7a51,3,6b7e1f5b521de19b,,Open,89664.46366676311,30,0,0.0,0.018260209169238806,0.4126642316579818,0.0,1637.2918616027075,37001.317006069825
34815807a52c919f,4,fe3d0016707df0ff,28c9c64e5918b06e,Open,233302.56563193936,10,65,0.0,0.00025025175855262203,0.005065083689987658,0.0,58.384377324231345,1181.697020014611
3485c59821d81996,3,6b7e1f5b521de19b,,Open,1.170863568534039,10,0,0.0,0.0001433636665751692,0.0008706494874786581,0.0,0.00016785929424432673,0.0010194117658515935
348d5b548faa0911,0,6b7e1f5b521de19b,6f9a9c5f2856c8b3,Open,1.170863568534039,30,0,0.0,0.026381881162524223,0.5786634027957914,0.0,0.03088958352259405,0.6775358967775303
349228a99997e471,3,6b7e1f5b521de19b,,Open,21273.147061594493,50,314,0.0011230711825191975,0.002115964866243303,0.016273118508979674,23.891258426369717,45.013231776760904,346.1804431922799
349d7c1a929b213f,5,6b7e1f5b521de19b,d4f34f97b6d22a81,Open,1.170863568534039,70,0,0.0011230711825191975,0.14640848562121392,0.9161695748567581,0.0013149631324821706,0.17142436193811905,1.0727095777990971
34b6a770bc3bf0e7,5,6b7e1f5b521de19b,d4f34f97b6d22a81,Open,1.170863568534039,10,0,0.0,0.03544511636719108,0.5514709889888763,0.0,0.04150139543679362,0.6456972901105114
34cab141d98aa3b9,2,6b7e1f5b521de19b,6f9a9c5f2856c8b3,Open,865437.8840283368,50,293,0.0014454389223828913,0.009413553122431039,0.1704442627727984,1250.9376024792489,8146.8454954650615,147508.92211886047
34dd8bb7577ce135,2,6b7e1f5b521de19b,6f9a9c5f2856c8b3,Open,1.170863568534039,1,13,0.0,0.00010444041945447679,0.0003031727552297525,0.0,0.00012228548222166055,0.0003549739340706047
34e484394c391b01,5,532ef57d231b606f,d4f34f97b6d22a81,Open,35111607.32348774,30,1263,9.501219756202772e-06,0.0009763203590409831,0.014885217323899268,333.60309717395563,34280.177068573554,522643.90560152807
34e5edf8e6414c21,6,6b7e1f5b521de19b,,Open,105866.1042506972,99,0,0.9997202754020691,0.9603889435529709,0.9999293625354767,105836.49089725116,101672.63601939577,105858.62613751397
34e65a08de184120,3,6b7e1f5b521de19b,,Open,5655.969519442425,70,0,0.0010428334586322307,0.2387535460293293,0.9480007648468016,5.898234255878619,1350.3827790006806,5361.863430381616
35142d13385f3345,2,6b7e1f5b521de19b,,Open,23783.64824935763,50,0,0.00028759543783962727,0.07297827824950218,0.7282581329345703,6.840068731697692,1735.6896997299064,17320.63526844975
35233481dabd8fc6,2,6b7e1f5b521de19b,6f9a9c5f2856c8b3,Open,1239840.3175205085,60,0,0.002876254996226635,0.015371711319312453,0.48279349058866466,3566.09690779158,19058.467442969948,598586.8346682846
352c4c28f81cf49f,5,6b7e1f5b521de19b,6f9a9c5f2856c8b3,Open,1.170863568534039,60,0,0.0010428334586322307,0.244351664185524,0.9344006925821303,0.0012210157047608276,0.28610246150549373,1.0940557293573907
354866c8f8b437bb,2,6b7e1f5b521de19b,6f9a9c5f2856c8b3,Open,1.170863568534039,10,0,0.0,0.000927898523514159,0.5512561082839965,0.0,0.001086442576479254,0.6454456941215867
35558dd81f31482f,3,6b7e1f5b521de19b,,Open,25102.753943361105,10,339,0.0,9.074735680769663e-05,0.0005434961669379845,0.0,2.2780085689540037,13.643250547804135
3578f02bf12adab1,4,062b9e5a52eb6d8e,d4f34f97b6d22a81,Open,4447345.962813605,30,223,0.0,0.000531255737587344,0.0048574345419183365,0.0,2362.678059780638,21602.691899631864
35882ffefaf00de1,2,6b7e1f5b521de19b,6f9a9c5f2856c8b3,Open,27869.714605203993,60,0,0.0030671000480651856,0.2720806747674942,0.945672607421875,85.47920300518417,7582.810755361391,26355.625678806773
359a510f09303ebf,4,ddbd249e57ed6b40,28c9c64e5918b06e,Open,7462.80698704363,70,0,0.0030671000480651856,0.3067294776439667,0.9732546091079711,22.88917566866272,2289.0628888936376,7263.211297023384
35aa698b823c1dac,5,6b7e1f5b521de19b,6f9a9c5f2856c8b3,Open,1081354.963889575,70,0,0.003829578310251236,0.29240984469652176,0.9712739378213882,4141.133515394025,316198.83705276356,1050291.8939597325
35ac5a8e51a9c087,6,6b7e1f5b521de19b,,Open,1.170863568534039,100,0,0.9997202754020691,0.9995299369096756,0.9999380052089691,1.1705360491930987,1.1703131887866656,1.170790981091782
35b70f346df5681f,4,38080774be85927f,28c9c64e5918b06e,Open,1.170863568534039,60,0,0.0028538778424263,0.09019398167729378,0.8799066543579099,0.0033415015947434812,0.10560484724696992,1.0302506452983495
35c0c9e583e17290,1,6b7e1f5b521de19b,,Open,2073.9304831351196,25,19,0.0,0.020570089854300023,0.41000526249408714,0.0,42.660936389661266,850.3224121323037
35c8672c044ff947,2,6b7e1f5b521de19b,,Open,115139.10047375581,30,0,0.0,0.023688939027488233,0.45414444506168344,0.0,2727.5231308026428,52289.782889555245
35c9f17e4c08cea1,2,6b7e1f5b521de19b,,Open,524417.177630072,10,18,0.0,0.0008706628344953061,0.4048120722174643,0.0,456.5905463334269,212290.4043828635
35fb8921b553d90c,2,6b7e1f5b521de19b,6f9a9c5f2856c8b3,Open,578.939198063253,40,0,0.00028759543783962727,0.029097394086420536,0.4825503557920454,0.16650027214952393,16.845621998122745,279.3673160073842
36030fe1521246a8,3,6b7e1f5b521de19b,d4f34f97b6d22a81,Open,1.170863568534039,10,0,0.0,0.0006304130161879584,0.299385756254196,0.0,0.0007381276337841399,0.3505398749360499
361e68fa6dee91ea,1,6b7e1f5b521de19b,,Open,1.170863568534039,10,327,0.0,9.38529810809996e-05,0.0006821033224696292,0.0,0.00010988903634605684,0.0007986499302557144
361fad75b60ab7c4,3,6b7e1f5b521de19b,,Open,25102.753943361105,10,100,0.0,8.90757561137434e-05,0.00027274993626633657,0.0,2.2360467880421444,6.84677453816127
361fed172b01fe19,5,6b7e1f5b521de19b,d4f34f97b6d22a81,Open,1.170863568534039,50,0,0.0011230711825191975,0.03539440035820007,0.7528483003377913,0.0013149631324821706,0.0414420139095246,0.8814826474982922
362cf3ff3efdc4a6,5,6b7e1f5b521de19b,6f9a9c5f2856c8b3,Open,1.170863568534039,1,0,0.0,0.00012654579550144262,0.00027046013419749213,0.0,0.00014816786170379783,0.0003166719178726707
363cf9bed5d79337,2,6b7e1f5b521de19b,6f9a9c5f2856c8b3,Open,1.170863568534039,70,0,0.015932779386639596,0.20612989515066146,0.9606379777193069,0.018655110929306416,0.24134998461765078,1.1247760106617504
3659ef20fd0d6292,2,6b7e1f5b521de19b,6f9a9c5f2856c8b3,Open,464509.6835778292,20,0,0.0,0.01990900104865432,0.5287582069635389,0.0,9247.923777461088,245613.3074058138
366618379c916d4f,3,6b7e1f5b521de19b,,Open,8269.642544488683,10,0,0.0,0.00018614692889968866,0.030065331049263462,0.0,1.5393685627547753,248.6295407591257
366c389b8fe29239,0,6b7e1f5b521de19b,6f9a9c5f2856c8b3,Open,361.29574083874047,40,0,0.00028759543783962727,0.14878213293850423,0.8932823866605758,0.10390700677611006,53.75435094358485,322.73912166673097
366e5b9cf2c297ae,3,6b7e1f5b521de19b,,Open,1.170863568534039,10,201,0.0,0.00017199652211274952,0.0012734597781673073,0.0,0.00020138446165637763,0.001491047660249539
36710880beb60b22,4,16450d61eee679f5,28c9c64e5918b06e,Open,210223.65725789286,10,1,0.0,0.00021376988734118642,0.03619988728314637,0.0,44.93948752847194,7610.072696986516
367460d4695b1597,6,6b7e1f5b521de19b,,Open,1489732.2144455498,30,0,0.0,0.0005097932211356237,0.22055508196353907,0.0,759.4553842317026,328568.0106607628
3687c73b816e6328,0,6b7e1f5b521de19b,6f9a9c5f2856c8b3,Open,69250.61297043442,10,78,0.0,0.00010977900310535916,0.001067157194484025,0.0,7.602263256329345,73.90128985382783
3699340f4f52d87c,0,6b7e1f5b521de19b,6f9a9c5f2856c8b3,Open,38347.69299749703,30,8,0.00017479545203968883,0.047519844956696033,0.7526969283819197,6.703002332176704,1822.2764256880373,28864.19072974887
36b3c25768a71bed,3,6b7e1f5b521de19b,,Open,11485.134609700683,90,0,0.009149357554269955,0.9670096307992935,0.9999290943145752,105.08160310307225,11106.235778606844,11484.320248358987
36b8cb0cbd7e6bb7,3,6b7e1f5b521de19b,,Open,3303.290441942712,90,0,0.0839500654488802,0.9268370240926742,0.999895590543747,277.31144879775104,3061.6118829239576,3302.945547183823
36c47b4a1f004e76,4,062b9e5a52eb6d8e,28c9c64e5918b06e,Open,101254.52429707606,10,87,0.0,0.00018002021170104854,0.004864527680911122,0.0,18.227860899648594,492.5554362606143
36c4d2d9ab62d3d0,0,6b7e1f5b521de19b,6f9a9c5f2856c8b3,Open,1.170863568534039,40,0,0.00028759543783962727,0.031016308069229125,0.5039477676153181,0.00033673502064301535,0.036315865148688724,0.590054081544834
36d0043156253bfc,3,6b7e1f5b521de19b,,Open,2.4198904513070483,10,161,0.0,0.0001042725856677862,0.0008984900108771398,0.0,0.00025232823439057196,0.002174247397916357
36e327c1904ec4e7,4,fe3d0016707df0ff,28c9c64e5918b06e,Open,279429.49747672095,10,174,0.0,0.00010320503097318578,0.0008556848479202017,0.0,28.838529941906724,239.10358705278637
36e55d2ca84a7e08,3,6b7e1f5b521de19b,,Open,2.4198904513070483,20,0,0.0,0.08143251091241838,0.8547917217016219,0.0,0.19705775558291824,2.0685023252020667
36ee1f963a8edaae,2,6b7e1f5b521de19b,,Open,9648.963805727817,10,487,0.0,0.00015316615463234484,0.002249468164518475,0.0,1.4778946823100054,21.705036901575752
3705ade0547ac9ac,2,6b7e1f5b521de19b,,Open,1.170863568534039,10,0,0.0,0.00018217395481769926,0.028275952208787196,0.0,0.00021330084683181014,0.03310728230687852
37076c9e351fc2a4,2,6b7e1f5b521de19b,6f9a9c5f2856c8b3,Open,5140.622195863799,10,0,0.0,0.0005162047484191135,0.33233783990144716,0.0,2.653613587333583,1708.423276322809
370cd226501b72e7,3,6b7e1f5b521de19b,d4f34f97b6d22a81,Open,1.170863568534039,10,0,0.0,0.00038728065555915236,0.2629176691174505,0.0,0.00045345281039219115,0.3078407202935098
37160bd70405d87d,3,6b7e1f5b521de19b,,Open,1.170863568534039,10,404,0.0,0.00010636568040354178,0.0007041216944344342,0.0,0.00012453970012684203,0.0008244304398277358
37170e23931124c1,6,6b7e1f5b521de19b,,Open,1.170863568534039,25,266,0.00014189186040312052,0.0011316349497064947,0.011639005877077576,0.0001661360100175314,0.001324990135491184,0.013627687955423703
3721863076250b2c,4,674ec33189ed753c,28c9c64e5918b06e,Open,12511.468442126778,60,0,0.001616775244474411,0.13610417991876603,0.8380730152130127,20.228232449253397,1702.8631518951863,10485.524082035643
3722f965ac872364,3,6b7e1f5b521de19b,,Open,2.4198904513070483,10,0,0.0,0.00018766515131574124,0.02881347872316835,0.0,0.00045412910771205456,0.06972546203113389
372f3004593f1ada,1,6b7e1f5b521de19b,6f9a9c5f2856c8b3,Open,1.170863568534039,10,0,0.0,0.03418226819485426,0.6491740077733992,0.0,0.04002277251921464,0.7600941953411061
3731c3b9d074dc8f,5,6b7e1f5b521de19b,f411344bcce5fae8,Open,1.170863568534039,10,0,0.0,0.00033265953388763594,0.07292254529893395,0.0,0.00038949892895454746,0.08538235161529491
373ed971e79127de,3,6b7e1f5b521de19b,d4f34f97b6d22a81,Open,1.170863568534039,90,0,0.0112299969419837,0.9712271124124527,0.9999145209789276,0.01314879429411738,1.1371744426962547,1.1707634842623913
3775f8ac52a4a555,3,6b7e1f5b521de19b,,Open,4694.223952710472,50,0,0.0,0.04220478367060423,0.5579556047916411,0.0,198.11870642551418,2619.1685645619796
3793ff5477bd8819,1,6b7e1f5b521de19b,d4f34f97b6d22a81,Open,8269.642544488683,10,0,0.0,0.00017695597998681478,0.04287503194063899,0.0,1.4633627006006513,354.5611882326194
37a0c07d72655e5e,5,6b7e1f5b521de19b,d4f34f97b6d22a81,Open,4271.355885203606,30,0,0.0,0.03300365060567856,0.4523626014590263,0.0,140.97033724776867,1932.201659988025
37a9ba3aa505d81b,3,674ec33189ed753c,d4f34f97b6d22a81,Open,2242.4770551457004,10,0,0.0,0.00017803255686885678,0.04287503194063899,0.0,0.3992339238473334,96.14627536552197
37b8f5e3b8f12b1b,5,6b7e1f5b521de19b,d4f34f97b6d22a81,Open,1.170863568534039,10,0,0.0,0.00020664453186327594,0.030240092054009425,0.0,0.00024195255399548117,0.03540702209515531
37b9c9f51292a63d,2,6b7e1f5b521de19b,6f9a9c5f2856c8b3,Open,1846077.561901174,10,0,0.0,0.03260733801871538,0.6869186997413634,0.0,60195.67506967755,1268105.1984428607
37f3e5b60fe1ce85,2,6b7e1f5b521de19b,6f9a9c5f2856c8b3,Open,8269.642544488683,60,0,0.0030671000480651856,0.11241669356822967,0.893596076965332,25.363821045683142,929.6458718425794,7389.720135660693
37fd8251c0ba2b11,1,6b7e1f5b521de19b,,Open,49182.977423429606,75,0,0.0016490775306010619,0.3527359560132027,0.9652315974235535,81.10654295703706,17348.604561029206,47472.96386446353
381964c12c7fb93e,3,6b7e1f5b521de19b,,Open,13347.402500248763,10,0,0.0,0.0003076452368986793,0.2304640427231787,0.0,4.1062648041710545,3076.096340060793
3843d97375c7ed31,3,6b7e1f5b521de19b,,Open,9648.963805727817,10,0,0.0,0.0001323248347034678,0.0009054669440956781,0.0,1.2767975406526768,8.73681777086217
38533196855cbb11,1,6b7e1f5b521de19b,6f9a9c5f2856c8b3,Open,318.154145021773,10,35,0.0,0.005389545857906341,0.1301203474402427,0.0,1.71470635447783,41.398327889786465
3855753d1295eebe,5,6b7e1f5b521de19b,6f9a9c5f2856c8b3,Open,36240.50749121476,60,71,0.001678277738392353,0.021453790739178656,0.18084809482097622,60.82163695054704,777.4962639981579,6554.026735131506
3859634dd6dcf40f,0,6b7e1f5b521de19b,6f9a9c5f2856c8b3,Open,1.170863568534039,10,0,0.0,0.0010094916680827737,0.527594769001007,0.0,0.001181977016896776,0.617741493972411
385a151387abfe56,3,6b7e1f5b521de19b,,Open,9648.963805727817,10,0,0.0,0.0001598394701431971,0.0010775522823678317,0.0,1.5422852621384209,10.397262971346608
386363fa1a09f8fd,3,6b7e1f5b521de19b,,Open,54608.54408792734,30,0,0.0,0.023690673243254422,0.44688380211591705,0.0,1293.7131742769398,24403.673810027653
387c9111e213c5fc,2,6b7e1f5b521de19b,6f9a9c5f2856c8b3,Open,878614.9349384613,99,25,0.9997202754020691,0.9885923564434052,0.9999505281448364,878369.1647290495,868592.0089371826,878571.4682276555
38836c56cfabe32f,5,6b7e1f5b521de19b,6f9a9c5f2856c8b3,Open,43088.8416863575,50,4,0.0011230711825191975,0.2298140212893486,0.9322791963815689,48.39183638608,9902.419980641933,40170.83070037001
389b802122f72e48,3,6b7e1f5b521de19b,,Open,2.4198904513070483,10,0,0.0,0.00016037751629482955,0.02881347872316835,0.0,0.00038809602028619855,0.06972546203113389
38a6892e38dd93fa,3,6b7e1f5b521de19b,,Open,6577.814100006999,30,36,0.0,0.002857727522496134,0.018902813550084815,0.0,18.797600391453138,124.33919349955126
38acab713904350d,6,6b7e1f5b521de19b,,Open,160135.51540490508,90,0,0.00821212325245142,0.957927456498146,0.9999251186847686,1315.0525895999135,153398.2069668404,160123.5242468963
38add1a67c561a04,2,6b7e1f5b521de19b,6f9a9c5f2856c8b3,Open,154262.62046734383,50,0,0.0013859628699719906,0.4528860807418823,0.982539764046669,213.8022641923198,69863.39358842782,151569.15871520486
38bfa7062d6827e4,0,6b7e1f5b521de19b,,Open,1.170863568534039,10,0,0.0,0.0009750109747983516,0.5387521773576734,0.0,0.00114160482931225,0.630805296936489
38c06b6ada9c8c26,5,6b7e1f5b521de19b,d4f34f97b6d22a81,Open,1.170863568534039,30,0,0.0,0.024010638892650604,0.4487966507673262,0.0,0.02811318233663107,0.5254796480635564
38cbf9531e2207e2,6,6b7e1f5b521de19b,,Open,1.170863568534039,100,0,0.9997202754020691,0.9996631115674972,0.999938040971756,1.1705360491930987,1.1704691181417608,1.1707910229651262
38d7176393a9e3d4,4,bd661df59343798b,28c9c64e5918b06e,Open,1.170863568534039,10,0,0.0,0.00032727676443755627,0.003928248968441038,0.0,0.00038319644030763116,0.004599443605279031
38e53ee082706a6c,5,6b7e1f5b521de19b,6f9a9c5f2856c8b3,Open,2595975.9854985704,30,791,0.0,0.0012767187727149576,0.006325387256219982,0.0,3314.331274203237,16420.553416125764
38e7786422a7e8da,4,95a23e7fbcc5841e,28c9c64e5918b06e,Open,1.170863568534039,10,10,0.0,0.0001942747250723187,0.019839121401309962,0.0,0.0002274691978741444,0.023228904480517804
38eb7946f3eab34b,3,6b7e1f5b521de19b,6f9a9c5f2856c8b3,Open,3009.275501817926,50,0,0.0011230711825191975,0.052286536805331706,0.784981733560562,3.3796305963527096,157.344594283186,2362.226300178366
38fed08130e646cb,6,6b7e1f5b521de19b,,Open,1.170863568534039,10,0,0.0,0.0009260437276680023,0.37058254331350327,0.0,0.001084270863595921,0.4339015991004685
3907fc06894ffdb8,3,6b7e1f5b521de19b,,Open,41585.31315611955,10,326,0.0,0.00017332850984530523,0.0038204610813409074,0.0,7.207920360800569,158.87507046832874
391478e4092ecbb4,2,6b7e1f5b521de19b,6f9a9c5f2856c8b3,Open,1.170863568534039,50,0,0.0010428334586322307,0.12733437828719615,0.8807209730148315,0.0012210157047608276,0.14909118455840972,1.0312041013469166
3918a7da0a52a561,3,6b7e1f5b521de19b,,Open,89664.46366676311,20,454,0.0,0.0003927264886442572,0.013136953767389046,0.0,35.21360997201845,1177.9179137680019
39209b60e3c82a82,3,6b7e1f5b521de19b,,Open,65064.44409714713,50,0,0.00116905365139246,0.04404458664357662,0.6563540428876873,76.06382594759043,2865.736545452944,42705.31093140244
395ad076211d4081,2,6b7e1f5b521de19b,,Open,1.170863568534039,1,412,0.0,7.661611307412386e-05,0.00014299971589935013,0.0,8.97070155611761e-05,0.00016743315765726683
3975b071df12d7aa,2,6b7e1f5b521de19b,,Open,44707.8413678455,50,0,0.00028759543783962727,0.2337967962026596,0.9376418203115463,12.857771213050128,10452.55007693901,41919.94176234651
397d384a17060624,0,6b7e1f5b521de19b,6f9a9c5f2856c8b3,Open,1.170863568534039,40,0,0.00028759543783962727,0.08192159980535507,0.844352939724922,0.00033673502064301535,0.09591901668811546,0.9886220961085285
398eb42a120409e3,0,e43bc3ffd79e75b6,,Open,869711.3941640588,20,11,0.0,0.022260008472949268,0.6291801273822784,0.0,19359.78300311247,547205.1257659615
39a49bac22462309,4,7b7c16a1b24ec3b8,28c9c64e5918b06e,Open,1.170863568534039,10,0,0.0,0.0003578451054636389,0.2837587550282477,0.0,0.00041898779716559575,0.33224278851515027
39a83ac81a769c78,0,6b7e1f5b521de19b,6f9a9c5f2856c8b3,Open,41600.57012732337,10,2,0.0,0.0005382826726417989,0.30223121047019935,0.0,22.392866071558203,12572.990665831358
39b5ae4cdeb84633,2,6b7e1f5b521de19b,6f9a9c5f2856c8b3,Open,4834.065183261461,10,0,0.0,0.0005224034568527714,0.3184816688299177,0.0,2.525332362387413,1539.5611467977121
39c8bea39532c8f9,3,6b7e1f5b521de19b,,Open,4143.3804614791225,10,677,0.0,0.00012215062197356018,0.0012379302643239496,0.0,0.5061165004427716,5.1292160698735385
39c98aacdf409a51,2,6b7e1f5b521de19b,6f9a9c5f2856c8b3,Open,295.33926368176714,10,40,0.0,0.0003230870424886234,0.014888529712334257,0.0,0.09542028923370985,4.397167402544912
39d10c845e0673a0,1,6b7e1f5b521de19b,d4f34f97b6d22a81,Open,1.170863568534039,10,0,0.0,0.00018905387041741052,0.039958816394209846,0.0,0.00022135628936210107,0.046786322357721
39d21fc069242015,3,6b7e1f5b521de19b,,Open,15312.945509384192,30,78,0.0,0.0019042734638787806,0.02122038630768656,0.0,29.160035787342053,324.9466192176867
39d33866e0270a41,2,6b7e1f5b521de19b,6f9a9c5f2856c8b3,Open,98.49392076768089,10,0,0.0,0.0005079177586594597,0.19437721744179715,0.0,0.05002681147790289,19.144974253754647
39dbf95d41f1227d,2,6b7e1f5b521de19b,6f9a9c5f2856c8b3,Open,220276.93931361687,50,0,0.0028538778424263,0.10651521198451519,0.8584677934646606,628.643476304614,23462.844886290088,189100.6580437096
39e3340025c3d1eb,6,6b7e1f5b521de19b,,Open,62975.328561983566,20,264,0.0,0.0011167707678396254,0.009957742737606164,0.0,70.32900603311909,627.0921206364538
3a0fbfd31c39b481,3,6b7e1f5b521de19b,,Open,39364.676884914414,10,0,0.0,0.00038092282338766383,0.3742045313119887,0.0,14.994903860744706,14730.440463967274
3a1237f72d2990ff,0,6b7e1f5b521de19b,6f9a9c5f2856c8b3,Open,53713.08637400571,60,591,0.004220658354461193,0.002066406304948032,0.03652278482913968,226.7045867483429,110.99306034146362,1961.7514961468053
3a1508b7becf0e58,2,6b7e1f5b521de19b,6f9a9c5f2856c8b3,Open,98.49392076768089,10,23,0.0,0.00027085918554803357,0.021978327818214856,0.0,0.026677983160566594,2.164731678733371
3a1585e50931aab6,2,6b7e1f5b521de19b,6f9a9c5f2856c8b3,Open,62138.06852236499,67,0,0.0033506784588098527,0.10542730800807476,0.8936416596174239,208.20468766993895,6551.049289134229,55529.16667974746
3a183d5a61673e06,2,6b7e1f5b521de19b,6f9a9c5f2856c8b3,Open,19938.10335990601,10,0,0.0,0.013463808677624915,0.7589538633823395,0.0,268.442809032485,15132.100573517071
3a1b4c74385ce8d6,0,6b7e1f5b521de19b,6f9a9c5f2856c8b3,Open,619166.2192931684,30,2,0.00014189186040312052,0.009349392121657729,0.2945171378552908,87.85464675427416,5788.82777265615,182355.0627629053
3a63760b11944237,3,6b7e1f5b521de19b,d4f34f97b6d22a81,Open,1.170863568534039,10,0,0.0,0.00024386700242757798,0.0016154880460817367,0.0,0.0002855349887100531,0.0018915160985593443
3a67f5ef7da808a8,3,6b7e1f5b521de19b,,Open,4271.355885203606,90,20,0.02647265009582043,0.9328877836465835,0.9999281108379364,113.07410978371838,3984.6957249133825,4271.048821008143
3a75a916ad87e595,3,6b7e1f5b521de19b,d4f34f97b6d22a81,Open,2299.6300822016,10,0,0.0,0.00035078756918665026,0.07102840039879074,0.0,0.806681646563996,163.33904624771932
3a7bb1f525a622a1,0,95a23e7fbcc5841e,,Open,7462.80698704363,10,0,0.0,0.00015795135986991228,0.028194255568087075,0.0,1.1787605120502243,210.408287448014
3a7debac7b542170,1,6b7e1f5b521de19b,,Open,6655.4778329931305,25,134,0.0,0.0015388067928142845,0.005776068288832902,0.0,10.241494498834724,38.44249445818194
3a815acd7027b9d9,3,6b7e1f5b521de19b,6f9a9c5f2856c8b3,Open,2864.41509483459,70,0,0.003829578310251236,0.28598760813474655,0.9694537997245788,10.969501918734784,819.1872216768077,2776.918097675833
3a9497c84fc88f42,2,6b7e1f5b521de19b,6f9a9c5f2856c8b3,Open,82459.6608040256,40,0,0.00116905365139246,0.0511550571769476,0.7008415222167965,96.39976755552983,4218.228663221635,57791.15419937401
3a97281725e43eba,0,674ec33189ed753c,,Open,89664.46366676311,10,0,0.0,0.0005690865073120221,0.23544822111725805,0.0,51.02683645812393,21111.33846777239
3aaacaeb00d51fb7,4,e9943875f43f341e,28c9c64e5918b06e,Open,1.170863568534039,10,0,0.0,0.000344744767062366,0.0658324113115668,0.0,0.0004036490881960779,0.07708077203346173
3ac3bc51b78a192e,2,6b7e1f5b521de19b,6f9a9c5f2856c8b3,Open,279.66776754371233,40,0,0.00028759543783962727,0.029489993397146464,0.4805231332778929,0.08043117405636505,8.24740061825877,134.38683193693805
3ac75c51e2ef2324,5,6b7e1f5b521de19b,6f9a9c5f2856c8b3,Open,263631.6080383504,1,0,0.0,0.0001132463599788025,0.00023973343850229866,0.0,29.855319985701595,63.20131189292398
3ad3b4677aa5aa9b,2,6b7e1f5b521de19b,6f9a9c5f2856c8b3,Open,379083.9536077385,60,518,0.001301340665668249,0.0016039458627346904,0.010049622412770982,493.31736453204604,608.0301390182415,3809.650596498164
3ad4dd6469ce85df,5,6b7e1f5b521de19b,,Open,1.170863568534039,10,0,0.0,0.00019328971320646814,0.02635389547795057,0.0,0.00022631588336584623,0.030856816104086277
3ad97ed6ef6aecd1,2,6b7e1f5b521de19b,6f9a9c5f2856c8b3,Open,1.170863568534039,10,0,0.0,0.025710560567677024,0.5668507128953931,0.0,0.030103558695280867,0.6637048485267639
3af224b480c8a684,2,6b7e1f5b521de19b,,Open,829161.2246373132,80,0,0.35785222724080085,0.61311075091362,0.9944560110569001,296717.1909781725,508367.6610658398,824564.3639758767
3b0ae80ea295aee9,2,6b7e1f5b521de19b,,Open,89664.46366676311,10,0,0.0,0.00016592551764915697,0.030415912345051747,0.0,14.877622548641696,2727.226467354344
3b0d60283668e69f,3,6b7e1f5b521de19b,,Open,35845.270270304114,10,0,0.0,0.0001632477797102183,0.030266659799963232,0.0,5.851660784739844,1084.9166007090307
3b144f8bb7148cc3,6,6b7e1f5b521de19b,,Open,90092.20966766455,90,0,0.00821212325245142,0.9553679883480072,0.9999251186847686,739.8483298765566,86071.21311602356,90085.46344451253
3b188d59d8d9ef56,2,6b7e1f5b521de19b,,Open,13121.811050396169,50,0,0.00028759543783962727,0.10048285573720932,0.7290699303150177,3.7737729942875458,1318.5170467878772,9566.717868119164
3b4a44c406276e2c,5,6b7e1f5b521de19b,6f9a9c5f2856c8b3,Open,144682.77291450626,60,583,0.003149630561529193,0.014352782862260938,0.17194077745079986,455.6972832983171,2076.6004235517166,24876.868458657736
3b6b1ba15fff8919,3,6b7e1f5b521de19b,d4f34f97b6d22a81,Open,139439.71862586087,30,0,0.00017479545203968883,0.04130188971757889,0.6464428186416625,24.373428649494368,5759.123880935536,90139.80473910183
3b8a5f6ec288452d,5,6b7e1f5b521de19b,6f9a9c5f2856c8b3,Open,1.170863568534039,10,0,0.0,0.0006388087698724121,0.2976752772927283,0.0,0.000747957915903652,0.34853713743532344
3b8bab67871fe04e,2,6b7e1f5b521de19b,6f9a9c5f2856c8b3,Open,13372544.472792422,50,0,0.00116905365139246,0.05217713695019484,0.7404729336500168,15633.22194432604,697741.0843294612,9902007.236133922
3b94ba594810ea0d,3,6b7e1f5b521de19b,,Open,1287.0828528119127,10,0,0.0,0.00013880501937819646,0.0008935145218856624,0.0,0.17865356032590193,1.1500272198574706
3b9d80fbdbeb0bcc,1,6b7e1f5b521de19b,,Open,89664.46366676311,30,0,0.0,0.047926656343042856,0.48075119256973253,0.0,4297.317936340208,43106.29783892182
3bb659113b76d8c3,2,6b7e1f5b521de19b,,Open,5186.502594949308,50,0,0.00028759543783962727,0.12171289511024952,0.7910277694463729,1.4916144846508093,631.2642463281021,4102.667578910576
3bbb18b1e03295bf,2,6b7e1f5b521de19b,6f9a9c5f2856c8b3,Open,47215.0144870959,60,58,0.002957538131158799,0.03643528837710619,0.6226547598838805,139.64020570880123,1720.2926685665855,29398.653508376636
3bcd563688ebbb84,0,6b7e1f5b521de19b,6f9a9c5f2856c8b3,Open,98.49392076768089,10,1,0.0,0.0005751657823566348,0.18880552053451533,0.0,0.05665033299571558,18.5961959800273
3bde4d283b040bf6,2,6b7e1f5b521de19b,6f9a9c5f2856c8b3,Open,133993.49087954816,10,51,0.0,0.00016112656667246483,0.00247045032447204,0.0,21.589911141879824,331.02426302052106
3bdef2f908e91e56,2,6b7e1f5b521de19b,,Open,5186.502594949308,50,0,0.00028759543783962727,0.09757925570011139,0.7290699303150177,1.4916144846508093,506.0950629018498,3781.3230854783505
3bea81245d7d7bee,2,6b7e1f5b521de19b,6f9a9c5f2856c8b3,Open,1.170863568534039,10,0,0.0,0.0007522878935560584,0.3061478599905966,0.0,0.0008808264876140017,0.3584573758476493
3bfaac8a8a0036ed,0,6b7e1f5b521de19b,6f9a9c5f2856c8b3,Open,1.170863568534039,10,0,0.0,0.00037778424157295374,0.3126673474907875,0.0,0.00044233380522403404,0.36609080624713586
3c071fff9607d2a0,2,6b7e1f5b521de19b,6f9a9c5f2856c8b3,Open,617451.168457985,70,0,0.003466563671827316,0.27511282116174696,0.9636018037796019,2140.4337897037794,169868.73288409333,594977.0596719373
3c0725865737ed0f,2,6b7e1f5b521de19b,6f9a9c5f2856c8b3,Open,361.29574083874047,40,0,0.0,0.02749583125114441,0.45375597923994054,0.0,9.934126721859212,163.94010267950247
3c0a7a29ffb4f982,3,6b7e1f5b521de19b,,Open,9648.963805727817,10,0,0.0,0.0003076452368986793,0.21853626593947387,0.0,2.9684577558399163,2108.648520288892
3c135c3396c7dd11,3,6b7e1f5b521de19b,d4f34f97b6d22a81,Open,9887.041589348042,10,0,0.0,0.00016037751629482955,0.029213762190192914,0.0,1.585659173603323,288.8376817557607
3c1fb9c12de71cdf,5,6b7e1f5b521de19b,6f9a9c5f2856c8b3,Open,1.170863568534039,70,0,0.0030671000480651856,0.1989178627729416,0.9253213018178938,0.0035911557073285256,0.23290567865149067,1.0834250014870617
3c219a559911fdff,3,6b7e1f5b521de19b,,Open,11264.189824104717,10,482,0.0,8.470738503092434e-05,0.00046666799171362066,0.0,0.9541600644918581,5.25663684349595
3c22771e23a8adce,4,bd661df59343798b,d4f34f97b6d22a81,Open,1.170863568534039,10,0,0.0,0.0005806979810586199,0.30884033441543574,0.0,0.0006799181103428074,0.36160989606090305
3c254ad9d6326663,0,6b7e1f5b521de19b,6f9a9c5f2856c8b3,Open,1.170863568534039,10,0,0.0,0.00020056552966707386,0.03089031232520937,0.0,0.00023483487179090976,0.03616834132222565
3c2caa1f2ca8271a,5,6b7e1f5b521de19b,6f9a9c5f2856c8b3,Open,29685.415378143603,10,322,0.0,0.00013471836209646426,0.001733665267238393,0.0,3.999170537896698,51.46457358463203
3c2f08162ce66d10,2,6b7e1f5b521de19b,6f9a9c5f2856c8b3,Open,98.49392076768089,10,23,0.0,0.00032086341525427997,0.03261562325060367,0.0,0.031603095799302545,3.2124406122334888
3c2fca12a4dd4962,1,6b7e1f5b521de19b,6f9a9c5f2856c8b3,Open,165.25980211615976,95,15,0.8653965413570404,0.8267444610595703,0.999927020072937,143.01526117667356,136.62762603533574,165.24774146785487
3c354528ed9df2db,3,6b7e1f5b521de19b,d4f34f97b6d22a81,Open,4517.797135638614,10,2,0.0,0.000668542252969928,0.04695432838052511,0.0,3.0203382755209267,212.13013026337123
3c4e068bbcf95db8,0,6b7e1f5b521de19b,6f9a9c5f2856c8b3,Open,88623.59649983239,10,18,0.0,0.0011717011162545533,0.4845487251877784,0.0,103.84036694534674,42942.45070554985
3c500b3095c77823,5,6b7e1f5b521de19b,6f9a9c5f2856c8b3,Open,2982583.666168043,30,61,0.00028759543783962727,0.02516923425719142,0.6484957128763197,857.777455364919,75069.34698545629,1934192.720804912
3c5c209adb193293,3,6b7e1f5b521de19b,,Open,1.170863568534039,1,0,0.0,0.00012200964738440234,0.0002749137100181542,0.0,0.0001428566511320811,0.000321886447550788
3c6304d82728adb1,6,6b7e1f5b521de19b,,Open,1.170863568534039,90,0,0.009509470220655203,0.9674642264842988,0.9999227285385132,0.011134292237424527,1.1327686166504296,1.1707730941948966
3c6f4696012438db,6,6b7e1f5b521de19b,,Open,1.170863568534039,29,264,0.00021585437934845686,0.0006686298875138164,0.010139009589329362,0.00025273602888763435,0.0007828743761229401,0.011871396949163018
3c861a79c724dbad,0,6b7e1f5b521de19b,6f9a9c5f2856c8b3,Open,98.49392076768089,40,45,0.0,0.005551743716932834,0.19820755496621123,0.0,0.5468130057780527,19.522239214397764
3ca86859e6ba6c28,5,6b7e1f5b521de19b,6f9a9c5f2856c8b3,Open,202069.44164454433,10,305,0.0,0.00010687737521948293,0.0009814302116865291,0.0,21.596651535035374,198.3170548885839
3ca966d9e8ec97d8,2,6b7e1f5b521de19b,6f9a9c5f2856c8b3,Open,1.170863568534039,10,0,0.0,0.00028904234350193294,0.06757796965539453,0.0,0.00033842914977011467,0.07912458270500024
3caa5c3ec08db311,2,6b7e1f5b521de19b,6f9a9c5f2856c8b3,Open,98.49392076768089,10,0,0.0,0.0005087192519567906,0.1978594556450843,0.0,0.05010575369522603,19.487953547443407
3cae4522c7af16f4,6,6b7e1f5b521de19b,,Open,1.170863568534039,10,0,0.0,0.0005011672677937896,0.30359477847814553,0.0,0.0005867984956014908,0.3554680657172225
3cb8b2d58fd3092e,2,6b7e1f5b521de19b,d4f34f97b6d22a81,Open,2619.681698339552,60,0,0.0030671000480651856,0.299578520655632,0.9572481989860534,8.034825862892728,784.8003677771966,2507.685587652262
3cc05f760360f83c,0,6b7e1f5b521de19b,6f9a9c5f2856c8b3,Open,21181.026527915794,10,229,0.0,0.0007220164203317836,0.07663074210286139,0.0,15.293048952638308,1623.1177813345807
3ccabfb2ea1d7040,5,6b7e1f5b521de19b,d4f34f97b6d22a81,Open,2801.6993528660396,90,0,0.23394284546375274,0.9831712633371353,0.9999331712722779,655.4375187434359,2754.5502922481387,2801.5121188628277
3ccf651d218e9851,4,062b9e5a52eb6d8e,28c9c64e5918b06e,Open,2048530.9937409502,60,873,0.001301340665668249,0.0018738600367214531,0.02187826586887239,2665.8366870368877,3838.6603631564517,44818.305721689874
3cd23892337cfe74,0,6b7e1f5b521de19b,6f9a9c5f2856c8b3,Open,188394.1711078588,30,0,0.0,0.021534071862697603,0.505109615623951,0.0,4056.8936191499797,95159.70735408341
3ce7954b0feb24a2,4,6b7e1f5b521de19b,d4f34f97b6d22a81,Open,1.170863568534039,10,0,0.0,0.0009260343882488087,0.5716629862785338,0.0,0.0010842599284102358,0.6693393641129095
3cf6a5632fee792e,2,6b7e1f5b521de19b,6f9a9c5f2856c8b3,Open,3391.863497755878,60,0,0.0010428334586322307,0.24474646300077438,0.935948348045349,3.537148742573178,830.1465940571862,3174.6090375199333
3cfa815f5837707e,2,6b7e1f5b521de19b,6f9a9c5f2856c8b3,Open,61882.34724593584,80,0,0.1449068382382393,0.45786688774824147,0.9849641472101212,8967.175282169377,28333.877740052605,60951.89338245378
3cffeee2ae611b7e,0,6b7e1f5b521de19b,6f9a9c5f2856c8b3,Open,77445.77519092569,60,0,0.0010428334586322307,0.1133350994437933,0.9102889835834502,80.76304559880724,8777.324632765223,70498.03598138013
3d064c2794340ea0,3,6b7e1f5b521de19b,,Open,121130.27981900205,60,67,0.00116905365139246,0.012863051146268845,0.1593897566199302,141.60779591659474,1558.1049846736803,19306.92581965478
3d0f0f6b1275ebad,2,6b7e1f5b521de19b,6f9a9c5f2856c8b3,Open,1543.7473698731,40,0,0.0,0.025718034338206054,0.4519880279898643,0.0,39.70214786791167,697.7553294234822
3d232ce12ece88d8,1,6b7e1f5b521de19b,,Open,1.170863568534039,10,0,0.0,0.001102569099748507,0.44822444021701796,0.0,0.0012909579906868996,0.5248096675766697
3d3efa59607a5692,4,fd10c5543bdbcbc9,28c9c64e5918b06e,Open,1.170863568534039,90,0,0.08785468228161335,0.9449699848890305,0.9998977363109589,0.102865846808674,1.1064309286647271,1.170743831706157
3d4860edb491f2ea,3,6b7e1f5b521de19b,d4f34f97b6d22a81,Open,25102.753943361105,10,0,0.0,0.0004750934254843742,0.29463231265544876,0.0,11.92615336004281,7396.082448353169
3d539d1951282956,3,6b7e1f5b521de19b,,Open,25102.753943361105,10,0,0.0,0.0005508903414011002,0.33494649976491914,0.0,13.828864689966013,8408.079567788824
3d5b30dbec52a1e3,2,6b7e1f5b521de19b,6f9a9c5f2856c8b3,Open,5658.7759425676995,10,0,0.0,0.0005224034568527714,0.339202307164669,0.0,2.9561641139526658,1919.469855446888
3d788bf730460371,3,6b7e1f5b521de19b,,Open,89664.46366676311,20,319,0.0,0.0010065610258607194,0.004604499298147856,0.0,90.25275453166827,412.85996002241467
3d95d6228de31482,6,062b9e5a52eb6d8e,,Open,1.170863568534039,10,250,0.0,0.0001220848753291648,0.00032899828074732794,0.0,0.00014294473279193913,0.00038521210103737997
3da6a1ee4e0140a0,2,6b7e1f5b521de19b,6f9a9c5f2856c8b3,Open,27685.304717477007,10,0,0.0,0.022699074074625968,0.6268841445446013,0.0,628.4307825606023,17355.478564272187
3dadb7ccf887bab6,3,6b7e1f5b521de19b,,Open,5186.502594949308,1,0,0.0,0.00010478104122739751,0.00018223837760160673,0.0,0.5434471422273877,0.9451798183300852
3dae84edfa629619,0,6b7e1f5b521de19b,6f9a9c5f2856c8b3,Open,690.669707946399,30,0,0.0,0.03840101864188909,0.6326379776000973,0.0,26.52242033023776,436.9438872248597
3db682d326398d6d,1,6b7e1f5b521de19b,,Open,84924.34296384055,10,0,0.0,0.00020219573052600027,0.03588250055909157,0.0,17.171339565014332,3047.2977838804927
3de1007c48127e6c,4,75c64824a2a4e380,28c9c64e5918b06e,Open,69805.88964580093,70,70,0.003118747362168506,0.034319997765123844,0.6385435014963147,217.70693419666745,2395.7379766363692,44574.09719949506
3de49ec6eee3ad08,2,6b7e1f5b521de19b,,Open,263999.29512211593,10,0,0.0,0.000551806582370773,0.2765366271138191,0.0,145.67654878962787,73005.47463349566
3de5ba8e3269b45c,0,6b7e1f5b521de19b,6f9a9c5f2856c8b3,Open,1.170863568534039,20,0,0.0,0.026564153842628002,0.5078218832612036,0.0,0.031102999963266625,0.594590142414889
3def8b8cc4a637a5,2,6b7e1f5b521de19b,6f9a9c5f2856c8b3,Open,15507.251361753664,10,0,0.0,0.0005044487887062132,0.30721613615751253,0.0,7.822614165599411,4764.077845781286
3df113a8f72c8e37,0,6b7e1f5b521de19b,6f9a9c5f2856c8b3,Open,1.170863568534039,45,0,0.0011230711825191975,0.042489346116781235,0.6512652426958084,0.0013149631324821706,0.049749227418972385,0.7625427461250012
3dff8703b7cda29e,4,255414ab73601d72,28c9c64e5918b06e,Open,1.170863568534039,10,0,0.0,0.00037904363562120126,0.0725953876972198,0.0,0.00044380838383355567,0.08499929469827884
3e0214e670b59660,5,6b7e1f5b521de19b,,Open,1.170863568534039,10,0,0.0,0.0006045688991434872,0.299844391644001,0.0,0.0007078676986758389,0.351076874405213
3e506a9e1dcf2885,4,6b7e1f5b521de19b,28c9c64e5918b06e,Open,19834.80648186362,10,0,0.0,0.0001625636825338006,0.03100286582484838,0.0,3.2244191840370475,614.9358440190508
3e739428e088a0de,2,6b7e1f5b521de19b,6f9a9c5f2856c8b3,Open,31111.25003345067,10,280,0.0,0.00018338809095439502,0.005059468816034495,0.0,5.7054327508393765,157.40639937209582
3e767c312d65f25d,2,6b7e1f5b521de19b,,Open,1.170863568534039,1,0,0.0,0.00012444248350220732,0.0002749137100181542,0.0,0.00014570517031063272,0.000321886447550788
3e7d788d84d225fa,5,6b7e1f5b521de19b,d4f34f97b6d22a81,Open,216079.27304855105,30,398,9.501219756202772e-06,0.000757834262913093,0.004105167207308113,2.0530166579948266,163.75227662154563,887.0415458978875
3ed465fa6239d3d7,2,6b7e1f5b521de19b,,Open,97448.11793908857,90,0,0.026250149123370647,0.918723201751709,0.9999238014221191,2558.0276276928853,89527.8469176776,97440.69253108444
3efe914d86202c1b,5,6b7e1f5b521de19b,6f9a9c5f2856c8b3,Open,1060.8669669680157,40,0,0.00028759543783962727,0.036655837669968605,0.6562697768211363,0.3051004998547639,38.88696733061153,696.2149276490154
3f35d9ede8a11ad3,2,6b7e1f5b521de19b,6f9a9c5f2856c8b3,Open,63889.839761729345,60,9,0.0030671000480651856,0.39797850251197814,0.9774909794330597,195.95653060407707,25426.782754103282,62451.74204451406
3f45ea9d08142d59,0,7b7c16a1b24ec3b8,,Open,11128.745288695003,30,0,0.0,0.029995712079107763,0.4542310506105422,0.0,333.8146394814223,5055.021664461053
3f4e60e948e6cba5,3,e43bc3ffd79e75b6,,Open,3829.8829000821474,50,363,0.0003421000903472304,0.020314891636371613,0.2639418929815292,1.3102032861374155,77.80365609516147,1010.8665425452708
3f62bac1ad4e83af,0,6b7e1f5b521de19b,6f9a9c5f2856c8b3,Open,18763.316986663292,50,0,0.0011230711825191975,0.054189634136855604,0.771613749861717,21.07254059619449,1016.7772827011318,14478.033379923316
3f8f58d255dc0006,3,6b7e1f5b521de19b,,Open,65064.44409714713,90,400,0.01132517885416746,0.7251157641410828,0.999910545349121,736.8664664471715,47179.254099917605,65058.62378001578
3f91a745239ad403,3,6b7e1f5b521de19b,d4f34f97b6d22a81,Open,156541.17327282834,30,175,0.0,0.001576760713942349,0.02496887575834989,0.0,246.82797213103777,3908.6571065155736
3faaab95af1be682,1,6b7e1f5b521de19b,6f9a9c5f2856c8b3,Open,64546.23234172824,10,119,0.0,0.00011952074273722247,0.0010777811636216938,0.0,7.714613630372689,69.56671340066407
3fb3ab13eb03f71b,2,6b7e1f5b521de19b,6f9a9c5f2856c8b3,Open,1.170863568534039,50,0,0.0010428334586322307,0.11550410501658917,0.8414919286966323,0.0012210157047608276,0.135239548580054,0.9852722425263299
3fbd63d50f9df503,4,ddbd249e57ed6b40,28c9c64e5918b06e,Open,47405.20481920666,70,0,0.0030671000480651856,0.2485164612531662,0.9687874943017959,145.3965059795287,11780.97374665078,45925.569593662636
3fc4f2d8379283e8,5,6b7e1f5b521de19b,6f9a9c5f2856c8b3,Open,29543.967670058035,30,2,0.0,0.0012809873849619182,0.37365493774414044,0.0,37.8454498870671,11039.249400470433
3fd8bee3c470e2ab,0,6b7e1f5b521de19b,6f9a9c5f2856c8b3,Open,1.170863568534039,10,0,0.0,0.00133369947434403,0.4285259678959846,0.0,0.0015615801258824229,0.5017454439801956
3fe75d9d0f6d055c,5,6b7e1f5b521de19b,6f9a9c5f2856c8b3,Open,506763.7771619208,60,0,0.00248583871871233,0.09800976403057576,0.8257571786642074,1259.7330185100097,49667.79821888314,418463.8268784448
3ff386fbf2a71558,3,6b7e1f5b521de19b,d4f34f97b6d22a81,Open,9648.963805727817,1,0,0.0,0.00010465142768225632,0.00018717618659138676,0.0,1.0097778379238334,1.8060562497144472
400d63a8a242d053,0,6b7e1f5b521de19b,6f9a9c5f2856c8b3,Open,21893.046589583566,50,11,0.0009541214443743229,0.07185853645205498,0.8317698299884796,20.888625233807815,1573.2022864041285,18209.975639747787
4047465c37392d4f,3,6b7e1f5b521de19b,6f9a9c5f2856c8b3,Open,2958.600826128589,1,0,0.0,0.000121817464241758,0.00030898117693141104,0.0,0.360409250342555,0.9141519653274564
404e1e7c5600b5ef,3,6b7e1f5b521de19b,d4f34f97b6d22a81,Open,1.170863568534039,80,0,0.0070125296711921695,0.23081052973866464,0.9581366658210754,0.008210715515262895,0.2702476405050448,1.1218473156865703
4063332afa349965,2,6b7e1f5b521de19b,6f9a9c5f2856c8b3,Open,880.085618670939,70,0,0.023843084648251533,0.32194257974624635,0.9732347875833511,20.983955903680016,283.3370344724933,856.5299401423734
4089088b4b6fc161,3,6b7e1f5b521de19b,,Open,2.4198904513070483,10,0,0.0,0.00016037751629482955,0.00249382647452876,0.0,0.00038809602028619855,0.006034786872928866
408ef2d389e5ebda,3,6b7e1f5b521de19b,,Open,9648.963805727817,10,0,0.0,0.0001402120789862238,0.0016457662219181656,0.0,1.3529012752639233,15.879938707977795
409fad26252c0525,0,6b7e1f5b521de19b,6f9a9c5f2856c8b3,Open,1.170863568534039,10,0,0.0,0.0003914968125172891,0.3069821536540984,0.0,0.0004583893549736947,0.35943421990370233
40ae1a571df97d60,4,ca0404ddaade5726,28c9c64e5918b06e,Open,1.170863568534039,10,0,0.0,0.00015352309783338568,0.0020667839911766347,0.0,0.00017975460218159833,0.002419922079298098
40b07c3a0b063499,4,fd10c5543bdbcbc9,d4f34f97b6d22a81,Open,1499845.9725962055,50,38,0.001086287386715412,0.018475945200771095,0.20946590304374696,1629.2637620471678,27711.07199928472,314166.59107639117
40b10297cf6bea69,2,6b7e1f5b521de19b,d4f34f97b6d22a81,Open,567913.18540228,10,0,0.0,0.0005319283198332414,0.3324219748377798,0.0,302.0891065221789,188786.82262784007
40c4a61556e9c123,0,6b7e1f5b521de19b,6f9a9c5f2856c8b3,Open,4386.532748246311,10,2,0.0,0.0005382826726417989,0.2886394105851648,0.0,2.3611945713567994,1266.1262269663382
40c52a66b3bbc367,5,6b7e1f5b521de19b,6f9a9c5f2856c8b3,Open,961.6419532185737,95,26,0.7985547423362732,0.9779921978712082,0.9999391496181488,767.9237421722086,940.4783273933945,961.5834369385162
40ce8306a5918439,3,6b7e1f5b521de19b,,Open,2.4198904513070483,10,0,0.0,0.00017856900085462258,0.029225099738687258,0.0,0.00043211742006754134,0.07072153979614541
40d5466e0952482c,2,6b7e1f5b521de19b,6f9a9c5f2856c8b3,Open,1.170863568534039,10,0,0.0,0.0003604680416174233,0.06587153393775222,0.0,0.0004220588975506527,0.07712657929116762
40d5530e40c5e4d5,0,6b7e1f5b521de19b,6f9a9c5f2856c8b3,Open,4854.049577612525,50,50,0.001176146138459444,0.009154976857826114,0.1917554296553134,5.709071666599668,44.43871154978329,930.7903623232822
40f6b195062b8e7b,3,6b7e1f5b521de19b,,Open,2.4198904513070483,70,0,0.0010428334586322307,0.2299718275666237,0.9354878157377242,0.0025235427288476386,0.5565066295981037,2.263778032617806
4102b710e95b495b,3,6b7e1f5b521de19b,,Open,5083.8994500666495,20,0,0.0,0.03110305005684495,0.44474512636661523,0.0,158.1247790793895,2261.0395033550576
41174792a32c2c62,3,6b7e1f5b521de19b,,Open,5655.969519442425,50,0,0.0011230711825191975,0.48694040179252623,0.9601068407297134,6.352056376492741,2754.120070323576,5430.335026575422
41235ddb00f2de07,2,6b7e1f5b521de19b,6f9a9c5f2856c8b3,Open,1.170863568534039,10,0,0.0,0.0005278278171317652,0.3063274025917053,0.0,0.0006180143615384307,0.3586675957382873
4124098e4b02f13b,4,ddbd249e57ed6b40,28c9c64e5918b06e,Open,1791747.6554711924,70,5,0.0031176386401057243,0.39430207908153536,0.9786212861537933,5586.021724015828,706489.8257417576,1753442.395060262
41385a6c1b650555,1,6b7e1f5b521de19b,,Open,5584.062885786486,75,28,0.031160475686192513,0.5055452510714531,0.9917276561260223,174.0020557827198,2822.996473593712,5537.869597381344
413b070045921310,3,6b7e1f5b521de19b,d4f34f97b6d22a81,Open,4386.532748246311,10,197,0.0,0.0002576993763796054,0.017433320172131023,0.0,1.1304067536917908,76.47182984571575
4145759cf9eeed44,2,6b7e1f5b521de19b,6f9a9c5f2856c8b3,Open,64.10035007555453,80,0,0.11078578978776932,0.7254824787378311,0.9913479328155518,7.101407908792807,46.50368086077602,63.54574954015418
41635c5dff5a5c59,3,6b7e1f5b521de19b,,Open,15566.162911287942,70,0,0.0011065896134823561,0.2661599740386009,0.9539986610412597,17.225354199405512,4143.089516349031,14850.098574918815
41662488c08908b7,5,6b7e1f5b521de19b,,Open,263999.29512211593,10,0,0.0,0.0007046403916319832,0.31117872148752196,0.0,186.02456670541528,82150.96312970703
4169b038e570368c,2,6b7e1f5b521de19b,6f9a9c5f2856c8b3,Open,27673.46329647016,50,42,0.0010428334586322307,0.05299517698585987,0.7448635458946227,28.85881344179007,1466.5600852081332,20612.953998193458
416c950f4de481c6,0,6b7e1f5b521de19b,6f9a9c5f2856c8b3,Open,3091.400856224339,10,0,0.0,0.00021628958638757466,0.03478306084871291,0.0,0.6686378125509564,107.52838408981437
416fec2b4550ab7c,2,6b7e1f5b521de19b,6f9a9c5f2856c8b3,Open,1.170863568534039,1,13,0.0,8.741696838114877e-05,0.00021076129487482831,0.0,0.0001023533435491791,0.00024677272182599636
417ac2f0e36f1f1b,1,6b7e1f5b521de19b,6f9a9c5f2856c8b3,Open,1.170863568534039,70,0,0.015565882623195647,0.20049482211470604,0.9583113223314285,0.018225524875576844,0.23475208289382207,1.12205181463155
417f46089c339ae3,5,6b7e1f5b521de19b,6f9a9c5f2856c8b3,Open,32666.996050339076,50,0,0.00028759543783962727,0.046277737244963646,0.5887220829725262,9.394879032002642,1511.7546597998569,19231.781959210904
419208b28099c070,5,6b7e1f5b521de19b,6f9a9c5f2856c8b3,Open,278.2580555801657,10,0,0.0,0.0005848863889696077,0.3519687190651893,0.0,0.16274934932998752,97.93813139212118
419e2e28626206c2,2,6b7e1f5b521de19b,6f9a9c5f2856c8b3,Open,770099.6287975291,60,2,0.003183506621280685,0.12745906561613082,0.8425547391176222,2451.6172673227315,98156.17911786225,648851.09183608
41acd6c6098b7183,2,6b7e1f5b521de19b,6f9a9c5f2856c8b3,Open,6681.014348309619,30,0,0.00028759543783962727,0.04992866050451994,0.6458258152008055,1.921429246714937,333.5740972225775,4314.771537865338
41c978c7fafa3cc5,2,6b7e1f5b521de19b,6f9a9c5f2856c8b3,Open,8304.689797280567,70,0,0.030378569662570954,0.32194257974624635,0.9745795279741286,252.28459753272998,2673.6332573288373,8093.580662605257
41cc32ddbf7690ea,5,6b7e1f5b521de19b,6f9a9c5f2856c8b3,Open,37366.72288186757,1,0,0.0,0.00012305867385293824,0.0002691404180950485,0.0,4.598299364072866,10.056895419267654
41dae1bb6f923cde,3,6b7e1f5b521de19b,,Open,9973.897027973446,70,0,0.0010428334586322307,0.18969255611300467,0.9394269585609435,10.401113533723274,1891.9740216441835,9369.747749989128
41db54541e35f4bd,4,6b7e1f5b521de19b,28c9c64e5918b06e,Open,1.170863568534039,10,0,0.0,0.0006405826774425804,0.31572286933660504,0.0,0.0007500349196515089,0.3696684054592635
41e585133709a820,3,6b7e1f5b521de19b,,Open,89664.46366676311,10,0,0.0,0.00022620076924795285,0.0017788446857593943,0.0,20.282170655626935,159.49915469508787
41f88093b524823a,3,6b7e1f5b521de19b,d4f34f97b6d22a81,Open,121154.2005075969,60,182,0.001086287386715412,0.029945563059300188,0.48377394974231713,131.6082798589925,3628.030751199342,58611.2461074328
41f9c29a16f5f841,0,e43bc3ffd79e75b6,,Open,1064506.8667509402,20,11,0.0,0.023681514337658884,0.6992605060338973,0.0,25209.134627498726,744367.6103208209
421107781b508469,0,6b7e1f5b521de19b,6f9a9c5f2856c8b3,Open,655.4763241488417,10,2,0.0,0.0005658108129864559,0.43502395451068865,0.0,0.37087559186002983,285.1479026193591
42243a55efe4dade,5,6b7e1f5b521de19b,6f9a9c5f2856c8b3,Open,1.170863568534039,70,0,0.0028538778424263,0.157727038115263,0.920158541202545,0.0033415015947434812,0.18467684270194124,1.0773801131694873
4228ad85c977d04f,6,6b7e1f5b521de19b,,Open,1536396.5715196466,50,1564,8.101324056042358e-06,0.0005930967221502214,0.003958351584151387,12.446846504473116,911.2317704911407,6081.597802759552
422c8ad543257951,4,6b7e1f5b521de19b,,Open,9548.177348327423,10,0,0.0,0.0004321915883338079,0.20756797343492492,0.0,4.126641933866515,1981.8958221895784
4232a98cfaf90d8c,3,6b7e1f5b521de19b,,Open,37820.4743961143,10,0,0.0,0.0001714952253678348,0.033323535695672014,0.0,6.486030780080048,1260.3119285661644
423734d8663eaca3,5,6b7e1f5b521de19b,6f9a9c5f2856c8b3,Open,252857.95171331312,60,265,0.003949590446427465,0.005206938576884567,0.07709470205008981,998.6853503901186,1316.6158232480652,19494.00844833387
423a2bdd9bd7b954,4,fc3655a0b667e091,28c9c64e5918b06e,Open,5062.409427540058,30,0,0.0,0.0004450483145774342,0.2426871106028556,0.0,2.2530167834276162,1228.581516658353
4247d99b4555f067,2,6b7e1f5b521de19b,6f9a9c5f2856c8b3,Open,415.3892283045608,40,0,0.0,0.025718034338206054,0.4519880279898643,0.0,10.682994437257609,187.75095814960997
425803efbb38f865,2,6b7e1f5b521de19b,6f9a9c5f2856c8b3,Open,1.170863568534039,70,0,0.04347741007804871,0.23970233723521234,0.9735058814287185,0.0509061155146019,0.28065873396117036,1.1398425703185044
428c37741ec8edce,2,6b7e1f5b521de19b,,Open,11164.548352985037,10,0,0.0,0.00020231599628459663,0.03050932362675665,0.0,2.2587667231017203,340.62281884779344
428e6512417b8e30,3,6b7e1f5b521de19b,d4f34f97b6d22a81,Open,4854.049577612525,30,84,0.0,0.007518445141613483,0.23753818869590748,0.0,36.49490546395187,1153.022144506214
429263ba2868cc83,1,6b7e1f5b521de19b,,Open,1.170863568534039,10,0,0.0,0.0019826336181722583,0.640454825758934,0.0,0.0023213934732687234,0.7498852227729516
429a6da98ce76826,3,6b7e1f5b521de19b,,Open,5655.969519442425,10,0,0.0,0.0002455892848956864,0.04465751238167284,0.0,1.3890455096716643,252.5815288448643
429ad86fc09e4426,3,6b7e1f5b521de19b,,Open,89664.46366676311,10,140,0.0,0.00031816184782655914,0.008531852113083003,0.0,28.527811444594725,765.003943803727
42ab1d1ae6bb5468,0,6b7e1f5b521de19b,6f9a9c5f2856c8b3,Open,415.6520572837034,70,0,0.00248583871871233,0.07846833355724812,0.8301050633192062,1.0332439775082651,32.615524274694046,345.03487733024696
42bec1342c710a33,2,6b7e1f5b521de19b,6f9a9c5f2856c8b3,Open,98.49392076768089,40,0,0.0,0.02393125258386135,0.40809141397476173,0.0,2.3570828958661987,40.194523394001045
42f74c4f4fc42550,1,062b9e5a52eb6d8e,,Open,1411928.4051162004,5,953,0.0,0.00017198353962157852,0.003511358948890119,0.0,242.82844480413422,4957.787440496923
4304179e423764cc,0,6b7e1f5b521de19b,,Open,1.170863568534039,40,0,0.0011230711825191975,0.10576248839497567,0.795089566707611,0.0013149631324821706,0.12383344457918109,0.9309414073794562
4307c2ed1812afc2,5,6b7e1f5b521de19b,6f9a9c5f2856c8b3,Open,1060.8669669680157,40,0,0.00028759543783962727,0.03218713700771332,0.4982314079999921,0.3051004998547639,34.146270412756806,528.5572426531556
43218a43254d59b9,0,bd661df59343798b,,Open,6825.920575393989,10,615,0.0,0.00016217543379752896,0.0017359589866828163,0.0,1.1069966303819985,11.849518165238335
4328221e28927f10,2,6b7e1f5b521de19b,,Open,25654.101903090123,10,0,0.0,0.0012146976834628731,0.4800950452685354,0.0,31.161978153004057,12316.407214487674
43353ff4e18b7e0b,2,6b7e1f5b521de19b,6f9a9c5f2856c8b3,Open,322.19821203079925,50,0,0.00028759543783962727,0.06858712024986743,0.7070741355419159,0.09266273586014277,22.098647512848714,227.8180222448283
434be578eafaaba9,3,6b7e1f5b521de19b,,Open,89664.46366676311,10,257,0.0,0.0001243803224497242,0.0012650303251575676,0.0,11.152494903153576,113.42826562744425
4354382c5f0ae3d5,6,6b7e1f5b521de19b,,Open,90092.20966766455,99,0,0.9997202754020691,0.9589188754558563,0.9999251186847686,90067.00866053854,86391.12038185011,90085.46344451253
435834ce85e5f259,2,6b7e1f5b521de19b,6f9a9c5f2856c8b3,Open,1.170863568534039,10,0,0.0,0.000214937418786576,0.030914534348994483,0.0,0.00025166239317194557,0.0361967020074318
4361679541e34834,3,6b7e1f5b521de19b,,Open,25102.753943361105,30,0,0.0,0.024067808128893375,0.42344110608100877,0.0,604.1682654156366,10629.537895456231
436b09fccebff103,0,6b7e1f5b521de19b,6f9a9c5f2856c8b3,Open,1.170863568534039,10,0,0.0,0.0011052833579014987,0.3045060783624648,0.0,0.0012941360166738342,0.3565350735517812
437633e78d9b257e,2,6b7e1f5b521de19b,,Open,105527.34644643012,10,0,0.0,0.0012452304945327342,0.4925060346722601,0.0,131.40586980221534,51972.85494781712
43861809ba1f4273,0,062b9e5a52eb6d8e,,Open,37788.32338894414,10,0,0.0,0.06399753317236903,0.8945935994386673,0.0,2418.359479612161,33805.19223726792
43863c38281fc1e8,4,255414ab73601d72,28c9c64e5918b06e,Open,1.170863568534039,90,0,0.3090071313083172,0.977747642993927,0.999925023317337,0.36180519246612264,1.144809094401615,1.1707757810678192
43886a93b84e1924,4,fd10c5543bdbcbc9,28c9c64e5918b06e,Open,1.170863568534039,90,0,0.08785468228161335,0.9432684719562531,0.9998977363109589,0.102865846808674,1.1044386891603486,1.170743831706157
43a218c8b9b287f0,0,7b7c16a1b24ec3b8,,Open,1.170863568534039,50,0,0.0011230711825191975,0.1636118121445179,0.8692217588424682,0.0013149631324821706,0.19156711022185102,1.017740090405726
43af4602232af082,3,6b7e1f5b521de19b,,Open,11264.189824104717,10,482,0.0,8.470738503092434e-05,0.00046666799171362066,0.0,0.9541600644918581,5.25663684349595
43affed691309e3f,3,6b7e1f5b521de19b,d4f34f97b6d22a81,Open,16057.941059122853,30,5,0.0,0.025440136063843967,0.38856369107961647,0.0,408.5162054492721,6239.532849071702
43b53cf40dcb2e0a,6,6b7e1f5b521de19b,,Open,7289.944028155866,90,0,0.008049401035532356,0.9800362706184387,0.9999434411525726,58.67968300921075,7144.409558371033,7289.531717323824
43c002aa50446044,2,6b7e1f5b521de19b,6f9a9c5f2856c8b3,Open,270.4411873165172,40,0,0.0,0.028380311466753485,0.4519392520189285,0.0,7.6752051294813795,122.2229879109377
43e32396d02b6ac2,2,6b7e1f5b521de19b,6f9a9c5f2856c8b3,Open,98.49392076768089,50,21,0.00028759543783962727,0.020565971639007332,0.21300570890307424,0.028326402267722744,2.0256231811227603,20.979767415763096
4402af6a2b8ce1bc,2,6b7e1f5b521de19b,6f9a9c5f2856c8b3,Open,1.170863568534039,70,0,0.015580657497048378,0.18200259432196617,0.9543858736753463,0.01824282423710069,0.21310020707027033,1.1174556498099926
4405b052a1576582,2,6b7e1f5b521de19b,6f9a9c5f2856c8b3,Open,98.49392076768089,10,20,0.0,0.00021503296375158243,0.013927924772724502,0.0,0.02117943969418796,1.3718159190229469
4409adc1be0b40e9,2,6b7e1f5b521de19b,,Open,2615826.4497860987,50,264,0.00129029571544379,0.03234997456893325,0.46225319653749464,3375.1896605035436,84621.91912732324,1209174.1380009502
441af2fd81020f68,3,6b7e1f5b521de19b,,Open,36095.37719582366,10,0,0.0,0.00016037751629482955,0.030974642280489174,0.0,5.788886944391228,1118.0413966199644
442161677ccdd0e5,2,6b7e1f5b521de19b,6f9a9c5f2856c8b3,Open,325.3216003955088,40,0,0.00028759543783962727,0.029489993397146464,0.4805231332778929,0.09356100810443461,9.593731847612675,156.3245547450285
442a532e595fd140,0,6b7e1f5b521de19b,6f9a9c5f2856c8b3,Open,104217.294202615,70,0,0.0031839191971812396,0.3681120201945305,0.9620484292507171,331.819443689991,38363.638708132334,100262.08418838562
442ea25e33ffe714,3,6b7e1f5b521de19b,,Open,147782.212188992,60,40,0.0009216022677719593,0.012345587182790042,0.26255674287676795,136.19642188973194,1824.458184644778,38801.21628746514
44449297d87afe62,2,6b7e1f5b521de19b,6f9a9c5f2856c8b3,Open,944.1005318198369,10,0,0.0,0.048716781102120875,0.6168895006179809,0.0,45.993538947062895,582.4057056075093
444d5094d81f2037,2,6b7e1f5b521de19b,6f9a9c5f2856c8b3,Open,98.49392076768089,10,29,0.0,0.00026383054500911385,0.010753155779093502,0.0,0.025985704796221726,1.0591204733085653
444f8603dac833fe,3,6b7e1f5b521de19b,,Open,2.4198904513070483,10,0,0.0,0.00024183323766919785,0.0018328883743379254,0.0,0.0005852099426443599,0.004435389075372044
445245ead0a4479f,5,6b7e1f5b521de19b,d4f34f97b6d22a81,Open,1.170863568534039,10,0,0.0,0.0005954486812697724,0.21073070019483547,0.0,0.0006971891678304133,0.24673689962980175
4453166befed9e91,3,6b7e1f5b521de19b,6f9a9c5f2856c8b3,Open,237356.7852914512,1,57,0.0,9.169370860035997e-05,0.00016266829406959003,0.0,21.764123904832534,38.61042334920233
445acf2bf02cbbc6,2,6b7e1f5b521de19b,6f9a9c5f2856c8b3,Open,14700.526173316806,30,289,0.0,0.002342184621375054,0.028408320713788262,0.0,34.431346329264095,417.6172621930223
445fbcc67ecf3910,4,ac6153076817c20f,28c9c64e5918b06e,Open,83996.07777595076,10,207,0.0,9.915027949318756e-05,0.0006559816334629429,0.0,8.328234587817038,55.09988430394858
4464e46e7b82b302,3,6b7e1f5b521de19b,,Open,2186.505528376051,100,0,0.9987403154373169,0.7941814422607422,0.9988384574651719,2183.7512211157346,1736.4821140367785,2183.9658092022055
4481f36642f78d64,3,6b7e1f5b521de19b,,Open,11264.189824104717,50,0,0.0011230711825191975,0.03465875629335642,0.6425554186105725,12.650486985877995,390.4028099557507,7237.866207736557
448d61b716c81427,3,6b7e1f5b521de19b,d4f34f97b6d22a81,Open,1.170863568534039,10,0,0.0,0.00017783554940251634,0.0028204471454955633,0.0,0.00020822116598564165,0.003302358809636579
44c10453d9b99869,6,6b7e1f5b521de19b,,Open,1.170863568534039,25,0,0.0,0.003131091420073062,0.06868850030004978,0.0,0.003666080873513057,0.08042486257856768
44d585ae0415495a,5,6b7e1f5b521de19b,6f9a9c5f2856c8b3,Open,1395510.2741413682,30,507,0.0002539545763283968,0.004056703520473093,0.05087456181645392,354.3962204314961,5661.171441965659,70995.97370730159
44dd3cb52b473864,3,6b7e1f5b521de19b,,Open,40882.782652931186,10,0,0.0,0.0005283275881083682,0.21751426160335532,0.0,21.59950195418177,8892.58828104279
44e036c7c8090327,3,6b7e1f5b521de19b,6f9a9c5f2856c8b3,Open,442.31453937079607,10,0,0.0,0.023815900087356567,0.5614797770977017,0.0,10.534118876840022,248.35066897298717
44f65b0987f42069,0,6b7e1f5b521de19b,6f9a9c5f2856c8b3,Open,414861.3163009061,80,0,0.35063565745949743,0.4580389425158501,0.9926356643438339,145465.17039568073,190022.63860920063,411806.13831690734
45086639752b3445,3,6b7e1f5b521de19b,,Open,1.170863568534039,10,0,0.0,0.00016259662734228187,0.02881347872316835,0.0,0.00019037846732158345,0.0337366525196885
450adab0aca6d2c8,0,6b7e1f5b521de19b,6f9a9c5f2856c8b3,Open,1.170863568534039,60,209,0.0010428334586322307,0.004037854541093112,0.09979980401694763,0.0012210157047608276,0.004727776777205655,0.11685195467028102
45123b9ee1b9ed0c,3,6b7e1f5b521de19b,1e1439736d3ae4c5,Open,1.170863568534039,60,0,0.017850610613822936,0.36344744116067884,0.9440516054630279,0.020900629643812313,0.4255473679319576,1.1053556316527295
4516de2f4455ee6c,5,6b7e1f5b521de19b,6f9a9c5f2856c8b3,Open,5526447.443578921,0,4,0.0,0.0001291256761760451,0.000287417987419758,0.0,713.6062630035041,1588.4004018145201
45178ec9b88a995e,0,6b7e1f5b521de19b,6f9a9c5f2856c8b3,Open,1554358.452082556,0,0,0.0,0.00013181662288843654,0.00026337901508668434,0.0,204.89028191162024,409.3853982011668
452290e259068c46,5,6b7e1f5b521de19b,6f9a9c5f2856c8b3,Open,1100.311736085542,40,0,0.0,0.0404523765668273,0.47933569997549036,0.0,44.51022468903184,527.4186962078103
452c2059f19b5581,3,6b7e1f5b521de19b,d4f34f97b6d22a81,Open,7254.62894406636,30,125,0.0,0.0010200960852671415,0.008924354333430525,0.0,7.400418585907791,64.74287925440913
452e8e7dd0030970,5,6b7e1f5b521de19b,d4f34f97b6d22a81,Open,5075.82325948797,0,0,0.0,0.00011740755981008988,0.00024355791756534015,0.0,0.5959400229237792,1.2362569430106072
453edabcfa2b970b,0,062b9e5a52eb6d8e,,Open,5147.637672143986,10,0,0.0,0.08516544513404373,0.9677312225103378,0.0,438.40085373691517,4981.529697504168
45450d9663101f97,0,6b7e1f5b521de19b,6f9a9c5f2856c8b3,Open,1.170863568534039,10,0,0.0,0.0003803798550507054,0.3126673474907875,0.0,0.0004453729144831294,0.36609080624713586
4545a15fea834d9f,2,6b7e1f5b521de19b,2095e0b55fdf3180,Open,1.170863568534039,10,320,0.0,0.0001713146732072346,0.0033871963969431796,0.0,0.00020058610961366541,0.00396594486065053
454f4b07a06ca453,3,6b7e1f5b521de19b,,Open,2.4198904513070483,70,0,0.0010428334586322307,0.2299718275666237,0.9407782793045043,0.0025235427288476386,0.5565066295981037,2.2765803748860454
4556b53d4a07d527,2,6b7e1f5b521de19b,6f9a9c5f2856c8b3,Open,98.49392076768089,10,23,0.0,0.00023124948347685859,0.009209297643974422,0.0,0.022776668303136842,0.907059832471607
4557df33a63ac1b7,3,6b7e1f5b521de19b,,Open,80872.05936290111,10,10,0.0,0.0001737452323141042,0.021184333600103855,0.0,14.05113474172728,1713.2206844710995
456a5d6aef7b6a5d,4,255414ab73601d72,,Open,898.0672933087098,10,0,0.0,0.0010480192198883743,0.4184978887438774,0.0,0.941191784140658,375.8392661996236
458968995c2f7c46,3,6b7e1f5b521de19b,,Open,41553.88251261787,10,352,0.0,0.00013108722268952988,0.0008052721794228999,0.0,5.4471830505461,33.46218553441892
458c8b6cc13d70ce,3,6b7e1f5b521de19b,d4f34f97b6d22a81,Open,1.170863568534039,10,0,0.0,0.000733047685935162,0.18780850991606704,0.0,0.0008582988294596632,0.2198981421213867
459489db218673be,0,6b7e1f5b521de19b,6f9a9c5f2856c8b3,Open,85310.81114042184,30,569,0.0003421000903472304,0.0010616293759085238,0.0085003818385303,29.184836198733823,90.56846318925598,725.1744696483302
45b23d198af44332,0,062b9e5a52eb6d8e,,Open,1.170863568534039,10,0,0.0,0.0003536250878823921,0.2928591236472129,0.0,0.00041404673232114074,0.34289807859132704
45b4eb9b7e1b126d,2,6b7e1f5b521de19b,6f9a9c5f2856c8b3,Open,1.170863568534039,10,0,0.0,0.04030665680766106,0.6165218442678451,0.0,0.04719359602549484,0.7218629666586361
45c526698e416f03,2,6b7e1f5b521de19b,6f9a9c5f2856c8b3,Open,76969.49683290807,80,0,0.1810336798429489,0.5778287619352341,0.9890536814928055,13934.07124732155,44475.1890617372,76126.96420523657
45e3948a05380c18,2,6b7e1f5b521de19b,6f9a9c5f2856c8b3,Open,271714.27236091055,50,0,0.0009216022677719593,0.07649370431900025,0.795119747519493,250.41248959382295,20784.431209227794,216045.38363704993
45eba596088318c7,5,6b7e1f5b521de19b,d4f34f97b6d22a81,Open,92571.77645502139,10,42,0.0,0.00021180887051741593,0.011924306256696564,0.0,19.6075234127288,1103.8542131761274
45edfb105d888088,3,6b7e1f5b521de19b,,Open,1.170863568534039,10,0,0.0,0.0001517322256404441,0.0018873899767640977,0.0,0.00017765773517498237,0.0022098761634093884
45ef6458d72f3242,3,6b7e1f5b521de19b,,Open,22215.71817554351,50,0,0.00028759543783962727,0.11816086024045944,0.8017160952091215,6.389139195617201,2625.028370481831,17810.69882796305
45efecf48d8d9454,0,6b7e1f5b521de19b,6f9a9c5f2856c8b3,Open,1.170863568534039,10,0,0.0,0.0004042112734168768,0.31706134527921676,0.0,0.00047327625403457247,0.3712355781778268
45f98c71b3b34ae6,3,6b7e1f5b521de19b,2095e0b55fdf3180,Open,118887.02774929522,60,29,0.001223800703883171,0.023507377691566946,0.8529058873653412,145.49402824216557,2794.7222639304828,101399.44589874058
4602c60eb77dead0,4,ddbd249e57ed6b40,28c9c64e5918b06e,Open,363.5022704672653,40,0,0.0,0.026508113369345665,0.45375597923994054,0.0,9.63575939556082,164.9413286918157
46172a651d26c752,0,6b7e1f5b521de19b,6f9a9c5f2856c8b3,Open,11025.386122928974,10,395,0.0,0.00018077190907206386,0.004794855159707363,0.0,1.9930800976985112,52.86512953929196
461eaf283df44656,0,6b7e1f5b521de19b,6f9a9c5f2856c8b3,Open,10015.007569980527,10,0,0.0,0.000465509646164719,0.35883657634258265,0.0,4.662082630238618,3593.7510284568607
462007a8ab598165,5,6b7e1f5b521de19b,d4f34f97b6d22a81,Open,3806.0616105356717,60,179,0.0028538778424263,0.016917144414037466,0.3457258522510528,10.86203489721711,64.38769391415597,1315.8538940224596
46227cbb7f9ac820,2,6b7e1f5b521de19b,,Open,18179.73727059817,50,0,0.00028759543783962727,0.04187336340546608,0.5358231067657471,5.2284095001470705,761.2467453476531,9741.123304516954
4622c3b0c353ea21,3,6b7e1f5b521de19b,,Open,8269.642544488683,50,0,0.00116905365139246,0.028401740733534096,0.5431031852960586,9.667655812344927,234.87224350757077,4491.2692071716065
464a1396d4b5f749,2,6b7e1f5b521de19b,,Open,1.170863568534039,10,0,0.0,0.0005171641532797366,0.19337598904967296,0.0,0.0006055286660269972,0.2264169006074993
4653d78b571a50d1,2,6b7e1f5b521de19b,6f9a9c5f2856c8b3,Open,1.170863568534039,10,0,0.0,0.0001736769401759375,0.026974342949688423,0.0,0.000203352001946471,0.03158327544493318
465e614eebda2778,0,6b7e1f5b521de19b,6f9a9c5f2856c8b3,Open,1.170863568534039,10,0,0.0,0.0006289073615334929,0.18463647738099095,0.0,0.0007363647176024324,0.21618412478786142
466a712150ef4063,0,6b7e1f5b521de19b,,Open,17088.94487642747,90,182,0.31081997975707054,0.7691979676485061,0.9999294996261596,5311.585500560881,13144.781668205362,17087.740099425144
466e04563712f163,0,6b7e1f5b521de19b,6f9a9c5f2856c8b3,Open,1.170863568534039,10,0,0.0,0.05778196305036545,0.7194600075483321,0.0,0.06765479545405287,0.8423895118555667
467f7cea116f29d7,5,6b7e1f5b521de19b,6f9a9c5f2856c8b3,Open,1.170863568534039,60,0,0.0010428334586322307,0.042959421128034594,0.781702697277069,0.0012210157047608276,0.050299621124127177,0.9152672096665125
4681f6ea5c735467,0,cca8e68b78e095c5,,Open,121529.78061548984,1,0,0.0,0.00012686895279330203,0.0002661332124262116,0.0,15.418355999886932,32.343110920653054
468ecd16f21207f3,3,6b7e1f5b521de19b,6f9a9c5f2856c8b3,Open,2864.41509483459,90,0,0.1437087818980217,0.9675998657941818,0.9999387085437774,411.64160412898525,2771.6076613407777,2864.2395306622016
46a9313685a26629,5,6b7e1f5b521de19b,6f9a9c5f2856c8b3,Open,29543.967670058035,60,0,0.0028538778424263,0.3632118746638298,0.9721091121435166,84.31487471093759,10730.719882449359,28719.960180936876
46a940c33e85083f,5,6b7e1f5b521de19b,d4f34f97b6d22a81,Open,27505.233600127875,30,69,0.0,0.0015476781409233809,0.009411318507045506,0.0,42.56924880390922,258.8605140214934
46ae87dba7f8f46a,2,6b7e1f5b521de19b,d4f34f97b6d22a81,Open,1.170863568534039,10,0,0.0,0.024281488824635745,0.5568883419036862,0.0,0.028430310654532397,0.652040271276354
46bd8cbaaf362916,6,6b7e1f5b521de19b,,Open,2.4198904513070483,10,0,0.0,0.0007349223480559886,0.20441611260175688,0.0,0.0017784315725128418,0.49466459897829784
46ce0f5e1233bab8,1,6b7e1f5b521de19b,,Open,41408.65805672001,60,218,0.00116905365139246,0.005149830901063979,0.11479835025966165,48.40894290047033,213.2475868320886,4753.645631377904
46ce40642c39ee4f,2,6b7e1f5b521de19b,6f9a9c5f2856c8b3,Open,262.2931122345503,40,0,0.00028759543783962727,0.03599939756095409,0.49589579105377174,0.07543430245541398,9.442394024831527,130.07005037950805
46d9ef02b74bd802,2,6b7e1f5b521de19b,6f9a9c5f2856c8b3,Open,12262.816124644813,10,0,0.0,0.000595593053731136,0.4893094703555106,0.0,7.3036481030206195,6000.312063016968
46df6db17562898a,3,6b7e1f5b521de19b,,Open,4176.674738255045,10,0,0.0,0.00013096384936943652,0.0009065797756193199,0.0,0.5469934012859644,3.78648884704214
46f5a90048adfcbe,3,6b7e1f5b521de19b,,Open,7495.264905653416,10,137,0.0,8.481968252453953e-05,0.0001953755709109828,0.0,0.6357459897348454,1.4643916600710896
4701fb6fb5aef421,2,6b7e1f5b521de19b,6f9a9c5f2856c8b3,Open,760753.8886393537,40,59,0.00021585437934845686,0.004842401714995503,0.12734080776572226,164.21205846917275,3683.8759350367045,96875.01469024962
470415f3a2f0b628,2,6b7e1f5b521de19b,6f9a9c5f2856c8b3,Open,1.170863568534039,10,0,0.0,0.025710560567677024,0.5579554080963132,0.0,0.030103558695280867,0.6532896602065152
4707a135531acd1b,5,6b7e1f5b521de19b,6f9a9c5f2856c8b3,Open,14113.888689804007,30,0,0.0,0.0004547823467873968,0.18151436448097222,0.0,6.418747420645164,2561.873535884956
47099be398a05f05,6,6b7e1f5b521de19b,,Open,1.170863568534039,10,120,0.0,0.00011294274954707362,0.0015407640661578626,0.0,0.00013224055077473284,0.0018040245127706111
471325a1c8d40e26,2,6b7e1f5b521de19b,6f9a9c5f2856c8b3,Open,244480.93109410699,60,8,0.0030671000480651856,0.08223652727901937,0.8177393943071365,749.8474755097569,20105.262759120582,199921.6885125398
471cf124a1ead606,4,fc3655a0b667e091,28c9c64e5918b06e,Open,1.170863568534039,10,0,0.0,0.0001865096317487769,0.030062414146959766,0.0,0.00021837733299534241,0.03519898550685749
4748a205c4ac504b,2,6b7e1f5b521de19b,6f9a9c5f2856c8b3,Open,68943.69487490656,30,335,0.0003421000903472304,0.0021425955113954843,0.01830894332379102,23.585644245577424,147.71845117799467,1262.2862019974057
475df06f536c7a4e,3,6b7e1f5b521de19b,6f9a9c5f2856c8b3,Open,1.170863568534039,10,45,0.0,0.00019772600062424318,0.009888767590746278,0.0,0.000231510170682865,0.011578397709704938
475edb121ec5f069,3,6b7e1f5b521de19b,,Open,5083.8994500666495,10,0,0.0,0.00016037751629482955,0.028194255568087075,0.0,0.815343166894339,143.33676037763647
47729b0353b9619e,0,062b9e5a52eb6d8e,,Open,869711.3941640588,20,325,0.0,0.001173183647915721,0.0060352902859449374,0.0,1020.3311860392581,5248.960728773973
477b9640b8debdd1,5,6b7e1f5b521de19b,,Open,1.170863568534039,10,0,0.0,0.00031361686560558153,0.07376026846468446,0.0,0.0003672025624154113,0.08636321115058919
477facb83c7e2f7f,0,6b7e1f5b521de19b,6f9a9c5f2856c8b3,Open,1052811.1590476718,10,181,0.0,0.0006709811073960737,0.09219680093228814,0.0,706.4163973767506,97065.82085000975
4795c15ef9320454,3,255414ab73601d72,d4f34f97b6d22a81,Open,219582.77326747295,70,81,0.005346179753541946,0.03227674709632993,0.5713502287864684,1173.9289766691556,7087.417639464981,125458.66774393787
479da6aa2f28b57a,1,6b7e1f5b521de19b,,Open,4854.049577612525,10,0,0.0,0.00016037751629482955,0.028194255568087075,0.0,0.7784804152294633,136.85631433137266
47b6a26f058e77d8,2,6b7e1f5b521de19b,6f9a9c5f2856c8b3,Open,310741.7000277706,30,2,0.0002539545763283968,0.03227206477895379,0.6788022220134734,78.91427677811825,10028.27627281844,210932.1564510949
47b77c5f339a7a1b,3,6b7e1f5b521de19b,,Open,9648.963805727817,10,0,0.0,0.00048266569938277827,0.20952370613813387,0.0,4.657223863610731,2021.686656968805
47c79887f3f8d0fe,2,6b7e1f5b521de19b,6f9a9c5f2856c8b3,Open,325.3216003955088,40,0,0.0,0.022341009601950648,0.43497086763381954,0.0,7.268012998158015,141.5054187840572
47dc887f4f2cc319,1,6b7e1f5b521de19b,,Open,11264.189824104717,40,114,0.00028759543783962727,0.007427811692468822,0.25185298696160274,3.23952960437207,83.66828088167334,2836.9198529032633
47e5da3939bd972d,2,6b7e1f5b521de19b,6f9a9c5f2856c8b3,Open,1645.1018281872764,40,0,0.0,0.026508113369345665,0.44498907178640357,0.0,43.60854576570614,732.0523355191717
47f801b4ed16c51c,2,6b7e1f5b521de19b,6f9a9c5f2856c8b3,Open,88250.1203478151,10,0,0.0,0.059692588075995444,0.7125854820013047,0.0,5267.878081579151,62885.75454472097
47f971f138624369,4,7545e34e09ae9cad,28c9c64e5918b06e,Open,1.170863568534039,10,0,0.0,0.00015884339591138997,0.0019925193395465613,0.0,0.00018598394537487522,0.0023329683042745734
47f98b04d5ee8d7d,1,6b7e1f5b521de19b,6f9a9c5f2856c8b3,Open,1.170863568534039,1,29,0.0,0.00010332023375667632,0.00024022019933909178,0.0,0.00012097389759811311,0.0002812650798321272
480f69cfa3ecfe70,4,fd10c5543bdbcbc9,d4f34f97b6d22a81,Open,1683684.2606129514,90,350,0.31012811288237574,0.7120918840169906,0.9998987019062042,522157.8224336527,1198937.8972296305,1683513.7066067974
481d85c5dfe6c80b,2,6b7e1f5b521de19b,,Open,16565.327114841417,50,0,0.00028759543783962727,0.07617114633321763,0.7221142917871475,4.764112504549467,1261.7999557222033,11962.05945775614
4825070b239ae720,5,6b7e1f5b521de19b,d4f34f97b6d22a81,Open,50849.954851771094,10,0,0.0,0.0006829296879004687,0.4905080363154411,0.0,34.726943796672956,24942.311501071075
48307bdf8b6c8cd9,2,6b7e1f5b521de19b,,Open,1.170863568534039,10,0,0.0,0.00017156905887532047,0.02402779888361692,0.0,0.00020088396052478434,0.0281332743448899
486b054fe5141388,3,6b7e1f5b521de19b,,Open,21273.147061594493,30,0,0.0,0.02011199649423361,0.4373220443725584,0.0,427.8454591241044,9303.216163214587
48797b3d794dc679,2,6b7e1f5b521de19b,,Open,194582.11350708478,30,0,0.0,0.033663036115467546,0.5140225827693938,0.0,6550.224714413001,100019.60054563907
487b89bc04d48414,3,6b7e1f5b521de19b,,Open,25102.753943361105,10,0,0.0,0.00045158513967180625,0.2075768448412417,0.0,11.33603064565971,5210.7504603889365
488238066aaccf57,3,6b7e1f5b521de19b,,Open,13315.01140132538,10,507,0.0,0.00017504745919723065,0.0021363985375501215,0.0,2.330758914984165,28.446170885254737
48a68ca2ccacc898,0,6b7e1f5b521de19b,,Open,7622.2759197919995,10,0,0.0,0.00050806695362553,0.3704308152198791,0.0,3.8726265062619563,2823.525882799404
48bf3f0a6c6f3406,0,6b7e1f5b521de19b,6f9a9c5f2856c8b3,Open,45726.19110307761,80,0,0.00523643511114642,0.2738496720790863,0.9727152824401856,239.44223259114668,12522.102439003436,44478.564893744035
48c2ec7233fb49f9,2,6b7e1f5b521de19b,6f9a9c5f2856c8b3,Open,137139.43247256704,10,0,0.0,0.0821656357496977,0.7967580467462537,0.0,11268.148655461207,109266.94634873228
48c3b7e56f3ca611,5,6b7e1f5b521de19b,d4f34f97b6d22a81,Open,1.170863568534039,10,0,0.0,0.0010457496828166768,0.440844628214836,0.0,0.0012244302054160736,0.5161689145606846
48ceffb5f9f72368,2,6b7e1f5b521de19b,d4f34f97b6d22a81,Open,1011.9373225051188,10,0,0.0,0.0005471536744153128,0.339202307164669,0.0,0.5536852242866691,343.251474499774
49055099bf38efe1,0,6b7e1f5b521de19b,6f9a9c5f2856c8b3,Open,1.170863568534039,40,0,0.00028759543783962727,0.026343358960002665,0.4506334528326988,0.00033673502064301535,0.03084447927908187,0.5276302926845092
490b848807d3a828,4,38080774be85927f,28c9c64e5918b06e,Open,324.74120042631216,10,0,0.0,0.00019588042705436236,0.03165677785873413,0.0,0.0636104450216523,10.28026004347442
490bdc975a22d7a2,0,cca8e68b78e095c5,,Open,121529.78061548984,10,0,0.0,0.0003236245000152849,0.2769752934575079,0.0,39.33001448865516,33660.746649801855
490d4824877d7314,2,6b7e1f5b521de19b,6f9a9c5f2856c8b3,Open,1.170863568534039,70,0,0.015565882623195647,0.19226855635643006,0.9599661648273468,0.018225524875576844,0.22512024801237768,1.1239894094216827
4921068263116dfc,1,6b7e1f5b521de19b,d4f34f97b6d22a81,Open,1.170863568534039,10,0,0.0,0.0007811177056282759,0.06669564433395858,0.0,0.000914582264257044,0.0780915001305358
49334ad11997134b,4,bd661df59343798b,28c9c64e5918b06e,Open,1.170863568534039,10,0,0.0,0.0010110414412338286,0.5337148308753967,0.0,0.0011837915898188383,0.624907251458308
49363daf934c7ad4,2,6b7e1f5b521de19b,6f9a9c5f2856c8b3,Open,256090.38021668003,60,0,0.0030671000480651856,0.09478737749159337,0.8571956127882003,785.454817471611,24274.135541564123,219519.55039900026
493894d95edbb5f5,5,6b7e1f5b521de19b,6f9a9c5f2856c8b3,Open,5904.2113289495155,70,0,0.0030671000480651856,0.49600603729486464,0.9870347023010253,18.108806850808072,2928.5244646236956,5827.661471392026
49400f29e189747a,5,6b7e1f5b521de19b,6f9a9c5f2856c8b3,Open,308983.95905336767,80,25,0.005199205502867699,0.06891360878944397,0.7048746675252914,1606.471100208117,21293.199676417353,217794.96540839077
49481380be64d502,3,6b7e1f5b521de19b,,Open,5655.969519442425,70,0,0.0010428334586322307,0.5068237349390984,0.9836250007152557,5.898234255878619,2866.5795965455072,5563.35302260702
4951bef6d711e41a,3,6b7e1f5b521de19b,d4f34f97b6d22a81,Open,1.170863568534039,10,0,0.0,0.0005748709518229589,0.03583841919898985,0.0,0.0006730954540979892,0.041961899393948066
4958b64f3e5ac104,0,e366e0e543d0c5cd,,Open,5083.8994500666495,10,0,0.0,0.0005069677732535638,0.5215681567788119,0.0,2.577373183645307,2651.6000654200775
49663dea96cc140f,1,6b7e1f5b521de19b,,Open,4617.932559522553,20,0,0.0,0.10207200944423675,0.8226965606212615,0.0,471.3616558284344,3799.157233900143
4999fea486176264,5,6b7e1f5b521de19b,6f9a9c5f2856c8b3,Open,1.170863568534039,70,0,0.0011230711825191975,0.1626260779798031,0.9106594681739806,0.0013149631324821706,0.19041295000012715,1.0662579946254969
49a35b1cd35d5ffc,2,6b7e1f5b521de19b,6f9a9c5f2856c8b3,Open,1.170863568534039,10,0,0.0,0.000927898523514159,0.5512561082839965,0.0,0.001086442576479254,0.6454456941215867
49a7406a497da3e4,3,532ef57d231b606f,,Open,25102.753943361105,20,0,0.0,0.020078341383486985,0.38311961740255346,0.0,504.02166334047837,9617.357486530947
49ad9ff7190a4770,3,6b7e1f5b521de19b,,Open,121323.49592159207,10,0,0.0,0.00017301895495620557,0.03302323976531623,0.0,20.99126447598733,4006.4948949851005
49bb5747e172f96a,2,6b7e1f5b521de19b,6f9a9c5f2856c8b3,Open,1185.674972700452,50,0,0.0010428334586322307,0.25419103503227236,0.9123140424489975,1.236461532594888,301.38794852258917,1081.7079273749541
49bfaaf724320c80,0,4dcb7378104041b8,,Open,524.1075465093295,10,0,0.0,0.00037666372518287974,0.3229098796844482,0.0,0.19741230086466344,169.23950478503892
49cb7cbf9b64f1c4,3,6b7e1f5b521de19b,d4f34f97b6d22a81,Open,36279.915214761066,30,6,0.0,0.033071239572018386,0.4547129645943639,0.0,1199.8217677198782,16496.94780253617
49ce765582171bcf,3,6b7e1f5b521de19b,,Open,21233.35486720398,50,0,0.00028759543783962727,0.2796002432703972,0.9368659824132919,6.106615989837709,5936.851186316904,19892.80786759311
49d3239c60fbf258,3,6b7e1f5b521de19b,d4f34f97b6d22a81,Open,9449.551670513421,10,0,0.0,0.00042443626443855464,0.24550017192959772,0.0,4.01073241165182,2319.8665597686622
49e2026bf4b6db0a,2,6b7e1f5b521de19b,,Open,1875334.4167467572,50,350,0.001232695544604212,0.0039022259763441982,0.061959073320031095,2311.716380166666,7317.978675361493,116193.98262679008
49e259f30c058fb9,2,6b7e1f5b521de19b,,Open,1.170863568534039,1,412,0.0,7.882436802901794e-05,0.0001591567546711303,0.0,9.229258083789635e-05,0.0001863508457305362
49fa6e3411dc3bac,2,6b7e1f5b521de19b,,Open,4271.355885203606,10,0,0.0,0.0003116098130703904,0.07778029963374138,0.0,1.3309964089454074,332.2273405934811
49fceac02e2f33e3,3,6b7e1f5b521de19b,6f9a9c5f2856c8b3,Open,8709.880466015842,10,0,0.0,0.0004910445713903755,0.2932633027434347,0.0,4.276939520296153,2554.288311964332
4a0390834c7caff3,3,6b7e1f5b521de19b,,Open,11264.189824104717,10,482,0.0,8.470738503092434e-05,0.00046666799171362066,0.0,0.9541600644918581,5.25663684349595
4a0cf5f8be2e2b67,0,6b7e1f5b521de19b,,Open,1.170863568534039,10,0,0.0,0.0006881429551867769,0.46668460518121707,0.0,0.0008057215161715488,0.5464240022023789
4a20278a31c98792,5,6b7e1f5b521de19b,6f9a9c5f2856c8b3,Open,1.170863568534039,90,0,0.08148507699370384,0.9352616190910339,0.9998788952827453,0.095407908031119,1.095063756841851,1.170721771432628
4a301cdc1a7647b3,5,6b7e1f5b521de19b,6f9a9c5f2856c8b3,Open,2881.557875235741,40,0,0.00028759543783962727,0.04100384432822466,0.5337103351950642,0.828722898788649,118.15495053893615,1537.9172194760442
4a405c093cf296cf,3,6b7e1f5b521de19b,,Open,36077.87700023642,90,0,0.009873508336022496,0.9755076140165329,0.9999297678470611,356.21521930782853,35194.24371128258,36075.34317326123
4a42a676bdace7c9,3,6b7e1f5b521de19b,d4f34f97b6d22a81,Open,81159.454505678,10,0,0.0,0.0004910445713903755,0.308617429435253,0.0,39.85290955201734,25047.222223909706
4a4c178e17d8b4f0,2,6b7e1f5b521de19b,6f9a9c5f2856c8b3,Open,4271.355885203606,60,0,0.0030671000480651856,0.255962111055851,0.950948029756546,13.100675840811492,1093.305269447548,4061.8374634233965
4a5506d3043710df,1,6b7e1f5b521de19b,,Open,10595.603566529833,10,46,0.0,0.00021564633861999029,0.012508141109719867,0.0,2.284903114591069,132.53130455280626
4a5dc848ef8c06a8,4,fd10c5543bdbcbc9,d4f34f97b6d22a81,Open,1.170863568534039,10,0,0.0,0.0005806979810586199,0.31572286933660504,0.0,0.0006799181103428074,0.3696684054592635
4a62189a6593ceed,5,6b7e1f5b521de19b,d4f34f97b6d22a81,Open,24149.8562098709,10,131,0.0,9.595832707418595e-05,0.0002723920581047423,0.0,2.3173798009813527,6.578229035940327
4a642f88c2d7ecd9,1,ddbd249e57ed6b40,6f9a9c5f2856c8b3,Open,323484.79236440384,5,191,0.0,9.81172084721038e-05,0.00025403485051356256,0.0,31.739424809973425,82.17641087170215
4a6ac3c900e1acbc,3,6b7e1f5b521de19b,d4f34f97b6d22a81,Open,739193.6311765709,60,0,0.0013855681754648685,0.06393550336360931,0.7875337272882461,1024.2031708645723,47260.71689244823,582139.915548218
4a80588ffa8ab97c,5,6b7e1f5b521de19b,d4f34f97b6d22a81,Open,166222.0808626077,1,171,0.0,9.392253959958908e-05,0.00017924308776855465,0.0,15.61199997214437,29.794159029128178
4aaf5bc10b297667,5,6b7e1f5b521de19b,6f9a9c5f2856c8b3,Open,1.170863568534039,100,0,0.9997202754020691,0.9997470319271088,0.9999426543712616,1.1705360491930987,1.1705673774334884,1.1707964246265345
4ac591565a571c71,2,6b7e1f5b521de19b,6f9a9c5f2856c8b3,Open,23408.651769377895,30,8,0.0,0.04898502267897129,0.6901066035032272,0.0,1146.6733378071176,16154.465165155189
4ad7d92d394e2637,3,6b7e1f5b521de19b,d4f34f97b6d22a81,Open,4517.797135638614,95,67,0.7995575428009033,0.7111868381500244,0.9999245166778564,3612.23877664417,3212.9978602980627,4517.456117302046
4ae3f6e79ab0729e,4,255414ab73601d72,28c9c64e5918b06e,Open,1.170863568534039,10,0,0.0,0.0006305559625616298,0.299844391644001,0.0,0.0007382950044853257,0.351076874405213
4af0db31f5495a79,2,6b7e1f5b521de19b,6f9a9c5f2856c8b3,Open,98.49392076768089,10,0,0.0,0.000615983220632188,0.2959710091352461,0.0,0.060670602527167626,29.151345123297485
4af17b4d427b3fab,3,6b7e1f5b521de19b,,Open,11485.134609700683,10,0,0.0,0.00015417011309182271,0.001060908022918737,0.0,1.7706645016523614,12.184671451733111
4af53851f37229dc,0,6b7e1f5b521de19b,6f9a9c5f2856c8b3,Open,1.170863568534039,40,0,0.0011230711825191975,0.2372162602841854,0.9547216355800628,0.0013149631324821706,0.27774787703064074,1.1178487811919267
4b02ca23839186a6,6,674ec33189ed753c,,Open,976618.5275111411,10,497,0.0,0.0037199011771008378,0.26248402595520015,0.0,3632.924410067181,256346.7629235637
4b23f5b319b63c88,6,6b7e1f5b521de19b,,Open,1110457.5568888315,25,0,0.0,0.04418277703225613,0.5952382028102872,0.0,49063.09863980312,660986.7604596103
4b2d2a3d5901d09f,2,6b7e1f5b521de19b,,Open,1187910.3043156844,10,0,0.0,0.001709920563735068,0.6146123856306076,0.0,2031.232257222171,730104.3860506439
4b4bc09f5716407c,3,6b7e1f5b521de19b,,Open,1.170863568534039,10,0,0.0,0.0001517322256404441,0.0018873899767640977,0.0,0.00017765773517498237,0.0022098761634093884
4b58509a371283b0,0,6b7e1f5b521de19b,6f9a9c5f2856c8b3,Open,1.170863568534039,33,0,0.00017479545203968883,0.02755013359710574,0.47573290020227393,0.00020466162673871051,0.032257447737096746,0.5570183211998823
4b64568f651ac87e,1,6b7e1f5b521de19b,,Open,4719.589194588503,50,0,0.0,0.1678554952144623,0.9207873672246932,0.0,792.2089814664785,4345.738108867258
4b719cdca6d12d34,2,6b7e1f5b521de19b,d4f34f97b6d22a81,Open,19508.28213731301,10,236,0.0,0.0002057948069705162,0.005210860772058368,0.0,4.014703156774701,101.65494211957134
4b797bceb5d5381f,2,6b7e1f5b521de19b,d4f34f97b6d22a81,Open,692.7716514506209,70,0,0.0462491512298584,0.6676823318004608,0.9912915289402008,32.04010087569851,462.55139164580663,686.7386695729139
4b7d9873f02d40c9,2,6b7e1f5b521de19b,6f9a9c5f2856c8b3,Open,98.49392076768089,10,0,0.0,0.0005831709830090404,0.19508642703294743,0.0,0.057438796594503,19.214827087033083
4b8678e12a39937d,3,6b7e1f5b521de19b,,Open,2.4198904513070483,10,0,0.0,0.0006829835125245154,0.3166892901062965,0.0,0.0016527452803582227,0.7663533891594345
4b907ac2c2c46122,0,a0d28553c7be77f0,,Open,510044.4819514525,50,0,0.00116905365139246,0.060869018919765955,0.6976924359798431,596.2693639979211,31045.907221825186,355854.177070786
4b92350af79fa51a,1,6b7e1f5b521de19b,,Open,25103.935739946908,50,67,0.00028759543783962727,0.011028968403115869,0.14904901981353755,7.219777390627899,276.87051406972563,3741.71701550112
4ba46ea84827a3c8,0,062b9e5a52eb6d8e,6f9a9c5f2856c8b3,Open,1.170863568534039,30,0,0.0,0.018475090619176626,0.4021190345287322,0.0,0.021631810531358892,0.4708265277437738
4ba532d1c899091d,3,6b7e1f5b521de19b,d4f34f97b6d22a81,Open,26102.510176658587,10,0,0.0,0.0004343979569966905,0.2713697522878646,0.0,11.338877093225813,7083.431720731305
4bb4d07afbbcc573,2,6b7e1f5b521de19b,,Open,14310458.018893765,10,0,0.0,0.006591795128770173,0.13446957468986506,0.0,94331.60745941398,1924321.2034178136
4bb6bed275780f7f,4,75c64824a2a4e380,28c9c64e5918b06e,Open,80632.6108469564,1,414,0.0,8.800451832939871e-05,0.00014809296117164193,0.0,7.096034079228248,11.941122107326429
4bc0c4eb501be342,5,6b7e1f5b521de19b,6f9a9c5f2856c8b3,Open,699351.1059217529,30,0,0.00017479545203968883,0.028567046951502563,0.591906839609146,122.24339269404909,19978.395878451956,413950.70288330584
4bc8c09197eeac72,5,6b7e1f5b521de19b,6f9a9c5f2856c8b3,Open,1.170863568534039,10,0,0.0,0.0003833010690868832,0.06550415437668558,0.0,0.0004487932575739803,0.07669642794729066
4bcdcee7e25b05ec,2,6b7e1f5b521de19b,6f9a9c5f2856c8b3,Open,38041.30543201368,10,0,0.0,0.0006044353474862874,0.5066597864031791,0.0,22.99350966763118,19273.99968468215
4bf77c2f9fdd5353,2,6b7e1f5b521de19b,6f9a9c5f2856c8b3,Open,1.170863568534039,10,0,0.0,0.0008053897327044979,0.5348881155252455,0.0,0.0009430014964950642,0.6262810077103362
4c080a68b313214c,3,6b7e1f5b521de19b,d4f34f97b6d22a81,Open,1.170863568534039,90,0,0.007812605053186417,0.9568838179111481,0.9999229311943054,0.009147494632120914,1.1203804017119223,1.1707733314771807
4c133a8768257da8,4,255414ab73601d72,,Open,1.170863568534039,30,0,0.0,0.022819105349481106,0.4001128822565078,0.0,0.026718059120247627,0.4684775971352945
4c158455c349c437,0,6b7e1f5b521de19b,6f9a9c5f2856c8b3,Open,780477.9660902079,45,0,0.00116905365139246,0.04723331425338984,0.618119940161705,912.4206160891181,36864.561040185334,482428.9936972086
4c1f6892348fae6c,2,6b7e1f5b521de19b,d4f34f97b6d22a81,Open,9532.934339689546,30,529,0.00030547641217708587,0.0012268418620806187,0.00715846929233521,2.9120865796080997,11.695402916396995,68.24121773651544
4c21365947cffdcb,0,6b7e1f5b521de19b,6f9a9c5f2856c8b3,Open,46782.3211871621,10,2,0.0,0.0005324028723407536,0.3101186439394948,0.0,24.907042174812798,14508.070006904607
4c2e984e2772e4be,3,6b7e1f5b521de19b,d4f34f97b6d22a81,Open,10689.267558289563,30,146,0.0,0.0011145770316943527,0.006316061178222295,0.0,11.914012106105123,67.51406784854373
4c30927b4e1bea4c,3,6b7e1f5b521de19b,d4f34f97b6d22a81,Open,121130.27981900205,30,151,0.0,0.006574869435280561,0.1285395327955484,0.0,796.4157744689384,15570.029575328568
4c3179a4f0939cf3,2,6b7e1f5b521de19b,6f9a9c5f2856c8b3,Open,1240691.1674818152,10,72,0.0,0.0002806961841997691,0.07987515255808822,0.0,348.25727648250216,99100.39628008257
4c359311faa1c041,5,6b7e1f5b521de19b,d4f34f97b6d22a81,Open,171129.8787806521,10,0,0.0,0.00025364822940900924,0.021134710963815428,0.0,43.406790751690785,3616.7805253018532
4c4cc054a7b7225b,0,6b7e1f5b521de19b,6f9a9c5f2856c8b3,Open,1.170863568534039,33,0,0.0002038492588326335,0.03222109172493219,0.5016230165958403,0.00023867967063979622,0.037726502439116696,0.587332115270215
4c4ff8fa9e8b0a45,3,6b7e1f5b521de19b,,Open,186555.16774733728,50,9,0.0013007473200559617,0.08508079536259175,0.7478551536798476,242.66113448993934,15872.262050945179,139516.24364545467
4c50d7b4eb5c984b,1,6b7e1f5b521de19b,d4f34f97b6d22a81,Open,1.170863568534039,75,0,0.001455825287848711,0.4156622767448426,0.9706489324569701,0.0017045727916926363,0.48668381665444965,1.1364974728503234
4c58a296d42f1e72,4,1bb1bb990c53f4fc,28c9c64e5918b06e,Open,660810.8464537943,50,53,0.001086287386715412,0.018983474187552928,0.19916598051786422,717.8304875074916,12544.485646510606,131611.04017080975
4c7d745be68fccea,4,6ab36d9b02cbcf6b,28c9c64e5918b06e,Open,39731.24240878655,50,359,0.00116905365139246,0.0016976501152385025,0.02438472169451411,46.44795401235087,67.44974825384537,968.8352887155365
4c86ce8da7e675cf,0,6b7e1f5b521de19b,,Open,3486.3671411101836,40,52,0.00028759543783962727,0.002473613678012043,0.031660182774066924,1.002663284417273,8.623925446821893,110.37902090504959
4cae0c3b5c5dc40a,3,6b7e1f5b521de19b,6f9a9c5f2856c8b3,Open,9304.663367206951,30,0,0.00017479545203968883,0.0357737073674798,0.49057583361864077,1.6264128393480721,332.8623044513707,4564.642987908379
4cbcf261c92bbba2,0,6b7e1f5b521de19b,6f9a9c5f2856c8b3,Open,1.170863568534039,60,0,0.0010428334586322307,0.19644068777561188,0.9184673875570296,0.0012210157047608276,0.2300052446942339,1.0754000029771598
4cc29d62c95a6317,5,6b7e1f5b521de19b,6f9a9c5f2856c8b3,Open,698223.6691064333,70,1780,0.001445205952040851,0.005379732581786811,0.11654089726507644,1009.0770024484191,3756.2566220666126,81371.61288937756
4cd25e9d0d3b6b6a,2,6b7e1f5b521de19b,d4f34f97b6d22a81,Open,159.2310023729206,70,0,0.045826151967048645,0.6676823318004608,0.9912915289402008,7.296944112606943,106.31572695927633,157.8443437969332
4cfcb37ac7bf99f9,4,062b9e5a52eb6d8e,28c9c64e5918b06e,Open,1.170863568534039,10,0,0.0,0.0005394355044700206,0.299844391644001,0.0,0.0006316053797577278,0.351076874405213
4d29b22f458b1c4d,2,6b7e1f5b521de19b,6f9a9c5f2856c8b3,Open,1.170863568534039,10,0,0.0,0.00108820635068696,0.6519014447927475,0.0,0.0012741411710667377,0.7632876519825321
4d46784a06ee1a8e,6,6b7e1f5b521de19b,,Open,1.170863568534039,10,0,0.0,0.00019562276793294586,0.02652156371623276,0.0,0.00022904757214847515,0.031053132735891175
4d80c1fb98fceca8,3,6b7e1f5b521de19b,,Open,2472.949006922998,10,0,0.0,0.00017001948071992956,0.0009333767724456258,0.0,0.42044950600391356,2.308193162504403
4d84a9fafd332783,5,6b7e1f5b521de19b,d4f34f97b6d22a81,Open,42595.15305383633,60,329,0.0011230711825191975,0.007928927056491376,0.19110936820507024,47.83738890975817,337.73386152395415,8140.332788716929
4d86669ae933927c,3,6b7e1f5b521de19b,d4f34f97b6d22a81,Open,1.170863568534039,10,0,0.0,0.0003619663781137206,0.2465836666524407,0.0,0.00042381324516757216,0.2887158318788846
4d8be62d0552d0ee,0,6b7e1f5b521de19b,6f9a9c5f2856c8b3,Open,1.170863568534039,0,0,0.0,0.00014334718434838578,0.0010985245113261043,0.0,0.0001678399958054577,0.0012862223294533939
4da0025237b0d7fe,5,6b7e1f5b521de19b,d4f34f97b6d22a81,Open,81.43217479245789,10,20,0.0,0.0002877470324165188,0.012693898659199475,0.0,0.023431866639753003,1.0336917744136784
4da88e9f42fb9bbb,4,6ab36d9b02cbcf6b,28c9c64e5918b06e,Open,278.02223095548896,40,174,0.00028759543783962727,0.0006356577971018851,0.0036707619205117222,0.07995792524079383,0.17672699887451765,1.0205534184471243
4dac11c89e0640cf,6,6b7e1f5b521de19b,,Open,8269.642544488683,90,0,0.011946401372551919,0.9743879854679107,0.9999297678470611,98.79246904399334,8057.8403394640545,8269.061749688748
4dcfb19b3f0f106a,2,6b7e1f5b521de19b,,Open,1.170863568534039,10,0,0.0,0.06689308788627386,0.7629197537899014,0.0,0.0783226795927837,0.8932749454275544
4dd0f7d25cf8b463,3,6b7e1f5b521de19b,,Open,35845.270270304114,10,0,0.0,0.0004983960738172754,0.3249783933162686,0.0,17.865141967638678,11648.93834043084
4de91150dabfcad2,4,7b7c16a1b24ec3b8,28c9c64e5918b06e,Open,1.170863568534039,10,0,0.0,0.00015884339591138997,0.0019925193395465613,0.0,0.00018598394537487522,0.0023329683042745734
4dee4d312a624bbe,2,6b7e1f5b521de19b,,Open,8705.65943967616,10,0,0.0,0.0004939547245157883,0.3100566223263739,0.0,4.300201610253509,2699.2473609897024
4df0ceccd36c0a83,2,6b7e1f5b521de19b,6f9a9c5f2856c8b3,Open,13707.11230296319,60,24,0.0030671000480651856,0.3390058919787407,0.9885429084300995,42.0410848032533,4646.791832718807,13550.068662149231
4df460f043767525,3,6b7e1f5b521de19b,,Open,21273.147061594493,10,0,0.0,0.00015795135986991228,0.0018228377448394895,0.0,3.3601225070914786,38.77749541539572
4e17950d9e9736da,0,6b7e1f5b521de19b,6f9a9c5f2856c8b3,Open,415.3892283045608,40,0,0.00028759543783962727,0.037590276263654236,0.5077146887779234,0.11946404698811505,15.614595848914583,210.89921277035182
4e1bf9942d6d3ef2,0,6b7e1f5b521de19b,6f9a9c5f2856c8b3,Open,26618.016230284793,45,0,0.0011230711825191975,0.08764455914497375,0.8425058037042618,29.893926964061134,2332.924297817067,22425.833157109173
4e1ce21761bdefda,2,6b7e1f5b521de19b,6f9a9c5f2856c8b3,Open,98.49392076768089,10,31,0.0,0.00027954364923061804,0.009345909720286726,0.0,0.027533350038428873,0.9205152914918194
4e292e17574f302d,3,6b7e1f5b521de19b,,Open,11264.189824104717,10,0,0.0,0.0002502984832972288,0.0019991962180938554,0.0,2.8194096285454893,22.51932569624144
4e2b02e9476a15c1,0,6b7e1f5b521de19b,6f9a9c5f2856c8b3,Open,1.170863568534039,10,0,0.0,0.0003803798550507054,0.32467306107282634,0.0,0.0004453729144831294,0.3801478588945994
4e309599cd03a9ba,4,255414ab73601d72,28c9c64e5918b06e,Open,1.170863568534039,10,0,0.0,0.0005670213955454529,0.299844391644001,0.0,0.0006639046946234998,0.351076874405213
4e4412e329527b83,2,6b7e1f5b521de19b,6f9a9c5f2856c8b3,Open,6322160.761242091,60,0,0.0029360017622821035,0.02115482017397881,0.605349814891815,18561.875136437542,133744.1740150614,3827118.8465341963
4e475613a45db780,0,6b7e1f5b521de19b,6f9a9c5f2856c8b3,Open,1.170863568534039,80,0,0.10377752557396888,0.36531845331192014,0.9752021968364716,0.12150932392716969,0.4277380678961305,1.1418287242301854
4e4dc1c8de45fb36,3,6b7e1f5b521de19b,,Open,29324.531411075328,10,223,0.0,0.00022930531777092257,0.005728689604438836,0.0,6.724270993700029,167.99113824966736
4e54110511865a9d,2,6b7e1f5b521de19b,6f9a9c5f2856c8b3,Open,1933.526341204356,40,0,0.0,0.024754572287201883,0.4188674062490462,0.0,47.8636175825522,809.8911634544769
4e698860d75cc89b,0,6b7e1f5b521de19b,6f9a9c5f2856c8b3,Open,20861.657769300233,10,140,0.0,0.0005002179997973144,0.08023343868553638,0.0,10.435376721815468,1673.8025395117938
4e69904a43a04916,0,674ec33189ed753c,,Open,8269.642544488683,10,0,0.0,0.00016037751629482955,0.026760492101311664,0.0,1.3262647319311494,221.29970399246028
4e6f2a8141af801e,1,6b7e1f5b521de19b,,Open,64549.869003116626,25,279,0.0,0.0019388162298128008,0.00723601330537349,0.0,125.15033365553275,467.0837109666677
4e8427b443771e7d,3,6b7e1f5b521de19b,,Open,65064.44409714713,50,0,0.00116905365139246,0.04831144474446773,0.7030286282300947,76.06382594759043,3143.3572958288332,45742.166880171026
4e978cbc8a5563a4,3,6b7e1f5b521de19b,,Open,1510925.5210753132,60,174,0.001086287386715412,0.009803949296474457,0.10904997400939463,1641.2993358105243,14813.03719937162,164766.38880339396
4e9a684698df294a,4,1bb1bb990c53f4fc,28c9c64e5918b06e,Open,79302.92227133551,30,0,0.0002539545763283968,0.035300074703991415,0.513058729469776,20.139340027020793,2799.399080422968,40687.0565437718
4eabd0074dfd2fc0,2,6b7e1f5b521de19b,6f9a9c5f2856c8b3,Open,1639.6420184184335,30,137,0.00028759543783962727,0.001128118741326034,0.007678776141256094,0.4715535641872996,1.849710890043481,12.590444011232451
4eba0e915cb67ec4,2,6b7e1f5b521de19b,6f9a9c5f2856c8b3,Open,2674.015532288598,10,0,0.0,0.0007063256023684517,0.2646697528660296,0.0,1.88872563158634,707.7310300907479
4ec7ea13f2bd5674,2,6b7e1f5b521de19b,6f9a9c5f2856c8b3,Open,98.49392076768089,40,0,0.0,0.019502945244312286,0.44348475933074943,0.0,1.9209215436297131,43.68055274719686
4ece71bbfeef38d1,3,6b7e1f5b521de19b,,Open,21273.147061594493,20,296,0.0,0.0004072220632224344,0.0021655364544130857,0.0,8.662894837656777,46.06777546197349
4edb3e0c0f66409d,2,6b7e1f5b521de19b,6f9a9c5f2856c8b3,Open,1.170863568534039,10,0,0.0,0.000927898523514159,0.5512561082839965,0.0,0.001086442576479254,0.6454456941215867
4ef55f646a89d44f,0,cca8e68b78e095c5,,Open,9270.864526233152,10,0,0.0,0.0002815885804011486,0.06929630488157272,0.0,2.6105695810333605,642.4366547256097
4ef6c2b03437540e,3,6b7e1f5b521de19b,,Open,8342.688652667997,80,0,0.0070125296711921695,0.2581145815551281,0.9688214719295501,58.503351714352554,2153.369590628116,8082.575900327764
4ef94c1d6c375949,3,6b7e1f5b521de19b,,Open,89664.46366676311,30,0,0.0,0.02549321260303259,0.422234433889389,0.0,2285.8352351936833,37859.424056331416
4f256475d4786a68,2,6b7e1f5b521de19b,d4f34f97b6d22a81,Open,1.170863568534039,70,0,0.003466563671827316,0.1640075571835041,0.959180599451065,0.004058873111346193,0.19203047367042805,1.1230696195418925
4f336ed5efdda0db,3,6b7e1f5b521de19b,,Open,5186.502594949308,10,78,0.0,9.072025713976472e-05,0.00027887822943739593,0.0,0.47052084906985825,1.4464026606519227
4f37e090401390c1,2,6b7e1f5b521de19b,6f9a9c5f2856c8b3,Open,1.170863568534039,10,0,0.0,0.0006701863982016221,0.30237132310867293,0.0,0.0007846968377813256,0.3540355663973797
4f3d793270ed61aa,5,cca8e68b78e095c5,28c9c64e5918b06e,Open,37065.242899311634,60,8,0.00116905365139246,0.15571204647421838,0.8400589674711227,43.33125755118871,5771.504824915806,31136.989679062095
4f4fa5e03d00e4bd,3,6b7e1f5b521de19b,,Open,4694.223952710472,80,0,0.007936662947759032,0.36188355386257176,0.9854765295982361,37.25647331396015,1698.7624466336747,4626.04753007403
4f76a866d674919e,5,6b7e1f5b521de19b,d4f34f97b6d22a81,Open,10473.765053251393,70,0,0.0028538778424263,0.21612678840756416,0.9324803471565246,29.890846012253068,2263.661203494604,9766.580072891735
4f76dec59de88ee3,2,6b7e1f5b521de19b,,Open,28033.352531405413,30,0,0.0,0.029398361407220366,0.4262760773301122,0.0,824.1346291742723,11949.94755149967
4f93611d033ec351,2,6b7e1f5b521de19b,6f9a9c5f2856c8b3,Open,72501.5410085759,40,0,0.00116905365139246,0.08765894025564194,0.8177975744009017,84.75819124765583,6355.40825171273,59291.58437714088
4f94d9ed16575950,3,6b7e1f5b521de19b,,Open,76057.68653515907,70,0,0.001086287386715412,0.19321136251091958,0.9349545687437056,82.62050554589793,14695.209244886506,71110.48151412359
4f952a29dbe20fd5,3,6b7e1f5b521de19b,,Open,2.4198904513070483,10,32,0.0,0.00017173208980238996,0.012531860079616302,0.0,0.000415572844295808,0.030325728543779476
4fab5f4ad153fa4f,2,6b7e1f5b521de19b,6f9a9c5f2856c8b3,Open,22646.624614388144,10,169,0.0,0.00016669459582772106,0.0029642472858540706,0.0,3.775069936957551,67.13019554695605
4fb371f17e2ed7de,2,255414ab73601d72,28c9c64e5918b06e,Open,456.7596480344009,40,0,0.00028759543783962727,0.032837796956300735,0.4913544714450834,0.1313619909639276,14.998980579985046,224.43089543738537
4fc528d72e6af2db,3,6b7e1f5b521de19b,d4f34f97b6d22a81,Open,15138.147384770105,50,188,0.0,0.0020105831848923118,0.02590325204655528,0.0,30.4365045822403,392.12724722560165
4ff8eb1aadac7acd,2,6b7e1f5b521de19b,d4f34f97b6d22a81,Open,159.2310023729206,70,0,0.04404638856649399,0.30546082705259325,0.9845997869968414,7.013550602349988,48.63883367724577,156.77881101967117
5006ca5fd387a1d3,2,6b7e1f5b521de19b,6f9a9c5f2856c8b3,Open,898751.0590937624,10,6,0.0,0.00021547267169808038,0.0328872924670577,0.0,193.6562918944123,29557.48893549442
50086a11fe553785,3,6b7e1f5b521de19b,,Open,2.4198904513070483,70,69,0.0010428334586322307,0.0039023908553645014,0.14679869785904864,0.0025235427288476386,0.009443358368164501,0.35523676721342023
500c627c25197f23,2,6b7e1f5b521de19b,6f9a9c5f2856c8b3,Open,1.170863568534039,30,0,0.00028759543783962727,0.02681834325194359,0.4943613693118095,0.00033673502064301535,0.031400621082141436,0.5788297170177992
5012d27251bc3ced,2,6b7e1f5b521de19b,,Open,58772.83533853951,60,0,0.00485455165617168,0.4144225031137466,0.9770144075155258,285.3157651306124,24356.785536089606,57421.90689629074
5022b763fb29a3d0,0,6b7e1f5b521de19b,6f9a9c5f2856c8b3,Open,140141.0942677857,10,1100,0.0,0.0001581754389917478,0.0015401764947455376,0.0,22.166879106590915,215.84201933916214
5033936ddfb986ed,0,6b7e1f5b521de19b,6f9a9c5f2856c8b3,Open,155592.45718633145,30,4,0.0,0.04812729842960835,0.7965071916580199,0.0,7488.244620402634,123930.51111665556
50420944025b95e7,3,6b7e1f5b521de19b,,Open,29889.51427805743,10,0,0.0,0.000410628599638585,0.027651927247643454,0.0,12.273489391876215,826.5026742842443
5056192ffbea2330,3,255414ab73601d72,28c9c64e5918b06e,Open,64776.56219930673,60,50,0.004955494310706854,0.016795045882463455,0.2279307685792446,320.99988544581316,1087.9253342456043,14764.571608009226
5056388ec9f48478,5,6b7e1f5b521de19b,d4f34f97b6d22a81,Open,1.170863568534039,60,0,0.0010428334586322307,0.05157861039042473,0.7870490074157714,0.0012210157047608276,0.06039151582175956,0.9215270094340035
505dae3400f3862e,2,6b7e1f5b521de19b,,Open,1.170863568534039,10,741,0.0,9.829378905124031e-05,0.0005805017950478937,0.0,0.00011508861661326727,0.0006796884032901922
508882471bf59675,3,6b7e1f5b521de19b,,Open,2.4198904513070483,10,490,0.0,9.178460095426999e-05,0.0005747228977270423,0.0,0.00022210867942626573,0.001390766452357187
5098ba5fcbf40c0a,2,6b7e1f5b521de19b,6f9a9c5f2856c8b3,Open,1.170863568534039,10,0,0.0,0.04177816025912762,0.6057368010282516,0.0,0.04891652580778913,0.7092351524443318
50b5775b912609eb,5,6b7e1f5b521de19b,d4f34f97b6d22a81,Open,85266.8054442086,40,289,0.0002509254030883312,0.0013791642850264907,0.021558743435889482,21.395607526142356,117.59693276695484,1838.2451821695977
50c082150e2407ca,0,6b7e1f5b521de19b,6f9a9c5f2856c8b3,Open,1.170863568534039,10,0,0.0,0.0010434013383928686,0.5442198514938352,0.0,0.0012216806144838665,0.6372071973871366
50c4b8a4e7fdb208,1,6b7e1f5b521de19b,,Open,142075.15266565766,10,341,0.0,0.00013356220224522986,0.0014621960173826663,0.0,18.975870274352477,207.74172239675895
50c738ada2d44ce4,2,6b7e1f5b521de19b,6f9a9c5f2856c8b3,Open,62801.858634794626,20,713,0.0,0.0016018411552067846,0.01545003424398601,0.0,100.5986017846926,970.2908664935454
50c8a51cadd1d6fb,3,6b7e1f5b521de19b,,Open,2.4198904513070483,10,0,0.0,0.00024183323766919785,0.0016647257143631575,0.0,0.0005852099426443599,0.004028453860232709
50cb02229813576d,0,6b7e1f5b521de19b,6f9a9c5f2856c8b3,Open,98.49392076768089,10,0,0.0,0.000646971951937303,0.19437721744179715,0.0,0.06372280417302456,19.144974253754647
50ce2533d0b893c0,2,6b7e1f5b521de19b,6f9a9c5f2856c8b3,Open,1040.287689306939,10,0,0.0,0.0006436682248022408,0.48359588533639886,0.0,0.6696001302598223,503.0788461149458
50df9daecbef9c21,3,6b7e1f5b521de19b,,Open,9648.963805727817,10,0,0.0,0.0001714952253678348,0.03254032060503957,0.0,1.654751222429373,313.98037574480594
510fc417d4751f71,1,6b7e1f5b521de19b,6f9a9c5f2856c8b3,Open,103568.26542919301,10,0,0.0,0.000231773110863287,0.04288640227168793,0.0,24.004339065238685,4441.670293777322
5112c9357cc95aec,3,6b7e1f5b521de19b,,Open,76057.68653515907,70,0,0.0028538778424263,0.021083917841315268,0.5307685792446135,217.05934634889562,1603.5940141078042,40369.03022289855
5130ddd382df1e81,2,6b7e1f5b521de19b,,Open,1.170863568534039,1,606,0.0,8.475623799313326e-05,0.00018845493541448378,0.0,9.92379912721603e-05,0.00022065501818725432
513e8a05afea2c12,2,6b7e1f5b521de19b,6f9a9c5f2856c8b3,Open,56763.35123131225,10,0,0.0,0.0005044487887062132,0.3045274764299391,0.0,28.6342037715408,17286.000104177794
5140ec808ccb4664,3,6b7e1f5b521de19b,d4f34f97b6d22a81,Open,4694.223952710472,75,0,0.0015829145908355714,0.5724085897207261,0.9804955512285233,7.430555587395236,2687.0141126042536,4602.665702102991
514dea0807a7a0f9,0,6b7e1f5b521de19b,,Open,78023.53617633812,50,145,0.00116905365139246,0.009192483220249415,0.12936938777565954,91.21369986149978,717.2300470855114,10093.857107224887
516e2ba10bb37bfc,3,6b7e1f5b521de19b,d4f34f97b6d22a81,Open,529.8181796984675,10,0,0.0,0.000502836232772097,0.32750011682510366,0.0,0.2664117775337473,173.51551574731187
517e208ecf55dd94,1,6b7e1f5b521de19b,,Open,749783.3338022792,5,266,0.0,8.97092464583693e-05,0.0002671406313311308,0.0,67.26249788244644,200.29759315350083
517fd8b7cba0fa22,5,6b7e1f5b521de19b,d4f34f97b6d22a81,Open,1.170863568534039,70,0,0.003154510905733332,0.2315910451114178,0.9534817516803741,0.003693501896066473,0.2711615175196822,1.1163970463045692
51802a0387bd7548,3,6b7e1f5b521de19b,,Open,1.170863568534039,10,0,0.0,0.00021696820622310045,0.03140602819621562,0.0,0.00025404016819680867,0.03677217424730167
5188d7def669a4dd,4,062b9e5a52eb6d8e,d4f34f97b6d22a81,Open,33519.959188585366,10,5,0.0,0.0003636530789663084,0.07097372226417059,0.0,12.189636365754069,2379.036273756991
5194482c83a3a502,3,6b7e1f5b521de19b,,Open,1.170863568534039,10,0,0.0,0.00016842880213516765,0.0018873899767640977,0.0,0.00019720714831189594,0.0022098761634093884
51c6d90b3d7acb75,0,6b7e1f5b521de19b,6f9a9c5f2856c8b3,Open,195.03945893296458,40,0,0.00028759543783962727,0.041464940086007124,0.5041308492422101,0.05609245858782995,8.087299479062624,98.32540806761659
51d727c44adc6508,5,6b7e1f5b521de19b,d4f34f97b6d22a81,Open,2887.90831884458,60,46,0.0028538778424263,0.02690485902130604,0.40304925888776777,8.241737562109133,77.69876618497037,1163.9693076461274
51d765acb5891578,5,6b7e1f5b521de19b,d4f34f97b6d22a81,Open,48193.93695035554,25,659,8.101324056042358e-06,0.002247074036858976,0.0280593879520893,0.39043470077130404,108.2953444551624,1352.2923738285576
51dd139312a5b53d,5,6b7e1f5b521de19b,6f9a9c5f2856c8b3,Open,361.29574083874047,40,0,0.0,0.031044716481119394,0.4551500260829925,0.0,11.216323840174688,164.44376586642682
51eb77951d4cd242,5,6b7e1f5b521de19b,6f9a9c5f2856c8b3,Open,98.49392076768089,10,0,0.0,0.0005734281963668764,0.3230529233813283,0.0,0.056479191338913284,31.818749039288235
51f1f3d245a4d337,0,95a23e7fbcc5841e,,Open,62717.62857728772,20,3,0.0,0.07260502241551876,0.7134206384420393,0.0,4553.614828702155,44744.050621179296
51fbd3a68e34abd4,1,6b7e1f5b521de19b,6f9a9c5f2856c8b3,Open,128791.38025710067,10,65,0.0,0.001596489653456956,0.07772891148924826,0.0,205.6141060349017,10010.813796582293
520de1084aa9533f,2,6b7e1f5b521de19b,6f9a9c5f2856c8b3,Open,252.6879321594937,10,0,0.0,0.0005269452492939309,0.19161453545093524,0.0,0.13315270540535232,48.418680734798826
5217a103bbcd0cce,2,6b7e1f5b521de19b,,Open,8218.295302307157,20,0,0.0,0.02268043952062726,0.4899173110723495,0.0,186.3945495666326,4026.285136104844
521e3bc7e652fbac,2,6b7e1f5b521de19b,6f9a9c5f2856c8b3,Open,1.170863568534039,50,0,0.0010428334586322307,0.1555432230234146,0.896204376220703,0.0012210157047608276,0.1821198931704811,1.0493330540775947
5222fe6d6a0db22f,0,6b7e1f5b521de19b,6f9a9c5f2856c8b3,Open,1.170863568534039,50,0,0.0011230711825191975,0.16594754084944724,0.9102415531873702,0.0013149631324821706,0.194301929868432,1.0657686731929306
52231f172d64c90f,2,6b7e1f5b521de19b,6f9a9c5f2856c8b3,Open,85869.50411400758,60,0,0.0028538778424263,0.08583353348076345,0.8606991052627563,245.06107513110024,7370.482956346224,73907.80536028289
522fdba65a67f51f,0,6b7e1f5b521de19b,6f9a9c5f2856c8b3,Open,26274.495673199377,15,0,0.0,0.0182616607286036,0.47877091914415354,0.0,479.8159257991303,12579.464443506751
526611cffbb1979d,2,6b7e1f5b521de19b,6f9a9c5f2856c8b3,Open,1.170863568534039,90,0,0.2988085366785526,0.9814119935035706,0.9999383866786957,0.3498640295638844,1.1490995489156957,1.1707914277407874
52724d9b080d1a4c,4,95a23e7fbcc5841e,28c9c64e5918b06e,Open,1.170863568534039,10,0,0.0,0.00037904363562120126,0.06993972212076184,0.0,0.00044380838383355567,0.08188987262459427
527a4ffa990cb60f,3,6b7e1f5b521de19b,,Open,4854.049577612525,1,521,0.0,7.550299160357099e-05,0.00011091253218182828,0.0,0.3664952645017958,0.5383749299891392
52a434240ffad46e,3,6b7e1f5b521de19b,,Open,22962.31400177536,10,103,0.0,0.00046186560357455166,0.056010108068585314,0.0,10.605503015898355,1286.1216887442276
52c14dafe23fb9d9,3,6b7e1f5b521de19b,,Open,2.4198904513070483,10,0,0.0,0.00015352309783338568,0.0021421298268251114,0.0,0.0003715090785020878,0.005183719513394108
52cbd37bae44095d,3,6b7e1f5b521de19b,d4f34f97b6d22a81,Open,804.5620155453399,10,0,0.0,0.000502836232772097,0.3194029703736304,0.0,0.40456293292834405,256.9794976149766
52da8899c2754de6,5,6b7e1f5b521de19b,6f9a9c5f2856c8b3,Open,22202.53592069035,60,0,0.0028538778424263,0.38689960688352587,0.9631416499614716,63.3633253097322,8590.152419532458,21384.18707998254
52da9c3b92f251da,3,6b7e1f5b521de19b,d4f34f97b6d22a81,Open,813.1455864945308,10,0,0.0,0.000502836232772097,0.3127547934651373,0.0,0.40887906340816715,254.3151799611849
52e87ad6a3c79f50,3,6b7e1f5b521de19b,,Open,147782.212188992,10,0,0.0,0.00016592551764915697,0.0332608390599489,0.0,24.520840056796054,4915.360375541282
52ee5b7e1b244609,5,6b7e1f5b521de19b,d4f34f97b6d22a81,Open,1.170863568534039,1,8,0.0,0.00016371199671993963,0.0007649306178791447,0.0,0.0001916844126913414,0.0008956293929309227
530c8e0a41732c48,3,6b7e1f5b521de19b,,Open,21312.91344109181,10,55,0.0,0.00019996849732706323,0.009675272554159162,0.0,4.261911274476898,206.20824646576548
5323df547c341092,5,6b7e1f5b521de19b,d4f34f97b6d22a81,Open,1.170863568534039,30,0,0.0002038492588326335,0.032897029630839826,0.5387207835912704,0.00023867967063979622,0.038517933507735136,0.6307685391191286
532871546de81753,4,3a0b5f22d7e66ffc,28c9c64e5918b06e,Open,1.170863568534039,10,0,0.0,0.0005051363754319027,0.1955957517027854,0.0,0.0005914457791345476,0.22901593982882112
535d895b5f94ea01,2,6b7e1f5b521de19b,6f9a9c5f2856c8b3,Open,23324.477824808535,70,0,0.09979120753705502,0.12225633189082147,0.9586403310298919,2327.577807308906,2851.5651021298977,22359.785143073826
536cac76f394aaa5,0,6b7e1f5b521de19b,6f9a9c5f2856c8b3,Open,112791.82653213794,60,0,0.001086287386715412,0.10677771046757699,0.8672699481248854,122.52433848645421,12043.652996557794,97820.96154543835
537b3844c7d98522,2,6b7e1f5b521de19b,6f9a9c5f2856c8b3,Open,833.4257918913213,60,0,0.0030671000480651856,0.09562068916857243,0.8818059623241424,2.556200286368637,79.69274859151136,734.919832444487
5382c41d66c32809,0,6b7e1f5b521de19b,6f9a9c5f2856c8b3,Open,59134.12984816014,10,467,0.0,0.00013224398135207595,0.007912374800071105,0.0,7.820132764911327,467.89139883471483
539262a540176248,2,6b7e1f5b521de19b,6f9a9c5f2856c8b3,Open,1148131.9235719647,30,158,0.0002539545763283968,0.0070034540491178635,0.10005607269704338,291.5733562198256,8040.889169061557,114877.57121071275
5393b82e1b7d96aa,4,6b7e1f5b521de19b,e72348f2c1467542,Open,1.170863568534039,60,0,0.0,0.02044100537896156,0.4703139796853065,0.0,0.02393362850243442,0.5506735045857835
53ab880162a9c9e7,3,6b7e1f5b521de19b,d4f34f97b6d22a81,Open,59740.3377045253,30,76,0.0,0.004745061811991036,0.06436174139380454,0.0,283.47159507719124,3844.9921661172084
53b2f09c4d3d1e9f,3,6b7e1f5b521de19b,,Open,2107.0508677799526,10,0,0.0,0.0007112970459274947,0.3332212671637535,0.0,1.4987390578708446,702.1141601401222
53b338f50dffe968,5,6b7e1f5b521de19b,d4f34f97b6d22a81,Open,2813.35897255569,50,0,0.0010428334586322307,0.17511262893676757,0.8699356436729431,2.933864867724269,492.6546858270702,2447.441248673284
53b8806c74906f13,2,6b7e1f5b521de19b,6f9a9c5f2856c8b3,Open,98.49392076768089,10,23,0.0,0.0002957799646537751,0.021978327818214856,0.0,0.029132528403276375,2.164731678733371
53bae339cada4f2f,2,6b7e1f5b521de19b,6f9a9c5f2856c8b3,Open,98.49392076768089,10,0,0.0,0.0012534625420812517,0.40342735350131975,0.0,0.12345844030500669,39.73514179127418
53bc1cd79171ef8c,3,6b7e1f5b521de19b,,Open,1.170863568534039,10,0,0.0,0.0001517322256404441,0.0018873899767640977,0.0,0.00017765773517498237,0.0022098761634093884
53c4bae3f9ea60c9,2,6b7e1f5b521de19b,6f9a9c5f2856c8b3,Open,98.49392076768089,10,29,0.0,0.00026383054500911385,0.01034857858903706,0.0,0.025985704796221726,1.019272079606735
53d0501b6fe5a5fd,2,6b7e1f5b521de19b,6f9a9c5f2856c8b3,Open,1.170863568534039,10,0,0.0,0.0008053897327044979,0.541779863834381,0.0,0.0009430014964950642,0.6343503047290091
53da9209caf95697,6,6b7e1f5b521de19b,,Open,10655.425849350459,90,0,0.012870385684072972,0.9789141148328782,0.9999385714530945,137.13944030918123,10430.746763484272,10654.771302023873
53e117ff7f9e4d8d,2,6b7e1f5b521de19b,6f9a9c5f2856c8b3,Open,98.49392076768089,10,22,0.0,0.00027954364923061804,0.011508774198591703,0.0,0.027533350038428873,1.1335442940492213
53f4a525d129ff01,2,6b7e1f5b521de19b,d4f34f97b6d22a81,Open,4573.482073606129,10,25,0.0,0.00023276309584616684,0.009801807487383483,0.0,1.0645378462495094,44.8283908324867
541b530b38ce2d2e,2,6b7e1f5b521de19b,6f9a9c5f2856c8b3,Open,1.170863568534039,50,0,0.0010428334586322307,0.149488940089941,0.8925999492406844,0.0012210157047608276,0.1750311538500795,1.0451127618412497
541f486ea3497fba,2,6b7e1f5b521de19b,6f9a9c5f2856c8b3,Open,411.38495102137347,60,0,0.0030671000480651856,0.08463056348264218,0.8758831620216369,1.2617588030509486,34.81574021321799,360.3251517087168
5426edd24f72acd0,1,6b7e1f5b521de19b,6f9a9c5f2856c8b3,Open,1.170863568534039,60,0,0.0010428334586322307,0.045225792191922666,0.7916693776845931,0.0012210157047608276,0.05295323243561345,0.9269368326549046
5427757f46659525,6,6b7e1f5b521de19b,,Open,538612.9353368159,75,496,0.07360062524676322,0.030537805147469045,0.4664730086922645,39642.2488067841,16448.05686922203,251248.3964671366
54323d99028537a0,6,6b7e1f5b521de19b,,Open,26069.093051354932,90,0,0.012947342451661825,0.9780072331428528,0.9999385714530945,337.52547514013,25495.761565699206,26067.491664849644
5440aa30d1225b93,5,6b7e1f5b521de19b,6f9a9c5f2856c8b3,Open,1.170863568534039,50,0,0.0011230711825191975,0.16389562264084817,0.884923380613327,0.0013149631324821706,0.19189941359237173,1.0361245473041256
54458efbc5a3d49e,4,255414ab73601d72,28c9c64e5918b06e,Open,9151.246699180878,100,0,0.9997202754020691,0.9999132096767426,0.9999473571777344,9148.686870377383,9150.452459521648,9150.764951727384
54673f954217006a,3,6b7e1f5b521de19b,3b7caebd862368af,Open,25504.58668475133,10,405,0.0,0.0001367636061331723,0.001181354938307777,0.0,3.488099247942682,30.129969429529762
54683b0a3e2f580f,2,6b7e1f5b521de19b,,Open,1.170863568534039,1,431,0.0,7.882436802901794e-05,0.0001591567546711303,0.0,9.229258083789635e-05,0.0001863508457305362
549c7fb0b2788417,3,6b7e1f5b521de19b,,Open,5083.8994500666495,10,0,0.0,0.00015795135986991228,0.028194255568087075,0.0,0.8030088315799265,143.33676037763647
54c21d47e552e13d,5,6b7e1f5b521de19b,d4f34f97b6d22a81,Open,1.170863568534039,10,0,0.0,0.0006695614312775433,0.3252147302031516,0.0,0.0007839650867783831,0.3807820795454968
54d699d9a5d06ac5,2,6b7e1f5b521de19b,d4f34f97b6d22a81,Open,1700.7607474066108,70,0,0.015932779386639596,0.6658563643693924,0.991071131825447,27.0978457778858,1132.4623679303365,1685.574878896563
54d7686af2b4b494,2,6b7e1f5b521de19b,6f9a9c5f2856c8b3,Open,319933.7006151889,20,0,0.0,0.08547905460000038,0.7745597064495086,0.0,27347.63026326591,247807.7532318057
54dac80e4d4b4ad7,3,6b7e1f5b521de19b,,Open,1.170863568534039,10,0,0.0,0.0002841011300915852,0.0020244532148353755,0.0,0.0003326436630035867,0.002370358515452355
54de6173ebb1cbd7,6,6b7e1f5b521de19b,,Open,97590.18948082578,99,0,0.9997202754020691,0.9648866564035415,0.9999295890331268,97562.89110431126,94163.47162594205,97583.3180612271
55073a4d9a120504,0,6b7e1f5b521de19b,6f9a9c5f2856c8b3,Open,1.170863568534039,10,0,0.0,0.00037155913305468856,0.307291205227375,0.0,0.00043504505244982644,0.35979607713165
550fda16a4fc9bda,4,1bb1bb990c53f4fc,28c9c64e5918b06e,Open,25341.15929242468,30,168,0.0,0.0006672258692560718,0.0039892055094242086,0.0,16.908277036844638,101.09109226453701
551676b7cfac2bf9,4,c2397d14e54a98b9,28c9c64e5918b06e,Open,161144.20051214632,10,579,0.0,0.00015414305016747676,0.003647918754722922,0.0,24.839258583741703,587.8409512630897
552c4806ed80fde0,2,6b7e1f5b521de19b,,Open,524417.177630072,60,147,0.003132752701640129,0.019000782165676355,0.18242695257067668,1642.8693300070995,9964.336556087801,95667.82759076927
5532edcac9a616e3,2,6b7e1f5b521de19b,6f9a9c5f2856c8b3,Open,39886.817656744584,60,0,0.003360926383174956,0.09789750687777996,0.9044779896736144,134.05665780344154,3904.820005883908,36076.74864865037
5534258bf8123163,2,6b7e1f5b521de19b,6f9a9c5f2856c8b3,Open,455.427302732939,40,120,0.0,0.0007607913081301376,0.003351591003593057,0.0,0.34648513340437287,1.52640605063037
5538099e03c9ba85,5,6b7e1f5b521de19b,d4f34f97b6d22a81,Open,1.170863568534039,30,0,0.0002038492588326335,0.032897029630839826,0.5370752662420271,0.00023867967063979622,0.038517933507735136,0.6288418628035088
553f14d9bbee5b52,3,6b7e1f5b521de19b,d4f34f97b6d22a81,Open,3779.8275060712517,60,1,0.0016687247261870652,0.6053247958421707,0.9845277488231658,6.307491620103087,2288.0233134312016,3721.345065492211
55432e52786a86f9,2,6b7e1f5b521de19b,6f9a9c5f2856c8b3,Open,419049.69002704695,15,61,0.0,0.0009390785184223206,0.011184026207774875,0.0,393.5205620559319,4686.66271562243
5547482c147dae6a,5,6b7e1f5b521de19b,6f9a9c5f2856c8b3,Open,1400207.1675609974,30,1497,0.0002192926127463579,0.0009061733464477584,0.006142136733978986,307.0550881606285,1268.8304147488861,8600.263879057073
5568e2d9f72ab562,3,6b7e1f5b521de19b,,Open,2.4198904513070483,10,0,0.0,0.00016259662734228187,0.02881347872316835,0.0,0.00039346602592031844,0.06972546203113389
556dd5d044993b63,3,6b7e1f5b521de19b,d4f34f97b6d22a81,Open,95714.91979220936,30,390,8.101324056042358e-06,0.0004889359028311446,0.002976494946051389,0.7754175822347905,46.79846072301447,284.8949750232252
55772402b24b8f3c,4,e43bc3ffd79e75b6,28c9c64e5918b06e,Open,173162.90291277607,10,0,0.0,0.000166594310576329,0.03302323976531623,0.0,28.847954428149723,5718.400061346781
5584defcbebe8936,3,6b7e1f5b521de19b,,Open,6766.394130610287,80,0,0.023767131567001342,0.7735127449035645,0.9940631210803985,160.81777953640037,5233.892097067731,6726.222867934552
558f2b7428b646d8,1,6b7e1f5b521de19b,6f9a9c5f2856c8b3,Open,83242.9624050555,10,137,0.0,0.00010767608946480323,0.0008976922457804902,0.0,8.963276667242008,74.72656186681519
55a320101bfe5ab1,4,6facd6091d3a488a,28c9c64e5918b06e,Open,1.170863568534039,30,0,0.0,0.01518840598873794,0.38067990690469733,0.0,0.017783551236317474,0.44572423426763963
55ae68730b97685e,5,6b7e1f5b521de19b,d4f34f97b6d22a81,Open,1.170863568534039,10,0,0.0,0.0003967054042732343,0.07434346042573448,0.0,0.0004644879053040977,0.08704604937124458
55ae750213ea12b5,5,6b7e1f5b521de19b,6f9a9c5f2856c8b3,Open,1.170863568534039,10,0,0.0,0.0002571711680502631,0.04514971952885388,0.0,0.0003011123515473981,0.05286416172586485
55b883ae2a65dc2c,5,6b7e1f5b521de19b,6f9a9c5f2856c8b3,Open,34512.34875603331,70,0,0.003152836509980261,0.30349829941987994,0.9669011265039443,108.81179320319366,10474.439156441918,33370.02889050561
55bac84c881a0574,2,6b7e1f5b521de19b,6f9a9c5f2856c8b3,Open,1.170863568534039,10,0,0.0,0.012529531866312027,0.8089720994234084,0.0,0.014670372393051058,0.9471959591753654
55c5650029e75b80,2,6b7e1f5b521de19b,,Open,89664.46366676311,10,0,0.0,0.00016037751629482955,0.027795765548944473,0.0,14.380163982783452,2492.2924101531976
55d2cdca0bb01655,1,6b7e1f5b521de19b,,Open,1.170863568534039,10,0,0.0,0.00022494855002150871,0.03369997013360261,0.0,0.00026338406201474146,0.03945806729012049
55e68e7f3de01fd7,4,e366e0e543d0c5cd,d4f34f97b6d22a81,Open,521066.7153092372,70,0,0.003466563671827316,0.3142212375998497,0.9782993763685226,1806.310945889388,163730.22815655707,509759.24263342127
560fb15cd14c6c73,0,6b7e1f5b521de19b,6f9a9c5f2856c8b3,Open,1.170863568534039,10,0,0.0,0.0011052833579014987,0.3045060783624648,0.0,0.0012941360166738342,0.3565350735517812
56262c6ef5f573de,2,6b7e1f5b521de19b,6f9a9c5f2856c8b3,Open,109369.46454040146,10,0,0.0,0.0004743599478388205,0.2991204857826231,0.0,51.88049349454457,32714.64736311026
565b96936b877057,3,062b9e5a52eb6d8e,,Open,80872.05936290111,10,0,0.0,0.00044663160952040926,0.28528244048357004,0.0,36.120018038482606,23071.37846198058
565d0bdbc95a26e6,2,6b7e1f5b521de19b,6f9a9c5f2856c8b3,Open,896.0646281550656,10,0,0.0,0.0005162047484191135,0.33816738128662094,0.0,0.4625528159440521,303.0198287667683
5672d9952a94fb7a,2,6b7e1f5b521de19b,6f9a9c5f2856c8b3,Open,1.170863568534039,70,0,0.015303026884794235,0.21083046719431878,0.959885549545288,0.017917756667702515,0.2468537131748387,1.123895019924853
56ac7b6ffe1eb523,3,6b7e1f5b521de19b,d4f34f97b6d22a81,Open,2621.868326171163,80,0,0.08385381512343884,0.2869146466255188,0.979838976264,219.85366190075675,752.2524243020397,2569.0087766145593
56ad65769e75da36,3,6b7e1f5b521de19b,d4f34f97b6d22a81,Open,40349.99413904596,60,32,0.001176146138459444,0.07759710475802423,0.697103551030159,47.4574897935001,3131.0427221932127,28128.12419837504
56e97719e72cef64,3,6b7e1f5b521de19b,d4f34f97b6d22a81,Open,21939.176249266162,20,449,0.0,0.00016473237483296543,0.0018815995543263852,0.0,3.614092605420606,41.280744252907226
56ea1a46b48d87fb,2,6b7e1f5b521de19b,6f9a9c5f2856c8b3,Open,871.9196775844911,30,88,0.00028759543783962727,0.005737789254635573,0.13666551075875746,0.2507601214358984,5.002891356949606,119.1613480776956
56ee93be72fe75c7,3,6b7e1f5b521de19b,d4f34f97b6d22a81,Open,466662.7455778542,30,9,0.0,0.05141377951949835,0.7714459478855132,0.0,23992.89551110355,360005.08410516387
56f58ac11932271a,3,6b7e1f5b521de19b,d4f34f97b6d22a81,Open,111662.27872934208,90,176,0.003611986991018057,0.5716313719749451,0.99988694190979,403.32269815781586,63829.66158790254,111649.65440536044
56fa97c50bcebb3b,6,6b7e1f5b521de19b,,Open,1.170863568534039,10,211,0.0,0.0009158955974271521,0.08491776697337623,0.0,0.0010723887876081708,0.09942711967038925
5701c86b582cf561,3,6b7e1f5b521de19b,,Open,25102.753943361105,10,0,0.0,0.00013187047661631369,0.0009173988510156042,0.0,3.3103121268930766,23.029237624966903
570c4fe239215125,2,6b7e1f5b521de19b,,Open,4602267.411655481,10,0,0.0,0.0005022966186515986,0.32161301523447006,0.0,2311.703359004993,1480149.0991778593
570db54b17f1c303,2,6b7e1f5b521de19b,6f9a9c5f2856c8b3,Open,1.170863568534039,10,0,0.0,0.02469516759738326,0.5526782825589176,0.0,0.028914672058618335,0.6471108661681981
571332fc1511989a,4,47dc86e9ce418791,28c9c64e5918b06e,Open,36739.61151655595,10,3,0.0,0.0007304107653908432,0.3615915969014164,0.0,26.83500776796987,13284.734797809137
57173465d4328b20,3,6b7e1f5b521de19b,,Open,1.170863568534039,10,0,0.0,0.0016018118767533453,0.734706974029541,0.0,0.0018755031701356282,0.8602416294390739
5721407e071b550e,2,6b7e1f5b521de19b,6f9a9c5f2856c8b3,Open,5655.969519442425,70,0,0.029335332941263913,0.32194257974624635,0.9750831991434097,165.91974895848398,1820.8974180554314,5515.040853275533
5731f294174ec9fc,3,6b7e1f5b521de19b,,Open,1236.5261721116829,10,0,0.0,0.0006808466016082094,0.31315128207206716,0.0,0.8418846420818471,387.2197561124391
57349d6ddc5f2b59,2,6b7e1f5b521de19b,6f9a9c5f2856c8b3,Open,181.8832197851537,50,47,0.00028759543783962727,0.006909487443044782,0.07236080728471275,0.05230878422979243,1.2567198232060737,13.16121661519656
573ab3c491faca88,4,6b7e1f5b521de19b,d4f34f97b6d22a81,Open,1.170863568534039,10,0,0.0,0.0005294987320667132,0.299844391644001,0.0,0.0006199707749618808,0.351076874405213
57433dd449a9e49c,6,6b7e1f5b521de19b,,Open,319729.3485362046,50,13,0.00028759543783962727,0.03230256717652082,0.3701519578695296,91.95270198244856,10328.078759395989,118348.44434902535
57488fee3326e635,1,6b7e1f5b521de19b,,Open,609.207969734855,50,134,0.0011230711825191975,0.006846724404022097,0.05896705053746695,0.6841839149702431,4.171079073508388,35.92319713918284
576264822eb1186b,5,6b7e1f5b521de19b,6f9a9c5f2856c8b3,Open,336696.3210626331,20,242,0.0,0.0007357369031524286,0.0073627688456326685,0.0,247.7199085614375,2479.0171831590897
576cac4e1384b12a,2,6b7e1f5b521de19b,d4f34f97b6d22a81,Open,46553.49342526177,60,72,0.0028538778424263,0.034646189957857135,0.6379920333623885,132.857983373893,1612.9011764134725,29700.75793050534
5772ceb7414cd864,3,6b7e1f5b521de19b,d4f34f97b6d22a81,Open,813.1455864945308,10,0,0.0,0.0001874002700787969,0.029704221896827206,0.0,0.15238370252245678,24.153856935659242
577a88a956b8ee93,3,6b7e1f5b521de19b,,Open,7402.527369290185,70,0,0.0010428334586322307,0.2619032233953476,0.9503768533468245,7.719603219136631,1938.745779289382,7035.190668039752
5789bd5b5ff1de51,0,6b7e1f5b521de19b,6f9a9c5f2856c8b3,Open,26935.050390429424,60,0,0.022281573712825777,0.19862015023827553,0.9092383623123168,600.1553107330299,5349.843755222614,24490.38110579378
5796e478ee0087bc,4,062b9e5a52eb6d8e,,Open,557021.7052568932,5,0,0.0,0.00011746109048544895,0.0002904802284319885,0.0,65.428376923539,161.8037921845981
579b861829a320ac,4,b4d1bda83fb7745f,,Open,1.170863568534039,10,0,0.0,0.000368917896412313,0.2579327031970022,0.0,0.0004319525246893917,0.3020040053068731
57a7fee972c1faff,5,6b7e1f5b521de19b,6f9a9c5f2856c8b3,Open,98.49392076768089,40,0,0.00028759543783962727,0.05694082546979189,0.6372438371181486,0.028326402267722744,5.608325152268029,62.76464400280787
57bb8c3f999408a1,3,6b7e1f5b521de19b,,Open,1.170863568534039,10,0,0.0,0.00014821788936387749,0.0009169129858491934,0.0,0.00017354292686117296,0.0010735800106465873
57e18549b6708d6a,1,6b7e1f5b521de19b,6f9a9c5f2856c8b3,Open,266.39362589177995,95,0,0.9058829069137573,0.9849291175603867,0.9999382257461548,241.32143220614157,262.3788388733026,266.37716962431136
57f3df4eb44171e3,2,6b7e1f5b521de19b,6f9a9c5f2856c8b3,Open,2102.0998796095173,20,56,0.0,0.0014615485561080277,0.01098297918215394,0.0,3.0723210438381487,23.08731921655963
580c0ee77cf60521,5,6b7e1f5b521de19b,6f9a9c5f2856c8b3,Open,32653.062705315017,50,0,0.0010428334586322307,0.28916852474212645,0.9565615624189376,34.051706315918764,9442.237970808092,31234.664679159676
58228f0dab04b746,4,ac6153076817c20f,28c9c64e5918b06e,Open,851306.5708845424,20,750,0.0,0.0006346870912238955,0.003974780766293406,0.0,540.3132912144993,3383.7569841710733
582e792ee23b34d5,2,6b7e1f5b521de19b,6f9a9c5f2856c8b3,Open,212.02522749452675,40,0,0.0,0.023929321486502887,0.44348475933074943,0.0,5.073619831965441,94.0299569874576
58307b8d0287b968,3,6b7e1f5b521de19b,d4f34f97b6d22a81,Open,28990.07238250434,60,0,0.00028759543783962727,0.09636945761740208,0.8023099005222321,8.337412559848822,2793.7575517911705,23259.022089339363
583c501935bb00ba,2,6b7e1f5b521de19b,d4f34f97b6d22a81,Open,1.170863568534039,10,0,0.0,0.0005493767210282386,0.3063274025917053,0.0,0.0006432451880526526,0.3586675957382873
583f592cd5e15431,1,6b7e1f5b521de19b,,Open,186555.16774733728,10,0,0.0,0.0010897684725932777,0.1166873518377542,0.0,203.30194021039847,21768.6284960848
58487823032c3f58,3,6b7e1f5b521de19b,,Open,9648.963805727817,10,0,0.0,0.00016037751629482955,0.030399128235876524,0.0,1.5474768499813336,293.3200880736511
5853e11c634c6064,3,6b7e1f5b521de19b,,Open,80872.05936290111,10,134,0.0,0.00011703449563356117,0.0016463011619634923,0.0,9.46482067838455,133.13976529952464
586485fc3a3fa2db,0,6b7e1f5b521de19b,6f9a9c5f2856c8b3,Open,1.170863568534039,40,0,0.00028759543783962727,0.033186717890203,0.47505722939968087,0.00033673502064301535,0.03885711893685551,0.5562272028728039
586a8dbcadbf97a6,1,6b7e1f5b521de19b,,Open,35267.3774976717,50,0,0.00028759543783962727,0.018862918298691512,0.42790021598339073,10.142736872898311,665.2456603476928,15090.918448421497
58b767d0d3420c2b,2,6b7e1f5b521de19b,,Open,860345.2341691502,90,155,0.01746286591514945,0.9520230084657669,0.9999267816543579,15024.093465033726,819068.4581528992,860282.2411144233
58bbc32a1091e311,0,674ec33189ed753c,,Open,1875334.4167467572,10,0,0.0,0.0001619255774130579,0.03583655692636965,0.0,303.6646082742988,67205.52858172539
58bc8f8658276999,3,6b7e1f5b521de19b,,Open,108237.84289206557,60,40,0.0009216022677719593,0.012280797073617579,0.2362416453659532,99.75224146807268,1329.246984243558,25570.286095683114
58ed803093275d9c,0,6b7e1f5b521de19b,6f9a9c5f2856c8b3,Open,13959.067940288685,30,458,0.00017479545203968883,0.0024531102390028536,0.035535283759236334,2.439981590675489,34.24313249125865,496.0394402726171
58f4707001d7f257,3,6b7e1f5b521de19b,,Open,121130.27981900205,10,32,0.0,0.0002082278806483373,0.0032445960445329535,0.0,25.22270144905086,393.0188267739039
590bbc34e3f15dd2,6,6b7e1f5b521de19b,,Open,1301445.0187702307,29,423,0.0003622988937422633,0.0020245052699465306,0.04267563540488476,471.51209056683365,2634.7822990459936,55539.99312054177
591145fbfcf6dc39,6,6b7e1f5b521de19b,,Open,65251.04342906468,75,0,0.001455825287848711,0.15365370735526085,0.9138257712125776,94.99411908254683,10026.06473167492,59628.08508399042
5941eb5a25ebc993,2,6b7e1f5b521de19b,d4f34f97b6d22a81,Open,15535.883421986588,60,0,0.0030671000480651856,0.2720806747674942,0.953879201412201,47.650108790310185,4227.013644563238,14819.356071797618
5966f9b5d3fc1351,5,6b7e1f5b521de19b,d4f34f97b6d22a81,Open,1.170863568534039,10,0,0.0,0.0006695614312775433,0.32061758190393436,0.0,0.0007839650867783831,0.3753994460827951
59725e6ff566317c,0,6b7e1f5b521de19b,6f9a9c5f2856c8b3,Open,1.170863568534039,10,0,0.0,0.0010434013383928686,0.5442198514938352,0.0,0.0012216806144838665,0.6372071973871366
5974713b6a8d7097,2,6b7e1f5b521de19b,6f9a9c5f2856c8b3,Open,100796.46864623079,10,0,0.0,0.10453399866819382,0.7984480261802671,0.0,10536.65791922373,80480.74143652416
59a0545a5bb2a9a4,5,6b7e1f5b521de19b,6f9a9c5f2856c8b3,Open,16073.57048734802,70,0,0.003466563671827316,0.3262053206562996,0.9812713086605072,55.72005552799634,5243.284214916995,15772.533546966899
59aabfe0509dcc60,2,6b7e1f5b521de19b,6f9a9c5f2856c8b3,Open,98.49392076768089,10,23,0.0,0.0002564730486483313,0.007569122640416025,0.0,0.02526103613261431,0.7455125656259955
59ae62abc7806c13,0,6b7e1f5b521de19b,6f9a9c5f2856c8b3,Open,1.170863568534039,49,0,0.0011230711825191975,0.042489346116781235,0.6655612170696258,0.0013149631324821706,0.049749227418972385,0.7792813816960001
59b7e9b4a45a00b1,3,6b7e1f5b521de19b,d4f34f97b6d22a81,Open,1.170863568534039,10,0,0.0,0.00016037751629482955,0.0026891566929407415,0.0,0.0001877801910415901,0.0031486356018437913
59c08698e38f62b6,3,6b7e1f5b521de19b,,Open,43554.61939889371,10,17,0.0,0.0005525728018255904,0.028976256027817723,0.0,24.06709807369391,1262.0498028965005
59c6748330eb4660,4,255414ab73601d72,28c9c64e5918b06e,Open,1.170863568534039,10,0,0.0,0.0009581941703800112,0.5337148308753967,0.0,0.0011219146456796529,0.624907251458308
59d40fa9df85ab7d,2,6b7e1f5b521de19b,6f9a9c5f2856c8b3,Open,267071.1042814682,70,0,0.032658813521265984,0.11148912087082863,0.8384800374507904,8722.22539164705,29775.522626342285,223933.7895199494
59e7f2e6b7280491,2,6b7e1f5b521de19b,6f9a9c5f2856c8b3,Open,98.49392076768089,10,27,0.0,0.00027954364923061804,0.011508774198591703,0.0,0.027533350038428873,1.1335442940492213
59f509d87ea037bb,2,6b7e1f5b521de19b,6f9a9c5f2856c8b3,Open,44461.42141443329,60,62,0.0030671000480651856,0.013391374424099923,0.24863445758819566,136.3676277572548,595.3995415883705,11054.641396977808
5a070b7e9c7ba531,5,6b7e1f5b521de19b,d4f34f97b6d22a81,Open,81.43217479245789,40,0,0.0,0.022335854917764665,0.4495250269770622,0.0,1.8188572418023923,36.605800570380474
5a0992e0a8665178,2,6b7e1f5b521de19b,,Open,1.170863568534039,10,31,0.0,0.0009263128798920662,0.39673351198434825,0.0,0.0010845860041294672,0.4645208155990359
5a0bcb769620aeb0,0,6b7e1f5b521de19b,6f9a9c5f2856c8b3,Open,1.170863568534039,10,0,0.0,0.0010145270323846489,0.2915845230221748,0.0,0.0011878727415121386,0.3414056951550392
5a2d0d3434fb3f99,5,6b7e1f5b521de19b,,Open,1.170863568534039,10,26,0.0,0.00011445019335951657,0.0004413659175042994,0.0,0.00013400556181633434,0.0005167792731983843
5a3e1c022a9f8c92,2,6b7e1f5b521de19b,6f9a9c5f2856c8b3,Open,455.427302732939,50,67,0.0011230711825191975,0.0076456462731584905,0.07552493475377557,0.5114772794318103,3.4820360598347184,34.39611732399321
5a46cbabff72da59,0,6b7e1f5b521de19b,6f9a9c5f2856c8b3,Open,1040366.9433779602,50,0,0.00116905365139246,0.06587855741381646,0.7515033155679702,1216.244773944017,68537.87341076169,781839.2073558519
5a4f0743d6c8b541,6,6b7e1f5b521de19b,,Open,1.170863568534039,100,0,0.9997202754020691,0.9996746242046356,0.9999453544616699,1.1705360491930987,1.170482597869164,1.1707995860640252
5a5f35cd095b7382,3,6b7e1f5b521de19b,,Open,21273.147061594493,30,0,0.0,0.013404578436166048,0.40117209851741786,0.0,285.15756837123865,8534.193048769504
5a6b69e6314440c4,6,6b7e1f5b521de19b,,Open,1287.0828528119127,90,0,0.009597593918442726,0.986321422457695,0.9999362647533416,12.352898560679527,1269.477390206354,1287.000820268819
5a8839dc64c19a7f,0,6b7e1f5b521de19b,6f9a9c5f2856c8b3,Open,1.170863568534039,10,0,0.0,0.0007216253405204042,0.46401144266128536,0.0,0.0008449248213463115,0.5432940935950201
5a8da5dce2ccad6f,2,6b7e1f5b521de19b,6f9a9c5f2856c8b3,Open,1.170863568534039,50,0,0.0010428334586322307,0.04994837772101164,0.7652271002531049,0.0012210157047608276,0.058482735780909775,0.8959765333413052
5a96e6fadada914b,1,6b7e1f5b521de19b,,Open,24659.214040497674,10,0,0.0,0.0010613320395350457,0.06178751830011606,0.0,26.171613930932633,1523.6316387937288
5a97aaeb35ccc2f8,3,6b7e1f5b521de19b,d4f34f97b6d22a81,Open,866.6664771429641,10,0,0.0,0.000526065009762533,0.3061610162258147,0.0,0.45592290875907354,265.3394893709367
5aa3fdc3a74123fd,0,6b7e1f5b521de19b,6f9a9c5f2856c8b3,Open,74779.10930618564,55,686,0.0012513193301856517,0.0014234481495805085,0.01415980891324578,93.57254496889584,106.44418476916853,1058.8578984783078
5aa6a1eac5e6cddc,3,6b7e1f5b521de19b,d4f34f97b6d22a81,Open,198350.39081317704,10,77,0.0,0.00012971812502655667,0.0008833215571939943,0.0,25.729640794570077,175.2071760831329
5ab20b55c38187b3,2,6b7e1f5b521de19b,6f9a9c5f2856c8b3,Open,1.170863568534039,10,0,0.0,0.000927898523514159,0.5512561082839965,0.0,0.001086442576479254,0.6454456941215867
5ab28e7c51e5f13a,1,6b7e1f5b521de19b,,Open,4428.141433540016,10,0,0.0,0.0007331593456910923,0.45131378769874564,0.0,3.2465332760418137,1998.4812828366978
5ab5a15945e0421f,5,6b7e1f5b521de19b,6f9a9c5f2856c8b3,Open,1.170863568534039,10,0,0.0,0.0001606041449122131,0.02683049133047461,0.0,0.00018804554223327173,0.031414844824721094
5ac2f95c15cfaa80,4,e366e0e543d0c5cd,28c9c64e5918b06e,Open,1.170863568534039,70,0,0.0011230711825191975,0.15217693597078324,0.9159033477306365,0.0013149631324821706,0.17817843029932723,1.0723978621561658
5acf55fe36d24f9b,2,6b7e1f5b521de19b,6f9a9c5f2856c8b3,Open,230.1833677762813,40,0,0.00028759543783962727,0.03178178947418928,0.4825503557920454,0.06619968643901956,7.315639335125658,111.07506601785579
5adbc68111d90509,0,6b7e1f5b521de19b,6f9a9c5f2856c8b3,Open,22962.31400177536,80,0,0.115080626308918,0.30623237639665607,0.9716838508844375,2642.5174768263455,7031.803984329878,22312.10969446272
5ae03f7c75909bf2,2,6b7e1f5b521de19b,6f9a9c5f2856c8b3,Open,174916.05605915148,10,40,0.0,0.0024637055699713527,0.4427945554256439,0.0,430.9416615903529,77451.87727951899
5aeaef1b229a6516,3,6b7e1f5b521de19b,6f9a9c5f2856c8b3,Open,3391.863497755878,10,0,0.0,0.0005897295341128483,0.3727024257183075,0.0,2.0002820803059502,1264.1557533189987
5aeb1e06dca6edcb,5,6b7e1f5b521de19b,d4f34f97b6d22a81,Open,5255.54195769548,10,0,0.0,0.0006193824636284263,0.05863674078136682,0.0,3.2551905254599887,308.167851438987
5af027b15e7631c2,2,6b7e1f5b521de19b,6f9a9c5f2856c8b3,Open,98.49392076768089,10,24,0.0,0.0002564730486483313,0.007569122640416025,0.0,0.02526103613261431,0.7455125656259955
5af8f45a5968aa04,2,6b7e1f5b521de19b,6f9a9c5f2856c8b3,Open,3391.863497755878,10,0,0.0,0.0008799770555924625,0.29148647040128706,0.0,2.9847620537267687,988.6823190438248
5b11a4dccc4bbe54,3,6b7e1f5b521de19b,,Open,25177.181736988994,10,0,0.0,0.00019252421479905025,0.0317180039361119,0.0,4.847217144766795,798.5699494340215
5b11eab8626a66d2,5,6b7e1f5b521de19b,6f9a9c5f2856c8b3,Open,98.49392076768089,40,0,0.00028759543783962727,0.03759559821337462,0.6178986489772796,0.028326402267722744,3.702937871641685,60.85926057482525
5b183daa58c9710f,3,6b7e1f5b521de19b,,Open,1.170863568534039,10,0,0.0,0.000214937418786576,0.029342079162597654,0.0,0.00025166239317194557,0.03435557151652736
5b357f4fc676fcd9,0,6b7e1f5b521de19b,6f9a9c5f2856c8b3,Open,251679.9429066791,30,0,0.00017479545203968883,0.015003212820738554,0.3705038636922835,43.992509389696046,3776.0077461402348,93248.39126077792
5b40fe0414916ab3,5,75c64824a2a4e380,28c9c64e5918b06e,Open,26365.415373079573,30,145,0.0,0.0008633785735582932,0.005055412813089785,0.0,22.76333471608134,133.28805869950088
5b51759cc0b050b7,2,6b7e1f5b521de19b,6f9a9c5f2856c8b3,Open,715072.9663991949,30,0,0.00028759543783962727,0.04427130576223135,0.6887094467878341,205.65172285885754,31657.213937764544,492477.507101725
5b5dd52443bec4e2,3,6b7e1f5b521de19b,,Open,2.4198904513070483,10,0,0.0,0.000259806133544771,0.0036880958825349806,0.0,0.0006287023817559952,0.008924788009651241
5b6076427b8027f1,0,6b7e1f5b521de19b,6f9a9c5f2856c8b3,Open,1.170863568534039,70,0,0.0031274809909518806,0.570023599267006,0.980668106675148,0.003661853553588291,0.6674198655863836,1.1482285589291834
5b7a5a82146447eb,2,6b7e1f5b521de19b,6f9a9c5f2856c8b3,Open,11485.134609700683,90,0,0.03977605625987053,0.9355775594711304,0.9999085128307342,456.83336038764054,10745.234208341179,11484.083867246605
5b86deb48fd8e379,0,6b7e1f5b521de19b,6f9a9c5f2856c8b3,Open,1.170863568534039,10,0,0.0,0.056271842867136004,0.7212228357791899,0.0,0.06588665074740156,0.8444535432086614
5b871bfc52018a9b,3,6b7e1f5b521de19b,,Open,6852.397952313374,90,0,0.009018212064984255,0.9418776005506515,0.9999211549758911,61.79637788762587,6454.120141343118,6851.85767483162
5b8d20d1a47fe2fe,3,6b7e1f5b521de19b,,Open,65798.13803746978,80,0,0.015307751018553972,0.6564785927534104,0.9940861314535141,1007.2215145620328,43195.0690646328,65409.01649851265
5b9e14d815b675c1,5,6b7e1f5b521de19b,6f9a9c5f2856c8b3,Open,19623.72126185764,60,395,0.00432962755439803,0.02351990230381489,0.44899996966123573,84.96340429516532,461.54800691618675,8811.050251214627
5ba5097e11b444cc,2,6b7e1f5b521de19b,,Open,1845240.0868962975,50,0,0.00116905365139246,0.19404574260115623,0.9142822593450546,2157.1846612818567,358060.9829392141,1687070.2756816118
5ba8673877f63fbd,1,6b7e1f5b521de19b,,Open,319.5610554379637,10,0,0.0,0.0046206717146560555,0.5340982109308238,0.0,1.4765867299678346,170.6769879925822
5bb0c62af63d353f,5,6b7e1f5b521de19b,6f9a9c5f2856c8b3,Open,575937.6239257965,10,0,0.0,0.00020375966269057245,0.03635287713259457,0.0,117.35285598193006,20936.98967861294
5bbe016c57973800,2,6b7e1f5b521de19b,6f9a9c5f2856c8b3,Open,243911.56866935754,60,59,0.001290904451161623,0.005507198651321233,0.16515860259532927,314.8665296850875,1343.269462017532,40284.09383826579
5bc936021b66cb0d,0,6b7e1f5b521de19b,,Open,37091.15484349933,10,0,0.0,0.0005175670317839831,0.35184773653745643,0.0,19.19715891779006,13050.438877245553
5be99a3d4dcfb819,5,6b7e1f5b521de19b,d4f34f97b6d22a81,Open,4767.4468499403265,60,176,0.0028538778424263,0.029904553852975368,0.5455382749438283,13.60571092998976,142.56837106523827,2600.824730402834
5c00af71c65c45bd,0,062b9e5a52eb6d8e,,Open,534.5463080854963,10,0,0.0,0.007110474584624172,0.6561777561902999,0.0,3.8008779379466042,350.75739701934975
5c0602fff17da7b0,3,6b7e1f5b521de19b,d4f34f97b6d22a81,Open,918.0950877584921,10,3,0.0,0.0014896991255227477,0.09137979075312608,0.0,1.3676854493805561,83.89533701084393
5c0d163323ef3c14,3,6b7e1f5b521de19b,,Open,11264.189824104717,10,40,0.0,0.00012752624679706058,0.0006193518143845718,0.0,1.4364798514777166,6.976496405131487
5c0f2740a13b62be,2,6b7e1f5b521de19b,,Open,2582.916117610372,10,0,0.0,0.003340615052729845,0.9311268180608749,0.0,8.62852846242774,2405.0224659086944
5c2ba63918bee727,5,6b7e1f5b521de19b,6f9a9c5f2856c8b3,Open,1.170863568534039,10,0,0.0,0.0006695614312775433,0.31572286933660504,0.0,0.0007839650867783831,0.3696684054592635
5c2c2d2512a56599,3,6b7e1f5b521de19b,d4f34f97b6d22a81,Open,31810.931188906296,60,196,0.0004860874207224697,0.008970065880566836,0.12434904389083386,15.462893492395427,285.34614848666774,3955.6588786176044
5c32e71f94f7caa8,3,6b7e1f5b521de19b,d4f34f97b6d22a81,Open,3222.1084716806404,10,0,0.0,0.00016037751629482955,0.028194255568087075,0.0,0.5167537539206702,90.84494971866243
5c3def573f69c991,3,6b7e1f5b521de19b,,Open,25102.753943361105,90,113,0.02319129426032305,0.6233448296785354,0.9998691618442536,582.1653534449722,15647.671881286613,25099.469545330998
5c5c0c1c70b9fa01,0,6b7e1f5b521de19b,,Open,1064506.8667509402,30,0,0.0,0.040277924761176115,0.6136949360370635,0.0,42876.1274867497,653282.4735017332
5c6b4b3bcc59e337,1,6b7e1f5b521de19b,6f9a9c5f2856c8b3,Open,1.170863568534039,75,0,0.001455825287848711,0.5362814873456955,0.9780047029256821,0.0017045727916926363,0.627912456012323,1.1451100765106368
5cd26fc1cf90756c,5,6b7e1f5b521de19b,6f9a9c5f2856c8b3,Open,1.170863568534039,70,0,0.0035539745294954628,0.2797413796186447,0.9804089963436127,0.00416121930008414,0.3275389900069216,1.147925176081758
5cda102c6e09befd,2,6b7e1f5b521de19b,6f9a9c5f2856c8b3,Open,1.170863568534039,10,0,0.0,0.02488672845065594,0.5435470148921011,0.0,0.02913896368287261,0.6364193975225899
5ce969e1c9ebc553,5,6b7e1f5b521de19b,6f9a9c5f2856c8b3,Open,1.170863568534039,60,0,0.0010428334586322307,0.05978227183222771,0.8261990636587142,0.0012210157047608276,0.06999688413255409,0.9673663839949237
5d00f29f9d79f9e7,3,6b7e1f5b521de19b,d4f34f97b6d22a81,Open,61110.06404266016,30,93,0.0,0.001103335089283064,0.009506186144426464,0.0,67.42487796660221,580.9236440873499
5d0c6b02f4ec8170,3,6b7e1f5b521de19b,d4f34f97b6d22a81,Open,1231.2988998144133,10,0,0.0,0.00016586653000558727,0.028797993157058933,0.0,0.20423127591191398,35.45893729114967
5d107e9c4a68eb8d,0,062b9e5a52eb6d8e,,Open,60922.56576101272,70,58,0.002674749121069908,0.013063843315467238,0.2679199263453483,162.95257922259245,795.8828534781192,16322.369331460164
5d42838368f041b2,3,6b7e1f5b521de19b,,Open,9648.963805727817,10,0,0.0,0.00016532065856154077,0.002196007128804922,0.0,1.5951730507993935,21.189193302958955
5d4ab050c3c2cb49,3,6b7e1f5b521de19b,,Open,9648.963805727817,10,0,0.0,0.00030934793758206073,0.036055188067257396,0.0,2.984887053105852,347.8952046696761
5d5ba93c7c152145,4,255414ab73601d72,28c9c64e5918b06e,Open,14549.109682568103,65,157,0.0038984570652246474,0.0054584548342973,0.11618196405470366,56.71907943473595,79.41565808153553,1690.3441381680684
5d614dcc469279eb,2,6b7e1f5b521de19b,,Open,1.170863568534039,10,0,0.0,0.00017629725771257655,0.027255218848586074,0.0,0.0002064200362881125,0.03191214280223169
5d732e16c14a553f,2,6b7e1f5b521de19b,6f9a9c5f2856c8b3,Open,9648.963805727817,10,0,0.0,0.00016037751629482955,0.02516299467533825,0.0,1.5474768499813336,242.79682486606058
5d84d6df24040189,3,6b7e1f5b521de19b,d4f34f97b6d22a81,Open,304353.1646176681,10,142,0.0,0.0002774770953692496,0.016807760763913392,0.0,84.45103208454961,5115.495178633715
5d93c8834741e1c5,2,6b7e1f5b521de19b,,Open,7495.264905653416,30,358,0.0,0.0003824090279522352,0.0019553616235498334,0.0,2.8662569668154245,14.655953354854551
5d9bf7021318c9f0,2,6b7e1f5b521de19b,6f9a9c5f2856c8b3,Open,258.63789431285056,50,48,0.00028759543783962727,0.005906739830970764,0.05763177741318941,0.0743830784568235,1.5277067521361212,14.90576155565421
5dc74901ba7c9d7a,2,6b7e1f5b521de19b,6f9a9c5f2856c8b3,Open,1.170863568534039,10,0,0.0,0.02023023534566164,0.5701968491077419,0.0,0.023686845549104836,0.6676227175131556
5dcb33df2bd9e169,2,6b7e1f5b521de19b,6f9a9c5f2856c8b3,Open,98.49392076768089,10,77,0.0,0.00021978837976348585,0.003185628505889326,0.0,0.021647819262081733,0.31376504165432895
5ddb9a08ef96c289,5,6b7e1f5b521de19b,d4f34f97b6d22a81,Open,1.170863568534039,10,0,0.0,0.0006695614312775433,0.3183321952819823,0.0,0.0007839650867783831,0.37272357014713636
5de0eb97f785d310,0,6b7e1f5b521de19b,6f9a9c5f2856c8b3,Open,823409.396067921,10,22,0.0,0.0002827319200150669,0.07039236500859247,0.0,232.80411950872997,57961.73475951778
5dea0823fa811768,5,6b7e1f5b521de19b,6f9a9c5f2856c8b3,Open,417325.042498986,30,0,0.0,0.00666099158115685,0.14201055653393252,0.0,2779.79859469167,59264.56154082804
5e10a747d799a8f4,0,fc3655a0b667e091,,Open,3843.751686636889,25,2,0.0,0.05515165273100138,0.7659555733203887,0.0,211.98925820559856,2944.1430268391696
5e5250e68a7769b5,2,fd10c5543bdbcbc9,28c9c64e5918b06e,Open,102.06320172719663,40,0,0.0,0.02410778906196356,0.45647078603506086,0.0,2.4605181382278913,46.588869917668426
5e6ac0777736e71d,2,6b7e1f5b521de19b,,Open,14989.65593179705,50,0,0.00028759543783962727,0.12497001551091672,0.7994189798831939,4.310956660770539,1873.2575342999821,11983.015453797263
5e7181f4f2dea195,5,6b7e1f5b521de19b,6f9a9c5f2856c8b3,Open,9807325.849031983,30,0,0.0002539545763283968,0.06628654487431049,0.692396396398544,2490.615280905452,650093.7449888438,6790557.076176036
5e8d8e2b768b6ffa,2,6b7e1f5b521de19b,6f9a9c5f2856c8b3,Open,12872.794199917535,70,0,0.03437887132167816,0.4698124572634697,0.9867563068866729,442.5521353494099,6047.799074910197,12702.31086402281
5e97fdc0d2846d18,2,6b7e1f5b521de19b,6f9a9c5f2856c8b3,Open,7045.211152236175,10,0,0.0,0.09721235930919647,0.7920446634292599,0.0,684.8815979403411,5580.12189586097
5e9f63e6c47a51fa,4,38080774be85927f,28c9c64e5918b06e,Open,1684.898767285085,40,0,0.00028759543783962727,0.04371632486581802,0.5911225557327268,0.48456919869280224,73.6575818766511,995.9816654684802
5ea63621e22a4027,1,6b7e1f5b521de19b,,Open,777760.6524679924,50,0,0.00116905365139246,0.1481528513133526,0.8910208016633986,909.2439306770885,115227.45830246658,693000.9200642785
5eb6004c18f996f0,1,6b7e1f5b521de19b,6f9a9c5f2856c8b3,Open,1.170863568534039,10,0,0.0,0.015082049602642658,0.4854082182049751,0.0,0.017659022418557567,0.5683467985632266
5ec659403b6e8f8f,3,6b7e1f5b521de19b,d4f34f97b6d22a81,Open,108970.5838376575,60,63,0.004856686294078827,0.014702139282599091,0.20004047676920877,529.2359409821189,1602.100701287382,21798.52754470404
5ec6faaa7231e6ae,2,6b7e1f5b521de19b,,Open,27685.304717477007,30,0,0.0002539545763283968,0.04040222112089396,0.5147397756576538,7.0308098300494395,1118.5478029948347,14250.7275392879
5ed1b366e19a086e,5,6b7e1f5b521de19b,6f9a9c5f2856c8b3,Open,12238947.33862092,60,0,0.0028538778424263,0.2838391840457916,0.9464481085538864,34928.460624312575,3473892.8261735747,11583528.55932839
5f0134c878cb9c8c,2,6b7e1f5b521de19b,6f9a9c5f2856c8b3,Open,1.170863568534039,50,0,0.0028538778424263,0.33605576157569883,0.9517889052629471,0.0033415015947434812,0.3934754482249469,1.1144149541072805
5f1387289dab45c8,5,6b7e1f5b521de19b,d4f34f97b6d22a81,Open,8261.602666399114,10,92,0.0,0.00017590794232091866,0.00564345964230597,0.0,1.4532815253192832,46.62402122859079
5f192beec3226dae,2,6b7e1f5b521de19b,6f9a9c5f2856c8b3,Open,58537.91681298978,60,0,0.0030671000480651856,0.3282177418470383,0.9555185705423355,179.5416474707568,19213.18286878928,55934.06659567414
5f28ffc058092f39,2,6b7e1f5b521de19b,6f9a9c5f2856c8b3,Open,1.170863568534039,10,252,0.0,0.0001744811816024594,0.006037914240732787,0.0,0.0002042936589330913,0.007069573814406883
5f2d09c2bcf37ae1,2,6b7e1f5b521de19b,6f9a9c5f2856c8b3,Open,7078912.381992671,30,405,0.00030547641217708587,0.001032695162575692,0.00587189181242138,2162.44075656707,7310.358573181,41566.60765667109
5f596faa33b96ec4,4,b4d1bda83fb7745f,28c9c64e5918b06e,Open,1099438.5809573433,10,2224,0.0,0.0001723315494018607,0.0026683657546527654,0.0,189.467954128562,2933.704258770607
5f5d13c9ab46a235,2,6b7e1f5b521de19b,6f9a9c5f2856c8b3,Open,1.170863568534039,50,0,0.0011230711825191975,0.14238699972629548,0.8637680381536482,0.0013149631324821706,0.16671575061238555,1.0113545275382265
5f5f640cd03d1228,1,6b7e1f5b521de19b,,Open,5186.502594949308,50,0,0.00028759543783962727,0.12721875943243505,0.8262658804655074,1.4916144846508093,659.8204259225562,4285.430133152429
5f6d6b7678d7058b,5,6b7e1f5b521de19b,6f9a9c5f2856c8b3,Open,1.170863568534039,60,0,0.0010428334586322307,0.057586443796753886,0.8162774384021757,0.0012210157047608276,0.06742586908305212,0.9557495144413956
5f78af8923daac57,2,6b7e1f5b521de19b,6f9a9c5f2856c8b3,Open,98.49392076768089,10,37,0.0,0.0002533940860303119,0.009610954625532029,0.0,0.024957777032468455,0.9466206033889278
5f8d42f5dce2ec16,2,6b7e1f5b521de19b,6f9a9c5f2856c8b3,Open,98.49392076768089,10,20,0.0,0.00032086341525427997,0.03261562325060367,0.0,0.031603095799302545,3.2124406122334888
5fa63c51f038f234,4,7545e34e09ae9cad,28c9c64e5918b06e,Open,1.170863568534039,10,0,0.0,0.00015884339591138997,0.0019925193395465613,0.0,0.00018598394537487522,0.0023329683042745734
5faaa26f24ba6caa,2,6b7e1f5b521de19b,6f9a9c5f2856c8b3,Open,71354.71219781853,70,0,0.023161912709474562,0.3679379254579544,0.9749405354261398,1652.7116153355526,26254.104777714743,69566.6013153193
5faebea62fdcfcfb,5,6b7e1f5b521de19b,d4f34f97b6d22a81,Open,1.170863568534039,10,0,0.0,0.0004208343103528023,0.29913555234670625,0.0,0.0004927395623812433,0.3502469202960653
5fca9585db9ddb85,5,255414ab73601d72,d4f34f97b6d22a81,Open,51311.89236197236,97,195,0.9997202754020691,0.7709990948438644,0.9999113559722901,51297.53916351233,39561.42256580649,51307.343869163975
5fd0065a29efdd5d,2,6b7e1f5b521de19b,,Open,4126329.6794221867,50,0,0.00116905365139246,0.05460299886763096,0.7073537945747376,4823.900778577586,225309.97481296168,2918774.9564056443
5fd77c1affd0e7a7,0,674ec33189ed753c,,Open,263999.29512211593,30,284,0.0,0.0011350229731760919,0.02302659368142485,0.0,299.64526486589654,6079.004500959529
5fde0abd97137959,5,6b7e1f5b521de19b,d4f34f97b6d22a81,Open,470486.8952782352,60,48,0.00116905365139246,0.04041279386729002,0.8412555336952208,550.0244228573227,19013.689916140585,395799.7041838992
5fe538f61891d604,5,6b7e1f5b521de19b,6f9a9c5f2856c8b3,Open,13618.650853774316,60,0,0.0010428334586322307,0.09398619420826436,0.8318599224090575,14.20198477174625,1279.965163997378,11328.809842536746
5ffb7bfc4522b210,2,6b7e1f5b521de19b,,Open,160796.64174637178,80,0,0.015493036899715661,0.4176953822374344,0.9832301318645477,2491.2283039268978,67164.01473674657,158100.10326766156
6007227c0d645e85,2,6b7e1f5b521de19b,6f9a9c5f2856c8b3,Open,6830.177666480138,10,0,0.0,0.07032727748155594,0.7150919616222382,0.0,480.3477999988749,4884.205145751684
60102fdfc02b9ab4,6,6b7e1f5b521de19b,,Open,953589.4360036575,25,107,0.0,0.002397876582108438,0.03555310424417255,0.0,2286.5897775391636,33903.064624379746
602a4c4b50b319e3,3,6b7e1f5b521de19b,d4f34f97b6d22a81,Open,100310.18531795434,30,49,0.0,0.0019419138552621007,0.017457439191639418,0.0,194.79373869284447,1751.158960490269
6038a50ce9eb5451,3,6b7e1f5b521de19b,,Open,2.4198904513070483,10,0,0.0,0.00016037751629482955,0.0026891566929407415,0.0,0.00038809602028619855,0.00650746460331574
60444dfab3522402,0,fc3655a0b667e091,,Open,869711.3941640588,20,108,0.0,0.0014785427891183644,0.01179082873277366,0.0,1285.9055104553488,10254.618095530222
6044cec56509a02d,0,6b7e1f5b521de19b,,Open,405397.633922256,5,845,0.0,8.999406745715532e-05,0.0002094207804475445,0.0,36.483382014170665,84.89868888758679
604be28a324565c3,3,6b7e1f5b521de19b,d4f34f97b6d22a81,Open,3216.5771418996947,10,0,0.0,0.00017284353671129793,0.0023909076349809765,0.0,0.5559645693106616,7.690538847073268
6056a73bde841585,3,6b7e1f5b521de19b,,Open,74673.91557802013,1,6,0.0,0.00022826649728813209,0.003198139113374054,0.0,17.045553147784336,238.81757015885825
605ede0931682406,4,95a23e7fbcc5841e,28c9c64e5918b06e,Open,151848.17055678766,10,0,0.0,0.00017894553384394387,0.03302323976531623,0.0,27.17255194351061,5014.5185442214315
606b0a58bccd40ba,1,6b7e1f5b521de19b,,Open,4795.3946908821035,25,707,8.101324056042358e-06,0.0003173314820742235,0.002333295543212443,0.038849046367461,1.5217297043884808,11.189073060179823
6071a23a742d21c2,6,6b7e1f5b521de19b,,Open,2582.916117610372,90,0,0.009607756277546287,0.978822061419487,0.9999379813671112,24.816028543346537,2528.2152787130026,2582.7559286838914
6085f9453fe3accd,0,6ab36d9b02cbcf6b,,Open,186555.16774733728,15,0,0.0,0.04846287425607443,0.7034627884626388,0.0,9040.999636360079,131234.6185056572
6096fd73fe98d736,2,6b7e1f5b521de19b,6f9a9c5f2856c8b3,Open,51338.49367493186,70,0,0.003466563671827316,0.263896769285202,0.9688821047544478,177.96815713985524,13548.062620783296,49740.947806690885
6098e979ca6dcfe6,2,6b7e1f5b521de19b,,Open,1.170863568534039,30,0,0.0002539545763283968,0.04068336859345436,0.5198933362960814,0.00029734616148541665,0.04763467413131762,0.608724166992697
60c19ff153bd21c6,5,6b7e1f5b521de19b,d4f34f97b6d22a81,Open,1.170863568534039,10,0,0.0,0.18443413004279136,0.9460979223251342,0.0,0.21594720366137368,1.1077515895162466
60d32b37f152dc28,2,6b7e1f5b521de19b,d4f34f97b6d22a81,Open,3812.7059715493438,10,0,0.0,0.0006017436535330489,0.4628278911113739,0.0,2.294271621167375,1764.6266642399248
60d5aa2afb1bc6f7,4,7545e34e09ae9cad,,Open,667884.4093221513,30,140,0.0,0.0007248735608300194,0.004733319347724318,0.0,484.131750008202,3161.3101966879667
60f6216d84f06203,0,fc3655a0b667e091,,Open,89664.46366676311,20,0,0.0,0.02162146642804146,0.45499830842018113,0.0,1938.677190959262,40797.179293780006
60f9cfa288d2027a,2,6b7e1f5b521de19b,6f9a9c5f2856c8b3,Open,264.11418569428724,40,0,0.00028759543783962727,0.03441089242696762,0.5645997613668441,0.07595803487440515,9.088404832362269,149.11880621659293
61000e8689641f16,4,d1650c60f1f48b67,28c9c64e5918b06e,Open,1.170863568534039,10,0,0.0,0.00018457840633345768,0.02806840511038899,0.0,0.0002161161315139181,0.03286427297060911
6106989208b4dd1a,0,6b7e1f5b521de19b,6f9a9c5f2856c8b3,Open,3736.3626074576496,10,3,0.0,0.0005497098434716463,0.3009522452950475,0.0,2.0539153040988567,1124.4667159508379
614bcbc21fda7b7e,0,6b7e1f5b521de19b,d4f34f97b6d22a81,Open,1.170863568534039,10,0,0.0,0.0013284913962706925,0.5331841319799422,0.0,0.001555482177004271,0.6242858754557591
61561a1d5f34e420,0,a7a9fe2a1360c457,,Open,487480.5206381472,5,0,0.0,0.00011528983814059756,0.0002654032796272076,0.0,56.20155032106622,129.37892893174293
6158df3d544b5a7e,4,75c64824a2a4e380,28c9c64e5918b06e,Open,17671.466999878878,70,0,0.0030671000480651856,0.26113254874944686,0.9705487668514251,54.20015728471085,4614.595217820112,17151.0205051881
61741fc702d392c7,3,6b7e1f5b521de19b,,Open,21909.611662243566,30,1,0.0,0.1429024450480938,0.8715393751859664,0.0,3130.937076588836,19095.08925867892
617ebb4275fbb23c,2,6b7e1f5b521de19b,6f9a9c5f2856c8b3,Open,1.170863568534039,10,0,0.0,0.05989061463624239,0.6803004592657088,0.0,0.07012373877468771,0.7965390234111934
6193781cebf0e59a,0,6b7e1f5b521de19b,6f9a9c5f2856c8b3,Open,26396.718866699845,10,139,0.0,0.0003748233415535651,0.04919526930898422,0.0,9.89410637166647,1298.5936935208435
619bc72b15a68cfc,3,6b7e1f5b521de19b,,Open,5083.8994500666495,10,0,0.0,0.00016037751629482955,0.002239901351276785,0.0,0.815343166894339,11.387433247959592
61a1c0e9b254a32e,5,6b7e1f5b521de19b,6f9a9c5f2856c8b3,Open,5755006.151176054,10,0,0.0,0.00020076880100532434,0.03698868174105882,0.0,1155.4256847498827,212870.0909436869
61a3eff4f2591472,2,6b7e1f5b521de19b,6f9a9c5f2856c8b3,Open,1.170863568534039,10,0,0.0,0.00028904234350193294,0.07241819426417351,0.0,0.00033842914977011467,0.08479182536294147
61b03c1ba83937a9,3,6b7e1f5b521de19b,,Open,49350.19023541798,10,0,0.0,0.00013789696022286081,0.0019231449288781715,0.0,6.805241219884047,94.90756809041714
61c21e7897b34354,5,6b7e1f5b521de19b,,Open,1.170863568534039,10,0,0.0,0.000187911724060541,0.028669571224600062,0.0,0.00022001899180290867,0.03356815647237603
61d0b3eabb413eaa,3,6b7e1f5b521de19b,,Open,16016.407756834642,40,1,0.00028759543783962727,0.040006705373525624,0.5826171278953549,4.606245801444861,640.763706269934,9331.433486487884
61e43b59ac854af2,2,6b7e1f5b521de19b,6f9a9c5f2856c8b3,Open,1.170863568534039,10,0,0.0,0.000899724746705033,0.5512561082839965,0.0,0.0010534549276254392,0.6454456941215867
620a8beb39ce0162,3,6b7e1f5b521de19b,6f9a9c5f2856c8b3,Open,51178.06924011765,10,0,0.0,0.02251224499195814,0.5600313693284985,0.0,1152.1332329489255,28661.324196131794
6215c4d82a1eab06,3,6b7e1f5b521de19b,,Open,71981.06796123674,10,194,0.0,0.0007816620956873522,0.04104148633778091,0.0,56.26487243239403,2954.2100173099766
621aad0d5a94459e,2,6b7e1f5b521de19b,6f9a9c5f2856c8b3,Open,142231.5269263224,80,0,0.17246365696191787,0.43167602717876435,0.9815745264291763,24529.76926899105,61397.9404831243,139610.84368600356
621f854ad7ec560f,2,6b7e1f5b521de19b,6f9a9c5f2856c8b3,Open,5701.257941028675,70,0,0.018747814744710923,0.4243627771735191,0.9833630561828614,106.88612769021763,2419.401653237508,5606.406432976765
6220069e92b03d18,2,6b7e1f5b521de19b,6f9a9c5f2856c8b3,Open,85310.81114042184,30,0,0.00028759543783962727,0.04455785844475031,0.582517385482788,24.53500008238337,3801.267046601744,49695.03065893443
622299d3f8a63903,2,6b7e1f5b521de19b,6f9a9c5f2856c8b3,Open,163.9486033326457,10,0,0.0,0.00047981292882468555,0.19119494408369053,0.0,0.07866465954175333,31.346144046784353
62236ff36961b993,6,6b7e1f5b521de19b,,Open,3469.671582488288,90,0,0.007812605053186417,0.96626977622509,0.9999257564544678,27.10717373824531,3352.638783585512,3469.4139817681717
622ab515d1cd1050,3,6b7e1f5b521de19b,d4f34f97b6d22a81,Open,13707.11230296319,50,0,0.00028759543783962727,0.07628844380378723,0.7082136988639831,3.9421029642876406,1045.694266636808,9707.56470482557
624824a8ea7a8fc2,2,6b7e1f5b521de19b,6f9a9c5f2856c8b3,Open,373.2682976994048,40,0,0.0,0.022341009601950648,0.44298630952835083,0.0,8.339190623006175,165.35274566178913
624c525c84937ff2,2,6b7e1f5b521de19b,6f9a9c5f2856c8b3,Open,19968.386719979837,60,18,0.002674749121069908,0.18129499778151512,0.9498655080795287,53.4104248284501,3620.1686260991805,18967.281797302163
625a63f7272effc7,3,6b7e1f5b521de19b,,Open,2989.1949329776403,70,0,0.0010428334586322307,0.2341067932546139,0.9441878169775008,3.1172324904830115,699.7908401723358,2822.3614382883648
625d024483d7d3b2,2,6b7e1f5b521de19b,6f9a9c5f2856c8b3,Open,792.386980928487,60,90,0.0011230711825191975,0.013403487158939242,0.11253803968429563,0.8899069836841726,10.62074872378561,89.17367750504927
625e54688c6f1e26,0,6b7e1f5b521de19b,,Open,524417.177630072,5,0,0.0,0.00012189525259600486,0.00026768258394440633,0.0,63.923964332901576,140.3773451728504
626db6ccf622e3c1,5,255414ab73601d72,28c9c64e5918b06e,Open,21264.762571199106,30,524,8.101324056042358e-06,0.0004600957603543066,0.0033095627790316936,0.17227273256408446,9.783827103949653,70.37706671058686
627da9b9e191b577,3,6b7e1f5b521de19b,d4f34f97b6d22a81,Open,98272.09176982436,60,154,0.0012113013304769992,0.001796803966863081,0.027885806653648613,119.03711550954601,176.57568432395314,2740.396550542935
62c68795b7e97bc5,5,6b7e1f5b521de19b,6f9a9c5f2856c8b3,Open,1.170863568534039,50,0,0.0011230711825191975,0.1488864578306675,0.9170502990484237,0.0013149631324821706,0.17432572932200807,1.073740785669045
62c9117ab968ab93,4,75c64824a2a4e380,,Open,85241.59275554387,50,0,0.0011230711825191975,0.051026841066777705,0.7919470638036726,95.7323763757885,4349.609205816127,67506.82909670137
62cbdb30bacdf3c5,3,6b7e1f5b521de19b,,Open,2.4198904513070483,80,198,0.006196126854047179,0.06835229508578777,0.8370631396770476,0.014993948209195949,0.1654050662030195,2.0256010988455855
62d5dae19121c762,3,6b7e1f5b521de19b,,Open,1.170863568534039,10,219,0.0,0.00010673981450963766,0.0003473523538559674,0.0,0.00012497776012141573,0.00040670221657449623
62daf2e207cbe872,4,532ef57d231b606f,28c9c64e5918b06e,Open,1684.898767285085,50,0,0.00116905365139246,0.2075822740793228,0.9164763808250427,1.969737056121283,349.75511770648563,1544.1699242980105
62e1d3ce28f1b209,2,6b7e1f5b521de19b,,Open,183127.89167286997,10,0,0.0,0.0004954332107445225,0.037272569164633736,0.0,90.72763934836507,6825.6470083506
62e79428d079e340,3,6b7e1f5b521de19b,d4f34f97b6d22a81,Open,9548.177348327423,30,202,8.101324056042358e-06,0.005173091148026288,0.12908376082777975,0.07735287884336368,49.3935917204177,1232.5146411727214
62f9a303505444b9,3,6b7e1f5b521de19b,d4f34f97b6d22a81,Open,1.170863568534039,10,73,0.0,0.00010839803762792144,0.001238793297670781,0.0,0.00012691931315911512,0.0014504579411868607
6310aa4e21943121,1,6b7e1f5b521de19b,d4f34f97b6d22a81,Open,1.170863568534039,10,0,0.0,0.00015884339591138997,0.02608444578945636,0.0,0.00018598394537487522,0.03054132728027556
631c7035a01a90b4,2,6b7e1f5b521de19b,6f9a9c5f2856c8b3,Open,98.49392076768089,10,0,0.0,0.000890487336437218,0.24626022055745117,0.0,0.08770758915967054,24.255134651817215
631dd9d447eabacd,2,6b7e1f5b521de19b,6f9a9c5f2856c8b3,Open,1.170863568534039,10,0,0.0,0.0006341886590234935,0.30237132310867293,0.0,0.0007425483964280644,0.3540355663973797
6331e9564cc02bfc,6,6b7e1f5b521de19b,,Open,10655.425849350459,90,0,0.0138743307441473,0.9769847065210342,0.9999385714530945,147.83690245362493,10410.188096284299,10654.771302023873
633d7f82abda5396,1,6b7e1f5b521de19b,,Open,168917.24640408592,10,193,0.0,0.00016046602468122728,0.0027973398799076674,0.0,27.105479030563,472.5189497703396
633f1b4baaafd63c,2,6b7e1f5b521de19b,6f9a9c5f2856c8b3,Open,19193.398354380104,30,142,0.0,0.0007977826986461878,0.006173899746499956,0.0,15.31216113534866,118.49811723458
634b1620e36f14a9,2,6b7e1f5b521de19b,6f9a9c5f2856c8b3,Open,1.170863568534039,10,0,0.0,0.0008053897327044979,0.541779863834381,0.0,0.0009430014964950642,0.6343503047290091
63547891102df400,3,6b7e1f5b521de19b,d4f34f97b6d22a81,Open,315.6120452626753,10,0,0.0,0.00016259662734228187,0.02881347872316835,0.0,0.05131745410831061,9.09388095095174
63562d52911485fa,2,6b7e1f5b521de19b,6f9a9c5f2856c8b3,Open,64490.738750492004,10,0,0.0,0.06251184400171042,0.6671658396720884,0.0,4031.4350003258173,43026.017869545285
6359a720d8a5a08b,3,6b7e1f5b521de19b,,Open,11576.129437233365,10,0,0.0,0.00016591365711065008,0.03100286582484838,0.0,1.9206379701176393,358.8931877136236
635a7fc1b1695732,3,6b7e1f5b521de19b,,Open,4234.346679792157,80,0,0.007016893806940061,0.8214954257011414,0.9963269591331482,29.7119609938708,3478.496428282073,4218.793751392863
635ae16bfde056c6,0,6b7e1f5b521de19b,,Open,7622.2759197919995,10,24,0.0,0.00037563449586741626,0.14436806663870785,0.0,2.8631897724934143,1100.4132379271496
638838e346e42707,2,6b7e1f5b521de19b,6f9a9c5f2856c8b3,Open,80945.03039796429,60,0,0.003466563671827316,0.16426534056663514,0.9092383623123168,280.6011017925408,13296.462985498238,73598.32687636575
639054e043055ee7,5,6b7e1f5b521de19b,6f9a9c5f2856c8b3,Open,7344160.181455478,10,0,0.0,0.000809738616226241,0.5179769515991207,0.0,5946.850102675618,3804105.702845954
63b07b727a69ad80,2,6b7e1f5b521de19b,6f9a9c5f2856c8b3,Open,348.35156388525274,40,0,0.0,0.045998889952898026,0.6203577131032942,0.0,16.023785252077666,216.10257952781149
63c5b896ef70fdc0,0,6b7e1f5b521de19b,6f9a9c5f2856c8b3,Open,1.170863568534039,10,0,0.0,0.0004042112734168768,0.31706134527921676,0.0,0.00047327625403457247,0.3712355781778268
63c9ccda4083eaa3,2,6b7e1f5b521de19b,,Open,9648.963805727817,10,0,0.0,0.0005839770252350718,0.4954882606863972,0.0,5.634773179869808,4780.948293526076
63d8e7093797040f,0,52838e14fa2f9ca3,,Open,8364.823212732013,90,0,0.13679517507553102,0.9759296417236328,0.999936830997467,1144.2674558615415,8163.478921083081,8364.2948151933
63e5d07fecddbf78,0,6b7e1f5b521de19b,6f9a9c5f2856c8b3,Open,97656.37620441802,10,0,0.0,0.00043684182746801526,0.10460154823958871,0.0,42.66038984504197,10215.008146449854
63f147ebdfe9ef49,3,6b7e1f5b521de19b,d4f34f97b6d22a81,Open,133984.98406445613,40,79,0.0,0.003933668020181358,0.0623291028663516,0.0,527.05244699886,8351.163854299966
64015c4ba813efe6,2,6b7e1f5b521de19b,,Open,43581.774891596644,90,84,0.019332190975546837,0.9472510308027268,0.9999399542808532,842.5311952576384,41282.881190277316,43579.15799258159
640b8e73c22b61c1,2,6b7e1f5b521de19b,,Open,5655.969519442425,30,0,0.0,0.01879087509587407,0.40713483244180665,0.0,106.2806167859135,2302.7422025941573
6411609d208e36ce,1,6b7e1f5b521de19b,6f9a9c5f2856c8b3,Open,1.170863568534039,0,69,0.0,8.337495419254992e-05,0.00015615577358403241,0.0,9.762069639225102e-05,0.0001828371063057936
6459ec8559856e87,2,6b7e1f5b521de19b,6f9a9c5f2856c8b3,Open,1.170863568534039,10,0,0.0,0.0008676821045810357,0.28673534393310546,0.0,0.0010159373653228767,0.33572796802235083
64914e8ebe98fdbf,4,ac07a4f1ad9a4f67,,Open,270801.9611719012,30,804,0.0,0.0004514381580520421,0.003367092518601564,0.0,122.25033854832371,911.8152574845398
64b071f81fe94b9d,4,75c64824a2a4e380,28c9c64e5918b06e,Open,574461.96467564,50,0,0.00116905365139246,0.06102705467492342,0.7919470638036726,671.5768573901432,35057.72172692421,454943.4661917622
64b2a46693d3c7fe,4,ffefc275708fbbc3,28c9c64e5918b06e,Open,1182718.90947582,75,610,0.0004612948279827833,0.0018222830316517503,0.030313411634415383,545.5821158986334,2155.2485999514493,35852.245150747396
64bf020e89c548dd,0,6b7e1f5b521de19b,6f9a9c5f2856c8b3,Open,1.170863568534039,50,0,0.0011230711825191975,0.17795539423823356,0.9482487082481384,0.0013149631324821706,0.2083614879376599,1.1102698663972081
64d8bffad16e5965,3,6b7e1f5b521de19b,d4f34f97b6d22a81,Open,25102.753943361105,10,0,0.0,0.00014657095525762997,0.0017317342571914192,0.0,3.679334625075675,43.47129895356541
64e57f1c0f66d258,2,6b7e1f5b521de19b,6f9a9c5f2856c8b3,Open,98.49392076768089,10,0,0.0,0.0004358090925961733,0.1803989343345165,0.0,0.0429245462360024,17.768198344917938
64f5691596162fa5,2,6b7e1f5b521de19b,6f9a9c5f2856c8b3,Open,54608.54408792734,10,386,0.0,0.00019347010456840507,0.008329975930973873,0.0,10.56512073501966,454.8878578779603
6502bac16522b9fa,4,7b7c16a1b24ec3b8,d4f34f97b6d22a81,Open,24787.47916419369,10,0,0.0,0.00019882694541593083,0.035285652056336395,0.0,4.9284187667776616,874.6423651414266
652e4fcda02c56ca,2,6b7e1f5b521de19b,6f9a9c5f2856c8b3,Open,2016.9694227320904,40,0,0.0,0.026508113369345665,0.44498907178640357,0.0,53.46605412028593,897.5293512431111
6570d9e70de4c7e1,2,6b7e1f5b521de19b,6f9a9c5f2856c8b3,Open,264.11418569428724,40,0,0.0,0.023929321486502887,0.45059111118316647,0.0,6.320073258624521,119.00750441122607
6577b953393d80cb,1,6b7e1f5b521de19b,6f9a9c5f2856c8b3,Open,5026.424587659187,50,174,0.001301340665668249,0.0040348170674405996,0.02765792710706591,6.54109071883566,20.280703714490365,139.0204848546416
6583e74f427e038f,3,6b7e1f5b521de19b,d4f34f97b6d22a81,Open,1.170863568534039,10,0,0.0,0.0001568903353472706,0.0018873899767640977,0.0,0.0001836971779132073,0.0022098761634093884
65926096a17ae53f,2,6b7e1f5b521de19b,d4f34f97b6d22a81,Open,5453.8211159515695,60,39,0.003114043120876886,0.2128208391368389,0.9734027415513992,16.983434128622086,1160.6867863990242,5308.764426198169
659e43c65c1df0ad,4,d1650c60f1f48b67,28c9c64e5918b06e,Open,4717.803756057998,10,7,0.0,0.0003327541067847051,0.15373707190155977,0.0,1.5698685748326058,725.3013352625371
65a46410f2bfa484,1,6b7e1f5b521de19b,,Open,2046.6148673782125,10,0,0.0,0.0003569279098883271,0.3456426486372947,0.0,0.7304939669596812,707.397383501071
65ab7e4a2468e68b,3,6b7e1f5b521de19b,d4f34f97b6d22a81,Open,1.170863568534039,75,0,0.001455825287848711,0.2527347274124622,0.952733227610588,0.0017045727916926363,0.29591788483063314,1.1155206267410858
65abcccf9504b9f8,0,6b7e1f5b521de19b,,Open,1.170863568534039,10,0,0.0,0.00015700491203460843,0.0018873899767640977,0.0,0.0001838313315822145,0.0022098761634093884
65c35128d4122fda,0,532ef57d231b606f,,Open,18293.412589738506,100,0,0.9997202754020691,0.9999008119106293,0.999946242570877,18288.295472257058,18291.59810109566,18292.429182907796
65ce04c7b52b3d3e,3,6b7e1f5b521de19b,,Open,1.170863568534039,10,0,0.0,0.0001803268132789526,0.02881347872316835,0.0,0.00021113809609816579,0.0337366525196885
65e981b1a864aba4,0,6b7e1f5b521de19b,,Open,59381.351141311396,60,6,0.021702037751674653,0.1766262397170067,0.9183959275484084,1288.6963242141887,10488.304761405016,54535.59106050242
65fdc31ebe7ba165,0,95a23e7fbcc5841e,,Open,19655.98654235185,10,0,0.0,0.0008173159440048039,0.30754645019769666,0.0,16.065151196208024,6045.128886234009
65fec85b5f6feb02,5,6b7e1f5b521de19b,d4f34f97b6d22a81,Open,29734.886104913152,10,0,0.0,0.0005064351164037362,0.3788853481411934,0.0,15.05879050579353,11266.112673798754
6616fc476f674cfb,0,6b7e1f5b521de19b,6f9a9c5f2856c8b3,Open,116071.43717532702,70,0,0.005217964411713183,0.14625690281391146,0.9114713490009307,605.6566283972589,16976.248906422836,105795.78942267211
662434dd27269bfc,2,6b7e1f5b521de19b,6f9a9c5f2856c8b3,Open,1.170863568534039,10,0,0.0,0.000927898523514159,0.5610267639160156,0.0,0.001086442576479254,0.6568857988418098
66315401f796c2e9,4,6828ce51082c111b,28c9c64e5918b06e,Open,1.170863568534039,10,0,0.0,0.000580346435890533,0.30552837699651714,0.0,0.0006795064989128004,0.3577320457785552
6641864be5482ab1,2,6b7e1f5b521de19b,6f9a9c5f2856c8b3,Open,68130.33408842972,30,0,0.0,0.0004367232439108193,0.24023274928331367,0.0,29.7541005118269,16367.137467654136
664bd3f6f0982cbc,0,6b7e1f5b521de19b,,Open,41819.55434883915,10,0,0.0,0.0013062466809060425,0.635401102900505,0.0,54.626654065141,26572.190956060007
664cdbe22bc6ff3e,4,e366e0e543d0c5cd,d4f34f97b6d22a81,Open,179428.42692568258,60,41,0.004000989417545497,0.056835577823221684,0.5844570666551588,717.8912373364916,10197.918322232877,104868.21207553396
665a944fbdcf91e8,3,6b7e1f5b521de19b,d4f34f97b6d22a81,Open,739193.6311765709,10,0,0.0,0.00023237346540554426,0.045409318618476364,0.0,171.76898568220753,33566.279118845414
668088a033ade8fd,5,6b7e1f5b521de19b,6f9a9c5f2856c8b3,Open,1060.8669669680157,40,0,0.00028759543783962727,0.028955395426601173,0.48945148587226844,0.3051004998547639,30.71782252357794,519.2429132953021
6699fcfa96c05111,0,6b7e1f5b521de19b,,Open,89664.46366676311,1,3,0.0,0.00015635219897376374,0.00036973945971112686,0.0,14.019236064101555,33.15249035143696
66a1f2f4c2232a84,2,6b7e1f5b521de19b,6f9a9c5f2856c8b3,Open,387.213790880707,40,0,0.0,0.026508113369345665,0.44498907178640357,0.0,10.264307066839885,172.30590538690038
66a5912f501da3a1,3,6b7e1f5b521de19b,d4f34f97b6d22a81,Open,53378.34502380227,1,0,0.0,0.00010847920093510765,0.00022465163056040183,0.0,5.79044021542055,11.991532246212891
66c26f684082207f,3,6b7e1f5b521de19b,6f9a9c5f2856c8b3,Open,1.170863568534039,10,142,0.0,0.0001137603114329977,0.0005550000147195532,0.0,0.00013319780420198332,0.0006498292977709802
66c4054a026f136f,0,6b7e1f5b521de19b,6f9a9c5f2856c8b3,Open,135845.73235934612,33,2,0.0002539545763283968,0.04473990555852652,0.786283904314041,34.49864540733853,6077.725236286015,106813.31282390693
66d9af86a972664d,2,6b7e1f5b521de19b,6f9a9c5f2856c8b3,Open,98.49392076768089,10,20,0.0,0.00023972798153408802,0.008202502690255641,0.0,0.02361174881901453,0.8078966500707285
66e08d6c68f556be,4,062b9e5a52eb6d8e,,Open,429477.9996324568,10,523,0.0,0.00011961985328525771,0.0010883223207201807,0.0,51.37409530528045,467.41049325825634
66e88255a1718492,0,6b7e1f5b521de19b,,Open,19623.72126185764,70,0,0.0030671000480651856,0.38241578042507174,0.9704824984073639,60.187916425461374,7504.420681197364,19044.47803825731
66edfed28bf95aa8,2,6b7e1f5b521de19b,e72348f2c1467542,Open,1.170863568534039,60,0,0.0,0.017953932099044324,0.4703139796853065,0.0,0.021021605006704865,0.5506735045857835
671536a0f84926ec,4,95a23e7fbcc5841e,28c9c64e5918b06e,Open,4234.346679792157,10,108,0.0,0.00010714772361097857,0.0017409973428584634,0.0,0.4537006077194349,7.371986318259703
6718b2ef1b02d9c7,4,255414ab73601d72,,Open,102987.85614362208,70,0,0.0028538778424263,0.405803294479847,0.9705196410417556,293.91476068727036,41792.81131449839,99951.73717616806
672e28fa84a836b7,5,6b7e1f5b521de19b,,Open,12766533.778935743,50,0,0.00116905365139246,0.05960108730942011,0.7861089169979094,14924.76292989001,760899.2943970104,10035886.042776406
672fdbf653ace4a1,5,6b7e1f5b521de19b,6f9a9c5f2856c8b3,Open,1.170863568534039,10,0,0.0,0.00034921927290270104,0.07611974030733108,0.0,0.00040888812407171893,0.08912583077212599
6732c704c5f398c4,0,6b7e1f5b521de19b,6f9a9c5f2856c8b3,Open,822942.0430264678,50,1,0.00116905365139246,0.08567957412451507,0.8441843539476395,962.063400284463,70509.32377566613,694714.7969286492
67336a06bdc0c00d,3,6b7e1f5b521de19b,,Open,43594.3525840147,10,0,0.0,0.0003286848615971394,0.23672085553407649,0.0,14.328803745493767,10319.692440142137
6746bed86eecdcca,2,6b7e1f5b521de19b,,Open,186555.16774733728,30,59,0.0,0.0013246510585304349,0.020443815272301432,0.0,247.12050043083318,3813.8993875197693
674dad3a7067e0e6,3,6b7e1f5b521de19b,,Open,299675.6873529282,60,40,0.0009216022677719593,0.010997874522581698,0.24767859503626824,276.1817930605793,3295.7956069759275,74223.25321010123
675404d3c57378f4,2,6b7e1f5b521de19b,6f9a9c5f2856c8b3,Open,1.170863568534039,10,0,0.0,0.0007702841685386375,0.5189039289951323,0.0,0.0009018976703604241,0.6075657060295742
6770a9acd423729a,2,6b7e1f5b521de19b,d4f34f97b6d22a81,Open,19487.16212738487,10,0,0.0,0.00043302352132741363,0.2869787469506263,0.0,8.43839956507841,5592.401368940611
6780b871b92111eb,2,6b7e1f5b521de19b,6f9a9c5f2856c8b3,Open,8345.747103271866,30,169,0.0,0.0005034581714426168,0.0025108359870500857,0.0,4.201734575935769,20.954802165714007
6791f79816419db1,2,6b7e1f5b521de19b,6f9a9c5f2856c8b3,Open,1.170863568534039,10,0,0.0,0.000927898523514159,0.5512561082839965,0.0,0.001086442576479254,0.6454456941215867
67b26112d0aab6ee,2,6b7e1f5b521de19b,6f9a9c5f2856c8b3,Open,98.49392076768089,10,24,0.0,0.0002564730486483313,0.007569122640416025,0.0,0.02526103613261431,0.7455125656259955
67c3049888965482,3,6b7e1f5b521de19b,,Open,1.170863568534039,90,558,0.0363921670243144,0.18380477726459504,0.999822124838829,0.042610262548775535,0.21521031742162794,1.1706553009880767
67c7825c40cceb54,2,6b7e1f5b521de19b,6f9a9c5f2856c8b3,Open,98.49392076768089,10,24,0.0,0.0002564730486483313,0.007569122640416025,0.0,0.02526103613261431,0.7455125656259955
67d2b2ef5088f6fb,3,6b7e1f5b521de19b,,Open,2.4198904513070483,10,0,0.0,0.00016230657856795006,0.02881347872316835,0.0,0.0003927641396608996,0.06972546203113389
67d9deef5c77a65e,5,6b7e1f5b521de19b,6f9a9c5f2856c8b3,Open,1.170863568534039,10,0,0.0,0.0006967031600652263,0.32061758190393436,0.0,0.0008157443482029125,0.3753994460827951
67eadfdeecf18033,3,6b7e1f5b521de19b,,Open,2.4198904513070483,10,0,0.0,0.00017629725771257655,0.02608444578945636,0.0,0.00042662005053028184,0.06312150129354178
680a70fe52882743,1,6b7e1f5b521de19b,6f9a9c5f2856c8b3,Open,609.207969734855,95,0,0.9058829069137573,0.9874478459358216,0.9999397277832032,551.8710865384388,601.5610974416178,609.1712514200289
6826523d3567a400,2,6b7e1f5b521de19b,d4f34f97b6d22a81,Open,81.43217479245789,10,0,0.0,0.0005371517938328907,0.19036634266376481,0.0,0.04374143876548226,15.501945290396629
6826f7ab49be1388,4,75c64824a2a4e380,28c9c64e5918b06e,Open,1.170863568534039,10,0,0.0,0.0006327169219730423,0.299844391644001,0.0,0.0007408251931332293,0.351076874405213
68340d4d14664c86,0,6b7e1f5b521de19b,,Open,7021298.880091253,50,0,0.00116905365139246,0.07063881345093251,0.7570241063833236,8208.275093288468,495976.22177400737,5315292.510351311
683a8a876515878e,6,6b7e1f5b521de19b,,Open,349699.95873654354,0,231,0.0,8.032001860556193e-05,0.00017257188665098508,0.0,28.087907192083417,60.34838164093695
683ae0b400e0d76e,4,6828ce51082c111b,28c9c64e5918b06e,Open,1.170863568534039,10,0,0.0,0.0009581941703800112,0.5544281005859374,0.0,0.0011219146456796529,0.6491596643475998
68408f8ab588e7e6,0,6b7e1f5b521de19b,6f9a9c5f2856c8b3,Open,1.170863568534039,40,0,0.00028759543783962727,0.03428439758718014,0.5008178889751433,0.00033673502064301535,0.04014235210396553,0.5863894206711204
6849980e0713c008,5,6b7e1f5b521de19b,6f9a9c5f2856c8b3,Open,2728387.2014857912,60,0,0.0028538778424263,0.17116445228457453,0.9229122787714005,7786.483779879801,467002.9009625585,2518062.049493976
6862d6a2ae738caa,2,6b7e1f5b521de19b,6f9a9c5f2856c8b3,Open,5113739.627396335,30,158,0.0002539545763283968,0.0072518893983215095,0.07991615273058408,1298.65758052917,37084.27418969207,408670.39708744566
6871d097f3b77783,2,6b7e1f5b521de19b,6f9a9c5f2856c8b3,Open,12684.100633568509,10,0,0.0,0.02100575203076005,0.5599356740713118,0.0,266.43907264194655,7102.280438245537
6889f25fa07c4254,2,6b7e1f5b521de19b,6f9a9c5f2856c8b3,Open,1.170863568534039,70,0,0.04408864974975586,0.23970233723521234,0.9726127862930298,0.05162179377784651,0.28065873396117036,1.1387968777608914
6896d16e6101c77d,5,6b7e1f5b521de19b,d4f34f97b6d22a81,Open,104364.58352076357,30,2,0.0,0.05388309992849827,0.7791671961545944,0.0,5623.487282845407,81317.45991971534
68a05e4d4f64ea14,5,6b7e1f5b521de19b,d4f34f97b6d22a81,Open,2307.385344635522,40,0,0.0,0.03275367757305503,0.4679126426577567,0.0,75.57535561498435,1079.6547742381858
68a582887b4e0dd7,5,6b7e1f5b521de19b,d4f34f97b6d22a81,Open,1652802.7110121234,0,169,0.0,0.00010632941121002659,0.00019930530761484982,0.0,175.7415391082548,329.41235274492897
68a7d6d026a53f4d,0,6b7e1f5b521de19b,6f9a9c5f2856c8b3,Open,8572.728438490893,30,258,0.0,0.0004734354588435963,0.0032119530485942957,0.0,4.058633621818482,27.535201242781838
68ad00b09c5e4fc5,4,6ab36d9b02cbcf6b,28c9c64e5918b06e,Open,18407.045862683844,97,16,0.9997202754020691,0.9750498592853546,0.9999353945255279,18401.89695918081,17947.78747826895,18405.856666752257
68b4bcddbe607399,3,6b7e1f5b521de19b,6f9a9c5f2856c8b3,Open,3451.182213548525,10,0,0.0,0.0004910445713903755,0.2978716880083082,0.0,1.6946842908420228,1028.0094715739488
68d4abd9720ec808,0,6b7e1f5b521de19b,6f9a9c5f2856c8b3,Open,9885.54201471801,10,2,0.0,0.0005195408433792182,0.33344252109527583,0.0,5.135942835587291,3296.2600517808455
68d75fc944b52624,4,7b7c16a1b24ec3b8,28c9c64e5918b06e,Open,1236.5261721116829,10,0,0.0,0.00019189591184840538,0.0026683716452680518,0.0,0.23728431732178965,3.2995113762946575
68dfc6e3d078c3ec,2,6b7e1f5b521de19b,d4f34f97b6d22a81,Open,1110.2938537818552,99,12,0.9997202754020691,0.9904955983161926,0.9999442040920258,1109.983277280021,1099.74117500845,1110.2319039281651
68e28789f3185c5c,1,6b7e1f5b521de19b,,Open,42172.01403057815,50,0,0.00028759543783962727,0.046659407205879695,0.7306136786937711,12.128478839703028,1967.721175344818,30811.450308806034
68ef3061fdd89d1e,3,6b7e1f5b521de19b,,Open,49312.986663560754,10,0,0.0,0.00017775955057004468,0.030974642280489174,0.0,8.765854346581166,1527.4521216863277
68f7a82298cfadce,0,6b7e1f5b521de19b,6f9a9c5f2856c8b3,Open,4854.049577612525,60,41,0.0036394128925167023,0.023435504548251627,0.32773599028587325,17.66589061367828,113.75710095357724,1590.8467452155658
69049ac26d0ea71a,3,6b7e1f5b521de19b,d4f34f97b6d22a81,Open,1.170863568534039,10,0,0.0,0.00015884339591138997,0.0010441696882480748,0.0,0.00018598394537487522,0.0012225802473372158
690bfff454efb41b,5,6b7e1f5b521de19b,6f9a9c5f2856c8b3,Open,1028.3146841294915,70,0,0.003466563671827316,0.5425879254937173,0.9906860202550888,3.564718327209877,557.951131216548,1018.7369819901147
693ad3f5cba2843f,2,6b7e1f5b521de19b,6f9a9c5f2856c8b3,Open,348.35156388525274,40,0,0.0,0.027295982651412486,0.45375597923994054,0.0,9.508598244404267,158.06660499051756
6946ffc85939c9e4,0,6b7e1f5b521de19b,6f9a9c5f2856c8b3,Open,3138.917883297198,40,14,0.00028759543783962727,0.04187652263790369,0.6672441393136976,0.9027384629894937,131.44696579841585,2094.4245614170122
69690374f6105488,5,6b7e1f5b521de19b,6f9a9c5f2856c8b3,Open,1.170863568534039,70,0,0.003154510905733332,0.2315910451114178,0.9517535209655761,0.003693501896066473,0.2711615175196822,1.1143735239225907
696ad1b21db8222d,2,6b7e1f5b521de19b,6f9a9c5f2856c8b3,Open,45353.784670439054,1,77,0.0,7.961046685522888e-05,0.00012224708989378995,0.0,3.610635971265176,5.544368191630755
697a5a03a280147a,2,6b7e1f5b521de19b,6f9a9c5f2856c8b3,Open,1.170863568534039,10,0,0.0,0.0005493767210282386,0.3063274025917053,0.0,0.0006432451880526526,0.3586675957382873
698984aaa841ce53,2,6b7e1f5b521de19b,d4f34f97b6d22a81,Open,315.6120452626753,10,0,0.0,0.0005224034568527714,0.32396423071622843,0.0,0.16487682346959492,102.24701344829806
6996640d9a3cf3fc,0,6b7e1f5b521de19b,6f9a9c5f2856c8b3,Open,3789.0176552811567,60,0,0.03170074820518494,0.6033504724502563,0.9810677498579026,120.11469463506818,2286.105592436248,3717.28302523855
699bc6fa72ff656f,2,6b7e1f5b521de19b,,Open,4375.3854311784335,50,0,0.00028759543783962727,0.3437224268913269,0.9610188156366348,1.2583408887968879,1503.918098989606,4204.827725024885
69a185f7acb92cfd,0,52838e14fa2f9ca3,,Open,6825.920575393989,90,0,0.3015371419489384,0.9808029621839524,0.9999422609806061,2058.2685814747565,6694.883119978813,6825.526453433505
69afd78c52e2065a,1,6b7e1f5b521de19b,,Open,9505.078210184982,5,83,0.0,0.00010054812701127957,0.00039866039587650433,0.0,0.9557178111298255,3.78929824210948
69d2195c02647707,6,6b7e1f5b521de19b,,Open,1064506.8667509402,1,339,0.0,0.00013776310079265385,0.0424081657081842,0.0,146.6497667786819,45143.78360267384
69d908a905ec0a31,5,6b7e1f5b521de19b,d4f34f97b6d22a81,Open,1.170863568534039,10,0,0.0,0.00036952829250367356,0.28764009475707997,0.0,0.00043266721523514137,0.33678730780074373
69df0ca7f2282af3,0,674ec33189ed753c,,Open,35218.69901761697,10,0,0.0,0.00016037751629482955,0.030974642280489174,0.0,5.648287475580563,1090.8866036549011
69e25c4665ae5eda,4,75c64824a2a4e380,28c9c64e5918b06e,Open,2079440.4913154999,70,0,0.0030671000480651856,0.24997151345014573,0.962518173456192,6377.852030862463,519800.88674365013,2001499.2635118414
69e6903c985a69ea,2,6b7e1f5b521de19b,6f9a9c5f2856c8b3,Open,59451.158136393875,80,0,0.1810336798429489,0.47099406719207765,0.9871345281600952,10762.661928356456,28001.14276993953,58686.29093554037
69f85af4c6c522c3,5,6b7e1f5b521de19b,d4f34f97b6d22a81,Open,1.170863568534039,60,0,0.0028538778424263,0.06183106601238251,0.8086471796035767,0.0033415015947434812,0.07239574259752192,0.9468155223956297
6a04fa580fb4c587,2,6b7e1f5b521de19b,6f9a9c5f2856c8b3,Open,20862.691996545644,80,52,0.27119521126151086,0.10199078731238842,0.7708741247653961,5657.862163487028,2127.802382183555,16082.509433087156
6a0528f4c375ea55,0,6b7e1f5b521de19b,6f9a9c5f2856c8b3,Open,35.71706708720045,10,0,0.0,0.007561673969030382,0.6901596814393997,0.0,0.27008081644339543,24.650479642851927
6a088e5b68d4be4b,0,6b7e1f5b521de19b,6f9a9c5f2856c8b3,Open,525745.2249213193,80,63,0.19507483951747417,0.027460201922804118,0.5201336830854414,102559.66537860472,14437.070036289495,273457.80020290957
6a0c3d9b34ff5b64,4,6b7e1f5b521de19b,,Open,1287.0828528119127,10,0,0.0,0.00016232976850005798,0.02964981580153106,0.0,0.208931861537352,38.16176950718233
6a12ba02f2aaf96b,5,6b7e1f5b521de19b,6f9a9c5f2856c8b3,Open,2271971.1875772914,10,79,0.0,0.00022744771558791402,0.010467152483761294,0.0,516.7546564960151,23781.06885908374
6a278452094dd659,3,6b7e1f5b521de19b,,Open,5083.8994500666495,10,0,0.0,0.00020993449215893633,0.04416487272828816,0.0,1.0672858492368378,224.52977217560775
6a45b23309661c87,6,6b7e1f5b521de19b,,Open,286920.02942277264,90,0,0.008266484993509949,0.9594721049070358,0.9999293625354767,2371.8201175607833,275291.76457025635,286899.76211937325
6a4b3e005cd87d68,3,6b7e1f5b521de19b,d4f34f97b6d22a81,Open,1.170863568534039,10,0,0.0,0.00021395602598204278,0.04134976472705602,0.0,0.00025051331609069616,0.048414933086363736
6a7f2b8692b3eed4,3,6b7e1f5b521de19b,,Open,11485.134609700683,90,16,0.010618384461849928,0.8955546975135803,0.9999208450317383,121.95357488190056,10285.566251293247,11484.22550423517
6a83457628955c66,5,6b7e1f5b521de19b,6f9a9c5f2856c8b3,Open,569.928738792806,40,0,0.00028759543783962727,0.031042063422501088,0.49003939926624274,0.1639089051705036,17.69176405591234,279.28753678259403
6a95d7cf8f4f71b7,2,6b7e1f5b521de19b,,Open,162895.08295863107,50,0,0.00028759543783962727,0.07119414396584034,0.7840844720602034,46.84788270540991,11597.175987484286,127723.50512282127
6a982faf58570f2c,2,6b7e1f5b521de19b,6f9a9c5f2856c8b3,Open,98.49392076768089,10,0,0.0,0.0004546953554381617,0.19161453545093524,0.0,0.044784728311958795,18.872866872640397
6a9b8cf09fb7e8f6,2,6b7e1f5b521de19b,6f9a9c5f2856c8b3,Open,8179.723278905776,30,166,0.0,0.002388281107414514,0.03782991673797368,0.0,19.535478570889364,309.43825058067057
6a9ec65a511a6f34,2,6b7e1f5b521de19b,6f9a9c5f2856c8b3,Open,1665.2625792002207,40,0,0.0,0.026508113369345665,0.45375597923994054,0.0,44.142969239168416,755.6228523166252
6abed83d63254ed5,0,cca8e68b78e095c5,,Open,11264.189824104717,10,0,0.0,0.0004180875839665532,0.33473017066717137,0.0,4.7094179089005745,3770.4641822499866
6ad5a4c9be30aa15,2,6b7e1f5b521de19b,6f9a9c5f2856c8b3,Open,39574.448319868505,30,32,0.0,0.0003134531158138998,0.09625605084002015,0.0,12.404734132478936,3809.280109443013
6ad76e6a12f9b44a,6,6b7e1f5b521de19b,,Open,1.170863568534039,1,341,0.0,8.045270769798662e-05,0.0001693019163212739,0.0,9.419914443349056e-05,0.000198229445903578
6ae3b525534cfd03,4,6b7e1f5b521de19b,d4f34f97b6d22a81,Open,1.170863568534039,10,0,0.0,0.00016492579452460633,0.00249382647452876,0.0,0.00019310560432039223,0.0029199305652714055
6af04ef1653bd660,6,6b7e1f5b521de19b,,Open,1.170863568534039,95,0,0.9658832550048828,0.9425770193338394,0.9999364674091339,1.1309175147422903,1.103629092475397,1.1707891805379793
6af25f01692e6360,2,6b7e1f5b521de19b,6f9a9c5f2856c8b3,Open,1119646.8813839448,50,0,0.00116905365139246,0.03423570143058896,0.7330153256654739,1308.927274952081,38331.89633875078,820718.3233879845
6b0ddde35efea229,2,6b7e1f5b521de19b,,Open,16616.335180930364,10,0,0.0,0.00018614692889968866,0.03050932362675665,0.0,3.09307976349804,506.9531475256665
6b166ebcd2875368,3,6b7e1f5b521de19b,,Open,89664.46366676311,30,577,0.0,0.0009385073819430545,0.0057722537079825985,0.0,84.15076104922198,517.5660328747443
6b53241b54b49509,5,6b7e1f5b521de19b,6f9a9c5f2856c8b3,Open,158926.44987693336,10,0,0.0,0.0005058416514657438,0.32934236824512453,0.0,80.39161786733573,52341.21337925931
6b550a06c084ab8d,2,6b7e1f5b521de19b,6f9a9c5f2856c8b3,Open,5126.849721354915,80,0,0.10847882106900215,0.44952496886253357,0.9854613810777664,556.1546135705235,2304.646961354957,5052.312406984576
6b55bbb96c4a30f9,4,d94a77dffd98d647,28c9c64e5918b06e,Open,646870.0383819881,10,0,0.0,0.00022122230366221628,0.03781602885574102,0.0,143.10208006092967,24462.05603736756
6b5e6969e4716317,2,6b7e1f5b521de19b,6f9a9c5f2856c8b3,Open,38357.67743126645,30,133,0.0,0.0008806059864582494,0.004804552090354263,0.0,33.77800037260772,184.29145928352577
6b69e160a9586a07,2,6b7e1f5b521de19b,,Open,1.170863568534039,1,412,0.0,9.153731625701766e-05,0.00020968341923435213,0.0,0.00010717770876672059,0.0002455106765071525
6b8193ff5dbba99b,3,6b7e1f5b521de19b,d4f34f97b6d22a81,Open,59740.61139738067,10,0,0.0,0.0004989290609955788,0.34198359996080396,0.0,29.80632714779691,20430.309349535677
6b9e4fa1dae081a6,2,6b7e1f5b521de19b,6f9a9c5f2856c8b3,Open,1.170863568534039,10,0,0.0,0.000927898523514159,0.5512561082839965,0.0,0.001086442576479254,0.6454456941215867
6bafab0752ef532e,3,6b7e1f5b521de19b,d4f34f97b6d22a81,Open,1.170863568534039,10,0,0.0,0.00015884339591138997,0.002063118747901171,0.0,0.00018598394537487522,0.0024156305794770434
6bd4f401d77108f4,2,6b7e1f5b521de19b,6f9a9c5f2856c8b3,Open,1.170863568534039,60,0,0.0030671000480651856,0.19772172495722773,0.9382384836673736,0.0035911557073285256,0.2315051644601254,1.0985492591227466
6be1769cf506fd3d,1,6b7e1f5b521de19b,,Open,1.170863568534039,10,0,0.0,0.0003685441886773333,0.06164114326238629,0.0,0.0004315149639172246,0.07217336896871554
6bf0cafe2c6b16ec,2,6b7e1f5b521de19b,6f9a9c5f2856c8b3,Open,98.49392076768089,10,0,0.0,0.0005793260148493573,0.2959710091352461,0.0,0.05706009060522892,29.151345123297485
6bf9eb0dd293be33,3,6b7e1f5b521de19b,d4f34f97b6d22a81,Open,107108.7569315475,30,17,0.0,0.011099450709298252,0.1653344228863716,0.0,1188.8483680959189,17708.764513354057
6c068fc5c0c726db,2,6b7e1f5b521de19b,6f9a9c5f2856c8b3,Open,52989.6894552119,10,0,0.0,0.0005044487887062132,0.31103696972131717,0.0,26.73058465960004,16481.752434622744
6c0a57fc89c423f9,2,062b9e5a52eb6d8e,28c9c64e5918b06e,Open,9238.199308038435,40,243,8.101324056042358e-06,0.00036850849573966116,0.003628268290776758,0.07484164628872564,3.404354930348422,33.51866561323164
6c0de2e76749868f,2,6b7e1f5b521de19b,6f9a9c5f2856c8b3,Open,13193.476446510802,30,86,0.0,0.006584962829947472,0.07596008777618407,0.0,86.87855199806108,1002.1776289499776
6c149bed268583a9,3,6b7e1f5b521de19b,,Open,1.170863568534039,10,0,0.0,0.00016230657856795006,0.02881347872316835,0.0,0.00019003885977862038,0.0337366525196885
6c35466075e7ba55,2,6b7e1f5b521de19b,,Open,1.170863568534039,70,0,0.04404638856649399,0.23785433545708656,0.9742386609315872,0.05157231169800205,0.2784949760045768,1.1407005551421818
6c3b58d6824ea75f,4,fd10c5543bdbcbc9,d4f34f97b6d22a81,Open,14109.925684860507,60,157,0.0038984570652246474,0.010209307167679071,0.1790905855596065,55.00693947593917,144.0525654298654,2526.9548531042
6c42dd7f47e27c48,3,6b7e1f5b521de19b,,Open,25102.753943361105,30,0,0.0,0.024734541680663823,0.4569760173559187,0.0,620.9051137115134,11471.35652170274
6c50e658756deab1,0,6b7e1f5b521de19b,6f9a9c5f2856c8b3,Open,50634.06328826037,50,0,0.0011230711825191975,0.07674706764519215,0.8253067910671233,56.86565733289846,3886.015880335059,41788.6362911238
6c59509c27e6d9a5,3,6b7e1f5b521de19b,,Open,2.4198904513070483,10,72,0.0,0.00022263502396526746,0.003863332280889152,0.0,0.0005387523686200665,0.009348840896749939
6c66c69eb5edf3c8,3,6b7e1f5b521de19b,,Open,1.170863568534039,10,0,0.0,0.00016492579452460633,0.00249382647452876,0.0,0.00019310560432039223,0.0029199305652714055
6c6dcc59cdaeeb3f,4,ac07a4f1ad9a4f67,,Open,2496199.0774283707,30,0,0.0,0.02974415635690093,0.5572712540626521,0.0,74247.3356569813,1391059.9902685434
6c6ee58ba01261fc,2,6b7e1f5b521de19b,6f9a9c5f2856c8b3,Open,1.170863568534039,10,0,0.0,0.0007194430188974366,0.46220911741256676,0.0,0.0008423696204631546,0.5411838166226465
6c78b3743af2c6ff,0,6b7e1f5b521de19b,6f9a9c5f2856c8b3,Open,91102.55385385372,61,1582,0.001368036842904985,0.0015112209250219167,0.016863282397389386,124.63165015480742,137.6760857068798,1536.28809276091
6c86c1e27ec6daab,5,6b7e1f5b521de19b,6f9a9c5f2856c8b3,Open,702252.0180281462,60,190,0.0016800344123112155,0.026135940756648778,0.46373623162508004,1179.8075564022818,18354.01713942068,325659.7044914803
6c8d8858743355d5,3,6b7e1f5b521de19b,,Open,186555.16774733728,10,0,0.0,0.000181310428888537,0.03437703866511582,0.0,33.82439747564269,6413.214214827382
6c92758d3d51a2fa,5,6b7e1f5b521de19b,6f9a9c5f2856c8b3,Open,1060.8669669680157,40,0,0.00028759543783962727,0.04505153838545084,0.6826679706573486,0.3051004998547639,47.79368888421637,724.2198994774718
6c944e025755c01f,3,6b7e1f5b521de19b,,Open,36095.37719582366,10,0,0.0,0.0001598394701431971,0.0011163908784510557,0.0,5.769465965599294,40.29654985566778
6ca650a4329d764f,3,6b7e1f5b521de19b,d4f34f97b6d22a81,Open,3103.5664795479956,10,0,0.0,0.0001803189908969216,0.02951313126832245,0.0,0.559631975773606,91.59596491086538
6cabbffa659e8c08,1,6b7e1f5b521de19b,,Open,2625.6206839997444,25,19,0.0,0.07423913702368737,0.7709873884916305,0.0,194.9238137316848,2024.3204343265716
6cb65e16e1e9fd96,2,6b7e1f5b521de19b,6f9a9c5f2856c8b3,Open,1000267.2512475862,70,0,0.003466563671827316,0.2927942141890526,0.9719462275505065,3467.490115293449,292872.46380808065,972205.9813924062
6cd12875c27d1a5d,3,6b7e1f5b521de19b,,Open,54608.54408792734,50,0,0.00116905365139246,0.1382472686469555,0.8701372832059858,63.840317863217585,7549.482064942804,47516.930192503394
6d0377984aacc694,2,6b7e1f5b521de19b,6f9a9c5f2856c8b3,Open,283.8516225636142,40,112,0.0,0.0007789126510033384,0.003407079225871712,0.0,0.22109561982262377,0.9671049664664682
6d2ea0720a6369f4,4,77c27bf8a409b6bb,28c9c64e5918b06e,Open,1.170863568534039,10,0,0.0,0.00015884339591138997,0.0019925193395465613,0.0,0.00018598394537487522,0.0023329683042745734
6d300c4563417d4b,5,6b7e1f5b521de19b,6f9a9c5f2856c8b3,Open,249613.90231970133,30,164,0.0,0.0055311612319201234,0.07372243627905845,0.0,1380.6547394590286,18402.1450081313
6d4245aef7a247aa,0,6b7e1f5b521de19b,6f9a9c5f2856c8b3,Open,18970.84409458454,10,76,0.0,0.0003141776949632913,0.019270610064268095,0.0,5.960216069144537,365.57973913676176
6d4f66a9fa0e6500,4,38080774be85927f,d4f34f97b6d22a81,Open,1.170863568534039,10,0,0.0,0.0005806979810586199,0.30884033441543574,0.0,0.0006799181103428074,0.36160989606090305
6d6e1beddf31f3cc,3,6b7e1f5b521de19b,,Open,89664.46366676311,50,0,0.00116905365139246,0.008290524734184146,0.16240964755415915,104.82256864977597,743.3654538066553,14562.373942251706
6d71505a1d7c14fd,5,6b7e1f5b521de19b,6f9a9c5f2856c8b3,Open,5655.969519442425,10,371,0.0,0.00015509235236095266,0.0027562228729948388,0.0,0.8771976176521726,15.589112558448837
6d74d2a4f00db442,0,6b7e1f5b521de19b,,Open,368869.1381210446,40,34,0.00116905365139246,0.006502640806138516,0.06711276099085804,431.22781280639686,2398.623509671049,24755.82630362147
6d8fd8b2c08d23b1,2,6b7e1f5b521de19b,,Open,1.170863568534039,10,553,0.0,0.0001069039455614984,0.0007011570647591725,0.0,0.00012516993519050466,0.000820959262946777
6d90db4acac6e5c9,4,6b7e1f5b521de19b,28c9c64e5918b06e,Open,1.170863568534039,10,0,0.0,0.0004271596859325655,0.29275469779968244,0.0,0.000500145714204883,0.34277581017084036
6d9398680e4e00a8,2,6b7e1f5b521de19b,6f9a9c5f2856c8b3,Open,1.170863568534039,10,0,0.0,0.00028904234350193294,0.07241819426417351,0.0,0.00033842914977011467,0.08479182536294147
6da6ecf23c5b8649,0,6b7e1f5b521de19b,6f9a9c5f2856c8b3,Open,323927.4226297457,10,0,0.0,0.00022024555000825784,0.03870495222508906,0.0,71.34357335984572,12537.59541728054
6dab11c9cca0dc27,5,6b7e1f5b521de19b,28c9c64e5918b06e,Open,9043.822944530884,60,0,0.0011230711825191975,0.04345274418592453,0.8030796498060226,10.156856928808551,392.9789248714952,7262.910163201535
6dabbbe7398ea1ec,0,6b7e1f5b521de19b,6f9a9c5f2856c8b3,Open,3978911.2882172577,40,164,0.00116905365139246,0.008773010456934571,0.1888475470244884,4651.560770057062,34907.03033874501,751407.6366078763
6dc997ce7d34b39b,0,6b7e1f5b521de19b,6f9a9c5f2856c8b3,Open,98.49392076768089,10,0,0.0,0.0006670925009530038,0.19798868447542184,0.0,0.06570455593357924,19.50068180161957
6dd53189e3f67e19,4,bd661df59343798b,28c9c64e5918b06e,Open,160689.4970426127,30,0,0.0002539545763283968,0.02625694088637829,0.5467301934957504,40.80783314187988,4219.21462490974,87853.79981084245
6ddef56a171781bb,0,6b7e1f5b521de19b,6f9a9c5f2856c8b3,Open,43115.98981009094,50,660,0.0013649825588800013,0.0006932219897862524,0.0050298777408897865,58.852574099622,29.88895224775502,216.86815742220728
6de39eb2755b72e1,3,6b7e1f5b521de19b,,Open,1535113.0602289855,50,895,0.00028759543783962727,0.0017024430329911412,0.009712076047435403,441.4915126898852,2613.4425342405466,14909.134782355191
6e072810c28fbe44,0,6b7e1f5b521de19b,6f9a9c5f2856c8b3,Open,3494.8366306167795,10,78,0.0,0.00025325036694994195,0.01590147139504551,0.0,0.8850686591337982,55.573044712109954
6e0dfa2b1934ddc2,0,6b7e1f5b521de19b,,Open,762097.519249768,10,446,0.0,0.00013463158975355328,0.003407180355861782,0.0,102.60240056383543,2596.6036968388057
6e462e2177634f62,5,6b7e1f5b521de19b,d4f34f97b6d22a81,Open,1.170863568534039,10,0,0.0,0.0006695614312775433,0.3252147302031516,0.0,0.0007839650867783831,0.3807820795454968
6e82b249be383dad,3,6b7e1f5b521de19b,,Open,9648.963805727817,10,0,0.0,0.0001420029511791654,0.0017602827458176762,0.0,1.3701813362343012,16.984904502241935
6e83b9260383525a,2,6b7e1f5b521de19b,6f9a9c5f2856c8b3,Open,98.49392076768089,40,0,0.0,0.028380311466753485,0.4519392520189285,0.0,2.795288148968523,44.513268880157305
6e91ce8fb7b4a976,2,6b7e1f5b521de19b,6f9a9c5f2856c8b3,Open,27736.221529683782,10,18,0.0,0.00029864170064684,0.048520000278949676,0.0,8.283192367142263,1345.7614763572672
6ea679aab82fd58f,0,6b7e1f5b521de19b,6f9a9c5f2856c8b3,Open,392782.4111460863,10,565,0.0,0.00014349168341141195,0.0015729934966657309,0.0,56.361009389745256,617.844178337479
6eb62f9b489fd5b3,1,6b7e1f5b521de19b,,Open,1714.0502248117566,10,0,0.0,0.00015795135986991228,0.024128035549074407,0.0,0.2707365638943458,41.35666475715704
6eb6d14101b4abdd,2,6b7e1f5b521de19b,6f9a9c5f2856c8b3,Open,98.49392076768089,10,49,0.0,0.00023884986658231355,0.006227331259287892,0.0,0.023525259834529542,0.6133542716464041
6eb78ade8e144207,2,6b7e1f5b521de19b,6f9a9c5f2856c8b3,Open,98.49392076768089,10,0,0.0,0.000857983183232136,0.22373715639114372,0.0,0.08450612766926864,22.03674975437554
6ec92abd9ee22b4f,0,6b7e1f5b521de19b,6f9a9c5f2856c8b3,Open,3509430.2266719467,60,836,0.004989306116476655,0.013463346753269434,0.2641801342368125,17509.6216952824,47248.676048089364,927121.7483769223
6edd6cb56d39db9e,3,6b7e1f5b521de19b,d4f34f97b6d22a81,Open,1.170863568534039,10,0,0.0,0.0220856330357492,0.5650924146175381,0.0,0.02585926310957057,0.6616461211306074
6ee75f1557e04fef,5,6b7e1f5b521de19b,d4f34f97b6d22a81,Open,1.170863568534039,10,0,0.0,0.0011276692734099925,0.5138062372803687,0.0,0.0013203468695910108,0.6015970045171396
6ee76aa13b4afe7d,2,6b7e1f5b521de19b,6f9a9c5f2856c8b3,Open,83838.33153716494,30,14,0.0,0.005328768002800644,0.04358269460499286,0.0,446.7550185034366,3653.900399576401
6ee8461e5ddc2ed7,2,6b7e1f5b521de19b,6f9a9c5f2856c8b3,Open,98.49392076768089,10,0,0.0,0.0004648034810088575,0.19402806758880606,0.0,0.045780317231028676,19.110585115798095
6efb2637d0e4cf6e,6,6b7e1f5b521de19b,,Open,105866.1042506972,99,0,0.9997202754020691,0.9619800120592117,0.9999293625354767,105836.49089725116,101841.07624374745,105858.62613751397
6efe73331f73f7a7,0,6b7e1f5b521de19b,6f9a9c5f2856c8b3,Open,1.170863568534039,10,0,0.0,0.00041164177673636004,0.08527744486927985,0.0,0.0004819763596672267,0.09984825341510978
6f00ed5cd73414f6,3,6b7e1f5b521de19b,d4f34f97b6d22a81,Open,120145.71777559289,10,161,0.0,0.00019411942557781003,0.0039353697909973555,0.0,23.322617720231772,472.81782825176225
6f0567e00325689c,2,6b7e1f5b521de19b,6f9a9c5f2856c8b3,Open,98.49392076768089,10,20,0.0,0.0002594269360997714,0.010666863108053799,0.0,0.0255519760892131,1.0506211698043493
6f08e4f8bf6c3d20,1,6b7e1f5b521de19b,,Open,34906.525663796616,10,0,0.0,0.0005551920359721408,0.3353043362498283,0.0,19.379825051997027,11704.309418486922
6f0bb6d877a6f4ad,2,6b7e1f5b521de19b,6f9a9c5f2856c8b3,Open,48041.02757770764,5,4,0.0,0.0003519613135722466,0.004540198831818997,0.0,16.908583171610506,218.11581728769244
6f5ff2cfe0ad4e9f,2,6b7e1f5b521de19b,,Open,1.170863568534039,80,0,0.10959419310092926,0.24892040714621544,0.9650421142578125,0.1283198480247626,0.2914518361921637,1.129932653685536
6f760a2f6205b5bd,2,6b7e1f5b521de19b,6f9a9c5f2856c8b3,Open,192712.25038335394,50,0,0.0013003319269046187,0.3059026837348938,0.961452642083168,250.58989187911197,58951.19458085879,185283.70229286866
6f7a8a6d55f6cabf,4,fc3655a0b667e091,28c9c64e5918b06e,Open,88.13711874271799,10,184,0.0,0.00012224424099258613,0.0014774657494854174,0.0,0.010774255183976999,0.13021957420069505
6fbb32b44fde5579,1,6b7e1f5b521de19b,6f9a9c5f2856c8b3,Open,99457.2224276421,10,0,0.0,0.0001619255774130579,0.032100094761699435,0.0,16.10466816949488,3192.5862646627297
6fc936fc68889254,2,6b7e1f5b521de19b,d4f34f97b6d22a81,Open,106.61658930110985,50,0,0.0010428334586322307,0.262729524075985,0.9581068009138107,0.11118334656844847,28.011325765685346,102.15007929962798
6fd87eb44f309fbb,3,6b7e1f5b521de19b,,Open,22962.31400177536,70,0,0.0010428334586322307,0.20396836027503013,0.942253828048706,23.945869328670696,4683.585535062485,21636.328269029236
6ff13d5d719de547,6,6b7e1f5b521de19b,,Open,2085239.8243794779,75,0,0.0015122752636671066,0.13733112290501595,0.9316637217998504,3153.456605222626,286368.32660829194,1942742.2956266508
6ffd38aea5f42737,3,6b7e1f5b521de19b,,Open,42228.0648651722,10,0,0.0,0.000219142108107917,0.04893396720290179,0.0,9.253947155871698,2066.3867411543456
70022d44e9b2c9d5,3,6b7e1f5b521de19b,,Open,11264.189824104717,30,0,0.0,0.02046342445537448,0.40090108811855313,0.0,230.5038975165648,4515.825957257514
7012cac0e7eb3ba3,4,fe3d0016707df0ff,28c9c64e5918b06e,Open,285696.7039482978,1,260,0.0,7.809875569364522e-05,0.00012063448666594922,0.0,22.312557084137797,34.46487522295658
701ac6d62af2f576,0,6b7e1f5b521de19b,6f9a9c5f2856c8b3,Open,468372.26782045857,40,286,0.00116905365139246,0.004289079457521439,0.08316568285226816,547.5523099064742,2008.8858723814583,38952.499482353865
702dd82300eeaeb6,0,6b7e1f5b521de19b,6f9a9c5f2856c8b3,Open,1.170863568534039,10,0,0.0,0.00037155913305468856,0.307291205227375,0.0,0.00043504505244982644,0.35979607713165
7052ff408f9230a3,2,6b7e1f5b521de19b,6f9a9c5f2856c8b3,Open,2489.4145311074876,60,342,0.003132752701640129,0.008072089892812074,0.19366504997014986,7.798720097829177,20.09477787557226,482.11258956334876
705f4b4ac3fe106b,2,6b7e1f5b521de19b,6f9a9c5f2856c8b3,Open,1.170863568534039,90,0,0.30335336104035376,0.9814119935035706,0.9999366164207458,0.3551853988345033,1.1490995489156957,1.1707893550102468
706117d6234e9aa3,2,6b7e1f5b521de19b,6f9a9c5f2856c8b3,Open,98.49392076768089,10,0,0.0,0.0005079177586594597,0.19036634266376481,0.0,0.05002681147790289,18.749927471158042
707607f97cfea597,5,6b7e1f5b521de19b,d4f34f97b6d22a81,Open,122948.00245610285,10,2,0.0,0.00023544391806353814,0.039022688008844814,0.0,28.947359416350366,4797.761541155188
707c538ccb74d4e7,1,6b7e1f5b521de19b,6f9a9c5f2856c8b3,Open,177560.4734935871,40,1020,0.0003421000903472304,0.0005396277265390381,0.0042100773658603425,60.74345402425316,95.81655463453956,747.5433305267964
7097a07dbe3f8ab2,2,6b7e1f5b521de19b,,Open,1.170863568534039,1,412,0.0,9.153731625701766e-05,0.00020968341923435213,0.0,0.00010717770876672059,0.0002455106765071525
70991553e9328c7a,5,6b7e1f5b521de19b,6f9a9c5f2856c8b3,Open,77148.70287310395,97,182,0.9997202754020691,0.8344534546136856,0.9999050617218017,77127.12248321188,64377.001631426356,77141.37850808795
709f0b01d02a602b,5,6b7e1f5b521de19b,6f9a9c5f2856c8b3,Open,57607.04822467067,60,0,0.001223800703883171,0.13566751554608347,0.9283012121915817,70.49954616598374,7815.405110584488,53476.692697740684
70a07c5b68206265,2,6b7e1f5b521de19b,6f9a9c5f2856c8b3,Open,1.170863568534039,10,0,0.0,0.000927898523514159,0.5610267639160156,0.0,0.001086442576479254,0.6568857988418098
70be7b05887c0969,3,6b7e1f5b521de19b,,Open,5083.8994500666495,10,0,0.0,0.0001656991196796298,0.029375010915100558,0.0,0.8423976634157979,149.33960183698156
70ccf75c17131ee0,5,6b7e1f5b521de19b,d4f34f97b6d22a81,Open,3699.3422227159544,70,0,0.003466563671827316,0.2485164612531662,0.9694537997245788,12.824005358924044,919.3474381537912,3586.341374293551
70de1d1ca876f98c,5,6b7e1f5b521de19b,6f9a9c5f2856c8b3,Open,313306.6185748116,60,67,0.0018005974461630103,0.029989559948444367,0.3320278376340866,564.1390972717742,9395.927619993707,104026.51908184226
70e21541ed748cbb,5,6b7e1f5b521de19b,6f9a9c5f2856c8b3,Open,1584582.6782558926,60,760,0.0014029582729563118,0.009483195934444667,0.35676718950271574,2223.103377642374,15026.908012227723,565327.1086560409
70e9b8f1bb55c5e5,3,6b7e1f5b521de19b,2095e0b55fdf3180,Open,100013.76582578257,10,62,0.0,0.00011235564197704661,0.0018706146685872217,0.0,11.237110865897806,187.08721741435625
70f038f2a340499e,2,6b7e1f5b521de19b,6f9a9c5f2856c8b3,Open,126230.46437872521,60,0,0.003190239076502621,0.3391838029026985,0.9590006023645401,402.70536010608134,42815.32895014964,121055.0913759531
710cd940c854d30b,2,6b7e1f5b521de19b,6f9a9c5f2856c8b3,Open,36846.529117819475,30,123,0.00028759543783962727,0.001671975466888398,0.018102728389203546,10.596893674509866,61.60649272498317,667.0227087047657
7115f9c5633d26ed,5,6b7e1f5b521de19b,,Open,1.170863568534039,1,0,0.0,0.00012076777347829193,0.0002749137100181542,0.0,0.00014140258621870335,0.000321886447550788
71304bc565a40312,3,6b7e1f5b521de19b,,Open,21270.376670753034,10,0,0.0,0.00015795135986991228,0.02849708264693615,0.0,3.3596849200906993,606.1436819179119
7145f00193761a1e,3,6b7e1f5b521de19b,,Open,29324.531411075328,1,355,0.0,7.420421752613038e-05,0.00011085724727308838,0.0,2.1760039076792768,3.250836829805025
714cd062574435a1,2,6b7e1f5b521de19b,6f9a9c5f2856c8b3,Open,54608.54408792734,50,0,0.0010428334586322307,0.20969917848706246,0.9057869821786879,56.947616902083915,11451.366833612894,49463.70835057553
715f3f5401fc10d5,0,6b7e1f5b521de19b,,Open,8290.869253090716,10,0,0.0,0.0008173159440048039,0.3184988558292388,0.0,6.776259630210242,2640.6323709392086
717c857b8c8ab2cb,6,6b7e1f5b521de19b,,Open,2046.6148673782125,10,0,0.0,0.00015795135986991228,0.001859460701234638,0.0,0.3232656014323688,3.8055999164523264
717cab781c930063,2,6b7e1f5b521de19b,6f9a9c5f2856c8b3,Open,143643.60038815837,50,2,0.0010428334586322307,0.31742279082536695,0.9426958322525024,149.79635260316923,45595.75251941299,135412.22341566085
7183e63f1b0d527c,4,ddbd249e57ed6b40,28c9c64e5918b06e,Open,31641.16184270343,70,0,0.0030671000480651856,0.3067294776439667,0.9732546091079711,97.046609008594,9705.277044060633,30794.906600942377
7184d63a6746f07f,3,6b7e1f5b521de19b,,Open,65064.44409714713,50,0,0.00116905365139246,0.04404458664357662,0.6351877897977827,76.06382594759043,2865.736545452944,41328.14044048827
71a32857b1beff86,5,6b7e1f5b521de19b,d4f34f97b6d22a81,Open,1.170863568534039,10,0,0.0,0.00017974424990825356,0.029232668224722144,0.0,0.00021045599387105185,0.03422746623536978
71b0162cf075739f,2,6b7e1f5b521de19b,6f9a9c5f2856c8b3,Open,1.170863568534039,50,0,0.0011230711825191975,0.16067642867565154,0.8766826689243316,0.0013149631324821706,0.18813017665847837,1.0264757982086883
71cfb3d246561119,3,6b7e1f5b521de19b,d4f34f97b6d22a81,Open,89664.46366676311,25,0,0.0,0.02067946791648865,0.4321845963597298,0.0,1854.21339964599,38751.60003763167
71ddc71a3924d513,0,6b7e1f5b521de19b,6f9a9c5f2856c8b3,Open,41397.13807306216,30,34,0.00014189186040312052,0.0005542610364500433,0.13096057102084155,5.873916936551642,22.94482065444098,5421.392840676841
71df4ff534318970,2,6b7e1f5b521de19b,6f9a9c5f2856c8b3,Open,1596893.4709282795,50,0,0.00116905365139246,0.05005402211099863,0.7625248849391936,1866.854143073484,79930.94110275345,1217671.0101797357
71f67e07943e7eb0,0,6b7e1f5b521de19b,6f9a9c5f2856c8b3,Open,361.29574083874047,40,0,0.0,0.026858864817768335,0.40564643293619124,0.0,9.703993462423194,146.55832850627365
71fd0d2d44857d69,3,6b7e1f5b521de19b,,Open,5186.502594949308,1,50,0.0,9.153731625701766e-05,0.0002205410433816723,0.0,0.4747585283017176,1.1438366937918714
721a890e9cff8e34,0,674ec33189ed753c,,Open,870350.122287474,10,0,0.0,0.00015804075956111775,0.03583655692636965,0.0,137.55079441042412,31190.35170322785
721ad3194957e405,3,6b7e1f5b521de19b,1e1439736d3ae4c5,Open,1242.2761179361728,10,0,0.0,0.00017302581763942726,0.02881347872316835,0.0,0.21494584103983988,35.794296492454095
7246fcb20c46f0df,0,6b7e1f5b521de19b,,Open,25640.949441799392,60,0,0.04260421469807625,0.6443471342325211,0.9886939078569412,1092.4125150809398,16521.6722918244,25351.050504774896
72496940137a6d0c,1,6b7e1f5b521de19b,,Open,53263.666600240846,90,274,0.348260185867548,0.5815015703439712,0.999839848279953,18549.614430186983,30972.905770317782,53255.136332418806
7249bd23ce9ca963,5,6b7e1f5b521de19b,,Open,1.170863568534039,50,0,0.0011230711825191975,0.1439332313835621,0.9122026622295378,0.0013149631324821706,0.16852617692839303,1.0680648643243273
72752f225d628083,2,6b7e1f5b521de19b,,Open,1.170863568534039,30,0,0.00028759543783962727,0.02557165864855051,0.4943613693118095,0.00033673502064301535,0.029940923498576168,0.5788297170177992
728291d450c3f4f0,0,6b7e1f5b521de19b,6f9a9c5f2856c8b3,Open,46782.3211871621,25,2,0.0,0.028448375687003136,0.6011533111333847,0.0,1330.881048642434,28123.347284167994
728d160390c502a8,0,fc3655a0b667e091,,Open,221485.31248684894,50,396,0.00116905365139246,0.004595736390911043,0.1059969045221805,258.92821329255077,1017.8881106481157,23476.757520733838
728eb02a9701d02f,3,6b7e1f5b521de19b,,Open,5083.8994500666495,10,0,0.0,0.00016037751629482955,0.028194255568087075,0.0,0.815343166894339,143.33676037763647
72990e8b88959bb6,2,6b7e1f5b521de19b,6f9a9c5f2856c8b3,Open,1.170863568534039,80,0,0.2672743029892445,0.47795751839876177,0.9941155850887299,0.31294174417543474,0.5596230456000478,1.1639737214922943
729a77aff04f6bbc,0,6b7e1f5b521de19b,6f9a9c5f2856c8b3,Open,246907.97159722855,60,62,0.001086287386715412,0.0021391602349467576,0.045306731201708306,268.2130152255566,528.1757145321548,11186.593100714663
72a84e98cc83aad6,3,6b7e1f5b521de19b,,Open,263999.29512211593,30,0,0.0,0.021846731100231408,0.5040464341640469,0.0,5767.5216111835,133067.9033281244
72b6a8f10ecac5d5,5,6b7e1f5b521de19b,6f9a9c5f2856c8b3,Open,2805687.692930978,30,78,0.0,0.006602866831235588,0.27163486033678047,0.0,18525.582206459854,762122.58461793
72b8ba77d87b3230,2,6b7e1f5b521de19b,6f9a9c5f2856c8b3,Open,2046.6148673782125,10,0,0.0,0.058698777295649054,0.6531749278306959,0.0,120.13379031019802,1336.797518296993
72c5ccee005b1482,2,6b7e1f5b521de19b,,Open,9648.963805727817,10,634,0.0,8.79767587321112e-05,0.0006054852652596307,0.0,0.8488845607513896,5.842305409391683
72c6dd110bb4151e,6,6b7e1f5b521de19b,,Open,1.170863568534039,10,0,0.0,0.00019562276793294586,0.02652156371623276,0.0,0.00022904757214847515,0.031053132735891175
72cd1d03b87596b5,3,6b7e1f5b521de19b,d4f34f97b6d22a81,Open,988.738918391998,10,0,0.0,0.0004598011611960828,0.29198160320520394,0.0,0.4546233027963997,288.6935745434749
72cf5fcfdbba5c22,1,6b7e1f5b521de19b,,Open,143368.30316877936,40,0,0.00028759543783962727,0.03440210726112127,0.6411091148853302,41.23206992214952,4932.1717434573,91914.72594714782
72df974ab63dea46,2,6b7e1f5b521de19b,6f9a9c5f2856c8b3,Open,11865.117714171982,10,0,0.0,0.0005819222220452503,0.3744035765528679,0.0,6.90457566505942,4442.3425084067785
72f2cef21c154e05,0,6b7e1f5b521de19b,6f9a9c5f2856c8b3,Open,20240.133444031897,10,237,0.0,0.000136942930839723,0.00433310531079769,0.0,2.7717431944128244,87.70262971758855
72fd35e091170736,0,6b7e1f5b521de19b,6f9a9c5f2856c8b3,Open,1.170863568534039,30,0,0.0,0.024317863397300243,0.47505722939968087,0.0,0.02847290031648625,0.5562272028728039
735175ac000908d4,3,255414ab73601d72,d4f34f97b6d22a81,Open,1.170863568534039,40,0,0.0,0.04030824713408947,0.6238898336887354,0.0,0.04719545808077194,0.7304898770449008
73581fe4d2ddaf74,3,6b7e1f5b521de19b,,Open,2472.949006922998,10,0,0.0,0.00015795135986991228,0.028194255568087075,0.0,0.3906056585324366,69.72295630803413
7358c781449a77b3,6,6b7e1f5b521de19b,,Open,16255.489958198483,90,0,0.007812605053186417,0.9552148640155792,0.9999293625354767,126.99772298944254,15527.485629927178,16254.341711603252
736b55c003582ddf,2,6b7e1f5b521de19b,6f9a9c5f2856c8b3,Open,308453.069432768,50,35,0.001183332406799309,0.07961536720395089,0.8505304276943206,365.0025130365117,24557.604388075582,262348.72106827813
737026fd0d8fd856,3,6b7e1f5b521de19b,d4f34f97b6d22a81,Open,10573.806471589558,10,7,0.0,0.0003220866448828019,0.04587886743247503,0.0,3.4056818500743384,485.1142653667039
738f013fcdbcd140,5,6b7e1f5b521de19b,d4f34f97b6d22a81,Open,1.170863568534039,10,0,0.0,0.00018600410548970104,0.025272981170564878,0.0,0.00021778543071565318,0.029591212920861167
739c5d07068aa1d9,2,6b7e1f5b521de19b,6f9a9c5f2856c8b3,Open,912.5405507770306,40,0,0.0,0.01922757476568222,0.43497086763381954,0.0,17.545941666782188,396.92855512252856
73a73328a9b0c870,5,6b7e1f5b521de19b,d4f34f97b6d22a81,Open,1.170863568534039,10,0,0.0,0.09341709651052951,0.844671007990837,0.0,0.1093786749824073,0.9889945106533952
73c28b8715ea549e,4,062b9e5a52eb6d8e,d4f34f97b6d22a81,Open,539417.7094836183,10,164,0.0,0.00010580370217212476,0.0008238968846853821,0.0,57.072390680574465,444.4245703876776
73cda86fbf564d3a,5,6b7e1f5b521de19b,d4f34f97b6d22a81,Open,3303.290441942712,70,0,0.003466563671827316,0.29240905940532685,0.9773348867893219,11.451066643533006,965.9120510710749,3228.4209901083295
73e8f481f4ce0cf6,2,6b7e1f5b521de19b,6f9a9c5f2856c8b3,Open,35062.08922173224,60,517,0.0014058538014069199,0.001343669428024441,0.006813501357100898,49.29217141764086,47.11185736990688,238.8955924950654
73f232626a992bd7,0,6b7e1f5b521de19b,6f9a9c5f2856c8b3,Open,1.170863568534039,10,0,0.0,0.0049721691408194605,0.5624440521001813,0.0,0.0058217317035746995,0.6585452499427632
73f36805f978fce8,6,6b7e1f5b521de19b,,Open,426287.3699204811,10,0,0.0,0.0001663042618019972,0.034520686790347095,0.0,70.89340637014051,14715.732779705759
73f50a709472ba6f,3,6b7e1f5b521de19b,,Open,112465.23272307983,30,0,0.0,0.03026612279936671,0.5323891460895535,0.0,3403.8865442560896,59875.26921420337
7413f77109444c36,3,6b7e1f5b521de19b,,Open,25102.753943361105,30,170,0.0,0.002809834177605808,0.029127528704702848,0.0,70.534575982085,731.1811860523433
74148783a5dd7a6c,3,6b7e1f5b521de19b,,Open,767.4627551854461,50,0,0.00030614933930337427,0.13457328379154204,0.7989181965589522,0.23495821543997158,103.2799831530098,613.1399602989213
7423960700eeaece,2,6b7e1f5b521de19b,6f9a9c5f2856c8b3,Open,73370.44475755366,10,0,0.0,0.0005044487887062132,0.31103696972131717,0.0,37.011631984784074,22820.92080449479
746906e718b1684a,3,6b7e1f5b521de19b,,Open,35845.270270304114,60,40,0.0009216022677719593,0.010740081081166863,0.18559537678956986,33.03508237001107,384.9811090794062,6652.716441941058
746d6daacc51b148,3,6b7e1f5b521de19b,,Open,78321.58629120124,10,237,0.0,0.00010176892355957534,0.0007975689077284185,0.0,7.970703528333942,62.466862029830445
749d90a955fab9bd,5,6b7e1f5b521de19b,6f9a9c5f2856c8b3,Open,160493.55716765494,30,0,0.0,0.0006801886251196266,0.2912178874015808,0.0,109.16589199042541,46738.5946599293
74a5660df4cf1eab,3,6b7e1f5b521de19b,d4f34f97b6d22a81,Open,2621.868326171163,10,0,0.0,0.0001524995044746902,0.0018065889074932783,0.0,0.39983362053898774,4.736638234968791
74b18fbd2c16d822,3,6b7e1f5b521de19b,,Open,186555.16774733728,50,0,0.0013007473200559617,0.05129261501133442,0.7550330668687819,242.66113448993934,9568.902397639084,140855.32044449213
74c2b49271ce42c8,4,7545e34e09ae9cad,28c9c64e5918b06e,Open,653101.8130878179,1,416,0.0,8.050757933233398e-05,0.00013395337300607934,0.0,52.57964602925866,87.48519077949918
74df4ade1c6e38d1,2,6b7e1f5b521de19b,6f9a9c5f2856c8b3,Open,28922.004595468414,0,307,0.0,9.950712337740697e-05,0.0003818204291746951,0.0,2.877945479603207,11.043012207234254
74ff9832f95094cb,4,ac6153076817c20f,28c9c64e5918b06e,Open,1077634.4273262932,3,119,0.0,8.734012262721081e-05,0.00014822385710431263,0.0,94.12072302998254,159.73113136670025
750b97b54509aca4,4,e366e0e543d0c5cd,28c9c64e5918b06e,Open,2582.916117610372,10,0,0.0,0.002225256443489343,0.7962989330291748,0.0,5.747650733704958,2056.773348556998
750ba166c5bfa679,2,6b7e1f5b521de19b,6f9a9c5f2856c8b3,Open,4841.89872927719,15,50,0.0,0.0015578119200654328,0.020916510839015235,0.0,7.542767556217679,101.27562725234044
750ead2da2aa3d12,2,6b7e1f5b521de19b,6f9a9c5f2856c8b3,Open,37429.77330093475,60,407,0.0012513193301856517,0.0035901118884794415,0.030462597869336597,46.83659885592646,134.37707411077625,1140.2081324068067
750fbfc718c994a5,3,6b7e1f5b521de19b,,Open,27299.744019779777,30,125,0.0,0.0030918204924091698,0.04089987557381391,0.0,84.4059079978798,1116.5561336059632
7527f06c2a75f4a7,1,6b7e1f5b521de19b,,Open,2046.6148673782125,50,0,0.0,0.0773085281252861,0.7238335967063904,0.0,158.22078303633722,1481.4086005271436
752815f15c368622,2,6b7e1f5b521de19b,6f9a9c5f2856c8b3,Open,98.49392076768089,10,0,0.0,0.0005508837872184813,0.2959710091352461,0.0,0.05425870409049708,29.151345123297485
752fa1c157a42585,4,ac6153076817c20f,28c9c64e5918b06e,Open,36575.68720555207,10,78,0.0,0.00010399953207524959,0.0008062075125053525,0.0,3.8038543547081085,29.48759380016198
75364f99688a8c02,4,ad69d8c998aaf479,28c9c64e5918b06e,Open,75174.41159347542,3,283,0.0,7.877318021201062e-05,0.00012850401835748926,0.0,5.9217274717847,9.66021396742142
754f89f66a333041,2,6b7e1f5b521de19b,6f9a9c5f2856c8b3,Open,1.170863568534039,10,0,0.0,0.0005145451170392335,0.30023445188999176,0.0,0.0006024621319083216,0.351533581736777
755bb1a3546104a9,2,6b7e1f5b521de19b,6f9a9c5f2856c8b3,Open,98.49392076768089,10,0,0.0,0.00047082919627428055,0.19402806758880606,0.0,0.046373813552949866,19.110585115798095
7562fcb4c46c5783,4,e366e0e543d0c5cd,d4f34f97b6d22a81,Open,16492.824891065156,10,12,0.0,0.0013298234960529955,0.11126034259796136,0.0,21.93254605642613,1834.997347788094
7568b3a8b1bbd49d,2,6b7e1f5b521de19b,,Open,313842.28104362544,20,0,0.0,0.041525411605834964,0.7338750958442688,0.0,13032.429899650682,230321.03408087455
75833aa1287df6e3,0,062b9e5a52eb6d8e,,Open,2957.9891201500614,10,0,0.0,0.006838193186558784,0.6027944207191464,0.0,20.227301047325163,1783.0593381743936
758a397516937b09,0,6b7e1f5b521de19b,6f9a9c5f2856c8b3,Open,159583.78761743024,15,467,0.0,0.0012767201813403517,0.013035679049789894,0.0,203.7438422659057,2080.2830369306553
75a44230c7acfb2f,4,4dcb7378104041b8,,Open,89664.46366676311,10,265,0.0,0.0002074465410260018,0.008887159219011651,0.0,18.600582840621623,796.8623648938091
75ac3a1cf5e78fa3,6,6b7e1f5b521de19b,,Open,1.170863568534039,50,193,0.00028759543783962727,0.0007719520217506215,0.005583913763985036,0.00033673502064301535,0.0009038504989239988,0.006538001196085857
75acc96c1b2398d0,0,6b7e1f5b521de19b,6f9a9c5f2856c8b3,Open,1.170863568534039,5,0,0.0,0.00012862327712355183,0.0003167100599966943,0.0,0.00015060030924942452,0.00037082427103835903
75bd6a8d1450b85e,2,6b7e1f5b521de19b,6f9a9c5f2856c8b3,Open,19916.531771563536,10,0,0.0,0.021448141522705556,0.5658480942249297,0.0,427.1725920779563,11269.731546509489
75bf15718d1212de,4,75c64824a2a4e380,28c9c64e5918b06e,Open,1.170863568534039,10,0,0.0,0.0003787581663345918,0.29275469779968244,0.0,0.00044347413824592926,0.34277581017084036
75c4de3e01e023e5,0,6b7e1f5b521de19b,6f9a9c5f2856c8b3,Open,1.170863568534039,10,0,0.0,0.00037778424157295374,0.3126673474907875,0.0,0.00044233380522403404,0.36609080624713586
75cf89a67997327d,2,6b7e1f5b521de19b,6f9a9c5f2856c8b3,Open,316675.0452712854,60,17,0.00116905365139246,0.040043634921312334,0.6668769925832746,370.2101179792688,12680.819901533408,211183.30181668713
75d1c5f44ea59548,0,6b7e1f5b521de19b,6f9a9c5f2856c8b3,Open,1.170863568534039,10,0,0.0,0.0011052833579014987,0.3045060783624648,0.0,0.0012941360166738342,0.3565350735517812
75ee70a8e1614d6c,4,75c64824a2a4e380,,Open,11264.189824104717,50,0,0.00099477581679821,0.04642891436815262,0.766313600540161,11.205343632843855,522.984104769974,8631.901861277527
75f5e3c8f74fb579,2,6b7e1f5b521de19b,6f9a9c5f2856c8b3,Open,1.170863568534039,50,0,0.0010428334586322307,0.149488940089941,0.8925999492406844,0.0012210157047608276,0.1750311538500795,1.0451127618412497
7600fdecf478b01b,0,e43bc3ffd79e75b6,,Open,6590.9859511915865,100,0,0.9997202754020691,0.9998934924602508,0.9999451756477356,6589.142290296421,6590.283961493404,6590.624604656028
76102eda2c2b9bc5,2,6b7e1f5b521de19b,6f9a9c5f2856c8b3,Open,98.49392076768089,10,20,0.0,0.00026444169052410873,0.019659290928393587,0.0,0.026045898914153157,1.9363206430499857
76107524ff6684e8,2,6b7e1f5b521de19b,6f9a9c5f2856c8b3,Open,1.170863568534039,10,0,0.0,0.02929945727810264,0.6038370251655576,0.0,0.03430566710474987,0.707010774098323
763e4058424e0a3e,0,6b7e1f5b521de19b,6f9a9c5f2856c8b3,Open,14993.50295923043,30,176,0.00017479545203968883,0.0020486775785684584,0.01535221911035478,2.6207961274170954,30.716853336775213,230.18354266185835
763e5c9e374e4141,0,6b7e1f5b521de19b,6f9a9c5f2856c8b3,Open,98.49392076768089,10,40,0.0,0.0002636474615428597,0.007685925439000124,0.0,0.025967672187802618,0.7570169312151812
7643bf7e40b1a8a9,2,6b7e1f5b521de19b,,Open,1845240.0868962975,60,244,0.0035759391845203935,0.02038235813379288,0.46503556966781606,6598.466331580286,37610.34429395143,858102.2749837101
765885fe69f6726f,3,6b7e1f5b521de19b,,Open,35845.270270304114,10,0,0.0,0.00016288396072923207,0.002132455410901456,0.0,5.838619595036925,76.43844054313512
76661ab7f04c5e38,2,6b7e1f5b521de19b,6f9a9c5f2856c8b3,Open,191.50542289722227,70,0,0.015932779386639596,0.2782433688640594,0.968814045190811,3.0512136543665616,53.285114022659506,185.5331434330349
766c360ccff4f754,3,6b7e1f5b521de19b,,Open,35845.270270304114,20,0,0.0,0.013745573349297047,0.38311961740255346,0.0,492.713791725842,13733.026231650036
767f1cec37db8ba6,5,6b7e1f5b521de19b,6f9a9c5f2856c8b3,Open,7242.253035361166,40,0,0.0,0.03045363733544946,0.47746379226446145,0.0,220.55294743044698,3457.9135988023495
768350e99db648a7,2,6b7e1f5b521de19b,6f9a9c5f2856c8b3,Open,337698.7052385764,10,0,0.0,0.0006595935003133491,0.47777177542448024,0.0,222.74387103959853,161342.90996038288
768688a3f346087b,0,6b7e1f5b521de19b,,Open,524417.177630072,10,80,0.0,0.0002164906036341563,0.005018059210851779,0.0,113.53139134125485,2631.556448535476
7691025434011797,2,6b7e1f5b521de19b,6f9a9c5f2856c8b3,Open,450560.6691294054,50,135,0.00028759543783962727,0.010514338873326779,0.19611722081899627,129.57919291158677,4737.347558219432,88362.70624000632
76ae8b428f188308,1,6ab36d9b02cbcf6b,,Open,89664.46366676311,5,1213,0.0,7.961009468999691e-05,0.00012952236647834067,0.0,7.138196442838799,11.613553523130355
76bfce6347ecf944,3,6b7e1f5b521de19b,,Open,2.4198904513070483,1,0,0.0,0.0002492304163752124,0.006019936106167729,0.0,0.0006031103047616563,0.01456758590079382
76d6f0fbcc43a5b6,6,6b7e1f5b521de19b,,Open,9156.030227481784,90,0,0.007812605053186417,0.96626977622509,0.9999257564544678,71.53244802235177,8847.195279018984,9155.350451334696
76e76d6cbd55b26a,3,6b7e1f5b521de19b,,Open,5655.969519442425,50,0,0.0011230711825191975,0.04033341091126204,0.7114391893148421,6.352056376492741,228.1245427292446,4023.8783697015756
76ecae077943b384,2,6b7e1f5b521de19b,6f9a9c5f2856c8b3,Open,5863.460546876247,30,40,0.00028759543783962727,0.009012543223798275,0.23506429716944674,1.6863045032342545,52.844691619758045,1378.2902324322447
770122e702eba151,5,6b7e1f5b521de19b,6f9a9c5f2856c8b3,Open,98.49392076768089,10,20,0.0,0.00027954364923061804,0.023771586641669264,0.0,0.027533350038428873,2.341356771206634
77068b9db4c88c6d,2,6b7e1f5b521de19b,6f9a9c5f2856c8b3,Open,181592.38649035676,10,262,0.0,0.00016859545721672475,0.004741690843366083,0.0,30.615651427417887,861.0549562463195
7707f170f34090df,6,6b7e1f5b521de19b,,Open,1.170863568534039,10,0,0.0,0.0006241762661375106,0.2119392700493334,0.0,0.0007308252503640177,0.24815197004246187
770a0344ad76c815,1,6b7e1f5b521de19b,,Open,55492.25906620081,30,0,0.0,0.0882130142301321,0.8758021235466003,0.0,4895.139438668949,48600.23833057675
77215dbceb510e31,1,6b7e1f5b521de19b,,Open,2.4198904513070483,10,0,0.0,0.001102569099748507,0.06401598267257214,0.0,0.0026680964363876205,0.15491166520039476
772447a935a5f864,3,6b7e1f5b521de19b,d4f34f97b6d22a81,Open,1516.994814448473,30,2,0.0,0.02325443895533681,0.482604555785656,0.0,35.2768633081545,732.1086085560489
773ab4e67625f31c,5,6b7e1f5b521de19b,6f9a9c5f2856c8b3,Open,361.29574083874047,40,0,0.00028759543783962727,0.04035645350813866,0.6245048582553863,0.10390700677611006,14.580614767847143,225.63094542077238
773e7e602781ed08,0,062b9e5a52eb6d8e,,Open,32709.050645243828,10,0,0.0,0.0008883992792107165,0.7611697882413863,0.0,29.058697016901437,24897.141153217024
7754c716a7657ab2,2,6b7e1f5b521de19b,6f9a9c5f2856c8b3,Open,239.9674542220373,40,0,0.0,0.03456862810999155,0.5342764258384703,0.0,8.29534568350303,128.20895375930684
7756c94551ce7b27,2,6b7e1f5b521de19b,d4f34f97b6d22a81,Open,7824.229947993344,10,0,0.0,0.00046937824517954144,0.3059149324893951,0.0,3.6725233228703305,2393.548776321887
775723f8c1cbb1cf,6,6b7e1f5b521de19b,,Open,1.170863568534039,29,202,0.00021585437934845686,0.0016623125586193055,0.025173671916127183,0.00025273602888763435,0.001946341214403949,0.02947493533282179
776f610b132a4b2d,2,6b7e1f5b521de19b,,Open,7369.351110629336,50,0,0.00028759543783962727,0.10048285573720932,0.7290699303150177,2.1193917592553873,740.4934445262109,5372.772300693428
77726bc07c347541,0,fc3655a0b667e091,,Open,574151.2470026292,60,554,0.0013920769677497446,0.0012741849001031368,0.018961911648511874,799.2627269571548,731.5748493061366,10887.005218546774
77747f5c9adff506,2,6b7e1f5b521de19b,6f9a9c5f2856c8b3,Open,282987.21599032666,60,0,0.0030671000480651856,0.2648626729846001,0.9494321852922439,867.950103765764,74952.75044766828,268677.1708874641
77916c3e92d4ed23,3,6b7e1f5b521de19b,d4f34f97b6d22a81,Open,30322.999301518626,20,0,0.0,0.029059849958866835,0.5118582755327223,0.0,881.1818100049551,15521.078131455268
7793a68c1ee7b8e3,3,6b7e1f5b521de19b,,Open,40882.782652931186,10,0,0.0,0.0001714952253678348,0.033323535695672014,0.0,7.01120202472864,1362.358867073353
779812fc7e03b7e3,6,6b7e1f5b521de19b,,Open,71771.35769564913,30,0,0.0,0.04459250010550022,0.5068936347961424,0.0,3200.464275615128,36380.44437660167
779a3b7258aa4420,0,6b7e1f5b521de19b,6f9a9c5f2856c8b3,Open,8883.03426263323,30,0,0.0,0.03936149422079325,0.5093043312430381,0.0,349.6495017917463,4524.1678245394105
779a85418957852a,2,6b7e1f5b521de19b,d4f34f97b6d22a81,Open,2625.6206839997444,10,20,0.0,0.0002567761635873467,0.012340107979252923,0.0,0.6741968062730395,32.400442753116764
77a9f2816c203315,4,e366e0e543d0c5cd,d4f34f97b6d22a81,Open,1.170863568534039,10,0,0.0,0.0014269115170463921,0.7286946415901184,0.0,0.0016707187108312579,0.8532020084238385
77addb00271fd4ea,3,6b7e1f5b521de19b,6f9a9c5f2856c8b3,Open,6009.906030357736,50,0,0.00028759543783962727,0.08285387456417084,0.7221142917871475,1.7284215561757494,497.9440003817138,4339.839036819084
77b5ddd7865a2bdf,0,16450d61eee679f5,,Open,870350.122287474,15,0,0.0,0.0003286015271442011,0.06731356941163533,0.0,285.99837933380616,58586.373369023175
77b93451718444af,0,6b7e1f5b521de19b,6f9a9c5f2856c8b3,Open,147684.5457472833,10,104,0.0,0.00010139937476196791,0.0010201540979323904,0.0,14.975120600779773,150.66099454537462
77c9c5f20399d464,2,6b7e1f5b521de19b,6f9a9c5f2856c8b3,Open,98.49392076768089,10,23,0.0,0.00027954364923061804,0.011508774198591703,0.0,0.027533350038428873,1.1335442940492213
77e1ce91161dd5a8,5,6b7e1f5b521de19b,6f9a9c5f2856c8b3,Open,197393.98616920816,70,0,0.003829578310251236,0.2866989657282829,0.9702072769403457,755.9357280076321,56592.651675694964,191513.0818056277
77ef976c98d90268,4,506023b3e03cfab3,28c9c64e5918b06e,Open,1.170863568534039,10,0,0.0,0.0003239325058530085,0.03243979644030332,0.0,0.00037928076976722697,0.03798257582261136
77f448978a9077be,4,255414ab73601d72,28c9c64e5918b06e,Open,24930.903793298134,10,0,0.0,0.0008648102317238227,0.371388804912567,0.0,21.56050068656649,9259.058565183177
77f579c6efe64945,0,062b9e5a52eb6d8e,,Open,534594.3560259738,60,482,0.0012749432236887515,0.0026343958103097974,0.0386521618813276,681.5774516375672,1408.3331317300897,20663.22758996002
782bb9dca2df6e1a,2,6b7e1f5b521de19b,6f9a9c5f2856c8b3,Open,1.170863568534039,10,0,0.0,0.00028904234350193294,0.07241819426417351,0.0,0.00033842914977011467,0.08479182536294147
7834608370640a5e,2,6b7e1f5b521de19b,6f9a9c5f2856c8b3,Open,1.170863568534039,10,0,0.0,0.023225020896643404,0.5247509703040121,0.0,0.02719333084632152,0.6144117936818551
78390a638314bc2a,3,6b7e1f5b521de19b,,Open,15148.483549845856,50,60,0.0,0.008634093590080738,0.09814149066805837,0.0,130.79342471716762,1486.6947569424328
783af51c774238df,6,6b7e1f5b521de19b,,Open,12192.539237132221,90,0,0.007812605053186417,0.9670493334531785,0.9999295771121979,95.25549365519286,11790.78694237044,12191.680603309502
78401637088d8fb9,3,6b7e1f5b521de19b,,Open,270801.9611719012,60,40,0.0009216022677719593,0.010997874522581698,0.25316561982035635,249.57170153311822,2978.24598943761,68557.74634865244
7840c191913a48bb,2,6b7e1f5b521de19b,6f9a9c5f2856c8b3,Open,1.170863568534039,10,0,0.0,0.010015286318957806,0.8096184581518172,0.0,0.011726533879305076,0.9479527570626631
7845e824db40d0fa,3,6b7e1f5b521de19b,d4f34f97b6d22a81,Open,14529.093688575482,10,0,0.0,0.00018595833316794596,0.02995712384581564,0.0,2.7018060447684205,435.2498589961141
787735966d96bfeb,0,674ec33189ed753c,,Open,6825.920575393989,10,0,0.0,0.0003569279098883271,0.2574228458106517,0.0,2.4363615640391036,1757.1478997954018
787cad88150a6694,2,6b7e1f5b521de19b,6f9a9c5f2856c8b3,Open,83485.47287873202,50,0,0.0010428334586322307,0.20151226669549943,0.9091140210628509,87.0614444276754,16823.346875938932,75897.81394911766
7881ab5b9e6bb6f6,2,6b7e1f5b521de19b,6f9a9c5f2856c8b3,Open,98.49392076768089,10,252,0.0,0.0005040029252995736,0.004836494475603102,0.0,0.0496412241911356,0.4763653036733783
7885a497a2cfc0f5,2,6b7e1f5b521de19b,6f9a9c5f2856c8b3,Open,458.86664594939054,40,0,0.0,0.03089840691536665,0.5259277105331418,0.0,14.17824834643375,241.33068454418475
78957cd3707d949a,1,6b7e1f5b521de19b,,Open,148468.30611511727,10,193,0.0,0.0001566857703437563,0.0027973398799076674,0.0,23.262870915279777,415.31631359815697
7896c48d6dcdef87,5,6b7e1f5b521de19b,6f9a9c5f2856c8b3,Open,3239565.4790349905,70,0,0.0028538778424263,0.23788017481565477,0.9343836963176727,9245.324139707101,770628.4024796039,3026997.1667638463
78b948c58b098466,3,6b7e1f5b521de19b,d4f34f97b6d22a81,Open,2.4198904513070483,10,0,0.0,0.00016037751629482955,0.02881347872316835,0.0,0.00038809602028619855,0.06972546203113389
78c946a177224874,5,6b7e1f5b521de19b,6f9a9c5f2856c8b3,Open,415.3892283045608,40,0,0.0,0.031044716481119394,0.4551500260829925,0.0,12.895640822026065,189.06441809741497
78ea0fdbc337787a,0,6b7e1f5b521de19b,6f9a9c5f2856c8b3,Open,98.49392076768089,10,58,0.0,0.00024109512378345244,0.005491697695106266,0.0,0.02374640401940158,0.5408988376618523
78ef96ed57db602d,2,6b7e1f5b521de19b,6f9a9c5f2856c8b3,Open,151754.38716719832,10,240,0.0,0.00020154745725449176,0.009453463298268605,0.0,30.585710860762497,1434.6045294363535
78fee4bd13ecf0aa,3,6b7e1f5b521de19b,d4f34f97b6d22a81,Open,123102.7926276551,50,94,0.0,0.008609819738194347,0.09171023815870283,0.0,1059.8928537924305,11289.786429883656
7901e4d9804f013a,0,6b7e1f5b521de19b,6f9a9c5f2856c8b3,Open,208.77834049822422,10,1,0.0,0.00045186170609667897,0.3587157070636748,0.0,0.09433893713356097,74.89207003140115
7906ffc087eb9e8f,2,6b7e1f5b521de19b,6f9a9c5f2856c8b3,Open,1.170863568534039,40,0,0.0011230711825191975,0.03212397927418351,0.6256029248237609,0.0013149631324821706,0.037612797008484015,0.7324956730444808
790da437b95409e5,4,ddbd249e57ed6b40,28c9c64e5918b06e,Open,1.170863568534039,10,0,0.0,0.000338126061251387,0.004439005278982222,0.0,0.00039589948669115804,0.005197469561690562
791352170b5078ba,2,6b7e1f5b521de19b,6f9a9c5f2856c8b3,Open,1.170863568534039,10,0,0.0,0.0008053897327044979,0.541779863834381,0.0,0.0009430014964950642,0.6343503047290091
793033c9e44356b1,2,6b7e1f5b521de19b,6f9a9c5f2856c8b3,Open,1.170863568534039,70,0,0.015565882623195647,0.19226855635643006,0.9557360887527466,0.018225524875576844,0.22512024801237768,1.1190365674538059
7936de0565f96c2d,5,6b7e1f5b521de19b,6f9a9c5f2856c8b3,Open,6001930.290937516,5,0,0.0,0.0001387834898196161,0.00035114442725898694,0.0,832.9688314303722,2107.5443744596187
794238c9964af4ca,5,6b7e1f5b521de19b,6f9a9c5f2856c8b3,Open,1.170863568534039,1,0,0.0,0.00012076777347829193,0.0002773315063677728,0.0,0.00014140258621870335,0.00032471735721269104
796125a209f6dad0,2,6b7e1f5b521de19b,6f9a9c5f2856c8b3,Open,184329.8459343424,10,0,0.0,0.048278444446623325,0.6934847354888914,0.0,8899.158226795786,127829.93445048554
7968027dccfb265e,4,75c64824a2a4e380,28c9c64e5918b06e,Open,1510925.5210753132,50,189,0.001209442291292362,0.016848973743617535,0.5650314062833784,1827.377224181433,25457.544433159594,853720.3719626305
79812939daedc58d,6,6b7e1f5b521de19b,,Open,1.170863568534039,75,0,0.0010929884389042853,0.1149824533611536,0.8214389562606809,0.00127974034394192,0.13462876566123902,0.9617929476602571
798af2a08fcc246e,5,6b7e1f5b521de19b,6f9a9c5f2856c8b3,Open,92517.57966103425,80,91,0.21950276345014572,0.05666563399136067,0.7636611372232436,20307.864403316013,5242.5673068387205,70652.08009708744
7991179de73ee59f,0,6828ce51082c111b,,Open,775212.4104637865,30,0,0.0,0.016822094563394785,0.5413850128650662,0.0,13040.696475539029,419688.38081209606
799e86449d31b422,6,6b7e1f5b521de19b,,Open,11068.385975830257,90,0,0.007812605053186417,0.9534747540950775,0.999926871061325,86.47292820538914,10553.426596534158,11067.576556511
79d2980742ab0faa,2,6b7e1f5b521de19b,6f9a9c5f2856c8b3,Open,1.170863568534039,40,0,0.00028759543783962727,0.03399541787803173,0.5665784001350402,0.00033673502064301535,0.0398039962904781,0.6633860074364198
79dc8d1ecadb2fe0,0,6b7e1f5b521de19b,6f9a9c5f2856c8b3,Open,1.170863568534039,10,0,0.0,0.0003475583624094725,0.07119345925748344,0.0,0.0004069434244846017,0.08335782776249977
79e1e3ef1ae83fd4,3,6b7e1f5b521de19b,d4f34f97b6d22a81,Open,793634.6673649994,30,0,0.0,0.0438971359282732,0.7301744937896728,0.0,34838.288870711265,579491.7914971738
79eba1bdff400c06,2,6b7e1f5b521de19b,6f9a9c5f2856c8b3,Open,203171.0983040232,10,0,0.0,0.048278444446623325,0.6995981574058531,0.0,9808.784582630231,142138.12601161806
7a194c281b4ae7ec,2,6b7e1f5b521de19b,6f9a9c5f2856c8b3,Open,723.690630731221,10,0,0.0,0.0007271954818861559,0.447551007568836,0.0,0.5262645569510863,323.88847095188436
7a5fc8ad0f5dd005,6,6b7e1f5b521de19b,,Open,106.50980251571035,10,0,0.0,0.0005870665670954623,0.2139427930116652,0.0,0.0625283441249137,22.787004633331954
7a6a6d4806ee5af3,2,6b7e1f5b521de19b,,Open,5083.8994500666495,10,0,0.0,0.00016037751629482955,0.025941788312047697,0.0,0.815343166894339,131.88544333336472
7a6e5d03e232e27d,3,6b7e1f5b521de19b,,Open,3303.290441942712,50,6,0.001176146138459444,0.19072475880384446,0.920705485343933,3.885152297500911,630.0192727985685,3041.3576295808393
7a7d94b4a708cc42,2,6b7e1f5b521de19b,6f9a9c5f2856c8b3,Open,98.49392076768089,10,0,0.0,0.0005508837872184813,0.1978594556450843,0.0,0.05425870409049708,19.487953547443407
7a90df705ba8e0c4,3,6b7e1f5b521de19b,d4f34f97b6d22a81,Open,179094.26863918084,30,26,0.0,0.005669900868088007,0.1739504963159559,0.0,1015.4467492268782,31153.536917128644
7af29e982aa879c4,5,6b7e1f5b521de19b,d4f34f97b6d22a81,Open,1.170863568534039,10,0,0.0,0.00019275903832749464,0.026932400185614824,0.0,0.00022569453548331996,0.031534166190515786
7af48f4b45f0315d,5,6b7e1f5b521de19b,6f9a9c5f2856c8b3,Open,2108.1136796593214,40,0,0.00028759543783962727,0.029412575345486403,0.4934316426515577,0.6062838767173303,62.00505243983038,1040.2099958505187
7afd033bdf69760d,4,48deb34ff5cdd785,28c9c64e5918b06e,Open,880804.1711048215,10,125,0.0,0.00011301781232759822,0.00037005119665991517,0.0,99.54656050729042,325.9426375403839
7b0ee0d1c2ea9568,3,6b7e1f5b521de19b,,Open,76211.40369331678,10,141,0.0,0.00012880321228294633,0.0012062076188158243,0.0,9.816273608291601,91.92677577552715
7b25f2bd92afdda2,0,6b7e1f5b521de19b,6f9a9c5f2856c8b3,Open,283.8199919298897,30,276,0.00017479545203968883,0.0021384419174864887,0.07493183389306063,0.0496104437872859,0.6069325677635531,21.2671524908203
7b296ef2c8725e47,3,6b7e1f5b521de19b,d4f34f97b6d22a81,Open,176510.64343356006,10,29,0.0,0.00026695549750002103,0.04375376161187882,0.0,47.120486631854845,7723.00461475133
7b397411953564a3,0,6b7e1f5b521de19b,6f9a9c5f2856c8b3,Open,152496.62633640048,10,0,0.0,0.00034820786677300933,0.33581451773643484,0.0,53.100524946678725,51210.58102959164
7b5b6268ed8648f8,5,6b7e1f5b521de19b,d4f34f97b6d22a81,Open,33674.2230102896,30,307,2.8964388184249402e-05,0.0007702356408117339,0.004742049309425056,0.9753532670730114,25.937086739167647,159.68482597136912
7b66df14d387c7f3,3,6b7e1f5b521de19b,,Open,1.170863568534039,10,0,0.0,0.00014821788936387749,0.0009788235591258842,0.0,0.00017354292686117296,0.0011460688454033217
7b8764c114fd581d,5,6b7e1f5b521de19b,d4f34f97b6d22a81,Open,1.170863568534039,70,0,0.003466563671827316,0.24099591374397278,0.9668508291244506,0.004058873111346193,0.2821733355683894,1.1320504120287487
7b8ab71b7f55276b,6,6b7e1f5b521de19b,,Open,470311.68177415984,90,0,0.00821212325245142,0.9628712415695191,0.9999251186847686,3862.2574977971103,452849.5929545338,470276.4642168599
7b8c66ebf6d631da,3,6b7e1f5b521de19b,,Open,1.170863568534039,10,0,0.0,0.0001517322256404441,0.0018873899767640977,0.0,0.00017765773517498237,0.0022098761634093884
7badd9dde584e674,3,6b7e1f5b521de19b,,Open,9648.963805727817,10,0,0.0,0.0002152539811504539,0.0460174016654491,0.0,2.0769778731595476,444.02024310355733
7bc4208465fbec60,2,6b7e1f5b521de19b,6f9a9c5f2856c8b3,Open,10348.85927884322,20,300,0.0,0.0010001466958783566,0.012752358941361305,0.0,10.350377413845118,131.97236815744623
7bea351c13b793af,2,6b7e1f5b521de19b,6f9a9c5f2856c8b3,Open,251.1565952727217,30,52,0.0002539545763283968,0.0028493385296314956,0.026712388824671505,0.06378236674456667,0.7156301638816295,6.7089926288055945
7bf1ff814d057e4e,2,6b7e1f5b521de19b,6f9a9c5f2856c8b3,Open,229487.06611308106,70,0,0.04640745893120766,0.504682919383049,0.9904356300830841,10649.911595886146,115818.20248660052,227292.16692162782
7bff3a90f350acf7,3,6b7e1f5b521de19b,,Open,2.4198904513070483,10,0,0.0,0.0006467117927968502,0.19498045295476904,0.0,0.00156497169213676,0.47183133629676877
7c01555acd5de419,5,6b7e1f5b521de19b,6f9a9c5f2856c8b3,Open,1589202.6235374336,70,0,0.0028538778424263,0.23788017481565477,0.9343836963176727,4535.3901544392265,378039.7979045819,1484925.02157865
7c3017b5cc759477,2,6b7e1f5b521de19b,,Open,194582.11350708478,50,0,0.00028759543783962727,0.05655496045947075,0.6580702483654021,55.9609281298301,11004.583735513428,128048.69976307215
7c4bcba011625935,2,6b7e1f5b521de19b,6f9a9c5f2856c8b3,Open,98.49392076768089,10,37,0.0,0.0004343442895333283,0.10294586643576609,0.0,0.042780272039190284,10.139542012084604
7c5747ce3c1b8bd9,4,38080774be85927f,28c9c64e5918b06e,Open,1.170863568534039,70,0,0.0037046179524622856,0.28948643058538437,0.9813588738441467,0.004337602195875256,0.3389491151573845,1.1490373530417033
7c72bda663f73d28,2,6b7e1f5b521de19b,6f9a9c5f2856c8b3,Open,50900.136832545795,70,0,0.022667279839515685,0.2893195882439613,0.9711956650018692,1153.767645452955,14726.406629953439,49433.99223977045
7c7355177ecf3ed8,2,6b7e1f5b521de19b,d4f34f97b6d22a81,Open,749.6252703395677,80,0,0.11078578978776932,0.4338856548070908,0.9940037786960602,83.04782761943909,325.2516512812258,745.130351323586
7c800b506037b18e,3,6b7e1f5b521de19b,,Open,27364.314495222257,30,0,0.0,0.0248128492385149,0.4454260706901548,0.0,678.9866100852578,12188.779082736497
7c8267201ccebee2,1,6b7e1f5b521de19b,,Open,9648.963805727817,30,0,0.0,0.022042340505868195,0.4133947491645812,0.0,212.6857457346504,3988.8309721669734
7c8c871b8fe0b7ea,2,6b7e1f5b521de19b,6f9a9c5f2856c8b3,Open,316276.5681536606,30,72,0.0002539545763283968,0.0051401193719357256,0.03210921343415975,80.31988186806221,1625.6993148559807,10155.39183106946
7c8e3ef00f25f597,0,6b7e1f5b521de19b,6f9a9c5f2856c8b3,Open,1.170863568534039,60,0,0.0030827510883682406,0.3024628907442093,0.9580159544944763,0.0036094809402290305,0.354142779605886,1.121705979191946
7c8ea949ddc6b36c,2,6b7e1f5b521de19b,d4f34f97b6d22a81,Open,3963.295336135367,20,63,0.0,0.0039032124564982954,0.5581097245216369,0.0,15.469583724785164,2211.953668248398
7cb555e2e0f7cdef,3,6b7e1f5b521de19b,,Open,11264.189824104717,30,0,0.0,0.025896539632230996,0.40090108811855313,0.0,291.7035382049009,4515.825957257514
7cd63abb16630e3e,2,6b7e1f5b521de19b,6f9a9c5f2856c8b3,Open,45430.060719767345,60,109,0.0032710698258597405,0.014378718007355929,0.4237562537193298,148.6049008074068,653.2260321465919,19251.27233685029
7ce7cc441926b666,2,6b7e1f5b521de19b,6f9a9c5f2856c8b3,Open,171922.9720937243,30,76,0.0,0.004204849957022816,0.057499498315155495,0.0,722.9103018195315,9885.484644239625
7ce8875f31075d76,2,6b7e1f5b521de19b,,Open,1.170863568534039,10,0,0.0,0.00016037751629482955,0.02652156371623276,0.0,0.0001877801910415901,0.031053132735891175
7cfac3417578e992,3,6b7e1f5b521de19b,6f9a9c5f2856c8b3,Open,1.170863568534039,75,0,0.0015829145908355714,0.26345137730240825,0.9508848816156387,0.0018533770265103352,0.3084656197635052,1.113356465753554
7d097ee336c2626c,5,6b7e1f5b521de19b,d4f34f97b6d22a81,Open,1.170863568534039,60,0,0.0010428334586322307,0.06154149845242501,0.833163285255432,0.0012210157047608276,0.07205669849093838,0.9755205373457186
7d125838cabdf4a4,4,fd10c5543bdbcbc9,d4f34f97b6d22a81,Open,1.170863568534039,10,0,0.0,0.000338126061251387,0.004685022286139428,0.0,0.00039589948669115804,0.005485521912610712
7d13b5b03b95a041,2,6b7e1f5b521de19b,6f9a9c5f2856c8b3,Open,1676.53551806269,40,0,0.0,0.019601387344300746,0.43497086763381954,0.0,32.86242208602471,729.2441089106434
7d14edecc1aa9bae,2,6b7e1f5b521de19b,6f9a9c5f2856c8b3,Open,1.170863568534039,10,0,0.0,0.000927898523514159,0.5512561082839965,0.0,0.001086442576479254,0.6454456941215867
7d1945c0a5aff083,1,6b7e1f5b521de19b,,Open,721391.1250254059,5,141,0.0,9.08886064280523e-05,0.00034085327788488937,0.0,65.56623404312398,245.88852960197764
7d1a2b3bcc1f621f,5,6b7e1f5b521de19b,d4f34f97b6d22a81,Open,22717.492802832112,10,6,0.0,0.00889604927506298,0.730321630835533,0.0,202.0959353798831,16591.076392258834
7d5871fcd7c31da4,2,6b7e1f5b521de19b,6f9a9c5f2856c8b3,Open,60384.96438492454,80,0,0.3550613410770893,0.49002230167388916,0.9948557525873184,21440.366435403583,29589.979234396546,60074.32918812252
7d5a75c18979caf7,0,6b7e1f5b521de19b,6f9a9c5f2856c8b3,Open,1.170863568534039,40,0,0.00028759543783962727,0.03930766843259335,0.5274714320898055,0.00033673502064301535,0.04602391693173904,0.6175970832764297
7d5a9ea3c4c2ac8d,2,6b7e1f5b521de19b,6f9a9c5f2856c8b3,Open,98.49392076768089,10,24,0.0,0.0002564730486483313,0.007569122640416025,0.0,0.02526103613261431,0.7455125656259955
7d603cb9eb92d322,3,6b7e1f5b521de19b,d4f34f97b6d22a81,Open,348.4498373167424,40,0,0.0,0.026508113369345665,0.4484018743038177,0.0,9.23674779112226,156.24556015368765
7d7dcb152b911140,5,6b7e1f5b521de19b,6f9a9c5f2856c8b3,Open,1.170863568534039,10,0,0.0,0.0007895501825259998,0.3164520502090453,0.0,0.000924455544249094,0.3705221767776757
7d7e4d5efb6a85ef,2,6b7e1f5b521de19b,,Open,1875334.4167467572,50,350,0.001232695544604212,0.00213991089258343,0.029102636594325288,2311.716380166666,4013.0485456329793,54577.17602341185
7db19eeb243f47bd,0,6b7e1f5b521de19b,6f9a9c5f2856c8b3,Open,37106.30280581367,10,13,0.0,0.0004025698348414153,0.04123322498053312,0.0,14.937878192111954,1530.0125317879024
7dc6bfb5859437bd,0,6b7e1f5b521de19b,6f9a9c5f2856c8b3,Open,1.170863568534039,10,0,0.0,0.0007891000219387934,0.5035800620913505,0.0,0.000923928467617544,0.5896235485428716
7dcc6227c3cad76e,3,6b7e1f5b521de19b,,Open,1.170863568534039,10,0,0.0,0.0003685441886773333,0.0658324113115668,0.0,0.0004315149639172246,0.07708077203346173
7dcd8a0fe3c66308,4,7545e34e09ae9cad,28c9c64e5918b06e,Open,1296814.0840430467,45,162,0.0,0.001008248023572378,0.009079921618103979,0.0,1307.5102371772255,11774.97023636417
7e00d879de37c016,2,6b7e1f5b521de19b,6f9a9c5f2856c8b3,Open,19148.06569818277,10,0,0.0,0.0004895174672128633,0.31533202081918704,0.0,9.373312622599936,6037.998251386531
7e0bda3250f40b2c,4,38080774be85927f,28c9c64e5918b06e,Open,381.9983699690621,10,0,0.0,0.00019588042705436236,0.03165677785873413,0.0,0.07482600384361018,12.092837540509134
7e13fff93e90d32a,0,6b7e1f5b521de19b,6f9a9c5f2856c8b3,Open,227335.27596772442,15,200,0.0,0.0007856523850932717,0.007106191781349479,0.0,178.6065017798798,1615.4880696926589
7e2eafa8b934bcdd,0,6b7e1f5b521de19b,6f9a9c5f2856c8b3,Open,148204.74037875893,60,0,0.0011380225419998168,0.18166672736406325,0.9481438636779784,168.66033538225813,26923.870164449774,140519.4151581082
7e2f9f62524775af,0,6b7e1f5b521de19b,,Open,11338.365398214035,10,0,0.0,0.0006839635985670611,0.30754645019769666,0.0,7.75502919963072,3487.07402926512
7e2fee55db647435,1,6b7e1f5b521de19b,,Open,7462.549718226731,10,431,0.0,0.00015686986298533157,0.0017409211490303274,0.0,1.170649151819452,12.991710630151227
7e30655ee49f4922,5,6b7e1f5b521de19b,6f9a9c5f2856c8b3,Open,1.170863568534039,10,0,0.0,0.000684782088501379,0.30959225147962566,0.0,0.0008017863998109167,0.3624902883579221
7e3bd32e3dd535e2,0,6b7e1f5b521de19b,,Open,100888.69199902058,60,0,0.004110220854636281,0.6526537388563156,0.9883844524621963,414.6748058513509,65845.38204148403,99716.81460107912
7e44b3e6e75fd95f,1,6b7e1f5b521de19b,6f9a9c5f2856c8b3,Open,1944871.4868792323,10,275,0.0,0.00011275665601715446,0.0011478280648589134,0.0,219.29720524361335,2232.3780751838667
7e44f0f74a2830a7,5,6b7e1f5b521de19b,d4f34f97b6d22a81,Open,15380.385086944978,97,11,0.9997202754020691,0.9283567905426026,0.9999256730079651,15376.08281491051,14278.484936625548,15379.241909185126
7e474d71fe105373,3,6b7e1f5b521de19b,,Open,12483.414223318267,10,0,0.0,0.0001323248347034678,0.000882841620477847,0.0,1.6518657236355083,11.020877642010502
7e53c894032019a0,2,6b7e1f5b521de19b,6f9a9c5f2856c8b3,Open,1.170863568534039,10,0,0.0,0.0005816959252115339,0.320349134504795,0.0,0.000681086566794886,0.3750851308030751
7e573d2f712f962b,1,6b7e1f5b521de19b,,Open,3516.028564166581,25,18,0.0,0.021949205175042154,0.4361903712153433,0.0,77.17403235620115,1533.6578046075715
7e80a56702d926e1,3,6b7e1f5b521de19b,,Open,35845.270270304114,1,140,0.0,7.914394918770996e-05,0.00011853480209538245,0.0,2.836936248892679,4.248912017545995
7e943e3c5bf850f5,5,6b7e1f5b521de19b,d4f34f97b6d22a81,Open,81328.24276572846,0,22,0.0,0.00014843341559753754,0.0005197348102228716,0.0,12.071828858262798,42.26911881960552
7e958ecdcd31efae,2,6b7e1f5b521de19b,6f9a9c5f2856c8b3,Open,227515.35017931758,30,32,0.0,0.00028613141184905547,0.10796196199953553,0.0,65.09928836414039,24563.003590370503
7e970cbad814e337,1,6b7e1f5b521de19b,,Open,54608.54408792734,10,0,0.0,0.002324666630011052,0.6940645396709442,0.0,126.946660154692,37901.85401448775
7e9facd04c7b80b3,3,6b7e1f5b521de19b,,Open,5655.969519442425,20,106,0.0,0.0010629642783896998,0.004698517848737537,0.0,6.012093558828254,26.574673739015704
7ea6b44376ddbc79,4,6ab36d9b02cbcf6b,28c9c64e5918b06e,Open,39747.982808026936,35,139,0.00028759543783962727,0.001322337647434324,0.00820735697634518,11.431338518916483,52.5602540766263,326.2258839951082
7ea88ee1babd6f81,5,6b7e1f5b521de19b,d4f34f97b6d22a81,Open,1.170863568534039,0,32,0.0,8.5083767407923e-05,0.00019191284591215662,0.0,9.962148353156087e-05,0.00022470375961223084
7ebbf691ebdbc69f,2,6b7e1f5b521de19b,,Open,76057.68653515907,70,0,0.004380751028656959,0.3230194389820099,0.982698604464531,333.18978852616664,24568.11123485665,74741.78241690157
7edebd345f9e719a,3,6b7e1f5b521de19b,,Open,2.4198904513070483,10,21,0.0,0.0003936520064598881,0.05789882224053141,0.0,0.0009525947315701437,0.1401088070817861
7ee3f941fe9f4e61,4,ddbd249e57ed6b40,28c9c64e5918b06e,Open,1.170863568534039,70,0,0.0030671000480651856,0.4473285958170891,0.980938446521759,0.0035911557073285256,0.5237607560057177,1.1485450900067034
7ee69733c9e2fe42,2,6b7e1f5b521de19b,6f9a9c5f2856c8b3,Open,1379.583775305976,40,0,0.00028759543783962727,0.036655837669968605,0.569065400958061,0.3967619998955681,50.5697989197383,785.0733942497308
7ee8a9f1920ba486,0,6b7e1f5b521de19b,,Open,9648.963805727817,10,0,0.0,0.0002387352229561657,0.0586305845528841,0.0,2.3035475254564033,565.7243882594431
7eeffcd164f508e6,5,6b7e1f5b521de19b,6f9a9c5f2856c8b3,Open,1.170863568534039,10,0,0.0,0.00036952829250367356,0.2837587550282477,0.0,0.00043266721523514137,0.33224278851515027
7f070afa01e2b1c8,3,6b7e1f5b521de19b,d4f34f97b6d22a81,Open,35656.06447401725,1,0,0.0,0.00011494529207993765,0.0002517432571039535,0.0,4.098496745387001,8.976173806197666
7f0be165b8cd64ab,1,6b7e1f5b521de19b,,Open,2.4198904513070483,10,0,0.0,0.001102569099748507,0.06401598267257214,0.0,0.0026680964363876205,0.15491166520039476
7f0d3642b938e0fe,3,6b7e1f5b521de19b,,Open,1142516.5739471884,5,0,0.0,0.00011980445196968503,0.0002962274651508778,0.0,136.87857200802503,338.44478859324107
7f0f58b71f31fc95,2,6b7e1f5b521de19b,6f9a9c5f2856c8b3,Open,98.49392076768089,10,21,0.0,0.000249412796983961,0.011220174329355358,0.0,0.024565644264583932,1.1051189613950938
7f13cca0e4880df7,2,6b7e1f5b521de19b,6f9a9c5f2856c8b3,Open,444327.0547251031,10,179,0.0,0.00011828385177068413,0.0013817392173223195,0.0,52.55671547880875,613.9441168309953
7f13d8bc37180fd1,5,255414ab73601d72,28c9c64e5918b06e,Open,6009.906030357736,20,0,0.0,0.0005058089504018426,0.2383674226701259,0.0,3.0398642612289506,1432.565810946021
7f39804af92b3fe1,3,6b7e1f5b521de19b,,Open,1.170863568534039,10,0,0.0,0.00016842880213516765,0.0018873899767640977,0.0,0.00019720714831189594,0.0022098761634093884
7f73609b1896e7c3,0,52838e14fa2f9ca3,,Open,11875.76404329903,70,0,0.0034423583303578196,0.3489872321486473,0.9661111652851104,40.88063528381428,4144.490023121357,11473.30823852264
7f8232fce3ee1be9,3,6b7e1f5b521de19b,,Open,557449.2948030367,30,645,8.101324056042358e-06,0.005390796950086952,0.08398415260016917,4.51607738201169,3005.0959582523324,46816.90664159493
7f852d455e713bce,3,6b7e1f5b521de19b,d4f34f97b6d22a81,Open,988.738918391998,10,0,0.0,0.0004598011611960828,0.29198160320520394,0.0,0.4546233027963997,288.6935745434749
7f8bfb81df588db9,2,6b7e1f5b521de19b,6f9a9c5f2856c8b3,Open,12107.048051886937,10,0,0.0,0.0006001889036269859,0.4836970508098599,0.0,7.266515896421256,5856.143436710971
7fb587e2ea505408,4,7545e34e09ae9cad,,Open,1.170863568534039,40,0,0.0,0.01855986937880516,0.42415738701820344,0.0,0.021731074892393447,0.4966304317842071
7fb9d48af29ae124,5,6b7e1f5b521de19b,6f9a9c5f2856c8b3,Open,1.170863568534039,70,0,0.0035269446147140116,0.2731361538171768,0.9813588738441467,0.004129570957605959,0.31980517175404183,1.1490373530417033
7fbf42700828633d,3,6b7e1f5b521de19b,,Open,97448.11793908857,50,0,0.00116905365139246,0.041157949902117255,0.6597497612237927,113.92207809801457,4010.764756192621,64291.37254202167
7fc98925cee3b34d,3,6b7e1f5b521de19b,,Open,33215.42012051668,50,51,0.0,0.0030433757696300746,0.018885908741503945,0.0,101.08700477286372,627.3033932067921
7fd52233ddedd614,2,6b7e1f5b521de19b,,Open,270801.9611719012,30,0,9.501219756202772e-06,0.004783727275207639,0.10601648278534408,2.5729489435049238,1295.4427278377436,28709.47145481828
7fe0a00c7bec5520,3,062b9e5a52eb6d8e,,Open,1.170863568534039,0,0,0.0,0.00011937472518184223,0.0002354531745368149,0.0,0.000139771516719182,0.000275683544160843
8018ecc160cec6b9,2,6b7e1f5b521de19b,6f9a9c5f2856c8b3,Open,98.49392076768089,10,103,0.0,0.004231613071169704,0.09693120159208772,0.0,0.41678816255127166,9.547134089527193
8026655598b11378,2,6b7e1f5b521de19b,d4f34f97b6d22a81,Open,5586.170697992991,5,124,0.0,0.00019949535198975353,0.0028356410912238053,0.0,1.114415089670959,15.840375173819291
803854511a716839,2,6b7e1f5b521de19b,6f9a9c5f2856c8b3,Open,36754.75787348106,80,2,0.16390084177255632,0.7026058942079544,0.9956542283296586,6024.135754610038,25824.10952209401,36595.030087964224
804ca50b29e0c5d2,2,6b7e1f5b521de19b,6f9a9c5f2856c8b3,Open,21473.814348114953,30,32,0.0,0.008355015609413385,0.19844796955585478,0.0,179.41405407214555,4261.434856002794
806e5c49f76661c3,2,6b7e1f5b521de19b,6f9a9c5f2856c8b3,Open,1513.303966626723,40,0,0.0,0.01761373896151781,0.43497086763381954,0.0,26.654941037592558,658.2431393573264
80919b393e513fe1,3,6b7e1f5b521de19b,,Open,105254.60127064632,60,0,0.0009216022677719593,0.0472449453547597,0.7353886991739271,97.002879224461,4972.747885368706,77403.04431049098
8096f2187fc78267,2,6b7e1f5b521de19b,6f9a9c5f2856c8b3,Open,1.170863568534039,70,429,0.04531724974513054,0.027242119517177345,0.4465977013111114,0.05306031675273181,0.031896805272313054,0.5229049782562267
80b11ff10c0d1870,2,6b7e1f5b521de19b,6f9a9c5f2856c8b3,Open,98.49392076768089,10,20,0.0,0.00026383054500911385,0.011611878313124177,0.0,0.025985704796221726,1.1436994225368047
80bad48070b39378,2,6b7e1f5b521de19b,,Open,4666113.343469918,50,0,0.00116905365139246,0.05460299886763096,0.7073537945747376,5454.936841994587,254783.78160972564,3300592.979419262
80c0b194abfe5b5b,0,6b7e1f5b521de19b,,Open,11264.189824104717,70,0,0.0034423583303578196,0.314357353746891,0.9578768074512481,38.77537767573865,3540.9809052082164,10789.706187238262
80ca07a5db25d228,5,6b7e1f5b521de19b,6f9a9c5f2856c8b3,Open,1.170863568534039,10,0,0.0,0.00047575197240803393,0.0961949665099382,0.0,0.0005570406521507782,0.11263118176283861
80f5024086b427ea,4,7608f4f5fafe9b10,28c9c64e5918b06e,Open,127023.05996936503,90,57,0.04040672676637769,0.9617682993412018,0.9999390602111816,5132.58607721134,122166.75236385169,127015.31921091543
80f940df6fc7482e,5,6b7e1f5b521de19b,6f9a9c5f2856c8b3,Open,751498.662355294,0,56,0.0,9.916305461956653e-05,0.00018010599524131973,0.0,74.5209029016692,135.34941450602074
810040e1928e7df0,4,ddbd249e57ed6b40,28c9c64e5918b06e,Open,408.78070969913813,40,0,0.0,0.026508113369345665,0.44498907178640357,0.0,10.836005395906332,181.90294857320677
8108e98975f11a77,1,6b7e1f5b521de19b,6f9a9c5f2856c8b3,Open,51906.19425374672,10,99,0.0,0.00010562676143308636,0.0029685359448194493,0.0,5.482683197339943,154.0854034010279
81190fbcfdf0f679,0,6b7e1f5b521de19b,,Open,157618.2006846855,60,17,0.002877556293969974,0.08545771762728692,0.9226659655570983,453.5552454244392,13469.691687032895,145428.94932410785
812c1e5610a8f59a,2,6b7e1f5b521de19b,6f9a9c5f2856c8b3,Open,22305.354471007373,30,16,0.00028759543783962727,0.039960234239697454,0.7664126366376877,6.414918185257453,891.3271894609375,17095.105531262994
813b8c3063101f70,2,6b7e1f5b521de19b,6f9a9c5f2856c8b3,Open,98.49392076768089,10,0,0.0,0.0005603424506261945,0.20305947437882418,0.0,0.05519032493474454,20.000123780594837
814832355085755a,2,6b7e1f5b521de19b,6f9a9c5f2856c8b3,Open,98.49392076768089,40,0,0.00028759543783962727,0.03759559821337462,0.5813833653926849,0.028326402267722744,3.702937871641685,57.26272712663477
815e17c72a77c175,2,6b7e1f5b521de19b,,Open,11840574.637059549,30,323,0.0,0.0005627189791994169,0.00462613989366218,0.0,6662.916072900655,54776.15469238577
8178c2fb17a02a5e,0,6ab36d9b02cbcf6b,,Open,8290.869253090716,10,0,0.0,0.00045600296725751833,0.16163995042443274,0.0,3.780660980553491,1340.135695045037
817f7e7ce544e625,4,255414ab73601d72,,Open,1.170863568534039,10,0,0.0,0.0011228958319406956,0.451674337685108,0.0,0.0013147578208780814,0.5288490268372341
8181fa49e4712464,0,674ec33189ed753c,,Open,25102.753943361105,10,0,0.0,0.00025743222795426846,0.0711064763367176,0.0,6.462257875427247,1784.9683792600508
8198305b29e3ac8a,1,6b7e1f5b521de19b,,Open,18459.22936713339,10,270,0.0,0.00015720243463874796,0.005047309689689421,0.0,2.9018357980684435,93.16944724893187
81d86d4297940aba,1,6b7e1f5b521de19b,,Open,12361.95339454843,5,451,0.0,8.518969443684909e-05,0.000127147464081645,0.0,1.0531110323241502,1.5717910252123162
81e640ab3acadc56,2,6b7e1f5b521de19b,6f9a9c5f2856c8b3,Open,98.49392076768089,10,29,0.0,0.00035700599401025104,0.08651852682232844,0.0,0.035162920087632825,8.52154892577489
81f66410ee933c68,3,6b7e1f5b521de19b,,Open,1.170863568534039,10,0,0.0,0.00016037751629482955,0.00249382647452876,0.0,0.0001877801910415901,0.0029199305652714055
820e591c795c25e7,3,6b7e1f5b521de19b,,Open,2.4198904513070483,10,0,0.0,0.0006467117927968502,0.2083074577152729,0.0,0.00156497169213676,0.5040812278612357
821c2ad09552bc2b,6,6b7e1f5b521de19b,,Open,1308890.6057208087,10,145,0.0,0.00012942725261382295,0.0012980830506421623,0.0,169.40611507048683,1699.0487104309352
822b12db26aad35e,2,6b7e1f5b521de19b,6f9a9c5f2856c8b3,Open,121455.08189063956,60,130,0.0038984570652246474,0.05307409632951021,0.6746975302696222,473.4874221040019,6446.118715972355,81945.44379030923
824fd1a04eb594d9,4,ac6153076817c20f,28c9c64e5918b06e,Open,177339.28720029254,3,238,0.0,7.809875569364522e-05,0.00012063448666594922,0.0,13.849977665940832,21.393233877112632
8272cd7f05f3fd79,3,6b7e1f5b521de19b,d4f34f97b6d22a81,Open,80797.21539825796,30,149,0.0,0.0021504801348783075,0.030872455425560465,0.0,173.75280666743745,2494.4084308921265
827a01e7f93eba1a,2,6ab36d9b02cbcf6b,28c9c64e5918b06e,Open,647.4751216712075,30,0,0.0,0.04207402840256691,0.551412776112556,0.0,27.24188665914985,357.0260543045355
82811b2b29104f94,2,6b7e1f5b521de19b,,Open,5182695.33770518,50,350,0.0013649825588800013,0.0007904730970039964,0.011570918885990964,7074.288743956269,4096.7812344239865,59968.547363390186
82a342152c053c23,3,6b7e1f5b521de19b,,Open,9648.963805727817,50,0,0.00028759543783962727,0.09803315587341786,0.7186935722827911,2.7749979704070076,945.9183727838823,6934.64826636588
82a84c26b82024e9,2,6b7e1f5b521de19b,d4f34f97b6d22a81,Open,4308.7530908608705,10,111,0.0,0.0001545445789815858,0.003880786988884209,0.0,0.6658944323626997,16.721352933327488
82a976f0cea3e996,0,6b7e1f5b521de19b,6f9a9c5f2856c8b3,Open,1.170863568534039,60,0,0.0010428334586322307,0.1663596697151661,0.9045376360416412,0.0012210157047608276,0.19478447654284348,1.0590901644090598
82b85074b172428f,1,674ec33189ed753c,,Open,8269.642544488683,10,0,0.0,0.00020096888765692712,0.031150020565837613,0.0,1.661940863486291,257.59953533294816
82ce7253b01964d1,5,6b7e1f5b521de19b,6f9a9c5f2856c8b3,Open,7758456.505483561,0,0,0.0,0.00012129777096561156,0.0002585253649158403,0.0,941.083480248804,2005.7577992638126
82e1ba1a679db353,2,6b7e1f5b521de19b,6f9a9c5f2856c8b3,Open,158819.20286162756,30,2,0.00028759543783962727,0.010246815020218493,0.26192290708422633,45.675678184330366,1627.3909933816533,41598.38731431697
82fd7f065133ac06,2,6b7e1f5b521de19b,6f9a9c5f2856c8b3,Open,8345.747103271866,60,234,0.0031757303106132893,0.01696405904367566,0.1977041460573673,26.50384204057352,141.57774662348905,1649.988804263111
82fdcdf8d7dbf758,2,6b7e1f5b521de19b,6f9a9c5f2856c8b3,Open,51795.421351033205,80,0,0.2451150096952915,0.5565513551235199,0.9896725416183472,12695.835206630212,28826.811942111228,51260.50629267024
831797877847b100,0,674ec33189ed753c,,Open,35845.270270304114,30,151,0.0,0.000620645543676801,0.004022161150351162,0.0,22.24720725515477,144.1754535050547
831a2d9c700d564c,4,e366e0e543d0c5cd,28c9c64e5918b06e,Open,1.170863568534039,10,0,0.0,0.0005863460246473551,0.17839979007840154,0.0,0.0006865311988143497,0.20888181483692067
83265d3a00182d63,2,6b7e1f5b521de19b,6f9a9c5f2856c8b3,Open,98.49392076768089,10,0,0.0,0.0001874002700787969,0.02843836843967435,0.0,0.01845778735298302,2.8010064078594024
832cafb9ededb958,2,6b7e1f5b521de19b,6f9a9c5f2856c8b3,Open,22155.37909997823,50,0,0.00028759543783962727,0.07128841951489448,0.7282581329345703,6.371785952761166,1579.4219597907731,16134.835017807745
832d09eb7a404308,3,6b7e1f5b521de19b,,Open,11264.189824104717,10,0,0.0,0.0004896121667115949,0.04293876811861991,0.0,5.515084386030609,483.6704349013504
832f9e554c1b0f72,2,6b7e1f5b521de19b,6f9a9c5f2856c8b3,Open,22183.238729043656,70,0,0.003466563671827316,0.3004938915371895,0.9812256932258606,76.8996095015755,6665.927732588825,21766.763799900622
83353ba1ab81afff,0,6b7e1f5b521de19b,6f9a9c5f2856c8b3,Open,1.170863568534039,10,0,0.0,0.00037778424157295374,0.307291205227375,0.0,0.00044233380522403404,0.35979607713165
8342517410d618c5,0,6b7e1f5b521de19b,6f9a9c5f2856c8b3,Open,163071.420129746,25,146,0.0,0.0011293312534689905,0.012660177890211344,0.0,184.1616513000944,2064.5131876519754
8351c56a003f755b,0,6b7e1f5b521de19b,6f9a9c5f2856c8b3,Open,1.170863568534039,10,0,0.0,0.00046984180808067326,0.33911613076925273,0.0,0.0005501206560558222,0.39705872301994305
83562d7b51ebfa85,4,75c64824a2a4e380,28c9c64e5918b06e,Open,1.170863568534039,70,98,0.002674749121069908,0.010495892586186528,0.28126661479473086,0.003131766300829197,0.012289258248412321,0.3293248323080475
8356a23bd768c3a0,5,6b7e1f5b521de19b,6f9a9c5f2856c8b3,Open,132249.85275192247,10,199,0.0,0.0002215539279859513,0.009775350452400725,0.0,29.300474352752097,1292.7886579284345
835a7d4b369db97a,2,6b7e1f5b521de19b,6f9a9c5f2856c8b3,Open,23501.294612513047,60,31,0.0028716932472889313,0.05066346749663353,0.7493425667285918,67.48850904130146,1190.6570757298634,17610.520426385352
836038987323fbb6,2,6b7e1f5b521de19b,6f9a9c5f2856c8b3,Open,2615826.4497860987,30,294,0.0,0.0015636374184396118,0.0077119004679843785,0.0,4090.20411702959,20172.99322227133
8363fdc60869ddfe,2,6b7e1f5b521de19b,,Open,1.170863568534039,60,0,0.0028538778424263,0.12950512766838074,0.8829150825738906,0.0033415015947434812,0.15163283592525656,1.0337731042949911
837643b2f2accbf1,0,6b7e1f5b521de19b,6f9a9c5f2856c8b3,Open,484955.83655869117,25,252,0.0,0.0030888245208188893,0.18968808576464644,0.0,1497.9434794767228,91990.34431721087
8383c3b07f4b25d2,3,6b7e1f5b521de19b,6f9a9c5f2856c8b3,Open,31412.512075406656,90,269,0.061527011543512346,0.3264660879969597,0.9998863458633422,1932.7179930742664,10255.11993141527,31408.941913466475
83bbf44e50c97fa3,3,6b7e1f5b521de19b,,Open,35845.270270304114,30,1019,0.0,0.0005563610000535846,0.002253760246094316,0.0,19.942910414777423,80.78664514571787
83d9451f51420d2a,6,6b7e1f5b521de19b,,Open,3024573.7737894068,20,360,0.0,0.001488572853850201,0.020408857706934198,0.0,4502.2984141301695,61728.09577339298
841e8c8565c2ab26,3,6b7e1f5b521de19b,,Open,2.4198904513070483,10,0,0.0,0.0001517322256404441,0.00199686344130896,0.0,0.0003671753639828771,0.0048321907741876845
8423df44cbd06ea8,4,6ab36d9b02cbcf6b,28c9c64e5918b06e,Open,1973.0182028967768,10,0,0.0,0.0005090113612823188,0.19103014916181552,0.0,1.0042886812912826,376.9059615983484
84278bea5ba4f32a,5,6b7e1f5b521de19b,6f9a9c5f2856c8b3,Open,4077677.6769469106,70,0,0.003829578310251236,0.1844562441110611,0.9465027689933777,15615.785987831534,752153.1089851438,3859533.2122927345
8457a6c62d5230bd,0,6b7e1f5b521de19b,6f9a9c5f2856c8b3,Open,558415.2817317194,60,0,0.001086287386715412,0.13014646470546723,0.9297289252281188,606.5994770943,72675.77475489075,519174.8397153886
845f76c699a38006,3,6b7e1f5b521de19b,,Open,21273.147061594493,90,108,0.0023677256889641286,0.41155847162008286,0.99987952709198,50.368976782849046,8755.143891219086,21270.584223705246
849043aa86f82c66,2,6b7e1f5b521de19b,6f9a9c5f2856c8b3,Open,1858.7749748951157,80,0,0.34608134999871254,0.7473343700170517,0.9951231330633163,643.2873526555246,1389.1264248667026,1849.7099766773147
8496b150e8833f9a,0,6b7e1f5b521de19b,6f9a9c5f2856c8b3,Open,38347.69299749703,10,10,0.0,0.0009681891562649981,0.44714784622192383,0.0,37.127820527955826,17147.08833141035
84a85d4ea897c385,3,6b7e1f5b521de19b,,Open,3303.290441942712,10,0,0.0,0.00023399236815748736,0.0035764986067079,0.0,0.7729447532221682,11.814213663159633
84ab78ed5fe8e5ee,6,6b7e1f5b521de19b,,Open,5083.8994500666495,10,0,0.0,0.00015795135986991228,0.0017933568567968902,0.0,0.8030088315799265,9.117245938042965
84bdcd09ec1f3305,2,6b7e1f5b521de19b,,Open,438825.0534271956,20,408,0.0,0.0011563136184122413,0.010657513607293364,0.0,507.4193853783456,4676.783978121574
84c84e2911453c78,3,6b7e1f5b521de19b,,Open,2.4198904513070483,70,0,0.0010428334586322307,0.2236794725060463,0.9320327818393705,0.0025235427288476386,0.5412798196707789,2.255417229078238
84d8891940f4182e,3,6b7e1f5b521de19b,,Open,35845.270270304114,30,0,0.0,0.01938083441928029,0.4175091698765752,0.0,694.7112478231145,14965.729034556152
84e3e05aacff6b4e,1,6b7e1f5b521de19b,,Open,3391.863497755878,10,0,0.0,0.0002992395166074857,0.0629647601395845,0.0,1.0149795934670447,213.567871562411
8501bb8f081e3cd7,5,6b7e1f5b521de19b,6f9a9c5f2856c8b3,Open,1.170863568534039,60,0,0.0028538778424263,0.08347718380391599,0.84190057516098,0.0033415015947434812,0.09774039331982495,0.985750711783845
8512e6ba5dc8ed78,0,6b7e1f5b521de19b,6f9a9c5f2856c8b3,Open,2072.565785667712,1,0,0.0,0.00012601976413861848,0.0002821955175022594,0.0,0.2611842514716156,0.5848687744439769
854c15d98d72ed1e,3,6b7e1f5b521de19b,,Open,11485.134609700683,10,0,0.0,0.0001656991196796298,0.03221877235919235,0.0,1.903076694229452,370.03693750462776
854dc8772f015d65,4,fd10c5543bdbcbc9,d4f34f97b6d22a81,Open,1.170863568534039,70,0,0.0035777910612523555,0.17783870473504068,0.9328417986631392,0.00418910520944712,0.20822486044954103,1.0922304772604348
855c24db846ea444,4,47dc86e9ce418791,,Open,25102.753943361105,10,0,0.0,0.00018267167106387206,0.032508274912834145,0.0,4.585562011138977,816.0472262600142
8570bbb4e108f3e2,5,6b7e1f5b521de19b,6f9a9c5f2856c8b3,Open,302459.82151904114,40,151,0.001301340665668249,0.002345871215220541,0.018178429268300534,393.6032654734888,709.5317890622609,5498.2444719866935
85905026b3668ae1,1,6b7e1f5b521de19b,,Open,1.170863568534039,10,0,0.0,0.006773974420502782,0.857563805580139,0.0,0.007931399863148185,1.0040902176471924
8598aae973477d8f,3,6b7e1f5b521de19b,,Open,14040.053391845024,10,0,0.0,0.0002014535668422468,0.0460174016654491,0.0,2.828418834442765,646.0867763368834
85c6c942bd8b143a,4,255414ab73601d72,28c9c64e5918b06e,Open,1.170863568534039,10,0,0.0,0.0001866691563918721,0.030240092054009425,0.0,0.00021856411458822596,0.03540702209515531
85cfc8e4d9daff01,4,95a23e7fbcc5841e,28c9c64e5918b06e,Open,23015.638586807516,10,0,0.0,0.00017170876017189585,0.03100286582484838,0.0,3.9519867663051635,713.5507549799964
85d6dbee50f6c3b7,1,6b7e1f5b521de19b,6f9a9c5f2856c8b3,Open,685172.6880975167,50,0,0.001301340665668249,0.033869222924113276,0.38972244858741745,891.6430820265259,23206.266514688727,267027.17771058704
85ec0c307eeb0057,5,6b7e1f5b521de19b,6f9a9c5f2856c8b3,Open,3106116.456208467,70,0,0.003829578310251236,0.29240984469652176,0.9712739378213882,11895.116209810378,908259.0305692283,3016889.961753413
85ee21213d2dd529,3,6b7e1f5b521de19b,,Open,2.4198904513070483,10,0,0.0,0.0017760084534529596,0.5911346614360805,0.0,0.004297745897951415,1.430481122645796
85fbca26f9bb0af9,4,6b7e1f5b521de19b,28c9c64e5918b06e,Open,41583.795062843936,30,1333,0.0,0.0005264397972496226,0.0023179712472483514,0.0,21.89136464175342,96.3900413071402
8619f06c59255f1e,2,6b7e1f5b521de19b,6f9a9c5f2856c8b3,Open,98.49392076768089,40,0,0.0,0.022335854917764665,0.44348475933074943,0.0,2.1999459245487283,43.68055274719686
861e6aadc0fac74f,0,6b7e1f5b521de19b,6f9a9c5f2856c8b3,Open,1.170863568534039,10,0,0.0,0.0004523125040577725,0.3229098796844482,0.0,0.0005295962325936504,0.37808341404223017
86274762faa0e0c9,5,6b7e1f5b521de19b,6f9a9c5f2856c8b3,Open,1330.796369460671,40,0,0.0,0.06991713121533394,0.6928205817937847,0.0,93.04546438447176,922.0031149387986
86321e9805194b5d,5,6b7e1f5b521de19b,d4f34f97b6d22a81,Open,729534.2850780489,0,0,0.0,0.00014924854258424602,0.00045588119101012123,0.0,108.88192881313867,332.5809587640983
8652201350e95d25,2,6b7e1f5b521de19b,6f9a9c5f2856c8b3,Open,98.49392076768089,10,0,0.0,0.0005550185538595543,0.1978594556450843,0.0,0.054665953468435766,19.487953547443407
866484163704df49,3,6b7e1f5b521de19b,,Open,2.4198904513070483,10,0,0.0,0.00015352309783338568,0.0020676776999607677,0.0,0.0003715090785020878,0.005003553522515582
867bf555f8eff327,5,75c64824a2a4e380,6f9a9c5f2856c8b3,Open,28722.306415672734,10,0,0.0,0.0008425373292993755,0.32905467599630345,0.0,24.199615338779225,9451.20923147574
867fc3c3c62eb772,3,6b7e1f5b521de19b,,Open,15566.162911287942,70,0,0.0010428334586322307,0.2061539836227894,0.9322987854480743,16.232915506411157,3209.026493883326,14512.31477628061
868bd41bc8592cca,3,6b7e1f5b521de19b,,Open,25102.753943361105,30,0,0.0,0.035883242078125474,0.4713279664516449,0.0,900.7681965772454,11831.6299684604
868cf8c5df1360d1,0,a3bb89b2911fd833,,Open,7622.2759197919995,10,0,0.0,0.0037711237091571093,0.7488360762596129,0.0,28.74454543886492,5707.8351919451725
86cf16be391ef3b9,2,6b7e1f5b521de19b,6f9a9c5f2856c8b3,Open,1579.8354858188534,40,0,0.0011230711825191975,0.04427758920937777,0.6648985296487807,1.7742677072443704,69.95130665948496,1050.4302916079228
86e4e86c37f672a1,6,6b7e1f5b521de19b,,Open,1.170863568534039,1,472,0.0,9.576590673532337e-05,0.0006216691865120084,0.0,0.00011212881130401867,0.0007278898021671032
86e934cd6ce43ea7,2,6b7e1f5b521de19b,6f9a9c5f2856c8b3,Open,489397.2552611308,10,8,0.0,0.002514781430363655,0.4759900301694867,0.0,1230.7271296016334,232948.21429660963
86ece2bea23f2a27,3,6b7e1f5b521de19b,,Open,524417.177630072,30,1489,8.101324056042358e-06,0.0006564560200786218,0.011952598812058547,4.248473496536341,344.25681328790074,6268.1481343642945
8701530880f0f1fb,2,6b7e1f5b521de19b,6f9a9c5f2856c8b3,Open,98.49392076768089,10,20,0.0,0.00024195404548663647,0.01035079034045338,0.0,0.02383100258558063,1.019489923675492
87089ae835f0e21a,0,6b7e1f5b521de19b,6f9a9c5f2856c8b3,Open,52352.15092574556,25,169,0.0,0.0017333264055196195,0.029869236238300782,0.0,90.74336558534317,1563.718763584271
870cc87eff098340,0,6b7e1f5b521de19b,6f9a9c5f2856c8b3,Open,24659.214040497674,35,0,0.0011230711825191975,0.10742787569761277,0.8113949209451675,27.69405267245572,2649.0869807434115,20008.361026959574
870e6fece3a3ab75,0,c5340170d170e6cd,,Open,16931.403345871087,10,0,0.0,0.0003245099345804192,0.3171599999070167,0.0,5.4944085921233174,5369.963883602137
871641443e5680cc,2,6b7e1f5b521de19b,6f9a9c5f2856c8b3,Open,1.170863568534039,10,0,0.0,0.0009072511835256593,0.28207701444625854,0.0,0.0010622673582995838,0.3302736997359739
871c353e6af28131,3,6b7e1f5b521de19b,,Open,5126.849721354915,10,0,0.0,0.0005067033547675237,0.2996354296803473,0.0,2.5977919531994798,1536.1858191647489
871e2280bbac0a55,0,6b7e1f5b521de19b,6f9a9c5f2856c8b3,Open,55852.94395346436,60,376,0.058706500381231305,0.009290364338085055,0.16439354792237282,3278.930875496946,518.8941986823286,9181.863618419446
8762d1c6ab818629,2,6b7e1f5b521de19b,,Open,23783.64824935763,50,0,0.00028759543783962727,0.0999677274376154,0.7343189865350723,6.840068731697692,2377.597265663902,17464.78447857494
87687a190f6d74c0,4,fc3655a0b667e091,28c9c64e5918b06e,Open,4686671.904337304,2,1,0.0,0.0001273825444513932,0.00026134912477573377,0.0,597.0001921833422,1224.8576003095757
876e782ca08ea3f3,2,6b7e1f5b521de19b,6f9a9c5f2856c8b3,Open,1.170863568534039,10,0,0.0,0.024281488824635745,0.5882286399602888,0.0,0.028430310654532397,0.6887354844978282
87754bbbdbe4e0a1,1,6b7e1f5b521de19b,,Open,123315.22838614827,10,270,0.0,0.00015498303837375716,0.002538492646999657,0.0,19.111768773039046,313.03480052132073
87855ff01a3a6e41,3,6b7e1f5b521de19b,d4f34f97b6d22a81,Open,17142.18858039066,10,139,0.0,9.921567143464927e-05,0.0003050759536563418,0.0,1.7007737498628364,5.2296695289195325
8786a176eda44c8b,4,062b9e5a52eb6d8e,28c9c64e5918b06e,Open,28127.187762869016,30,934,0.0,0.00039027453603921456,0.002029084780951961,0.0,10.977325154241578,57.07244862061576
878eb6706dd87acb,6,6b7e1f5b521de19b,,Open,3630482.099665055,25,408,0.0,0.0007144086965126916,0.0039046532474458218,0.0,2593.647984534372,14175.773720251083
87bc3953f7655089,5,a0d28553c7be77f0,28c9c64e5918b06e,Open,22893.600614095587,97,8,0.9997202754020691,0.9938538074493408,0.999952208995819,22887.19671086862,22752.892136543465,22892.50650593292
87cc58ea982b294e,4,255414ab73601d72,28c9c64e5918b06e,Open,176799.66245420623,60,14,0.0029694400611333547,0.49777975827455523,0.9777952700853347,524.9960004863747,88007.29323947773,172873.8737004066
87cdede141680394,4,255414ab73601d72,,Open,1.170863568534039,10,0,0.0,0.07128947619348766,0.9668136924505234,0.0,0.08347025049482938,1.1320069300501907
87dd2d73cb6b3e01,2,6b7e1f5b521de19b,,Open,25654.101903090123,10,0,0.0,0.00020231599628459663,0.03177889781072735,0.0,5.190235185310245,815.259082804287
87de33767b4853f9,2,6b7e1f5b521de19b,6f9a9c5f2856c8b3,Open,1.170863568534039,10,0,0.0,0.00108820635068696,0.6750381797552109,0.0,0.0012741411710667377,0.7903776120449082
87e117cee42ba8e2,4,75c64824a2a4e380,28c9c64e5918b06e,Open,267711.8325989814,70,0,0.0030671000480651856,0.26708970963954926,0.9617935627698898,821.0989746319548,71503.07563593355,257483.51727103064
87e21cf10b83b3ed,6,6b7e1f5b521de19b,,Open,65251.04342906468,75,0,0.001455825287848711,0.15365370735526085,0.9125202059745786,94.99411908254683,10026.06473167492,59542.895589946274
87e2eb4552b8b4d4,5,6b7e1f5b521de19b,6f9a9c5f2856c8b3,Open,98.49392076768089,40,0,0.0,0.03364400360733271,0.4681888431310653,0.0,3.313729825608198,46.11375481966332
880bb2c9bb96e0d0,5,6b7e1f5b521de19b,6f9a9c5f2856c8b3,Open,28448.41249545808,10,279,0.0,0.00014999662234913558,0.0027207575854845327,0.0,4.267165785513655,77.40123409201054
8811b2e12c300224,2,6b7e1f5b521de19b,,Open,8269.642544488683,10,0,0.0,0.0004298213330912404,0.19638210833072653,0.0,3.554468782660163,1624.0098380281615
881a2fa72a1278e8,2,6b7e1f5b521de19b,,Open,2351791.856538048,50,0,0.00116905365139246,0.05174445919692516,0.7330874174833297,2749.3708572008572,121692.1977602939,1724069.018567803
882b650486e77560,2,6b7e1f5b521de19b,,Open,71503.13013453777,70,337,0.06178153231739998,0.019176897406578065,0.39585532695055003,4417.5729452022015,1371.2081908392313,28304.894957395176
88414149e8d19a11,3,6b7e1f5b521de19b,,Open,2.4198904513070483,10,0,0.0,0.00013803538458887488,0.0008801627001957957,0.0,0.00033403050910911443,0.0021298973138004344
8863e2e49db63743,5,6b7e1f5b521de19b,6f9a9c5f2856c8b3,Open,1.170863568534039,10,0,0.0,0.0006695614312775433,0.3183321952819823,0.0,0.0007839650867783831,0.37272357014713636
8868588aa93a0687,1,6b7e1f5b521de19b,,Open,5655.969519442425,10,0,0.0,0.00022484533837996423,0.0491921892389655,0.0,1.2717183804657957,278.2295229302325
88689464d3d805dc,3,6b7e1f5b521de19b,,Open,33748.047545819645,20,0,0.0,0.01652582613751292,0.4373220443725584,0.0,557.7143662227351,14758.76514632015
88695ad486bb2699,3,6b7e1f5b521de19b,,Open,25102.753943361105,10,0,0.0,0.0001762804873578716,0.002196007128804922,0.0,4.425125699160429,55.12582661225685
886becd07164a88b,3,6b7e1f5b521de19b,d4f34f97b6d22a81,Open,39931.69188109246,90,0,0.15289296880364417,0.9568664878606796,0.9999162435531617,6105.274921052601,38209.29776459576,39928.34734446426
88776c34568a02b8,4,fd10c5543bdbcbc9,d4f34f97b6d22a81,Open,63185.14903324447,60,719,0.003807477519148961,0.001598876336356625,0.025895677506923644,240.57603448815502,101.02523959842127,1636.222242591807
88847671a2408499,2,6b7e1f5b521de19b,,Open,54608.54408792734,10,280,0.0,8.939618746808264e-05,0.0009638268122216685,0.0,4.881795644643408,52.633178968333446
888af36d4d785b53,2,6b7e1f5b521de19b,6f9a9c5f2856c8b3,Open,27685.304717477007,70,0,0.030050732754170896,0.3885788545012474,0.9807976484298706,831.9636932826883,10757.923993635197,27153.68176296585
889e4b4703a86c42,2,6b7e1f5b521de19b,6f9a9c5f2856c8b3,Open,1513.303966626723,10,0,0.0,0.0004546953554381617,0.1935272656381129,0.0,0.6880922849913178,292.86557874057974
889fb223da23981e,3,6b7e1f5b521de19b,,Open,35845.270270304114,10,0,0.0,0.00015795135986991228,0.027917766384780388,0.0,5.661809184099073,1000.7198814056641
88c3a28eb05685f5,2,6b7e1f5b521de19b,6f9a9c5f2856c8b3,Open,365.23269095468356,40,0,0.00028759543783962727,0.029489993397146464,0.4949483752250669,0.1050392556684575,10.770709644675653,180.7713269670996
88d4e1d7d6393a70,5,6b7e1f5b521de19b,6f9a9c5f2856c8b3,Open,914942.9813268651,30,236,0.00028759543783962727,0.009549251245334744,0.20249020680785174,263.1334273129937,8737.02040384585,185266.99350626935
88d97860e245f28d,1,6b7e1f5b521de19b,,Open,4271.355885203606,10,0,0.0,0.000500731376814656,0.04200773313641547,0.0,2.1388019132633853,179.42997815629073
88e3de3a3a99527a,5,6b7e1f5b521de19b,,Open,1.170863568534039,0,344,0.0,8.041506116569508e-05,0.00015115009591681883,0.0,9.415506548034875e-05,0.00017697614068942877
88e6a19866e3421f,2,6b7e1f5b521de19b,6f9a9c5f2856c8b3,Open,48654.272442631285,50,0,0.0008831881918013096,0.12783841975033283,0.8930427849292755,42.97087890201581,6219.88530316815,43450.34696087515
891a9bd968e8ccee,3,6b7e1f5b521de19b,,Open,14005.202331550161,40,0,0.0,0.03584898430854082,0.5755299150943755,0.0,502.072278621681,8060.412908756613
8928e1044a4b6d40,0,6b7e1f5b521de19b,6f9a9c5f2856c8b3,Open,1129712.8416878227,30,0,0.0,0.0005805222375784069,0.31477927714586257,0.0,655.8234266776755,355610.1916888911
893b446f466a8b42,6,6b7e1f5b521de19b,,Open,1.170863568534039,25,231,0.0,0.00014552437569363973,0.0007064582256134599,0.0,0.00017038918983334318,0.0008271661990620008
89408002b4c7398c,3,6b7e1f5b521de19b,,Open,147782.212188992,1,244,0.0,8.477268456772436e-05,0.00013465213487506844,0.0,12.52789485861793,19.899190367808135
894327e13cbfedc3,2,6b7e1f5b521de19b,,Open,1977442.152673165,20,259,0.0,0.0009415620123036206,0.00543967131525278,0.0,1861.8844124849488,10756.635355467924
894c4c0dd7620428,3,6b7e1f5b521de19b,,Open,5083.8994500666495,10,0,0.0,0.00028484864596975965,0.03056060476228594,0.0,1.448141874597891,155.36704174468971
894dda19356e5c5d,5,6b7e1f5b521de19b,d4f34f97b6d22a81,Open,682906.5780852219,0,39,0.0,9.884307437459938e-05,0.00017743015778250992,0.0,67.50058568858074,121.16822190037486
89589dc70c2ed56d,2,6b7e1f5b521de19b,,Open,25102.753943361105,10,0,0.0,0.0001730871452309657,0.028572689089924067,0.0,4.3449640174917405,717.2531837245222
895bc6676b755abc,5,6b7e1f5b521de19b,6f9a9c5f2856c8b3,Open,749491.1665158706,0,1180,0.0,9.160572408291045e-05,0.0001568497209518682,0.0,68.65768100243153,117.55748032390449
897931618d430581,4,38080774be85927f,d4f34f97b6d22a81,Open,3833.048496160384,90,5,0.1238188810646534,0.8492546260356904,0.9998605251312256,474.6037758611311,3255.234167183352,3832.5138822243757
897d0dd7104c259c,3,6b7e1f5b521de19b,,Open,29324.531411075328,30,388,0.0,0.0004801722097909078,0.0027732413029298176,0.0,14.080825048738928,81.32400169825691
898e4003523561b9,0,6b7e1f5b521de19b,6f9a9c5f2856c8b3,Open,27069.173158038753,10,237,0.0,0.00013428460661089048,0.004029880696907639,0.0,3.63497326880931,109.08553839083076
8994663dc532ffe9,5,6b7e1f5b521de19b,d4f34f97b6d22a81,Open,48332.66927590228,10,182,0.0,0.00011257246769673657,0.001300904114032164,0.0,5.440927850758561,62.876168303177245
89aec8318559dd2d,0,c5340170d170e6cd,,Open,4143.3804614791225,10,0,0.0,0.005030232365243138,0.6027510106563567,0.0,20.84216649884833,2497.4267606903427
89bf2d13d5ae6d86,4,e9943875f43f341e,28c9c64e5918b06e,Open,178.89505293483595,10,0,0.0,0.00017302581763942726,0.02881347872316835,0.0,0.030953462805698613,5.1545888014179715
89cb063e15b2f41d,2,6b7e1f5b521de19b,6f9a9c5f2856c8b3,Open,1.170863568534039,10,0,0.0,0.000927898523514159,0.5512561082839965,0.0,0.001086442576479254,0.6454456941215867
89cc11ac509cb750,2,6b7e1f5b521de19b,6f9a9c5f2856c8b3,Open,1637163.9428545497,5,117,0.0,0.00010207878549408633,0.00020786818349733947,0.0,167.11970694130218,340.31429488851734
89d1ed8bf586d546,3,6b7e1f5b521de19b,,Open,21273.147061594493,10,0,0.0,0.00023379540143650957,0.05328724104911086,0.0,4.973563957083388,1133.5873153443702
89daaec39f960e00,5,6b7e1f5b521de19b,d4f34f97b6d22a81,Open,1.170863568534039,10,0,0.0,0.0003526635089656338,0.08319973871111867,0.0,0.00041292085459923805,0.09741554296840003
89e2f2955695c015,3,6b7e1f5b521de19b,6f9a9c5f2856c8b3,Open,9967.179627724136,10,0,0.0,0.0004487174257519655,0.27819306403398497,0.0,4.472447184559808,2772.800240413691
89e8d45d7aef8e68,2,6b7e1f5b521de19b,6f9a9c5f2856c8b3,Open,98.49392076768089,10,32,0.0,0.00027954364923061804,0.009982259059324856,0.0,0.027533350038428873,0.9831918328716072
89ef00c244111b1d,5,6b7e1f5b521de19b,6f9a9c5f2856c8b3,Open,4771666.640296725,60,468,0.005648740287870169,0.02192916865460575,0.6994915366172788,26953.9055913302,104638.68251862287,3337740.430446564
89fd134d946b071c,2,6b7e1f5b521de19b,6f9a9c5f2856c8b3,Open,3705.9364016760587,30,177,0.0,0.0009491615695878864,0.006222658371552825,0.0,3.517532411807732,23.060776174331878
8a022c190d744b88,2,6b7e1f5b521de19b,6f9a9c5f2856c8b3,Open,7555.200108508844,50,0,0.0010840984992682933,0.2758475080132484,0.9386252909898757,8.190581099306085,2084.083122473589,7091.501900335854
8a1a116840d1c3b3,3,6b7e1f5b521de19b,,Open,12873.533460673383,10,0,0.0,0.0001895627377962228,0.0317180039361119,0.0,2.4403422479165293,408.3227849773066
8a1d7c62493d2323,0,a0d28553c7be77f0,,Open,7622.2759197919995,50,0,0.001301340665668249,0.09942852817475796,0.8083126366138457,9.919177619369187,757.8716760468179,6161.181945725297
8a41750abd04e354,2,6b7e1f5b521de19b,6f9a9c5f2856c8b3,Open,2556.4811056383946,10,0,0.0,0.0005291574459988623,0.32396423071622843,0.0,1.3527810126039608,828.2084347287156
8a4d917357476743,2,6b7e1f5b521de19b,d4f34f97b6d22a81,Open,42597.17500294789,60,0,0.0030671000480651856,0.3178141489624977,0.9591779261827469,130.64979749898262,13537.984921768466,40858.26998057111
8a77f727bc99db6c,2,6b7e1f5b521de19b,6f9a9c5f2856c8b3,Open,387.37963649041814,40,0,0.0,0.05363744162023067,0.6629978865385051,0.0,20.778052637120982,256.8318802812016
8a85371e92143eb0,4,e366e0e543d0c5cd,d4f34f97b6d22a81,Open,1.170863568534039,10,0,0.0,0.00017783554940251634,0.0027051395503804084,0.0,0.00020822116598564165,0.0031673493473409705
8a8f4fc20a612e0c,0,6b7e1f5b521de19b,6f9a9c5f2856c8b3,Open,11768.777709593114,10,0,0.0,0.0004537815635558218,0.3244418174028396,0.0,5.3404543502000665,3818.2836287104183
8a9758c6fdad4fe0,2,6b7e1f5b521de19b,6f9a9c5f2856c8b3,Open,1236379.4386287977,50,10,0.00116905365139246,0.04556186869740486,0.7378027409315109,1445.3938972355556,56331.75764297641,912204.1386516896
8aa826bdb295c53c,2,6b7e1f5b521de19b,6f9a9c5f2856c8b3,Open,98.49392076768089,10,27,0.0,0.00026383054500911385,0.010753155779093502,0.0,0.025985704796221726,1.0591204733085653
8aa885f81acc2df6,2,6b7e1f5b521de19b,6f9a9c5f2856c8b3,Open,441.4620294957936,10,135,0.0,0.001276741299079731,0.013676352007314561,0.0,0.5636328050328341,6.0375901132479575
8ab48da7a5532d50,3,6b7e1f5b521de19b,,Open,1.170863568534039,30,0,0.0,0.021425517927855253,0.39596598446369163,0.0,0.025086358378698628,0.4636221455872518
8abb8d42fcabbb5c,5,6b7e1f5b521de19b,6f9a9c5f2856c8b3,Open,98.49392076768089,99,0,0.9997202754020691,0.9654559701681137,0.9999289631843566,98.46636959529552,95.09154383042268,98.48692407318933
8abed21fcfd0c66a,0,6b7e1f5b521de19b,6f9a9c5f2856c8b3,Open,1.170863568534039,10,0,0.0,0.00037155913305468856,0.307291205227375,0.0,0.00043504505244982644,0.35979607713165
8ac2fab7653dfd56,5,6b7e1f5b521de19b,6f9a9c5f2856c8b3,Open,1936705.1448629508,0,698,0.0,8.951961935963482e-05,0.00014641392117482608,0.0,173.37310737997777,283.56059441884423
8ac53b3f006101a3,1,6b7e1f5b521de19b,,Open,2046.6148673782125,10,19,0.0,0.00036049266782356426,0.055859274789690966,0.0,0.737789653548542,114.3224222655465
8acaed425e691e74,3,6b7e1f5b521de19b,d4f34f97b6d22a81,Open,504714.77097778063,1,6,0.0,0.00014488238884950987,0.0003915972090908326,0.0,73.12428170689414,197.64489570181763
8ae0305ff2758071,0,674ec33189ed753c,,Open,11695.935307289847,50,0,0.0011230711825191975,0.06093364581465721,0.7294229805469512,13.135367896226041,712.6759794855435,8531.28399212768
8ae0ceda3c9fe05d,2,6b7e1f5b521de19b,6f9a9c5f2856c8b3,Open,160095.94332240717,60,0,0.0028538778424263,0.28681799173355105,0.9411212921142578,456.8942653101546,45918.396948421236,150669.7010418348
8aeeb04955d3212d,3,6b7e1f5b521de19b,,Open,14005.202331550161,80,22,0.005075728381052613,0.09881455041468143,0.9520712852478027,71.08660295663339,1383.9177718587773,13333.950983954484
8af1e6638790b2a7,4,062b9e5a52eb6d8e,28c9c64e5918b06e,Open,73102.61002762495,10,6,0.0,0.0001758246078679804,0.024366147350519885,0.0,12.853237742233048,1781.228967640702
8af323fda60a1b91,2,6b7e1f5b521de19b,6f9a9c5f2856c8b3,Open,283.33239097103296,50,37,0.00028759543783962727,0.012724322639405728,0.17829421237111082,0.08148510303546268,3.60521275690967,50.51652548740395
8b111478bd98ea46,0,7545e34e09ae9cad,,Open,71696.25793643901,10,0,0.0,0.0002580984277301468,0.059156081639230244,0.0,18.504691447529968,4241.269687715296
8b22ca84b17ef9da,2,6b7e1f5b521de19b,6f9a9c5f2856c8b3,Open,1.170863568534039,10,0,0.0,0.000927898523514159,0.5512561082839965,0.0,0.001086442576479254,0.6454456941215867
8b26b6553c0230d1,2,6b7e1f5b521de19b,6f9a9c5f2856c8b3,Open,98.49392076768089,10,0,0.0,0.0005508837872184813,0.1978594556450843,0.0,0.05425870409049708,19.487953547443407
8b2c01591d22b52d,5,6b7e1f5b521de19b,d4f34f97b6d22a81,Open,1.170863568534039,50,0,0.0011230711825191975,0.21847544088959694,0.9537257671356201,0.0013149631324821706,0.255804934357041,1.116682755111276
8b6408c23c94939a,4,6b7e1f5b521de19b,28c9c64e5918b06e,Open,1.170863568534039,10,0,0.0,0.0014269115170463921,0.7398098617792129,0.0,0.0016707187108312579,0.8662164147994833
8b69e04ee10c05c2,4,75c64824a2a4e380,28c9c64e5918b06e,Open,1.170863568534039,10,0,0.0,0.0008456093113636598,0.502886052429676,0.0,0.000990093135888866,0.5888109579138062
8b703a91e2bc58c5,4,75c64824a2a4e380,28c9c64e5918b06e,Open,1.170863568534039,10,0,0.0,0.0003578451054636389,0.2837587550282477,0.0,0.00041898779716559575,0.33224278851515027
8b7663f2ee79a98c,0,6b7e1f5b521de19b,6f9a9c5f2856c8b3,Open,48054.53313792462,33,117,0.0002539545763283968,0.0009184189199004323,0.007095744763500988,12.203668603700553,44.13419242085226,340.98270187591334
8b783f7ff5feb0db,2,6b7e1f5b521de19b,6f9a9c5f2856c8b3,Open,1.170863568534039,10,0,0.0,0.0006026408023899421,0.339202307164669,0.0,0.0007056101604305042,0.39715962382180353
8b8cbfbae36f19f5,2,6b7e1f5b521de19b,d4f34f97b6d22a81,Open,52508.93754479378,10,112,0.0,0.00016208793531404808,0.003456927312072366,0.0,8.511065272169924,181.5195803264997
8b94819a14ed1471,5,6b7e1f5b521de19b,,Open,1.170863568534039,0,265,0.0,7.376730136456899e-05,0.0001424134665285237,0.0,8.637144571684512e-05,0.00016674673962689015
8ba62e298cd1213b,4,b4d1bda83fb7745f,28c9c64e5918b06e,Open,146455.96540706916,10,0,0.0,0.0003401396767003462,0.27417207732796633,0.0,49.81548472439759,40154.13627272893
8ba8fe6ca67a585b,3,6b7e1f5b521de19b,,Open,29324.531411075328,10,0,0.0,0.0001323248347034678,0.000882841620477847,0.0,3.880363771727192,25.88891683070727
8bb9ba6752db8a3d,4,e43bc3ffd79e75b6,28c9c64e5918b06e,Open,1.170863568534039,10,0,0.0,0.0001866691563918721,0.02881347872316835,0.0,0.00021856411458822596,0.0337366525196885
8bd0bcd09b32cc1a,5,6b7e1f5b521de19b,6f9a9c5f2856c8b3,Open,6821.482364268251,60,0,0.00248583871871233,0.06792008634656668,0.8179241865873337,16.957104980111346,463.31567119268146,5579.4554141139515
8bd4643c1a7c7b59,5,6b7e1f5b521de19b,d4f34f97b6d22a81,Open,2373586.4571684795,0,77,0.0,9.451630394323729e-05,0.00017164555392810141,0.0,224.3426190212878,407.4155622369234
8bdf9633b4aee3c4,2,6b7e1f5b521de19b,,Open,35845.270270304114,50,0,0.00028759543783962727,0.0035660469671711325,0.07405854351818561,10.308936197867887,127.82591733484755,2654.648508234442
8bf7187a66fac8c4,0,ac07a4f1ad9a4f67,,Open,2450.0970905682957,25,12,0.00028759543783962727,0.08660530000925064,0.7244130313396454,0.704636745511586,212.1913935804594,1774.8822604550248
8c3372a99d6b1461,2,6b7e1f5b521de19b,6f9a9c5f2856c8b3,Open,8622.31369013763,60,1538,0.0012513193301856517,0.0010454604285769164,0.0038500205962918696,10.789267791393593,9.014287765815899,33.196085294719225
8c3871645d70667f,4,75c64824a2a4e380,28c9c64e5918b06e,Open,1.170863568534039,50,0,0.0011230711825191975,0.19068006053566933,0.9327252030372619,0.0013149631324821706,0.22326033612708035,1.0920939596898445
8c4454cf9ba7d462,2,6b7e1f5b521de19b,6f9a9c5f2856c8b3,Open,9721.332606136886,10,0,0.0,0.06734941154718399,0.685700076818466,0.0,654.7260304777718,6665.918514805921
8c59cda42e7fa03b,3,6b7e1f5b521de19b,,Open,1.170863568534039,10,0,0.0,0.00031441828614333647,0.03243979644030332,0.0,0.0003681409165261435,0.03798257582261136
8c7a7868010708db,3,6b7e1f5b521de19b,,Open,194447.06540649664,70,0,0.001086287386715412,0.25483717024326324,0.9481474012136458,211.22539453490404,49552.339910298324,184364.4797387896
8c805992d0506ff4,2,6b7e1f5b521de19b,,Open,666299.1879365722,50,265,0.0013649825588800013,0.005448290938511491,0.07062207981944083,909.4867705293293,3630.191827972392,47055.43443408521
8ca1870570128c45,5,75c64824a2a4e380,d4f34f97b6d22a81,Open,2330448.004940446,50,0,0.00116905365139246,0.05985995903611183,0.685522013902664,2724.4187495559017,139500.52211152363,1597573.40964222
8ca8abfee92733a1,2,6b7e1f5b521de19b,6f9a9c5f2856c8b3,Open,33711.60200551114,30,326,0.0003421000903472304,0.0008811877778498456,0.004484263435006142,11.532742091835233,29.706251658994756,151.1717042087933
8cc0f3e604d2a51e,2,6b7e1f5b521de19b,6f9a9c5f2856c8b3,Open,1533.3934237864623,90,0,0.01938920933753252,0.9428332090377808,0.9998958349227905,29.731286090591436,1445.73424246602,1533.2336977420812
8cc11383269e1b42,6,6b7e1f5b521de19b,,Open,108932.65643502268,30,124,0.0,0.0019839479704387487,0.0356115149334073,0.0,216.11672264876475,3879.256921371537
8cc357cc9f6fc0e4,4,e366e0e543d0c5cd,28c9c64e5918b06e,Open,1.170863568534039,10,0,0.0,0.00032727676443755627,0.004106797871645538,0.0,0.00038319644030763116,0.004808500011242891
8cd23e9a390785f1,2,6b7e1f5b521de19b,6f9a9c5f2856c8b3,Open,1.170863568534039,10,0,0.0,0.018421466741710902,0.5274597078561781,0.0,0.021569024286830742,0.6175833557984064
8cd6a9b25a44f6e0,2,6b7e1f5b521de19b,6f9a9c5f2856c8b3,Open,98.49392076768089,10,30,0.0,0.00026383054500911385,0.010753155779093502,0.0,0.025985704796221726,1.0591204733085653
8ceba18531cb697a,5,75c64824a2a4e380,6f9a9c5f2856c8b3,Open,17867.45866916281,50,0,0.001223800703883171,0.15375746488571168,0.9312686413526534,21.866208495924916,2747.2551489207053,16639.40395925594
8d10ca705e3a39e4,3,6b7e1f5b521de19b,,Open,1.170863568534039,10,0,0.0,0.00017049416128429585,0.02881347872316835,0.0,0.00019962540209554863,0.0337366525196885
8d17793d94f484cc,1,6b7e1f5b521de19b,6f9a9c5f2856c8b3,Open,2892.55396568139,5,170,0.0,0.0001372451883071335,0.010575806256383657,0.0,0.39698911370848816,30.591090327180602
8d23e710b5368a33,3,6b7e1f5b521de19b,,Open,763955.7981613998,1,0,0.0,0.00011985588025709148,0.00022511163406306877,0.0,91.56459466614348,171.97533807606865
8d2fbe1f28fe6a21,6,6b7e1f5b521de19b,,Open,190193.50928125117,50,0,0.00028759543783962727,0.04611871130764485,0.5746616065502166,54.698785575996645,8771.479547129893,109296.90759898732
8d372de23c501bff,0,6b7e1f5b521de19b,6f9a9c5f2856c8b3,Open,1.170863568534039,10,0,0.0,0.0001684206072241068,0.029559524264186603,0.0,0.00019719755318908742,0.03461017006413404
8d474b1f6976ca4b,3,6b7e1f5b521de19b,d4f34f97b6d22a81,Open,1.170863568534039,10,0,0.0,0.0005816959252115339,0.32750011682510366,0.0,0.000681086566794886,0.3834579554811555
8d511aed32714634,0,6b7e1f5b521de19b,,Open,92504.1093225596,10,0,0.0,0.00032448897982249034,0.30763087123632427,0.0,30.01656406346548,28457.119743839194
8d55eafffbb5ad6e,3,6b7e1f5b521de19b,,Open,21273.147061594493,50,0,0.0011230711825191975,0.036371993273496626,0.6609031826257703,23.891258426369717,773.7467618304194,14059.490597473854
8d7534f26aab2bdc,2,6b7e1f5b521de19b,6f9a9c5f2856c8b3,Open,4841.89872927719,30,135,0.00028759543783962727,0.0014907119737472385,0.011167411459609863,1.3925079850216082,7.2178764114050455,54.07147535560052
8d78eabdb23dfaeb,4,6b7e1f5b521de19b,28c9c64e5918b06e,Open,42828.541014785944,60,0,0.0011230711825191975,0.04345274418592453,0.7958370685577393,48.0995002030476,1861.01763657187,34084.54053181215
8d8b2ab8b1e82d33,4,b6bf95545ecbafbf,28c9c64e5918b06e,Open,948489.558122538,5,316,0.0,8.43471752887126e-05,0.00014363677764777093,0.0,80.00241501847528,136.2379837612795
8d8d22bb2c695e5f,3,6b7e1f5b521de19b,,Open,5083.8994500666495,10,0,0.0,0.00016037751629482955,0.02964981580153106,0.0,0.815343166894339,150.7366822479812
8d9f624331685003,3,6b7e1f5b521de19b,,Open,21273.147061594493,10,0,0.0,0.0004303859721403569,0.2713697522878646,0.0,9.155664078589123,5772.888648488212
8dcfc856b15da0d5,0,6b7e1f5b521de19b,6f9a9c5f2856c8b3,Open,644864.0971688905,50,32,0.0015305569861084223,0.012460064655169845,0.15119000896811483,987.0012490123459,8035.048344522105,97497.00863417983
8dd1579dec6ccfa3,0,6b7e1f5b521de19b,6f9a9c5f2856c8b3,Open,14389.74695083164,10,0,0.0,0.0010295736370608212,0.3325473442673683,0.0,14.815304104552594,4785.272133178523
8dde78dcd153c872,3,6b7e1f5b521de19b,,Open,10925.722758077785,30,174,8.101324056042358e-06,0.00042291074933018533,0.002914713602513075,0.08851282060966502,4.620605598592536,31.84535274025599
8dfb1ee7b39b9796,3,6b7e1f5b521de19b,,Open,2.4198904513070483,10,0,0.0,0.0006467117927968502,0.2083074577152729,0.0,0.00156497169213676,0.5040812278612357
8e0022880b1c6ce5,3,6b7e1f5b521de19b,,Open,26289.741789616684,40,0,0.0,0.09172110855579377,0.8439633905887602,0.0,2411.3242605892196,22187.57961846792
8e0886cb5f1a16b8,5,532ef57d231b606f,d4f34f97b6d22a81,Open,19514124.278646804,10,0,0.0,0.00032418415212305264,0.0798948176205158,0.0,6326.16983369699,1559077.4002665658
8e1416e7fdc13e5b,5,cca8e68b78e095c5,28c9c64e5918b06e,Open,8029.617262090525,90,0,0.130482579767704,0.9760917961597443,0.9999401569366455,1047.72517490486,7837.643535829229,8029.136745195998
8e1a4f7640e99d8f,2,6b7e1f5b521de19b,,Open,1.170863568534039,1,0,0.0,0.00011534623445186298,0.00024286183324875307,0.0,0.0001350547036872722,0.0002843580727383537
8e232d4e2d0d7ad9,3,6b7e1f5b521de19b,d4f34f97b6d22a81,Open,4517.797135638614,30,153,0.0,0.0009861521364655345,0.004073925199918449,0.0,4.455235297427891,18.405167598997537
8e2bf763a6f76f73,0,6b7e1f5b521de19b,6f9a9c5f2856c8b3,Open,1.170863568534039,10,0,0.0,0.0003475583624094725,0.08222525790333747,0.0,0.0004069434244846017,0.0962745588923334
8e3c36c26e26d4bb,2,6b7e1f5b521de19b,6f9a9c5f2856c8b3,Open,2229337.987982884,61,163,0.0030671000480651856,0.009995174780488015,0.3862561613321303,6837.602650095848,22282.622834670416,861095.5335501636
8e5620ee3fce52b2,2,6b7e1f5b521de19b,,Open,1397824.6042475002,10,0,0.0,0.0001845669699832797,0.03698868174105882,0.0,257.9922517740382,51703.68941633228
8e68663faf0974e4,4,75c64824a2a4e380,28c9c64e5918b06e,Open,723.2649706201703,0,0,0.0,0.00012148039386374875,0.0002697257907129824,0.0,0.08786251349879096,0.19508321609552742
8e7ae8b9ef827c91,5,6b7e1f5b521de19b,6f9a9c5f2856c8b3,Open,1.170863568534039,10,0,0.0,0.0006695614312775433,0.30313875973224635,0.0,0.0007839650867783831,0.3549341299810806
8ea5961fb3efdb8f,0,6b7e1f5b521de19b,,Open,1.170863568534039,10,0,0.0,0.05409223958849907,0.7241158634424208,0.0,0.06333463267458823,0.8478408839022997
8ea9179e2846c998,0,6b7e1f5b521de19b,6f9a9c5f2856c8b3,Open,1096681.541053269,10,0,0.0,0.00022150177974253893,0.021027518808841697,0.0,242.91691315408937,23060.491731807113
8eab1d2999f69ff3,1,6b7e1f5b521de19b,d4f34f97b6d22a81,Open,1.170863568534039,10,0,0.0,0.0011276692734099925,0.5096507966518399,0.0,0.0013203468695910108,0.5967315504739891
8eac05a84362eb97,4,b4d1bda83fb7745f,28c9c64e5918b06e,Open,1.170863568534039,10,0,0.0,0.00037904363562120126,0.0658324113115668,0.0,0.00044380838383355567,0.07708077203346173
8eaea04ed8c92a6f,0,6b7e1f5b521de19b,6f9a9c5f2856c8b3,Open,1.170863568534039,10,0,0.0,0.0009704214520752431,0.5214414536952973,0.0,0.001136231124358803,0.6105368012552526
8eaebc9946f9a73a,5,6b7e1f5b521de19b,6f9a9c5f2856c8b3,Open,2026186.1108339757,60,119,0.00500906053930521,0.11624620966613293,0.8429973721504209,10149.28889306676,235536.4554626128,1708069.566920723
8ec13fde203d7ffe,2,6b7e1f5b521de19b,6f9a9c5f2856c8b3,Open,811.4470777989461,90,0,0.2672743029892445,0.9782294929027557,0.9999404013156891,216.87895213137256,793.781463432686,811.3987166207213
8ec4c2fdca63014a,5,6b7e1f5b521de19b,,Open,1.170863568534039,1,0,0.0,0.00013891338603571056,0.00038252078811638055,0.0,0.0001626486228909186,0.0004478796550123983
8ec88904d375224f,4,7545e34e09ae9cad,28c9c64e5918b06e,Open,25042.548859641283,10,299,0.0,9.373925167892594e-05,0.00026531691983109327,0.0,2.347469790235714,6.644211928159683
8ef5b7005eea5454,2,6b7e1f5b521de19b,6f9a9c5f2856c8b3,Open,817.3904746531013,50,49,0.00028759543783962727,0.006459186668507755,0.07571500763297076,0.2350777714437994,5.279677656844537,61.888726027477155
8f17472a1fc04eca,6,6b7e1f5b521de19b,,Open,1.170863568534039,0,141,0.0,8.884344970283564e-05,0.00044685498723993076,0.0,0.00010402355855993655,0.0005232062249769777
8f19016f95385d23,2,6b7e1f5b521de19b,,Open,869711.3941640588,60,0,0.0028538778424263,0.052357394434511664,0.8270503461360932,2482.0500771104935,45535.82250843667,719295.109581889
8f23ff363cd5fb0e,4,ad69d8c998aaf479,28c9c64e5918b06e,Open,963833.7763104266,0,2385,0.0,8.51577744469978e-05,0.00014036173961358143,0.0,82.07793932744144,135.285385541259
8f37bc9dc86a562f,3,6b7e1f5b521de19b,3b7caebd862368af,Open,66342.24018879686,40,185,0.0,0.0013359415519516916,0.008579494268633418,0.0,88.62935531777316,569.1828694680843
8f385a45675410fd,2,6b7e1f5b521de19b,6f9a9c5f2856c8b3,Open,2354478.799735582,5,846,0.0,0.00013139653274265586,0.0012645391805563122,0.0,309.37035070134544,2977.330692054842
8f4ceea8bc4ab7bd,1,6b7e1f5b521de19b,6f9a9c5f2856c8b3,Open,16478.61015141876,10,137,0.0,9.761531910044142e-05,0.0008354565623449159,0.0,1.6085647882625156,13.767162989326353
8f576ba9cae0564c,3,6b7e1f5b521de19b,d4f34f97b6d22a81,Open,39364.60664345633,30,63,0.0,0.001429157127859071,0.011050001857802267,0.0,56.258208169864155,434.97897654184794
8f71838b21917e68,5,6b7e1f5b521de19b,6f9a9c5f2856c8b3,Open,140660.65911173518,20,301,0.0,0.0014563729811925441,0.012794768391177056,0.0,204.85438344706597,1799.72055508496
8f8282bbd4c424fc,2,6b7e1f5b521de19b,6f9a9c5f2856c8b3,Open,1.170863568534039,10,0,0.0,0.0005305582744767889,0.3063274025917053,0.0,0.0006212113545691552,0.3586675957382873
8f82a8aff3d37102,2,6b7e1f5b521de19b,6f9a9c5f2856c8b3,Open,98.49392076768089,10,27,0.0,0.00026383054500911385,0.010753155779093502,0.0,0.025985704796221726,1.0591204733085653
8f8caafd6d0ddcf2,3,6b7e1f5b521de19b,,Open,2.4198904513070483,10,222,0.0,9.204626585415098e-05,0.0008264149189926682,0.0,0.00022274187981892996,0.001999833571288046
8f97aaf683d42741,3,6b7e1f5b521de19b,d4f34f97b6d22a81,Open,3691.9514748849792,10,0,0.0,0.00016037751629482955,0.028194255568087075,0.0,0.5921060078230858,104.09182342788311
8f9fb630b2c23055,4,bd661df59343798b,28c9c64e5918b06e,Open,22995.70092109722,10,0,0.0,0.0003151918193907477,0.23442771062254875,0.0,7.2480568114861255,5390.829521093657
8fa1b59bc6864819,4,6b7e1f5b521de19b,28c9c64e5918b06e,Open,1.170863568534039,10,0,0.0,0.000678489136043936,0.5193159013986584,0.0,0.00079441821103998,0.6080480695081042
8fa5bee4480946a0,5,6b7e1f5b521de19b,d4f34f97b6d22a81,Open,1.170863568534039,30,0,0.0002038492588326335,0.030159737821668385,0.5414598315954208,0.00023867967063979622,0.03531293825192967,0.6339755906396541
8fe9867093d950b2,0,6b7e1f5b521de19b,6f9a9c5f2856c8b3,Open,117300.01842689271,45,0,0.00116905365139246,0.050549008511006834,0.8159155547618865,137.13001485036176,5929.3996298022585,95706.90960835767
8feb70bd96f773b0,0,6b7e1f5b521de19b,6f9a9c5f2856c8b3,Open,1.170863568534039,20,0,0.0,0.02158422712236643,0.5006497502326963,0.0,0.02527218519254315,0.5861925531431301
8ff1b41d2089ef00,2,6b7e1f5b521de19b,,Open,275957.8919334273,20,0,0.0,0.03630359787493944,0.7338750958442688,0.0,10018.264339167139,202518.62439162633
9006b4538cbde602,3,6b7e1f5b521de19b,,Open,2.4198904513070483,10,0,0.0,0.000259806133544771,0.0036880958825349806,0.0,0.0006287023817559952,0.008924788009651241
900ad61c82c0bebf,2,6b7e1f5b521de19b,6f9a9c5f2856c8b3,Open,46450.136567464426,60,0,0.0030671000480651856,0.09993016049265863,0.8899149358272552,142.46721609870457,4641.769602092631,41336.670302602346
90210def6ecb9962,5,6b7e1f5b521de19b,6f9a9c5f2856c8b3,Open,1399870.6979826037,0,1102,0.0,9.616726347303484e-05,0.00022758324994356365,0.0,134.62173424107422,318.5871229476458
9031713063c07d6f,3,6b7e1f5b521de19b,,Open,5126.849721354915,90,40,0.009726181859150529,0.9673094034194947,0.9999260365962982,49.86467275443312,4959.249945385226,5126.470522099256
903281f6f863771a,5,6b7e1f5b521de19b,d4f34f97b6d22a81,Open,723772.9550139738,30,327,0.0,0.004521326848771424,0.05054339338093993,0.0,3272.4140939193117,36581.941183756615
9032d9eff05d5e7a,5,6b7e1f5b521de19b,,Open,1.170863568534039,0,435,0.0,7.452803874912206e-05,0.00016006610967451705,0.0,8.726216540564019e-05,0.00018741557637486588
903531b05afcbcef,6,6b7e1f5b521de19b,,Open,58570.30617169199,99,0,0.9997202754020691,0.968496561050415,0.9999307572841645,58553.92261634742,56725.14010695359,58566.25060462535
903dee3f4fb5c7a4,3,6b7e1f5b521de19b,d4f34f97b6d22a81,Open,28088.974129119742,10,8,0.0,0.00019553445890778677,0.00235859255772084,0.0,5.49236235761225,66.25044533495505
904406f5818c4aeb,2,6b7e1f5b521de19b,6f9a9c5f2856c8b3,Open,17032.04958821751,60,0,0.002674749121069908,0.35341787338256836,0.9765298843383788,45.556459666103876,6019.430744814281,16632.305414427577
905458dcc4640474,3,6b7e1f5b521de19b,d4f34f97b6d22a81,Open,4176.674738255045,10,0,0.0,0.00015523020119871943,0.0012804138823412352,0.0,0.6483460599609394,5.347872316885704
905b077e49babe6e,2,6b7e1f5b521de19b,6f9a9c5f2856c8b3,Open,4854.049577612525,10,78,0.0,0.002539577649440616,0.014894827455282209,0.0,12.327235816581434,72.30023091792405
906b289ad959a8f0,5,6b7e1f5b521de19b,,Open,1.170863568534039,10,0,0.0,0.00017716872825985775,0.02683049133047461,0.0,0.00020744040940297447,0.031414844824721094
9073404e9389fe73,3,6b7e1f5b521de19b,d4f34f97b6d22a81,Open,1461239.2371659551,15,58,0.0,0.0018537043244577945,0.05150652192533009,0.0,2708.70549300194,75263.35080724089
908133207d6806cb,2,6b7e1f5b521de19b,6f9a9c5f2856c8b3,Open,1.170863568534039,10,0,0.0,0.0006947156420210376,0.19498045295476904,0.0,0.000813417235733168,0.22829550894100417
9081d6e49746fd42,3,6b7e1f5b521de19b,,Open,9648.963805727817,10,0,0.0,0.00015795135986991228,0.030399128235876524,0.0,1.5240669544502727,293.3200880736511
90be3c38b9f77590,3,6b7e1f5b521de19b,d4f34f97b6d22a81,Open,9648.963805727817,10,0,0.0,0.00013206002477090807,0.0008557013294193888,0.0,1.274242399198011,8.256631156080859
90c971343e1586ff,3,6b7e1f5b521de19b,d4f34f97b6d22a81,Open,392.07616597339137,10,0,0.0,0.00016232976850005798,0.03035303065553306,0.0,0.06364563325685094,11.900699885094216
90d308dfd90fb8bf,3,6b7e1f5b521de19b,,Open,35845.270270304114,10,0,0.0,0.00016592551764915697,0.030974642280489174,0.0,5.947645024874147,1110.2944240701233
90de0466389922a5,3,6b7e1f5b521de19b,,Open,9648.963805727817,10,64,0.0,0.00020965870207874105,0.002286857145372778,0.0,2.022989227913644,22.06580182457197
90e96675d8e92a12,6,6b7e1f5b521de19b,,Open,8342.688652667997,90,0,0.007812605053186417,0.9670493334531785,0.9999310791492462,65.17813152499498,8067.791500769982,8342.11366746848
90ec74b9db29d6d5,3,6b7e1f5b521de19b,,Open,11264.189824104717,40,0,0.00028759543783962727,0.03316776771098375,0.4485364452004429,3.23952960437207,373.60803153833217,5052.399661766932
90ee649618e5ade9,0,6b7e1f5b521de19b,,Open,81249.67999572346,10,0,0.0,0.0013643771002534778,0.6546794354915618,0.0,110.85520278908818,53192.494633470276
90ee773a025f4760,1,6b7e1f5b521de19b,,Open,2.4198904513070483,10,0,0.0,0.000344744767062366,0.0658324113115668,0.0,0.0008342445699522921,0.1593072235193786
90f039248db5b911,2,6b7e1f5b521de19b,6f9a9c5f2856c8b3,Open,53058.32954997486,30,231,0.0002539545763283968,0.002382285287603736,0.04039331339299677,13.474405601556322,126.40007787173566,2143.2017336210356
90f3f9dd62baee66,1,6b7e1f5b521de19b,,Open,14005.202331550161,10,0,0.0,0.001824934355681762,0.635553166270256,0.0,25.558574893120205,8901.050686072276
9108b600e0667690,1,6b7e1f5b521de19b,6f9a9c5f2856c8b3,Open,1.170863568534039,10,0,0.0,0.0009903628495521843,0.3127556830644607,0.0,0.0011595797801702101,0.3661942351521554
9108fabc8a6a4575,5,6b7e1f5b521de19b,6f9a9c5f2856c8b3,Open,569.928738792806,40,0,0.0,0.031044716481119394,0.4551500260829925,0.0,17.693276110264616,259.40308032699267
912765bdc73daf6c,5,6b7e1f5b521de19b,d4f34f97b6d22a81,Open,1.170863568534039,60,0,0.0010428334586322307,0.0525650741532445,0.812280315160751,0.0012210157047608276,0.06154653030332423,0.9510694284590708
913212b53b854d0e,3,6b7e1f5b521de19b,,Open,21273.147061594493,10,0,0.0,0.0001771840135916136,0.029213762190192914,0.0,3.7692615780979537,621.4686592944227
9148a20af0e2ebf5,0,6b7e1f5b521de19b,,Open,870350.122287474,30,114,0.0,0.005351494415663183,0.08076055422425268,0.0,4657.673819093186,70289.9582450825
914e518d89119b49,2,6b7e1f5b521de19b,6f9a9c5f2856c8b3,Open,3084.57916746595,10,0,0.0,0.00047257217374863103,0.19730816110968583,0.0,1.4576862822691266,608.6126433299522
91618c74264fe575,5,6b7e1f5b521de19b,,Open,1306.5435206718141,90,0,0.01823587026447058,0.9426155984401703,0.9998933434486389,23.825958137855835,1231.568302626189,1306.404169245696
9162be1763f77a8a,3,6b7e1f5b521de19b,,Open,22962.31400177536,60,40,0.0009216022677719593,0.012455331394448876,0.24782317951321584,21.162120657327986,286.0032304755057,5690.5936649008045
9168d03924cd8ee5,2,6b7e1f5b521de19b,6f9a9c5f2856c8b3,Open,64490.738750492004,10,0,0.0,0.06251184400171042,0.6671658396720884,0.0,4031.4350003258173,43026.017869545285
9169c7d410c29850,2,6b7e1f5b521de19b,6f9a9c5f2856c8b3,Open,156023.20089423837,30,31,0.00028759543783962727,0.0033328728401102125,0.025112285744398832,44.87156077431861,520.0054886874665,3918.0992036118573
91770341318c17ed,3,6b7e1f5b521de19b,d4f34f97b6d22a81,Open,1.170863568534039,10,0,0.0,0.0037698581116274,0.4859210580587383,0.0,0.0044139895214470514,0.5689472640644903
91889780ecd2287f,4,e366e0e543d0c5cd,d4f34f97b6d22a81,Open,65527.96989235358,60,0,0.0030671000480651856,0.2888298064470291,0.9565152138471603,200.98083960645172,18926.430860875236,62678.50013455487
91a61dda61019a04,2,6b7e1f5b521de19b,6f9a9c5f2856c8b3,Open,3810.619867404506,10,0,0.0,0.0020873766159638764,0.44834011197090146,0.0,7.954198803547533,1708.4537380306779
91b2b0368f8055f4,5,6b7e1f5b521de19b,6f9a9c5f2856c8b3,Open,695835.041914466,10,118,0.0,0.00013329035136848687,0.0031630009179934855,0.0,92.74809723128496,2200.926876347491
91d34f9e7ab1c114,5,6b7e1f5b521de19b,6f9a9c5f2856c8b3,Open,1074712.0349209097,0,0,0.0,0.0001680399705946911,0.00043763924768427384,0.0,180.5945787458703,470.33616644002194
91db4d1420ae265f,2,6b7e1f5b521de19b,6f9a9c5f2856c8b3,Open,348.35156388525274,40,0,0.0,0.026508113369345665,0.44498907178640357,0.0,9.234142747859138,155.01263906864068
91e039ee40997d23,4,e366e0e543d0c5cd,e72348f2c1467542,Open,1.170863568534039,40,0,0.0011230711825191975,0.03940986432135105,0.6415465503931045,0.0013149631324821706,0.04614357437473939,0.751163483373973
91e53b51c4839950,5,6b7e1f5b521de19b,6f9a9c5f2856c8b3,Open,1878061.4875629507,60,32,0.00116905365139246,0.03206859407946468,0.5816015154123304,2195.5546395750225,60226.79150093187,1092283.4072041477
91f989ae4c4fd4d4,5,6b7e1f5b521de19b,d4f34f97b6d22a81,Open,1.170863568534039,10,0,0.0,0.000715865203528665,0.3516503199934957,0.0,0.0008381804867929188,0.4117345485437211
91fe4de2a45fd63c,2,6b7e1f5b521de19b,6f9a9c5f2856c8b3,Open,1.170863568534039,50,0,0.0010428334586322307,0.0592233456671238,0.8204355239868163,0.0012210157047608276,0.06934245784833348,0.9606180653672979
921c3058349296c6,0,95a23e7fbcc5841e,,Open,11600.00097414683,10,0,0.0,0.0008173159440048039,0.30754645019769666,0.0,9.480865746641461,3567.5391218886807
923ac6aa02d25f7a,2,6b7e1f5b521de19b,6f9a9c5f2856c8b3,Open,1.170863568534039,50,0,0.0010428334586322307,0.06658081281930209,0.7807010382413864,0.0012210157047608276,0.07795704809350493,0.9140944035935389
923db74e2ac44bd9,5,6b7e1f5b521de19b,6f9a9c5f2856c8b3,Open,1.170863568534039,10,0,0.0,0.0006314586469670757,0.29811789840459824,0.0,0.0007393519247695462,0.349055386369876
924aaeccbda1fced,4,255414ab73601d72,d4f34f97b6d22a81,Open,56889.688025781164,10,0,0.0,0.0003570280765416101,0.07990580573678012,0.0,20.311215890896918,4545.816359814095
925adadf8c32f646,1,6b7e1f5b521de19b,,Open,19734.7204950738,15,972,0.0,0.0002515116248105187,0.0028738262481056154,0.0,4.963511616897455,56.714157757770934
9262f176ae9ac433,2,6b7e1f5b521de19b,6f9a9c5f2856c8b3,Open,242.8222277244446,20,89,0.0,0.003021002246532589,0.03149931225925684,0.0,0.7335664954635951,7.648733174580653
9264f15050a133c2,5,6b7e1f5b521de19b,6f9a9c5f2856c8b3,Open,6001902.724287521,70,514,0.00610054275020957,0.062205242179334166,0.6144785225391387,36614.864152115304,373349.8125011108,3688040.3184438273
92650b7524245d61,2,6b7e1f5b521de19b,,Open,1.170863568534039,10,4,0.0,0.00013475440719048492,0.0052836198592558494,0.0,0.00015777902607874014,0.00618639800318562
9267c30d63d7edf0,0,674ec33189ed753c,,Open,5547.041958413171,40,19,0.00028759543783962727,0.028386833425611258,0.5536519616842269,1.5953039607446196,157.46295607835114,3071.1306618201684
9269c2f48a402bd3,1,6b7e1f5b521de19b,,Open,1893.7888334569147,10,257,0.0,0.002633043343666941,0.04822903368622063,0.0,4.986428082244511,91.33560544338202
926f497fbc719add,0,6b7e1f5b521de19b,6f9a9c5f2856c8b3,Open,247.22238032605713,10,0,0.0,0.00031767393957125026,0.07119345925748344,0.0,0.07853610750836053,17.600616461281223
9283b0e278262a6c,4,38080774be85927f,28c9c64e5918b06e,Open,1.170863568534039,10,0,0.0,0.00032727676443755627,0.003928248968441038,0.0,0.00038319644030763116,0.004599443605279031
9287fd1c0f1270aa,3,6b7e1f5b521de19b,,Open,89664.46366676311,20,0,0.0,0.01323651559650898,0.4261332809925079,0.0,1186.8450717777228,38209.01209075128
929ffd3e350403d5,3,6b7e1f5b521de19b,d4f34f97b6d22a81,Open,339240.9363865488,10,57,0.0,0.0006318000901956111,0.05126018207520243,0.0,214.3324542070651,17389.552166536658
92aee7c52f5fd311,5,6b7e1f5b521de19b,d4f34f97b6d22a81,Open,93817.3021095333,60,16,0.0028538778424263,0.13184947110712528,0.9553645461797714,267.74311972661127,12369.761663839354,89629.72425368479
92afde7196087047,3,6b7e1f5b521de19b,,Open,1.170863568534039,10,0,0.0,0.0001865096317487769,0.030062414146959766,0.0,0.00021837733299534241,0.03519898550685749
92b7b9760109a2dd,2,6b7e1f5b521de19b,6f9a9c5f2856c8b3,Open,1.170863568534039,10,0,0.0,0.000927898523514159,0.5437936127185821,0.0,0.001086442576479254,0.6367081299336962
92d4a8ddb5f585ab,0,6b7e1f5b521de19b,6f9a9c5f2856c8b3,Open,3863.8183221876043,10,0,0.0,0.0005441723187686875,0.48431801199913,0.0,2.1025829756857686,1871.3168085277146
92dacb3f7450717a,0,1bb1bb990c53f4fc,,Open,2940320.756356726,30,0,0.0,0.014325787173584105,0.4980880349874496,0.0,42122.4093776383,1464538.587766533
92e0256cca4b33da,3,6b7e1f5b521de19b,,Open,2.4198904513070483,10,76,0.0,0.00017494212952442467,0.003533120697829872,0.0,0.0004233407887674761,0.008549765039993803
92ecd7a6e14bcaeb,0,6b7e1f5b521de19b,,Open,35845.270270304114,10,0,0.0,0.00048136622644960885,0.33752462863922117,0.0,17.254702486082643,12098.661536456912
92f76b1b745243d1,2,6b7e1f5b521de19b,d4f34f97b6d22a81,Open,31178.177062585422,10,0,0.0,0.0005143783477251419,0.38563995808362955,0.0,16.037379202534606,12023.550895539423
930dd0deb9e4a940,0,6b7e1f5b521de19b,6f9a9c5f2856c8b3,Open,11485.134609700683,10,0,0.0,0.0003647504752734676,0.3362026333808898,0.0,4.189208307468076,3861.3325005153674
932487b6d5506fe9,3,6b7e1f5b521de19b,d4f34f97b6d22a81,Open,1287.0828528119127,10,0,0.0,0.00014373862504726275,0.0008742725680349388,0.0,0.1850035195850928,1.1252612310016061
932fe286e620612b,5,fc3655a0b667e091,28c9c64e5918b06e,Open,67092.62010441352,30,0,0.0,0.024979088548570873,0.4387090966105461,0.0,1675.9124985437718,29434.142755241817
93395c4f449edfcc,3,6b7e1f5b521de19b,d4f34f97b6d22a81,Open,3545.505563932333,20,0,0.0,0.020595075469464062,0.4412795096635818,0.0,73.01995466659115,1564.5589567615611
933f2db437994017,2,6b7e1f5b521de19b,,Open,1947.7864758271053,50,0,0.00028759543783962727,0.1999381020665169,0.9258484542369843,0.5601745043336009,389.43673120770103,1803.3550978282285
93431ceb5f993ec0,1,6b7e1f5b521de19b,,Open,3391.863497755878,10,0,0.0,0.0002927204957813956,0.04886211808770894,0.0,0.9928679646859192,165.73363476473722
935acc59973dbc19,4,255414ab73601d72,28c9c64e5918b06e,Open,1.170863568534039,30,0,0.0,0.02388992067426443,0.42884024232625945,0.0,0.027971837772664366,0.5021134164611262
937785e2abba21b3,5,6b7e1f5b521de19b,d4f34f97b6d22a81,Open,38030.89230201891,60,0,0.0028538778424263,0.30678451210260393,0.94960278570652,108.53552086843271,11667.288739701547,36114.2412729018
9378b899eac66a7e,0,6b7e1f5b521de19b,,Open,43285.79662973323,10,2,0.0,0.000656598317436874,0.37966752201318715,0.0,28.42138123599755,16434.211144777582
937a9a29d4fabb2d,4,ac6153076817c20f,28c9c64e5918b06e,Open,714143.457023505,10,723,0.0,0.00013301091894390993,0.0012234797468408942,0.0,94.98887747647704,873.740056007199
937d96dc4bb8f895,3,6b7e1f5b521de19b,,Open,22962.31400177536,90,0,0.14785947427153587,0.9256948798894882,0.9998953759670257,3395.1956763604317,21256.096501858156,22959.911591878074
93825d42676e5d95,5,6b7e1f5b521de19b,,Open,1436239.262207987,80,586,0.01343227606266737,0.019987673964351416,0.44705106914043413,19291.962262019388,28707.08210781387,642072.2977115489
938935bc1c957d11,3,6b7e1f5b521de19b,6f9a9c5f2856c8b3,Open,14943.56659228769,50,0,0.00116905365139246,0.0476362481713295,0.7764031291007994,17.469831089540303,711.8554467550051,11602.231862178334
938ce9f5cc5f6c9a,6,6b7e1f5b521de19b,,Open,1.170863568534039,50,0,0.00028759543783962727,0.031851604115217924,0.3976020321249962,0.00033673502064301535,0.03729388285787754,0.4655377341902586
938db7d997b43ae0,2,6b7e1f5b521de19b,,Open,1.170863568534039,1,0,0.0,0.00012543476768769323,0.0003117303087492473,0.0,0.00014686699971305065,0.0003649936617223614
93905ccfc1ab0c8c,2,6b7e1f5b521de19b,6f9a9c5f2856c8b3,Open,1.170863568534039,10,97,0.0,0.0002615804856759496,0.005760872713290155,0.0,0.0003062750609174094,0.006745195982953282
939570a29ae141ed,2,6b7e1f5b521de19b,6f9a9c5f2856c8b3,Open,98.49392076768089,10,0,0.0,0.00047761703608557583,0.19161453545093524,0.0,0.04704237450950729,18.872866872640397
9395a3addeb559ea,3,6b7e1f5b521de19b,,Open,21273.147061594493,30,591,0.0,0.000613502282067202,0.002677032072097063,0.0,13.051124269039414,56.94889695832585
93b1374080041eee,2,6b7e1f5b521de19b,d4f34f97b6d22a81,Open,7014.703753429613,50,0,0.0010428334586322307,0.5306655466556549,0.9648604363203048,7.315167776469494,3722.4616019412,6768.210124191776
93b4121fcb690a09,1,6b7e1f5b521de19b,,Open,11485.134609700683,10,0,0.0,0.0002992395166074857,0.0652220100164413,0.0,3.4368061287787364,749.0835645540747
93be5fc16ee41e47,3,6b7e1f5b521de19b,,Open,2.4198904513070483,10,756,0.0,0.0001946365853655152,0.0019892045063897965,0.0,0.00047099921440101945,0.004813656990709619
93c781fa04289de9,5,6b7e1f5b521de19b,d4f34f97b6d22a81,Open,2824734.8575860197,30,666,0.0002192926127463579,0.0005911643034778536,0.0053801217116415485,619.4434872357494,1669.8824145944532,15197.417336929242
93c9e466e97710cc,2,6b7e1f5b521de19b,,Open,26280.95777724916,50,0,0.00028759543783962727,0.03323145844042301,0.4569243893027301,7.55828355879273,873.3545561491674,12008.410582660408
93dccbca72d5dead,5,6b7e1f5b521de19b,6f9a9c5f2856c8b3,Open,653803.1016379116,30,0,0.00017479545203968883,0.030968958605080844,0.6012335002422329,114.28180869574938,20247.60119049795,393088.32726699
93de87dcbbbe3be0,2,6b7e1f5b521de19b,6f9a9c5f2856c8b3,Open,274582.5663460315,30,32,0.0,0.0001930431928485632,0.008500101696699855,0.0,53.006295307990364,2333.979738082103
93e0f472e32c50a2,3,6b7e1f5b521de19b,,Open,1.170863568534039,10,0,0.0,0.00024120255911839195,0.001675708062248304,0.0,0.0002824152891089029,0.001962025521585309
93eb64021646623b,1,6b7e1f5b521de19b,,Open,5083.8994500666495,10,0,0.0,0.0004906136993668043,0.04075620956718919,0.0,2.4942307164060606,207.20047140543426
93f1fe1e35aa2dfa,2,6b7e1f5b521de19b,6f9a9c5f2856c8b3,Open,1.170863568534039,10,0,0.0,0.0005816959252115339,0.320349134504795,0.0,0.000681086566794886,0.3750851308030751
940689add19845a8,5,6b7e1f5b521de19b,d4f34f97b6d22a81,Open,158904.8427937011,1,293,0.0,8.700362013769336e-05,0.00014319339825306086,0.0,13.82529658046305,22.75412443849847
940bb6f7a09e8dec,2,6b7e1f5b521de19b,6f9a9c5f2856c8b3,Open,98.49392076768089,40,0,0.0,0.028380311466753485,0.4519392520189285,0.0,2.795288148968523,44.513268880157305
9410179c2b2cc307,5,6b7e1f5b521de19b,,Open,1.170863568534039,50,0,0.0011230711825191975,0.43961723446846007,0.9721538484096527,0.0013149631324821706,0.5147318039388065,1.1382595241130251
9415553396c995f0,5,6b7e1f5b521de19b,d4f34f97b6d22a81,Open,8809844.737654256,10,807,0.0,0.00016339069115929307,0.003472957818303253,0.0,1439.4466206913899,30596.219159674118
94307a3eecf85871,2,6b7e1f5b521de19b,,Open,38843.941510716206,10,0,0.0,0.0008838718931656331,0.5885493218898772,0.0,34.333068121091856,22861.575435662075
9434f754a9ed5054,3,6b7e1f5b521de19b,,Open,35845.270270304114,30,0,0.0,0.01938083441928029,0.4175091698765752,0.0,694.7112478231145,14965.729034556152
9446bb6d3a24c4dc,2,6b7e1f5b521de19b,,Open,218130.08395331344,50,300,0.0011230711825191975,0.00198970707715489,0.032009890396147954,244.97561132845954,434.01497178229806,6982.3200794481145
94486922e25bf783,3,6b7e1f5b521de19b,,Open,2.4198904513070483,10,0,0.0,0.00016230657856795006,0.027241023536771523,0.0,0.0003927641396608996,0.06592029274046396
94515ff1cf82c318,0,6b7e1f5b521de19b,6f9a9c5f2856c8b3,Open,1.170863568534039,10,0,0.0,0.00033589292725082486,0.07119345925748344,0.0,0.0003932847914462451,0.08335782776249977
9457fb2fa37d9edd,3,6b7e1f5b521de19b,,Open,11338.365398214035,10,321,0.0,0.00019910888440790586,0.003312805586028843,0.0,2.2575692854475977,37.5618002276396
945bcd57b00c521b,3,6b7e1f5b521de19b,d4f34f97b6d22a81,Open,1.170863568534039,10,0,0.0,0.00021210299237282016,0.030914534348994483,0.0,0.0002483436665463883,0.0361967020074318
94693a827eed1d2c,5,6b7e1f5b521de19b,6f9a9c5f2856c8b3,Open,1710672.2220531874,10,146,0.0,0.00017690190361463465,0.004929373366758227,0.0,302.62117254188587,8432.542090642099
9475c419defb35f6,5,6b7e1f5b521de19b,6f9a9c5f2856c8b3,Open,24988.92211359646,30,2,0.0,0.040352770872414116,0.7274285912513729,0.0,1008.3722483985603,18177.656409983756
94809b1b90b1bf02,2,6b7e1f5b521de19b,6f9a9c5f2856c8b3,Open,114438.38489212212,10,0,0.0,0.0649243487045169,0.6883513152599333,0.0,7429.8376059178545,78773.81275671475
9490451fe6c480bc,0,6b7e1f5b521de19b,6f9a9c5f2856c8b3,Open,1.170863568534039,33,0,0.0002038492588326335,0.020077391620725395,0.43680514991283403,0.00023867967063979622,0.023507886399897947,0.5114392365809867
94af0d4b363ade2a,5,6b7e1f5b521de19b,6f9a9c5f2856c8b3,Open,270.85141900529356,40,0,0.00028759543783962727,0.03178178947418928,0.49003939926624274,0.07789563243831174,8.60814277761167,132.72786665976346
94d474110a0d13f1,3,6b7e1f5b521de19b,,Open,4694.223952710472,10,0,0.0,0.00015536325736320578,0.001610604830784723,0.0,0.7293099240854821,7.560539775020843
94fe7a983493e9de,1,6b7e1f5b521de19b,,Open,19774.79549531557,80,0,0.0070125296711921695,0.17837200984358786,0.9498224943876267,138.6713401526577,3527.270016745366,18782.545583365838
950360845c22bece,5,6b7e1f5b521de19b,6f9a9c5f2856c8b3,Open,1.170863568534039,10,0,0.0,0.0008365531655726955,0.3747928023338317,0.0,0.0009794896247108929,0.4388312380014629
950361e737d79f4b,2,255414ab73601d72,28c9c64e5918b06e,Open,1955.8320496747117,10,0,0.0,0.00050024792435579,0.3051367849111555,0.0,0.978400923238305,596.7963034639369
950f9e81b99d062e,3,6b7e1f5b521de19b,,Open,25102.753943361105,10,0,0.0,0.0001714952253678348,0.03157988358289,0.0,4.305002444870016,792.7420471412767
9515cd8d45ce355e,3,6b7e1f5b521de19b,,Open,102317.87995163644,60,1,0.001086287386715412,0.31780684143304827,0.9374014526605606,111.1466224269244,32517.32224955539,95912.92929981285
951f353681e03f43,0,6b7e1f5b521de19b,6f9a9c5f2856c8b3,Open,152539.4413068914,80,304,0.25448375940322876,0.054783112928271295,0.6725056290626525,38818.81048104588,8356.585439130842,102583.63293295656
95204e40fe760932,3,6b7e1f5b521de19b,,Open,5186.502594949308,10,73,0.0,0.00010653250210452825,0.00041150036704493674,0.0,0.5525310986115783,2.1342477215011573
9520edce025ae469,0,6b7e1f5b521de19b,6f9a9c5f2856c8b3,Open,1.170863568534039,10,0,0.0,0.0003803798550507054,0.3126673474907875,0.0,0.0004453729144831294,0.36609080624713586
952aaad9e4e1457c,2,6b7e1f5b521de19b,,Open,35845.270270304114,10,0,0.0,0.00015795135986991228,0.02516299467533825,0.0,5.661809184099073,901.9743449477229
952ca9fa9b862330,2,6b7e1f5b521de19b,6f9a9c5f2856c8b3,Open,15203.485339945146,20,68,0.0,0.0005291778186801822,0.042467052303254586,0.0,8.0453472085283,645.6472071232148
954203c7a9385c65,2,6b7e1f5b521de19b,,Open,1.170863568534039,50,0,0.0010428334586322307,0.0895550198853016,0.8017966896295547,0.0012210157047608276,0.10485671016304104,0.9387945332584398
954edbd436cbe396,6,6b7e1f5b521de19b,,Open,2534.478370161914,10,0,0.0,0.0005215799945290201,0.042968720942735655,0.0,1.321933214442971,108.90329382288677
95570b01fabb4693,6,6b7e1f5b521de19b,,Open,33891.25144510754,90,0,0.013381688017398119,0.977867317199707,0.9999390006065368,453.52215335762224,33141.147127168006,33889.184099325685
955ea59e484bb8e5,5,6b7e1f5b521de19b,d4f34f97b6d22a81,Open,768400.4244677862,75,243,0.0067921608686447145,0.05161396320909262,0.5069303095340728,5219.099294520086,39660.19123833147,389525.4650215678
9564471c70acc56a,2,6b7e1f5b521de19b,6f9a9c5f2856c8b3,Open,23928.94916312084,5,154,0.0,8.268921410490294e-05,0.0001376265616272576,0.0,1.978666000654637,3.2932589966737646
956aec1a0bbf7be2,3,6b7e1f5b521de19b,d4f34f97b6d22a81,Open,54219.057561478534,10,0,0.0,0.00018232453148812056,0.0027845834498293684,0.0,9.885464267624014,150.977490351039
95779bdc7ab76a3f,4,255414ab73601d72,28c9c64e5918b06e,Open,14757.546481435009,10,717,0.0,9.538510057609529e-05,0.0007216389261884614,0.0,1.4076500553880795,10.649619996039066
9582a06afd99a1d4,0,6b7e1f5b521de19b,,Open,124141.7423338983,80,0,0.34747414365410806,0.6740771442651748,0.9944362282752991,43136.04560920025,83681.11115653733,123451.04601804586
95868419806ff12d,4,1bb1bb990c53f4fc,28c9c64e5918b06e,Open,36754.75787348106,50,0,0.001086287386715412,0.21383495777845382,0.9393551409244536,39.926229879741456,7859.452098033115,34525.77076188797
958f52e6943a021e,2,6b7e1f5b521de19b,6f9a9c5f2856c8b3,Open,29350.919671169457,20,0,0.0,0.036901076696813105,0.5639017939567564,0.0,1083.0805379078247,16551.03625685311
959a0be0d634409b,3,6b7e1f5b521de19b,d4f34f97b6d22a81,Open,4905.422458520495,10,0,0.0,0.0004487174257519655,0.27819306403398497,0.0,2.201148537813194,1364.65450411694
95bbd1be5ffe5980,3,6b7e1f5b521de19b,,Open,5655.969519442425,70,0,0.0010428334586322307,0.2681441530585289,0.9495094835758209,5.898234255878619,1516.6151565157438,5370.39669752636
95bd6d4c6c77c60e,0,6b7e1f5b521de19b,6f9a9c5f2856c8b3,Open,17046.65886897302,70,1,0.00248583871871233,0.097835261374712,0.8729039758443832,42.37524464117406,1667.7643260115278,14880.096301589465
95c2940c5443ccea,4,1bb1bb990c53f4fc,28c9c64e5918b06e,Open,1.170863568534039,50,0,0.0011230711825191975,0.03465698789805174,0.6907433807849883,0.0013149631324821706,0.040578604524953855,0.808766259767178
95d4cf038571e98b,0,6b7e1f5b521de19b,6f9a9c5f2856c8b3,Open,172397.81982676446,25,59,0.0,0.001907353405840695,0.038736662548035344,0.0,328.82356880608967,6678.116170646372
95e0a9b04fe47a20,3,6b7e1f5b521de19b,,Open,5186.502594949308,1,4,0.0,0.00010485053207958117,0.000203435038565658,0.0,0.5438075567125634,1.0551163554243979
95f1b668099a6afc,2,6b7e1f5b521de19b,6f9a9c5f2856c8b3,Open,1.170863568534039,50,0,0.0010428334586322307,0.053059760294854645,0.7562242239713667,0.0012210157047608276,0.06212574028439422,0.8854353934909988
95f65a721af4237a,6,6b7e1f5b521de19b,,Open,1.170863568534039,10,0,0.0,0.00016655538056511431,0.001143816579133272,0.0,0.00019501362724701468,0.0013392531615923798
95f7cc2c3b29ea49,4,fd10c5543bdbcbc9,d4f34f97b6d22a81,Open,72306.18065252133,40,205,0.00116905365139246,0.0012317244603764267,0.011598535859957335,84.5298045100729,89.06129134610725,838.6458291948219
96021bc2edfa9612,5,6b7e1f5b521de19b,6f9a9c5f2856c8b3,Open,3453.4510412174973,60,54,0.0028538778424263,0.10266974829137325,0.8764360576868057,9.855727406434651,354.56494913838134,3026.7290159790573
9607e195293dcb8c,3,6b7e1f5b521de19b,,Open,6590.9859511915865,10,0,0.0,0.00019762958108913154,0.002560414001345634,0.0,1.3025737924983445,16.87565271210331
9619ecf036586e59,2,6b7e1f5b521de19b,6f9a9c5f2856c8b3,Open,274018.99400616315,70,0,0.023161912709474562,0.3638586103916168,0.9726434111595154,6346.8040199087845,99704.17037999131,266522.76905265334
961a939172d8078c,2,6b7e1f5b521de19b,6f9a9c5f2856c8b3,Open,1.170863568534039,1,13,0.0,9.895466500893235e-05,0.00024889287742553274,0.0,0.00011586241219544893,0.0002914196026451644
961c44a220ce0690,0,6b7e1f5b521de19b,6f9a9c5f2856c8b3,Open,351.1076362015929,10,0,0.0,0.0005549049528781325,0.19418295174837102,0.0,0.1948313663215974,68.17911717901853
9633f59a70f0eada,2,6b7e1f5b521de19b,,Open,262389.5861676333,50,0,0.00028759543783962727,0.1808100514113903,0.8580487251281738,75.46204791843911,47442.67456478321,225143.04989804685
9635f022eea86a34,0,6b7e1f5b521de19b,6f9a9c5f2856c8b3,Open,356129.2690527839,48,559,0.0013800648739561439,0.001400020526489243,0.013375378446653484,491.48149480742387,498.5882867575078,4763.363749511065
9638c1646df67657,5,6b7e1f5b521de19b,6f9a9c5f2856c8b3,Open,1.170863568534039,10,0,0.0,0.0006684066698653624,0.19017312973737716,0.0,0.0007826130187105115,0.22266678932359218
964e24c6b3d2328d,3,6b7e1f5b521de19b,d4f34f97b6d22a81,Open,1.170863568534039,30,0,0.0,0.032868698611855506,0.5264539957046508,0.0,0.03848476174974695,0.616405804079751
9651212bb614dcf4,3,6b7e1f5b521de19b,,Open,18553.707272546184,50,0,0.00028759543783962727,0.06745457146316768,0.70115128159523,5.335961566596197,1251.5323731226604,13008.955632488496
965fdeb1a926c810,4,6828ce51082c111b,28c9c64e5918b06e,Open,1.170863568534039,10,0,0.0,0.0005294987320667132,0.299844391644001,0.0,0.0006199707749618808,0.351076874405213
96860062c468fcc9,5,6b7e1f5b521de19b,d4f34f97b6d22a81,Open,1.170863568534039,10,0,0.0,0.0006477652583271265,0.30884033441543574,0.0,0.000758444741937273,0.36160989606090305
9686ef4bfe68fe24,4,6d74405afdbc85ba,28c9c64e5918b06e,Open,1048582.1474511204,2,282,0.0,9.488418145338073e-05,0.00016715308302082122,0.0,99.49385874752774,175.27373874704813
968cb1babb86f380,2,6b7e1f5b521de19b,6f9a9c5f2856c8b3,Open,59625.31035468516,60,0,0.0030671000480651856,0.2720806747674942,0.9561869293451309,182.87679225475648,16222.894674524,57012.94241929684
9697bb37d24da19c,3,6b7e1f5b521de19b,6f9a9c5f2856c8b3,Open,47.32296795979548,30,0,0.0,0.025439009815454484,0.43452861756086336,0.0,1.2038494464256753,20.563183846446957
969d61dfc0451889,0,674ec33189ed753c,,Open,2357482.063301993,10,0,0.0,0.0001619255774130579,0.03583655692636965,0.0,381.73664434110236,84484.04016441727
96a2349915e2fc54,0,7727881f71a42a5a,,Open,8290.869253090716,100,0,0.9997202754020691,0.9999009013175965,0.9999488949775696,8288.550093022397,8290.047638871754,8290.445548031568
96ad92d68bf86054,4,6b7e1f5b521de19b,6f9a9c5f2856c8b3,Open,76057.68653515907,50,0,0.00116905365139246,0.03671896178275347,0.6157431572675702,88.91551616039084,2792.759285169149,46832.00004162601
96b8c06c31b4e1db,3,6b7e1f5b521de19b,,Open,2.4198904513070483,10,0,0.0,0.000698172629927285,0.30237132310867293,0.0,0.0016895012805249665,0.7317054775397559
96cf803d26a27b69,2,6b7e1f5b521de19b,6f9a9c5f2856c8b3,Open,1.170863568534039,70,0,0.015565882623195647,0.16820157244801523,0.959180599451065,0.018225524875576844,0.19694109334951979,1.1230696195418925
96dc5966c31d9666,3,6b7e1f5b521de19b,,Open,263999.29512211593,90,0,0.2112238422036171,0.9391599863767623,0.9998725295066834,55762.94545473995,247937.57441036127,263965.6430017315
96f046b1b71fee08,0,062b9e5a52eb6d8e,,Open,1376416.9179013763,90,0,0.14324479699134826,0.9554962098598481,0.9998971462249756,197164.5619802399,1315161.1482417388,1376275.3482253626
97184dec87fdfa19,2,6b7e1f5b521de19b,,Open,7369.351110629336,50,0,0.00028759543783962727,0.08820566236972809,0.7319356352090836,2.1193917592553873,650.0184959481519,5393.890686237249
9721536735492a6e,5,6b7e1f5b521de19b,6f9a9c5f2856c8b3,Open,4287.430012278925,50,1,0.0009541214443743229,0.0812782507389784,0.8091815322637558,4.090728915969389,348.4748115638277,3469.3091868094734
9728a3cfcd2ea7b7,3,6b7e1f5b521de19b,,Open,9648.963805727817,1,348,0.0,7.293389971891883e-05,0.00011548333932296371,0.0,0.7037365585984301,1.1142945612918607
972bd70d5bbb3b92,0,42a0974a7fcfe59f,,Open,54608.54408792734,33,0,0.00099477581679821,0.005356613290496171,0.5907253205776213,54.32325904922898,292.5168530360377,32258.64971261804
973758f6a372141f,5,6b7e1f5b521de19b,d4f34f97b6d22a81,Open,1231.2988998144133,90,0,0.3206485226750374,0.9687913805246353,0.9999219834804535,394.8141731968905,1192.87176098967,1231.2028381597283
97607a4b479fc55d,2,6b7e1f5b521de19b,6f9a9c5f2856c8b3,Open,331.9676552828154,40,0,0.0,0.01820397498086095,0.43497086763381954,0.0,6.043130891223443,144.39625904473093
97615961565dad93,3,6b7e1f5b521de19b,,Open,524417.177630072,10,111,0.0,0.00027788537991000337,0.005844550370238721,0.0,145.72786663706427,3064.9826096773827
97762657c573feec,0,6b7e1f5b521de19b,,Open,90092.34127709283,90,0,0.39055668488144873,0.9841124832630157,0.9999341249465943,35186.16614238948,88660.99769717891,90086.40643929975
97b38c4708c6dc9b,0,6b7e1f5b521de19b,6f9a9c5f2856c8b3,Open,361.29574083874047,40,0,0.00028759543783962727,0.037590276263654236,0.5077146887779234,0.10390700677611006,13.581206711009878,183.4351546167304
97b445a1cf095111,5,6b7e1f5b521de19b,6f9a9c5f2856c8b3,Open,57494014.21743915,97,181,0.9997202754020691,0.7800970852375031,0.9998896241188049,57477931.72742874,44850912.90962785,57487668.26495646
97b6d616bae76f73,0,6b7e1f5b521de19b,6f9a9c5f2856c8b3,Open,1.170863568534039,10,0,0.0,0.0005629523715469986,0.3341080710291861,0.0,0.000659140422664219,0.391194968321257
97c8870065b37353,3,6b7e1f5b521de19b,,Open,89664.46366676311,1,0,0.0,0.00011274681710347068,0.00023624262757948594,0.0,10.109382885717332,21.182568497141467
97cdfa689cccc95c,2,6b7e1f5b521de19b,6f9a9c5f2856c8b3,Open,11818.272062514307,50,0,0.0011230711825191975,0.1992330253124237,0.9132647395133973,13.272760780581537,2354.5900969800227,10793.211156670588
97ebe7e4dc18e36a,2,6b7e1f5b521de19b,,Open,108237.84289206557,60,0,0.004008787870407105,0.12199852131307126,0.8876539111137389,433.90255170474234,13204.85678294852,96077.74457365641
97ef7d94fc6d5e18,5,6b7e1f5b521de19b,6f9a9c5f2856c8b3,Open,30311.80831862416,60,371,0.0017193702748045324,0.012580558005720378,0.11461171954870217,52.11722219861513,381.3394628107287,3474.0884740281695
97f0d9def22bc05f,2,6b7e1f5b521de19b,6f9a9c5f2856c8b3,Open,1.170863568534039,10,0,0.0,0.0005816959252115339,0.320349134504795,0.0,0.000681086566794886,0.3750851308030751
9809fc0eca27201a,2,6b7e1f5b521de19b,6f9a9c5f2856c8b3,Open,1.170863568534039,70,0,0.015565882623195647,0.16820157244801523,0.959180599451065,0.018225524875576844,0.19694109334951979,1.1230696195418925
980d7fcf6ea795ff,4,bd661df59343798b,28c9c64e5918b06e,Open,1.170863568534039,10,0,0.0,0.00016037751629482955,0.00249382647452876,0.0,0.0001877801910415901,0.0029199305652714055
980fd26ad12428f9,3,6b7e1f5b521de19b,,Open,7764.127534258224,10,0,0.0,0.0001598394701431971,0.0009963884396711354,0.0,1.241014031200042,7.736086919267252
981f4fdea9e21f57,3,6b7e1f5b521de19b,,Open,21273.147061594493,10,311,0.0,9.328677479061298e-05,0.0005875774513697251,0.0,1.9845032790225556,12.499621533065048
984b795a8288c730,2,6b7e1f5b521de19b,6f9a9c5f2856c8b3,Open,98.49392076768089,10,0,0.0,0.000491170899476856,0.19819254577159873,0.0,0.048377347656464016,19.520760899972814
984def95553d2178,5,6b7e1f5b521de19b,6f9a9c5f2856c8b3,Open,471.87406353641353,40,0,0.0,0.0248360738158226,0.4551500260829925,0.0,11.719499073762531,214.77349232648626
985dec0adee4f740,2,6b7e1f5b521de19b,,Open,59682.4472890535,50,0,0.00028759543783962727,0.24882188737392427,0.9376418203115463,17.164399559435818,14850.299177557043,55960.75851675604
9868de0f27143346,2,6b7e1f5b521de19b,6f9a9c5f2856c8b3,Open,98.49392076768089,10,0,0.0,0.0005567062238696962,0.2959710091352461,0.0,0.05483217870469668,29.151345123297485
98697477a0ae5c4b,3,6b7e1f5b521de19b,,Open,1.170863568534039,70,399,0.0012513193301856517,0.00932058054022491,0.08013068325817582,0.0014651242163167956,0.010913128192136658,0.09382209774873851
9874b876753be2ee,0,8e05397b18bfb06f,,Open,2351791.856538048,10,0,0.0,0.0002608798175060656,0.0640282604843378,0.0,613.5350303458972,150581.1415953625
9883734bcbd72e24,3,6b7e1f5b521de19b,,Open,21454.15652779775,40,0,0.0,0.02035111077129841,0.42421451658010456,0.0,436.6159160019869,9101.164640073617
9885fc96a230ae05,5,6b7e1f5b521de19b,d4f34f97b6d22a81,Open,1.170863568534039,10,0,0.0,0.03204707596451044,0.5834233820438383,0.0,0.03752275372488812,0.6831091830660464
989b443c805011ad,3,6b7e1f5b521de19b,,Open,211.4574129138252,10,0,0.0,0.00020863629979430697,0.04549653586000203,0.0,0.04411769219441739,9.620579769497105
989c3e3a25aefeff,4,75c64824a2a4e380,28c9c64e5918b06e,Open,1.170863568534039,10,98,0.0,0.0012734361735056159,0.02594696236774325,0.0,0.001491020022411117,0.030380352950514278
98a33a04fbdef32c,2,6b7e1f5b521de19b,6f9a9c5f2856c8b3,Open,1.170863568534039,70,0,0.015565882623195647,0.19226855635643006,0.955894535779953,0.018225524875576844,0.22512024801237768,1.1192220873055043
98b848a97e55e0fe,2,6b7e1f5b521de19b,6f9a9c5f2856c8b3,Open,71994.41433464226,80,0,0.1449068382382393,0.46028776913881303,0.9817351847887039,10432.482952046783,33138.14836454787,70679.44966057454
98ce2356ead4c21b,5,6b7e1f5b521de19b,6f9a9c5f2856c8b3,Open,1.170863568534039,60,0,0.0010428334586322307,0.05525920819491148,0.8162774384021757,0.0012210157047608276,0.06470099370145946,0.9557495144413956
98d4c47e5602b8b6,3,6b7e1f5b521de19b,,Open,6825.920575393989,70,0,0.0010428334586322307,0.2299843266606331,0.9421163707971573,7.118298361987019,1569.8547473709477,6430.811519839828
98e503d5df629328,3,6b7e1f5b521de19b,,Open,5083.8994500666495,30,11,0.0,0.1388940379023552,0.748691588640213,0.0,706.1233229093199,3806.272755757505
98f8ad511384e68a,3,6b7e1f5b521de19b,d4f34f97b6d22a81,Open,14952.016548085194,70,103,0.004776927269995212,0.02255849996581674,0.486110001802444,71.42469558996784,337.2950647888712,7268.324791139867
990e7aa8253eda99,2,6b7e1f5b521de19b,,Open,1.170863568534039,1,32,0.0,0.00010078863488161005,0.00024391471670242023,0.0,0.00011800974070515626,0.0002855908556161649
992410f356c58f1c,3,6b7e1f5b521de19b,,Open,2.4198904513070483,10,0,0.0,0.0003685441886773333,0.07005673032253974,0.0,0.000891836563064982,0.16952961275730688
992c288899ccb0e0,3,6b7e1f5b521de19b,,Open,25102.753943361105,10,0,0.0,0.00016037751629482955,0.030974642280489174,0.0,4.025917329596492,777.5488236507492
99353d03f84a1699,0,fc3655a0b667e091,,Open,42352.05654187741,40,142,0.00028759543783962727,0.0015603662934154273,0.010587119497358797,12.180258244569885,66.08472148476986,448.38628356775257
9937d95bb77ee0b0,0,6b7e1f5b521de19b,6f9a9c5f2856c8b3,Open,212.02522749452675,40,0,0.0,0.028542243223637343,0.4539491683244705,0.0,6.051675612695822,96.24867568494707
9942abf30c39fd23,5,6b7e1f5b521de19b,d4f34f97b6d22a81,Open,1.170863568534039,10,0,0.0,0.0004057664613355882,0.07700618319213388,0.0,0.00047509716691081596,0.09016373445152781
995830726261df73,0,6b7e1f5b521de19b,,Open,719615.2322614389,80,149,0.2561266005039215,0.015432113688439131,0.486056464910507,184312.60310996222,11105.184076191055,349773.6358887484
995d1d77ccc47775,4,e9943875f43f341e,28c9c64e5918b06e,Open,146206.88732295338,10,3,0.0,0.0003525893029291183,0.06847874782979485,0.0,51.550984484636274,10012.064567967755
99603fed53bff694,1,6b7e1f5b521de19b,6f9a9c5f2856c8b3,Open,1098608.2846338698,30,230,0.0,0.0014175212068948894,0.008225563820451495,0.0,1557.3005415389273,9036.672558932638
996ac4ca29fc8328,3,6b7e1f5b521de19b,,Open,2.4198904513070483,10,0,0.0,0.00015352309783338568,0.0020676776999607677,0.0,0.0003715090785020878,0.005003553522515582
997a999fe24587b3,3,6b7e1f5b521de19b,,Open,25102.753943361105,10,0,0.0,0.00018595833316794596,0.0317180039361119,0.0,4.668066281232513,796.209248382776
99878cbee24de3f1,1,6b7e1f5b521de19b,,Open,5083.8994500666495,10,0,0.0,0.0003202699779649265,0.06698138117790217,0.0,1.6282203648487479,340.52660693504146
9989df6f936e7163,2,75c64824a2a4e380,28c9c64e5918b06e,Open,106.76407008298536,50,0,0.0010428334586322307,0.552361187338829,0.9639645010232926,0.11133714446229348,58.97232851616374,102.91677354476082
99904212151ea339,4,77c27bf8a409b6bb,28c9c64e5918b06e,Open,124065.76839346338,40,261,8.101324056042358e-06,0.0005278532160446047,0.002734232763759791,1.0050969940173446,65.48851484753472,339.2246888024415
99a21e40f0569c79,1,6b7e1f5b521de19b,,Open,2.4198904513070483,10,187,0.0,0.00015659381024306642,0.0035145749221555888,0.0,0.00037893986614098425,0.008504886294527522
99a958f7cc4a108e,2,6b7e1f5b521de19b,,Open,9648.963805727817,10,0,0.0,0.0001730871452309657,0.027984279487282007,0.0,1.6701115995703422,270.01929990215547
99ac55230c4faf84,0,6b7e1f5b521de19b,6f9a9c5f2856c8b3,Open,1.170863568534039,30,0,0.00028759543783962727,0.057211624830961226,0.6591611236333846,0.00033673502064301535,0.0669870072112099,0.7717877454562916
99bc1c2393327a4f,2,6b7e1f5b521de19b,6f9a9c5f2856c8b3,Open,2672.7484399905034,60,0,0.0030671000480651856,0.25677662491798403,0.949980628490448,8.197586868761023,686.2993236755684,2539.0592428190425
99bdccb367a6fb4a,3,6b7e1f5b521de19b,d4f34f97b6d22a81,Open,61559.15617829507,40,0,0.0,0.01880989787168801,0.38600867837667463,0.0,1157.921440781022,23762.368518366984
99cf8df50c7c01bf,2,6b7e1f5b521de19b,6f9a9c5f2856c8b3,Open,1016.8630603954169,10,20,0.0,0.013312148628756404,0.19736792147159568,0.0,13.53663219507589,200.6961486514891
99e1b422ba072096,4,75c64824a2a4e380,28c9c64e5918b06e,Open,808346.3851878843,50,503,0.0014029582729563118,0.0029900227906182407,0.06407098695635795,1134.0762485136718,2416.9741144256454,51791.55070159204
99e28014e7c74827,3,6b7e1f5b521de19b,,Open,3303.290441942712,30,0,0.0,0.018576329667121173,0.40730843842029557,0.0,61.36301223577821,1345.458071556374
99e4197e58ef47df,2,6b7e1f5b521de19b,6f9a9c5f2856c8b3,Open,1.170863568534039,40,0,0.00028759543783962727,0.036921802908182144,0.5645997613668441,0.00033673502064301535,0.0432303939097846,0.6610692913874499
99eeefed6d15e120,3,6b7e1f5b521de19b,d4f34f97b6d22a81,Open,1.170863568534039,1,0,0.0,0.00011807224291260354,0.0002537087653763592,0.0,0.00013824648768146887,0.00029705835039692914
99f54d24f3f4777f,5,6b7e1f5b521de19b,d4f34f97b6d22a81,Open,1.170863568534039,10,0,0.0,0.00036952829250367356,0.2837587550282477,0.0,0.00043266721523514137,0.33224278851515027
9a0cc2f7ea196d91,2,6b7e1f5b521de19b,6f9a9c5f2856c8b3,Open,98.49392076768089,40,0,0.00028759543783962727,0.03441089242696762,0.5645997613668441,0.028326402267722744,3.389263712246939,55.60964416151748
9a162e447666a24d,3,6b7e1f5b521de19b,,Open,24265.75829556772,30,287,0.0,0.005147400079295039,0.040618088096380234,0.0,124.90556617475954,985.6287081748392
9a1f40fa083bcf86,2,6b7e1f5b521de19b,6f9a9c5f2856c8b3,Open,5955.983621811037,10,351,0.0,0.00012098267507099081,0.0008945717505412176,0.0,0.7205708312457076,5.328054694758321
9a3ded2f896a79b7,0,6b7e1f5b521de19b,6f9a9c5f2856c8b3,Open,1.170863568534039,60,0,0.0028538778424263,0.05834400877356529,0.8050553828477859,0.0033415015947434812,0.06831287431519793,0.9426100184286955
9a40e8fe2408ce65,3,6b7e1f5b521de19b,,Open,359566.85696652654,20,0,0.0,0.0005343356329831295,0.26942337453365295,0.0,192.12938411696334,96875.7159743809
9a44bd2118a9f65d,2,6b7e1f5b521de19b,,Open,25102.753943361105,1,0,0.0,0.00013558872597059236,0.0006340531719615682,0.0,3.4036504255335958,15.916480762758875
9a650a4e784fae4b,0,6b7e1f5b521de19b,6f9a9c5f2856c8b3,Open,214774.7079734781,30,1483,0.0002192926127463579,0.0007889148488175124,0.006592238927260039,47.09850686334004,169.43895627072186,1415.8461904936694
9a71721a6c4d55ff,3,6b7e1f5b521de19b,6f9a9c5f2856c8b3,Open,6211.671805216514,60,3,0.0014159298269078135,0.14747004434466363,0.8773175120353697,8.795291383968365,916.0355165697761,5449.608453732806
9a7d26e7214c773a,3,6b7e1f5b521de19b,,Open,2.4198904513070483,10,0,0.0,0.00016037751629482955,0.0026891566929407415,0.0,0.00038809602028619855,0.00650746460331574
9a8661b03671fa55,2,6b7e1f5b521de19b,,Open,12586365.56126516,30,294,0.0002539545763283968,0.0073108416050672535,0.08305865116417406,3196.365133625418,92016.92500188298,1045406.5465778967
9ab25eca84670543,5,6b7e1f5b521de19b,6f9a9c5f2856c8b3,Open,1.170863568534039,50,0,0.0011230711825191975,0.16389562264084817,0.891777765750885,0.0013149631324821706,0.19189941359237173,1.0441500971463935
9ab71da22ead3805,1,6b7e1f5b521de19b,6f9a9c5f2856c8b3,Open,1.170863568534039,1,116,0.0,8.491484040860087e-05,0.00019391076202737167,0.0,9.942369306231282e-05,0.00022704304680452322
9ac68fa8688e9087,5,75c64824a2a4e380,d4f34f97b6d22a81,Open,14621079.278932134,10,1349,0.0,0.00011335533381497953,0.0010540128801949321,0.0,1657.3773223986323,15410.8058823457
9ad48d46b6c449d3,5,6b7e1f5b521de19b,6f9a9c5f2856c8b3,Open,472116.4731960415,10,278,0.0,0.00021284280228428543,0.012628960702568272,0.0,100.48659315961919,5962.340387027935
9ae9a80278166a88,4,6ab36d9b02cbcf6b,28c9c64e5918b06e,Open,259025.9827557655,30,0,0.00014189186040312052,0.0006161373894428834,0.2720970973372459,36.753678585962184,159.5955928130147,70480.2180427713
9b006d492f5b4e8f,0,6b7e1f5b521de19b,6f9a9c5f2856c8b3,Open,1.170863568534039,10,0,0.0,0.000214937418786576,0.030914534348994483,0.0,0.00025166239317194557,0.0361967020074318
9b04d7beff7b811f,0,062b9e5a52eb6d8e,,Open,571392.6068614022,50,532,0.0013649825588800013,0.0008597187930718065,0.015192516800016154,779.9409426387914,491.23696234103784,8680.891779146878
9b19ee010662f251,3,6b7e1f5b521de19b,,Open,35845.270270304114,20,0,0.0,0.014144886983558536,0.4318356052041052,0.0,507.0272968685624,15479.263980881497
9b31740d486775bf,5,255414ab73601d72,d4f34f97b6d22a81,Open,24874.72472909095,97,31,0.9997202754020691,0.8231007725000381,0.9999286234378815,24867.766656717464,20474.405140240564,24872.949256756143
9b320f125f0d0c2f,2,6b7e1f5b521de19b,6f9a9c5f2856c8b3,Open,98.49392076768089,10,27,0.0,0.00026211320073343813,0.010490578692406412,0.0,0.02581655682520249,1.0332582265369985
9b69efb8dd8560e4,3,6b7e1f5b521de19b,,Open,27503.081471426118,60,0,0.0009216022677719593,0.039281938783824445,0.7187077492475508,25.346902254783267,1080.3743627270972,19766.67778170068
9b6a71850fff5dc8,0,6b7e1f5b521de19b,6f9a9c5f2856c8b3,Open,11264.189824104717,10,0,0.0,0.00016652243575663306,0.029161896463483564,0.0,1.8757403263349977,328.4851373955669
9b7b691286719507,3,6b7e1f5b521de19b,,Open,35845.270270304114,10,134,0.0,9.727740871312562e-05,0.0010705797176342458,0.0,3.4869350065168243,38.3752193245054
9b7c20c4bfcfc29f,2,6b7e1f5b521de19b,,Open,186555.16774733728,20,28,0.0,0.0009862138103926554,0.01769928419962525,0.0,183.98328283254253,3301.8929328688846
9b942a065c4251cf,2,6b7e1f5b521de19b,6f9a9c5f2856c8b3,Open,1.170863568534039,10,0,0.0,0.025710560567677024,0.5579554080963132,0.0,0.030103558695280867,0.6532896602065152
9ba010d83cae499d,3,6b7e1f5b521de19b,,Open,5126.849721354915,80,0,0.008094680774956942,0.36188355386257176,0.9853758662939072,41.50021187554499,1855.3225972832524,5051.873985538777
9ba9ef81bea97f1d,3,6b7e1f5b521de19b,,Open,2.4198904513070483,10,12,0.0,0.00015368194654001853,0.0057394173694774505,0.0,0.0003718934749704711,0.013888761288464299
9bb25ac11834c5bf,3,6b7e1f5b521de19b,,Open,65064.44409714713,50,0,0.00116905365139246,0.04831144474446773,0.6563540428876873,76.06382594759043,3143.3572958288332,42705.31093140244
9bb4e7c1c83696fd,5,6b7e1f5b521de19b,6f9a9c5f2856c8b3,Open,498617.11328843475,60,66,0.001209442291292362,0.02808580091223121,0.47106741368770594,603.0486239731478,14004.060975250412,234882.27397721284
9bb859c3c6a45a12,2,6b7e1f5b521de19b,6f9a9c5f2856c8b3,Open,3568.563468001778,40,0,0.00028759543783962727,0.025619876105338335,0.4790129780769346,1.02630257303847,91.42615392424206,1709.3882142640853
9bbcc7dffcbc9bed,4,1bb1bb990c53f4fc,28c9c64e5918b06e,Open,1667989.4102080779,10,398,0.0,0.00046394125965889545,0.018287211190909144,0.0,773.8491080696338,30502.874608675105
9bc18853aa93e5a9,2,6b7e1f5b521de19b,,Open,4666113.343469918,30,0,0.0,0.02974415635690093,0.581434620916843,0.0,138789.604867191,2713039.8430154542
9bc9f3b7b3e876c9,1,6b7e1f5b521de19b,,Open,3391.863497755878,10,0,0.0,0.00017175444154418073,0.04287503194063899,0.0,0.5825676208511523,145.42625580457076
9bebc469a1ffae2d,5,6b7e1f5b521de19b,6f9a9c5f2856c8b3,Open,5814858.008638679,10,0,0.0,0.0008986723376438022,0.5465379297733304,0.0,5225.652039690107,3178040.457967254
9c07713941f8e649,2,6b7e1f5b521de19b,6f9a9c5f2856c8b3,Open,85310.6992452955,90,0,0.08675352074205875,0.95728098154068,0.9999325692653656,7401.003516496279,81666.30990945823,85304.94668217322
9c1041628a572440,3,6b7e1f5b521de19b,,Open,5904.2113289495155,70,0,0.0010428334586322307,0.282333068549633,0.9458928704261779,6.157109120664022,1666.9541018678235,5584.751401542815
9c350409e6850ef2,2,6b7e1f5b521de19b,6f9a9c5f2856c8b3,Open,1.170863568534039,10,0,0.0,0.00028950624546268954,0.07507633492350577,0.0,0.00033897231567533607,0.08790414542099266
9c4040f993381852,2,6b7e1f5b521de19b,6f9a9c5f2856c8b3,Open,17576.206078903357,90,95,0.01586644509807229,0.76955224275589,0.9999226033687592,278.87190878332456,13525.808807159785,17574.845739762855
9c478bd39dbe326b,2,6b7e1f5b521de19b,6f9a9c5f2856c8b3,Open,109221.63209341915,30,154,0.0,0.0014003842428792269,0.00736402943730354,0.0,152.95225256517625,804.3113139262756
9c649ebcae9ce2b6,1,6b7e1f5b521de19b,d4f34f97b6d22a81,Open,1.170863568534039,90,0,0.009978663781657815,0.9843769460916519,0.999925023317337,0.011683653884593238,1.152571103883511,1.1707757810678192
9c7f3a6222eb1f60,0,6b7e1f5b521de19b,6f9a9c5f2856c8b3,Open,94511.40129017057,65,0,0.0028538778424263,0.24484431073069574,0.9623926490545273,269.7239939986782,23140.578905084003,90957.07785350272
9c838c6242ad6afa,2,6b7e1f5b521de19b,6f9a9c5f2856c8b3,Open,3870.2498687490965,60,314,0.0011640285141766072,0.004672905500046909,0.035405362956225865,4.50508120421222,18.08531189823348,137.02760133434728
9c83f6f019c62a97,0,6b7e1f5b521de19b,,Open,23400.261791934005,10,0,0.0,0.00022641063114861029,0.06431781481951472,0.0,5.2980680413544885,1505.053704661777
9c8f66223fc6e686,5,6b7e1f5b521de19b,6f9a9c5f2856c8b3,Open,118988.94164521074,30,118,0.00028759543783962727,0.002319139207247645,0.029238461982458816,34.22067677052824,275.9519197983103,3479.053646626505
9c9c90e4562e4f95,3,6b7e1f5b521de19b,,Open,9648.963805727817,50,0,0.0011230711825191975,0.16131985783576966,0.9355968177318572,10.836473191383675,1556.5694694024985,9027.539831048816
9ca2b29f0304388c,2,6b7e1f5b521de19b,,Open,1.170863568534039,10,90,0.0,0.00035789515677606685,0.04333224333822725,0.0,0.00041904640042387495,0.050736145067582096
9ca2c127e5356515,6,6b7e1f5b521de19b,,Open,1.170863568534039,10,0,0.0,0.00016655538056511431,0.0011100574454758314,0.0,0.00019501362724701468,0.0012997258218876112
9caa38b65cf2c789,2,6b7e1f5b521de19b,6f9a9c5f2856c8b3,Open,98.49392076768089,10,21,0.0,0.00027954364923061804,0.012253367993980645,0.0,0.027533350038428873,1.2068822563363666
9cb1e7b28fe4940b,2,6b7e1f5b521de19b,6f9a9c5f2856c8b3,Open,1669.9082851707149,40,0,0.0,0.026508113369345665,0.4484018743038177,0.0,44.26611813971492,748.7900049860227
9cdb55c453c39d32,3,6b7e1f5b521de19b,d4f34f97b6d22a81,Open,1533.6131436779021,10,0,0.0,0.0002223244766355492,0.03376714177429675,0.0,0.3409597395295889,51.785732449496656
9cdc8691246aef8a,3,6b7e1f5b521de19b,,Open,72858.2909415927,30,0,0.0,0.02327597737312317,0.4414081260561943,0.0,1695.8479314009367,32160.241672185428
9ce2b54ae6e29c93,0,6b7e1f5b521de19b,6f9a9c5f2856c8b3,Open,182212.48852760898,30,530,0.001087354402989149,0.0026183319976553323,0.06135094985365867,198.1295516801054,477.09278908424375,11178.909246367695
9cf468c193335eee,6,6b7e1f5b521de19b,,Open,1653371.4044139816,20,131,0.0,0.0013608900131657719,0.013929256983101367,0.0,2250.056632320854,23030.23518059357
9d20bbd44884d09b,1,6b7e1f5b521de19b,,Open,419.4641545792266,100,0,0.9997202754020691,0.9998877346515656,0.999945092201233,419.3468201372405,419.417063289757,419.441122725837
9d24b3e1f03486c1,5,6b7e1f5b521de19b,,Open,5655.969519442425,10,0,0.0,0.0009755160135682673,0.5420692026615143,0.0,5.517488838470103,3065.9268876819833
9d379186929c8ca7,0,6b7e1f5b521de19b,6f9a9c5f2856c8b3,Open,1.170863568534039,10,0,0.0,0.0005229101428994909,0.35990161150693895,0.0,0.0006122564359379421,0.42139568517016585
9d44b993109d7fb7,3,6b7e1f5b521de19b,,Open,112479.56845692763,90,253,0.03342622946947813,0.23884979858994485,0.9997844576835633,3759.7678658691375,26865.72227142108,112455.32435019063
9d50d162aa1a3d64,5,6b7e1f5b521de19b,6f9a9c5f2856c8b3,Open,5058542.7868986325,30,0,0.00017479545203968883,0.03233732208609581,0.6012335002422329,884.2102730980538,163579.72738623782,3041365.3858921644
9d512ab1c791f9b5,3,6b7e1f5b521de19b,,Open,26661.03062598112,10,0,0.0,0.0004169643463683315,0.1944425113499164,0.0,11.116699208468285,5184.0377500928025
9d5c1574bc9ea153,3,6b7e1f5b521de19b,d4f34f97b6d22a81,Open,1688.315329953088,10,0,0.0,0.0004910445713903755,0.29878593236207945,0.0,0.8290380775686145,504.44486998122517
9d820a5c6a848a6d,5,6b7e1f5b521de19b,6f9a9c5f2856c8b3,Open,3713215.238264228,70,131,0.005200167465955019,0.04892783109098673,0.6858370333909987,19309.341076110053,181679.5679822702,2546660.5233533885
9da781ae8ea0e449,4,38080774be85927f,28c9c64e5918b06e,Open,1.170863568534039,30,0,0.0,0.0454945832490921,0.6217877358198165,0.0,0.05326795009200089,0.7280286072326906
9da860706642da76,2,6b7e1f5b521de19b,,Open,40017.45376793798,10,0,0.0,0.0004939547245157883,0.30462252199649803,0.0,19.7668103517651,12190.21769066753
9da9377684ef3aef,3,6b7e1f5b521de19b,,Open,36754.75787348106,70,0,0.001086287386715412,0.20392952710390091,0.9338934481143951,39.926229879741456,7495.380391957371,34325.02756507494
9db23843ba679c22,2,6b7e1f5b521de19b,,Open,1.170863568534039,1,0,0.0,0.00012444248350220732,0.0002749137100181542,0.0,0.00014570517031063272,0.000321886447550788
9db3e2e84c8e0df1,1,6b7e1f5b521de19b,,Open,3391.863497755878,10,5,0.0,0.00018055206528515554,0.028959756344556796,0.0,0.6124079596851554,98.2275404490064
9dc20c1088761f67,2,6b7e1f5b521de19b,6f9a9c5f2856c8b3,Open,1119646.8813839448,50,0,0.00116905365139246,0.020469641126692296,0.6031981319189067,1308.927274952081,22918.76985054957,675368.9072596251
9dc233777e95a86e,3,6b7e1f5b521de19b,,Open,1.170863568534039,10,0,0.0,0.00021210299237282016,0.029342079162597654,0.0,0.0002483436665463883,0.03435557151652736
9df9447cc17e7e8b,2,6b7e1f5b521de19b,6f9a9c5f2856c8b3,Open,932.076578471861,60,9,0.0028538778424263,0.3142993837594986,0.9471357583999633,2.6600326947453627,292.95109423036786,882.803057037789
9e13b1cd6d47e129,2,6b7e1f5b521de19b,6f9a9c5f2856c8b3,Open,9927631.645518724,30,158,0.0002539545763283968,0.007794568361714482,0.0924952786415815,2521.1674884820923,77381.60353091573,918259.0553032366
9e268869825b9a24,2,6b7e1f5b521de19b,6f9a9c5f2856c8b3,Open,1.170863568534039,50,0,0.0011230711825191975,0.16389562264084817,0.9240395367145537,0.0013149631324821706,0.19189941359237173,1.0819242294241425
9e4548875abb5c66,2,6b7e1f5b521de19b,6f9a9c5f2856c8b3,Open,119495.56942768414,10,0,0.0,0.06905367411673069,0.7244773864746094,0.0,8251.608109652467,86571.83783426383
9e455f4cf1121e6a,6,6b7e1f5b521de19b,,Open,10655.425849350459,90,0,0.012870385684072972,0.9789141148328782,0.9999385714530945,137.13944030918123,10430.746763484272,10654.771302023873
9e48026125bcde1c,2,6b7e1f5b521de19b,6f9a9c5f2856c8b3,Open,41174.690829014835,60,7,0.0011230711825191975,0.282659974694252,0.9391048014163971,46.24210871920405,11638.437067772984,38667.34985436352
9e56106a6e433215,4,fc3655a0b667e091,28c9c64e5918b06e,Open,1.170863568534039,10,0,0.0,0.0001823334794607945,0.030240092054009425,0.0,0.00021348762842469374,0.03540702209515531
9e5e7e15f577f724,5,6b7e1f5b521de19b,d4f34f97b6d22a81,Open,2104.3335712183843,60,424,0.003157979022944346,0.007009563408792019,0.10549969337880606,6.64544127518522,14.750459600705021,222.00654653026749
9e6bff2c8975f0e8,6,6b7e1f5b521de19b,,Open,493711.4037939279,90,0,0.008266484993509949,0.9734279543161393,0.9999295771121979,4081.257910587236,480592.48181767267,493676.6352111319
9e6ded07937a719f,0,6828ce51082c111b,,Open,1845240.0868962975,30,0,0.0,0.02806584667414427,0.5725761950016022,0.0,51788.22535581614,1056540.5478195078
9e78073ed8d4b052,2,6b7e1f5b521de19b,6f9a9c5f2856c8b3,Open,1.170863568534039,10,0,0.0,0.000927898523514159,0.5512561082839965,0.0,0.001086442576479254,0.6454456941215867
9eac3da92035d4a8,0,52838e14fa2f9ca3,,Open,25103.935739946908,50,0,0.0011230711825191975,0.07540754415094852,0.8529891729354858,28.193506797348117,1893.026142672621,21413.385384242898
9eb461cacf3f101b,6,6b7e1f5b521de19b,,Open,1.170863568534039,10,181,0.0,0.0007686978409765288,0.02834800360724328,0.0,0.0009000402972101897,0.03319164466439267
9ecf3791d9075c44,3,6b7e1f5b521de19b,,Open,3303.290441942712,10,0,0.0,0.0004854474536841735,0.03752105496823787,0.0,1.6035739338203576,123.94294224818725
9ed09227b6bb0fed,1,6b7e1f5b521de19b,,Open,15148.483549845856,10,0,0.0,0.00020231599628459663,0.04730724245309827,0.0,3.0647805415878873,716.6329840893286
9ed558c48749bce4,4,e366e0e543d0c5cd,d4f34f97b6d22a81,Open,1.170863568534039,10,0,0.0,0.0006246443401323632,0.21560820341110226,0.0,0.0007313733011519687,0.25244779045113613
9ed5c7b6bf103d60,3,6b7e1f5b521de19b,,Open,2.4198904513070483,10,0,0.0,0.00019561833469197154,0.029845824930816875,0.0,0.0004733749402216882,0.0722236267614656
9ed7f007ef1ccc36,2,6b7e1f5b521de19b,,Open,1.170863568534039,10,90,0.0,0.0001342097886663396,0.0017858862993307412,0.0,0.0001571413520900696,0.0020910292054304403
9ee1bd20a00cfcea,5,6b7e1f5b521de19b,6f9a9c5f2856c8b3,Open,653803.1016379116,30,0,0.00017479545203968883,0.023537046369165184,0.48704800307750673,114.28180869574938,15388.593919555544,318433.495058625
9ef586173c19f7e0,3,6b7e1f5b521de19b,d4f34f97b6d22a81,Open,236.94907797020014,10,0,0.0,0.000485436012968421,0.03850509487092495,0.0,0.11502361568639748,9.123746726820748
9f01303b1c3bd2c1,2,6b7e1f5b521de19b,6f9a9c5f2856c8b3,Open,98.49392076768089,10,20,0.0,0.0002594269360997714,0.010666863108053799,0.0,0.0255519760892131,1.0506211698043493
9f1d0de6b13948dc,2,6b7e1f5b521de19b,6f9a9c5f2856c8b3,Open,1.170863568534039,60,0,0.0030671000480651856,0.5658060878515243,0.9782205671072006,0.0035911557073285256,0.6624817351201197,1.1453628240165283
9f1ec350ab51a312,6,6b7e1f5b521de19b,,Open,1.170863568534039,10,0,0.0,0.00017383380109095014,0.0012154649826698002,0.0,0.0002035356646771862,0.001423143667036926
9f1f3316d5c92271,2,6b7e1f5b521de19b,6f9a9c5f2856c8b3,Open,271.137295562232,10,0,0.0,0.0005126034520799294,0.20072123184800142,0.0,0.13898591369281624,54.42301196518685
9f231589c071142a,2,6b7e1f5b521de19b,6f9a9c5f2856c8b3,Open,23367.50078632224,20,25,0.0,0.005964615941047668,0.10849950499832611,0.0,139.37816769254155,2535.3622683639596
9f345beb6a52fa04,3,6b7e1f5b521de19b,,Open,1.170863568534039,10,0,0.0,0.0007378027599770576,0.1921047292649745,0.0,0.0008638663724210006,0.22492842883945346
9f3da98b9ce84acd,3,6b7e1f5b521de19b,,Open,27964.446350806866,10,225,0.0,0.00015394337169709614,0.001868366712005808,0.0,4.304941158885765,52.24784068151984
9f3e8dad636505ce,0,75c64824a2a4e380,,Open,5083.8994500666495,10,0,0.0,0.00014490032044705005,0.00181405598996207,0.0,0.736658659435239,9.222478249758279
9f4bc7fc2c24e783,5,6b7e1f5b521de19b,6f9a9c5f2856c8b3,Open,2402.7773795617354,40,0,0.00028759543783962727,0.025508551858365536,0.5018595859408377,0.6910278125062096,61.29137139065818,1205.8568608148635
9f4dfed231c5a735,2,6b7e1f5b521de19b,6f9a9c5f2856c8b3,Open,6009.906030357736,20,296,0.0,0.0003868954590870999,0.00258463619975373,0.0,2.3252053526855865,15.533420683180845
9f62b39225a7aae7,0,062b9e5a52eb6d8e,d4f34f97b6d22a81,Open,1.170863568534039,30,0,0.0,0.0206701441667974,0.4384238228201866,0.0,0.02420191876124945,0.5133344817175789
9f74062e86055a08,4,47dc86e9ce418791,28c9c64e5918b06e,Open,1.170863568534039,10,0,0.0,0.00038728065555915236,0.2629176691174505,0.0,0.00045345281039219115,0.3078407202935098
9f805113dac6ea3a,3,6b7e1f5b521de19b,,Open,29324.531411075328,10,0,0.0,0.0004983960738172754,0.2075768448412417,0.0,14.615231321811311,6087.093706758902
9f907e36b6b9a24a,3,6b7e1f5b521de19b,d4f34f97b6d22a81,Open,4176.674738255045,10,0,0.0,0.00013096384936943652,0.000886909282417036,0.0,0.5469934012859644,3.7043315949951436
9f99594722307f9b,6,6b7e1f5b521de19b,,Open,16336.032355658184,10,0,0.0,0.00024942979944171385,0.003686552890576421,0.0,4.07469327414517,60.22364730130162
9f9d655ef2478498,0,6b7e1f5b521de19b,,Open,25102.753943361105,10,1430,0.0,0.00011791641809395514,0.0025770746986381703,0.0,2.960026829295049,64.69167205357546
9fa5c6890a899727,4,fc3655a0b667e091,28c9c64e5918b06e,Open,152746.78126822796,10,0,0.0,0.0002250331424875185,0.04179389700293536,0.0,34.373088193642964,6383.883243854215
9fa7d7d927998b07,0,a3bb89b2911fd833,,Open,8290.869253090716,100,0,0.9997202754020691,0.9998341590166092,0.9999315440654755,8288.550093022397,8289.494287180618,8290.301693887974
9faa7816491becc4,1,6b7e1f5b521de19b,6f9a9c5f2856c8b3,Open,609.207969734855,95,0,0.9058829069137573,0.9874478459358216,0.9999397277832032,551.8710865384388,601.5610974416178,609.1712514200289
9fb2d3dc6f5ee0d8,4,38080774be85927f,d4f34f97b6d22a81,Open,3709.514578773775,10,0,0.0,0.001128158674691804,0.46418611258268355,0.0,4.184921050939347,1721.9051518897895
9fd1a0aedbf4fb20,2,6b7e1f5b521de19b,6f9a9c5f2856c8b3,Open,98.49392076768089,10,24,0.0,0.0002564730486483313,0.007569122640416025,0.0,0.02526103613261431,0.7455125656259955
9fd1fe5c6fb4184b,0,6b7e1f5b521de19b,6f9a9c5f2856c8b3,Open,1.170863568534039,10,0,0.0,0.00037778424157295374,0.307291205227375,0.0,0.00044233380522403404,0.35979607713165
9fe1dd316b302420,0,6b7e1f5b521de19b,,Open,8290.869253090716,10,0,0.0,0.00022641063114861029,0.05602636151015757,0.0,1.877140940362876,464.5072380071105
a0110bac72cd21d7,2,6b7e1f5b521de19b,6f9a9c5f2856c8b3,Open,109622.05568823894,60,598,0.001267584040760994,0.006190849770791829,0.11644313335418696,138.9551683058246,678.6536783312631,12764.735649065717
a0167ab95fbacb9f,2,6b7e1f5b521de19b,,Open,11164.548352985037,50,0,0.00028759543783962727,0.12721875943243505,0.8245558261871336,3.210873171858421,1420.3399910901924,9205.79339120178
a01cdf3ce6c61cae,0,062b9e5a52eb6d8e,,Open,11264.189824104717,30,157,0.0,0.0005711245030397549,0.0033266025478951616,0.0,6.43325481543727,37.4714825688415
a036f07c0f20ac64,5,6b7e1f5b521de19b,6f9a9c5f2856c8b3,Open,1.170863568534039,30,0,0.00017479545203968883,0.030732337851077318,0.4983737871050833,0.00020466162673871051,0.03598337476570611,0.5835277108336813
a037fc76100c0aef,4,7545e34e09ae9cad,28c9c64e5918b06e,Open,1.170863568534039,10,0,0.0,0.00015884339591138997,0.0019925193395465613,0.0,0.00018598394537487522,0.0023329683042745734
a03ca576fee4e7f6,4,7b7c16a1b24ec3b8,28c9c64e5918b06e,Open,1.170863568534039,30,0,0.0,0.04111007545143366,0.5424980342388152,0.0,0.048134289645769206,0.6351911842915604
a03fcf5f4d80f0a5,2,6b7e1f5b521de19b,6f9a9c5f2856c8b3,Open,944.2361981531582,33,111,0.0002539545763283968,0.0022111397702246904,0.025249803438782664,0.23979310365592144,2.0878382102222095,23.84177840315068
a047cf3a787b459d,3,6b7e1f5b521de19b,,Open,12554.998407894873,10,78,0.0,0.00012144987922511064,0.0006438850745325906,0.0,1.5248030403102886,8.083976085623947
a05cb559f73c7f03,5,6b7e1f5b521de19b,6f9a9c5f2856c8b3,Open,1.170863568534039,40,0,0.00028759543783962727,0.028719153720885515,0.5042775630950928,0.00033673502064301535,0.03362621081091364,0.5904402270571693
a076b34f139abd28,6,6b7e1f5b521de19b,14bffcff0ab1f3dd,Open,152921.02867321164,10,133,0.0,0.000723745085997507,0.021454987116157984,0.0,110.6758430479208,3280.9186999733815
a07b05e1a93f7950,3,6b7e1f5b521de19b,d4f34f97b6d22a81,Open,29741.1889009228,10,33,0.0,0.000510652011143975,0.18867985457181924,0.0,15.187397926069094,5611.563196619119
a08b09cbaed24d8e,3,6b7e1f5b521de19b,,Open,9648.963805727817,10,0,0.0,0.00016037751629482955,0.030399128235876524,0.0,1.5474768499813336,293.3200880736511
a08fc5cbac15a4f1,2,6b7e1f5b521de19b,6f9a9c5f2856c8b3,Open,219497.89175025243,5,17,0.0,0.00010453144277562387,0.00041158621024806014,0.0,22.944431310861596,90.34230542292534
a09f7cd7d0563657,4,255414ab73601d72,28c9c64e5918b06e,Open,1.170863568534039,10,0,0.0,0.0005673974053934216,0.19945459216833109,0.0,0.0006643449508558964,0.23353411554671352
a0a60361104aa75e,5,6b7e1f5b521de19b,6f9a9c5f2856c8b3,Open,1.170863568534039,10,0,0.0,0.0007780426676617935,0.3177921697497368,0.0,0.0009109818143302309,0.37209127392535185
a0a8e76ef03b3e8d,2,6b7e1f5b521de19b,d4f34f97b6d22a81,Open,315.6120452626753,50,0,0.0010428334586322307,0.22033607885241507,0.9293053120374678,0.3291308007472678,69.54072049176881,293.29995020561387
a0b9386075d5de95,3,6b7e1f5b521de19b,,Open,147782.212188992,30,176,0.0,0.0011091888882219791,0.006077757757157081,0.0,163.91838763689267,898.18448650148
a0c1ce560207b331,6,6b7e1f5b521de19b,,Open,1.170863568534039,85,147,0.025312048941850664,0.036092577036470175,0.7129845291376112,0.029636955950963512,0.04225948354651118,0.834807610095625
a0c875db3dea3db4,6,6b7e1f5b521de19b,,Open,1.170863568534039,90,0,0.009509470220655203,0.9750537157058716,0.9999227285385132,0.011134292237424527,1.1416548730837512,1.1707730941948966
a0da07fe5e7353e5,6,6b7e1f5b521de19b,,Open,79615.28752208855,30,72,0.0,0.00044380867184372623,0.014393799519166335,0.0,35.33395501363451,1145.9664872537276
a0ebe14bce76d25d,6,6b7e1f5b521de19b,,Open,1.0608520127326513,10,0,0.0,0.0008460465061943979,0.32001287192106226,0.0,0.0008975301389617544,0.33948629927781504
a10427124491f894,2,6b7e1f5b521de19b,,Open,1720718.3664146494,60,0,0.0028538778424263,0.05830381326377392,0.832151049375534,4910.720018966747,100324.44231498583,1431897.5942917052
a115ee5b3486f21e,2,6b7e1f5b521de19b,6f9a9c5f2856c8b3,Open,1643.701955935433,50,0,0.00028759543783962727,0.07459433078765869,0.715323206782341,0.4727211836951026,122.61084741736927,1175.77815411414
a12094858ff6eaac,3,6b7e1f5b521de19b,d4f34f97b6d22a81,Open,78012.94245586441,10,0,0.0,0.00035473849711706865,0.07382540106773375,0.0,27.674193962473698,5759.3367652782235
a13a4001d0aba7da,0,674ec33189ed753c,,Open,2997767.3059456446,10,1216,0.0,0.00010464312581461854,0.0011136836314108221,0.0,313.69574135902013,3338.5643794101825
a1426ffb2098dc88,0,fc3655a0b667e091,,Open,524417.177630072,40,0,0.00028759543783962727,0.03856497593224049,0.5722052335739135,150.81998781114214,20224.135833757213,300074.25361598784
a142df478c527acd,1,6b7e1f5b521de19b,6f9a9c5f2856c8b3,Open,244335.03202396695,10,127,0.0,0.0002661115213413723,0.0066869571572169655,0.0,65.02036708889077,1633.8578911515024
a1593652cc57d2a2,2,6b7e1f5b521de19b,6f9a9c5f2856c8b3,Open,1.170863568534039,10,0,0.0,0.0006022915127687156,0.3408133074641227,0.0,0.000705201189938143,0.3990458853813313
a169b0ee06bdbe4c,2,6b7e1f5b521de19b,6f9a9c5f2856c8b3,Open,1.170863568534039,10,0,0.0,0.023225020896643404,0.5247509703040121,0.0,0.02719333084632152,0.6144117936818551
a17d508b56b0ba82,2,6b7e1f5b521de19b,6f9a9c5f2856c8b3,Open,1.170863568534039,10,0,0.0,0.02488672845065594,0.5435470148921011,0.0,0.02913896368287261,0.6364193975225899
a18200a6f6d5d35a,2,6b7e1f5b521de19b,6f9a9c5f2856c8b3,Open,1.170863568534039,10,0,0.0,0.0005943093303358183,0.1921047292649745,0.0,0.0006958551433300711,0.22492842883945346
a182dd47e18220f4,2,6b7e1f5b521de19b,6f9a9c5f2856c8b3,Open,437580.44026071264,10,804,0.0,0.0010857252054847777,0.013874109135940671,0.0,475.0921134181817,6071.038783930094
a185e2d7ff46fc84,3,6b7e1f5b521de19b,,Open,35845.270270304114,10,0,0.0,0.0004226500372169539,0.2075768448412417,0.0,15.150004813795805,7440.648105191291
a190542bbdc70c4c,2,6b7e1f5b521de19b,6f9a9c5f2856c8b3,Open,1.170863568534039,10,0,0.0,0.0006652344978647307,0.19783990234136573,0.0,0.000778898838081848,0.23164353405383725
a1aa13fb532b99aa,0,6b7e1f5b521de19b,6f9a9c5f2856c8b3,Open,1.170863568534039,55,0,0.0011230711825191975,0.41167399734258653,0.9572927743196487,0.0013149631324821706,0.48201408560121334,1.1208592338717542
a1ba525c8db2b29d,2,6b7e1f5b521de19b,6f9a9c5f2856c8b3,Open,117939.80744464394,50,0,0.00028759543783962727,0.027476157993078232,0.5387924075126648,33.918950560763705,3240.5327830222614,63545.072794679814
a1bbdc9bbe9b6ac1,2,6b7e1f5b521de19b,d4f34f97b6d22a81,Open,33526.81032653205,30,0,0.0002539545763283968,0.036897843517363076,0.5069015681743622,8.514286912116967,1237.0670010646922,16994.792730403497
a1c845508864460c,1,6b7e1f5b521de19b,,Open,11675.99327727772,10,174,0.0,0.0002741964839515276,0.017881172522902482,0.0,3.2015163032712244,208.78045016725247
a1c9951eb4527a64,2,6b7e1f5b521de19b,6f9a9c5f2856c8b3,Open,98.49392076768089,10,73,0.0,0.0002208144149335567,0.003969443414825944,0.0,0.021748877488827544,0.3909660451916592
a1ce2f064a357908,2,6b7e1f5b521de19b,6f9a9c5f2856c8b3,Open,1.170863568534039,10,0,0.0,0.0001823334794607945,0.028275952208787196,0.0,0.00021348762842469374,0.03310728230687852
a1ce37895156c68e,2,6b7e1f5b521de19b,d4f34f97b6d22a81,Open,64193.12130187281,1,0,0.0,0.00012662735025514849,0.0002735467889579013,0.0,8.12860485506348,17.559822205312358
a1dfeb6ab073cb81,1,6b7e1f5b521de19b,,Open,9505.078210184982,25,18,0.0,0.007495608273893595,0.14810139164328573,0.0,71.24634287626827,1407.7153106066673
a1fba0690ebb16af,3,6b7e1f5b521de19b,d4f34f97b6d22a81,Open,44098.037582066776,10,49,0.0,0.0002464048033289146,0.0029180696699768294,0.0,10.865968277600249,128.6811459737274
a203158ebfaad049,0,6b7e1f5b521de19b,6f9a9c5f2856c8b3,Open,1.170863568534039,10,0,0.0,0.0008029251592233778,0.5236960977315902,0.0,0.0009401158171940456,0.6131766818173605
a20c5733556c3db5,3,6b7e1f5b521de19b,,Open,9648.963805727817,30,0,0.0,0.0004581507484545,0.19456620216369622,0.0,4.42067998940458,1877.362242495426
a213ff1ebf1c9de2,1,6b7e1f5b521de19b,,Open,1242.9399433777146,95,317,0.9248870491981507,0.611595892906189,0.9998057931661606,1149.579056561131,760.1769644988614,1242.6985559466586
a217af8b01a76759,1,6b7e1f5b521de19b,,Open,229404.3185260289,25,1231,8.101324056042358e-06,0.0005865273909876123,0.003480446687899529,1.8584787242349214,134.5519164263629,798.4295006037657
a21b63faaf7d61e4,4,6b7e1f5b521de19b,28c9c64e5918b06e,Open,63724.52303052695,10,0,0.0,0.00017166263569379225,0.033323535695672014,0.0,10.939119581750022,2123.526417897438
a21bfae5e8cd8765,0,6b7e1f5b521de19b,6f9a9c5f2856c8b3,Open,51861.79084526922,50,259,0.00116905365139246,0.002303775609470904,0.036116711422801005,60.62921595541403,119.47792881281265,1873.0773338282515
a22689307c9048c9,3,6b7e1f5b521de19b,d4f34f97b6d22a81,Open,53896.31752760635,30,734,8.101324056042358e-06,0.0009102927695494145,0.006508533027954398,0.4366315337184947,49.061428150719436,350.7859627135434
a229b0c267a22b04,4,e9943875f43f341e,,Open,263999.29512211593,10,0,0.0,0.00033911610807990655,0.07051021866500373,0.0,89.52641349765061,18614.648026467246
a22a85c1d4655f84,1,6b7e1f5b521de19b,d4f34f97b6d22a81,Open,1.170863568534039,90,0,0.009978663781657815,0.9737326085567475,0.999925023317337,0.011683653884593238,1.140108036852712,1.1707757810678192
a2348555c96d8612,2,6b7e1f5b521de19b,6f9a9c5f2856c8b3,Open,1.170863568534039,70,0,0.015565882623195647,0.19226855635643006,0.9557360887527466,0.018225524875576844,0.22512024801237768,1.1190365674538059
a23b6ad99cd66595,3,6b7e1f5b521de19b,,Open,16059.366716469647,10,0,0.0,0.00025425928906770424,0.014345770375803113,0.0,4.083243164207125,230.3839872952888
a25bf8c77db9af5b,6,6b7e1f5b521de19b,,Open,12161.80535851691,90,0,0.007812605053186417,0.9534686028957366,0.9999251186847686,95.01538199981886,11595.899563875,12160.894666536076
a26a1915ff96fcb0,3,6b7e1f5b521de19b,,Open,8269.642544488683,1,0,0.0,0.00010465142768225632,0.00018342488911002872,0.0,0.8654298987026675,1.5168582667024124
a27316d48b4b6307,3,6b7e1f5b521de19b,,Open,21273.147061594493,1,87,0.0,8.738795622775797e-05,0.00014010840750415808,0.0,1.8590168442452775,2.9805467574017643
a275ba9cb2ab32f3,5,6b7e1f5b521de19b,6f9a9c5f2856c8b3,Open,695835.041914466,10,118,0.0,0.00013329035136848687,0.0031630009179934855,0.0,92.74809723128496,2200.926876347491
a27916ec027ee0dc,2,6b7e1f5b521de19b,6f9a9c5f2856c8b3,Open,1.170863568534039,40,0,0.0011230711825191975,0.054087395593523976,0.7433441191911697,0.0013149631324821706,0.06332896101734574,0.8703545480449649
a27b097172843949,5,6b7e1f5b521de19b,d4f34f97b6d22a81,Open,1.170863568534039,30,0,0.0002038492588326335,0.033935878053307535,0.5324409574270248,0.00023867967063979622,0.039734283278831634,0.6234157194466866
a2949300ed22e995,3,6b7e1f5b521de19b,d4f34f97b6d22a81,Open,9115.798415940886,10,0,0.0,0.023082099296152594,0.5692273736000059,0.0,210.41176420045807,5188.961990573124
a2962b84f88eb905,5,6b7e1f5b521de19b,6f9a9c5f2856c8b3,Open,1710672.2220531874,10,146,0.0,0.00017690190361463465,0.004929373366758227,0.0,302.62117254188587,8432.542090642099
a2a4e8497694c8d9,2,6b7e1f5b521de19b,6f9a9c5f2856c8b3,Open,15940.107517960609,10,0,0.0,0.0720827616751194,0.7163705974817275,0.0,1149.0069712929335,11419.024346564418
a2c0d7eb92b1bf6e,5,6b7e1f5b521de19b,,Open,1.170863568534039,30,0,0.0,0.02151127588003874,0.4913210794329641,0.0,0.025186769240622357,0.5752699523608763
a2e42e69e32b3ead,2,6b7e1f5b521de19b,,Open,11264.189824104717,10,0,0.0,0.00016592551764915697,0.027958236075937715,0.0,1.8690165274629416,314.926878306495
a2fa513d8bdb39d5,4,d94a77dffd98d647,28c9c64e5918b06e,Open,469465.10696114204,5,1801,0.0,8.086404959612991e-05,0.00013716109970118848,0.0,37.96284969295822,64.39235034212632
a30f219d861477c6,2,6b7e1f5b521de19b,6f9a9c5f2856c8b3,Open,1.170863568534039,10,0,0.0,0.000944673756021075,0.620125064253807,0.0,0.00110608408507529,0.7260818456696126
a323b5f5cf61b7f9,4,e9943875f43f341e,28c9c64e5918b06e,Open,1.170863568534039,10,0,0.0,0.00027023875154554846,0.0036880958825349806,0.0,0.0003164127089908044,0.0043182571061206034
a32be9e120bc5186,5,6b7e1f5b521de19b,6f9a9c5f2856c8b3,Open,1.170863568534039,10,0,0.0,0.00036952829250367356,0.2837587550282477,0.0,0.00043266721523514137,0.33224278851515027
a32e8f803155f4d5,3,6b7e1f5b521de19b,d4f34f97b6d22a81,Open,311819.88852307433,1,0,0.0,0.0001387314092426095,0.00029732065158896145,0.0,43.2592125646795,92.71049243407778
a33eb802335e9eb0,4,255414ab73601d72,28c9c64e5918b06e,Open,2233.113011341929,40,0,0.0,0.027295982651412486,0.45375597923994054,0.0,60.95501401623279,1013.2883812149095
a3406253e879b3e8,0,6b7e1f5b521de19b,6f9a9c5f2856c8b3,Open,25234.815848044836,60,0,0.0010428334586322307,0.28305887132883073,0.931654980778694,26.315710288764024,7142.938492138462,23510.141873864097
a341447ff3a630a4,3,a0d28553c7be77f0,,Open,9648.963805727817,10,0,0.0,0.00030934793758206073,0.04315533004701133,0.0,2.984887053105852,416.4042176478505
a350d939033d829a,0,6b7e1f5b521de19b,6f9a9c5f2856c8b3,Open,7173.892419126222,35,286,0.00028759543783962727,0.0007945845311041922,0.008763104863464832,2.0631787312929886,5.7002639440433285,62.86557154801849
a35375462f0f89a3,2,6b7e1f5b521de19b,6f9a9c5f2856c8b3,Open,98.49392076768089,40,0,0.0,0.023929321486502887,0.4146707937121389,0.0,2.356892694515979,40.84255230055476
a360f1a871df720b,2,6b7e1f5b521de19b,6f9a9c5f2856c8b3,Open,212.02522749452675,40,0,0.00028759543783962727,0.029489993397146464,0.4805231332778929,0.060977488134335,6.252622558842071,101.88302664962804
a361f699fe7f11fa,0,6b7e1f5b521de19b,6f9a9c5f2856c8b3,Open,1.170863568534039,10,0,0.0,0.00037155913305468856,0.307291205227375,0.0,0.00043504505244982644,0.35979607713165
a3625e21fcb2dfea,6,6b7e1f5b521de19b,,Open,4446970.613883784,1,89,0.0,8.152899681590497e-05,0.00018155919460696165,0.0,362.557053019754,807.3884030975656
a3794e530197d53e,3,6b7e1f5b521de19b,d4f34f97b6d22a81,Open,7462.80698704363,50,0,0.0011230711825191975,0.042921431176364426,0.7806109279394149,8.38126346785162,320.3143564768847,5825.548687188877
a3826ac1fb6b5336,3,6b7e1f5b521de19b,,Open,1.170863568534039,10,7,0.0,0.000214937418786576,0.024722989182919253,0.0,0.00025166239317194557,0.02894724733954128
a38cbb16a5241a17,5,6b7e1f5b521de19b,d4f34f97b6d22a81,Open,3337.7723917894755,95,35,0.9377546429634094,0.8590855866670608,0.9999320328235626,3130.0115575556647,2867.4321533615803,3337.5455328244147
a3a29bd102801e42,2,6b7e1f5b521de19b,6f9a9c5f2856c8b3,Open,98.49392076768089,10,0,0.0,0.0005508837872184813,0.2959710091352461,0.0,0.05425870409049708,29.151345123297485
a3af2952ac01accf,3,6b7e1f5b521de19b,d4f34f97b6d22a81,Open,1533.6131436779021,10,0,0.0,0.0001803189908969216,0.02951313126832245,0.0,0.2765395744942549,45.26172602419058
a3b96f533a6b1972,2,6b7e1f5b521de19b,6f9a9c5f2856c8b3,Open,1.170863568534039,10,0,0.0,0.0006026408023899421,0.32965056151151645,0.0,0.0007056101604305042,0.38597583282062387
a3c5fbb1e23c2870,3,6b7e1f5b521de19b,,Open,5083.8994500666495,10,0,0.0,0.0001985660994250793,0.030065331049263462,0.0,1.0094900836690401,152.84911998742228
a3d9d7b879622f28,1,6b7e1f5b521de19b,,Open,5083.8994500666495,10,194,0.0,0.000525650626514107,0.021814792416989793,0.0,2.6723549310622583,110.90421117205253
a3dfcbacee0ea91e,4,75c64824a2a4e380,28c9c64e5918b06e,Open,1.170863568534039,10,0,0.0,0.0022562960512004793,0.903974837064743,0.0,0.0026418148461778536,1.0584312035906014
a3faa6eec33ad45f,5,6b7e1f5b521de19b,,Open,1.170863568534039,0,435,0.0,8.454168782918714e-05,0.00016791492234915494,0.0,9.898678230157278e-05,0.00019660546519184761
a40658477dff1bd1,4,75c64824a2a4e380,28c9c64e5918b06e,Open,1.170863568534039,10,0,0.0,0.0006102450133766979,0.299844391644001,0.0,0.0007145136540423428,0.351076874405213
a410b79cf293ac23,5,6b7e1f5b521de19b,d4f34f97b6d22a81,Open,13480.192401032918,60,39,0.0028538778424263,0.051303450018167496,0.7177681803703306,38.47082240495123,691.5803770816736,9675.653170731357
a4119f9dc49e34e5,0,d80899b211b3d52f,,Open,8290.869253090716,10,0,0.0,0.00026345752703491596,0.06872373446822166,0.0,2.1842919103891005,569.7794970601497
a4219423c4c68f23,0,6b7e1f5b521de19b,6f9a9c5f2856c8b3,Open,64694.75147071362,40,651,0.001301340665668249,0.001090934860985726,0.007572864228859544,84.1899109441404,70.57775970220906,489.9245692075255
a4234651639fa8c4,2,6b7e1f5b521de19b,6f9a9c5f2856c8b3,Open,1.170863568534039,10,0,0.0,0.029532282613217834,0.5993272870779034,0.0,0.03457827380746799,0.7017304860678584
a4238547df789919,0,6b7e1f5b521de19b,,Open,19325.975207809148,10,0,0.0,0.00027080791041953487,0.07381079941987989,0.0,5.2336269628465315,1426.4656796571726
a42d31cb9246c04b,1,6b7e1f5b521de19b,,Open,36051.6631606101,50,0,0.00028759543783962727,0.07803271673619747,0.7410580128431319,10.368293851522422,2813.2092192806936,26716.373861491666
a438d9814ddeec12,3,6b7e1f5b521de19b,,Open,2.4198904513070483,10,0,0.0,0.00048257637536153197,0.1953245200216769,0.0,0.0011677819627637371,0.4726639409065883
a45cdcb8a84242be,2,6b7e1f5b521de19b,6f9a9c5f2856c8b3,Open,384.10169546712086,10,0,0.0,0.00046442128950729966,0.1877437792718409,0.0,0.1783850047107804,72.112703931719
a45fcbcf3614d99b,5,6b7e1f5b521de19b,6f9a9c5f2856c8b3,Open,1060.8669669680157,40,0,0.0,0.03941970597952604,0.4705203235149382,0.0,41.81906392127075,499.15946850410205
a4739d98957008c3,3,6b7e1f5b521de19b,,Open,1.170863568534039,10,0,0.0,0.00015000876155681908,0.0009788235591258842,0.0,0.00017563979386778895,0.0011460688454033217
a4813abe6c6793e1,0,6b7e1f5b521de19b,,Open,23760.053290504962,10,41,0.0,0.0006967693043407053,0.16275543868541717,0.0,16.555275802323226,3867.0778964850247
a482071eb6fa1a69,2,6b7e1f5b521de19b,6f9a9c5f2856c8b3,Open,535.9426565595013,40,0,0.0,0.026508113369345665,0.44498907178640357,0.0,14.206828699547549,238.48862527315177
a4a9a3742c6e5797,0,062b9e5a52eb6d8e,,Open,23948.222058416428,10,0,0.0,0.0007253788819070906,0.7231112241744995,0.0,17.371534540396834,17317.228169464255
a4a9db00f3921ca8,4,bb25152d8e0211c1,28c9c64e5918b06e,Open,1.170863568534039,70,0,0.0011230711825191975,0.149673979729414,0.9163749486207962,0.0013149631324821706,0.17524781002267306,1.072950042457342
a4ab7eee9372b351,0,062b9e5a52eb6d8e,,Open,81837.0244171231,80,0,0.11735369972884654,0.11249737963080407,0.9311460316181183,9603.877590149348,9206.45080370848,76202.22052543923
a4b6beec93319b9e,0,6b7e1f5b521de19b,6f9a9c5f2856c8b3,Open,1.170863568534039,10,0,0.0,0.0001687106559984386,0.029559524264186603,0.0,0.0001975371607320505,0.03461017006413404
a4d981ec35ab365c,3,6b7e1f5b521de19b,d4f34f97b6d22a81,Open,4988.8275123836165,10,9,0.0,0.0012591962236911058,0.5508877262473102,0.0,6.281912764239743,2748.283844937035
a4e715bc804612c7,0,6b7e1f5b521de19b,,Open,25504.58668475133,10,0,0.0,0.001444087503477931,0.6459760338068007,0.0,36.83085491281903,16475.351750497404
a4eacd2178b3a600,2,6b7e1f5b521de19b,,Open,11228808.024036212,50,0,0.001223800703883171,0.08436714261770249,0.9129886150360107,13741.823163584515,947342.4479906652,10251773.886370065
a4ee1f25e7bf31b2,2,6b7e1f5b521de19b,,Open,2351791.856538048,50,0,0.00116905365139246,0.05174445919692516,0.7330874174833297,2749.3708572008572,121692.1977602939,1724069.018567803
a4f312a77c2db0a2,2,6b7e1f5b521de19b,6f9a9c5f2856c8b3,Open,1.170863568534039,70,0,0.015565882623195647,0.04922516513615847,0.747411572933197,0.018225524875576844,0.05763595251299986,0.8751169814482022
a50fd67d65087d7f,0,6b7e1f5b521de19b,,Open,89664.46366676311,50,0,0.0028538778424263,0.09820701144635677,0.8176843106746673,255.8914261116133,8805.679009653246,73317.22516537095
a52f565b1c1b2f99,2,6b7e1f5b521de19b,6f9a9c5f2856c8b3,Open,2138.898667829176,40,0,0.0011230711825191975,0.2650566577911377,0.9367891013622284,2.4021354561676485,566.9293322487181,2003.696960940561
a536c1e143f975df,3,6b7e1f5b521de19b,,Open,3764.819039818671,90,0,0.015052973479032516,0.9776023864746094,0.9999400794506073,56.671721159747115,3680.4960779717803,3764.593449793441
a554b1f30235a62b,2,6b7e1f5b521de19b,,Open,25654.101903090123,50,0,0.00028759543783962727,0.07080858536064624,0.7282581329345703,7.378002669201619,1816.5306644556742,18682.80835405762
a56939306982959c,0,bd661df59343798b,,Open,1831.056631603866,100,0,0.9997202754020691,0.9998314648866653,0.9999404549598694,1830.5444400238018,1830.7480342669364,1830.9476012632556
a5793d1d8153600b,0,8e05397b18bfb06f,,Open,1.170863568534039,10,0,0.0,0.00017066490909201093,0.02402779888361692,0.0,0.00019982532448300927,0.0281332743448899
a58c30c0fcaa11a8,0,6b7e1f5b521de19b,6f9a9c5f2856c8b3,Open,1.170863568534039,10,0,0.0,0.0001687106559984386,0.029559524264186603,0.0,0.0001975371607320505,0.03461017006413404
a5969922e0ca09ff,4,75c64824a2a4e380,28c9c64e5918b06e,Open,57695.728050301645,70,289,0.0011754601611755789,0.00506706084124744,0.07339556571096167,67.81902979314994,292.34776431094497,4234.610599357689
a5a054b48df56a9c,0,062b9e5a52eb6d8e,,Open,28159.70576103429,10,0,0.0,0.005030232365243138,0.588126277923584,0.0,141.64986331487833,16561.462936660402
a5b6f935df4efc19,5,6b7e1f5b521de19b,d4f34f97b6d22a81,Open,1.170863568534039,10,0,0.0,0.0011276692734099925,0.49618295729160283,0.0,0.0013203468695910108,0.5809625480202187
a5c9ae27f64739ae,3,6b7e1f5b521de19b,,Open,89664.46366676311,50,0,0.00116905365139246,0.036546240001916884,0.6171083599328991,104.82256864977597,3276.899008808681,55332.69011765921
a5cfcad038bdc6b7,2,6b7e1f5b521de19b,d4f34f97b6d22a81,Open,3078.921566782251,40,0,0.0,0.027992052584886552,0.44498907178640357,0.0,86.18533440211006,1370.0864501055732
a5d3dbe884621649,5,6b7e1f5b521de19b,,Open,1.170863568534039,10,0,0.0,0.00026831803479581144,0.06930705569684503,0.0,0.0003141638117230642,0.08114910655779536
a5da3e150f7fef05,5,6b7e1f5b521de19b,d4f34f97b6d22a81,Open,15505.860272344002,90,0,0.3918578490614891,0.9742804169654846,0.9999275863170624,6076.093054168717,15107.056011547857,15504.737435894565
a5e8e072ce198136,3,6b7e1f5b521de19b,,Open,35845.270270304114,50,0,0.0,0.022108712512999774,0.4592349886894222,0.0,792.4927753569314,16461.402287152392
a5f21b6abd7b1eb1,2,6b7e1f5b521de19b,6f9a9c5f2856c8b3,Open,9548.177348327423,60,4,0.0028538778424263,0.07543575260788203,0.8693462431430816,27.249331769948338,720.2739443046105,8300.672106632315
a5f6a48578d95e8b,2,6b7e1f5b521de19b,6f9a9c5f2856c8b3,Open,1.170863568534039,10,0,0.0,0.00028904234350193294,0.061434811353683456,0.0,0.00033842914977011467,0.0719317824537893
a5fa9de4aa25e735,2,6b7e1f5b521de19b,6f9a9c5f2856c8b3,Open,1.170863568534039,10,0,0.0,0.000927898523514159,0.5512561082839965,0.0,0.001086442576479254,0.6454456941215867
a6039347de416bff,0,6b7e1f5b521de19b,6f9a9c5f2856c8b3,Open,287527.02659574087,40,7,0.00116905365139246,0.1274583123624325,0.896707209944725,336.1345203157678,36647.709568481376,257827.55780236953
a60570e4cd3782d5,2,6b7e1f5b521de19b,6f9a9c5f2856c8b3,Open,415.3892283045608,40,0,0.0,0.036083591356873515,0.4603182598948477,0.0,14.988735168188809,191.21124675221904
a6223eadfc5c3734,2,6b7e1f5b521de19b,6f9a9c5f2856c8b3,Open,143368.30316877936,60,0,0.003466563671827316,0.1419220432639122,0.9008157432079316,496.9953514564156,20347.122524993185,129148.42457144402
a638ddb97549ce2d,3,6b7e1f5b521de19b,,Open,35845.270270304114,30,0,0.0,0.019669463858008385,0.39243659973144523,0.0,705.0572480622892,14066.99598133281
a63a9b1187578ec0,0,6b7e1f5b521de19b,6f9a9c5f2856c8b3,Open,164517.18266340945,60,601,0.0012113013304769992,0.001966559700667858,0.027174623403698188,199.27988224651537,323.5328614932738,4470.692482315576
a64c60178321cc7d,2,6b7e1f5b521de19b,,Open,362105.8339591197,0,0,0.0,0.00015844305671635083,0.0012147904722951352,0.0,57.37315518730632,439.8827170560228
a68c6955c781e9f3,2,6b7e1f5b521de19b,6f9a9c5f2856c8b3,Open,1.170863568534039,10,0,0.0,0.000927898523514159,0.5512561082839965,0.0,0.001086442576479254,0.6454456941215867
a695327bc9875323,5,6b7e1f5b521de19b,d4f34f97b6d22a81,Open,1.170863568534039,10,0,0.0,0.0006332734075840563,0.31149098426103583,0.0,0.0007414767618615791,0.36471344539805656
a69c287c8e222b8d,6,6b7e1f5b521de19b,,Open,2085239.8243794779,75,0,0.0015122752636671066,0.13733112290501595,0.9303581565618514,3153.456605222626,286368.32660829194,1940019.8789990498
a69ce1e1cb949b33,0,6b7e1f5b521de19b,6f9a9c5f2856c8b3,Open,1.170863568534039,10,0,0.0,0.0003803798550507054,0.30186755061149595,0.0,0.0004453729144831294,0.35344571753360576
a69f5c4700fd0971,5,6b7e1f5b521de19b,6f9a9c5f2856c8b3,Open,2010905.885711957,30,1115,0.0,0.0005735829705372453,0.0038580544292926787,0.0,1153.4213713974946,7758.184359261733
a6ab0b9457fa6a8a,5,6b7e1f5b521de19b,6f9a9c5f2856c8b3,Open,267.88962019042316,40,0,0.0,0.09071334376931191,0.8743860810995101,0.0,24.301163208564255,234.2389551655403
a6b77002463dd043,0,6b7e1f5b521de19b,6f9a9c5f2856c8b3,Open,89149.40811474808,10,5,0.0,0.0005842405982548371,0.14930379912257186,0.0,52.08470353102505,13310.345321060524
a6ba89ead97f567a,5,cca8e68b78e095c5,,Open,65064.44409714713,10,0,0.0,0.0002965840991237201,0.08079528659582133,0.0,19.29707953753803,5256.900408026798
a6d1677227d90510,1,75c64824a2a4e380,,Open,49350.19023541798,5,149,0.0,8.523843353032134e-05,0.0002122983678418677,0.0,4.206532910090388,10.476964839664912
a6d90dd4045e96f3,0,6b7e1f5b521de19b,,Open,57435.394337375124,10,0,0.0,0.06344205476343631,0.7174887776374816,0.0,3643.8194329113126,41209.250876250015
a6eb51748275f76e,2,6b7e1f5b521de19b,6f9a9c5f2856c8b3,Open,1.170863568534039,50,0,0.0010428334586322307,0.20589085668325424,0.9519449263811112,0.0012210157047608276,0.24107010318468544,1.1145976335504608
a6f46e15dc7cc618,2,6b7e1f5b521de19b,6f9a9c5f2856c8b3,Open,4386.532748246311,60,75,0.0011230711825191975,0.015775320958346127,0.21752976998686788,4.92638852073217,69.19896199788167,954.2014597658834
a6fe419b342257d4,2,6b7e1f5b521de19b,,Open,26280.95777724916,50,0,0.00028759543783962727,0.03439341727644205,0.49475792646408046,7.55828355879273,903.8919472574854,13002.712175361843
a6fe93e8e745ea6d,3,6b7e1f5b521de19b,,Open,89664.46366676311,10,299,0.0,9.828128459048458e-05,0.0009638157032895832,0.0,8.81233867128631,86.42001810906457
a7145179206ef50b,3,6b7e1f5b521de19b,6f9a9c5f2856c8b3,Open,2779.5130037266204,60,0,0.0011230711825191975,0.1391376055777073,0.9044683337211609,3.121590955922742,386.73478401062295,2513.981495036915
a719f1426055ae77,2,6b7e1f5b521de19b,6f9a9c5f2856c8b3,Open,98.49392076768089,10,0,0.0,0.0011450053134467453,0.36799344718456245,0.0,0.11277606262119735,36.245117430022056
a71ce3b23c285232,3,6b7e1f5b521de19b,,Open,11675.99327727772,70,0,0.0010428334586322307,0.2681441530585289,0.9480007648468016,12.176116452310199,3130.8493284527112,11068.850557205391
a7251466d8314944,2,6b7e1f5b521de19b,,Open,65802.6605360047,50,0,0.00028759543783962727,0.21094800606369973,0.9254929810762406,18.924544967864634,13880.940033756693,60899.90046221488
a73f3a0961f176e8,1,6b7e1f5b521de19b,,Open,455.88909732439987,90,0,0.13685733824968338,0.9829395711421967,0.9999364018440247,62.39176839686822,448.11143381244875,455.86010361848076
a741e3ae68021600,2,6b7e1f5b521de19b,6f9a9c5f2856c8b3,Open,1.170863568534039,10,0,0.0,0.0005305582744767889,0.3063274025917053,0.0,0.0006212113545691552,0.3586675957382873
a7449f33d63aebf3,0,674ec33189ed753c,,Open,3163431.287434749,10,0,0.0,0.0001619255774130579,0.03583655692636965,0.0,512.2404378244048,113366.48541481422
a74e75f15b9089dd,3,6b7e1f5b521de19b,,Open,38810.176158293565,70,0,0.001086287386715412,0.2387535460293293,0.9444766402244567,42.15900483695751,9266.067179815522,36655.30478450442
a755d21666c54b2a,0,6b7e1f5b521de19b,6f9a9c5f2856c8b3,Open,1.170863568534039,10,0,0.0,0.00037778424157295374,0.3126673474907875,0.0,0.00044233380522403404,0.36609080624713586
a765f34f7009838b,6,6b7e1f5b521de19b,,Open,11068.385975830257,90,0,0.007812605053186417,0.9552148640155792,0.9999293625354767,86.47292820538914,10572.686804774643,11067.60413310856
a77b0b781666f23a,3,6b7e1f5b521de19b,,Open,5186.502594949308,1,0,0.0,0.00010992518291459419,0.0002262257163238246,0.0,0.5701272464368201,1.1733202647577823
a77e8e62c83ae6b7,2,6b7e1f5b521de19b,,Open,1.170863568534039,10,0,0.0,0.0003733802805072628,0.07191308028995988,0.0,0.0004371773676549742,0.08420040581257729
a78875a573fda0f3,6,6b7e1f5b521de19b,,Open,2.4198904513070483,10,294,0.0,0.00038026613474357874,0.01808097474277019,0.0,0.0009202023884214256,0.04375397813035349
a78b77a42b878f43,5,6b7e1f5b521de19b,d4f34f97b6d22a81,Open,77326.98999800553,10,0,0.0,0.0005064351164037362,0.39664825499057743,0.0,39.16110318079048,30671.61564638273
a790a4967a1d9c29,2,6b7e1f5b521de19b,6f9a9c5f2856c8b3,Open,30405.58043486053,60,0,0.0035463514388538895,0.33837057948112487,0.9761253029108048,107.82887392435532,10288.35387120371,29679.656412157074
a7a0c562e0c577db,0,6b7e1f5b521de19b,6f9a9c5f2856c8b3,Open,657.510382832064,10,0,0.0,0.000689853509538807,0.45480183362960813,0.0,0.4535858451549039,299.03692774252835
a7d861785ac59335,2,6b7e1f5b521de19b,6f9a9c5f2856c8b3,Open,1.170863568534039,10,0,0.0,0.0006234539032448083,0.20286996290087694,0.0,0.0007299794619696917,0.23753304871048886
a7e2a2204f428fcf,2,6b7e1f5b521de19b,6f9a9c5f2856c8b3,Open,8017227.2391579645,60,325,0.001301340665668249,0.0034966342966072264,0.04682675786316394,10433.143832219444,28033.311728133405,375420.75866201235
a7e80910139e4d23,3,6b7e1f5b521de19b,,Open,5904.2113289495155,70,0,0.0010428334586322307,0.23938044235110284,0.9373087257146834,6.157109120664022,1413.3527196583277,5534.068797087868
a7f22aecd017fcde,5,6b7e1f5b521de19b,6f9a9c5f2856c8b3,Open,691256.5125728599,10,0,0.0,0.0001616355286387261,0.03452162658795712,0.0,111.73161183467641,23863.299203533756
a7f42fa942b8a6ec,5,6b7e1f5b521de19b,d4f34f97b6d22a81,Open,2299.6300822016,60,0,0.0028538778424263,0.24466855749487876,0.9456765592098235,6.562863337372118,562.6471749840949,2174.706263591813
a7f69a25aad5c248,2,6b7e1f5b521de19b,,Open,25654.101903090123,50,0,0.00028759543783962727,0.13248492144048216,0.8134286075830459,7.378002669201619,3398.781675257019,20867.780389824165
a80255a4f83be52d,0,cca8e68b78e095c5,,Open,183127.89167286997,50,373,0.001301340665668249,0.0012097305676434188,0.0161424062680453,238.3117724519956,221.5354083447635,2956.124826394057
a8035cc3dfb04936,5,6b7e1f5b521de19b,,Open,1.170863568534039,60,0,0.0028538778424263,0.225298523157835,0.9479684293270111,0.0033415015947434812,0.2637938328100315,1.109941698019432
a805bd563887cd2c,2,6b7e1f5b521de19b,6f9a9c5f2856c8b3,Open,2891.0716510564557,40,0,0.0,0.02533265287056565,0.4484018743038177,0.0,73.2385145601463,1296.3619470803476
a809511c7fbbb418,1,6b7e1f5b521de19b,6f9a9c5f2856c8b3,Open,1169861.675513895,10,0,0.0,0.0005284073748043739,0.3094413161277771,0.0,618.1635368425435,362003.53655846615
a809ffd151701dab,2,6b7e1f5b521de19b,,Open,1127168.0189211743,50,0,0.00116905365139246,0.19404574260115623,0.9142822593450546,1317.7198882526043,218722.15526783338,1030549.7230007405
a82679058d2363ba,5,6b7e1f5b521de19b,d4f34f97b6d22a81,Open,81530.40153826769,10,0,0.0,0.0033057304332032803,0.8021440416574478,0.0,269.517529596335,65399.12580786064
a834f1f54a68abf7,2,6b7e1f5b521de19b,6f9a9c5f2856c8b3,Open,1.170863568534039,10,0,0.0,0.0005772191681899131,0.19845380634069434,0.0,0.0006758448950930912,0.23236233188122846
a838546ee52bd1a3,2,6b7e1f5b521de19b,6f9a9c5f2856c8b3,Open,1.170863568534039,10,0,0.0,0.0007423297531204299,0.47681855559349023,0.0,0.0008691668637675786,0.5582894755454401
a841b5338ca51c70,3,6b7e1f5b521de19b,d4f34f97b6d22a81,Open,35845.270270304114,25,0,0.0,0.022870027087628843,0.4241479456424711,0.0,819.782302045232,15203.697746148635
a849c4a4e829bd4d,4,ddbd249e57ed6b40,28c9c64e5918b06e,Open,1.170863568534039,10,0,0.0,0.0005748152121668682,0.3291882216930389,0.0,0.00067303019056535,0.38543449597088586
a852022ab66d9e25,3,6b7e1f5b521de19b,,Open,2472.949006922998,10,0,0.0,0.0006723674392560497,0.5158976405858989,0.0,1.6627303911956073,1275.7885579608164
a8721683ae188b95,4,062b9e5a52eb6d8e,d4f34f97b6d22a81,Open,1.170863568534039,10,0,0.0,0.0005647344805765897,0.299844391644001,0.0,0.0006612270292021227,0.351076874405213
a8738966fef28d84,0,6b7e1f5b521de19b,6f9a9c5f2856c8b3,Open,2115423.4833957977,10,0,0.0,0.000981957750627771,0.603143236041069,0.0,2077.256485380501,1275903.365372612
a875f3a57d088cee,3,6b7e1f5b521de19b,d4f34f97b6d22a81,Open,56997.7062892197,80,62,0.03237986005842686,0.19255691543221473,0.9661616772413254,1845.5777532962502,10975.30250976349,55068.99950730095
a88a641e5187c10c,3,6b7e1f5b521de19b,d4f34f97b6d22a81,Open,20237.134546046487,40,0,0.0,0.013670916948467494,0.2049737095832823,0.0,276.66018565396394,4148.080539239142
a8aaef3c2271fa14,3,6b7e1f5b521de19b,,Open,2.4198904513070483,70,0,0.0010428334586322307,0.1925809785723686,0.9139823526144026,0.0025235427288476386,0.46602487115064206,2.2117371677547446
a8acb38f6b11938d,0,cca8e68b78e095c5,,Open,1845240.0868962975,25,295,0.0,0.0006854308623587713,0.005599571880884468,0.0,1264.7845040203033,10332.55450406532
a8bf23780e369b93,2,6b7e1f5b521de19b,6f9a9c5f2856c8b3,Open,98.49392076768089,10,29,0.0,0.0003286477323854342,0.024880606215447177,0.0,0.03236980371404895,2.450588457236123
a8bf54fcb3eecc0e,3,6b7e1f5b521de19b,,Open,6021.868406276865,10,13,0.0,0.0004987967346096412,0.1190500315278768,0.0,3.003688297299864,716.903623623986
a8ce255588f35084,2,6b7e1f5b521de19b,6f9a9c5f2856c8b3,Open,21788.323545324107,30,0,0.00028759543783962727,0.024519714433699845,0.3369439482688903,6.2662224498089465,534.2434713204057,7341.44376152153
a8d1d406e290f2c0,0,6b7e1f5b521de19b,6f9a9c5f2856c8b3,Open,1.170863568534039,65,0,0.0029142587853129955,0.26680588275194167,0.9516126066446303,0.0034121994410032477,0.3123932879848128,1.1142085324779105
a8dac3648e7125b8,3,6b7e1f5b521de19b,d4f34f97b6d22a81,Open,1.170863568534039,10,13,0.0,0.0007083739154040814,0.23345603719353636,0.0,0.0008294092104464522,0.2733451688042393
a92c3a29bdb9e536,3,6b7e1f5b521de19b,,Open,25102.753943361105,10,65,0.0,0.00013850248942617326,0.001190467795822769,0.0,3.476793912608201,29.884020156034417
a92f5e18412a860c,2,6b7e1f5b521de19b,,Open,2072.565785667712,10,0,0.0,0.0010613320395350457,0.4034168764948844,0.0,2.1996804723732675,836.1080155842344
a933634b89ae1dae,0,6b7e1f5b521de19b,6f9a9c5f2856c8b3,Open,1.170863568534039,45,0,0.0011230711825191975,0.03744120821356774,0.6515445500612258,0.0013149631324821706,0.04383854665916389,0.7628697769435916
a936617fb6293792,3,6b7e1f5b521de19b,,Open,10065.192201816126,10,0,0.0,0.0001895627377962228,0.0317180039361119,0.0,1.9079853902214567,319.24780587492666
a9593f32697c66da,2,6b7e1f5b521de19b,6f9a9c5f2856c8b3,Open,1.170863568534039,70,0,0.015220201760530471,0.16302561312913894,0.9541234195232391,0.01782077974714277,0.19088075115083328,1.1171483518048797
a963d7655056c081,4,b4d1bda83fb7745f,28c9c64e5918b06e,Open,19051.20639446922,10,0,0.0,0.0003225764594390057,0.23720651343464833,0.0,6.145470706769626,4519.070245555921
a987c42c77af6070,5,6b7e1f5b521de19b,d4f34f97b6d22a81,Open,22069.11353911061,60,27,0.00116905365139246,0.014020545594394208,0.6348614722490308,25.799977765892034,309.42101260296283,14010.82991267078
a98b719fff7cf356,2,6b7e1f5b521de19b,6f9a9c5f2856c8b3,Open,455.427302732939,50,62,0.0011230711825191975,0.008198348572477698,0.08778652474284171,0.5114772794318103,3.7337517772279587,39.98038017993081
a98dedfe80ca94f2,2,255414ab73601d72,6f9a9c5f2856c8b3,Open,535.904639009396,40,0,0.0,0.024754572287201883,0.44498907178640357,0.0,13.266090125404922,238.4717078788188
a9940e7c036df990,3,6b7e1f5b521de19b,d4f34f97b6d22a81,Open,329.42039625484887,40,0,0.0,0.0214826513081789,0.406156902015209,0.0,7.076823506545041,133.79636760349197
a9b5fc69f0e935c9,2,6b7e1f5b521de19b,6f9a9c5f2856c8b3,Open,1.170863568534039,10,0,0.0,0.000927898523514159,0.5512561082839965,0.0,0.001086442576479254,0.6454456941215867
a9c051ee5770af18,4,bb25152d8e0211c1,28c9c64e5918b06e,Open,552567.6302369679,10,171,0.0,0.0001528693566797301,0.004347348073497414,0.0,84.47065815636827,2402.2038227877138
a9f4af9a85e9e985,5,6b7e1f5b521de19b,6f9a9c5f2856c8b3,Open,2595975.9854985704,30,866,0.0,0.0006460136995883658,0.0038580544292926787,0.0,1677.0360504344853,10015.416649190187
a9fb86c1d81c1482,2,6b7e1f5b521de19b,6f9a9c5f2856c8b3,Open,1.170863568534039,1,99,0.0,0.00023104622086975724,0.002769334870390594,0.0,0.0002705236026638677,0.003242513308811281
a9fee3ba8eb71ed7,3,6b7e1f5b521de19b,,Open,66143.00324202419,10,0,0.0,0.000338747663772665,0.23400234952568985,0.0,22.405787823143502,15477.618163318983
aa0e61e54ae0547a,4,6828ce51082c111b,28c9c64e5918b06e,Open,1.170863568534039,90,0,0.006406857166439295,0.9488725900650025,0.9998547554016113,0.007501555644984993,1.111000346887645,1.1706935069252593
aa8d04a8770dee92,3,6b7e1f5b521de19b,,Open,147782.212188992,10,0,0.0,0.0001437344719306566,0.0022097228502389018,0.0,21.241398229729008,326.5577311328696
aa911793d23809f3,0,062b9e5a52eb6d8e,,Open,177808.6874943321,75,0,0.0033506784588098527,0.10639282129704952,0.9143799573183059,595.7797389765113,18917.5679136474,162584.70008189138
aa97ad884e907604,1,6b7e1f5b521de19b,,Open,9505.078210184982,5,117,0.0,7.918117844383233e-05,0.00021439389747683886,0.0,0.7526232938832395,2.037830763303734
aaa1b7b1e394c050,3,6b7e1f5b521de19b,,Open,2.4198904513070483,10,945,0.0,0.00012834956505685112,0.0008967874455265701,0.0,0.0003105918869104868,0.0021701273762817865
aab1d87546736067,5,6b7e1f5b521de19b,d4f34f97b6d22a81,Open,1.170863568534039,10,0,0.0,0.0003701697030919604,0.06164114326238629,0.0,0.00043341821952543844,0.07217336896871554
aab8b9bb188b339d,4,6b7e1f5b521de19b,28c9c64e5918b06e,Open,1.170863568534039,10,0,0.0,0.0005806979810586199,0.30884033441543574,0.0,0.0006799181103428074,0.36160989606090305
aabcb56c7e3fcfed,3,6b7e1f5b521de19b,,Open,2.4198904513070483,10,128,0.0,0.00041772568511078134,0.013062916882336125,0.0,0.0010108503966652746,0.03161082782978283
aabd793783544dd7,5,6b7e1f5b521de19b,6f9a9c5f2856c8b3,Open,404867.15132071875,60,0,0.00116905365139246,0.18328444957733153,0.9221023350954055,473.3114215803499,74205.85298176014,373328.9456362596
aabe348af0149bb1,5,6b7e1f5b521de19b,6f9a9c5f2856c8b3,Open,1.170863568534039,10,0,0.0,0.0003967054042732343,0.07076329365372654,0.0,0.0004644879053040977,0.08285416252862436
aac37ec148748457,2,6b7e1f5b521de19b,6f9a9c5f2856c8b3,Open,1.170863568534039,80,0,0.25730703100562097,0.2937736749649048,0.983073940873146,0.30127142853213995,0.3439688934107673,1.1510454625435527
aae7e2a8fed964d2,3,6b7e1f5b521de19b,,Open,2.4198904513070483,70,140,0.0034786629024893046,0.04014959130436182,0.7339509129524229,0.008417983141049929,0.09715761262130566,1.7760808059816586
aafc0d688cbf2e16,0,6b7e1f5b521de19b,,Open,66690.28705850749,10,0,0.0,0.00031010274542495606,0.31677798628807063,0.0,20.68084111002159,21126.014839367377
ab000fe886c3fd5b,5,6b7e1f5b521de19b,6f9a9c5f2856c8b3,Open,75359.49003126849,60,448,0.005998284788802266,0.002988190541509539,0.06039865110069513,452.0276827464538,225.1885153244189,4551.611545524898
ab114aa900460b9e,3,6b7e1f5b521de19b,,Open,11264.189824104717,10,0,0.0,0.0001656991196796298,0.02966226441785691,0.0,1.8664663377583957,334.12137701552723
ab1b0f37aec58751,2,6b7e1f5b521de19b,,Open,368869.1381210446,10,0,0.0,0.00014955265942262486,0.01618253202177581,0.0,55.16536058493375,5969.2366394886485
ab1bafb9bd6eb159,2,6b7e1f5b521de19b,6f9a9c5f2856c8b3,Open,2228.3222187816295,70,0,0.015565882623195647,0.39761925488710403,0.9803663432598114,34.685802104213735,886.0238202803299,2184.5721052315357
ab1cea7388e0b2f8,2,6b7e1f5b521de19b,6f9a9c5f2856c8b3,Open,1.170863568534039,70,265,0.0365954726934433,0.02381889596581459,0.3397823482751846,0.042848305750035,0.027888677529074698,0.3978387728263583
ab249ffb04ab107f,0,6b7e1f5b521de19b,6f9a9c5f2856c8b3,Open,71757.44262670026,60,300,0.0013730619801208376,0.0019581651722546667,0.06103048697113987,98.52741626142445,140.51292500166687,4379.391667311147
ab4a7676982df98b,3,6b7e1f5b521de19b,d4f34f97b6d22a81,Open,3824.37765643509,60,13,0.0012751060654409229,0.22782555744051933,0.9334621846675872,4.8764871462571255,871.2909714403913,3569.9119221698065
ab5009eef33dd1d9,5,062b9e5a52eb6d8e,28c9c64e5918b06e,Open,26365.415373079573,10,0,0.0,0.0004898071681964211,0.3052495047450063,0.0,12.913969442210492,8048.029985028915
ab5cf950369d0031,2,6b7e1f5b521de19b,,Open,29324.531411075328,10,0,0.0,0.00016037751629482955,0.02516299467533825,0.0,4.7029955142179745,737.8930277536778
ab6e70a5f561556b,4,b6bf95545ecbafbf,28c9c64e5918b06e,Open,1.170863568534039,70,0,0.0030671000480651856,0.2334279015660286,0.9650479525327682,0.0035911557073285256,0.2733122258230126,1.1299394895089847
ab785069ac433f58,3,6b7e1f5b521de19b,,Open,2.4198904513070483,10,0,0.0,0.00015352309783338568,0.0021421298268251114,0.0,0.0003715090785020878,0.005183719513394108
ab8d4db78a5fa595,2,6b7e1f5b521de19b,,Open,39490.870516360235,10,0,0.0,0.00020957765373168512,0.04235840607434507,0.0,8.276403986640558,1672.770329561368
ab903e050c8cd721,0,6b7e1f5b521de19b,6f9a9c5f2856c8b3,Open,17912.185317024476,40,0,0.0011230711825191975,0.12324117422103882,0.8420886695384978,20.116659145493685,2207.518751334947,15083.648302140156
abb5a5b983a8c228,2,6b7e1f5b521de19b,6f9a9c5f2856c8b3,Open,1.170863568534039,70,0,0.015932779386639596,0.17395093590021132,0.9583593636751174,0.018655110929306416,0.2036728135579573,1.1221080644906587
abb66ccc23cac4fb,2,6b7e1f5b521de19b,,Open,1.170863568534039,1,363,0.0,9.0909607388312e-05,0.00020524253413896077,0.0,0.00010644274732070743,0.00024031100593691293
abbf581ae3a35d58,3,6b7e1f5b521de19b,,Open,48968.33625761659,10,125,0.0,0.00017801843860070223,0.003422464337199925,0.0,8.71726676145506,167.59238449370682
abd746e9d870b872,2,6b7e1f5b521de19b,,Open,706328.9931240142,10,0,0.0,0.0005147723510162905,0.33247839808464036,0.0,363.5986363814181,234839.1321546092
abda23e00a940fef,3,6b7e1f5b521de19b,,Open,25102.753943361105,10,0,0.0,0.00015621026541339232,0.0010775522823678317,0.0,3.921307856099519,27.049529805386847
abeca0814743aad1,3,6b7e1f5b521de19b,,Open,2.4198904513070483,10,0,0.0,0.00016230657856795006,0.02881347872316835,0.0,0.0003927641396608996,0.06972546203113389
abf4751796e17ce6,5,6b7e1f5b521de19b,6f9a9c5f2856c8b3,Open,98.49392076768089,10,20,0.0,0.0003035135494428687,0.023771586641669264,0.0,0.029894239490743504,2.341356771206634
ac2345385430932b,2,6b7e1f5b521de19b,6f9a9c5f2856c8b3,Open,2992.903552012065,10,249,0.0,0.00017232483514817432,0.004125254694372412,0.0,0.5157516112148645,12.346489427741638
ac2f0a7a0b3f7d28,3,6b7e1f5b521de19b,,Open,35845.270270304114,20,0,0.0,0.02000091439113021,0.4262043818831442,0.0,716.9381820032775,15277.41125898921
ac3dfb383ad1e3e5,0,6b7e1f5b521de19b,6f9a9c5f2856c8b3,Open,1.170863568534039,30,0,0.0,0.02657575672492385,0.5220224231481552,0.0,0.03111658535543682,0.611217037222035
ac491e6f9dec0a82,2,6b7e1f5b521de19b,6f9a9c5f2856c8b3,Open,6543.358816175064,40,0,0.0011230711825191975,0.09148787595331669,0.8457242250442505,7.348657723329145,598.6379996922653,5533.87706399612
ac74f96831339f90,0,6b7e1f5b521de19b,6f9a9c5f2856c8b3,Open,1.170863568534039,10,0,0.0,0.00037778424157295374,0.3126673474907875,0.0,0.00044233380522403404,0.36609080624713586
ac7982ba61c1bbf6,3,6b7e1f5b521de19b,,Open,19623.72126185764,20,0,0.0,0.03130190400406718,0.45856364667415617,0.0,614.25983914124,8998.725183154613
ac7c0c7b01fd5670,5,6b7e1f5b521de19b,6f9a9c5f2856c8b3,Open,98.49392076768089,10,0,0.0,0.0005057282221969217,0.2097783148288725,0.0,0.04981115544704372,20.661888719532584
ac81b703df3efc3f,2,6b7e1f5b521de19b,6f9a9c5f2856c8b3,Open,756.4405338587354,95,0,0.9212366104125976,0.9826267480850219,0.9999235212802887,696.8607133907173,743.2987019053071,756.3826822551682
ac8e2593b172e63d,2,6b7e1f5b521de19b,6f9a9c5f2856c8b3,Open,1.170863568534039,10,0,0.0,0.023225020896643404,0.5247509703040121,0.0,0.02719333084632152,0.6144117936818551
ac9608e549dda923,3,6b7e1f5b521de19b,,Open,21273.147061594493,30,895,0.0,0.00041974597988883036,0.0022035603411495685,0.0,8.929317958688172,46.8766631963721
acb9a70bac3383de,3,6b7e1f5b521de19b,d4f34f97b6d22a81,Open,9648.963805727817,10,0,0.0,0.00014478008306468838,0.0016130696050822733,0.0,1.396977781281445,15.56445023555852
acc2a6549ef16e57,3,6b7e1f5b521de19b,,Open,11485.134609700683,90,16,0.009127393615199254,0.8840412139892578,0.999919319152832,104.82934430628599,10153.332343189832,11484.207979310535
acd066c84ff3bcfc,0,6b7e1f5b521de19b,6f9a9c5f2856c8b3,Open,1.170863568534039,55,0,0.0011230711825191975,0.04676201604306698,0.7228090137243268,0.0013149631324821706,0.05475194097603138,0.8463107411778344
acd19428a6e48725,2,6b7e1f5b521de19b,,Open,425133.94597307645,50,300,0.001232695544604212,0.007593386969529092,0.08151880167424676,524.0607210610191,3228.2065656564437,34656.40982676915
acee511b598a89a2,5,6b7e1f5b521de19b,6f9a9c5f2856c8b3,Open,512.3129655610909,40,0,0.0,0.031044716481119394,0.4551500260829925,0.0,15.90461076544555,233.17925963778575
aceeec1aac84ee04,3,6b7e1f5b521de19b,,Open,9648.963805727817,10,0,0.0,0.00013096384936943652,0.0008839020418236026,0.0,1.2636654424244829,8.528738809364857
acf40494201160d5,3,6b7e1f5b521de19b,d4f34f97b6d22a81,Open,2.4198904513070483,10,0,0.0,0.0005197857157327235,0.1953245200216769,0.0,0.0012578244902274173,0.4726639409065883
acf6a5d79d51eb51,3,6b7e1f5b521de19b,,Open,2.4198904513070483,10,0,0.0,0.00017856900085462258,0.02926990268751977,0.0,0.00043211742006754134,0.0708299580242156
acf9f5e9192e9a85,1,6b7e1f5b521de19b,6f9a9c5f2856c8b3,Open,1967.2343651870071,10,556,0.0,0.0003952141953050159,0.004531425214372575,0.0,0.7774789466137568,8.914375404988629
acfa5f61e4c8e5cf,0,6b7e1f5b521de19b,6f9a9c5f2856c8b3,Open,7356.749947688528,30,0,0.00017479545203968883,0.03615342322736979,0.6286206185817715,1.2859264326491733,265.9716944367139,4624.6047028673775
ad0840470aa4311d,2,6b7e1f5b521de19b,6f9a9c5f2856c8b3,Open,1.170863568534039,50,0,0.0010428334586322307,0.17118762880563737,0.92585608959198,0.0012210157047608276,0.200437357952249,1.0840511650086366
ad0f41522fb0f7a9,2,6b7e1f5b521de19b,6f9a9c5f2856c8b3,Open,98.49392076768089,10,30,0.0,0.00026211320073343813,0.01102547780610621,0.0,0.02581655682520249,1.0859425374604492
ad274d55aed40a73,2,6b7e1f5b521de19b,6f9a9c5f2856c8b3,Open,98.49392076768089,10,0,0.0,0.00047771979297976945,0.1953245200216769,0.0,0.04705249543890233,19.238277799000347
ad277698701e4976,3,6b7e1f5b521de19b,d4f34f97b6d22a81,Open,98327.581364427,60,5,0.00116905365139246,0.2422056131064892,0.9116105914115905,114.95021802667257,23815.492129649243,89636.46459969658
ad27a5dcec3c8959,2,6b7e1f5b521de19b,6f9a9c5f2856c8b3,Open,98.49392076768089,10,76,0.0,0.00021978837976348585,0.0033035668660886582,0.0,0.021647819262081733,0.3253812531592722
ad33aa0ab473d424,5,6b7e1f5b521de19b,6f9a9c5f2856c8b3,Open,1.170863568534039,60,0,0.0029412887000944466,0.19346495270729064,0.9475038647651671,0.0034438477834814285,0.2265210649131274,1.109397756298737
ad3a94c39ee5f6a3,0,6b7e1f5b521de19b,6f9a9c5f2856c8b3,Open,1.170863568534039,10,0,0.0,0.0018465978850144894,0.6523394376039503,0.0,0.002162114189295474,0.7638004818084493
ad4baa27c10da4fa,6,6b7e1f5b521de19b,,Open,5424449.002805787,1,370,0.0,9.535059434711002e-05,0.0001961110530828591,0.0,517.2244364231201,1063.7944063345078
ad53237c52a09bf7,3,6b7e1f5b521de19b,d4f34f97b6d22a81,Open,146852.78021332907,1,0,0.0,0.00011383213968656492,0.00026311529800295827,0.0,16.71656619060409,38.63921302839301
ad5ea3d98c992f0c,3,6b7e1f5b521de19b,,Open,35845.270270304114,20,0,0.0,0.01476039537228644,0.3763266906142234,0.0,529.0903614161535,13489.531934995957
ad6a25348ce8dce2,5,6b7e1f5b521de19b,6f9a9c5f2856c8b3,Open,12451041.371737773,10,25,0.0,0.0018187928420957179,0.12100891508162015,0.0,22645.86492355431,1506687.0080303554
ad71195514d40882,2,6b7e1f5b521de19b,6f9a9c5f2856c8b3,Open,98.49392076768089,10,20,0.0,0.00026383054500911385,0.02002171305939554,0.0,0.025985704796221726,1.9720170197053462
ad82fd4b83fb5142,0,6b7e1f5b521de19b,6f9a9c5f2856c8b3,Open,1.170863568534039,10,0,0.0,0.00037155913305468856,0.307291205227375,0.0,0.00043504505244982644,0.35979607713165
ad893e9f29cd7b68,4,6ab36d9b02cbcf6b,28c9c64e5918b06e,Open,19655.98654235185,80,489,0.2644404724240303,0.019134785886853932,0.32344416230916967,5197.838367219905,376.113093882785,6357.614101551307
adbf7ddab6107c6d,0,6b7e1f5b521de19b,6f9a9c5f2856c8b3,Open,62415.76344741998,10,0,0.0,0.00033421296975575385,0.32055822461843486,0.0,20.86015766133486,20007.88631890915
adc2046fd8598a9f,2,6b7e1f5b521de19b,6f9a9c5f2856c8b3,Open,1.170863568534039,10,0,0.0,0.000927898523514159,0.5512561082839965,0.0,0.001086442576479254,0.6454456941215867
ade1f2d4083eb537,3,6b7e1f5b521de19b,,Open,29889.51427805743,50,193,0.00028759543783962727,0.0046151579357683655,0.04857635535299778,8.596087945611718,137.94482901663864,1451.9236668994185
ade2b67a306f6e35,3,6d74405afdbc85ba,,Open,21175.29965797991,90,0,0.009677603514865041,0.9411890387535096,0.9998961806297302,204.9261543983869,19929.95993041163,21173.101251704145
ae02797eb857fe7f,3,6b7e1f5b521de19b,,Open,35845.270270304114,10,0,0.0,0.00015795135986991228,0.027917766384780388,0.0,5.661809184099073,1000.7198814056641
ae07aace15c38244,0,6b7e1f5b521de19b,6f9a9c5f2856c8b3,Open,2674.015532288598,10,49,0.0,0.0002355377138883341,0.014503245940431949,0.0,0.6298315053771533,38.78190491331659
ae15a6ebf2c01a4d,4,75c64824a2a4e380,28c9c64e5918b06e,Open,250240.56686429234,70,0,0.002068501035682857,0.18011028543114663,0.9319260507822036,517.622871728654,45070.89992437963,233205.70322333992
ae1cf3fc66379a5f,5,6b7e1f5b521de19b,,Open,1.170863568534039,10,0,0.0,0.00017629725771257655,0.026974342949688423,0.0,0.0002064200362881125,0.03158327544493318
ae1dcd6c3875c5da,2,6b7e1f5b521de19b,6f9a9c5f2856c8b3,Open,3036.43737111411,30,360,0.0,0.000599629693897441,0.0033596929046325365,0.0,1.8207380113799043,10.201497091093149
ae2f0f5063f1c1a6,3,6b7e1f5b521de19b,,Open,1.170863568534039,10,0,0.0,0.00016230657856795006,0.02881347872316835,0.0,0.00019003885977862038,0.0337366525196885
ae408fef1514e943,3,6b7e1f5b521de19b,,Open,2347197.8629358048,5,0,0.0,0.00011746109048544895,0.0002723567624343559,0.0,275.704420565555,639.2752107420348
ae4dc70b8366f02e,3,6b7e1f5b521de19b,,Open,1.170863568534039,10,15,0.0,0.0002371745322307106,0.0174358726479113,0.0,0.00027769901917304126,0.020415028069038468
ae5194dce79c00b1,2,6b7e1f5b521de19b,6f9a9c5f2856c8b3,Open,1.170863568534039,10,0,0.0,0.00029515920323319733,0.07507633492350577,0.0,0.00034559115798328506,0.08790414542099266
ae66e26581bd3e07,5,6b7e1f5b521de19b,6f9a9c5f2856c8b3,Open,1.170863568534039,50,0,0.0011230711825191975,0.03620373206213117,0.7190451443195341,0.0013149631324821706,0.0423896309165171,0.8419037636150428
ae6ad6c6c1eefe6d,5,6b7e1f5b521de19b,6f9a9c5f2856c8b3,Open,8345.747103271866,60,0,0.0011230711825191975,0.15239736661314965,0.9125610947608948,9.3728680682777,1271.8698809579541,7616.00411315934
ae83eb24fb041989,2,6b7e1f5b521de19b,6f9a9c5f2856c8b3,Open,1.170863568534039,10,0,0.0,0.0006022915127687156,0.3408133074641227,0.0,0.000705201189938143,0.3990458853813313
ae84eddbdab6e2f2,3,6b7e1f5b521de19b,d4f34f97b6d22a81,Open,4517.797135638614,10,1,0.0,0.0008347345021320507,0.34927158504724504,0.0,3.7711611427509037,1577.9381664864022
ae86d296610c8e67,4,9cd083484517be1d,28c9c64e5918b06e,Open,24323.541534880354,10,4,0.0,0.00021628958638757466,0.02430733665823936,0.0,5.260928738060265,591.2405128090049
aea9816686f6f7f6,3,6b7e1f5b521de19b,d4f34f97b6d22a81,Open,75837.41233830822,60,20,0.00028759543783962727,0.07533723413944246,0.8910544395446777,21.8104938060601,5713.3808898605685,67575.26294762985
aeb24cf961aa9adf,0,6b7e1f5b521de19b,6f9a9c5f2856c8b3,Open,1452.583504351996,10,219,0.0,0.0008021893969271332,0.012676509097218508,0.0,1.1652470853424295,18.413688007387616
aebe7f63e5e92dd5,2,6b7e1f5b521de19b,6f9a9c5f2856c8b3,Open,1.170863568534039,50,0,0.0010428334586322307,0.11550410501658917,0.8414919286966323,0.0012210157047608276,0.135239548580054,0.9852722425263299
aecb42a188510c8c,4,38080774be85927f,28c9c64e5918b06e,Open,1.170863568534039,10,0,0.0,0.0006759143667295575,0.3200725972652435,0.0,0.0007914035074523949,0.3747613434239413
aeccc2c411213d9c,4,6828ce51082c111b,28c9c64e5918b06e,Open,1.170863568534039,10,0,0.0,0.0014269115170463921,0.7286946415901184,0.0,0.0016707187108312579,0.8532020084238385
aecfd405bae51907,3,6b7e1f5b521de19b,,Open,121130.27981900205,10,0,0.0,0.00016951676370808856,0.0022959943860769265,0.0,20.53361302197242,278.11444244835593
aee8f7af1398f095,2,6b7e1f5b521de19b,,Open,47342.09020576726,50,0,0.00028759543783962727,0.03544020298868418,0.5031160518527028,13.615369160970763,1677.8132868009889,23818.565510780132
aef17b865af6c8a6,4,4dcb7378104041b8,28c9c64e5918b06e,Open,183646.7025174401,10,360,0.0,0.0001966953364899382,0.005225208681076763,0.0,36.12244994693546,959.5923442452498
af08762d349388b4,5,6b7e1f5b521de19b,d4f34f97b6d22a81,Open,1.170863568534039,10,0,0.0,0.03355223573744297,0.6151661604642867,0.0,0.039285090467837784,0.720275645882598
af215956cce44307,5,6b7e1f5b521de19b,6f9a9c5f2856c8b3,Open,1.170863568534039,40,0,0.00028759543783962727,0.031859076116234064,0.5789714515209198,0.00033673502064301535,0.03730263155165139,0.6778965798071165
af231cddc2da8cba,5,6b7e1f5b521de19b,6f9a9c5f2856c8b3,Open,1.170863568534039,40,0,0.00028759543783962727,0.08912302516400814,0.8487401217222211,0.00033673502064301535,0.10435090328207952,0.9937588876776944
af455bc9aa426feb,1,6b7e1f5b521de19b,6f9a9c5f2856c8b3,Open,6866094.606235647,10,318,0.0,0.00013195347419241442,0.0016092137433588501,0.0,906.0050374265912,11049.013803556474
af4fbe7961c66b72,3,6b7e1f5b521de19b,,Open,35845.270270304114,50,0,0.00116905365139246,0.034701943211257455,0.5984246641397474,41.905044094648616,1243.9005333122686,21450.69382250521
af53fe8d10bb9eee,0,6b7e1f5b521de19b,6f9a9c5f2856c8b3,Open,77086.00158348514,60,40,0.00116905365139246,0.018725666869431733,0.15986666828393936,90.11767162241824,1443.4867859488297,12323.482244482242
af606d7547e81b17,1,6b7e1f5b521de19b,,Open,35845.270270304114,5,140,0.0,9.745324423420243e-05,0.00039604885241715224,0.0,3.493237878292942,14.196478155136608
af76b6402af3a948,4,77c27bf8a409b6bb,28c9c64e5918b06e,Open,106467.67942181467,10,72,0.0,9.005360225273762e-05,0.0003646783516160212,0.0,9.587798055424075,38.826457831930355
af7e4d5d6bd62ac5,2,6b7e1f5b521de19b,6f9a9c5f2856c8b3,Open,99926.8025726217,30,118,0.0002539545763283968,0.0017597268102690577,0.019242669735103832,25.3768688111815,175.84387355150545,1922.8584595898833
af8664b12d618da5,2,6b7e1f5b521de19b,,Open,677621.2944541872,70,0,0.02159004136919975,0.30421297401189806,0.9726442635059356,14629.871779916586,206141.18923970035,659084.4648803315
af9422abd6cb3905,2,6b7e1f5b521de19b,6f9a9c5f2856c8b3,Open,1.170863568534039,50,0,0.0010428334586322307,0.16066518500447274,0.9333753675222396,0.0012210157047608276,0.1881170118535185,1.0928552135988596
af95a22875ad6beb,5,6b7e1f5b521de19b,6f9a9c5f2856c8b3,Open,1.170863568534039,10,0,0.0,0.0001750071911374107,0.030240092054009425,0.0,0.00020490954433426733,0.03540702209515531
afa93a40c2dccc61,2,6b7e1f5b521de19b,,Open,3008748.934256463,50,0,0.00116905365139246,0.05174445919692516,0.7330874174833297,3517.38892771569,155686.08646242562,2205675.986069791
afac1d10e76e5569,3,6b7e1f5b521de19b,,Open,1.170863568534039,10,0,0.0,0.00016037751629482955,0.0009521044325083487,0.0,0.0001877801910415901,0.0011147843934638012
afc9c0d595b857f5,3,6b7e1f5b521de19b,,Open,76339.41680639292,80,21,0.007936867931857706,0.3178999930620193,0.9619283556938171,605.8958691873792,24268.300073110913,73433.0496831985
afdffe7e8bf58f76,2,6b7e1f5b521de19b,6f9a9c5f2856c8b3,Open,322773.0976777879,70,0,0.02211299166083336,0.2804430559277535,0.9664750725030898,7137.4788172902745,90519.4738840261,311952.1529801869
afe07fa595e8010e,2,6b7e1f5b521de19b,6f9a9c5f2856c8b3,Open,98.49392076768089,10,21,0.0,0.00032086341525427997,0.03261562325060367,0.0,0.031603095799302545,3.2124406122334888
aff4a213c17901d7,5,6b7e1f5b521de19b,6f9a9c5f2856c8b3,Open,695835.041914466,10,118,0.0,0.00013329035136848687,0.0031630009179934855,0.0,92.74809723128496,2200.926876347491
b0035efb16e96e54,3,6b7e1f5b521de19b,,Open,14005.202331550161,50,544,0.00028759543783962727,0.006365628889761866,0.0640303403139114,4.027832296574737,89.15192056867595,896.7578714543422
b01327cb2a135f28,2,6b7e1f5b521de19b,6f9a9c5f2856c8b3,Open,98.49392076768089,10,20,0.0,0.00031995958997868004,0.02811541967093944,0.0,0.03151407450421977,2.7691979174196057
b02362ba8958c5fe,0,6b7e1f5b521de19b,6f9a9c5f2856c8b3,Open,9134.575282606509,75,0,0.003829578310251236,0.24387012347579,0.9667875170707703,34.98157137562694,2227.6500020681488,8831.193356967176
b025c583760589d3,3,6b7e1f5b521de19b,,Open,25102.753943361105,10,0,0.0,0.00015795135986991228,0.030399128235876524,0.0,3.9650141218336894,763.1018361978894
b03ccbb0cb128f3b,5,6b7e1f5b521de19b,d4f34f97b6d22a81,Open,4288.944922523833,30,37,0.0,0.0005033933266531676,0.030099551938474165,0.0,2.1590262523814845,129.09532045676116
b0562744c1a126da,2,6b7e1f5b521de19b,6f9a9c5f2856c8b3,Open,203670.88722572604,60,0,0.0028538778424263,0.24920348748564722,0.9475782811641693,581.2518322008053,50755.495395946884,192994.10924053486
b05ea2721e4d504a,0,6b7e1f5b521de19b,6f9a9c5f2856c8b3,Open,137337.18186434289,40,0,0.00028759543783962727,0.003972552716732025,0.08104085661470889,39.49754694993621,545.5791949235155,11129.92286333641
b06073e55e475a36,3,6b7e1f5b521de19b,d4f34f97b6d22a81,Open,41658.881378801256,60,0,0.00116905365139246,0.4738629266619682,0.9705582946538925,48.701467388812965,19740.599451622533,40432.372868198145
b07da8619a6316c8,3,6b7e1f5b521de19b,,Open,5126.849721354915,90,0,0.008865434890321922,0.9817211955785752,0.9999297678470611,45.45175239713709,5033.137038000233,5126.489651661191
b0874e6d8f20da19,3,6b7e1f5b521de19b,d4f34f97b6d22a81,Open,4854.049577612525,10,93,0.0,0.00011576032957236749,0.0005589553475147112,0.0,0.5619063788650371,2.713196968508046
b09456d06e9281af,3,6b7e1f5b521de19b,,Open,35845.270270304114,10,8,0.0,0.00017302581763942726,0.019815652072429652,0.0,6.202157197025623,710.2974041185527
b0a74fcdde4dead5,5,6b7e1f5b521de19b,d4f34f97b6d22a81,Open,1.170863568534039,10,0,0.0,0.0006695614312775433,0.32750011682510366,0.0,0.0007839650867783831,0.3834579554811555
b0af1aa2cad911db,5,6b7e1f5b521de19b,6f9a9c5f2856c8b3,Open,1224809.514802823,70,0,0.0028538778424263,0.23788017481565477,0.9343836963176727,3495.456735488684,291357.90149717283,1144442.041726517
b0ceebc0eaddb894,3,6b7e1f5b521de19b,,Open,5126.849721354915,70,0,0.0010428334586322307,0.2387535460293293,0.9497058182954787,5.346450426808235,1224.053550932965,4868.999009897317
b0d7981d30f6736a,5,6b7e1f5b521de19b,6f9a9c5f2856c8b3,Open,381230.3616317718,70,84,0.00384638438699767,0.04179647918790579,0.6103539526462552,1466.3585108299226,15934.086875740148,232685.4580907132
b0d930a2298f6b27,3,6b7e1f5b521de19b,d4f34f97b6d22a81,Open,149749.78085444597,10,209,0.0,0.00016782935708761215,0.00453756214119494,0.0,25.132409444812478,679.4989362573729
b0dbbc2e26fef8a3,1,6b7e1f5b521de19b,6f9a9c5f2856c8b3,Open,51795.421351033205,10,96,0.0,0.00010460797820996959,0.0012065071496181186,0.0,5.4182143080650755,62.49154617750451
b0dfe7cf72f949ec,3,062b9e5a52eb6d8e,28c9c64e5918b06e,Open,18906.98660217459,60,13,0.001086287386715412,0.12659034207463266,0.8052954792976378,20.538421066739545,2393.441901569778,15225.710837872204
b1141d6c90ee9810,2,6b7e1f5b521de19b,6f9a9c5f2856c8b3,Open,299986.9560510547,10,0,0.0,0.00029387518879957496,0.1089444618672132,0.0,88.15872334691349,32681.91749416549
b14cde2029854e03,2,6b7e1f5b521de19b,6f9a9c5f2856c8b3,Open,1122070.9154585346,30,0,0.00028759543783962727,0.029389516916126016,0.6346476793289181,322.70247621840866,32977.12215096161,712119.7025382336
b157bad4b2af7568,2,6b7e1f5b521de19b,6f9a9c5f2856c8b3,Open,636.7111308302542,60,37,0.0028538778424263,0.07686196379363537,0.7868184089660644,1.8170957883026555,48.938867884879635,500.97603893084425
b16e5fe49e161258,2,6b7e1f5b521de19b,6f9a9c5f2856c8b3,Open,36800.65182889506,30,0,0.00028759543783962727,0.06824377998709678,0.6481722593307494,10.583699575514755,2511.4155867928653,23853.161640779188
b17c343e129f00c1,1,6b7e1f5b521de19b,,Open,11675.99327727772,10,0,0.0,0.00016591365711065008,0.03161082873120901,0.0,1.937206745032511,369.0878237547738
b17cc9e15794cb43,6,6b7e1f5b521de19b,,Open,88724.25999587397,90,0,0.019164848048239945,0.986321422457695,0.9999395191669465,1700.3869610134589,87510.63832563678,88718.89387871737
b183dc15bf1cbbd7,2,6b7e1f5b521de19b,6f9a9c5f2856c8b3,Open,98.49392076768089,10,0,0.0,0.000857983183232136,0.22373715639114372,0.0,0.08450612766926864,22.03674975437554
b1bb019e6e1fccd5,0,6b7e1f5b521de19b,6f9a9c5f2856c8b3,Open,155770.28103874103,20,10,0.0,0.008756505697965622,0.41916721463203427,0.0,1364.0033534894421,65293.79482545826
b1c48a08348ea6ee,1,6b7e1f5b521de19b,6f9a9c5f2856c8b3,Open,35476.132717269116,10,92,0.0,0.0013481518835760653,0.22268021702766416,0.0,47.82721514478084,7899.832932783704
b1c7292c3449d55c,5,6b7e1f5b521de19b,6f9a9c5f2856c8b3,Open,4386.532748246311,10,0,0.0,0.009298925451003016,0.6641876488924027,0.0,40.79004101432582,2913.4808728472467
b1c8a957de0b72a5,3,6b7e1f5b521de19b,,Open,2.4198904513070483,10,0,0.0,0.0003748271585209295,0.2629176691174505,0.0,0.0009070406617953506,0.6362319569772246
b1cbfd77cc11aeee,0,3a0b5f22d7e66ffc,,Open,19325.975207809148,10,0,0.0,0.0012808569648768754,0.6241523921489716,0.0,24.753809947960164,12062.353656565798
b1e9236a0fa9178e,0,6b7e1f5b521de19b,d4f34f97b6d22a81,Open,1.170863568534039,10,0,0.0,0.04559647496789694,0.6926023989915847,0.0,0.05338725139348479,0.8109429164585231
b1ebe1f031b0a588,2,6b7e1f5b521de19b,6f9a9c5f2856c8b3,Open,91223.7745198181,70,0,0.03063376750797033,0.3418375849723816,0.975440290570259,2794.527899839615,31183.714773919695,88983.34512452716
b1f8599ee3772dad,2,6b7e1f5b521de19b,6f9a9c5f2856c8b3,Open,1.170863568534039,10,0,0.0,0.00028904234350193294,0.07241819426417351,0.0,0.00033842914977011467,0.08479182536294147
b23341b63691772b,0,6b7e1f5b521de19b,6f9a9c5f2856c8b3,Open,1.170863568534039,10,0,0.0,0.0007891000219387934,0.5035800620913505,0.0,0.000923928467617544,0.5896235485428716
b24a5d412cc7574a,0,6b7e1f5b521de19b,6f9a9c5f2856c8b3,Open,164014.7619895941,10,2,0.0,0.0005382826726417989,0.3294597551226613,0.0,88.28630443646723,54036.263321593244
b24e746b7c5d0d0b,5,6b7e1f5b521de19b,d4f34f97b6d22a81,Open,1.170863568534039,10,0,0.0,0.000202265504776733,0.030240092054009425,0.0,0.0002368253107142243,0.03540702209515531
b25ea0cbd5df410e,3,6b7e1f5b521de19b,,Open,11264.189824104717,20,0,0.0,0.020343222375959157,0.40159818083047866,0.0,229.1499184767785,4523.6781418896435
b2626f56a70338d7,0,062b9e5a52eb6d8e,,Open,1073254.2132918406,90,0,0.14324479699134826,0.9528420031070709,0.9998971462249756,153738.0819030989,1022641.6944361009,1073143.8250444427
b263fd81fa53d3dd,3,6b7e1f5b521de19b,,Open,89664.46366676311,50,0,0.00116905365139246,0.044449497014284134,0.630218660831451,104.82256864977597,3985.5403100431754,56508.218216237736
b2966ea2e3186b0b,0,6b7e1f5b521de19b,6f9a9c5f2856c8b3,Open,68329.83053035871,50,1178,0.0014553276589140296,0.003296529105864465,0.02186426557600497,99.44229229973934,225.25127514211383,1493.9815614791753
b2c104457294ea84,4,ddbd249e57ed6b40,28c9c64e5918b06e,Open,20526.845930356747,70,0,0.0030671000480651856,0.2485164612531662,0.9687874943017959,62.95789013962384,5101.259111301215,19886.15163478933
b2d3f54c0351273c,0,6b7e1f5b521de19b,6f9a9c5f2856c8b3,Open,156338.04001093865,33,112,0.00017479545203968883,0.0010669487703125924,0.01060338509269058,27.32717837471098,166.80467954275187,1657.7124428724505
b337460a5529a542,2,6b7e1f5b521de19b,6f9a9c5f2856c8b3,Open,98.49392076768089,10,20,0.0,0.00027954364923061804,0.012253367993980645,0.0,0.027533350038428873,1.2068822563363666
b342d14feecdd0e7,0,6b7e1f5b521de19b,6f9a9c5f2856c8b3,Open,10687.04963623444,10,0,0.0,0.018786182533949616,0.5422281101346013,0.0,200.76886521568002,5794.818727170078
b34863628c193d90,3,6b7e1f5b521de19b,,Open,3391.863497755878,10,55,0.0,0.0003879368930938654,0.04751135520637031,0.0,1.3158289871179063,161.15203145340115
b34b9ef9c7c2e8e8,0,6b7e1f5b521de19b,6f9a9c5f2856c8b3,Open,1.170863568534039,50,0,0.0011230711825191975,0.1477704994380474,0.9046185582876205,0.0013149631324821706,0.1730190942960894,1.0591849133187607
b35b827b8aa9d6cf,2,6b7e1f5b521de19b,6f9a9c5f2856c8b3,Open,1.170863568534039,50,0,0.0010428334586322307,0.149488940089941,0.8925999492406844,0.0012210157047608276,0.1750311538500795,1.0451127618412497
b360ec54b3c4579c,2,6b7e1f5b521de19b,6f9a9c5f2856c8b3,Open,98.49392076768089,10,38,0.0,0.0003230870424886234,0.014529063692316397,0.0,0.03182210956393882,1.4310244481396004
b378728db46b9e84,2,6b7e1f5b521de19b,,Open,30405.58043486053,10,0,0.0,0.0007584700681036339,0.3038084164261818,0.0,23.061722663159184,9237.471242433874
b3853945fed518c3,6,6b7e1f5b521de19b,,Open,1.170863568534039,29,346,0.0003622988937422633,0.0010692997835576536,0.022469869581982455,0.000424202575603001,0.0012520041604089896,0.02630915168325443
b38ed11f26303cbd,5,6b7e1f5b521de19b,6f9a9c5f2856c8b3,Open,314834.94090665877,30,367,0.0,0.0017687290790490806,0.017135162185877552,0.0,556.8577150823063,5394.747774216773
b39205ddb8d71b8a,3,674ec33189ed753c,,Open,3103.5664795479956,10,0,0.0,0.00018921379305538724,0.0022592841531150036,0.0,0.5872375855948312,7.011838565381707
b398e4d93d59a6e2,2,6b7e1f5b521de19b,6f9a9c5f2856c8b3,Open,131506.73413106918,10,0,0.0,0.04586971178650856,0.6586534976959226,0.0,6032.175992577152,86617.37040599648
b3b4443c04d8baa3,2,6b7e1f5b521de19b,6f9a9c5f2856c8b3,Open,1.170863568534039,70,0,0.015565882623195647,0.18025861084461212,0.9566191673278809,0.018225524875576844,0.21105824035251117,1.1200705319855835
b3c0a168af35e330,6,6b7e1f5b521de19b,,Open,138229.9699494759,99,0,0.9997202754020691,0.9697492599487305,0.9999295771121979,138191.3036267098,134048.41106123952,138220.23539581127
b3c44ec87ce4febb,2,6b7e1f5b521de19b,6f9a9c5f2856c8b3,Open,833.4257918913213,70,0,0.015303026884794235,0.28531729727983474,0.9587261348962782,12.753937299793815,237.7907944257378,799.0270881828365
b3cea7b2b688010a,5,6b7e1f5b521de19b,6f9a9c5f2856c8b3,Open,1.170863568534039,30,0,0.00017479545203968883,0.030732337851077318,0.4983737871050833,0.00020466162673871051,0.03598337476570611,0.5835277108336813
b3d67343b6b6342a,0,6b7e1f5b521de19b,6f9a9c5f2856c8b3,Open,2674.015532288598,40,342,0.0012113013304769992,0.0035508320783264936,0.06089373975992196,3.23903857197734,9.494980129993648,162.83080593717108
b3f6a72ca225f4dc,3,6b7e1f5b521de19b,,Open,89664.46366676311,50,0,0.0,0.022384922206401824,0.46973948478698696,0.0,2007.1320438592352,42118.93896652682
b3faf32baa4d871a,5,6b7e1f5b521de19b,d4f34f97b6d22a81,Open,26123.58130464877,1,0,0.0,0.0001163220418675337,0.00024044994206633418,0.0,3.038748318249275,6.2814136112679675
b3ff5da3404c2540,2,6b7e1f5b521de19b,6f9a9c5f2856c8b3,Open,334.84946210706454,40,0,0.0,0.026508113369345665,0.44498907178640357,0.0,8.876227503198482,149.00435133119916
b40100908a67a352,3,6b7e1f5b521de19b,,Open,25374.47858608714,80,40,0.0056382976879831405,0.032289759069681165,0.6707793772220609,143.06886394571285,819.3358000635378,17020.676943310053
b403f44bdac599b9,3,6b7e1f5b521de19b,d4f34f97b6d22a81,Open,4517.797135638614,30,71,0.0,0.0018153506331145763,0.012469404051080336,0.0,8.201385890464778,56.33423790509128
b412fb0df69415c9,4,38080774be85927f,28c9c64e5918b06e,Open,8237918.3565597925,30,0,0.0,0.04144541509449482,0.6901763588190079,0.0,341423.9458021792,5685616.495578703
b4149d003c2d935f,5,6b7e1f5b521de19b,6f9a9c5f2856c8b3,Open,230.3854878118702,40,0,0.0,0.03193504251539707,0.4593926772475242,0.0,7.3573703482025685,105.83740604487191
b41505b2e831f4a9,3,6b7e1f5b521de19b,,Open,2350.780250772081,10,8,0.0,0.0005209294176893309,0.2638668715953826,0.0,1.2245905871502796,620.293030579438
b4228aaa629f7429,5,6b7e1f5b521de19b,6f9a9c5f2856c8b3,Open,75565.3538218023,40,167,0.0002038492588326335,0.002070454240310937,0.031788384914398185,15.403941370000108,156.45460724094687,2402.1005534801416
b429933f2527c19f,2,6b7e1f5b521de19b,6f9a9c5f2856c8b3,Open,3009.275501817926,80,0,0.16749474853277208,0.7094368040561676,0.995254448056221,504.037843442825,2134.8907945342294,2994.9948286109075
b44368a17e2e1a7e,0,674ec33189ed753c,,Open,8218.295302307157,10,0,0.0,0.00021628958638757466,0.029657448362559062,0.0,1.7775316917469628,243.7336685564362
b44429f13b1ba6f4,2,6b7e1f5b521de19b,,Open,1.170863568534039,10,0,0.0,0.00016252354544121772,0.02402779888361692,0.0,0.0001902928983861082,0.0281332743448899
b46c2261cfe1df73,0,6b7e1f5b521de19b,,Open,1.170863568534039,50,0,0.0028538778424263,0.5570419371128082,0.9752987265586853,0.0033415015947434812,0.6522201103110163,1.1419417473652063
b4738d9e4408d1ef,5,6b7e1f5b521de19b,6f9a9c5f2856c8b3,Open,1.170863568534039,10,0,0.0,0.0006967031600652263,0.3183321952819823,0.0,0.0008157443482029125,0.37272357014713636
b483459631129708,2,6b7e1f5b521de19b,6f9a9c5f2856c8b3,Open,98.49392076768089,10,21,0.0,0.00027954364923061804,0.012253367993980645,0.0,0.027533350038428873,1.2068822563363666
b496e319432320e2,0,6b7e1f5b521de19b,6f9a9c5f2856c8b3,Open,1.170863568534039,45,0,0.0011230711825191975,0.03435864485800266,0.607764112949371,0.0013149631324821706,0.0402292855284347,0.7116088581148253
b4a08abe336b8785,3,6b7e1f5b521de19b,6f9a9c5f2856c8b3,Open,8127.3495162051295,60,8,0.0029569567181169988,0.21354656368494035,0.9191204160451888,24.032220752427698,1735.5675610520677,7470.012868679122
b4a7e6b6d17d8a62,0,6b7e1f5b521de19b,6f9a9c5f2856c8b3,Open,1.170863568534039,10,0,0.0,0.0003914968125172891,0.3069821536540984,0.0,0.0004583893549736947,0.35943421990370233
b4afaa51741298db,4,d94a77dffd98d647,28c9c64e5918b06e,Open,136209.21885887592,10,119,0.0,0.00010082802873512264,0.0008856230706442146,0.0,13.733707033091349,120.63002665584756
b4be61bdea7abf81,1,6b7e1f5b521de19b,,Open,26123.58130464877,50,0,0.0028538778424263,0.19084323644638063,0.8887356907129288,74.55350985015906,4985.508803749334,23216.959074682378
b4bfc7c969d78a55,5,6b7e1f5b521de19b,6f9a9c5f2856c8b3,Open,1.170863568534039,60,0,0.0010428334586322307,0.051997255906462675,0.7916693776845931,0.0012210157047608276,0.06088169260461852,0.9269368326549046
b4e360a319c625aa,5,6b7e1f5b521de19b,6f9a9c5f2856c8b3,Open,34707.664237155994,60,86,0.00248583871871233,0.0030916448915377258,0.06472754292190071,86.27765559678961,107.30377283600994,2246.5418266294328
b4e48d600e79173e,5,6b7e1f5b521de19b,,Open,1.170863568534039,0,313,0.0,8.450618297501933e-05,0.00019801070520770734,0.0,9.894521096132158e-05,0.00023184352090743784
b4ebe41e14433c07,3,6b7e1f5b521de19b,,Open,174827.5652787984,10,232,0.0,0.00038905196415726093,0.013479200052097432,0.0,68.01700766054827,2356.5357270140466
b4ee28579363f6b7,0,e43bc3ffd79e75b6,,Open,427322.1913763346,10,61,0.0,0.00015349884415627457,0.004289767472073436,0.0,65.59346245859372,1833.1128366613398
b4f262e874c3c092,6,6b7e1f5b521de19b,,Open,18987.89016295744,10,19,0.0,0.006666430318728089,0.12656351104378696,0.0,126.58144667101831,2403.1740463376777
b4f88c758f1a141e,2,6b7e1f5b521de19b,6f9a9c5f2856c8b3,Open,1845240.0868962975,50,0,0.001086287386715412,0.12149779461324216,0.9269019544124603,2004.461031857099,224192.60108984748,1710356.6429043962
b5037a803d6ab995,2,6b7e1f5b521de19b,,Open,4048.562438442638,50,0,0.00028759543783962727,0.21241043210029603,0.9380553692579269,1.1643480871049794,859.9568969346288,3797.7757331570815
b512deedc598bdd7,4,75c64824a2a4e380,28c9c64e5918b06e,Open,68676.1351119207,10,113,0.0,0.00015945042250677943,0.0055175793124362825,0.0,10.950438759728424,378.92602235161263
b53624e007a6ac8f,0,6b7e1f5b521de19b,6f9a9c5f2856c8b3,Open,39567.13485177574,10,137,0.0,0.00030265463719842957,0.0430550312623381,0.0,11.975176843545526,1703.5642280043521
b5514491d0f7b1fd,2,6b7e1f5b521de19b,6f9a9c5f2856c8b3,Open,19623.72126185764,70,0,0.018877827376127244,0.39761925488710403,0.9767710506916045,370.4532224585864,7802.769426252056,19167.88283542387
b559db6b05c5e65f,1,6b7e1f5b521de19b,6f9a9c5f2856c8b3,Open,475396.5674753439,10,88,0.0,0.0013513515121303498,0.0418479427695274,0.0,642.4278703193838,19894.368348537962
b55f13ac5ec560c8,5,6b7e1f5b521de19b,d4f34f97b6d22a81,Open,1.170863568534039,70,0,0.0011230711825191975,0.13378912061452866,0.9444905430078506,0.0013149631324821706,0.15664880719375798,1.105869567632824
b57ad24e1bbef9f2,4,6b7e1f5b521de19b,28c9c64e5918b06e,Open,1.170863568534039,60,0,0.0028538778424263,0.25796605721116067,0.9535332947969437,0.0033415015947434812,0.30204305830691563,1.1164573962619693
b580c0b123d4d6fc,5,6b7e1f5b521de19b,6f9a9c5f2856c8b3,Open,1562016.1939623794,60,769,0.001301340665668249,0.0029354301164858042,0.05490579083561895,2032.7151936355876,4585.1893781957,85763.734427548
b59f867c4c5ebb1c,5,6b7e1f5b521de19b,6f9a9c5f2856c8b3,Open,4094562.1997242793,70,0,0.0028538778424263,0.23788017481565477,0.9343836963176727,11685.380336229411,974015.1718639835,3825892.162980993
b5a91815f9f837a8,3,6b7e1f5b521de19b,2095e0b55fdf3180,Open,77757.88391521083,60,29,0.00116905365139246,0.005499098310247063,0.23815000504255285,90.90313811562824,427.59824804652317,18518.040446505696
b5c8fbf11394353e,2,6b7e1f5b521de19b,,Open,592830.8550628978,30,369,0.0,0.0017504844814538955,0.01896263202652335,0.0,1037.741211914646,11241.633358526928
b5c90d2aecaaf62d,4,38080774be85927f,28c9c64e5918b06e,Open,1.170863568534039,10,0,0.0,0.0007394386891974137,0.334874552488327,0.0,0.0008657818223458159,0.39209241353772184
b5cc3ae566393f9f,0,6b7e1f5b521de19b,6f9a9c5f2856c8b3,Open,280145.4312084903,30,0,0.0002539545763283968,0.06243198923766613,0.692396396398544,71.14421429288818,17490.036546189804,193971.68703627487
b5d827a9f70774fd,5,6b7e1f5b521de19b,6f9a9c5f2856c8b3,Open,282122.9545953158,30,20,0.0,0.006504677748307586,0.17843859046697608,0.0,1835.1189050429423,50341.62235636684
b5dab4b13686c1e8,0,6b7e1f5b521de19b,6f9a9c5f2856c8b3,Open,1.170863568534039,10,0,0.0,0.00036152494722045957,0.3004353448748588,0.0,0.00042329638981662736,0.35176880001393185
b5dc0bd920a64995,2,6b7e1f5b521de19b,6f9a9c5f2856c8b3,Open,805854.6675466232,10,212,0.0,0.0003725226197275333,0.08492573685944065,0.0,300.1990918741285,68437.80144301653
b5ee246d1c4461ad,2,6b7e1f5b521de19b,6f9a9c5f2856c8b3,Open,15726.535176556545,60,83,0.003466563671827316,0.011347278580069542,0.172369536012411,54.517035526765305,178.45337574765026,2710.775571465912
b5fe97aca14026ea,3,6b7e1f5b521de19b,d4f34f97b6d22a81,Open,13725.376200415716,10,7,0.0,0.00030515931721311065,0.004760386422276493,0.0,4.188426429811939,65.3380945050959
b610a39f610859e6,0,6b7e1f5b521de19b,6f9a9c5f2856c8b3,Open,262580.75744332006,30,0,0.0,0.027065813075751066,0.5800135999917984,0.0,7106.961698250031,152300.41041327326
b610b83008c96c6a,5,7b7c16a1b24ec3b8,28c9c64e5918b06e,Open,12483.414223318267,10,0,0.0,0.05596269797533752,0.9457306742668151,0.0,698.6055398805927,11805.947750570735
b6194b38030755a7,5,6b7e1f5b521de19b,6f9a9c5f2856c8b3,Open,1.170863568534039,40,0,0.00028759543783962727,0.03680321797728539,0.650022858381271,0.00033673502064301535,0.04309154713442047,0.7610880835929913
b630c07fcb0b5967,2,6b7e1f5b521de19b,,Open,847123.4219777703,50,300,0.001232695544604212,0.0055087554501369596,0.061824782006442536,1044.2452680018712,4666.595767758714,52373.22089632728
b63340f907bd3aa2,4,38080774be85927f,d4f34f97b6d22a81,Open,1.170863568534039,30,0,0.0,0.04982779249548912,0.5948419213294981,0.0,0.05834154693344199,0.6964787347215002
b63fa0e8b16577b8,0,6b7e1f5b521de19b,6f9a9c5f2856c8b3,Open,259.74565791528755,10,0,0.0,0.0005380754417274147,0.10989472009241578,0.0,0.1397627596195463,28.54467637182091
b654e816b979b963,2,6b7e1f5b521de19b,6f9a9c5f2856c8b3,Open,818.7108011956634,40,265,8.101324056042358e-06,0.0004274030448868871,0.0020915977540425955,0.0066326415086681405,0.3499194893128094,1.7124136729912633
b65a90aca15d5225,4,255414ab73601d72,28c9c64e5918b06e,Open,1.170863568534039,90,0,0.23394284546375274,0.9569667696952819,0.9998932123184204,0.27391515487269674,1.1204775269339096,1.1707385347281092
b6632c086906d969,3,6b7e1f5b521de19b,,Open,2.4198904513070483,60,29,0.0012796380906365812,0.06709673032164573,0.8132131665945053,0.003096583996660246,0.1623667370192746,1.9678867767192112
b69e7aa4dab72ab8,5,6b7e1f5b521de19b,6f9a9c5f2856c8b3,Open,1687803.3942400438,30,54,0.0,0.012419050885364413,0.3973222196102142,0.0,20960.916237557878,670601.7908651076
b6c896e97bc3af72,3,6b7e1f5b521de19b,,Open,2.4198904513070483,10,0,0.0,0.00017856900085462258,0.029225099738687258,0.0,0.00043211742006754134,0.07072153979614541
b6d291d54ee4368d,3,6b7e1f5b521de19b,d4f34f97b6d22a81,Open,48679.81416164372,60,265,0.004500790312886238,0.010108733177185058,0.08996434397995469,219.09763601182837,492.09125247501095,4379.447546118386
b6dd4c89759103c3,2,6b7e1f5b521de19b,d4f34f97b6d22a81,Open,4104.248099473855,10,53,0.0,0.00024141823741956616,0.006232444569468497,0.0,0.9908403421075823,25.579498779317227
b6fbeb5bc95b8480,4,38080774be85927f,28c9c64e5918b06e,Open,1.170863568534039,10,1,0.0,0.0011450515943579377,0.28318635150790195,0.0,0.0013406991959255257,0.3315725820866768
b70165a7113509b2,3,6b7e1f5b521de19b,,Open,1.170863568534039,10,0,0.0,0.0001517322256404441,0.0018873899767640977,0.0,0.00017765773517498237,0.0022098761634093884
b71091c58297e4ab,5,6b7e1f5b521de19b,d4f34f97b6d22a81,Open,110610.02698031439,60,1,0.0028538778424263,0.11266664862632753,0.8614897638559341,315.66750514929447,12462.061044339689,95289.40602336955
b72acdbdee2b5573,2,6b7e1f5b521de19b,,Open,19076.38979057932,10,0,0.0,0.0003310065803816542,0.07524302527308464,0.0,6.314410550607161,1435.3652791317736
b75feed8c8e705b7,2,6b7e1f5b521de19b,,Open,4271.355885203606,10,0,0.0,0.0006017388543114067,0.4821192726492879,0.0,2.5702407967187018,2059.3029926006175
b7613cb4826abaed,6,6b7e1f5b521de19b,d4f34f97b6d22a81,Open,10296.95817738307,90,45,0.0011029322631657124,0.2573056980967522,0.9998643040657044,11.356847386303798,2649.466012104612,10295.560922022787
b768ad2d81bc4d03,4,c2397d14e54a98b9,28c9c64e5918b06e,Open,205064.99071350234,10,515,0.0,0.00015414305016747676,0.003647918754722922,0.0,31.609343151144547,748.0604255608671
b77342d0d6467761,2,6b7e1f5b521de19b,6f9a9c5f2856c8b3,Open,1.170863568534039,10,0,0.0,0.018273502867668868,0.5247509703040121,0.0,0.021395778777255764,0.6144117936818551
b7899983a4165ad2,5,6b7e1f5b521de19b,6f9a9c5f2856c8b3,Open,368818.1172035961,30,152,0.0,0.012405823357403279,0.5436600863933563,0.0,4575.492413037872,200511.68946234207
b78bd403e5ae9ff4,0,6b7e1f5b521de19b,6f9a9c5f2856c8b3,Open,89071.05663641635,25,1799,0.0,0.000567619688808918,0.004924603458493946,0.0,50.55848544984416,438.63963356340616
b79e0b8ce8d7105b,3,6b7e1f5b521de19b,,Open,35845.270270304114,20,0,0.0,0.06035068929195404,0.8024296104907989,0.0,2163.286768669241,28763.30626093754
b7aa96b8db8f60a1,2,6b7e1f5b521de19b,6f9a9c5f2856c8b3,Open,106914.55167044088,10,305,0.0,9.989859645429534e-05,0.0009362343698740005,0.0,10.68061365241728,100.0970779135365
b7b77bd89ec0e385,0,6b7e1f5b521de19b,6f9a9c5f2856c8b3,Open,263790.60322538915,60,0,0.001086287386715412,0.06834040805697442,0.8236565738916397,286.55240501779014,18027.557466018527,217272.86447743294
b7c487a85bd6c744,2,6b7e1f5b521de19b,6f9a9c5f2856c8b3,Open,54394.15102447757,50,0,0.0010428334586322307,0.2136000759899616,0.9394314259290695,56.72404064221984,11618.594792237858,51099.57485912612
b7ec649d4b5f1251,0,6b7e1f5b521de19b,6f9a9c5f2856c8b3,Open,185794.66734031943,10,139,0.0,0.00039255868468899283,0.0618738489225506,0.0,72.93531023334477,11495.83117763047
b80defba4bda507d,2,6b7e1f5b521de19b,6f9a9c5f2856c8b3,Open,9648.963805727817,10,0,0.0,0.0005379094567615539,0.32619194686412795,0.0,5.1902688790509455,3147.414289011862
b821544864758d8e,3,6b7e1f5b521de19b,d4f34f97b6d22a81,Open,2581.018322439318,10,47,0.0,0.00012394380901241674,0.0027082768501713863,0.0,0.3199012420139671,6.990112172530592
b8224388fd662176,4,bd661df59343798b,28c9c64e5918b06e,Open,21715.904173705767,10,0,0.0,0.0003481043750070967,0.25943793058395365,0.0,7.559401250101848,5633.929239585666
b82d7938e145f124,5,6b7e1f5b521de19b,d4f34f97b6d22a81,Open,4854.049577612525,60,233,0.003132752701640129,0.00614207936450839,0.10045909844338893,15.206536928160766,29.81395774495456,487.63344436646713
b83521c9bc8f9168,2,6b7e1f5b521de19b,6f9a9c5f2856c8b3,Open,501.20046106510154,50,0,0.0010428334586322307,0.23358047902584075,0.9217012226581572,0.5226686102805885,117.07064378355867,461.9570777605362
b845da62d26b6721,5,75c64824a2a4e380,d4f34f97b6d22a81,Open,6091.577363923724,30,0,0.0,0.044492936693131924,0.5080542623996734,0.0,271.03216601437373,3094.8518444788147
b864068939a5422f,5,6b7e1f5b521de19b,6f9a9c5f2856c8b3,Open,51334.81749861585,60,0,0.0028538778424263,0.05171658974140883,0.8021068364381789,146.50329820429766,2654.861696026011,41176.00806294603
b86882fb9d4dabe9,4,e366e0e543d0c5cd,d4f34f97b6d22a81,Open,79441.34658164282,10,437,0.0,0.0002061859326204285,0.004334125132299959,0.0,16.379688133558716,344.30873676324956
b86a59a7df113b98,2,6b7e1f5b521de19b,6f9a9c5f2856c8b3,Open,5528363.911186377,30,148,0.0002539545763283968,0.007355913636274636,0.0967393167316913,1403.953314854535,40666.167480584445,534810.1474123106
b89bdec2e11292ac,2,6b7e1f5b521de19b,6f9a9c5f2856c8b3,Open,98.49392076768089,10,20,0.0,0.00026383054500911385,0.011611878313124177,0.0,0.025985704796221726,1.1436994225368047
b89e56c0ad5319f6,0,6b7e1f5b521de19b,6f9a9c5f2856c8b3,Open,1.170863568534039,60,0,0.0010428334586322307,0.09259430579841138,0.8681819707155225,0.0012210157047608276,0.10841529931306,1.0165226403688912
b8a6c383b42750a7,2,6b7e1f5b521de19b,,Open,334572.7778549476,10,0,0.0,0.00018375372237642296,0.03698868174105882,0.0,61.478993336666676,12375.40599929863
b8ca4001c89f07d5,2,6b7e1f5b521de19b,6f9a9c5f2856c8b3,Open,1.170863568534039,70,0,0.015565882623195647,0.20612989515066146,0.9575184851884841,0.018225524875576844,0.24134998461765078,1.1211235105050958
b8ca9ef8ec04a98c,6,6b7e1f5b521de19b,,Open,214869.78065686318,10,0,0.0,0.00015757031724206172,0.001133896264946088,0.0,33.85709950383415,243.64004173660234
b8cac7fa9fc8972b,0,6b7e1f5b521de19b,,Open,1.170863568534039,60,0,0.003466563671827316,0.3171485036611557,0.9527171164751053,0.004058873111346193,0.3713376287519315,1.1155017627995014
b8ccd5e3f5a3f9d2,1,6b7e1f5b521de19b,6f9a9c5f2856c8b3,Open,685172.6880975167,50,132,0.0014029582729563118,0.046248781494796276,0.8725449740886687,961.2686911701256,31688.40193802425,597843.9853823112
b8f5618db946a253,2,6b7e1f5b521de19b,,Open,7369.351110629336,30,0,0.0,0.044129983708262446,0.584294643998146,0.0,325.2093444525384,4305.87238368251
b90795a75a7ef4fd,2,6b7e1f5b521de19b,6f9a9c5f2856c8b3,Open,89893.06695192067,10,4,0.0,0.0003702411719132215,0.06828721240162848,0.0,33.282114455152794,6138.546956379617
b90a5afa32f06e2d,1,6b7e1f5b521de19b,,Open,6618.183435287425,40,0,0.0002038492588326335,0.01682700924575329,0.45044783800840377,1.3491117881017538,111.36423385567277,2981.146419968251
b90e7d75b0ab41b0,0,6b7e1f5b521de19b,6f9a9c5f2856c8b3,Open,1.170863568534039,10,0,0.0,0.000979412882588804,0.2915845230221748,0.0,0.0011467588627761367,0.3414056951550392
b92d10514cc61932,0,52838e14fa2f9ca3,,Open,1287.0828528119127,10,0,0.0,0.00885493860114366,0.6246490687131877,0.0,11.397039636234311,803.9751053656742
b935b289cd9ccc13,2,6b7e1f5b521de19b,6f9a9c5f2856c8b3,Open,250589.66290091575,1,354,0.0,9.765599716047291e-05,0.0001855412352597341,0.0,24.471583408695693,46.494715597956265
b9455b887b0f8748,2,6b7e1f5b521de19b,,Open,47145353.89406107,40,0,0.00116905365139246,0.04975624214857817,0.6652112096548078,55115.44811604183,2345775.6445333157,31361617.893472373
b94a6311cccd9aa8,5,cca8e68b78e095c5,28c9c64e5918b06e,Open,25734.02264059242,30,630,0.0,0.0010056133673060686,0.008620874397456645,0.0,25.87847716193675,221.8497769258528
b961d9b9fccce4e1,0,6b7e1f5b521de19b,,Open,97333.73600799122,60,14,0.03754243813455105,0.4655102416872978,0.9735944002866744,3654.145762484734,45309.850973407636,94763.5803363617
b96f3e3453488cdb,4,6ab36d9b02cbcf6b,28c9c64e5918b06e,Open,194421.19398113817,50,4,0.00116905365139246,0.04235663190484047,0.6491935223340988,227.28880673173134,8235.026947958655,126216.97973701617
b9a333a892d02177,3,6b7e1f5b521de19b,d4f34f97b6d22a81,Open,14700.526173316806,60,0,0.0010428334586322307,0.20394995138049127,0.9211406528949737,15.330200553033595,2998.171598315602,13541.252277188692
b9ac005885a01fd7,3,6b7e1f5b521de19b,d4f34f97b6d22a81,Open,90968.29041568555,10,0,0.0,0.0001437344719306566,0.00202677673078142,0.0,13.075279185333173,184.37241425347793
b9adae397b357bcc,3,6b7e1f5b521de19b,,Open,1.170863568534039,60,0,0.0008831881918013096,0.04028291143476963,0.7671603441238402,0.0010340928779396066,0.04716579343345501,0.8982400981586408
b9bc182172f2402a,2,6b7e1f5b521de19b,6f9a9c5f2856c8b3,Open,10348.85927884322,20,288,0.0,0.0010001466958783566,0.012285721208900206,0.0,10.350377413845118,127.14319993000782
b9cd4b69aa3f486f,3,6b7e1f5b521de19b,,Open,35845.270270304114,20,0,0.0,0.015125226369127632,0.41210337430238697,0.0,542.1678271009106,14771.95683117336
b9de2df3e3a5720d,3,6b7e1f5b521de19b,d4f34f97b6d22a81,Open,24970.073975132636,10,0,0.0,0.0004910445713903755,0.30664896965026833,0.0,12.261419272704975,7657.047456565403
b9fd9bfb5f2c177f,2,6b7e1f5b521de19b,,Open,35845.270270304114,50,0,0.00028759543783962727,0.03323145844042301,0.44812027364969215,10.308936197867887,1191.1906092733416,16062.992322575854
ba0e174a79da9d61,2,6b7e1f5b521de19b,6f9a9c5f2856c8b3,Open,144646.6946076307,60,4,0.0030671000480651856,0.11507318690419198,0.839436039328575,443.6458839835343,16644.956123657466,121421.64842339946
ba19ba4584ee78e8,2,6b7e1f5b521de19b,,Open,10079.533693765128,10,0,0.0,0.0001791111637430731,0.04235840607434507,0.0,1.8053570098777885,426.95298124054665
ba327c29e53a382c,5,6b7e1f5b521de19b,d4f34f97b6d22a81,Open,81.43217479245789,10,0,0.0,0.0005252266506431625,0.21073070019483547,0.0,0.04277034842083122,17.16025921240288
ba3d3ed9f92d6184,0,6b7e1f5b521de19b,,Open,1.170863568534039,10,0,0.0,0.001014017316629179,0.5397483408451078,0.0,0.001187275933903751,0.6319716684722297
ba4720d90a549624,2,6b7e1f5b521de19b,6f9a9c5f2856c8b3,Open,44247.520281679084,10,0,0.0,0.03769293073564768,0.7092241585254669,0.0,1667.8187172014957,31381.41033861238
ba4e8f6ad72a0fef,2,6b7e1f5b521de19b,6f9a9c5f2856c8b3,Open,39239.22761907742,80,0,0.12773976624011993,0.45786688774824147,0.9849641472101212,5012.409763503807,17966.343027591818,38649.23236900842
ba5357fcf82e1658,3,6b7e1f5b521de19b,,Open,29889.51427805743,70,1370,0.0029813806526362897,0.0019135157577693462,0.033116538543254116,89.11201958529657,57.19405656313476,989.8372516284331
ba58e7317c7f8db8,4,7545e34e09ae9cad,28c9c64e5918b06e,Open,25890.069407835526,10,0,0.0,0.0001524995044746902,0.0016657018742989743,0.0,3.9482227555102534,43.12513713836217
ba7c9fdf75ef4bae,3,6b7e1f5b521de19b,,Open,1088.314643477383,90,0,0.0839500654488802,0.926480183005333,0.9998925745487213,91.36408554890103,1008.3019500563095,1088.1977307856741
ba7f2c42d7661168,5,6b7e1f5b521de19b,d4f34f97b6d22a81,Open,5061879.379735205,0,15,0.0,0.00013417989030131138,0.0004717692747362888,0.0,679.2024198913399,2388.039163780253
ba82b0da1691bc99,3,6b7e1f5b521de19b,d4f34f97b6d22a81,Open,6622.980138906791,10,579,0.0,8.54312824230874e-05,0.00018908199126599354,0.0,0.5658096867294446,1.2522862727796225
ba87b734bb97938c,3,6b7e1f5b521de19b,,Open,13296.133816063299,40,0,0.0,0.0330347441136837,0.46815148591995237,0.0,439.23437831494783,6224.60480298056
ba8e260a18cd43c3,0,6b7e1f5b521de19b,6f9a9c5f2856c8b3,Open,9752.593994379096,30,0,0.0,0.025069385021924972,0.5012814193964001,0.0,244.49153380760276,4888.794160299161
ba9ebecfcc865e23,6,6b7e1f5b521de19b,,Open,59449.927159389554,10,0,0.0,0.00016309031925629825,0.030945130065083475,0.0,9.695707600188518,1839.6857283070483
ba9f2a8c3fa8bca8,4,7545e34e09ae9cad,28c9c64e5918b06e,Open,1.170863568534039,10,0,0.0,0.00015884339591138997,0.0019925193395465613,0.0,0.00018598394537487522,0.0023329683042745734
baa17a20ea434f54,0,6b7e1f5b521de19b,6f9a9c5f2856c8b3,Open,5040.418523328714,10,0,0.0,0.0010096798971062527,0.4778245598077774,0.0,5.089209256006987,2408.4357621565105
bab3e1f9c7047a0c,2,6b7e1f5b521de19b,6f9a9c5f2856c8b3,Open,66254.8314008098,70,0,0.023161912709474562,0.3679379254579544,0.9761118978261947,1534.5886214865106,24377.66521718049,64672.129218799004
babc69f7163a7190,1,6b7e1f5b521de19b,,Open,7702.185155073742,30,18,0.0,0.02606232836842537,0.5926940873265262,0.0,200.73687866594312,4565.03960090635
bacc185e0c818520,2,6b7e1f5b521de19b,6f9a9c5f2856c8b3,Open,7462.80698704363,10,0,0.0,0.05587623715400696,0.7089145928621292,0.0,416.99357304263003,5290.492776828688
bad4aff70588de75,2,6b7e1f5b521de19b,6f9a9c5f2856c8b3,Open,814.1848226322935,10,0,0.0,0.0006436682248022408,0.48359588533639886,0.0,0.5240648994446556,393.73643012832287
bad8ed7bf5445583,3,6b7e1f5b521de19b,,Open,1.170863568534039,1,0,0.0,0.0002492304163752124,0.008389502950012681,0.0,0.00029181481470430553,0.009822963362278695
bae7de95f354be71,2,6b7e1f5b521de19b,6f9a9c5f2856c8b3,Open,11389.885287738178,70,0,0.018877827376127244,0.46197141110897066,0.9815927535295487,215.0162882958127,5261.80137874571,11180.228861976613
bae81a46b6cea7fb,0,6b7e1f5b521de19b,6f9a9c5f2856c8b3,Open,814194.7473451227,10,2,0.0,0.0005732110003009439,0.3495773106813427,0.0,466.70538556547206,284624.01014778326
baee162e43e907ff,2,6b7e1f5b521de19b,,Open,1.170863568534039,1,412,0.0,7.882436802901794e-05,0.0001591567546711303,0.0,9.229258083789635e-05,0.0001863508457305362
baf5e8af66ebed50,5,6b7e1f5b521de19b,6f9a9c5f2856c8b3,Open,1.170863568534039,1,645,0.0,0.00010572408173175063,0.00034523530048318206,0.0,0.00012378847561642195,0.0004042234359076598
bafb569e8b9525d8,3,6b7e1f5b521de19b,6f9a9c5f2856c8b3,Open,52571.80087209224,60,40,0.005473231710493564,0.04072601590305567,0.6684467941522597,287.7376476108885,2141.0399983691045,35141.45175576103
bb014d4764621b60,3,6b7e1f5b521de19b,d4f34f97b6d22a81,Open,1.170863568534039,80,0,0.008131861686706543,0.19078898802399635,0.9677665591239929,0.009521300593322452,0.2233878753547744,1.1331226069238263
bb1b30b742f982af,4,255414ab73601d72,28c9c64e5918b06e,Open,89864.11417526547,50,0,0.0011230711825191975,0.3379118323326111,0.9500072538852692,100.92379697285556,30366.14748191092,85371.56033047623
bb206ca501910ae3,3,6b7e1f5b521de19b,,Open,1734819.175387825,10,22,0.0,0.0003398892455152236,0.08657803758978835,0.0,589.6463806279102,150197.23977821274
bb328b91f8f087f9,2,6b7e1f5b521de19b,,Open,557021.7052568932,60,0,0.003466563671827316,0.13999359756708146,0.900986322760582,1930.9512078628486,77979.47244186296,501868.93791723694
bb4238feaaef79e9,0,6b7e1f5b521de19b,6f9a9c5f2856c8b3,Open,37894.58255210034,30,0,0.0,0.022636417858302595,0.47972424626350385,0.0,857.7976052152861,18178.95005227646
bb4872741da321a6,2,6b7e1f5b521de19b,,Open,869711.3941640588,10,0,0.0,0.00047904262755764647,0.30854030996561044,0.0,416.6288314771747,268341.0231360019
bb502a478e9afbda,0,062b9e5a52eb6d8e,,Open,17314.42813536475,60,0,0.0010428334586322307,0.3120367869734764,0.9544541805982589,18.056064976641625,5402.738523642377,16525.828318467004
bba9cf7e0847a3e6,3,6b7e1f5b521de19b,6f9a9c5f2856c8b3,Open,5655.969519442425,10,0,0.0,0.0004910445713903755,0.2994503140449522,0.0,2.7773331284716334,1693.6818488257115
bbb8a8b63e7ccce5,3,6b7e1f5b521de19b,d4f34f97b6d22a81,Open,13707.11230296319,60,0,0.0010428334586322307,0.4296015650033951,0.9597961664199829,14.294235330759506,5888.596897030277,13156.033841072254
bbdca71d1c6d7417,4,38080774be85927f,,Open,1.170863568534039,30,0,0.0,0.02959687113761902,0.48465980589389784,0.0,0.034653898157634706,0.5674705098539439
bbffaabc823a168d,2,6b7e1f5b521de19b,6f9a9c5f2856c8b3,Open,301.94614676356866,50,0,0.0011230711825191975,0.18319237530231475,0.8939477384090423,0.3391070161028762,55.31423183899948,269.92407502061695
bc0cae56c40b3eef,2,6b7e1f5b521de19b,6f9a9c5f2856c8b3,Open,1.170863568534039,10,0,0.0,0.0005424575239885599,0.19337598904967296,0.0,0.0006351437523153843,0.2264169006074993
bc235974e193fcab,3,6b7e1f5b521de19b,,Open,89664.46366676311,10,170,0.0,9.59916847932618e-05,0.0010729119239840652,0.0,8.6070429334568,96.20207222570612
bc3700f381906505,5,6b7e1f5b521de19b,d4f34f97b6d22a81,Open,432898.4273457084,0,77,0.0,9.185039816657081e-05,0.00015680933793191796,0.0,39.761892917385644,67.88251578384903
bc3a19504052a2a0,4,bd661df59343798b,28c9c64e5918b06e,Open,1.170863568534039,10,0,0.0,0.00032727676443755627,0.003928248968441038,0.0,0.00038319644030763116,0.004599443605279031
bc48b62cefe53b89,4,b6bf95545ecbafbf,28c9c64e5918b06e,Open,16444.64169778268,60,37,0.0034618676640093327,0.0510748777538538,0.6353681355714798,56.9291733397734,839.9080644201773,10448.401335661196
bc4c57843dbcce78,2,6b7e1f5b521de19b,6f9a9c5f2856c8b3,Open,98.49392076768089,40,0,0.0,0.024029744137078524,0.4146707937121389,0.0,2.366783715105057,40.84255230055476
bc501695d157171b,0,062b9e5a52eb6d8e,,Open,44536.416049044215,10,0,0.0,0.000756513435044326,0.7323296248912812,0.0,33.69239708982569,32615.336859198585
bc50ab27b13e31c5,3,6b7e1f5b521de19b,,Open,11264.189824104717,10,0,0.0,0.0004325721296481788,0.27819306403398497,0.0,4.872574580974322,3133.6194810281254
bc6588093a6750fb,2,6b7e1f5b521de19b,6f9a9c5f2856c8b3,Open,390.0995045130273,40,310,8.101324056042358e-06,0.0029058184009045362,0.04210320319980381,0.0031603225001615924,1.133558318397697,16.424438706654772
bc6c44683ec05d1e,3,6b7e1f5b521de19b,,Open,368869.1381210446,30,0,0.0,0.020008226577192544,0.5361833244562146,0.0,7380.417292859593,197781.4807670403
bc6e814156606e6f,5,6b7e1f5b521de19b,6f9a9c5f2856c8b3,Open,98.49392076768089,40,0,0.00028759543783962727,0.04680499322712421,0.6500025391578672,0.028326402267722744,4.6100072944442125,64.02129859060636
bc72605f5d39d105,3,6b7e1f5b521de19b,,Open,1.170863568534039,10,677,0.0,9.799108120205347e-05,0.0005545184510992837,0.0,0.00011473418702074511,0.0006492654524720753
bc72cba3843dbc1c,0,6b7e1f5b521de19b,,Open,8290.869253090716,10,0,0.0,0.0008562421833630652,0.3184988558292388,0.0,7.0989919912441,2640.6323709392086
bc80a1c3fd728bd7,3,6b7e1f5b521de19b,,Open,11264.189824104717,10,0,0.0,0.00016592551764915697,0.030399128235876524,0.0,1.8690165274629416,342.4215509362147
bc8d0cf800f384af,2,6b7e1f5b521de19b,6f9a9c5f2856c8b3,Open,98.49392076768089,10,33,0.0,0.00029124150023562834,0.009982259059324856,0.0,0.028685517248468493,0.9831918328716072
bcac85303002866d,0,6b7e1f5b521de19b,6f9a9c5f2856c8b3,Open,1.170863568534039,30,0,0.00028759543783962727,0.05941704157739878,0.635716912150383,0.00033673502064301535,0.06956924933304849,0.7443377723378375
bcd1eef951ca00b9,5,6b7e1f5b521de19b,6f9a9c5f2856c8b3,Open,1.170863568534039,60,0,0.0010428334586322307,0.051997255906462675,0.7916693776845931,0.0012210157047608276,0.06088169260461852,0.9269368326549046
bce5082105b30921,2,6b7e1f5b521de19b,,Open,226241.71147143986,80,0,0.13994677662849425,0.4244189888238907,0.9841095536947251,31661.79825934184,96021.27841249494,222646.62970328945
bd11809a56dbfcb9,0,6b7e1f5b521de19b,6f9a9c5f2856c8b3,Open,98.49392076768089,10,5,0.0,0.0019700433418620377,0.5190686270594593,0.0,0.19403729282225682,51.12510422658329
bd14c30d17ef2054,1,6b7e1f5b521de19b,,Open,222.37747696614647,10,0,0.0,0.0023111093090847135,0.7104838341474532,0.0,0.5139386571472325,157.9956024629447
bd27426855516115,0,6b7e1f5b521de19b,6f9a9c5f2856c8b3,Open,1.170863568534039,40,0,0.00028759543783962727,0.043387795239686965,0.5785205781459807,0.00033673502064301535,0.05080118876516407,0.6773686685983783
bd2e26418c061769,4,fd10c5543bdbcbc9,d4f34f97b6d22a81,Open,92863.35122060702,30,585,0.00030547641217708587,0.0008770767599344254,0.003499326773453503,28.36756335361164,81.44828720522257,324.9592111988862
bd32d44df4b1de30,4,75c64824a2a4e380,28c9c64e5918b06e,Open,574461.96467564,10,0,0.0,0.0003808414374361746,0.3193052515387533,0.0,218.7789203794797,183428.7221302016
bd5355abea6d2fc6,5,6b7e1f5b521de19b,d4f34f97b6d22a81,Open,7611551.463232672,1,120,0.0,0.00010384136039647274,0.00019553506645024753,0.0,790.3938586698433,1488.3252211526792
bd57a2bcd477f88a,2,6b7e1f5b521de19b,6f9a9c5f2856c8b3,Open,82470.41553248063,60,80,0.0032086943625472485,0.0485683897510171,0.7172969102859494,264.62235739599964,4005.4552845098538,59155.77425144673
bd6efc71a578cdf0,3,6b7e1f5b521de19b,d4f34f97b6d22a81,Open,3303.290441942712,50,0,0.0,0.16104210913181305,0.9068581283092498,0.0,531.9688598454131,2995.6157874420023
bd71d6b4f318a197,3,6b7e1f5b521de19b,2095e0b55fdf3180,Open,253703.23397240776,60,49,0.0014787073247134685,0.028395116422325374,0.7877870500087737,375.15283037849423,7203.932865366973,199864.1222688088
bd830d47f8a66e61,4,e43bc3ffd79e75b6,28c9c64e5918b06e,Open,56323.71333404005,10,283,0.0,0.0002009854382777121,0.0024306180304847656,0.0,11.320246209870255,136.90143317357294
bd8aff3ba1d25d81,2,6b7e1f5b521de19b,6f9a9c5f2856c8b3,Open,614958.1099106147,60,0,0.0030671000480651856,0.11197193413972854,0.8816687554121015,1886.138048464922,68858.0489816033,542189.35139547
bd90cf2173f7b1ef,0,4e40b1753336bf63,,Open,1187910.3043156844,1,0,0.0,0.00011571282084332779,0.00023122507700463758,0.0,137.45645222122377,274.6746515899966
bda7a16fa4f05520,6,6b7e1f5b521de19b,,Open,1.170863568534039,50,0,0.00028759543783962727,0.024006019998341798,0.367145489156246,0.00033673502064301535,0.02810777424155798,0.4298772776046575
bdb1a05a9851f1bf,3,6b7e1f5b521de19b,6f9a9c5f2856c8b3,Open,6286.512539781899,10,0,0.0,0.0004910445713903755,0.2932633027434347,0.0,3.0869578556374235,1843.6034301544578
bdba520e797eb3c6,4,b4d1bda83fb7745f,28c9c64e5918b06e,Open,20355.321562998506,10,241,0.0,9.966447723854798e-05,0.0008582695125369351,0.0,2.0287024825987894,17.470351915407292
bdc768cfdea98940,2,6b7e1f5b521de19b,6f9a9c5f2856c8b3,Open,13707.11230296319,10,74,0.0,0.00023291730612982065,0.004364392417483032,0.0,3.1926236724251082,59.82321700064092
bdd95c036e52d733,2,6b7e1f5b521de19b,6f9a9c5f2856c8b3,Open,31212.078198851057,70,0,0.018877827376127244,0.3263495162129402,0.9732894897460936,589.2162242880948,10186.0466201955,30378.38766407492
bddb1964531b894b,3,6b7e1f5b521de19b,,Open,2.4198904513070483,10,0,0.0,0.00017302581763942726,0.02881347872316835,0.0,0.00041870352393524467,0.06972546203113389
bde50d04abdaa90c,5,6b7e1f5b521de19b,d4f34f97b6d22a81,Open,168632.66953805738,61,152,0.0036106868530623613,0.013416965026408434,0.28523781597614284,608.8797628978735,2262.5386295020066,48100.41436126212
bdf039c8e81f4c98,0,6b7e1f5b521de19b,6f9a9c5f2856c8b3,Open,12688.705330777142,33,113,0.0002539545763283968,0.0012995800760108977,0.012581205321475863,3.2223547864333795,16.48998863825124,159.63920703021253
bdf27790c906f5b7,3,6b7e1f5b521de19b,,Open,8304.689797280567,10,0,0.0,0.0008293235237943009,0.06245635133236642,0.0,6.8872746066992985,518.680623685274
bdfaeb50ecd324d4,2,6b7e1f5b521de19b,6f9a9c5f2856c8b3,Open,1.170863568534039,10,0,0.0,0.00028904234350193294,0.07241819426417351,0.0,0.00033842914977011467,0.08479182536294147
be19ebe7571888bb,2,6b7e1f5b521de19b,d4f34f97b6d22a81,Open,1256.3421066376065,60,56,0.0028538778424263,0.0241472065448761,0.28356826454401013,3.585446900640245,30.33715234000304,356.2587508527918
be1a9b4e567611fb,5,6b7e1f5b521de19b,,Open,54608.54408792734,30,0,0.00017479545203968883,0.03329295534640551,0.4940124541521071,9.545325149078536,1818.0798198515813,26977.300882550524
be20b2591bc9d15b,3,6b7e1f5b521de19b,,Open,8342.688652667997,40,3,0.0,0.1416231870651245,0.8036237537860869,0.0,1181.5181556828913,6704.382771725647
be2d0d721f00529b,5,6b7e1f5b521de19b,6f9a9c5f2856c8b3,Open,38012.72997541478,80,0,0.14255608469247819,0.3076151043176651,0.9803603440523148,5418.945953767534,11693.289896786453,37266.173037065375
be3c4eb21fdc43c5,3,6b7e1f5b521de19b,,Open,25102.753943361105,10,0,0.0,0.00031700752151664346,0.22479307875037166,0.0,7.957761810827052,5642.925344041176
be54045dd4e1b2ba,0,062b9e5a52eb6d8e,28c9c64e5918b06e,Open,1.170863568534039,20,0,0.0,0.022256188746541738,0.45403300523757933,0.0,0.026058960577742978,0.5316107047447062
be63d798586b5ddf,2,6b7e1f5b521de19b,6f9a9c5f2856c8b3,Open,50238.381732418726,1,104,0.0,8.688693524163681e-05,0.0001502290746429935,0.0,4.365059020229296,7.547265599222733
be694d211b205ad0,2,6b7e1f5b521de19b,6f9a9c5f2856c8b3,Open,262.2931122345503,40,0,0.0,0.023929321486502887,0.44348475933074943,0.0,6.2764962063559375,116.32299775345278
be6aa185b0468128,5,6b7e1f5b521de19b,d4f34f97b6d22a81,Open,256870.94719714334,10,155,0.0,0.0001645445685426239,0.005913238460198043,0.0,42.266719177689076,1518.9391642736487
be6e54260eaf8a2a,0,6b7e1f5b521de19b,6f9a9c5f2856c8b3,Open,71953.6184708905,50,561,0.0014558751368895172,0.0007922570366645232,0.006537116994149983,104.7554841410038,57.00576054703741,470.36922209664243
be7359786cba9eee,3,6b7e1f5b521de19b,,Open,27964.446350806866,30,0,0.0,0.018878935277462004,0.38226832002401345,0.0,527.9389727269413,10689.921926924593
be7960ff6cb7a593,6,6b7e1f5b521de19b,,Open,8342.688652667997,70,0,0.0011230711825191975,0.2138518251478672,0.9508898079395294,9.369433210541338,1784.0991950134526,7932.977610634763
be93bd0d6ec355f5,2,6b7e1f5b521de19b,6f9a9c5f2856c8b3,Open,1.170863568534039,10,0,0.0,0.0005816959252115339,0.320349134504795,0.0,0.000681086566794886,0.3750851308030751
bea8dfb11c11bcd1,2,6b7e1f5b521de19b,,Open,35845.270270304114,10,336,0.0,0.00013325074978638441,0.0035876497509889295,0.0,4.776409139813618,128.60027495938743
bea9dda34ad81268,3,6b7e1f5b521de19b,d4f34f97b6d22a81,Open,11656.755479887493,50,90,0.0,0.0032741907518357037,0.02874484769999981,0.0,38.16644098865779,335.07166094550416
beaba58ad67a434f,1,6b7e1f5b521de19b,6f9a9c5f2856c8b3,Open,1.170863568534039,75,0,0.001455825287848711,0.2527347274124622,0.952733227610588,0.0017045727916926363,0.29591788483063314,1.1155206267410858
beadd1258f01c7d1,3,6b7e1f5b521de19b,,Open,1.170863568534039,10,0,0.0,0.00017302581763942726,0.0010538163158344098,0.0,0.00020258962628981968,0.001233875132137271
beb2ff2fbe5fbb3b,1,6b7e1f5b521de19b,,Open,9134.575282606509,40,75,0.00028759543783962727,0.004300675611011684,0.03199425227940082,2.627062177880256,39.28484513485598,292.2539060568917
bec39efcf8271c7b,3,6b7e1f5b521de19b,,Open,107673.31262801727,10,42,0.0,0.00022276387971942313,0.011541416822001336,0.0,23.985724863259485,1242.7025816456073
bed5831338c333d6,0,6b7e1f5b521de19b,,Open,1.170863568534039,10,0,0.0,0.0009600767312804237,0.5259202003479002,0.0,0.0011241188676534926,0.6157808025434791
bed6421d7256bc86,5,6b7e1f5b521de19b,d4f34f97b6d22a81,Open,1.170863568534039,10,0,0.0,0.0006695614312775433,0.32750011682510366,0.0,0.0007839650867783831,0.3834579554811555
bed9b7ab6314c50a,2,6b7e1f5b521de19b,6f9a9c5f2856c8b3,Open,98.49392076768089,10,29,0.0,0.00026383054500911385,0.01034857858903706,0.0,0.025985704796221726,1.019272079606735
bedf1b316aeaa840,2,6b7e1f5b521de19b,6f9a9c5f2856c8b3,Open,44893.2429865961,10,0,0.0,0.0005044487887062132,0.3188685923814772,0.0,22.646342045682104,14315.045198575523
bf216d5de8b2c251,2,6b7e1f5b521de19b,,Open,1.170863568534039,1,412,0.0,7.882436802901794e-05,0.0001591567546711303,0.0,9.229258083789635e-05,0.0001863508457305362
bf23dfe432a17339,3,6b7e1f5b521de19b,,Open,36095.37719582366,30,64,0.0,0.005690503446385264,0.22233397662639612,0.0,205.4008683314106,8025.2287497772095
bf403131ef16bf81,2,6b7e1f5b521de19b,,Open,13121.811050396169,50,0,0.00028759543783962727,0.07297827824950218,0.7221142917871475,3.7737729942875458,957.607177973204,9475.447293621595
bf4a855ccff82456,2,6b7e1f5b521de19b,6f9a9c5f2856c8b3,Open,1.170863568534039,10,0,0.0,0.000927898523514159,0.5512561082839965,0.0,0.001086442576479254,0.6454456941215867
bf56e35ec6593790,0,6b7e1f5b521de19b,6f9a9c5f2856c8b3,Open,30440.618775478477,10,0,0.0,0.00033421296975575385,0.3135589361190796,0.0,10.173649602155422,9544.928038045511
bf57eb1ab7ccf3cc,3,6b7e1f5b521de19b,,Open,2357482.063301993,50,578,0.00028759543783962727,0.0022902370314113797,0.01577522167935967,678.0010861944046,5399.192722262331,37189.80215370317
bf58fbd8ee6ddd48,3,6b7e1f5b521de19b,d4f34f97b6d22a81,Open,5083.8994500666495,50,0,0.00028759543783962727,0.021150612737983465,0.4234053820371624,1.4621062882745584,107.52758846720681,2152.5503888939893
bf5ff01c4cbab7b3,3,6b7e1f5b521de19b,,Open,10473.765053251393,30,3,0.0,0.02789911050349474,0.48365152925252913,0.0,292.20872860830207,5065.652485036733
bf88b3f17f57bc78,2,6b7e1f5b521de19b,d4f34f97b6d22a81,Open,19044.08525693258,10,0,0.0,0.021261658146977426,0.5331426501274107,0.0,404.90883045479325,10153.214083133387
bf8b97fd9a37de57,3,6b7e1f5b521de19b,d4f34f97b6d22a81,Open,8011.0813007342695,30,40,0.0,0.0013071504537947476,0.009831088129431008,0.0,10.471688557641418,78.75764627955539
bfab3c9721b2c6cb,3,6b7e1f5b521de19b,d4f34f97b6d22a81,Open,1223.024129746237,10,0,0.0,0.0001803189908969216,0.02794067608192562,0.0,0.22053447691842715,34.172121049618575
bfc6938c845cf8ac,0,6b7e1f5b521de19b,6f9a9c5f2856c8b3,Open,162.58892276000725,40,72,0.0,0.001522039482370019,0.01080779656767845,0.0,0.24746675983674044,1.7572280013481432
bfc69ea6ac7b875d,5,6b7e1f5b521de19b,6f9a9c5f2856c8b3,Open,98.49392076768089,10,20,0.0,0.00032086341525427997,0.03664696011692285,0.0,0.031603095799302545,3.6095027861325613
bfd97b55c7239c1c,4,506023b3e03cfab3,28c9c64e5918b06e,Open,1.170863568534039,10,0,0.0,0.0014269115170463921,0.7286946415901184,0.0,0.0016707187108312579,0.8532020084238385
bfdc4ac273982b64,0,52838e14fa2f9ca3,,Open,41926.96627349031,70,0,0.004315088083967566,0.3489872321486473,0.965125361084938,180.9185525636481,14631.975912175069,40464.77846389835
bfdd2b225f20e10b,2,6b7e1f5b521de19b,6f9a9c5f2856c8b3,Open,98.49392076768089,10,20,0.0,0.00026383054500911385,0.011949782166630028,0.0,0.025985704796221726,1.176980897911104
c003431073fc3649,2,6b7e1f5b521de19b,6f9a9c5f2856c8b3,Open,17071833.149338674,10,0,0.0,0.000517994785332121,0.33391823470592474,0.0,8843.120547417473,5700596.388421258
c006a7e92b87532d,3,6b7e1f5b521de19b,,Open,35845.270270304114,40,0,0.00028759543783962727,0.029484307672828437,0.437158019840717,10.308936197867887,1056.8729772653367,15670.047372021469
c01fff8b261e51b1,3,6b7e1f5b521de19b,d4f34f97b6d22a81,Open,86909.64622425994,50,0,0.00028759543783962727,0.030115822050720453,0.44766251593828177,24.994817758353147,2617.355440180881,38906.1908880582
c02f4cd9a4569c56,2,6b7e1f5b521de19b,6f9a9c5f2856c8b3,Open,4271.355885203606,10,0,0.0,0.022775925509631634,0.5785749405622479,0.0,97.28408346652401,2471.299477401884
c0357fdbaa76d099,3,6b7e1f5b521de19b,,Open,9648.963805727817,1,51,0.0,7.643328171980102e-05,0.00011053212001570501,0.0,0.7375019688673576,1.0665204254019007
c04a5eaf20be964b,2,6b7e1f5b521de19b,d4f34f97b6d22a81,Open,634.3345668274252,10,0,0.0,0.04855168163776398,0.6603636771440503,0.0,30.798009940434067,418.8915070897368
c05e9265ae05d565,2,6b7e1f5b521de19b,6f9a9c5f2856c8b3,Open,737.4802775607949,60,0,0.0030671000480651856,0.28860230296850203,0.9585590749979018,2.2619257947538403,212.8385064978955,706.9184126878714
c07217dccd9a957c,0,6b7e1f5b521de19b,,Open,4271.355885203606,10,0,0.0,0.002209675603080541,0.729392197728157,0.0,9.438310891608896,3115.4936563877554
c088ae5bf6165ba8,0,fc3655a0b667e091,,Open,36095.37719582366,25,0,0.0,0.027927393931895493,0.4303016275167462,0.0,1008.0498180681246,15531.899553193769
c08b40db0c03ebd6,0,6b7e1f5b521de19b,6f9a9c5f2856c8b3,Open,2278109.6583754187,1,0,0.0,0.00015195147061604076,0.0003037548478459939,0.0,346.1621128147511,691.9868526563146
c08c545c4bbd999d,0,6b7e1f5b521de19b,6f9a9c5f2856c8b3,Open,142469.60630825118,10,0,0.0,0.00015694192188675515,0.007476958143524819,0.0,22.359453824466318,1065.2392830912536
c09c06b8894a5ade,5,6b7e1f5b521de19b,d4f34f97b6d22a81,Open,1.170863568534039,10,0,0.0,0.0001940284579177387,0.030240092054009425,0.0,0.00022718085263472013,0.03540702209515531
c0a0994d86dd834d,1,255414ab73601d72,6f9a9c5f2856c8b3,Open,2854602.6566189914,10,64,0.0,0.00012011901744699572,0.0018195214855950318,0.0,342.892066314657,5194.010866554911
c0b0fca95a0e7d16,0,6b7e1f5b521de19b,6f9a9c5f2856c8b3,Open,1.170863568534039,30,0,0.0,0.11374762654304504,0.8617922067642211,0.0,0.1331829519264669,1.0090410985467801
c0dc4a81df6b8629,4,e366e0e543d0c5cd,28c9c64e5918b06e,Open,69724.73083759527,60,80,0.0038218772737309338,0.04132979121059179,0.4931358292698858,266.47936420521177,2881.7085677325235,34383.76296221712
c0dd0e0c6b9b7f17,5,6b7e1f5b521de19b,,Open,1.170863568534039,10,0,0.0,0.0003893941582646221,0.07194171026349067,0.0,0.0004559274337120238,0.08423392760555258
c0f0aa4fc39770cd,3,6b7e1f5b521de19b,,Open,121130.27981900205,10,0,0.0,0.00017175444154418073,0.033441978693008405,0.0,20.804663564403043,4050.836236785213
c0fbb77725956aef,5,6b7e1f5b521de19b,6f9a9c5f2856c8b3,Open,1.170863568534039,10,0,0.0,0.0006684066698653624,0.18463647738099095,0.0,0.0007826130187105115,0.21618412478786142
c106deac097e5d6b,3,6b7e1f5b521de19b,d4f34f97b6d22a81,Open,180927.6393031778,10,0,0.0,0.0005110286612762139,0.3310870513319967,0.0,92.45920930096865,59902.79860134821
c10b2d3a7428f56d,4,6b7e1f5b521de19b,,Open,978123.8390316073,5,0,0.0,0.00011585038446355611,0.000262628796917852,0.0,113.31602280478117,256.8834870815418
c11d9b1b6ee6d3f2,3,6b7e1f5b521de19b,,Open,25102.753943361105,80,0,0.005494691058993339,0.2245867691934109,0.9515321195125579,137.93187764869606,5637.746405996626,23886.076665328612
c135549e954464c4,5,6b7e1f5b521de19b,28c9c64e5918b06e,Open,1.170863568534039,0,0,0.0,0.0001222041402797913,0.00029334622231544925,0.0,0.00014308437577763075,0.00034346840467624644
c137df3851f297a8,0,6b7e1f5b521de19b,6f9a9c5f2856c8b3,Open,293635.3272312708,10,258,0.0,0.00028819757062592544,0.021405425202101466,0.0,84.62498795800089,6285.389033743555
c14f4f2495ec93f8,2,6b7e1f5b521de19b,6f9a9c5f2856c8b3,Open,7045.211152236175,60,19,0.0011230711825191975,0.09425887018442154,0.7964452773332593,7.912273619839318,664.0736434204686,5611.125150014112
c15533ba2525f958,2,6b7e1f5b521de19b,6f9a9c5f2856c8b3,Open,1.170863568534039,10,0,0.0,0.000927898523514159,0.5512561082839965,0.0,0.001086442576479254,0.6454456941215867
c156c85658a2e132,3,6b7e1f5b521de19b,,Open,1.170863568534039,10,0,0.0,0.00017203705283463933,0.030838626995682707,0.0,0.0002014319176020448,0.0361078248528552
c1592c179467dc31,2,6b7e1f5b521de19b,6f9a9c5f2856c8b3,Open,147782.212188992,30,0,0.0,0.007166442484594882,0.11375051066279407,0.0,1059.0727238986078,16810.30210337523
c15ea1b31b7e693f,5,6b7e1f5b521de19b,6f9a9c5f2856c8b3,Open,46580.410918135836,40,0,0.0002038492588326335,0.06577504500746727,0.728466549515724,9.495382241781499,3063.828624606704,33932.27121655897
c16532c2bf1dd098,0,6b7e1f5b521de19b,6f9a9c5f2856c8b3,Open,1.170863568534039,10,0,0.0,0.0003803798550507054,0.32467306107282634,0.0,0.0004453729144831294,0.3801478588945994
c16628f058e39ef7,3,6b7e1f5b521de19b,,Open,2703.457314450213,30,42,0.0,0.0010661668755346909,0.010255262907594436,0.0,2.88233663808879,27.724665519146136
c175ab98f70c4cee,2,6b7e1f5b521de19b,6f9a9c5f2856c8b3,Open,260872.325045877,0,287,0.0,9.841538121690974e-05,0.00019523018490872344,0.0,25.673849318331573,50.93015225627517
c176ca97761ee7a8,4,bd661df59343798b,d4f34f97b6d22a81,Open,1.170863568534039,10,0,0.0,0.00032727676443755627,0.003928248968441038,0.0,0.00038319644030763116,0.004599443605279031
c1889aabcd0dd763,2,6b7e1f5b521de19b,,Open,334572.7778549476,50,0,0.00028759543783962727,0.10505064949393272,0.8191803544759749,96.221604536414,35147.087616651515,274075.4467612276
c18d0b314a8a0a44,5,6b7e1f5b521de19b,6f9a9c5f2856c8b3,Open,1.170863568534039,60,0,0.0010428334586322307,0.05978227183222771,0.8261990636587142,0.0012210157047608276,0.06999688413255409,0.9673663839949237
c18f86dc0f42c475,4,47dc86e9ce418791,28c9c64e5918b06e,Open,36739.61151655595,10,3,0.0,0.0004267894692020491,0.193202967941761,0.0,15.680079297840404,7098.201986025913
c1bde03ecdf1665f,2,6b7e1f5b521de19b,,Open,1.170863568534039,1,733,0.0,8.045270769798662e-05,0.00016228450986091047,0.0,9.419914443349056e-05,0.00019001302033354306
c1c94cd118a55387,2,6b7e1f5b521de19b,6f9a9c5f2856c8b3,Open,19914.157415682886,5,154,0.0,8.454486342088786e-05,0.00014687992297695017,0.0,1.6836397188509706,2.9249899073663634
c1cd8c38472384b8,3,6b7e1f5b521de19b,,Open,5126.849721354915,70,0,0.0010428334586322307,0.5741261541843414,0.9837263613939286,5.346450426808235,2943.45851360256,5043.417221801948
c1eaa9d177da123e,3,6b7e1f5b521de19b,d4f34f97b6d22a81,Open,11648.67702167627,30,8,0.0,0.0772367063909769,0.7851445168256758,0.0,899.7054469665294,9145.894891842367
c1ec00ff07cda088,3,062b9e5a52eb6d8e,28c9c64e5918b06e,Open,105764.9719947007,1,45,0.0,9.352364868391305e-05,0.0001795947886421345,0.0,9.891526083896292,18.994837791129545
c20894a00ffb2fbb,0,e43bc3ffd79e75b6,,Open,1845240.0868962975,20,7,0.0,0.03366447277367115,0.7171393752098082,0.0,62119.03466620699,1323294.323028903
c2100b4120abb2a1,1,6b7e1f5b521de19b,,Open,4947.891911494577,25,97,0.0,0.001023647078545764,0.0045159446541219945,0.0,5.064895100161639,22.34440602688739
c2208afc555dcf4e,3,6b7e1f5b521de19b,,Open,5083.8994500666495,10,0,0.0,0.0006098432204453275,0.06293492801487444,0.0,3.100381613048875,319.9548459248043
c2333b59b359bfa0,3,6b7e1f5b521de19b,6f9a9c5f2856c8b3,Open,239334.7116857018,30,0,0.00017479545203968883,0.043999771028757094,0.6155896663665769,41.83461911789084,10530.672513404474,147331.97531654203
c23426e99e8339b4,2,6b7e1f5b521de19b,,Open,1.170863568534039,10,0,0.0,0.00018217395481769926,0.028275952208787196,0.0,0.00021330084683181014,0.03310728230687852
c2411566430a6b16,3,6b7e1f5b521de19b,d4f34f97b6d22a81,Open,38019.97120731995,20,666,0.0,0.0006170053529785946,0.005847094417549668,0.0,23.45852575500845,222.30636140171958
c2473265a0598685,2,6b7e1f5b521de19b,6f9a9c5f2856c8b3,Open,85869.50411400758,60,0,0.0030671000480651856,0.11040632463991643,0.8981579333543778,263.3703601954063,9480.536347879759,77124.37635320229
c24e1d840cae921b,1,6b7e1f5b521de19b,,Open,2.4198904513070483,10,0,0.0,0.000183361564995721,0.0025095723685808475,0.0,0.0004437149002698619,0.006072890211592805
c25fc9168085cdf6,2,6b7e1f5b521de19b,,Open,1.170863568534039,10,404,0.0,0.00014832598972134293,0.0021957558114081613,0.0,0.00017366949763147476,0.002570930484974714
c2687b4970fc499f,2,6b7e1f5b521de19b,6f9a9c5f2856c8b3,Open,507.8161000568855,50,0,0.00028759543783962727,0.06997181903570891,0.7252025395631789,0.14604559363787195,35.532816256599844,368.26952539232275
c26fb6840b8760cf,1,6b7e1f5b521de19b,,Open,2.4198904513070483,10,0,0.0,0.00019264130824012682,0.002737265243194996,0.0,0.0004661708623375807,0.006623882024702236
c2710fa8239aa37f,2,6b7e1f5b521de19b,6f9a9c5f2856c8b3,Open,1.170863568534039,10,0,0.0,0.000927898523514159,0.5512561082839965,0.0,0.001086442576479254,0.6454456941215867
c2933148d5250870,2,6b7e1f5b521de19b,6f9a9c5f2856c8b3,Open,7713.820124479206,70,0,0.01843751184642315,0.39761925488710403,0.978763473033905,142.22364992626265,3067.1634102285702,7550.005375394097
c29c31a4564cdded,5,6b7e1f5b521de19b,6f9a9c5f2856c8b3,Open,1060.8669669680157,40,0,0.00028759543783962727,0.031042063422501088,0.48945148587226844,0.3051004998547639,32.93149967145751,519.2429132953021
c2a2893c7544a6f4,3,6b7e1f5b521de19b,d4f34f97b6d22a81,Open,2581.018322439318,20,0,0.0,0.03423110945150257,0.5687999576330184,0.0,88.35112069175385,1468.0831124535284
c2a9e62bb81b530c,3,6b7e1f5b521de19b,,Open,147782.212188992,30,0,0.0,0.01323651559650898,0.4176088631153106,0.0,1956.1215565261923,61715.16162091055
c2abe145441aeb98,5,6b7e1f5b521de19b,6f9a9c5f2856c8b3,Open,1060.8669669680157,40,0,0.0,0.03941970597952604,0.4705203235149382,0.0,41.81906392127075,499.15946850410205
c2b7ef7e6329c263,4,d1650c60f1f48b67,28c9c64e5918b06e,Open,28286.385657589064,10,182,0.0,0.0001963499169505667,0.006848663301207118,0.0,5.5540294746993135,193.7239313769216
c2ce31817753700a,3,6b7e1f5b521de19b,,Open,1.170863568534039,10,0,0.0,0.00015352309783338568,0.0020676776999607677,0.0,0.00017975460218159833,0.0024209684903543183
c2d2b930d5c6cff5,5,6b7e1f5b521de19b,d4f34f97b6d22a81,Open,1.170863568534039,10,0,0.0,0.0011471690057078378,0.555386859178543,0.0,0.0013431783957347243,0.6502822398547007
c2dca91e3fc4ada8,5,6b7e1f5b521de19b,6f9a9c5f2856c8b3,Open,317962.8272866891,10,322,0.0,0.00018819845863617956,0.002989125379826872,0.0,59.84011399895666,950.4307568841505
c2e35dd37c07ec9d,2,6b7e1f5b521de19b,6f9a9c5f2856c8b3,Open,75565.3538218023,70,84,0.04953205659985542,0.048165594786405565,0.7732039660215377,3742.9073824896127,3639.6502120722926,58427.43126883831
c2f0574322ab3226,0,6b7e1f5b521de19b,6f9a9c5f2856c8b3,Open,1.170863568534039,40,0,0.00028759543783962727,0.09954201318323612,0.8524304389953612,0.00033673502064301535,0.11655011677478619,0.998079745729146
c2f2bae37e322697,0,674ec33189ed753c,,Open,5459750.127724096,10,0,0.0,0.0001619255774130579,0.03583655692636965,0.0,884.0731919627409,195658.64625593857
c2fa284044c674f5,2,6b7e1f5b521de19b,6f9a9c5f2856c8b3,Open,130175.6594542954,70,75,0.06065395697951317,0.04677634499967098,0.7745917975902556,7895.66884832059,6089.141557193803,100832.99805919963
c30b8fb48b14db58,5,6b7e1f5b521de19b,d4f34f97b6d22a81,Open,1167559.3625932876,1,353,0.0,9.339107018604408e-05,0.0001563359626743477,0.0,109.03961837832261,182.5315169304694
c33e7e1ea9571f5a,4,16450d61eee679f5,28c9c64e5918b06e,Open,17830.89515679183,10,307,0.0,0.0001937654677021783,0.004266561614349484,0.0,3.455011739604275,76.07661282545814
c371611f11c2eff6,5,6b7e1f5b521de19b,6f9a9c5f2856c8b3,Open,1.170863568534039,0,0,0.0,0.00012398060716805047,0.00036740291689056886,0.0,0.0001451643761378004,0.0004301786903603064
c385bbb52e9722df,2,6b7e1f5b521de19b,d4f34f97b6d22a81,Open,1306.5435206718141,60,0,0.0037198133766651155,0.7129548400640487,0.9887364655733109,4.860098065390149,931.5065268172924,1291.8272227467594
c39108b1d4ccc6e5,2,6b7e1f5b521de19b,6f9a9c5f2856c8b3,Open,9961.259242249831,60,266,0.0028538778424263,0.004648554755840451,0.07375913485884665,28.428217034120987,46.3054590247201,734.7338638130378
c397399eceeee936,2,6b7e1f5b521de19b,,Open,1947.7864758271053,90,0,0.009697612794116139,0.9850308179855347,0.9999379813671112,18.88887904818732,1918.6297055451355,1947.6656767727152
c3aee874efbf07f3,5,7b7c16a1b24ec3b8,,Open,1.170863568534039,10,0,0.0,0.0001687106559984386,0.029559524264186603,0.0,0.0001975371607320505,0.03461017006413404
c3b246e4a50bc626,2,6b7e1f5b521de19b,6f9a9c5f2856c8b3,Open,37318.18321479846,10,101,0.0,0.00014402600572793745,0.0027503540972247716,0.0,5.374788869450782,102.63821810580565
c3bca6813f3fa03b,0,6b7e1f5b521de19b,,Open,1.170863568534039,10,0,0.0,0.0012036750209517778,0.5004582926630973,0.0,0.0014093392303868827,0.5859683824499665
c3bf994422f0e52a,1,6b7e1f5b521de19b,,Open,40623.28627109482,10,252,0.0,0.00018678782289498487,0.005517597217112772,0.0,7.58793520141753,224.14293127936824
c3c4d3be0153fb88,5,6b7e1f5b521de19b,d4f34f97b6d22a81,Open,2607415.025367419,0,66,0.0,0.00013245784139144235,0.0005950187478447332,0.0,345.3725658717812,1551.4608235056648
c3dd554a512635fd,0,6b7e1f5b521de19b,,Open,16319.417538105961,90,403,0.30015183985233307,0.7032523602247238,0.9998898267745971,4898.303199380936,11476.668901165769,16317.619575239092
c3e48bb5b17fb6a2,3,6b7e1f5b521de19b,,Open,35845.270270304114,10,0,0.0,0.00013789696022286081,0.0017987384111620484,0.0,4.942953808641822,64.47626449368103
c3e5f4c19d2abbcb,2,6b7e1f5b521de19b,6f9a9c5f2856c8b3,Open,1.170863568534039,10,0,0.0,0.00026693929030443544,0.06757796965539453,0.0,0.00031254949002779505,0.07912458270500024
c425b419b17e3b08,5,6b7e1f5b521de19b,d4f34f97b6d22a81,Open,1.170863568534039,10,0,0.0,0.09341709651052951,0.8418365031480789,0.0,0.1093786749824073,0.9856756921981764
c4279a66b51c8fb3,3,6b7e1f5b521de19b,d4f34f97b6d22a81,Open,5904.2113289495155,10,0,0.0,0.0006798232672736049,0.30165792256593693,0.0,4.013820236320292,1781.0521238811805
c42950d5e0cd3666,3,6b7e1f5b521de19b,,Open,9648.963805727817,10,0,0.0,0.00017477600413258189,0.031090289913117852,0.0,1.686407337985018,299.9890820812588
c42a043336d59970,1,6b7e1f5b521de19b,,Open,1.170863568534039,10,0,0.0,0.0005171641532797366,0.198085431754589,0.0,0.0006055286660269972,0.23193101549878392
c4339f78651ddbbb,3,6b7e1f5b521de19b,,Open,1.170863568534039,10,316,0.0,0.00010942466869892086,0.0003441233464400283,0.0,0.00012812135807847342,0.0004029214894286469
c4465ce6a58b39d3,3,6b7e1f5b521de19b,d4f34f97b6d22a81,Open,13029.255426668886,10,0,0.0,0.00017803255686885678,0.031090289913117852,0.0,2.3196316577072893,405.0833285671997
c44cd6a14de2ea7a,4,16450d61eee679f5,28c9c64e5918b06e,Open,1.170863568534039,10,0,0.0,0.00041223434527637437,0.35909645706415166,0.0,0.0004826701765825888,0.4204529591660629
c45fd3ab6354ddd5,2,6b7e1f5b521de19b,6f9a9c5f2856c8b3,Open,45688.18102924914,30,16,0.00028759543783962727,0.017550599947571754,0.26605356633663174,13.13971242720306,801.8549875765888,12155.503502265377
c46510a168e3334d,2,6b7e1f5b521de19b,6f9a9c5f2856c8b3,Open,264.11418569428724,40,0,0.0,0.023929321486502887,0.44348475933074943,0.0,6.320073258624521,117.13061607846784
c46f1abd0e228145,0,6b7e1f5b521de19b,6f9a9c5f2856c8b3,Open,4854.049577612525,80,31,0.09429508820176125,0.026699170283973218,0.6594814211130141,457.713033056695,129.5990962395251,3201.1555135969343
c47c3ece9a4433a6,2,6b7e1f5b521de19b,6f9a9c5f2856c8b3,Open,70333.95149062105,40,0,0.001301340665668249,0.009552420536056162,0.20745517611503583,91.52843125188313,671.8594826009864,14591.142293353178
c47d489faf084a2e,2,6b7e1f5b521de19b,6f9a9c5f2856c8b3,Open,361.29574083874047,40,0,0.00028759543783962727,0.03441089242696762,0.5645997613668441,0.10390700677611006,12.43250887232347,203.98748906041
c48690856812c4fa,2,6b7e1f5b521de19b,6f9a9c5f2856c8b3,Open,267.88962019042316,40,0,0.0,0.028380311466753485,0.4519392520189285,0.0,7.602790859714502,121.06983457249468
c4be66941a223964,4,6b7e1f5b521de19b,28c9c64e5918b06e,Open,1.170863568534039,10,0,0.0,0.0004210615166812204,0.08765837103128428,0.0,0.0004930055899937285,0.10263599311757034
c4c09f5e91550214,5,6b7e1f5b521de19b,d4f34f97b6d22a81,Open,47940.777474985596,30,227,0.0,0.0008779164927545935,0.005034647299908101,0.0,42.08799922076777,241.36490586993133
c4c9ccb5c4e52ca6,6,6b7e1f5b521de19b,,Open,1.170863568534039,30,0,0.0,0.0009222655469784514,0.21355274617671943,0.0,0.001079847129471187,0.25004113045871756
c4d464a51ea1ef6c,3,6b7e1f5b521de19b,,Open,2.4198904513070483,10,436,0.0,9.827846879488789e-05,0.0008210752799641341,0.0,0.0002378231282058269,0.0019869122297894695
c4d9462e873aa60f,2,6b7e1f5b521de19b,6f9a9c5f2856c8b3,Open,148265.090952088,5,0,0.0,0.00018719916988629848,0.0018846226856112478,0.0,27.75510194934742,279.42375389252004
c4f3e2f51eb66185,5,6b7e1f5b521de19b,6f9a9c5f2856c8b3,Open,1060.8669669680157,10,0,0.0,0.0005444268666906282,0.2218082435429095,0.0,0.577564478801987,235.30903857586938
c4f580f951c6f3d5,3,6b7e1f5b521de19b,d4f34f97b6d22a81,Open,26100.43344296827,10,30,0.0,9.542218103888444e-05,0.0020138889318332062,0.0,2.4905602851882724,52.563374026843064
c50302ddc02deab6,1,6b7e1f5b521de19b,,Open,2.4198904513070483,10,0,0.0,0.000259806133544771,0.0038513242849148805,0.0,0.0006287023817559952,0.009319782861952465
c506425984f58e0b,0,6b7e1f5b521de19b,6f9a9c5f2856c8b3,Open,1.170863568534039,10,0,0.0,0.0010434013383928686,0.5442198514938352,0.0,0.0012216806144838665,0.6372071973871366
c5086ee109136176,2,6b7e1f5b521de19b,,Open,5569549.845960992,50,0,0.00116905365139246,0.054016855731606486,0.7685675799846649,6511.102584033011,300849.57051926607,4280575.446714203
c5143c24dff99849,2,6b7e1f5b521de19b,6f9a9c5f2856c8b3,Open,1.170863568534039,10,0,0.0,0.00108820635068696,0.6519014447927475,0.0,0.0012741411710667377,0.7632876519825321
c515f3122495be3a,0,674ec33189ed753c,,Open,379080.7034122335,10,1644,0.0,0.0001545309445646126,0.003026675025466825,0.0,58.5796991645102,1147.3540976542038
c5366b4e54d2c913,4,e366e0e543d0c5cd,d4f34f97b6d22a81,Open,1.170863568534039,10,0,0.0,0.0007124521565856412,0.3588404610753059,0.0,0.0008341842744696357,0.4201532227890326
c53c8bacd939553d,4,7b7c16a1b24ec3b8,28c9c64e5918b06e,Open,1.170863568534039,20,0,0.0,0.09847600348293781,0.8617922067642211,0.0,0.11530196485300301,1.0090410985467801
c544b2f778ecf171,0,674ec33189ed753c,,Open,524417.177630072,40,0,0.00030614933930337427,0.1103563666343689,0.8533518642187116,160.5499724507868,57872.774323905185,447512.3761589371
c547a7b32d3d8e83,2,6b7e1f5b521de19b,d4f34f97b6d22a81,Open,1.170863568534039,10,0,0.0,0.18531485348939897,0.9105042546987534,0.0,0.21697841065896029,1.066076260822008
c553de20461aca07,2,6b7e1f5b521de19b,6f9a9c5f2856c8b3,Open,98.49392076768089,10,0,0.0,0.0004692120826803148,0.1953245200216769,0.0,0.04621453769475346,19.238277799000347
c55c47495dc5f625,4,95a23e7fbcc5841e,28c9c64e5918b06e,Open,1.170863568534039,10,0,0.0,0.0007394386891974137,0.334874552488327,0.0,0.0008657818223458159,0.39209241353772184
c5615c642d8b16b1,0,fc3655a0b667e091,,Open,1287.0828528119127,10,119,0.0,9.827846879488789e-05,0.00089222103706561,0.0,0.12649253198651084,1.1483623977252087
c561ef8eb8d6e5cb,3,6b7e1f5b521de19b,d4f34f97b6d22a81,Open,1533.6131436779021,10,0,0.0,0.0004470375599339604,0.28506218791007987,0.0,0.6855826776324196,437.17511814447846
c575fdee82fbf6de,0,6b7e1f5b521de19b,,Open,80872.05936290111,10,0,0.0,0.00031010274542495606,0.30763087123632427,0.0,25.07864763660566,24878.742080485004
c58a239d9b4c9acf,2,6b7e1f5b521de19b,d4f34f97b6d22a81,Open,1028.3146841294915,70,0,0.04497272446751595,0.6676823318004608,0.991071131825447,46.246112955256315,686.5875461242332,1019.1329978729423
c58f67b737fb25f7,5,6b7e1f5b521de19b,d4f34f97b6d22a81,Open,1.170863568534039,50,0,0.0013329769484698773,0.16603091433644296,0.9117025464773177,0.0015607341466590543,0.19439954884693694,1.0674792970100027
c59a010fb7e7700f,5,255414ab73601d72,28c9c64e5918b06e,Open,4854.049577612525,10,0,0.0,0.004800676391460002,0.5392652571201322,0.0,23.302721210220845,2617.6202935450874
c5a58efa0175daf7,2,6b7e1f5b521de19b,6f9a9c5f2856c8b3,Open,98.49392076768089,10,0,0.0,0.0005548442466533743,0.1963965989649295,0.0,0.05464878526828105,19.343871057493764
c5b18ef26be72e5b,4,e366e0e543d0c5cd,d4f34f97b6d22a81,Open,33674.2230102896,95,5,0.9997202754020691,0.9658930331468583,0.9999350428581237,33664.80350179741,32525.697402272348,33672.03562900794
c5b96181308de3a5,4,bb25152d8e0211c1,28c9c64e5918b06e,Open,199000.5051171355,50,1089,0.001301340665668249,0.002478061814326793,0.080404246971011,258.9674497974509,493.1355527625171,16000.485760794103
c5ecb1818511e65e,1,6b7e1f5b521de19b,6f9a9c5f2856c8b3,Open,5640.478316443186,50,174,0.001301340665668249,0.004273806652054191,0.0341860082000494,7.3401838070075,24.10631374958231,192.82543797812755
c606f91f64a04486,0,6b7e1f5b521de19b,,Open,1.170863568534039,70,0,0.014818603172898293,0.3260872334241867,0.9685497343540191,0.01735056259170953,0.3818036617804354,1.1340395982684424
c60987985f6f5e36,5,6b7e1f5b521de19b,6f9a9c5f2856c8b3,Open,5738686.826296861,60,154,0.005200286069884897,0.018001288222149015,0.3356831282377243,29842.813162223534,103303.7555768194,1926380.3458279483
c61628d21c724a00,0,bd661df59343798b,,Open,13320.161206679739,10,0,0.0,0.00042068089242093266,0.3211425840854645,0.0,5.6035373036167195,4277.67099034809
c62534f60edc6677,4,ac6153076817c20f,28c9c64e5918b06e,Open,237316.83035984516,10,0,0.0,0.00021443735604407266,0.04206871893256903,0.0,50.88959364712491,9983.61503437649
c6361166741ce738,5,6b7e1f5b521de19b,6f9a9c5f2856c8b3,Open,130935.58300754396,60,287,0.0013730619801208376,0.0021561889443546534,0.01607998991385101,179.7826708726146,282.3218565034973,2105.442854125509
c63f16d76e9127de,2,6b7e1f5b521de19b,6f9a9c5f2856c8b3,Open,1.170863568534039,10,0,0.0,0.000927898523514159,0.541779863834381,0.0,0.001086442576479254,0.6343503047290091
c63f65b8a149afef,3,6b7e1f5b521de19b,,Open,33891.25144510754,10,0,0.0,0.0003785553650232032,0.021817036252468818,0.0,12.829715061895849,739.4066614194475
c6426ad93b666d3b,3,6b7e1f5b521de19b,,Open,2.4198904513070483,10,0,0.0,0.00017156905887532047,0.02806840511038899,0.0,0.00041517832731212477,0.06792246551004827
c6434da21add7d3a,3,6b7e1f5b521de19b,,Open,21273.147061594493,30,195,0.0,0.0011173652426805347,0.004815431707538663,0.0,23.769875129057233,102.43938687953506
c6493760b99f7da8,2,6b7e1f5b521de19b,,Open,1064506.8667509402,70,0,0.02159004136919975,0.30421297401189806,0.9726442635059356,22982.747290950007,323836.7997903908,1035386.4974079793
c64c8ce78b5bb30c,1,6b7e1f5b521de19b,,Open,5083.8994500666495,50,293,0.0011230711825191975,0.0017351547488942743,0.013571765739470712,5.70958096719505,8.821352273684136,68.99749237932855
c658cb088fe4d976,0,6ab36d9b02cbcf6b,,Open,524417.177630072,5,0,0.0,0.00013568114736699498,0.0003279182215919718,0.0,71.15352435980938,171.96594826073436
c6728a3cf1f267d5,2,6b7e1f5b521de19b,6f9a9c5f2856c8b3,Open,38249.3506508764,20,82,0.0,0.0030496306833811106,0.0827210653573274,0.0,116.64639336431591,3164.0270350664796
c699c45bc40ca0dc,3,6b7e1f5b521de19b,,Open,37820.4743961143,30,0,0.0,0.025743308756500487,0.4217796534299849,0.0,973.6241496964918,15951.906583350708
c69ee0c0930c102a,5,6b7e1f5b521de19b,d4f34f97b6d22a81,Open,10094.494388306393,30,4,0.0,0.05952860526740551,0.7619492292404173,0.0,600.9111718155314,7691.492218741774
c6b5b7034df0fa90,2,6b7e1f5b521de19b,6f9a9c5f2856c8b3,Open,1077.9932931851934,60,0,0.0028538778424263,0.051626909710466865,0.8104329973459243,3.0764611737053813,55.65346241576081,873.64133571488
c6df9156a6e4ea96,3,6b7e1f5b521de19b,,Open,5083.8994500666495,10,0,0.0,0.0001402120789862238,0.001610604830784723,0.0,0.7128241112507648,8.188153013501143
c6e16df9403296be,2,6b7e1f5b521de19b,6f9a9c5f2856c8b3,Open,331.9676552828154,10,0,0.0,0.0001932342776854057,0.04287503194063899,0.0,0.06414753008349258,14.233123823509743
c6e6a0f6da61ce26,3,6b7e1f5b521de19b,,Open,21273.147061594493,90,0,0.027957075648009776,0.9755014598369598,0.9999342739582062,594.7349816722341,20751.98601391176,21271.748861841636
c6ed2291828ca718,3,6b7e1f5b521de19b,,Open,1.170863568534039,10,0,0.0,0.0005892158456845209,0.19498045295476904,0.0,0.0006898913677149798,0.22829550894100417
c6f06535759323a3,2,6b7e1f5b521de19b,6f9a9c5f2856c8b3,Open,520.9083467957248,10,52,0.0,0.00022599786752834918,0.006521715107373893,0.0,0.1177241755535516,3.3972158348548374
c6f30890868e97f9,0,062b9e5a52eb6d8e,,Open,104601.22875404885,10,283,0.0,0.00018086824275087565,0.005794421699829399,0.0,18.91904043432718,606.1036297212796
c6f4cc277b25ae5c,2,6b7e1f5b521de19b,6f9a9c5f2856c8b3,Open,1.170863568534039,10,0,0.0,0.0006026408023899421,0.32396423071622843,0.0,0.0007056101604305042,0.37931791525378794
c6fc009225259d1c,2,6b7e1f5b521de19b,6f9a9c5f2856c8b3,Open,98.49392076768089,40,0,0.00028759543783962727,0.046129532344639304,0.5952739387750622,0.028326402267722744,4.543478503803077,58.6308641607763
c70aff09beefb0c4,3,6b7e1f5b521de19b,,Open,2.4198904513070483,10,0,0.0,0.00015352309783338568,0.0020864389254711567,0.0,0.0003715090785020878,0.00504895363298299
c70eb45984f679a1,2,6b7e1f5b521de19b,6f9a9c5f2856c8b3,Open,1872.2447247703253,40,0,0.0,0.024754572287201883,0.44498907178640357,0.0,46.34661737865941,833.1284422325377
c71f539ea8b6c619,3,6b7e1f5b521de19b,,Open,25102.753943361105,10,147,0.0,9.874991519609466e-05,0.0006349836738081649,0.0,2.47889482309534,15.939838921657833
c7210437ea8753c5,3,6b7e1f5b521de19b,,Open,26069.093051354932,30,66,0.0,0.0013259752187877894,0.01330448845401406,0.0,34.56697136236959,346.8359475083699
c72811861d26c565,3,6b7e1f5b521de19b,,Open,368869.1381210446,1,116,0.0,8.425843116128817e-05,0.0001372690421703737,0.0,31.080334881895734,50.63431327608707
c7294e4429b410b7,0,6b7e1f5b521de19b,6f9a9c5f2856c8b3,Open,32922.755211626274,10,0,0.0,0.00034820786677300933,0.3135589361190796,0.0,11.46396236053036,10323.224098266417
c72c4fad364c0101,2,6b7e1f5b521de19b,6f9a9c5f2856c8b3,Open,331.9676552828154,40,0,0.00028759543783962727,0.028989685978740454,0.47170811742544166,0.09547238316965574,9.623638081747577,156.59183771959482
c73a759878858f35,6,6b7e1f5b521de19b,,Open,446407.17085144145,10,121,0.0,0.00011442200520832558,0.0012398690858390182,0.0,51.07880362819752,553.4864508355591
c748110453718b3f,3,6b7e1f5b521de19b,1e1439736d3ae4c5,Open,1.170863568534039,10,0,0.0,0.00016259662734228187,0.02881347872316835,0.0,0.00019037846732158345,0.0337366525196885
c75f8f00c3e58b73,3,6b7e1f5b521de19b,,Open,89664.46366676311,20,0,0.0,0.018546080403029918,0.42245502471923807,0.0,1662.9243524583435,37879.203214779634
c76de09debad0d1b,5,6b7e1f5b521de19b,6f9a9c5f2856c8b3,Open,6339312.355787864,70,0,0.003829578310251236,0.2841283977031708,0.964640387892723,24276.89309963287,1801178.6621899186,6115156.7298603365
c778fe940316e82a,0,062b9e5a52eb6d8e,,Open,7495.264905653416,10,0,0.0,0.00042068089242093266,0.33793088048696507,0.0,3.1531147294415764,2532.881469050508
c780d9abc605280e,0,fc3655a0b667e091,,Open,40882.782652931186,30,0,0.0,0.09763264618813992,0.8496556431055068,0.0,3991.494253940255,34736.2869869189
c785f209bb5e4925,3,6b7e1f5b521de19b,,Open,21273.147061594493,20,0,0.0,0.015313867572695017,0.415452080965042,0.0,325.77415695572415,8837.9732154148
c7885f7d50f5d9f8,2,6b7e1f5b521de19b,6f9a9c5f2856c8b3,Open,1.170863568534039,10,0,0.0,0.000927898523514159,0.5512561082839965,0.0,0.001086442576479254,0.6454456941215867
c78ecef356667e48,2,6b7e1f5b521de19b,6f9a9c5f2856c8b3,Open,1.170863568534039,10,0,0.0,0.0006026408023899421,0.32965056151151645,0.0,0.0007056101604305042,0.38597583282062387
c7c779bd230b7cdf,2,6b7e1f5b521de19b,6f9a9c5f2856c8b3,Open,455.427302732939,50,0,0.00028759543783962727,0.08792863711714745,0.7633266776800156,0.13097881453360005,40.04510203524585,347.639809919905
c7d58cdcf84d1bb3,4,e366e0e543d0c5cd,28c9c64e5918b06e,Open,1.170863568534039,10,0,0.0,0.000664857227820903,0.05817860085517168,0.0,0.000778457106332031,0.06811920420960381
c7dbfdf1e20272a8,5,6b7e1f5b521de19b,6f9a9c5f2856c8b3,Open,3247437.2860405147,40,102,0.00116905365139246,0.013619039906188847,0.23310968354344347,3796.428416913684,44226.97799143138,757009.0780760833
c7f0fab864a89da0,0,7b7c16a1b24ec3b8,,Open,41091.77310445576,90,0,0.0230478061363101,0.9761690735816956,0.9999344229698182,947.0752203087377,40112.51808320581,41089.07842801066
c7fa02ddc03b8426,0,062b9e5a52eb6d8e,,Open,3020.346162491937,10,0,0.0,0.0004079550169990398,0.33651912957429875,0.0,1.2321653700623827,1016.40426161486
c7fa198f0f53638a,3,6b7e1f5b521de19b,,Open,36077.87700023642,80,0,0.0070125296711921695,0.3171906441450119,0.9846140027046203,252.99718293777943,11443.5650450895,35522.78288228774
c7fb1b79fc71e5f1,3,6b7e1f5b521de19b,,Open,275957.8919334273,10,0,0.0,0.00018490214642952196,0.040850431099534026,0.0,51.025206542656775,11272.99885079913
c8044634358699c2,5,6b7e1f5b521de19b,6f9a9c5f2856c8b3,Open,1.170863568534039,70,0,0.0028538778424263,0.17458715066313746,0.9180594414472578,0.0033415015947434812,0.20441773424563103,1.074922353739303
c811d4ce03edb90c,5,6b7e1f5b521de19b,6f9a9c5f2856c8b3,Open,1014611.5544572102,0,271,0.0,8.562210568925366e-05,0.000139774453418795,0.0,86.8731777492732,141.81677545665053
c814d3fe89637a05,2,6b7e1f5b521de19b,6f9a9c5f2856c8b3,Open,98.49392076768089,10,25,0.0,0.00032086341525427997,0.021978327818214856,0.0,0.031603095799302545,2.164731678733371
c8192988a04b76c5,2,6b7e1f5b521de19b,,Open,1.170863568534039,1,42,0.0,7.882436802901794e-05,0.00017089802204282024,0.0,9.229258083789635e-05,0.00020009826794446534
c81cc9c0ba069416,5,6b7e1f5b521de19b,6f9a9c5f2856c8b3,Open,98.49392076768089,40,0,0.00028759543783962727,0.036553236469626424,0.650022858381271,0.028326402267722744,3.6002715766416884,64.02329991058637
c82959f575be8253,4,6b7e1f5b521de19b,28c9c64e5918b06e,Open,113064.6099097512,40,286,0.0,0.000648761261254549,0.0030372474691830573,0.0,73.35193892830377,343.40520030256147
c8351f4201cd8334,3,6b7e1f5b521de19b,,Open,2.4198904513070483,10,0,0.0,0.0006467117927968502,0.30923596769571293,0.0,0.00156497169213676,0.7483171654275506
c835cadab0318732,3,6b7e1f5b521de19b,,Open,1.170863568534039,10,0,0.0,0.0005629523715469986,0.32750011682510366,0.0,0.000659140422664219,0.3834579554811555
c8527e27dbc8d968,3,6b7e1f5b521de19b,,Open,18356.117055075065,70,0,0.0,0.08646817989647389,0.8060839802026747,0.0,1587.2200317189631,14796.571896821108
c861bd50d28e052d,1,255414ab73601d72,6f9a9c5f2856c8b3,Open,860345.2341691502,10,0,0.0,0.0002022835506068077,0.04068789798766372,0.0,174.03368871538112,35005.63912204704
c87304d308d2d34c,5,6b7e1f5b521de19b,6f9a9c5f2856c8b3,Open,220903.98917562133,20,835,0.0,0.0010723033803515137,0.005166571168228983,0.0,236.87609432615295,1141.3161814215325
c87721591ae96a7a,0,6b7e1f5b521de19b,6f9a9c5f2856c8b3,Open,1.170863568534039,90,0,0.3090071313083172,0.9930469512939453,0.9999381840229035,0.36180519246612264,1.1627224971138768,1.1707911904585033
c88088d509b72e87,2,6b7e1f5b521de19b,6f9a9c5f2856c8b3,Open,34.049530754318994,70,0,0.04347741007804871,0.45363161712884903,0.9882160454988479,1.480385411570658,15.445943698560203,33.64829263312452
c8832bf1f03adbeb,4,6d74405afdbc85ba,28c9c64e5918b06e,Open,1.170863568534039,10,0,0.0,0.000678489136043936,0.5193159013986584,0.0,0.00079441821103998,0.6080480695081042
c8833498622054e7,3,6b7e1f5b521de19b,,Open,4271.355885203606,50,0,0.0,0.056620425544679165,0.7310413748025893,0.0,241.84598787299794,3122.537878590375
c891053a1dde20ea,3,6b7e1f5b521de19b,,Open,1.170863568534039,10,100,0.0,0.00019235070067225024,0.002516164537519216,0.0,0.0002252164277991337,0.0029460853894185493
c8a186c6168763ca,2,6b7e1f5b521de19b,,Open,1.170863568534039,5,878,0.0,8.099498954834416e-05,0.00014827219929429701,0.0,9.483408249595143e-05,0.00017360651638011082
c8a45af424782c4a,3,6b7e1f5b521de19b,,Open,35845.270270304114,30,0,0.0,0.020241028908640147,0.4175091698765752,0.0,725.5451517792447,14965.729034556152
c8adce26179946e2,3,6b7e1f5b521de19b,,Open,68142.01203259786,50,0,0.00028759543783962727,0.13692630901932717,0.8232580542564392,19.597331785788132,9330.434196774206,56098.460239075386
c8b021b1158759e5,5,6b7e1f5b521de19b,6f9a9c5f2856c8b3,Open,417466.63149420964,0,979,0.0,9.933700384863186e-05,0.00017909377493197098,0.0,41.46988437941568,74.76567494243206
c8b25b9c609d4f8c,0,6b7e1f5b521de19b,,Open,270801.9611719012,30,0,0.0002539545763283968,0.0695313360542059,0.6916203528642652,68.77139731830914,18829.22216638148,187292.14794204535
c8dd6b976e9c1a52,0,e43bc3ffd79e75b6,,Open,48820.031206070904,10,0,0.0,0.00012616353415069171,0.006488709407858543,0.0,6.159307674304961,316.7789957787799
c8e7f8b80f498450,4,cca8e68b78e095c5,28c9c64e5918b06e,Open,3988.677712440629,30,50,0.0,0.004670905834063888,0.24260268062353124,0.0,18.630737997239535,967.6639051814311
c8eab94cd0124b40,4,75c64824a2a4e380,,Open,4133283.2182899565,10,0,0.0,0.0003388518933206797,0.2741230599582191,0.0,1400.5708441481438,1133028.2434715987
c8f237dc5dfa1d70,2,6b7e1f5b521de19b,,Open,4338.549308971583,50,0,0.00028759543783962727,0.13904100209474565,0.8287402242422103,1.2477469881024947,603.2362435568751,3595.530327202996
c8ff23466e7cdd29,0,6b7e1f5b521de19b,,Open,147782.212188992,10,857,0.0,0.00022859477176098152,0.009448752459138624,0.0,33.78224106567557,1396.3575408376842
c9045687e2a1aeef,2,6b7e1f5b521de19b,6f9a9c5f2856c8b3,Open,30405.58043486053,10,0,0.0,0.000540931937575806,0.32109796851873385,0.0,16.447349537746124,9763.170109266677
c91fe962f246e4c0,3,6b7e1f5b521de19b,,Open,9648.963805727817,10,0,0.0,0.00016037751629482955,0.030399128235876524,0.0,1.5474768499813336,293.3200880736511
c92223cb25647e55,4,d1650c60f1f48b67,28c9c64e5918b06e,Open,975372.7457987467,30,209,0.0,0.0006375096883857623,0.003809091995935887,0.0,621.8095752341244,3715.2845190760145
c928fb5bad386976,0,6b7e1f5b521de19b,,Open,29324.531411075328,1,0,0.0,0.00010929693053185474,0.00026425574033055453,0.0,3.2050812725154922,7.7491757578803115
c92a4d242fdd1578,2,6b7e1f5b521de19b,6f9a9c5f2856c8b3,Open,1341.2957330072938,40,51,0.00028759543783962727,0.0016382728470489382,0.018011725414544343,0.38575053360665645,2.197408379248452,24.159050442627358
c9361a1d8ac524dd,0,6b7e1f5b521de19b,6f9a9c5f2856c8b3,Open,98.49392076768089,10,88,0.0,0.0003493042284389958,0.02400419311597943,0.0,0.03440434299968636,2.364267094857389
c93f6b1cd80ae79d,3,6b7e1f5b521de19b,,Open,1.170863568534039,10,0,0.0,0.00015352309783338568,0.0020667839911766347,0.0,0.00017975460218159833,0.002419922079298098
c951c0cc04c53883,3,6b7e1f5b521de19b,,Open,315.6120452626753,10,0,0.0,0.00013662832498084754,0.0009082877979381002,0.0,0.04312154508801876,0.2866665695943753
c95a0bf518aed95e,0,4dcb7378104041b8,,Open,557021.7052568932,10,0,0.0,0.0003236245000152849,0.30299343466758716,0.0,180.26587086142342,168773.91966018247
c95ae742128ee710,3,6b7e1f5b521de19b,d4f34f97b6d22a81,Open,22025.10283016406,30,81,0.0,0.0024561749887652695,0.010228622658178208,0.0,54.09750669643212,225.2864658573211
c967a07a4faf510a,3,062b9e5a52eb6d8e,28c9c64e5918b06e,Open,10484.066083294985,30,0,0.0,0.04393920730799437,0.5980066180229183,0.0,460.66155306461087,6269.540901600018
c98891f087fdad25,4,6828ce51082c111b,28c9c64e5918b06e,Open,1.170863568534039,90,0,0.23394284546375274,0.9793400526046753,0.9999025881290435,0.27391515487269674,1.1466735888010235,1.1707495125231933
c988b801a65fdd33,2,6b7e1f5b521de19b,6f9a9c5f2856c8b3,Open,98.49392076768089,10,30,0.0,0.00027015860250685365,0.011933090258389711,0.0,0.02660897999001744,1.1753368464234208
c9a8b6d1403dfaf9,0,6b7e1f5b521de19b,6f9a9c5f2856c8b3,Open,85310.81114042184,10,2,0.0,0.0005382826726417989,0.30223121047019935,0.0,45.92133142590602,25783.58971716426
c9b8f0ff335dff6e,2,6b7e1f5b521de19b,6f9a9c5f2856c8b3,Open,5423.476709762424,10,0,0.0,0.017218146612867715,0.4971648275852203,0.0,93.38221714016282,2696.3618633214937
c9b8fa89330cc5f9,0,a0d28553c7be77f0,,Open,9270.864526233152,50,0,0.00116905365139246,0.41582220792770386,0.9547577768564224,10.838138025957694,3855.0313566968953,8851.430004603433
c9cbe069870d4ef4,1,6b7e1f5b521de19b,,Open,54895.43461839132,5,494,0.0,9.820177547226194e-05,0.00023038793588057158,0.0,5.3908291448475,12.647245870998049
c9e09eb6af2435a1,2,6b7e1f5b521de19b,d4f34f97b6d22a81,Open,6091.577363923724,50,0,0.0010428334586322307,0.5567254066467285,0.9793667793273926,6.352500690946384,3391.335885050442,5965.888503929626
c9eb3b242979bb5d,3,6b7e1f5b521de19b,,Open,68247.69430016697,30,3,0.0,0.01320230830460787,0.43898001015186305,0.0,901.0271012294336,29959.373536728544
ca064374fabdcff6,5,6b7e1f5b521de19b,d4f34f97b6d22a81,Open,1.170863568534039,10,0,0.0,0.0006695614312775433,0.31572286933660504,0.0,0.0007839650867783831,0.3696684054592635
ca142b2c44179071,0,6b7e1f5b521de19b,d4f34f97b6d22a81,Open,1.170863568534039,10,0,0.0,0.10952553972601892,0.9160500735044479,0.0,0.12823946428922314,1.0725696580192865
ca18c711e96bc1d2,5,6b7e1f5b521de19b,6f9a9c5f2856c8b3,Open,33175.95572256765,60,0,0.0028538778424263,0.2280450001358986,0.9365561366081236,94.68012493795182,7565.610827261505,31071.144919810125
ca396cd066bc0cd3,2,6b7e1f5b521de19b,6f9a9c5f2856c8b3,Open,293637.65790705744,70,0,0.07212231233716011,0.4615327462553978,0.9864713370800018,21177.82687752497,135523.39465784724,289665.1330126151
ca40dcf76846294d,6,6b7e1f5b521de19b,,Open,279006.18782730825,90,0,0.019164848048239945,0.9798495084047317,0.9999395191669465,5347.111194229056,273384.07598446624,278989.31330064137
ca5075089685a3d3,3,6b7e1f5b521de19b,,Open,65064.44409714713,50,0,0.00116905365139246,0.02975325118750334,0.5402624309062958,76.06382594759043,1935.8787485976875,35151.874733491495
ca62e1abfb3a6934,2,6b7e1f5b521de19b,6f9a9c5f2856c8b3,Open,1306.5435206718141,10,27,0.0,0.0011193303565960378,0.047581083141267286,0.0,1.4624538249018244,62.16675588476966
ca63800c92175487,3,6b7e1f5b521de19b,,Open,5186.502594949308,1,0,0.0,0.00010992518291459419,0.0002262257163238246,0.0,0.5701272464368201,1.1733202647577823
ca6b9ce3e6562386,5,6b7e1f5b521de19b,6f9a9c5f2856c8b3,Open,1.170863568534039,40,0,0.00028759543783962727,0.03269943986088038,0.519538006186485,0.00033673502064301535,0.0382865828445746,0.6083081239125675
ca6d6376776aa203,3,6b7e1f5b521de19b,,Open,65798.13803746978,10,0,0.0,0.0001898619688290637,0.03793917838484048,0.0,12.492564033080518,2496.327296393924
ca767b3c5e136044,2,6b7e1f5b521de19b,6f9a9c5f2856c8b3,Open,271714.27236091055,40,0,0.00099477581679821,0.045553826540708546,0.6942166298627851,270.2947872235561,12377.624831763756,188628.5664440102
ca76f7764f38d7c8,1,6b7e1f5b521de19b,6f9a9c5f2856c8b3,Open,255926.8606591946,10,47,0.0,0.0032283068401739003,0.12934628576040266,0.0,826.2104348503105,33103.188852586936
ca7cf50a3142df31,2,6b7e1f5b521de19b,6f9a9c5f2856c8b3,Open,31048.20261338586,30,122,0.00028759543783962727,0.002306906890589744,0.02528193155303596,8.929321424730166,71.62531254924633,784.9585333164135
ca9087795ad5fb1e,4,e366e0e543d0c5cd,d4f34f97b6d22a81,Open,1.170863568534039,10,0,0.0,0.000983037502737716,0.6488126814365387,0.0,0.0011510027984582723,0.7596711314969243
ca9abfe644a94ac1,2,6b7e1f5b521de19b,6f9a9c5f2856c8b3,Open,239.9674542220373,40,0,0.0,0.02557692527770996,0.45992968529462813,0.0,6.137629645719334,110.3681557012947
caa9c41287715ba3,2,6b7e1f5b521de19b,,Open,870350.122287474,1,128,0.0,8.425843116128817e-05,0.00014537733150064012,0.0,73.33433586497787,126.52917824940877
cab50930aabb8c58,2,6b7e1f5b521de19b,d4f34f97b6d22a81,Open,280.87906864983785,10,21,0.0,0.00027191696426598355,0.011927656456828115,0.0,0.0763757836731207,3.3502290367691057
cab6a411cb3bed4d,2,6b7e1f5b521de19b,6f9a9c5f2856c8b3,Open,64.10035007555453,10,0,0.0,0.09777741320431232,0.791303962469101,0.0,6.267566415878568,50.722861010442834
cab90acda7de2225,0,6b7e1f5b521de19b,6f9a9c5f2856c8b3,Open,19287.201017212104,25,8,0.0,0.032075575552880764,0.6629803925752636,0.0,618.6480734311856,12787.036102069305
cabbb0474c8a42b1,3,6b7e1f5b521de19b,,Open,2357482.063301993,50,84,0.0003421000903472304,0.0012648871925193816,0.02198431771248578,806.494826847587,2981.9488684648572,51827.634681117524
cad2df986d49735f,2,6b7e1f5b521de19b,6f9a9c5f2856c8b3,Open,1.170863568534039,10,0,0.0,0.0006755459413398057,0.20286996290087694,0.0,0.0007909721315858115,0.23753304871048886
cadad4b9e72478f4,2,6b7e1f5b521de19b,6f9a9c5f2856c8b3,Open,98.49392076768089,10,25,0.0,0.00032086341525427997,0.021978327818214856,0.0,0.031603095799302545,2.164731678733371
cadb5ac59aeac224,5,6b7e1f5b521de19b,6f9a9c5f2856c8b3,Open,65189.6001558036,30,0,0.0,0.03512803241610527,0.5322650462388991,0.0,2289.98238746601,34698.14554122415
cadc9d7f9a6e3795,3,6b7e1f5b521de19b,,Open,25102.753943361105,10,0,0.0,0.00044482578814495353,0.2075768448412417,0.0,11.166352307464443,5210.7504603889365
cae71ce73b602f87,3,6b7e1f5b521de19b,,Open,123632.27375479309,10,0,0.0,0.00019018800230696797,0.03276607543230055,0.0,23.513375166092285,4050.9444077163816
caf6158517834506,5,6b7e1f5b521de19b,d4f34f97b6d22a81,Open,6564.35932651408,60,221,0.0011230711825191975,0.006369832251220941,0.1946513049304485,7.37224279130909,41.81386774663236,1277.7611089383256
cb0e7a42a5e902fb,2,6b7e1f5b521de19b,6f9a9c5f2856c8b3,Open,98.49392076768089,10,0,0.0,0.0005037901166360826,0.2959710091352461,0.0,0.04962026383149503,29.151345123297485
cb0e96763d3080e1,2,6b7e1f5b521de19b,6f9a9c5f2856c8b3,Open,1.170863568534039,60,0,0.0028538778424263,0.052891097404062754,0.747626119852066,0.0033415015947434812,0.06192825905020236,0.8753681866192471
cb114a4c16a9fafd,5,6b7e1f5b521de19b,d4f34f97b6d22a81,Open,7683.65937932051,60,1,0.0028538778424263,0.10136972591280938,0.8290378540754317,21.928225251393823,778.8904452891071,6370.04448327844
cb2b95b8a91667ce,6,6b7e1f5b521de19b,,Open,12161.80535851691,90,0,0.007812605053186417,0.9510495662689209,0.9999251186847686,95.01538199981886,11566.479711264545,12160.894666536076
cb2fceeb16e88ef6,0,6b7e1f5b521de19b,,Open,54608.54408792734,90,0,0.3220271110534668,0.9825421154499054,0.9999256372451782,17585.431691471116,53655.194429791554,54604.48324615215
cb4242013c17ba82,2,6b7e1f5b521de19b,6f9a9c5f2856c8b3,Open,485893.0223526556,20,1535,0.0,0.0006580220098840073,0.0049756353953853225,0.0,319.72830315710934,2417.626520388625
cb6053767a7d2a14,2,255414ab73601d72,28c9c64e5918b06e,Open,354.19658060731194,40,0,0.00028759543783962727,0.032837796956300735,0.4913544714450834,0.1018653206810587,11.631035396598916,174.03607365196163
cb64706c6766830c,5,6b7e1f5b521de19b,d4f34f97b6d22a81,Open,1831.3315201273049,30,0,0.0,0.029580754227936268,0.43846903294324857,0.0,54.17216760675873,802.9821606287087
cb6e9eeaa531204d,5,6b7e1f5b521de19b,d4f34f97b6d22a81,Open,1.170863568534039,10,0,0.0,0.0006695614312775433,0.3183321952819823,0.0,0.0007839650867783831,0.37272357014713636
cb787645d170bc45,2,6b7e1f5b521de19b,6f9a9c5f2856c8b3,Open,740947.2497819713,70,0,0.003466563671827316,0.2653608605265617,0.9632114619016646,2568.5408188345423,196618.3998069332,713688.8836545105
cb78c587d947bf78,0,6b7e1f5b521de19b,,Open,270801.9611719012,60,0,0.00248583871871233,0.09984410628676416,0.8162343323230743,673.170000184345,27037.979793911483,221037.85796892588
cb9650084254c8d8,2,6b7e1f5b521de19b,,Open,8607.258751608544,25,0,0.0,0.03905462380498648,0.563978999853134,0.0,336.1532525362492,4854.313182209322
cb99daf8fd362049,0,ca98f50aee8e1814,,Open,2940320.756356726,10,0,0.0,0.000146389365545474,0.0019206154800485808,0.0,430.4316900232493,5647.225560966879
cb9cb7ccb6cbf11b,4,bb25152d8e0211c1,28c9c64e5918b06e,Open,489854.3756367309,10,10,0.0,0.00022484013097709977,0.07902717832475889,0.0,110.13892197786801,38711.80909660736
cba798f82e2a0d7b,2,6b7e1f5b521de19b,6f9a9c5f2856c8b3,Open,75179.45578565139,10,392,0.0,9.875199502857867e-05,0.000818377995165065,0.0,7.424121243995896,61.52521230346203
cbad46a7d8cae1e9,1,6b7e1f5b521de19b,,Open,14038.740800698542,10,0,0.0,0.0005701584042981267,0.19289787784218787,0.0,8.004306053281287,2708.043308031286
cbaf1e1245977605,3,6b7e1f5b521de19b,,Open,65064.44409714713,70,0,0.0033158126636408268,0.4142085984349251,0.9743038296699523,215.74150769007107,26950.252197426846,63392.53705919697
cbb1ffab6e8494dd,2,6b7e1f5b521de19b,6f9a9c5f2856c8b3,Open,629.9599660161665,50,37,0.0011230711825191975,0.01093745012767613,0.12011438123881814,0.7074898839735295,6.890155710734371,75.66725152325874
cbd43be6270c6754,2,6b7e1f5b521de19b,6f9a9c5f2856c8b3,Open,443.6556984904009,40,0,0.00028759543783962727,0.032464065868407485,0.4979036062955854,0.1275933548573925,14.402867818686705,220.8977722319575
cbd839fc68f37d10,1,6b7e1f5b521de19b,,Open,1893.7888334569147,95,315,0.905221450328827,0.3959471106529236,0.9998000115156174,1714.2982744384058,749.8402167940361,1893.410097498371
cbf709d036fcc61e,2,6b7e1f5b521de19b,6f9a9c5f2856c8b3,Open,142469.60630825118,50,0,0.0013003319269046187,0.3059026837348938,0.961452642083168,185.25777769615067,43581.83492034779,136977.7794016169
cc01e12bdf23e9d7,2,6b7e1f5b521de19b,6f9a9c5f2856c8b3,Open,98.49392076768089,40,0,0.0,0.023929321486502887,0.45059111118316647,0.0,2.356892694515979,44.380485203496086
cc1270f93e5482c7,5,6b7e1f5b521de19b,d4f34f97b6d22a81,Open,6091.577363923724,90,0,0.16342509537935257,0.9636073559522629,0.9999322235584259,995.5166117099398,5869.888757229195,6091.164498486424
cc13c1470994e742,2,6b7e1f5b521de19b,6f9a9c5f2856c8b3,Open,412.7635997837326,40,0,0.0,0.022775841504335405,0.43497086763381954,0.0,9.401038327433225,179.54014112558883
cc18f876996aaf86,2,6b7e1f5b521de19b,6f9a9c5f2856c8b3,Open,3875.2144554948154,50,28,0.0010428334586322307,0.1644383952021599,0.9247050583362578,4.041203293565275,637.2340461257793,3583.4304091338427
cc1e1c78ab7b0667,1,6b7e1f5b521de19b,6f9a9c5f2856c8b3,Open,599859.915784524,10,62,0.0,0.00012956574282725343,0.0033112962846644192,0.0,77.72129558091554,1986.313910456406
cc21a6485955e037,3,6b7e1f5b521de19b,d4f34f97b6d22a81,Open,67053.75271347474,60,675,0.0003421000903472304,0.003372447611764073,0.04318058248609302,22.939094861400555,226.13526819837662,2895.4201000462795
cc49a973b664daeb,1,6b7e1f5b521de19b,,Open,54608.54408792734,5,0,0.0,0.0002904268782003783,0.009005959751084439,0.0,15.85978898252446,491.8023501211937
cc984060d89530a7,5,6b7e1f5b521de19b,6f9a9c5f2856c8b3,Open,398997.21001019893,30,0,0.00017479545203968883,0.03717291448265314,0.591906839609146,69.74289768630737,14831.88916652632,236169.1775900036
cc9e503cf6793226,0,6b7e1f5b521de19b,,Open,89664.46366676311,30,31,0.00099477581679821,0.02869164515286684,0.4922034963965416,89.1960400818777,2572.6209743488885,44133.16251930147
ccb178e64f718b85,2,6b7e1f5b521de19b,6f9a9c5f2856c8b3,Open,32.484953280249805,10,0,0.0,0.0007755029771942646,0.5097330823540686,0.0,0.025192177982850315,16.558655365669644
ccc7bac5d94afb52,5,6b7e1f5b521de19b,d4f34f97b6d22a81,Open,1.170863568534039,30,0,0.0002038492588326335,0.030159737821668385,0.5324409574270248,0.00023867967063979622,0.03531293825192967,0.6234157194466866
ccda326bcf4fc915,4,75c64824a2a4e380,d4f34f97b6d22a81,Open,266990.700416723,10,0,0.0,0.0005014884955016896,0.3273679867386816,0.0,133.89276466492473,87404.20807337308
ccda6a6ecd3d5277,2,6b7e1f5b521de19b,6f9a9c5f2856c8b3,Open,3734087.976123444,5,419,0.0,0.00010176587820751593,0.0003095453939749859,0.0,380.00274219432805,1155.869733706389
cce1f2f0ddbe5c5d,2,6b7e1f5b521de19b,6f9a9c5f2856c8b3,Open,98.49392076768089,10,0,0.0,0.0005550185538595543,0.2959710091352461,0.0,0.054665953468435766,29.151345123297485
cce1faa7771a3186,2,6b7e1f5b521de19b,,Open,1.170863568534039,10,0,0.0,0.00017629725771257655,0.027255218848586074,0.0,0.0002064200362881125,0.03191214280223169
cce33717d8b9cffa,2,6b7e1f5b521de19b,6f9a9c5f2856c8b3,Open,98.49392076768089,10,20,0.0,0.00024005431405385024,0.011220174329355358,0.0,0.02364389058835991,1.1051189613950938
ccf2615493b3e643,2,6b7e1f5b521de19b,6f9a9c5f2856c8b3,Open,64.10035007555453,90,0,0.11078578978776932,0.9804051667451859,0.9999352216720581,7.101407908792807,62.84431440424883,64.09619776205615
cd1639416fcf24d2,5,6b7e1f5b521de19b,6f9a9c5f2856c8b3,Open,338.47916052419157,40,20,0.00028759543783962727,0.0014014026324730366,0.019755931384861456,0.09734506237054436,0.47434558659586556,6.686971070521435
cd2142bcbb576257,2,6b7e1f5b521de19b,6f9a9c5f2856c8b3,Open,1.170863568534039,10,0,0.0,0.000927898523514159,0.5913039177656173,0.0,0.001086442576479254,0.6923362152432085
cd257dafba44f2c5,3,6b7e1f5b521de19b,,Open,35845.270270304114,10,0,0.0,0.00013789696022286081,0.0017249880882445716,0.0,4.942953808641822,61.83266423618187
cd365079a534b9b3,3,6b7e1f5b521de19b,2095e0b55fdf3180,Open,278787.4963550995,1,434,0.0,9.036797018779907e-05,0.00022289115149760614,0.0,25.193460159348774,62.1392660857228
cd39920180ed707e,4,75c64824a2a4e380,28c9c64e5918b06e,Open,1.170863568534039,10,0,0.0,0.0004408218315802515,0.29275469779968244,0.0,0.0005161422228117643,0.34277581017084036
cd3cfe325f8da9a8,5,6b7e1f5b521de19b,d4f34f97b6d22a81,Open,20811.928735170877,60,0,0.00248583871871233,0.05721818134188652,0.8064255028963088,51.735098260969494,1190.8207124434261,16783.270096502314
cd45e82302fef70f,6,6b7e1f5b521de19b,,Open,16255.489958198483,90,0,0.007812605053186417,0.9534747540950775,0.999926871061325,126.99772298944254,15499.1992905883,16254.301211470198
cd48942ce682fb20,3,6b7e1f5b521de19b,,Open,80872.05936290111,30,174,0.0,0.003724539838731289,0.05086462050676345,0.0,301.21120693736697,4113.526609094411
cd6ca6bcef35d69a,2,6b7e1f5b521de19b,,Open,1.170863568534039,1,0,0.0,0.00012444248350220732,0.0002749137100181542,0.0,0.00014570517031063272,0.000321886447550788
cd6e1bf076dcc6bc,3,6b7e1f5b521de19b,d4f34f97b6d22a81,Open,674.0391154906182,10,0,0.0,0.023082099296152594,0.5754800051450727,0.0,15.558237793245315,387.8960336505212
cd85da4e5d8c3d55,3,6b7e1f5b521de19b,,Open,186555.16774733728,10,0,0.0,0.000509677644004114,0.05146308597177267,0.0,95.08299837425514,9600.70463625969
cd8e6e3ecdf058b0,2,6b7e1f5b521de19b,6f9a9c5f2856c8b3,Open,264.11418569428724,40,0,0.00028759543783962727,0.03593029677867889,0.5645997613668441,0.07595803487440515,9.489701075454848,149.11880621659293
cd9e6c0ccb33236f,3,6b7e1f5b521de19b,d4f34f97b6d22a81,Open,124077.19866694363,30,32,0.0,0.006390206795185805,0.13891840204596514,0.0,792.8789580491223,17236.606169151564
cdbab5589f8b6ace,5,6b7e1f5b521de19b,6f9a9c5f2856c8b3,Open,299.52746386053104,40,0,0.0,0.031044716481119394,0.4593926772475242,0.0,9.298745193858922,137.6007235320504
cdbbba6c0219ddda,0,6b7e1f5b521de19b,,Open,524417.177630072,50,0,0.00116905365139246,0.05899207293987275,0.7570241063833236,613.0718163613639,30936.45639367541,396996.44526747
cdd618cff8304e84,4,ac07a4f1ad9a4f67,,Open,509198.75018512644,10,491,0.0,0.0001101442441722611,0.0008949109120294451,0.0,56.08531147260075,455.68751793242507
cdfc69ae8c06ac6c,5,6b7e1f5b521de19b,6f9a9c5f2856c8b3,Open,1060.8669669680157,40,0,0.00028759543783962727,0.031042063422501088,0.48945148587226844,0.3051004998547639,32.93149967145751,519.2429132953021
ce22ecac3d2f7b9e,5,6b7e1f5b521de19b,d4f34f97b6d22a81,Open,1.170863568534039,50,0,0.0011230711825191975,0.14774598479270937,0.9122026622295378,0.0013149631324821706,0.17299039099096755,1.0680648643243273
ce27536dece76597,0,6b7e1f5b521de19b,d4f34f97b6d22a81,Open,1.170863568534039,10,0,0.0,0.18244299069046976,0.9556421518325805,0.0,0.21361585113386589,1.1189265801362431
ce28ab6308d257a8,3,6b7e1f5b521de19b,,Open,9648.963805727817,10,0,0.0,0.0001420029511791654,0.0017602827458176762,0.0,1.3701813362343012,16.984904502241935
ce2d2b8f57e2efd0,2,6b7e1f5b521de19b,6f9a9c5f2856c8b3,Open,1.170863568534039,10,0,0.0,0.010015286318957806,0.8096184581518172,0.0,0.011726533879305076,0.9479527570626631
ce398063c210df82,3,6b7e1f5b521de19b,d4f34f97b6d22a81,Open,33161.7052344102,80,6,0.02929779011756182,0.5673489272594452,0.9885637700557709,971.5646798982011,18814.257890836554,32782.46034800674
ce48132c8db4545b,5,6b7e1f5b521de19b,6f9a9c5f2856c8b3,Open,441521.51984061097,40,151,0.00116905365139246,0.003686998400371522,0.08711436390876767,516.1623449380147,1627.8891373819358,38462.86635294717
ce4c3bd879af9d3c,2,6b7e1f5b521de19b,6f9a9c5f2856c8b3,Open,36395.42591498517,10,0,0.0,0.08168381042778491,0.7807254731655117,0.0,2972.917070878139,28414.836118537125
ce4fd94a955f497c,2,6b7e1f5b521de19b,6f9a9c5f2856c8b3,Open,21560.780670916734,10,0,0.0,0.0005379094567615539,0.31876220703124986,0.0,11.597747818047832,6872.76203197813
ce51093c6344f86f,3,6b7e1f5b521de19b,,Open,1516.994814448473,75,0,0.001455825287848711,0.274797648191452,0.9593212008476257,2.2084794124094502,416.8666073290686,1455.2852870763304
ce60053721dd5d93,1,6b7e1f5b521de19b,,Open,2472.949006922998,10,0,0.0,0.0006723674392560497,0.5266331076622004,0.0,1.6627303911956073,1302.3368206060106
ce7637092246c92f,2,6b7e1f5b521de19b,6f9a9c5f2856c8b3,Open,98.49392076768089,10,29,0.0,0.00026383054500911385,0.010753155779093502,0.0,0.025985704796221726,1.0591204733085653
ce8b47ee680c954f,5,062b9e5a52eb6d8e,28c9c64e5918b06e,Open,111282.64735383427,10,3,0.0,0.0006290199875365942,0.40104612261056877,0.0,69.99900945154805,44629.4742350945
cea91e8853ffbf12,2,6b7e1f5b521de19b,6f9a9c5f2856c8b3,Open,1.170863568534039,50,0,0.0010428334586322307,0.16066518500447274,0.9382524192333221,0.0012210157047608276,0.1881170118535185,1.0985655757692228
cebb7f34a8900afd,2,6b7e1f5b521de19b,d4f34f97b6d22a81,Open,634.3345668274252,50,0,0.0010428334586322307,0.262729524075985,0.9424633175134659,0.6615053102546217,166.65841884751552,597.8370602656424
cec1841b0d892f79,2,6b7e1f5b521de19b,6f9a9c5f2856c8b3,Open,5658.7759425676995,10,0,0.0,0.0006280935311224312,0.5068365827202796,0.0,3.5542405635980105,2868.0746611107425
ceca29ec2f37746d,5,6b7e1f5b521de19b,6f9a9c5f2856c8b3,Open,154001.16904064678,10,442,0.0,0.00012149010472057853,0.0013265365443658084,0.0,18.709618153839692,204.2881786074743
cecaca291b19b128,5,6b7e1f5b521de19b,6f9a9c5f2856c8b3,Open,1060.8669669680157,40,0,0.00028759543783962727,0.031042063422501088,0.48945148587226844,0.3051004998547639,32.93149967145751,519.2429132953021
ced29e1cab619e02,0,6b7e1f5b521de19b,6f9a9c5f2856c8b3,Open,300086.9760165169,33,0,0.00017479545203968883,0.03756952732801438,0.6258295953273771,52.45383862403033,11274.125846233728,187803.3107634331
cee8b8702a6f4a86,2,6b7e1f5b521de19b,6f9a9c5f2856c8b3,Open,34111.44067538681,10,0,0.0,0.06874137111008168,0.696684655547142,0.0,2344.8672025663,23764.91729714863
ceeb344c8f38fa64,5,6b7e1f5b521de19b,d4f34f97b6d22a81,Open,1.170863568534039,70,0,0.003466563671827316,0.24099591374397278,0.9798686444759368,0.004058873111346193,0.2821733355683894,1.1472924977657069
ceef29258f39a1c0,3,6b7e1f5b521de19b,,Open,85310.81114042184,60,40,0.0009216022677719593,0.01285138512030244,0.25728381499648073,78.6226370124781,1096.3620888909488,21949.090950652
cef150b278c25f2c,0,bd661df59343798b,,Open,9648.963805727817,10,0,0.0,0.00022605190315516666,0.0035872863722033774,0.0,2.181166631760093,34.61359636617104
cef6f486f3122f65,2,6b7e1f5b521de19b,6f9a9c5f2856c8b3,Open,26587.561100418254,10,0,0.0,0.020638875756412746,0.564469015598297,0.0,548.7373702175648,15007.854441512665
cf12480280c62464,3,6b7e1f5b521de19b,6f9a9c5f2856c8b3,Open,9953.27988636463,20,0,0.0,0.033912391401827335,0.4648230478167534,0.0,337.53952323833283,4626.513892553196
cf16ced71ef828a0,2,6b7e1f5b521de19b,6f9a9c5f2856c8b3,Open,1.170863568534039,10,0,0.0,0.024281488824635745,0.582151311635971,0.0,0.028430310654532397,0.6816197621688644
cf17579e4f0783c0,2,6b7e1f5b521de19b,6f9a9c5f2856c8b3,Open,356658.8588159797,1,489,0.0,8.47939259983832e-05,0.00013941651995992286,0.0,30.24250488110998,49.72413690900134
cf3c7a5ba2b884c3,0,6b7e1f5b521de19b,6f9a9c5f2856c8b3,Open,98.49392076768089,40,0,0.0,0.0376583056524396,0.48993709236383426,0.0,3.7091141731764954,48.25582515643145
cf44e7569ff47edd,2,6b7e1f5b521de19b,,Open,13121.811050396169,50,0,0.00028759543783962727,0.12497001551091672,0.8063933044672011,3.7737729942875458,1639.8329304993276,10581.340573523203
cf582faa6e1dae3e,0,6b7e1f5b521de19b,6f9a9c5f2856c8b3,Open,110510.57900984009,30,0,0.0,0.023984318878501654,0.519469694793224,0.0,2650.5209664198564,57406.8967496641
cf6b13a22eb98087,3,6b7e1f5b521de19b,d4f34f97b6d22a81,Open,47672.130776182996,10,61,0.0,0.0004965569329215214,0.04246802665293213,0.0,23.671927044055096,2024.5413204050055
cf6b63a085908627,2,6b7e1f5b521de19b,6f9a9c5f2856c8b3,Open,33410.72804667852,10,3,0.0,0.00031122132641030474,0.05471407603472465,0.0,10.39813109902126,1828.037114721476
cf6cc803bb9c8f29,5,cca8e68b78e095c5,28c9c64e5918b06e,Open,149447.51333373057,60,543,0.001360893901437521,0.013685023505240678,0.2823031216859817,203.38220948087653,2045.1927327718727,42189.499542319514
cf78a661d8ea08b1,2,6b7e1f5b521de19b,6f9a9c5f2856c8b3,Open,223.08698509528145,10,0,0.0,0.0005444268666906282,0.20605799630284308,0.0,0.12145454829488296,45.96885714997591
cf9808bf6b5f7be3,2,6b7e1f5b521de19b,6f9a9c5f2856c8b3,Open,98.49392076768089,10,24,0.0,0.0002564730486483313,0.007569122640416025,0.0,0.02526103613261431,0.7455125656259955
cf990a47341996a9,0,cca8e68b78e095c5,,Open,1.170863568534039,10,0,0.0,0.00038936837518122047,0.2928591236472129,0.0,0.0004558972452389843,0.34289807859132704
cf9d575b9b4db429,3,6b7e1f5b521de19b,6f9a9c5f2856c8b3,Open,10564.501135650773,60,0,0.0011547785368748009,0.24601871892809868,0.9363345623016357,12.199659164238971,2599.0650355072466,9891.9075467847
cfa0b369c791139b,3,6b7e1f5b521de19b,,Open,263999.29512211593,10,0,0.0,0.00016037751629482955,0.03730956073850393,0.0,42.33955125527066,9849.697736280808
cfb0a29b805e1543,5,6b7e1f5b521de19b,d4f34f97b6d22a81,Open,1.170863568534039,10,0,0.0,0.0011780567903770136,0.5837071031332015,0.0,0.0013793437775165864,0.6834413817532067
cfb8fb4472879c1c,2,6b7e1f5b521de19b,d4f34f97b6d22a81,Open,7429.024710037881,60,0,0.0030671000480651856,0.4269923806190491,0.9766917943954467,22.785562045234638,3172.1369466168157,7255.867474655011
cfbcab5fdf9a0d79,2,6b7e1f5b521de19b,6f9a9c5f2856c8b3,Open,1.170863568534039,0,0,0.0,0.00015274973411578686,0.0007069773477269336,0.0,0.00017884909877943582,0.0008277740202322876
cfbcc9557055d1d7,0,6b7e1f5b521de19b,6f9a9c5f2856c8b3,Open,1.170863568534039,45,0,0.0011230711825191975,0.14458109736442565,0.8670810937881469,0.0013149631324821706,0.16928473960267876,1.0152336636811874
cfc0a58d753a2cf5,1,6b7e1f5b521de19b,6f9a9c5f2856c8b3,Open,796493.7010915865,10,114,0.0,0.00011224970148759894,0.001178691314999014,0.0,89.40618018428344,938.8202079280737
cfc838820a473ed6,2,6b7e1f5b521de19b,,Open,32971.184487757266,50,0,0.00028759543783962727,0.07617114633321763,0.7282581329345703,9.482362238847678,2511.4529183964737,24011.533255695373
cfd9fe3efdb5caf0,1,6b7e1f5b521de19b,6f9a9c5f2856c8b3,Open,87295.2649710134,10,136,0.0,0.00010767608946480323,0.0008941224630689247,0.0,9.399612760872543,78.05265733013692
cfe1b24efe5e9625,2,6b7e1f5b521de19b,6f9a9c5f2856c8b3,Open,12998.865303855764,30,490,0.0003421000903472304,0.0013002159481402486,0.01950970543548464,4.4469129948605355,16.901331975800204,253.6040330737675
cffc537e9a252041,3,6b7e1f5b521de19b,,Open,2.4198904513070483,10,62,0.0,9.947411126631778e-05,0.0008715540374396368,0.0,0.00024071645200561727,0.0021090652929982826
d012e49af8226c3e,2,6b7e1f5b521de19b,6f9a9c5f2856c8b3,Open,98.49392076768089,40,0,0.0,0.02393125258386135,0.40809141397476173,0.0,2.3570828958661987,40.194523394001045
d026f96648cb3e6a,6,6b7e1f5b521de19b,,Open,35845.270270304114,10,0,0.0,0.00017783554940251634,0.0027168133296072467,0.0,6.374563332001218,97.38490807373657
d0370733c4de347f,2,6b7e1f5b521de19b,6f9a9c5f2856c8b3,Open,1.170863568534039,10,0,0.0,0.000927898523514159,0.5512561082839965,0.0,0.001086442576479254,0.6454456941215867
d045c78611b664b4,3,6b7e1f5b521de19b,,Open,2.4198904513070483,10,410,0.0,9.884602513920981e-05,0.0006974305491894483,0.0,0.00023919655238403029,0.0016877055264333766
d0648a5440d8d4fd,3,6b7e1f5b521de19b,,Open,9648.963805727817,20,184,0.0,0.003113168338313699,0.029615097306668753,0.0,30.038848617526693,285.75500201515416
d064b53a852042fe,1,6b7e1f5b521de19b,,Open,89664.46366676311,50,0,0.0,0.10426546931266785,0.8734719127416609,0.0,9348.90738488371,78319.39058396274
d06547dcd949bb20,3,6b7e1f5b521de19b,d4f34f97b6d22a81,Open,133909.93513617528,60,664,0.001301340665668249,0.0025757837691344323,0.08604909554123878,174.26244412970237,344.9230374496049,11522.828802453834
d0679c8965d5aef0,0,6b7e1f5b521de19b,6f9a9c5f2856c8b3,Open,382.1577334421973,40,0,0.00028759543783962727,0.0402699388563633,0.5175409689545629,0.1099068206731083,15.389468559203669,197.78228365915436
d067b1c1a40c3e9e,3,6b7e1f5b521de19b,,Open,20485.706559264447,50,0,0.00028759543783962727,0.030482402164489032,0.442749275267124,5.891595747365783,624.4535459632098,9070.031732449303
d0686adc699e2193,0,fc3655a0b667e091,,Open,303285.95849559025,50,0,0.00116905365139246,0.05588303841650486,0.6850288361310957,354.5575571953318,16948.540869795568,207759.62716313798
d06a37bc041375a3,3,6b7e1f5b521de19b,,Open,26632.282638880053,90,0,0.027957075648009776,0.9763453155755997,0.9999370634555816,744.560740414347,26002.30439755591,26630.60649504079
d07c109a20b9f338,2,6b7e1f5b521de19b,6f9a9c5f2856c8b3,Open,1628.5851646517813,10,0,0.0,0.0005044487887062132,0.31547532826662045,0.0,0.8215378136134999,513.7784394286688
d0837a0b9fffe5d5,2,6b7e1f5b521de19b,6f9a9c5f2856c8b3,Open,6592.943568823602,40,0,0.0011230711825191975,0.05995257906615734,0.7573546737432479,7.40434493012106,395.26397058861056,4993.1966255740435
d0896c86282d84e2,3,6b7e1f5b521de19b,d4f34f97b6d22a81,Open,1.170863568534039,10,0,0.0,0.000243483320082305,0.001826966536464169,0.0,0.00028508574903008326,0.0021391285584767103
d08a8cac8b9d20a2,2,6b7e1f5b521de19b,6f9a9c5f2856c8b3,Open,98.49392076768089,10,29,0.0,0.00029435357282636687,0.024911447707563632,0.0,0.028992037479643965,2.4536261567169984
d0a4dfb3aca09e02,2,6b7e1f5b521de19b,d4f34f97b6d22a81,Open,1.170863568534039,10,0,0.0,0.022945706499740485,0.5564187794923782,0.0,0.026866291794820835,0.6514904777558004
d0b8c549be8a101c,4,062b9e5a52eb6d8e,28c9c64e5918b06e,Open,5392.712757159889,10,3,0.0,0.00031865643395576624,0.062123757041990704,0.0,1.7184226165443384,335.0155771230448
d0c765c42c43825a,0,fc3655a0b667e091,,Open,21273.147061594493,10,0,0.0,0.00016732718358980492,0.03100286582484838,0.0,3.5595757839083406,659.5285240228817
d0d74422c8ca5eaa,2,6b7e1f5b521de19b,6f9a9c5f2856c8b3,Open,12347.164795450497,30,16,0.00021585437934845686,0.0030178273213095964,0.4138310581445694,2.665189593635083,37.26161126042253,5109.640272386655
d0d8a30bb2303e98,3,6b7e1f5b521de19b,d4f34f97b6d22a81,Open,96255.12127410325,40,60,0.0,0.00850616074167192,0.35917679071426367,0.0,818.7615337666467,34572.60554904465
d0eefc6785b6f37d,3,6b7e1f5b521de19b,,Open,76211.40369331678,10,0,0.0,0.0001714952253678348,0.03370314287021755,0.0,13.069891851984398,2568.563827015681
d0fa5d5aa6e7d31d,0,6b7e1f5b521de19b,6f9a9c5f2856c8b3,Open,120703.62625676538,5,175,0.0,8.795931826171e-05,0.00016902742063393817,0.0,10.617008677261321,20.402222607343944
d11072d10bd38189,2,6b7e1f5b521de19b,6f9a9c5f2856c8b3,Open,210734.31905097075,40,0,0.00116905365139246,0.09442287124693394,0.8100355237722396,246.35972516024097,19898.13947506011,170702.28450923934
d1203b75cdedac5e,2,6b7e1f5b521de19b,,Open,29902.603326870838,60,0,0.001086287386715412,0.18526924774050713,0.9340376496315002,32.48282082393411,5540.032823852146,27930.157329293514
d1219682f19f05ec,2,6b7e1f5b521de19b,,Open,10079.533693765128,10,0,0.0,0.0001656991196796298,0.02900185761973259,0.0,1.6701698598380492,292.32520105987356
d126de257549487f,0,062b9e5a52eb6d8e,,Open,39525.542188499916,99,0,0.9997202754020691,0.9793524414300918,0.9999335825443267,39514.48592210324,38709.43624115549,39522.91700255365
d12942dd12609222,3,6b7e1f5b521de19b,1e1439736d3ae4c5,Open,9648.963805727817,10,0,0.0,0.0001323248347034678,0.0008356162725249299,0.0,1.2767975406526768,8.06283116907024
d12d0ce8946361c0,5,6b7e1f5b521de19b,,Open,99926.8025726217,90,0,0.3220271110534668,0.9735634505748749,0.9999251782894134,32179.139549271502,97285.08271751588,99919.32587831977
d1329772c3bf7116,5,6b7e1f5b521de19b,d4f34f97b6d22a81,Open,1.170863568534039,70,0,0.003466563671827316,0.25948092341423035,0.9798686444759368,0.004058873111346193,0.3038167599552934,1.1472924977657069
d13a80a2465326b4,3,6b7e1f5b521de19b,d4f34f97b6d22a81,Open,6842.499079699599,50,0,0.0,0.09803315587341786,0.765729972720146,0.0,670.791778843909,5239.506633635998
d1572741e8b12f32,5,6b7e1f5b521de19b,d4f34f97b6d22a81,Open,11934.05600592161,30,0,0.0002038492588326335,0.09331601373851299,0.7850911855697631,2.4327484716742585,1113.6385342047645,9369.322178344948
d164ef517945a4c0,1,6b7e1f5b521de19b,,Open,8304.689797280567,25,0,0.0,0.036117788217961785,0.5172544941306112,0.0,299.94702731404755,4295.638120004008
d17b195e789acc75,2,6b7e1f5b521de19b,6f9a9c5f2856c8b3,Open,98.49392076768089,10,39,0.0,0.00023072004769346678,0.005778072332032024,0.0,0.022724522097035873,0.5691049984610913
d187ef84ae43b025,3,6b7e1f5b521de19b,,Open,2.4198904513070483,10,364,0.0,9.385165867570322e-05,0.0006386109511367975,0.0,0.00022711073266866251,0.0015453685427560483
d1a23300ba20c5e8,2,6b7e1f5b521de19b,,Open,13121.811050396169,50,0,0.00028759543783962727,0.03323145844042301,0.4485364452004429,3.7737729942875458,436.0569185843237,5885.610483136587
d1b4b52d272a0e8d,3,6b7e1f5b521de19b,,Open,35845.270270304114,10,0,0.0,0.00016288396072923207,0.002132455410901456,0.0,5.838619595036925,76.43844054313512
d1b69a92f56dd755,2,6b7e1f5b521de19b,6f9a9c5f2856c8b3,Open,2391339.889666516,10,212,0.0,0.0003725226197275333,0.08492573685944065,0.0,890.8282003575209,203086.30221130236
d1b97ec6061d2bc8,3,6b7e1f5b521de19b,,Open,2462.8786076146102,10,23,0.0,0.0004107940476387739,0.03235897673293947,0.0,1.0117358720649534,79.69623155985553
d1c4a1fb7a10e78e,2,6b7e1f5b521de19b,,Open,1.170863568534039,1,431,0.0,7.882436802901794e-05,0.0001591567546711303,0.0,9.229258083789635e-05,0.0001863508457305362
d1c75ad3bdb0a35a,5,6b7e1f5b521de19b,d4f34f97b6d22a81,Open,2909.8283139303107,30,0,0.00014189186040312052,0.001804017653921619,0.43081546276807775,0.4128809529172472,5.249381648211259,1253.5990316415423
d1dd7a0bf369256c,2,6b7e1f5b521de19b,6f9a9c5f2856c8b3,Open,236873.20511217514,40,0,0.00116905365139246,0.009380212007090449,0.22724346965551356,276.91748535342344,2221.920882751224,53827.888998112816
d1f858b1d5ed45ca,2,6b7e1f5b521de19b,6f9a9c5f2856c8b3,Open,1.170863568534039,10,0,0.0,0.0001379985704261344,0.006692221690900619,0.0,0.00016157749862173962,0.007835678570428798
d20980b8f7887e84,5,6b7e1f5b521de19b,d4f34f97b6d22a81,Open,25883.29366892879,10,259,0.0,0.0028857899480499325,0.08351986035704607,0.0,74.69374869221916,2161.769072809347
d20c38d01e06c8c4,3,6b7e1f5b521de19b,,Open,2.4198904513070483,10,0,0.0,0.00016037751629482955,0.02608444578945636,0.0,0.00038809602028619855,0.06312150129354178
d2153d4e53d2b96a,5,6b7e1f5b521de19b,6f9a9c5f2856c8b3,Open,1.170863568534039,70,0,0.0462491512298584,0.3126439407467842,0.9822721987962723,0.05415144625066244,0.3660634001433244,1.1501067319543803
d2194ba231d4a953,6,6b7e1f5b521de19b,,Open,919992.7682228223,50,0,0.00028759543783962727,0.16042567491531373,0.856140437722206,264.58572298633334,147590.46075935406,787643.0112875511
d2213152c21f578c,6,6b7e1f5b521de19b,,Open,1.170863568534039,10,237,0.0,0.00010891166857618373,0.0002336371981073171,0.0,0.00012752070492410704,0.0002735572835182275
d231721812a80aa8,2,6b7e1f5b521de19b,6f9a9c5f2856c8b3,Open,1060.8669669680157,40,1,0.0,0.03518567830324173,0.46241751760244354,0.0,37.32732382227237,490.5634693717833
d235489740e96183,3,6b7e1f5b521de19b,,Open,35845.270270304114,10,12,0.0,0.00010617450570862274,0.0004004362112027592,0.0,3.8058538529415293,14.353744216579484
d23841f48dc02a19,5,6b7e1f5b521de19b,d4f34f97b6d22a81,Open,12490.225604804098,60,22,0.0028538778424263,0.09756487049162388,0.8766067892313003,35.64557810045605,1218.6072435438764,10949.016564201896
d238e5d6ac1c96c2,3,6b7e1f5b521de19b,2095e0b55fdf3180,Open,1.170863568534039,10,0,0.0,0.0001500133344961796,0.0009880618308670808,0.0,0.0001756451481558873,0.0011568856012213063
d241fb1f6b167d0b,6,6b7e1f5b521de19b,,Open,638299.2742739582,10,220,0.0,0.001955202280078083,0.17883934155106535,0.0,1248.0041964326288,114153.02192367754
d24f5470c12b3ca1,2,6b7e1f5b521de19b,6f9a9c5f2856c8b3,Open,11882.113093508355,60,0,0.0011230711825191975,0.03538191989064217,0.7619929254055023,13.344458802753268,420.411973606063,9054.086116121454
d2553e219bc3ef18,2,6b7e1f5b521de19b,6f9a9c5f2856c8b3,Open,1124332.9123435305,5,866,0.0,0.00012336102990957444,0.00045375444315141054,0.0,138.6988660279292,510.1710545572423
d2620b07352ba437,5,6b7e1f5b521de19b,6f9a9c5f2856c8b3,Open,1.170863568534039,30,0,0.00017479545203968883,0.11690541580319405,0.8385596364736556,0.00020466162673871051,0.13688029232828341,0.9818389283901509
d28050050f9c958a,2,6b7e1f5b521de19b,6f9a9c5f2856c8b3,Open,98.49392076768089,10,0,0.0,0.0005719711625715718,0.29748082458972913,0.0,0.05633568236772272,29.30005276704516
d28243b052844bb9,0,6b7e1f5b521de19b,,Open,50514.34784109151,55,0,0.0011230711825191975,0.04627755824476481,0.7515033155679702,56.731208364080715,2337.680674412422,37961.69988633401
d282fd3650edb43b,0,6b7e1f5b521de19b,6f9a9c5f2856c8b3,Open,67419.47856689343,10,2,0.0,0.0005867908417712897,0.34074562191963187,0.0,39.56113258004883,22972.892153773395
d2863d4c32327264,1,6b7e1f5b521de19b,,Open,583759.7387824531,10,280,0.0,0.00016850591637194157,0.0034438616479746985,0.0,98.3669697245825,2010.3877760246185
d292e97ac584e83a,4,16450d61eee679f5,28c9c64e5918b06e,Open,199878.2058057764,10,0,0.0,0.00021443735604407266,0.04206871893256903,0.0,42.861353983823705,8408.620060789395
d2957278d20b6651,0,6ab36d9b02cbcf6b,,Open,147782.212188992,10,0,0.0,0.0003395171952433884,0.33334262371063234,0.0,50.174602189269855,49262.11034883999
d297c291be3a6017,5,6b7e1f5b521de19b,6f9a9c5f2856c8b3,Open,9365.397967750003,50,0,0.0009541214443743229,0.09306048937141896,0.8260510951280594,8.93572703612998,871.5485180369079,7736.297247569992
d2aefdc0c8b80d9d,3,6b7e1f5b521de19b,,Open,18935.137298213707,50,0,0.0011230711825191975,0.0378452330827713,0.6729277908802028,21.26550703666823,716.6046845051742,12741.980112100282
d2bb20ca42f0c829,3,6b7e1f5b521de19b,,Open,2.4198904513070483,10,268,0.0,9.713047147670295e-05,0.000699632428586483,0.0,0.0002350451004574251,0.0016930338333611904
d2bbd9c358f117f4,0,6b7e1f5b521de19b,,Open,24446.827808853774,10,365,0.0,0.0001381850328471046,0.007870053919032203,0.0,3.3781857037739687,192.39785300497508
d2c4e4fbccb9b3a7,2,6b7e1f5b521de19b,,Open,2351791.856538048,50,0,0.00116905365139246,0.057229030132293704,0.7330874174833297,2749.3708572008572,134590.7670226989,1724069.018567803
d2cff08054a83233,2,6b7e1f5b521de19b,6f9a9c5f2856c8b3,Open,98.49392076768089,10,20,0.0,0.00024467001130688,0.018742666114121655,0.0,0.024098508707887427,1.8460386712193957
d2d7cf42caeb2c10,3,6b7e1f5b521de19b,d4f34f97b6d22a81,Open,46305.77920739435,10,15,0.0,0.00022213889606064184,0.0011097619484644382,0.0,10.286314674358403,51.38839175836202
d2e2fbc0737bbbca,5,6b7e1f5b521de19b,6f9a9c5f2856c8b3,Open,664.2949115443329,40,0,0.00028759543783962727,0.02804626552388072,0.47223880589008316,0.19104818594022888,18.630991475335215,313.7058357865542
d30b1f7e7a41a9c4,0,6b7e1f5b521de19b,6f9a9c5f2856c8b3,Open,1.170863568534039,60,0,0.003466563671827316,0.11625485718250275,0.8298494130373001,0.004058873111346193,0.13611857694012022,0.9716404450947308
d30b2a8103cdfc9d,5,6b7e1f5b521de19b,d4f34f97b6d22a81,Open,1111086.5652749985,1,147,0.0,9.717335597088095e-05,0.0001884288954897783,0.0,107.96801032193088,209.36081428829945
d30c2625fc8242e6,2,6b7e1f5b521de19b,6f9a9c5f2856c8b3,Open,98.49392076768089,10,0,0.0,0.00047082919627428055,0.19036634266376481,0.0,0.046373813552949866,18.749927471158042
d3199d58f004b2f1,3,6b7e1f5b521de19b,,Open,11264.189824104717,10,0,0.0,0.00045782516099279746,0.2078383736312388,0.0,5.157029519674173,2341.130893315474
d319a73d9f8f16ae,0,062b9e5a52eb6d8e,,Open,1845240.0868962975,25,159,0.0,0.004589713574387133,0.07384560294449316,0.0,8469.123474831229,136262.86679420606
d31d9dd54e264528,3,6b7e1f5b521de19b,,Open,9648.963805727817,10,0,0.0,0.0001656991196796298,0.03157988358289,0.0,1.5988248084297099,304.71315368040376
d31f1e7d6145459d,3,6b7e1f5b521de19b,,Open,2.4198904513070483,10,0,0.0,0.0020028314902447164,0.6605532586574553,0.0,0.004846632798820255,1.5984665232049309
d32938d876f77339,3,6b7e1f5b521de19b,,Open,4517.797135638614,10,120,0.0,8.794591085461433e-05,0.00023705862695351241,0.0,0.39732178415010555,1.070982785829001
d338b90e7153d9d8,2,6b7e1f5b521de19b,6f9a9c5f2856c8b3,Open,7350.028691773547,60,0,0.003466563671827316,0.39547627568244936,0.9600756496191025,25.479342449790632,2906.7619731817476,7056.58357097353
d34aee168491aeed,5,6b7e1f5b521de19b,,Open,121130.27981900205,10,0,0.0,0.0005120780493598432,0.2992255955934523,0.0,62.028157408126546,36245.280123242424
d3760f6c900c2e0f,3,6b7e1f5b521de19b,,Open,5083.8994500666495,10,0,0.0,0.00013425413126242348,0.0008203182747820388,0.0,0.6825345040942105,4.17041562604403
d385e3cde152def6,2,6b7e1f5b521de19b,6f9a9c5f2856c8b3,Open,59262.66383217926,60,0,0.00099477581679821,0.01212271391414106,0.2307195961475372,58.95306481929387,718.4243194274237,13673.05786598766
d38c7ac2f99b1f95,2,6b7e1f5b521de19b,6f9a9c5f2856c8b3,Open,134847.53741428064,70,0,0.0386414922773838,0.39347911924123763,0.9771309524774551,5210.710075618149,53059.69025362098,131763.7026728553
d3a3d11f2c42d7ef,3,6b7e1f5b521de19b,,Open,35845.270270304114,50,0,0.00116905365139246,0.045516311563551425,0.6495027840137478,41.905044094648616,1631.5444897028692,23281.60283428775
d3a56a477822bb97,3,6b7e1f5b521de19b,,Open,3319.8866673557245,10,0,0.0,0.00016037751629482955,0.028194255568087075,0.0,0.5324351780908301,93.60173315651218
d3b6f87f1554abd0,2,6b7e1f5b521de19b,6f9a9c5f2856c8b3,Open,6098.717241092897,10,0,0.0,0.022775925509631634,0.579774639010429,0.0,138.90392958743797,3535.881586881314
d3c3c63e1459cebb,3,6b7e1f5b521de19b,,Open,2.4198904513070483,80,198,0.006109551340341568,0.0637990590184927,0.8318029820919036,0.014784444950262739,0.1543867337212253,2.012872093732925
d3cad651bdd1deae,2,6b7e1f5b521de19b,,Open,89664.46366676311,10,0,0.0,0.00026896659983322024,0.06556765548884866,0.0,24.11674591831859,5879.088663294711
d3d433575f0d81d5,0,fc3655a0b667e091,,Open,1984430.4468597248,30,267,0.0,0.001266791031230241,0.010010033426806326,0.0,2513.858692182119,19864.21510623806
d3e22cdfdffcf4d9,1,6b7e1f5b521de19b,6f9a9c5f2856c8b3,Open,90372.43024497671,90,256,0.359500677138567,0.721218827366829,0.9998939514160157,32488.94986772704,65178.298167572655,90362.84637671801
d3f534b1c3ee6d66,6,6b7e1f5b521de19b,,Open,1.0608520127326513,90,0,0.10959419310092926,0.9574761897325516,0.9999338805675506,0.11626322033493165,1.0157405430213673,1.0607818697996567
d3f59a3402809ce8,3,062b9e5a52eb6d8e,28c9c64e5918b06e,Open,36209.16771936587,10,107,0.0,0.00020067409714101815,0.000995499268174171,0.0,7.266242040311445,36.046199965824535
d3fac5060122db57,3,6b7e1f5b521de19b,,Open,54608.54408792734,80,0,0.01427035043016076,0.2751554697751999,0.9820669621229171,779.2830606156067,15025.839602253362,53629.24699838619
d41b4e14e5c418cc,3,6b7e1f5b521de19b,,Open,524417.177630072,10,0,0.0,0.00016213622511713767,0.0011807702307123677,0.0,85.02702156752332,619.2161918197888
d4324c9616aa5e04,2,6b7e1f5b521de19b,6f9a9c5f2856c8b3,Open,1.170863568534039,10,0,0.0,0.00016275017405860127,0.02683049133047461,0.0,0.00019055824957778985,0.031414844824721094
d4335ec36e27d74a,2,6b7e1f5b521de19b,,Open,11264.189824104717,25,0,0.0,0.04655410163104534,0.6123895555734632,0.0,524.3942378627577,6898.072200278614
d439dcc522574b99,2,6b7e1f5b521de19b,6f9a9c5f2856c8b3,Open,361.29574083874047,40,0,0.0,0.026508113369345665,0.45375597923994054,0.0,9.577268458015062,163.94010267950247
d43a769cb86ac90e,3,6b7e1f5b521de19b,d4f34f97b6d22a81,Open,19619.847409183643,30,1,0.0,0.04533469844609499,0.6414491415023803,0.0,889.4598658537385,12585.134277028548
d44c06679ed7e368,5,6b7e1f5b521de19b,6f9a9c5f2856c8b3,Open,64.92779610970092,40,20,0.00028759543783962727,0.0014014026324730366,0.019755931384861456,0.018672937950131484,0.09098998438880745,1.282709084913526
d44d3f4a3ca60ea6,3,6b7e1f5b521de19b,,Open,2.4198904513070483,10,61,0.0,0.00017452453466830777,0.0053952089976519345,0.0,0.0004223302549626439,0.013055814736223787
d462bfcf6d67f327,3,6b7e1f5b521de19b,,Open,97448.11793908857,30,235,0.0,0.006514401664026082,0.12119937725365161,0.0,634.8161816586085,11810.65120875793
d4799a95fe2a01dd,4,48deb34ff5cdd785,28c9c64e5918b06e,Open,1.170863568534039,10,120,0.0,9.671754414739553e-05,0.00024744610709603876,0.0,0.00011324304888026798,0.0002897256319743239
d4a0c5eee5978167,2,6b7e1f5b521de19b,6f9a9c5f2856c8b3,Open,1.170863568534039,10,0,0.0,0.017814601212739943,0.5312079995870589,0.0,0.020858467547959506,0.621972094030332
d4abfbcac29d719e,4,77c27bf8a409b6bb,28c9c64e5918b06e,Open,263422.11422197946,10,18,0.0,0.00026559247489785773,0.0017998068011365828,0.0,69.9629312590417,474.1089127464964
d4aff7d0f9c38ce6,3,6b7e1f5b521de19b,,Open,2.4198904513070483,10,0,0.0,0.00016037751629482955,0.02881347872316835,0.0,0.00038809602028619855,0.06972546203113389
d4e4c04b0ac8a35a,2,6b7e1f5b521de19b,6f9a9c5f2856c8b3,Open,325.3216003955088,40,0,0.00028759543783962727,0.029489993397146464,0.4949483752250669,0.09356100810443461,9.593731847612675,161.01739754137557
d4ec05158fe8a9a7,0,6b7e1f5b521de19b,,Open,17020.755679593403,10,0,0.0,0.0013901913363952192,0.7446908265352249,0.0,23.66210708467047,12675.200615290534
d4fbcc2a559c6af7,2,6b7e1f5b521de19b,,Open,1.170863568534039,10,0,0.0,0.00013475440719048492,0.0054133680649101675,0.0,0.00015777902607874014,0.0063383154502689235
d4fcbbc88c850868,2,6b7e1f5b521de19b,6f9a9c5f2856c8b3,Open,98.49392076768089,10,0,0.0,0.0005550185538595543,0.2959710091352461,0.0,0.054665953468435766,29.151345123297485
d50390878ce52367,0,6b7e1f5b521de19b,,Open,1064506.8667509402,20,0,0.0,0.027744694985449316,0.6014500617980955,0.0,29534.418327921176,640247.72079185
d5189ef0dd62a693,3,6b7e1f5b521de19b,,Open,11338.365398214035,50,0,0.00028759543783962727,0.14196110814809798,0.858581382036209,3.2608621610850452,1609.6069165185147,9734.909433630139
d52262e37c1570bf,2,6b7e1f5b521de19b,6f9a9c5f2856c8b3,Open,1.170863568534039,10,0,0.0,0.0008053897327044979,0.541779863834381,0.0,0.0009430014964950642,0.6343503047290091
d5494e494388c3a4,2,6b7e1f5b521de19b,d4f34f97b6d22a81,Open,1206.0482706228593,10,0,0.0,0.0267939567565918,0.5575648963451383,0.0,32.31480520943121,672.4501789970678
d54c6a8d06824051,3,6b7e1f5b521de19b,,Open,1.170863568534039,10,0,0.0,0.00014821788936387749,0.0009788235591258842,0.0,0.00017354292686117296,0.0011460688454033217
d54fcb48d2aeaa55,2,6b7e1f5b521de19b,6f9a9c5f2856c8b3,Open,687785.8072442344,30,66,0.00028759543783962727,0.016291305888444185,0.41819359660148586,197.80406037428708,11204.928971546333,287627.62042292266
d57f241b76d8a21e,5,6b7e1f5b521de19b,6f9a9c5f2856c8b3,Open,4233.726856735189,20,4,0.0,0.10842341221868992,0.816812938451767,0.0,459.0351122091378,3458.162874452033
d58f0ff6a1417fc4,3,6b7e1f5b521de19b,d4f34f97b6d22a81,Open,1.170863568534039,90,0,0.009978663781657815,0.9840027779340744,0.999925023317337,0.011683653884593238,1.1521330040192979,1.1707757810678192
d5beb535dd84ec9e,3,6b7e1f5b521de19b,,Open,14005.202331550161,50,0,0.00028759543783962727,0.07297827824950218,0.7221142917871475,4.027832296574737,1022.0755526924443,10113.35676298305
d5cba71b0785be54,4,9cd083484517be1d,28c9c64e5918b06e,Open,1.170863568534039,90,0,0.008260850422084331,0.9820101410150528,0.9998886585235596,0.009672328804327581,1.1497998980454995,1.1707332028556081
d5d6bc62f3841fc4,2,6b7e1f5b521de19b,d4f34f97b6d22a81,Open,6745.476669391392,30,0,0.00028759543783962727,0.04946383349597454,0.6758468836545944,1.9399683161706078,333.65713482575666,4558.909385772945
d5ebdd8dfecd2850,4,fd10c5543bdbcbc9,d4f34f97b6d22a81,Open,259197.86000522092,30,228,0.00028759543783962727,0.0018425585061777384,0.013653020933270454,74.54412203529593,477.5872217356864,3538.833808510186
d5ed1771da9b88e7,2,6b7e1f5b521de19b,,Open,151056.98154331456,10,0,0.0,0.0010897684725932777,0.5024680867791175,0.0,164.61713605100886,75901.31251069772
d60d7a51d16ed53f,0,6b7e1f5b521de19b,,Open,8290.869253090716,10,0,0.0,0.00028814460383728144,0.06872373446822166,0.0,2.3889692363985215,569.7794970601497
d615dac62f601409,5,6b7e1f5b521de19b,6f9a9c5f2856c8b3,Open,38843.941510716206,60,0,0.0028538778424263,0.11346560865640641,0.8617069214582442,110.85586398993615,4407.451466127265,33472.093256503365
d62de76d42fe7de4,3,6b7e1f5b521de19b,d4f34f97b6d22a81,Open,6009.906030357736,50,0,0.00028759543783962727,0.07297827824950218,0.7221142917871475,1.7284215561757494,438.59259453680795,4339.839036819084
d63037843015ce97,2,6b7e1f5b521de19b,6f9a9c5f2856c8b3,Open,98.49392076768089,10,56,0.0,0.0018244114762637764,0.03413532506674528,0.0,0.17969343939077212,3.3621220025030407
d634b7d3ac53dd52,2,6b7e1f5b521de19b,6f9a9c5f2856c8b3,Open,1.170863568534039,10,0,0.0,0.033922729454934596,0.5954109132289884,0.0,0.03971888806401947,0.6971449466074044
d635bbb4ad3c621e,2,6b7e1f5b521de19b,6f9a9c5f2856c8b3,Open,727.33834588959,10,0,0.0,0.0005471536744153128,0.32396423071622843,0.0,0.39796584849664485,235.63160769653507
d67663f2e186df96,6,6b7e1f5b521de19b,,Open,286920.02942277264,90,0,0.008266484993509949,0.95810866355896,0.999926871061325,2371.8201175607833,274900.56593855016,286899.0472655364
d684d0a4f8b63173,0,6b7e1f5b521de19b,6f9a9c5f2856c8b3,Open,104799.15596807786,30,593,0.0,0.0009995278087444603,0.004639006545767188,0.0,104.7496707230418,486.1639705267896
d68cfe9a97bd63cf,3,6b7e1f5b521de19b,,Open,35845.270270304114,10,126,0.0,0.00012020829381071964,0.0019831267884001134,0.0,4.308898780377371,71.08571571048226
d68dfa830666db26,2,6b7e1f5b521de19b,,Open,58971176.19754814,50,0,0.001301340665668249,0.016075230669230223,0.4058938652276986,76741.5896881569,947975.2602114052,23936038.643846475
d6925b7d30db941f,3,6b7e1f5b521de19b,,Open,2.4198904513070483,10,0,0.0,0.0005230717681115494,0.20286996290087694,0.0,0.0012657763770014328,0.4909230860808472
d697bf289a970fac,2,6b7e1f5b521de19b,6f9a9c5f2856c8b3,Open,7195.827616430679,80,0,0.13662588000297546,0.3891332641243935,0.9842240840196609,983.1362804445548,2800.135888458124,7082.306844544864
d69cd29ef2b29f97,2,6b7e1f5b521de19b,6f9a9c5f2856c8b3,Open,387.213790880707,40,0,0.0,0.022341009601950648,0.43497086763381954,0.0,8.650747020073585,168.42671857916147
d6cdac4316511bb2,2,6b7e1f5b521de19b,,Open,89664.46366676311,10,0,0.0,0.000168838490935741,0.030415912345051747,0.0,15.138812736058862,2727.226467354344
d6cdffcdcab54ac6,3,674ec33189ed753c,,Open,5186.502594949308,10,0,0.0,0.00015621026541339232,0.0010095082398038349,0.0,0.8101849469242794,5.235817105365299
d6faf14d8c7e67eb,0,6ab36d9b02cbcf6b,,Open,895040.1574346115,40,1291,0.0003421000903472304,0.0010759911325294524,0.010130085004493593,306.1933187227799,963.0552726574069,9066.832877247944
d707ba9325022a3e,0,6b7e1f5b521de19b,6f9a9c5f2856c8b3,Open,1.170863568534039,10,0,0.0,0.0011052833579014987,0.3045060783624648,0.0,0.0012941360166738342,0.3565350735517812
d7121903dfe62275,3,6b7e1f5b521de19b,d4f34f97b6d22a81,Open,130254.06673700528,10,222,0.0,0.0004592765879351646,0.020505965780466793,0.0,59.822643335651,2670.9854352756684
d71a6b3bf93e10f0,4,38080774be85927f,d4f34f97b6d22a81,Open,63694.31503984934,90,0,0.235342875123024,0.9770361602306366,0.9999421596527099,14990.00323046981,62231.64899505488,63690.63093854703
d724f879c6ce662e,3,6b7e1f5b521de19b,d4f34f97b6d22a81,Open,75796.37468471809,60,78,0.004728055931627751,0.01306007974781096,0.26285343542695033,358.36949892396086,989.906697977378,19923.337478786478
d72c707f7d18c6f8,3,6b7e1f5b521de19b,,Open,31441.363393509106,50,1,0.00028759543783962727,0.12412829324603081,0.8089114904403686,9.042392671431081,3902.7627753645165,25433.280124120694
d72dc2217e489cd4,1,6b7e1f5b521de19b,,Open,11675.99327727772,10,0,0.0,0.0010613320395350457,0.06178751830011606,0.0,12.392105758570644,721.4306482918291
d7371cfbb6cde37c,3,6b7e1f5b521de19b,,Open,263999.29512211593,50,0,0.00028759543783962727,0.024516474641859534,0.5510817646980285,75.92499286999791,6472.332024330147,145485.19743493127
d73dee79a1aa7d39,5,6b7e1f5b521de19b,d4f34f97b6d22a81,Open,1.170863568534039,10,0,0.0,0.00019018896346096882,0.030240092054009425,0.0,0.0002226853284536999,0.03540702209515531
d7442ac4dc008396,5,6b7e1f5b521de19b,6f9a9c5f2856c8b3,Open,1.170863568534039,10,0,0.0,0.00016032562707550823,0.02683049133047461,0.0,0.0001877194358450871,0.031414844824721094
d74530c1e793a11e,2,6b7e1f5b521de19b,6f9a9c5f2856c8b3,Open,1665.2625792002207,40,0,0.0,0.026508113369345665,0.44498907178640357,0.0,44.142969239168416,741.0236493989386
d745ea78827a8602,3,6b7e1f5b521de19b,,Open,25102.753943361105,10,0,0.0,0.00017571186544955707,0.03100286582484838,0.0,4.410851723309205,778.2573123402079
d746611be62f1869,6,6b7e1f5b521de19b,,Open,1.170863568534039,20,176,0.0,0.005625248537398875,0.13102873265743253,0.0,0.00658639857638973,0.15341676949977404
d748c5c5481c6f41,0,6b7e1f5b521de19b,,Open,1.170863568534039,10,0,0.0,0.029438378242775808,0.8264297753572464,0.0,0.03446832460119129,0.9676365159175696
d74cea5f869c4040,5,6b7e1f5b521de19b,6f9a9c5f2856c8b3,Open,10373460.710529229,10,599,0.0,0.0003860580662149005,0.021607181243598443,0.0,4004.7581818631616,224141.24569575253
d76659085c7241ab,3,6b7e1f5b521de19b,d4f34f97b6d22a81,Open,58064.045804306596,30,15,0.0,0.007053321623243391,0.1275436259806156,0.0,409.54438980451044,7405.698940985813
d77e855ddca031a0,5,6b7e1f5b521de19b,,Open,1904.2663165543504,100,360,0.9997202754020691,0.9873074352741241,0.9998786211013794,1903.7336464245989,1880.096293076179,1904.0351788061666
d782323e7b956963,5,6b7e1f5b521de19b,6f9a9c5f2856c8b3,Open,12070.245074636312,60,24,0.002878382135531865,0.026152815110981466,0.6474136173725127,34.74277779432464,315.67088778119813,7814.441026343049
d794c90b1071e709,1,6b7e1f5b521de19b,6f9a9c5f2856c8b3,Open,106005.91497948274,40,28,0.00028759543783962727,0.013815145008265972,0.6183902323246001,30.486817532114642,1464.487087175468,65553.02239194413
d79948574590ea38,2,6b7e1f5b521de19b,6f9a9c5f2856c8b3,Open,1.170863568534039,10,0,0.0,0.0008053897327044979,0.541779863834381,0.0,0.0009430014964950642,0.6343503047290091
d7a9a0c6033bdb17,2,6b7e1f5b521de19b,6f9a9c5f2856c8b3,Open,13707.11230296319,10,3,0.0,0.0008276714070234448,0.2617334567010401,0.0,11.344984926021915,3587.6098844439102
d7b0262ae26b1dd5,3,6b7e1f5b521de19b,,Open,1.170863568534039,10,0,0.0,0.0001517322256404441,0.0018873899767640977,0.0,0.00017765773517498237,0.0022098761634093884
d7b76b1ea20e512e,3,6b7e1f5b521de19b,,Open,29090.31011051791,40,1,0.0,0.034207703080028296,0.5524997323751449,0.0,995.1126907665417,16072.388550771117
d7b81baa5514bf0c,3,6b7e1f5b521de19b,,Open,2.4198904513070483,10,3,0.0,0.0001699461819953285,0.002082825673278421,0.0,0.0004112511430465853,0.005040209958503624
d7bf0961f32c29cd,3,6b7e1f5b521de19b,d4f34f97b6d22a81,Open,89664.46366676311,50,0,0.00116905365139246,0.07154305838048458,0.8218234926462171,104.82256864977597,6414.869958766072,73688.3626968691
d7d85894cb528591,1,6b7e1f5b521de19b,,Open,813.1455864945308,10,0,0.0,0.0017567086091730745,0.6119343966245651,0.0,1.428459852306031,497.59175383945876
d7df63d3c8ca1bc4,3,6b7e1f5b521de19b,d4f34f97b6d22a81,Open,3793.6451888564466,30,0,0.0,0.043346212804317476,0.6053668320178981,0.0,164.4401516602467,2296.5469697779677
d7f3b06d92358ae9,3,062b9e5a52eb6d8e,,Open,5655.969519442425,10,6,0.0,0.00016533330999664032,0.0008268464269349351,0.0,0.9351201618895232,4.676618188003871
d7f3cac0875c1341,2,6b7e1f5b521de19b,6f9a9c5f2856c8b3,Open,128366.43527018194,30,32,0.0,0.0003280491553596221,0.10333737097680565,0.0,42.11050066690879,13265.0499424849
d7f55cccf1159c2a,3,6b7e1f5b521de19b,,Open,106.50980251571035,10,0,0.0,0.00018485106629668736,0.02881347872316835,0.0,0.019688450566078652,3.0689179285952832
d8110d7923b2c22e,5,6b7e1f5b521de19b,d4f34f97b6d22a81,Open,26023.503510625294,10,65,0.0,0.00044698642450384795,0.08268904499709603,0.0,11.632152787277736,2151.8586527721814
d83b9434c142c97d,1,6b7e1f5b521de19b,,Open,17410.708987955546,50,0,0.0028538778424263,0.5608328968286515,0.9757856726646423,49.688036601658766,9764.498357555747,16989.120381380537
d8408a9dcc1cc598,3,6b7e1f5b521de19b,,Open,5655.969519442425,30,0,0.0,0.022218900732696056,0.40713483244180665,0.0,125.66942529964585,2302.7422025941573
d84770ed06ae8419,6,6b7e1f5b521de19b,,Open,5156.0434447079615,90,0,0.007812605053186417,0.9510495662689209,0.9999251186847686,40.282131070574124,4903.65288175322,5155.657353393432
d8577c81583647e6,5,6b7e1f5b521de19b,,Open,1.170863568534039,0,0,0.0,0.00012112662698200438,0.00027046013419749213,0.0,0.00014182275471264107,0.0003166719178726707
d86a9044dd6fce7f,3,6b7e1f5b521de19b,,Open,7495.264905653416,50,0,0.0011230711825191975,0.06317006722092629,0.7978701978921889,8.417716020886822,473.476387928776,5980.24849352807
d873c740109e740a,2,6b7e1f5b521de19b,6f9a9c5f2856c8b3,Open,2981601.165407066,50,0,0.00116905365139246,0.05174445919692516,0.7330874174833297,3485.651729415144,154281.33984491043,2185774.298313552
d879b51e43ffc992,5,cca8e68b78e095c5,28c9c64e5918b06e,Open,26365.415373079573,10,11,0.0,0.00017320552942692302,0.019851663243025532,0.0,4.566635728254982,523.3973472488641
d8987a7656afe67b,2,6b7e1f5b521de19b,6f9a9c5f2856c8b3,Open,98.49392076768089,10,0,0.0,0.0005508837872184813,0.1978594556450843,0.0,0.05425870409049708,19.487953547443407
d8b1b91e5edfc0b3,4,75c64824a2a4e380,28c9c64e5918b06e,Open,239053.66187843552,50,17,0.002452789666131139,0.13430698066949845,0.8849264830350875,586.348351506234,32106.57554487986,211544.91626274292
d8b5e1ad4dce9c9f,0,6b7e1f5b521de19b,6f9a9c5f2856c8b3,Open,1.170863568534039,60,0,0.0010428334586322307,0.17533881962299347,0.9165457069873809,0.0012210157047608276,0.20529783604632432,1.0731499772077984
d8ba1566ebc98a14,2,6b7e1f5b521de19b,6f9a9c5f2856c8b3,Open,162068.98690307676,70,0,0.023161912709474562,0.35576001554727554,0.9732795238494872,3753.82772756204,57657.66530036979,157738.42640379534
d8c0b164abc5d0b6,0,062b9e5a52eb6d8e,,Open,68130.33408842972,10,0,0.0,0.04033294087275864,0.83953198492527,0.0,2747.8967364299283,57197.59461088119
d8c399714b6fae5c,3,6b7e1f5b521de19b,d4f34f97b6d22a81,Open,28258.20210595448,60,6,0.0077530847862362865,0.12944460399448873,0.8319192528724669,219.08823683406587,3657.871781201505,23508.54238350482
d8d2355a0e84f4c5,2,6b7e1f5b521de19b,6f9a9c5f2856c8b3,Open,789.4777702126203,60,27,0.00302879698574543,0.02953982204198837,0.7310372263193129,2.3911678907330076,23.32103283818659,577.1376393769898
d8d3afd651e32400,5,6b7e1f5b521de19b,6f9a9c5f2856c8b3,Open,410419.77357912477,10,1770,0.0,0.00015423289296450095,0.006525867409072816,0.0,63.300229008943866,2678.3450244390547
d8e60709336984a1,5,6b7e1f5b521de19b,6f9a9c5f2856c8b3,Open,1060.8669669680157,40,0,0.0,0.031044716481119394,0.4551500260829925,0.0,32.934314213707104,482.8536276860775
d8eced6545bb5826,2,6b7e1f5b521de19b,,Open,4048.562438442638,80,0,0.0076025320217013356,0.6464815646409988,0.99094258248806,30.779325580117398,2617.320979751174,4011.892918114505
d8edd749b36d4c7a,2,6b7e1f5b521de19b,6f9a9c5f2856c8b3,Open,91224.61612068256,60,0,0.001086287386715412,0.2512235030531883,0.938545399904251,99.09614984985292,22917.767626520228,85618.4438180978
d90bb87274d1f944,2,6b7e1f5b521de19b,,Open,1.170863568534039,10,0,0.0,0.00017629725771257655,0.027255218848586074,0.0,0.0002064200362881125,0.03191214280223169
d9111b8ead57960e,2,6b7e1f5b521de19b,,Open,9001229.400599582,10,20,0.0,0.011715206829831005,0.5940232127904892,0.0,105451.26415077987,5346939.207608373
d914abce6f7526cb,3,6b7e1f5b521de19b,,Open,11264.189824104717,10,22,0.0,0.0006933339347597212,0.02208759961649774,0.0,7.809845052626935,248.79891483905308
d917eea3b35fe56e,0,6b7e1f5b521de19b,6f9a9c5f2856c8b3,Open,148204.74037875893,50,0,0.00116905365139246,0.0541933260858059,0.731708949804306,173.25929289345967,8031.707822808286,108442.73493856152
d938a2ea0a395e74,1,6b7e1f5b521de19b,,Open,13009.243977218044,70,0,0.026735015027225018,0.33586476892232897,0.9421693623065949,347.80233322376097,4369.346722262539,12256.911102106435
d93fc2e77f68c3d2,0,6b7e1f5b521de19b,6f9a9c5f2856c8b3,Open,1.170863568534039,30,0,0.0,0.031812875811010596,0.5256938576698302,0.0,0.037248537297410074,0.6155157861477226
d95c9dd04e52cb68,2,6b7e1f5b521de19b,6f9a9c5f2856c8b3,Open,98.49392076768089,10,0,0.0,0.000864757358795032,0.24216647595167143,0.0,0.08517334278042688,23.851925694972426
d95cfb31d16a3b93,2,6b7e1f5b521de19b,6f9a9c5f2856c8b3,Open,345509.2743545238,40,5,0.00116905365139246,0.024556666612625122,0.43232065737247466,403.9188787741153,8484.556061894067,149370.79661723445
d95d5b5c622f52ee,3,6b7e1f5b521de19b,,Open,21273.147061594493,10,0,0.0,0.0005691345606464893,0.3213544726371763,0.0,12.107283206468736,6836.2209553117955
d96315ff9ec7025d,5,6b7e1f5b521de19b,6f9a9c5f2856c8b3,Open,1.170863568534039,10,0,0.0,0.0006684066698653624,0.18463647738099095,0.0,0.0007826130187105115,0.21618412478786142
d96d1ebcf02d25fb,3,674ec33189ed753c,,Open,5557.286621374345,10,0,0.0,0.00015795135986991228,0.028194255568087075,0.0,0.877780979032948,156.68355926813942
d970f83d2562393c,2,6b7e1f5b521de19b,6f9a9c5f2856c8b3,Open,1.170863568534039,1,28,0.0,9.013278286147397e-05,0.0001624418633582536,0.0,0.00010553319178308908,0.00019019725981096356
d97eed7848384e0d,2,6b7e1f5b521de19b,,Open,13347.402500248763,10,10,0.0,0.00023960079197422602,0.03598284032195803,0.0,3.1980482098583685,480.27745287935466
d999b97174a46dff,6,6b7e1f5b521de19b,,Open,3555257.481029086,1,92,0.0,0.00010073855664813892,0.010156389931216828,0.0,358.1515071513682,36108.58128320711
d9b16081e0ee0a05,2,6b7e1f5b521de19b,6f9a9c5f2856c8b3,Open,860345.2341691502,10,0,0.0,0.0005319283198332414,0.3392062470316885,0.0,457.6419948881327,291834.4780341167
d9bef4ddc6ba3379,0,6b7e1f5b521de19b,6f9a9c5f2856c8b3,Open,1.170863568534039,10,0,0.0,0.00020056552966707386,0.030240092054009425,0.0,0.00023483487179090976,0.03540702209515531
d9d7334c206a6512,0,6b7e1f5b521de19b,6f9a9c5f2856c8b3,Open,98.49392076768089,40,0,0.0,0.032993970252573494,0.4675431475043296,0.0,3.249705491868194,46.05015772576358
d9e1596a57ad9781,2,6b7e1f5b521de19b,6f9a9c5f2856c8b3,Open,15940.107517960609,70,580,0.0011889242043253035,0.007991390861570835,0.1394750732928511,18.951579647651105,127.38362955148698,2223.2476643634827
d9ebd242a27516bb,0,6b7e1f5b521de19b,6f9a9c5f2856c8b3,Open,98.49392076768089,40,0,0.0,0.02719142818823457,0.42972139269113524,0.0,2.6781903735320607,42.32494480389816
da127d5112914225,3,6b7e1f5b521de19b,,Open,63065.43046534744,80,0,0.005494691058993339,0.22298067063093185,0.9564217329025269,346.52505690951074,14062.371978791572,60317.148291911406
da12d49b4df959d8,2,6b7e1f5b521de19b,,Open,97448.11793908857,30,0,0.0,0.06300471667200327,0.7879235088825225,0.0,6139.6910609722345,76781.66302056455
da13e932c4999bf6,5,6b7e1f5b521de19b,d4f34f97b6d22a81,Open,13707.11230296319,60,1,0.0011230711825191975,0.2678170070052147,0.9316552311182023,15.39406282301231,3670.9977916639577,12770.302880580324
da2210e2d36592d9,2,6b7e1f5b521de19b,6f9a9c5f2856c8b3,Open,452.3750935109554,40,0,0.00028759543783962727,0.04766390267759561,0.5650047570466994,0.13010101308602556,21.561962430874395,255.5940798031353
da24e7a6feb54c92,3,6b7e1f5b521de19b,,Open,5863.460546876247,70,0,0.0010428334586322307,0.24854956343770027,0.9480007648468016,6.114612841652587,1457.3605591602704,5558.5650830877275
da2f80d731913776,6,6b7e1f5b521de19b,d4f34f97b6d22a81,Open,74789.8556939744,10,6,0.0,0.0002961253441753797,0.011022869171574712,0.0,22.14717175820515,824.3987946756318
da3c9c0c2fb6b668,0,6b7e1f5b521de19b,,Open,7021298.880091253,50,154,0.00116905365139246,0.008945644786581398,0.1829860530793665,8208.275093288468,62810.045721718125,1284799.7695584744
da4b30bac262dd25,0,6b7e1f5b521de19b,,Open,9270.864526233152,10,0,0.0,0.002565832412801683,0.7886239916086197,0.0,23.787484696102343,7311.226188340744
da4d7df86bc5518b,6,6b7e1f5b521de19b,,Open,89664.46366676311,75,0,0.0015829145908355714,0.2781132310628891,0.9529334008693695,141.9311878175653,24936.873701884513,85444.26229909659
da54c70c7c5309e4,5,6b7e1f5b521de19b,d4f34f97b6d22a81,Open,1.170863568534039,10,0,0.0,0.012529531866312027,0.8110161721706389,0.0,0.014670372393051058,0.9495892894865309
da6cf310d847989d,0,6b7e1f5b521de19b,6f9a9c5f2856c8b3,Open,36142.35302411345,10,62,0.0,0.00021884943344048225,0.01599420155398544,0.0,7.909733482533129,578.0680789029657
da6db34e9c273c2d,5,062b9e5a52eb6d8e,28c9c64e5918b06e,Open,2980.375190480625,40,0,0.0,0.02509074965491891,0.400346493721008,0.0,74.77984778208062,1193.1827574819995
da6eb2dd28b11369,3,6b7e1f5b521de19b,,Open,4786.163932679293,10,0,0.0,0.00026499932137085124,0.04100296013057231,0.0,1.2683301941296572,196.2468889100322
da794f164f51e206,1,6b7e1f5b521de19b,d4f34f97b6d22a81,Open,1.170863568534039,75,0,0.0015829145908355714,0.5613782286643982,0.9770072609186172,0.0018533770265103352,0.657297316111315,1.143942208002839
da8cda34bf1f0c3c,5,6b7e1f5b521de19b,,Open,1.170863568534039,10,0,0.0,0.0006477652583271265,0.30313875973224635,0.0,0.000758444741937273,0.3549341299810806
da8f0633b1b32e72,3,6b7e1f5b521de19b,,Open,5904.2113289495155,70,0,0.0010428334586322307,0.2341067932546139,0.9458928704261779,6.157109120664022,1382.2159809179334,5584.751401542815
da94b328c9aeb68c,2,6b7e1f5b521de19b,,Open,425133.94597307645,50,265,0.0013649825588800013,0.004910387541167438,0.057114819437265374,580.3004214410821,2087.572431633545,24281.448560904395
daa7ab37aee2bc3d,3,6b7e1f5b521de19b,,Open,1.170863568534039,0,93,0.0,7.642140044481494e-05,0.00014412763484870081,0.0,8.947903363718481e-05,0.00016875379686332075
dab499a5ce3f1a19,5,6b7e1f5b521de19b,6f9a9c5f2856c8b3,Open,524313.090811537,30,0,0.0,0.025658652838319543,0.5401327669620513,0.0,13453.167575719535,283198.68049446074
dace190c68ac37dd,3,6b7e1f5b521de19b,,Open,1.170863568534039,10,0,0.0,0.00015000876155681908,0.0009788235591258842,0.0,0.00017563979386778895,0.0011460688454033217
dad3ec2d3f2de6d3,3,6b7e1f5b521de19b,,Open,125269.05530137332,90,48,0.0974694922566414,0.8792749047279358,0.9999296545982361,12209.911215693988,110145.93666547353,125260.24319934956
dae349f200951113,2,6b7e1f5b521de19b,,Open,11164.548352985037,50,0,0.00028759543783962727,0.028210156317800283,0.45522836893796886,3.210873171858421,314.9536542553476,5082.4191366584655
daeb676692749df2,3,6b7e1f5b521de19b,,Open,1.170863568534039,10,0,0.0,0.0005723413458326832,0.1938968539237975,0.0,0.0006701336306012299,0.2270267623127408
db0d1150d6e50392,0,6b7e1f5b521de19b,6f9a9c5f2856c8b3,Open,10103.168967816006,60,0,0.0010428334586322307,0.27743036299943924,0.9388716995716094,10.535922637853389,2802.9258341858645,9485.579419872556
db0d8b220582edd1,5,6b7e1f5b521de19b,6f9a9c5f2856c8b3,Open,507.41135048779154,40,0,0.00028759543783962727,0.03178178947418928,0.49003939926624274,0.14592918950833297,16.12644071801706,248.6515533739103
db2267502609cef8,3,6b7e1f5b521de19b,,Open,11264.189824104717,30,992,0.0,0.0009733916667755693,0.005531512293964623,0.0,10.964468507761698,62.308004493586445
db238c82e49b177f,4,255414ab73601d72,28c9c64e5918b06e,Open,1.170863568534039,10,0,0.0,0.0009581941703800112,0.5337148308753967,0.0,0.0011219146456796529,0.624907251458308
db35667a5db374ab,3,6b7e1f5b521de19b,,Open,2.4198904513070483,10,0,0.0,0.00013803538458887488,0.0008800673705991349,0.0,0.00033403050910911443,0.002129666626619748
db3b59f2dab60a4d,3,6b7e1f5b521de19b,,Open,25102.753943361105,20,0,0.0,0.01736243739724159,0.3842460602521896,0.0,435.8449938399667,9645.63430421662
db63652042437f59,2,6b7e1f5b521de19b,6f9a9c5f2856c8b3,Open,98.49392076768089,10,20,0.0,0.0003064447024371475,0.04497940652072425,0.0,0.030182940241519955,4.430198102029523
db68c53017008ecd,0,6b7e1f5b521de19b,6f9a9c5f2856c8b3,Open,19968.386719979837,10,2,0.0,0.0005416758765932172,0.2899859048426149,0.0,10.816393380697436,5790.550691240608
db6a09f41d5b59d6,2,6b7e1f5b521de19b,,Open,270801.9611719012,30,0,0.0,0.030926467943936588,0.5045814707875249,0.0,8374.948171337963,136641.65186026413
db760e95fc903b79,2,6b7e1f5b521de19b,6f9a9c5f2856c8b3,Open,98.49392076768089,10,0,0.0,0.00047761703608557583,0.19161453545093524,0.0,0.04704237450950729,18.872866872640397
db77c2df947879a9,0,6b7e1f5b521de19b,6f9a9c5f2856c8b3,Open,13358.89584683677,70,0,0.01843751184642315,0.3539874479174614,0.971661439538002,246.30480043118595,4728.881447816922,12980.323969175652
db7c8aae966daa8c,2,6b7e1f5b521de19b,6f9a9c5f2856c8b3,Open,119715.07969252608,10,15,0.0,0.0015060147270560265,0.15980001017451284,0.0,180.29267306763012,19130.470952908283
db836925fc85ca78,2,6b7e1f5b521de19b,6f9a9c5f2856c8b3,Open,2088.3697760257346,40,0,0.0,0.026508113369345665,0.45375597923994054,0.0,55.35874278000519,947.6102727356525
db93848d9e08b02a,0,52838e14fa2f9ca3,,Open,5479.120830957844,10,0,0.0,0.000524157943436876,0.39877953529357907,0.0,2.8719247065970106,2184.9612587867377
db95c8fcdbb501e2,2,6b7e1f5b521de19b,6f9a9c5f2856c8b3,Open,5817.509814766553,90,0,0.3944867469370365,0.9888666689395904,0.9999427199363708,2294.9305221015393,5752.741552051575,5817.1765874342
dbb558f6d2913be2,1,6b7e1f5b521de19b,,Open,19774.79549531557,50,19,0.00028759543783962727,0.01627248153090477,0.42697296738624574,5.68714096866437,321.78499447494147,8443.303112091055
dbc85b343badd2de,2,6b7e1f5b521de19b,,Open,9648.963805727817,10,0,0.0,0.0001837437361245975,0.03050932362675665,0.0,1.772936659395444,294.38335941181145
dbd2a65e84078caf,6,6b7e1f5b521de19b,,Open,5156.0434447079615,90,0,0.007812605053186417,0.9534686028957366,0.9999251186847686,40.282131070574124,4916.125539695421,5155.657353393432
dbd34f51e28999be,3,6b7e1f5b521de19b,d4f34f97b6d22a81,Open,465231.493683589,30,315,0.0,0.0025901618762873115,0.048039544932544226,0.0,1205.0248785874332,22349.50924484744
dbdd99d3c639a85e,2,6b7e1f5b521de19b,6f9a9c5f2856c8b3,Open,98.49392076768089,10,0,0.0,0.0005311321729095653,0.2959710091352461,0.0,0.05231329015572091,29.151345123297485
dbee05c005c9e7f8,0,6b7e1f5b521de19b,,Open,7622.2759197919995,10,0,0.0,0.0014821217511780563,0.7667310535907745,0.0,11.297140934204448,5844.23564674171
dbf043d99f1f4903,5,6b7e1f5b521de19b,6f9a9c5f2856c8b3,Open,368869.1381210446,50,0,0.0011230711825191975,0.05632884278893471,0.7919470638036726,414.26629914443873,20777.971690910166,292124.8308627526
dbf04ff7ba5e937c,6,6b7e1f5b521de19b,,Open,234554.616683702,25,218,0.0,0.0001644841286179144,0.0016763219551648942,0.0,38.580511738527655,393.18905363217567
dbf2ebe9411c9588,0,94168341f8d9633e,,Open,266260.8990813679,10,1213,0.0,0.0005396539956564084,0.009995731338858602,0.0,143.6887580763279,2661.4724132602964
dbf89a48b2b9cd5b,0,062b9e5a52eb6d8e,,Open,1009.2107328123442,60,0,0.0010428334586322307,0.5773010224103927,0.9799446612596512,1.0524387189874649,582.618387880108,988.970669705397
dbfac93c0fc0ce0a,2,6b7e1f5b521de19b,6f9a9c5f2856c8b3,Open,415.3892283045608,40,0,0.0,0.025718034338206054,0.4519880279898643,0.0,10.682994437257609,187.75095814960997
dc040661bb3f005f,1,6b7e1f5b521de19b,,Open,36077.87700023642,90,0,0.015234426781535148,0.976559978723526,0.9999379813671112,549.6257755933326,35232.210795740866,36075.63949962733
dc21191e25a7f839,2,6b7e1f5b521de19b,6f9a9c5f2856c8b3,Open,21273.147061594493,25,0,0.0,0.06922653131186962,0.6308293670415878,0.0,1472.6661811614783,13419.725895848267
dc31df9c79fbb17d,3,6b7e1f5b521de19b,,Open,2.4198904513070483,1,1077,0.0,7.903908663138281e-05,0.0001412094548868481,0.0,0.00019126593101931384,0.0003417114115149571
dc40f5ba8714cb77,3,6b7e1f5b521de19b,6f9a9c5f2856c8b3,Open,1.170863568534039,10,0,0.0,0.0005816959252115339,0.32750011682510366,0.0,0.000681086566794886,0.3834579554811555
dc4c5d71134950f4,0,fc3655a0b667e091,,Open,1064506.8667509402,40,627,0.0003421000903472304,0.0013087793777231127,0.01007094592787325,364.16789529074384,1393.204634648276,10720.591094898493
dc4e4e2106587d9c,4,75c64824a2a4e380,28c9c64e5918b06e,Open,1.170863568534039,10,0,0.0,0.0003787581663345918,0.29275469779968244,0.0,0.00044347413824592926,0.34277581017084036
dc5cbc3c54b935a1,0,6b7e1f5b521de19b,6f9a9c5f2856c8b3,Open,78.90766699718716,10,225,0.0,0.0006522633280837909,0.038389776647090895,0.0,0.05146857748691281,3.029247711765041
dc78d48c2b5bd189,3,6b7e1f5b521de19b,,Open,6590.9859511915865,50,0,0.0,0.14953305050730706,0.876259472966194,0.0,985.5702351324827,5775.413875918728
dc7bed6abf06a5bf,0,6b7e1f5b521de19b,,Open,171076.20712173736,30,898,0.00014189186040312052,0.0007024896738585084,0.005057202745229004,24.27432129921289,120.17926894589992,865.1670642994159
dc90552123fe9f1c,1,6b7e1f5b521de19b,,Open,9505.078210184982,20,0,0.0,0.021422690805047752,0.3964783653616904,0.0,203.62435157458955,3768.5578714091635
dcdaebb209d0329a,2,6b7e1f5b521de19b,6f9a9c5f2856c8b3,Open,96033.70588575554,50,644,0.0012513193301856517,0.006635446986183524,0.07796182818710803,120.16883252420949,637.2265642916716,7486.9632784365385
dceb78e47e382924,3,6b7e1f5b521de19b,,Open,2.4198904513070483,10,0,0.0,0.0006829835125245154,0.3166892901062965,0.0,0.0016527452803582227,0.7663533891594345
dced9b5b9ac5e85c,3,6b7e1f5b521de19b,d4f34f97b6d22a81,Open,524.1075465093295,10,187,0.0,0.00017876993224490436,0.0036937911296263336,0.0,0.0936946705785159,1.9359438062663823
dd10efd98f8c1b08,0,cca8e68b78e095c5,,Open,155239.08665771675,10,0,0.0,0.00400876597268507,0.6023044526576996,0.0,622.3171682241637,93501.19312045729
dd1c9cc533c73d54,2,6b7e1f5b521de19b,6f9a9c5f2856c8b3,Open,3826638.9138281774,60,265,0.00116905365139246,0.00573778070975095,0.1566908925771713,4473.5461947713075,21956.414942945645,599599.4669782744
dd20509dfb439e49,2,6b7e1f5b521de19b,,Open,29324.531411075328,50,256,0.0012513193301856517,0.001020165387308225,0.012186505459249007,36.69435300331488,29.91587194461187,357.3635621309885
dd313e781c1b6f7b,1,6b7e1f5b521de19b,,Open,777760.6524679924,5,200,0.0,9.124169446295127e-05,0.00021956438940833322,0.0,70.96419981779019,170.7685427649616
dd34bac6aa71258d,0,506023b3e03cfab3,,Open,1845240.0868962975,10,0,0.0,0.0002889284543925896,0.07325325198471545,0.0,533.142366290195,135169.83705771272
dd388f5756c1b227,4,ac6153076817c20f,28c9c64e5918b06e,Open,14681.803869642836,10,809,0.0,9.290515736211091e-05,0.0006321006716461849,0.0,1.3640152988688166,9.280378086978793
dd52b046f69a9661,2,6b7e1f5b521de19b,6f9a9c5f2856c8b3,Open,3357.8283884528246,60,77,0.0028538778424263,0.035748309642076495,0.5033030360937116,9.582832036475526,120.03668895536629,1690.0052225899615
dd647fd83e4884fb,0,6b7e1f5b521de19b,,Open,3303.290441942712,10,0,0.0,0.001462335724500008,0.843683111667633,0.0,4.830519621652248,2786.9303588001776
dd7496319b028cc2,6,6b7e1f5b521de19b,,Open,60463.503296001734,99,0,0.9997202754020691,0.968496561050415,0.9999257564544678,60446.590166852766,58558.69501123812,60459.01427114174
dd99014c36f128c4,5,6b7e1f5b521de19b,6f9a9c5f2856c8b3,Open,1.170863568534039,30,0,0.0,0.016079382319003344,0.4067264437675474,0.0,0.018826762961851387,0.4762211753668297
dddee93b8d7d29cd,2,6b7e1f5b521de19b,6f9a9c5f2856c8b3,Open,1.170863568534039,10,0,0.0,0.000927898523514159,0.5512561082839965,0.0,0.001086442576479254,0.6454456941215867
dde4c87924364c47,3,6b7e1f5b521de19b,,Open,1.170863568534039,10,0,0.0,0.00016259662734228187,0.02881347872316835,0.0,0.00019037846732158345,0.0337366525196885
ddf32fc7b99b9051,2,6b7e1f5b521de19b,,Open,27408.52076378947,10,0,0.0,0.00018614692889968866,0.03050932362675665,0.0,5.102011965862759,836.2154301131324
de11bcd1465c3d80,3,6b7e1f5b521de19b,,Open,2.4198904513070483,10,455,0.0,8.357813967450057e-05,0.0003827233915217219,0.0,0.0002022499421363307,0.0009261486806352638
de2e3a410fec3cc0,0,6b7e1f5b521de19b,,Open,387867.1651535003,50,0,0.00116905365139246,0.05899207293987275,0.7570241063833236,453.4375256779418,22881.088097716958,293624.79409576155
de310f4cb6c3809a,2,6b7e1f5b521de19b,6f9a9c5f2856c8b3,Open,307.1332733086347,10,0,0.0,0.0005444268666906282,0.20605799630284308,0.0,0.16721160564385637,63.28726689591075
de36aad64e176437,2,6b7e1f5b521de19b,6f9a9c5f2856c8b3,Open,98.49392076768089,40,0,0.00028759543783962727,0.03759559821337462,0.569065400958061,0.028326402267722744,3.702937871641685,56.04948251359182
de5648409ff995b5,0,6b7e1f5b521de19b,,Open,1026.0738474975408,90,0,0.306035902351141,0.9918879836797714,0.9999419569969177,314.0154357978169,1017.7503197008809,1026.014291090048
de5a6b0a17047080,3,6b7e1f5b521de19b,d4f34f97b6d22a81,Open,1.170863568534039,5,0,0.0,0.00013540355503209865,0.00039269920525839545,0.0,0.00015853908963707816,0.00045979719282932593
de5c27ffda2c75a4,2,6b7e1f5b521de19b,6f9a9c5f2856c8b3,Open,275.53074248920234,50,0,0.0011230711825191975,0.23465873226523398,0.9129471629858017,0.309440636787741,64.65569473261486,251.54500967088876
de7146e6dbbc51a8,2,6b7e1f5b521de19b,,Open,28671.394744987836,10,286,0.0,9.827846879488789e-05,0.0006217094312887634,0.0,2.8177807737511995,17.825276521162028
de79dbeb5c43685d,3,6b7e1f5b521de19b,,Open,25102.753943361105,30,0,0.0,0.02212007474154234,0.44960037320852253,0.0,555.2747934456944,11286.207541496864
de8a3e04686bfde5,0,674ec33189ed753c,,Open,1.170863568534039,10,0,0.0,0.00016259662734228187,0.02881347872316835,0.0,0.00019037846732158345,0.0337366525196885
de96c9177c7254e5,2,6b7e1f5b521de19b,6f9a9c5f2856c8b3,Open,5290227.3968924405,30,0,0.0,0.01688426546752453,0.4983469456434249,0.0,89321.60375270322,2636368.665000514
dea00017ee395466,0,6b7e1f5b521de19b,6f9a9c5f2856c8b3,Open,62415.76344741998,10,0,0.0,0.00033421296975575385,0.32055822461843486,0.0,20.86015766133486,20007.88631890915
deb9135291ff8012,3,6b7e1f5b521de19b,,Open,120292.46982447834,30,8,0.0,0.007339356350712478,0.09924361146986482,0.0,882.8693023491742,11938.259138010966
debdebbe16771afa,3,6b7e1f5b521de19b,d4f34f97b6d22a81,Open,45884.096999189125,10,222,0.0,9.846233369898982e-05,0.0008582981332438067,0.0,4.517855270210977,39.38223479998178
debfc17613c2fb43,1,6b7e1f5b521de19b,6f9a9c5f2856c8b3,Open,721391.1250254059,10,81,0.0,0.00011224970148759894,0.0012883936171419912,0.0,80.97593843990498,929.4357209456132
dec3ac076b171d01,2,6b7e1f5b521de19b,,Open,870350.122287474,10,0,0.0,0.000168838490935741,0.034520686790347095,0.0,146.94860123275475,30045.08396942618
dec3df2e3f3a423a,2,6b7e1f5b521de19b,6f9a9c5f2856c8b3,Open,14207.0605983268,61,187,0.003205602217349224,0.018513881880789996,0.41308879852294905,45.54218495601118,263.02784179064804,5868.777593105548
decd37f9cd4ec314,0,a0d28553c7be77f0,,Open,512694.38075749215,80,265,0.006775307282805443,0.021434986125677825,0.42177673876285526,3473.661971799663,10989.596938249828,216242.5638979366
ded0a5119ed90aef,5,6b7e1f5b521de19b,d4f34f97b6d22a81,Open,1.170863568534039,10,0,0.0,0.00039233933784998953,0.06550415437668558,0.0,0.0004593758371913207,0.07669642794729066
defba1cfad030041,2,6b7e1f5b521de19b,6f9a9c5f2856c8b3,Open,30155.009645862563,30,284,0.0,0.0003679711517179385,0.0019970947061665354,0.0,11.096173629453592,60.22241012815294
df07502fe6a56bf3,2,6b7e1f5b521de19b,6f9a9c5f2856c8b3,Open,25234.815848044836,80,0,0.3610529758036137,0.47999042719602586,0.994037190079689,9111.105355792779,12112.470039116084,25084.345437768894
df4c060beac08077,2,6b7e1f5b521de19b,6f9a9c5f2856c8b3,Open,64296.501116601474,60,0,0.0030671000480651856,0.1132106676697731,0.9054414629936217,197.20380166515164,7279.049820240764,58216.71803638667
df4e8ee7c1373b88,5,6b7e1f5b521de19b,d4f34f97b6d22a81,Open,47010.40343887122,10,0,0.0,0.00046929656964493914,0.27476593479514105,0.0,22.061821071486914,12916.857445978163
df6e88f6ae768126,4,ac6153076817c20f,28c9c64e5918b06e,Open,2727665.306416676,10,62,0.0,9.719847985252272e-05,0.001040981151163578,0.0,265.1249213301665,2839.448170662585
df9654922f7bb345,3,6b7e1f5b521de19b,,Open,1.170863568534039,10,0,0.0,0.00016230657856795006,0.02881347872316835,0.0,0.00019003885977862038,0.0337366525196885
dfb5aed13971e0a0,5,6b7e1f5b521de19b,6f9a9c5f2856c8b3,Open,1.170863568534039,70,0,0.0031274809909518806,0.5636151760816575,0.9805671572685242,0.003661853553588291,0.6599164763469102,1.1481103609467025
dfd5916bc683f3b8,3,6b7e1f5b521de19b,,Open,2.4198904513070483,40,33,0.0,0.010823023598641157,0.2739480033516883,0.0,0.02619053146062258,0.6629241574653817
dfdc6663a1d1d83f,3,6b7e1f5b521de19b,,Open,25177.181736988994,100,0,0.9997202754020691,0.9998956382274627,0.9999468326568604,25170.139059950583,25174.55420167543,25175.843133128295
dfe0f83d29bc26da,2,6b7e1f5b521de19b,6f9a9c5f2856c8b3,Open,1.170863568534039,10,0,0.0,0.000899724746705033,0.5512561082839965,0.0,0.0010534549276254392,0.6454456941215867
dfe5158be4cc8597,2,6b7e1f5b521de19b,6f9a9c5f2856c8b3,Open,1.170863568534039,10,0,0.0,0.0006026408023899421,0.32396423071622843,0.0,0.0007056101604305042,0.37931791525378794
dff3598255685290,2,6b7e1f5b521de19b,,Open,47342.09020576726,50,0,0.00028759543783962727,0.03544020298868418,0.4760320574045178,13.615369160970763,1677.8132868009889,22536.35260248166
e00a07154bb1292c,4,fc3655a0b667e091,28c9c64e5918b06e,Open,2088471.4336413376,10,19,0.0,0.00016772245508036576,0.007302721333689984,0.0,350.2835562155363,15251.524893254702
e01d50998eb8535a,5,6b7e1f5b521de19b,6f9a9c5f2856c8b3,Open,1.170863568534039,70,0,0.003154510905733332,0.5587210834026337,0.9798210203647614,0.003693501896066473,0.6541861615280121,1.1472367364289477
e024f68a5b806c3d,6,6b7e1f5b521de19b,,Open,9296.113678496506,90,0,0.007812605053186417,0.9670493334531785,0.9999295771121979,72.62686469961717,8989.80053649502,9295.459019325928
e030c8767bdf8669,2,6b7e1f5b521de19b,6f9a9c5f2856c8b3,Open,212.02522749452675,40,0,0.00028759543783962727,0.029489993397146464,0.4949483752250669,0.060977488134335,6.252622558842071,104.9415418551412
e052698df3bf71d6,3,6b7e1f5b521de19b,,Open,3391.863497755878,50,0,0.0011230711825191975,0.03465875629335642,0.6485872238874433,3.8093041493683955,117.55777034905246,2199.9193298146383
e0661ca8b4bdd388,2,6b7e1f5b521de19b,6f9a9c5f2856c8b3,Open,36754.75787348106,70,42,0.003466563671827316,0.09394799396395684,0.8376836895942688,127.41270841101846,3453.0357708444935,30788.861185601614
e08ba44317d87131,3,6b7e1f5b521de19b,,Open,2.4198904513070483,10,0,0.0,0.00016259662734228187,0.02881347872316835,0.0,0.00039346602592031844,0.06972546203113389
e0d1ac1e8e82a2de,0,6b7e1f5b521de19b,6f9a9c5f2856c8b3,Open,12932.878817638059,60,0,0.0011230711825191975,0.009834673767909408,0.25664803832769373,14.524543507102255,127.19064405137625,3319.197978476591
e0dcc5d181e055ec,5,6b7e1f5b521de19b,6f9a9c5f2856c8b3,Open,1.170863568534039,70,0,0.003466563671827316,0.23504598662257195,0.9714265912771225,0.004058873111346193,0.27520678266650855,1.137408005231589
e0de919a865813bd,2,6b7e1f5b521de19b,,Open,2351791.856538048,50,0,0.00116905365139246,0.057229030132293704,0.7330874174833297,2749.3708572008572,134590.7670226989,1724069.018567803
e0ee34bfa27a8f38,0,6b7e1f5b521de19b,,Open,9270.864526233152,10,297,0.0,0.0005151456367457286,0.09108936674892891,0.0,4.775845409549764,844.4771789096867
e1035354f2e6e1ec,3,6b7e1f5b521de19b,,Open,5083.8994500666495,40,224,0.0,0.0006923350389115513,0.0033852230058982963,0.0,3.519761723584308,17.21013337803932
e107cabc565aaa41,4,77c27bf8a409b6bb,28c9c64e5918b06e,Open,147939.9301382573,40,1,0.0,0.011679300386458636,0.17603668868541705,0.0,1727.8348832364122,26042.85542589075
e1154db10d02dc0d,4,ddbd249e57ed6b40,28c9c64e5918b06e,Open,366.1536318758629,70,0,0.0030671000480651856,0.45987724512815475,0.9872498005628586,1.1230298219257013,168.38572352074036,361.485100044812
e117ad6a47a86b37,2,6b7e1f5b521de19b,6f9a9c5f2856c8b3,Open,66274.96248588935,10,17,0.0,0.000956167170079425,0.42247452735900876,0.0,63.36994332725288,27999.48345196214
e11acd701eba727e,2,6b7e1f5b521de19b,6f9a9c5f2856c8b3,Open,1.170863568534039,10,0,0.0,0.023225020896643404,0.5327153205871581,0.0,0.02719333084632152,0.6237369612754345
e12b4b5cf5645b9f,2,6b7e1f5b521de19b,,Open,23783.64824935763,50,0,0.00028759543783962727,0.21241043210029603,0.9376418203115463,6.840068731697692,5051.895001567504,22300.543238177208
e13a404b1cbc38f1,3,6b7e1f5b521de19b,d4f34f97b6d22a81,Open,3303.290441942712,10,0,0.0,0.00013096384936943652,0.0008615385973826043,0.0,0.4326116318620847,2.845912214098687
e13bec3b480c0db1,0,6b7e1f5b521de19b,6f9a9c5f2856c8b3,Open,2625.6206839997444,33,64,0.0002539545763283968,0.005961257149465382,0.23732684403657908,0.6667883884042306,15.652000074277662,623.1302705708234
e13d19ad566420de,0,6b7e1f5b521de19b,6f9a9c5f2856c8b3,Open,1.170863568534039,45,0,0.0011230711825191975,0.12339393608272076,0.8493653953075407,0.0013149631324821706,0.14447746433727554,0.9944909977391118
e1451f7d6da53b59,5,6b7e1f5b521de19b,6f9a9c5f2856c8b3,Open,1556722.6361786912,10,0,0.0,0.0003623526106821373,0.3366694986820218,0.0,564.0825113273278,524101.02950923535
e1537ca817142445,2,6b7e1f5b521de19b,6f9a9c5f2856c8b3,Open,98.49392076768089,10,29,0.0,0.00026383054500911385,0.01034857858903706,0.0,0.025985704796221726,1.019272079606735
e15c8a1043dd6ae0,5,6b7e1f5b521de19b,6f9a9c5f2856c8b3,Open,1.170863568534039,10,0,0.0,0.17586416602134705,0.9316198587417602,0.0,0.20591294500501708,1.0907997523235546
e18380994edc2d0b,3,6b7e1f5b521de19b,,Open,29324.531411075328,10,0,0.0,0.0001361060880299192,0.0015703666140325367,0.0,3.991247253671949,46.05026510010113
e189937268b4eb4f,2,6b7e1f5b521de19b,6f9a9c5f2856c8b3,Open,22956429.03404737,50,293,0.0015248090727254747,0.020361871272325516,0.4643187880516051,35004.171268493934,467435.8528635485,10659101.307081554
e18ef694db389534,5,6b7e1f5b521de19b,,Open,1.170863568534039,10,70,0.0,9.288218534493353e-05,0.000726450519869104,0.0,0.00010875236698620888,0.000850574448057347
e1ac00b39273d16b,2,6b7e1f5b521de19b,,Open,1601794.3525755194,50,245,0.001086287386715412,0.03240851759910584,0.4704228743910788,1740.0090013147662,51911.78046559206,753520.703521973
e1c681830495c2f0,3,6b7e1f5b521de19b,d4f34f97b6d22a81,Open,37.169431562248754,80,0,0.0027595800813287495,0.1392774023115635,0.932483485341072,0.1025720229734938,5.176861873387446,34.659881091312165
e1c9dd78341fc629,3,6b7e1f5b521de19b,,Open,35845.270270304114,10,0,0.0,0.00016288396072923207,0.002132455410901456,0.0,5.838619595036925,76.43844054313512
e1d3533a7b1a055f,2,6b7e1f5b521de19b,,Open,147782.212188992,10,0,0.0,0.00031039866735227406,0.06995200570672747,0.0,45.87140172183411,10337.662150397178
e1e01f9b8eaa7929,2,6b7e1f5b521de19b,6f9a9c5f2856c8b3,Open,132487.55310767834,60,0,0.003466563671827316,0.4054489031434059,0.9585636258125305,459.27653857237,53716.93308766192,126997.74928192634
e1e57930b0f9debe,2,6b7e1f5b521de19b,,Open,1.170863568534039,10,77,0.0,0.00013447175660985522,0.00216548106400296,0.0,0.00015744808081125583,0.002535482886191393
e1fc71b84c4fe079,3,6b7e1f5b521de19b,,Open,54608.54408792734,70,63,0.0011380225419998168,0.020487434696406126,0.4478007048368452,62.14575415785214,1118.7889808672262,24453.744532687797
e20ad634d8733d57,3,6b7e1f5b521de19b,,Open,2.4198904513070483,10,7,0.0,0.0006281605485128239,0.17415818721055984,0.0,0.0015200797132339805,0.42144373424777903
e212d8ddb44ef000,2,6b7e1f5b521de19b,6f9a9c5f2856c8b3,Open,921406.0420554528,70,0,0.022651436179876326,0.3562175735831261,0.9726442635059356,20871.170157371533,328221.0245858253,896200.301164945
e2132048c83d667e,2,6b7e1f5b521de19b,6f9a9c5f2856c8b3,Open,895404.2178522843,1,0,0.0,0.00014020583330420777,0.0003436188591876998,0.0,125.54089450808192,307.6777758502565
e226e6e050aa835f,4,062b9e5a52eb6d8e,28c9c64e5918b06e,Open,12405.253844863722,50,491,0.0012513193301856517,0.0008184069418348372,0.004963573231361805,15.522933931937853,10.152545861859775,61.574385912613685
e2360547b2d48c44,0,6b7e1f5b521de19b,6f9a9c5f2856c8b3,Open,478.8605393603744,60,0,0.0028538778424263,0.3248037338256836,0.9549847424030304,1.3666094828928796,155.53569116603035,457.30450882804337
e23e05d0f22d0c99,2,6b7e1f5b521de19b,6f9a9c5f2856c8b3,Open,415.3892283045608,40,0,0.00028759543783962727,0.03218713700771332,0.43861345201730717,0.11946404698811505,13.370190002967206,182.19530335746873
e23fba7ceef73664,2,6b7e1f5b521de19b,d4f34f97b6d22a81,Open,1206.0482706228593,70,0,0.01582494527101517,0.2948804572224617,0.9766593992710113,19.08564787680924,355.64006547362794,1177.8983794783637
e23fc0214b3cff62,3,6b7e1f5b521de19b,,Open,5186.502594949308,1,0,0.0,0.00010992518291459419,0.0002262257163238246,0.0,0.5701272464368201,1.1733202647577823
e24b1e81723458b8,0,6b7e1f5b521de19b,6f9a9c5f2856c8b3,Open,1.170863568534039,40,0,0.00028759543783962727,0.048742691054940224,0.633926063776016,0.00033673502064301535,0.05707104118853949,0.7422409332195229
e24c2d2f80d2c976,2,6b7e1f5b521de19b,,Open,10065.192201816126,10,0,0.0,0.00015795135986991228,0.027958236075937715,0.0,1.5898107956288936,281.4050197280626
e26fd752de8fb12d,5,6b7e1f5b521de19b,6f9a9c5f2856c8b3,Open,14726.474679499686,10,0,0.0,0.0005878342693904415,0.2932502537965772,0.0,8.656726483920533,4318.542437292151
e271d71e2c79b752,0,6b7e1f5b521de19b,6f9a9c5f2856c8b3,Open,1.170863568534039,10,0,0.0,0.0003678036548080854,0.2928591236472129,0.0,0.00043064789978845673,0.34289807859132704
e277dd043c801567,6,6b7e1f5b521de19b,,Open,2.4198904513070483,90,657,0.014761606045067311,0.41077115684747695,0.9998740434646607,0.03572146951441479,0.9940212001275593,2.419585650289901
e280b0f208fb4bb5,2,6b7e1f5b521de19b,6f9a9c5f2856c8b3,Open,365.23269095468356,40,0,0.00028759543783962727,0.029489993397146464,0.4949483752250669,0.1050392556684575,10.770709644675653,180.7713269670996
e29a3dbe7d29c281,2,6b7e1f5b521de19b,6f9a9c5f2856c8b3,Open,98.49392076768089,10,57,0.0,0.0002292358061822597,0.004828608944080768,0.0,0.02257833333123094,0.47558862675640645
e29ae0fe74abf912,2,6b7e1f5b521de19b,d4f34f97b6d22a81,Open,84.08580196246166,70,0,0.015303026884794235,0.2658029317855835,0.9569697767496108,1.2867672880610346,22.350252683164282,80.46757113182892
e2a5a3d3d5de2987,3,6b7e1f5b521de19b,,Open,1190804.539479899,60,274,0.0012113013304769992,0.013538319477811455,0.2496976286172865,1442.423123010052,16121.492291107017,297341.06965483073
e2ab1ded44c16104,4,75c64824a2a4e380,28c9c64e5918b06e,Open,108900.21860561075,10,0,0.0,0.0003808414374361746,0.2849702380597589,0.0,41.473715790874444,31033.32122080068
e2ae9c05a09af8fa,5,6b7e1f5b521de19b,6f9a9c5f2856c8b3,Open,363720.41349962575,90,300,0.01747702145949006,0.7606649309396744,0.9998749017715454,6356.749471987557,276669.36321604264,363674.91272024415
e2b77495819b265e,0,674ec33189ed753c,,Open,2997767.3059456446,10,0,0.0,0.0001619255774130579,0.03583655692636965,0.0,485.4152019652355,107429.65871153088
e2b7b314e4e9e7cb,4,75c64824a2a4e380,28c9c64e5918b06e,Open,227201.40772578522,70,126,0.0030924181424779817,0.015267751691862941,0.3908341407775877,702.6017552477552,3468.854677198999,88798.06697196564
e2ccf6f09c16367e,3,6b7e1f5b521de19b,28c9c64e5918b06e,Open,338.47916052419157,1,34,0.0,9.134671381616499e-05,0.00016454906362923792,0.0,0.0309189590091391,0.055696428922266235
e2dc45e1890292a2,5,6b7e1f5b521de19b,6f9a9c5f2856c8b3,Open,16235.8331145881,10,20,0.0,0.00017945771105587482,0.009009233303368086,0.0,2.9136454478291554,146.2724084038735
e2f333d90747aed7,6,6b7e1f5b521de19b,,Open,5655.969519442425,90,0,0.010401400038972497,0.9789141148328782,0.9999385714530945,58.83000157995569,5536.70839564672,5655.622081453504
e2fbc67e07e73a4a,5,6b7e1f5b521de19b,6f9a9c5f2856c8b3,Open,174435.68867018775,80,414,0.006910255970433354,0.058199464716017245,0.6715146660804748,1205.3952590898186,10152.063707974761,117136.1232298788
e2fc7b390daacaf8,3,6b7e1f5b521de19b,,Open,79232.27559614163,50,0,0.0003421000903472304,0.00382816914934665,0.07536038793623447,27.10536863985671,303.3145530696808,5970.9750259958755
e320ca0cb357b76f,1,6b7e1f5b521de19b,,Open,6341.968499316983,10,0,0.0,0.02217477262020111,0.5711449265480039,0.0,140.63170943683218,3622.1831327121527
e3344fb4b576f314,0,6b7e1f5b521de19b,6f9a9c5f2856c8b3,Open,17661.176610564533,90,0,0.16555953696370124,0.9673647850751876,0.9999295532703399,2923.9762218792143,17084.80031605369,17659.93243843037
e362d036b6210bdb,4,cca8e68b78e095c5,28c9c64e5918b06e,Open,1.170863568534039,10,0,0.0,0.0007124521565856412,0.3442122697830199,0.0,0.0008341842744696357,0.403025606531348
e3631fae1b1cd2a5,2,6b7e1f5b521de19b,,Open,6095.016392785702,30,0,0.0,0.021638988237828016,0.3827883824706077,0.0,131.88998803285875,2333.101466126277
e36bde472cd0bd7c,2,6b7e1f5b521de19b,6f9a9c5f2856c8b3,Open,26001.011127649384,50,0,0.0010428334586322307,0.35602654218673707,0.9549873739480972,27.114724362181725,9257.050085135883,24830.63733678914
e3775446fd3daaba,2,6b7e1f5b521de19b,6f9a9c5f2856c8b3,Open,2771.895993202253,30,0,0.0,0.02570239044725895,0.41623850017786,0.0,71.24435309647696,1153.7698308595254
e3862bb017b75420,5,6b7e1f5b521de19b,6f9a9c5f2856c8b3,Open,98.49392076768089,10,20,0.0,0.00027954364923061804,0.023771586641669264,0.0,0.027533350038428873,2.341356771206634
e39acdd13883135f,4,6b7e1f5b521de19b,28c9c64e5918b06e,Open,24696.398741469373,10,476,0.0,9.992571067414246e-05,0.0009014727605972433,0.0,2.4678051953333244,22.26313075028268
e3b03f1a2584e2f3,5,6b7e1f5b521de19b,6f9a9c5f2856c8b3,Open,1.170863568534039,70,0,0.0035269446147140116,0.6070748776197433,0.989005309343338,0.004129570957605959,0.7108018575772177,1.1579902857968518
e3b39a0cb74dae0f,2,6b7e1f5b521de19b,6f9a9c5f2856c8b3,Open,429.44263108864567,10,0,0.0,0.02208061395213008,0.5640470445156095,0.0,9.4823569516554,242.2258468545578
e3b3a3c1ef38a2bd,5,6b7e1f5b521de19b,6f9a9c5f2856c8b3,Open,109164.83501514448,10,0,0.0,0.00020421150547917933,0.034585776552557936,0.0,22.292715303828885,3775.5505912306394
e3ba2049b38d1ae7,2,6b7e1f5b521de19b,6f9a9c5f2856c8b3,Open,1.170863568534039,10,0,0.0,0.0007522878935560584,0.3061478599905966,0.0,0.0008808264876140017,0.3584573758476493
e3bad05f3b32ba10,6,6b7e1f5b521de19b,,Open,2.4198904513070483,10,0,0.0,0.00032124764984473584,0.0038732764660380768,0.0,0.0007773841203641064,0.00937290473543785
e3ef2b8f894901ae,4,75c64824a2a4e380,28c9c64e5918b06e,Open,85275.51026704961,70,0,0.0033958082203753293,0.4739774584770203,0.9889688521623612,289.57927876154787,40418.669626707226,84334.8235063637
e40afc8e124c8f1d,3,6b7e1f5b521de19b,,Open,35845.270270304114,50,0,0.0013007473200559617,0.1367243729531765,0.8834291815757751,46.62563924077971,4900.922101044469,31666.757778257226
e4146adf4912a17b,3,6b7e1f5b521de19b,,Open,25102.753943361105,50,110,0.00028759543783962727,0.0009807900787563995,0.006902752513997255,7.219437511321367,24.620532017111657,173.27809789079038
e41fc08ab1578f91,5,6b7e1f5b521de19b,6f9a9c5f2856c8b3,Open,1584582.6782558926,60,760,0.0014029582729563118,0.00904002650640905,0.20071022808551786,2223.103377642374,14324.669413029911,318041.95077310095
e4217718fae437b9,3,6b7e1f5b521de19b,,Open,1.170863568534039,10,0,0.0,0.00016230657856795006,0.02881347872316835,0.0,0.00019003885977862038,0.0337366525196885
e4404e56c4cbd18e,5,6b7e1f5b521de19b,6f9a9c5f2856c8b3,Open,975310.4927077539,60,318,0.0036483342060819267,0.01087319627404213,0.24493357017636289,3558.258632096316,10604.742415344143,238886.2810093777
e441719e50b1da28,3,6b7e1f5b521de19b,d4f34f97b6d22a81,Open,13347.402500248763,30,231,8.101324056042358e-06,0.0013328965986147522,0.014549005590379237,0.10813163296094523,17.790707392923615,194.19143359316107
e44507968272cfe5,4,38080774be85927f,28c9c64e5918b06e,Open,515051.67209898937,50,0,0.00116905365139246,0.05556679479777814,0.7570241063833236,602.1230379231155,28619.770573777052,389906.53181197407
e45d17a9f319c647,2,6b7e1f5b521de19b,,Open,11488.074437613845,10,0,0.0,0.00016591365711065008,0.02900185761973259,0.0,1.9060284431038876,333.17549916456625
e461af35a456fef3,3,6b7e1f5b521de19b,,Open,44221.55023492643,10,0,0.0,0.0003362731542438269,0.03717011809349059,0.0,14.870520183050555,1643.720244509442
e46458cd4e78ad05,3,6b7e1f5b521de19b,,Open,1.170863568534039,10,139,0.0,9.64003374974709e-05,0.00032385162048740305,0.0,0.0001128716431701745,0.000379186064039412
e47ca96be76ae0ee,0,6b7e1f5b521de19b,,Open,1.170863568534039,50,0,0.0011230711825191975,0.15197937414050103,0.918128415942192,0.0013149631324821706,0.17794711234971688,1.0750031134625793
e481439a4ea04904,2,6b7e1f5b521de19b,6f9a9c5f2856c8b3,Open,201.84424621216473,10,0,0.0,0.00048110421485034747,0.3063274025917053,0.0,0.09710811759596373,61.830423670253076
e48208c388c3dcc8,5,6b7e1f5b521de19b,6f9a9c5f2856c8b3,Open,1589202.6235374336,70,0,0.0028538778424263,0.23788017481565477,0.9343836963176727,4535.3901544392265,378039.7979045819,1484925.02157865
e498c937a1e88fc9,5,6b7e1f5b521de19b,d4f34f97b6d22a81,Open,53704.65332939547,10,0,0.0,0.0016398575040511788,0.6205802619457244,0.0,88.06797876467628,33328.04783086056
e4a52288aee29cc2,2,6b7e1f5b521de19b,,Open,860345.2341691502,70,0,0.021529290080070495,0.36434606164693834,0.967523980140686,18522.622115433813,313463.39772624284,832404.6452584068
e4c71f8f77a28c09,5,6b7e1f5b521de19b,d4f34f97b6d22a81,Open,1.170863568534039,10,0,0.0,0.0006217183778062463,0.299844391644001,0.0,0.0007279473984614154,0.351076874405213
e4cc3f39994ea14f,0,6b7e1f5b521de19b,6f9a9c5f2856c8b3,Open,259462.56037987495,70,0,0.023161912709474562,0.3930169597268105,0.9767784535884857,6009.649174895437,101973.18664343245,253437.43849196334
e4d433c54aa6ae70,5,6b7e1f5b521de19b,6f9a9c5f2856c8b3,Open,1.170863568534039,10,0,0.0,0.0002050017603323795,0.026932400185614824,0.0,0.00024002909265852967,0.031534166190515786
e4d4a3f45ff86fc8,4,7608f4f5fafe9b10,28c9c64e5918b06e,Open,1.170863568534039,10,52,0.0,0.00022560943034477532,0.005413743387907743,0.0,0.00026415786270841534,0.006338754902293218
e4d4fd53e756ca65,5,6b7e1f5b521de19b,d4f34f97b6d22a81,Open,93614.85951999087,10,0,0.0,0.0002404273021966219,0.06217267103493212,0.0,22.507568119907152,5820.285864917776
e4db00f9d6777889,4,bb25152d8e0211c1,28c9c64e5918b06e,Open,1.170863568534039,10,0,0.0,0.00059668084140867,0.3373885974287986,0.0,0.0006986318592476483,0.39503601716817743
e4dea5d1842e336d,5,6b7e1f5b521de19b,d4f34f97b6d22a81,Open,1.170863568534039,0,0,0.0,0.00011619715587585233,0.00024823969724820924,0.0,0.00013605101658230643,0.0002906548177718477
e4eaf43bc8642440,3,6b7e1f5b521de19b,d4f34f97b6d22a81,Open,8301.906035085305,10,0,0.0,0.0004910445713903755,0.2932633027434347,0.0,4.076605890721635,2434.6443829147697
e5076f49b533eb35,3,6b7e1f5b521de19b,,Open,2.4198904513070483,10,0,0.0,0.000317169216577895,0.00396354820113629,0.0,0.0007675147586453853,0.009591352445224936
e51bd25871b7f73c,5,6b7e1f5b521de19b,d4f34f97b6d22a81,Open,44849.547227641175,1,85,0.0,8.426692511420697e-05,0.0001318793736572843,0.0,3.7793334376377277,5.9147301971941095
e521ef5c57e27df0,0,6b7e1f5b521de19b,6f9a9c5f2856c8b3,Open,2659.944631809295,10,410,0.0,0.0001770873088389635,0.004629073524847626,0.0,0.4710424365077557,12.313079272668976
e53d43a558f8aa23,3,6b7e1f5b521de19b,,Open,5186.502594949308,1,0,0.0,0.00010992518291459419,0.0002262257163238246,0.0,0.5701272464368201,1.1733202647577823
e5423777581deee0,2,6b7e1f5b521de19b,,Open,40882.782652931186,50,0,0.00028759543783962727,0.02122530620545149,0.437158019840717,11.757701777172063,867.7495803393848,17872.236310133812
e5532e8c70ecf50c,5,6b7e1f5b521de19b,d4f34f97b6d22a81,Open,7609.39733685162,70,0,0.0069741389714181425,0.17822863012552262,0.9228134244680404,53.06899451594231,1356.2124634278641,7022.05401455803
e56ae7fc3b9935a7,3,6b7e1f5b521de19b,d4f34f97b6d22a81,Open,2581.018322439318,30,42,0.0,0.006111039035022259,0.08366823084652418,0.0,15.77270371853434,215.94923682096146
e58fffbd5454bb63,3,6b7e1f5b521de19b,,Open,16666.174154029697,10,99,0.0,0.0005088225530926138,0.010962648689746838,0.0,8.480125283339524,182.70541225276628
e5a67430e0ad2a68,2,6b7e1f5b521de19b,,Open,11535.556033799403,10,0,0.0,0.00016252354544121772,0.027958236075937715,0.0,1.8747994652489106,322.51379886017145
e5acbfbd1b75bd14,3,6b7e1f5b521de19b,,Open,38810.176158293565,90,0,0.13994677662849425,0.9256948798894882,0.9998979508876801,5431.359053737223,35926.38135734144,38806.21561426763
e5c34fe761c57571,4,38080774be85927f,d4f34f97b6d22a81,Open,1.170863568534039,10,0,0.0,0.0005806979810586199,0.30884033441543574,0.0,0.0006799181103428074,0.36160989606090305
e5c6f8b981449d90,2,6b7e1f5b521de19b,6f9a9c5f2856c8b3,Open,98.49392076768089,10,0,0.0,0.0012524345773272216,0.42041247189044945,0.0,0.12335719202597127,41.408072696122794
e5e15292594e49fe,1,6b7e1f5b521de19b,,Open,30405.58043486053,50,0,0.0013291997485794127,0.1675669200718403,0.9379856824874877,40.41508986942773,5094.969466466186,28519.99911562086
e5e95b9a14d9310c,5,6b7e1f5b521de19b,,Open,1.170863568534039,50,0,0.0011230711825191975,0.044611986167728906,0.7722471028566358,0.0013149631324821706,0.05223454932373825,0.9041959986407936
e5fac9cb33deaf6a,5,6b7e1f5b521de19b,6f9a9c5f2856c8b3,Open,234831.10767622277,50,423,0.001301340665668249,0.009567362815141678,0.13613113947212685,305.595269982988,2246.714407420025,31967.82627146592
e5ff926501d9d936,2,6b7e1f5b521de19b,6f9a9c5f2856c8b3,Open,1.170863568534039,60,0,0.0029142587853129955,0.21440196186304092,0.9569891035556793,0.0034121994410032477,0.251035446167659,1.1205036768373937
e606ac0c86937a95,2,6b7e1f5b521de19b,6f9a9c5f2856c8b3,Open,297873.1712994173,60,166,0.003742835926823318,0.002664748555980623,0.04460620656609532,1114.8904071762556,793.757103085491,13286.992209479706
e6162e2eb02dc957,1,6b7e1f5b521de19b,,Open,9648.963805727817,10,0,0.0,0.00031388952920679,0.06798035800456999,0.0,3.0287087063132616,655.9400138865151
e63ed98648c711ba,6,6b7e1f5b521de19b,,Open,470311.68177415984,90,0,0.00821212325245142,0.9618893653154373,0.9999251186847686,3862.2574977971103,452387.8050821825,470276.4642168599
e640c2973f5b2a2c,3,6b7e1f5b521de19b,,Open,89664.46366676311,10,0,0.0,0.0001787781235179864,0.03622502032667398,0.0,16.03004456059058,3248.097018908815
e645a7f8a10e99fd,6,6b7e1f5b521de19b,,Open,205338.18697697617,90,0,0.008266484993509949,0.970133176445961,0.9999295771121979,1697.4250412397134,199205.38757762854,205323.7264688732
e6601875ab5e8b4c,0,6b7e1f5b521de19b,6f9a9c5f2856c8b3,Open,50266.15348121485,10,83,0.0,0.00010457416719873436,0.0009951171407010407,0.0,5.256541138581805,50.02071092626618
e6644af325646a89,0,6b7e1f5b521de19b,6f9a9c5f2856c8b3,Open,1.170863568534039,70,0,0.0030671000480651856,0.2009058840572834,0.9297801554203031,0.0035911557073285256,0.23523338034679672,1.0886457107275496
e66542f0a266a588,4,6b7e1f5b521de19b,28c9c64e5918b06e,Open,22754.51045725277,10,402,0.0,0.00011646410966932308,0.00127073599724099,0.0,2.6500838013652457,28.914975537627633
e669671029eac0b5,3,6b7e1f5b521de19b,,Open,28573.483992041623,10,19,0.0,0.00013838195154676215,0.007748939422890543,0.0,3.9540544773088877,221.41419655526317
e6b084fca174f754,2,6b7e1f5b521de19b,6f9a9c5f2856c8b3,Open,220114.68612241832,70,3,0.003218439093325287,0.45380218178033827,0.9826858133077622,708.4257108314162,99888.52480424778,216303.57935319145
e6b1bdcfc96eafd4,3,6b7e1f5b521de19b,d4f34f97b6d22a81,Open,43155.222259031856,10,13,0.0,0.0007282932463567705,0.18720529079437248,0.0,31.429656916278272,8078.885932297835
e6d4642ef497cf68,3,6b7e1f5b521de19b,,Open,25102.753943361105,40,50,0.0,0.0015366686973720789,0.016853008233010766,0.0,38.57461620259652,423.0569188787082
e712f9ae34469fa7,2,6b7e1f5b521de19b,6f9a9c5f2856c8b3,Open,1.170863568534039,10,0,0.0,0.000927898523514159,0.5512561082839965,0.0,0.001086442576479254,0.6454456941215867
e71770d557f3e6e1,1,6b7e1f5b521de19b,,Open,9648.963805727817,10,0,0.0,0.0019839362299535427,0.6471386760473251,0.0,19.142928875693833,6244.217662467259
e717b77942ca0f45,2,6b7e1f5b521de19b,cd39fc3b76d2fe33,Open,11497240.65896303,50,594,0.0013730619801208376,0.0042028801515698435,0.033585182577371586,15786.424025121583,48321.524563377505,386136.92666725337
e728040c304e3198,3,6b7e1f5b521de19b,,Open,1.170863568534039,10,265,0.0,9.494005498709158e-05,0.0006386109511367975,0.0,0.00011116185157900393,0.0007477262971529475
e73857a7adfe27ff,0,6b7e1f5b521de19b,,Open,1.170863568534039,10,0,0.0,0.049139028415083885,0.7191743224859237,0.0,0.057535098164380655,0.8420550136239183
e73a8bac842a2f52,4,3a0b5f22d7e66ffc,28c9c64e5918b06e,Open,1.170863568534039,10,0,0.0,0.00015884339591138997,0.029559524264186603,0.0,0.00018598394537487522,0.03461017006413404
e741da903e64dfe9,3,6b7e1f5b521de19b,d4f34f97b6d22a81,Open,7289.423754136412,10,99,0.0,0.0002450525884341914,0.004768297937698662,0.0,1.7862921591448084,34.758144253860294
e746dbee8bf988b5,3,6b7e1f5b521de19b,,Open,11264.189824104717,10,0,0.0,0.00015090426968527025,0.0009147287550149482,0.0,1.6998143390027751,10.303678334055355
e74f71322d2a9e77,0,6b7e1f5b521de19b,6f9a9c5f2856c8b3,Open,1014495.6558850629,33,35,0.00014189186040312052,0.0005492234631674364,0.020802979357540604,143.94867598441553,557.1848174935141,21104.53218769158
e75116dfe3c0760b,1,6b7e1f5b521de19b,,Open,23283.866037275693,10,0,0.0,0.00230794339440763,0.2892054587602615,0.0,53.737844817002596,6733.821159022788
e75f3023bc4461e9,4,7545e34e09ae9cad,28c9c64e5918b06e,Open,1407827.0849780522,10,7,0.0,0.00027078549755970015,0.0044786107726395115,0.0,381.2191576838041,6305.109548796386
e762429c89d95c30,2,6b7e1f5b521de19b,,Open,50266.15348121485,10,632,0.0,0.00010710973292589187,0.0009405749151483172,0.0,5.383994274584813,47.27908304542595
e7837f49b683267b,0,6b7e1f5b521de19b,,Open,1.170863568534039,10,0,0.0,0.0005767965369159356,0.1813289687037468,0.0,0.0006753500515314679,0.21231148337506603
e7864cf1404b5fef,5,6b7e1f5b521de19b,6f9a9c5f2856c8b3,Open,429477.9996324568,10,25,0.0,0.0005701367481378838,0.12462404258549198,0.0,244.8611901072122,53523.2845157272
e78ec8d94bd9ab11,3,6b7e1f5b521de19b,,Open,61896.72392434676,50,0,0.00028759543783962727,0.029273181874305013,0.4794592618942257,17.80121541786104,1811.9140568610492,29676.957566437963
e791dbfd27011cf1,6,6b7e1f5b521de19b,,Open,302484.1738486751,90,0,0.00821212325245142,0.9697458654642105,0.9999257564544678,2484.037317561262,293332.77695811016,302461.7163511412
e79e4c69c7d8221a,5,6b7e1f5b521de19b,6f9a9c5f2856c8b3,Open,450205.6605778044,60,13,0.004215143714100122,0.553600525856018,0.9836919128894805,1897.6815602368254,249234.0904392285,442863.6674474526
e7bbb3420693fbd4,2,6b7e1f5b521de19b,6f9a9c5f2856c8b3,Open,1.170863568534039,10,0,0.0,0.00031388952920679,0.06284615397453305,0.0,0.0003675218142925316,0.07358427211126145
e7d057a6184c2178,3,6b7e1f5b521de19b,d4f34f97b6d22a81,Open,33674.2230102896,10,246,0.0,0.00010690080198401119,0.0015518678294029085,0.0,3.5998014459884016,52.2579433698076
e7d68389dcad2fcf,5,6b7e1f5b521de19b,6f9a9c5f2856c8b3,Open,1.170863568534039,70,0,0.003108887674170546,0.7607087314128876,0.9932211905717849,0.003640083316350814,0.8906861398770954,1.162926507536507
e7d6cad2c7529afd,5,6b7e1f5b521de19b,,Open,1.170863568534039,10,0,0.0,0.00039233933784998953,0.06562383845448488,0.0,0.0004593758371913207,0.07683656167371947
e7ee0128193718be,0,6b7e1f5b521de19b,6f9a9c5f2856c8b3,Open,110168.72503494096,50,0,0.00116905365139246,0.007581344200298191,0.1705320373177528,128.79315027134965,835.2270245978957,18787.297128907798
e7ef951371fdf459,0,6b7e1f5b521de19b,6f9a9c5f2856c8b3,Open,1.170863568534039,50,0,0.0011230711825191975,0.1672528550028801,0.8873100906610488,0.0013149631324821706,0.19583027465617836,1.0389190591476571
e7f78cc38f06760e,5,6b7e1f5b521de19b,6f9a9c5f2856c8b3,Open,13707.11230296319,30,72,0.0002539545763283968,0.001868103595916182,0.025166869908571227,3.480983897584773,25.606305782792475,344.96511215085076
e800a1a25714c439,2,6b7e1f5b521de19b,6f9a9c5f2856c8b3,Open,11994.165919233601,30,61,0.00028759543783962727,0.0076584666268900035,0.15357986167073248,3.449467399063123,91.85691940983199,1842.0623427317103
e8044a653a9cc842,2,6b7e1f5b521de19b,6f9a9c5f2856c8b3,Open,2046.6148673782125,10,0,0.0,0.0005291574459988623,0.339202307164669,0.0,1.0829814961651554,694.2164848922027
e80a7fe347db3b28,0,062b9e5a52eb6d8e,,Open,1.170863568534039,10,0,0.0,0.0009560306381899864,0.3045060783624648,0.0,0.0011193814446590021,0.3565350735517812
e81dcb814675a863,4,e43bc3ffd79e75b6,28c9c64e5918b06e,Open,1.170863568534039,10,0,0.0,0.0002224956711870618,0.04339071176946161,0.0,0.00026051207554945934,0.05080460362362375
e82f93264b2aa657,2,6b7e1f5b521de19b,6f9a9c5f2856c8b3,Open,5655.969519442425,60,0,0.0030671000480651856,0.255962111055851,0.9403073042631148,17.347424384937085,1447.7138982640301,5318.349451821251
e8321f2ea7ec2b8b,3,6b7e1f5b521de19b,,Open,54608.54408792734,10,0,0.0,0.0005558006814680994,0.3466339468955992,0.0,30.35146601805076,18929.17517142059
e8345336d178e549,3,6b7e1f5b521de19b,,Open,2.4198904513070483,10,0,0.0,0.0006829835125245154,0.3166892901062965,0.0,0.0016527452803582227,0.7663533891594345
e8433a84d69310d2,1,6b7e1f5b521de19b,6f9a9c5f2856c8b3,Open,29531.58368897921,70,216,0.003965707495808601,0.03290184792131186,0.4710093155503272,117.11362279848389,971.6436754102879,13909.651020463305
e848e03f5d5eea86,3,6b7e1f5b521de19b,,Open,2.4198904513070483,10,426,0.0,9.827846879488789e-05,0.0008477061637677251,0.0,0.0002378231282058269,0.002051356051215647
e8590cae846820e5,2,6b7e1f5b521de19b,6f9a9c5f2856c8b3,Open,98.49392076768089,10,0,0.0,0.0004858386440901086,0.19402806758880606,0.0,0.04785215291688867,19.110585115798095
e86df7b1e8fbc358,5,6b7e1f5b521de19b,6f9a9c5f2856c8b3,Open,349429.72873234353,10,37,0.0,0.0001544100836326834,0.004809179133735597,0.0,53.95547363730704,1680.4701601264765
e8849e53626b046d,5,cca8e68b78e095c5,28c9c64e5918b06e,Open,39314.217789593786,60,0,0.0028538778424263,0.06072864662855864,0.827937552332878,112.19797504204358,2387.4992396224347,32549.717248597968
e8892d1885939c0c,4,3a0b5f22d7e66ffc,28c9c64e5918b06e,Open,438098.2009624438,70,0,0.0028538778424263,0.10863259807229042,0.9202760159969329,1250.2787485335427,47591.74578134667,403171.2669971414
e890467b94f52d38,4,d94a77dffd98d647,28c9c64e5918b06e,Open,657907.9342239817,3,540,0.0,7.960438160807826e-05,0.00013395337300607934,0.0,52.37235425894829,88.12898691676413
e8aff66965e1b17d,2,6b7e1f5b521de19b,6f9a9c5f2856c8b3,Open,1.170863568534039,10,0,0.0,0.000927898523514159,0.5512561082839965,0.0,0.001086442576479254,0.6454456941215867
e8b8947655d00591,2,6b7e1f5b521de19b,,Open,31724.089776364966,50,0,0.00028759543783962727,0.07858093455433846,0.7275950759649277,9.123703489297325,2492.908622512493,23082.291510752453
e8c1845bcbba7fec,2,6b7e1f5b521de19b,6f9a9c5f2856c8b3,Open,1.170863568534039,50,0,0.0010428334586322307,0.12071716710925103,0.8508750289678573,0.0012210157047608276,0.14134333306485758,0.9962585727938091
e8d1b74bfe7e7b8a,3,6b7e1f5b521de19b,,Open,186555.16774733728,50,0,0.00028759543783962727,0.02221782896667719,0.48147567659616464,53.65241514954058,4144.850809860113,89821.77561366021
e8dc9f4b0e02673b,2,6b7e1f5b521de19b,,Open,7369.351110629336,50,0,0.00028759543783962727,0.21241043210029603,0.9349240690469741,2.1193917592553873,1565.327053707574,6889.783726585417
e8eb772866a4cd7f,5,6b7e1f5b521de19b,6f9a9c5f2856c8b3,Open,21894.49520682991,30,26,0.0,0.006761561054736376,0.10164002552628516,0.0,148.04096610361339,2225.3570517073204
e8f50d9c71892fea,3,6b7e1f5b521de19b,,Open,35845.270270304114,10,0,0.0,0.00016252354544121772,0.030974642280489174,0.0,5.825700411628501,1110.2944240701233
e8f6a58976c4eebc,2,6b7e1f5b521de19b,6f9a9c5f2856c8b3,Open,1.170863568534039,10,0,0.0,0.00108820635068696,0.6519014447927475,0.0,0.0012741411710667377,0.7632876519825321
e90c38f14fb35de8,4,6b7e1f5b521de19b,28c9c64e5918b06e,Open,24787.47916419369,10,310,0.0,9.073935143533163e-05,0.0006923300330527126,0.0,2.2491997830757313,17.161116269039642
e910e96a6c9b88ec,0,bd661df59343798b,,Open,176281.1971037052,10,0,0.0,0.0003847353145829402,0.35000960975885376,0.0,67.8216018227513,61700.11300609144
e91f105ee9e60a63,4,ac6153076817c20f,28c9c64e5918b06e,Open,2771714.5816111625,20,908,0.0,0.001375421177363023,0.015016260417178262,0.0,3812.274933153884,41620.78795956351
e948bd086d68c691,4,e366e0e543d0c5cd,d4f34f97b6d22a81,Open,1.170863568534039,10,0,0.0,0.0005619544273940847,0.31572286933660504,0.0,0.0006579719662121405,0.3696684054592635
e94e8ffa8d42588c,5,7b7c16a1b24ec3b8,28c9c64e5918b06e,Open,26365.415373079573,60,142,0.0028538778424263,0.01104228449985385,0.13396976366639127,75.24367473959754,291.13441750636497,3532.1684664977097
e953d5a256843a1b,0,6b7e1f5b521de19b,6f9a9c5f2856c8b3,Open,103524.36205768719,40,471,0.0003421000903472304,0.0007811056973878295,0.004450100869871675,35.41569361307418,80.86346902169991,460.693853645824
e9579243ec6865e6,4,e366e0e543d0c5cd,d4f34f97b6d22a81,Open,1.170863568534039,10,0,0.0,0.0005806979810586199,0.31572286933660504,0.0,0.0006799181103428074,0.3696684054592635
e96382cb5dd6fd21,2,6b7e1f5b521de19b,6f9a9c5f2856c8b3,Open,1665.2625792002207,40,0,0.0,0.01761373896151781,0.43497086763381954,0.0,29.331500372416563,724.340708912852
e96899c925c58d0e,2,6b7e1f5b521de19b,6f9a9c5f2856c8b3,Open,1.170863568534039,60,0,0.0030671000480651856,0.15793387591838837,0.9298278242349625,0.0035911557073285256,0.18491902155021633,1.0887015244059892
e97d2799ac35066a,2,6b7e1f5b521de19b,6f9a9c5f2856c8b3,Open,98.49392076768089,10,21,0.0,0.0002957799646537751,0.031331012118607754,0.0,0.029132528403276375,3.085914225181402
e97f852234691aa7,3,6b7e1f5b521de19b,,Open,155239.08665771675,30,25,0.0,0.0013443276227917522,0.02014297256246209,0.0,208.69219233093116,3126.976663168063
e997af8335a6c3ce,5,6b7e1f5b521de19b,6f9a9c5f2856c8b3,Open,1148501.4565710947,30,0,0.00030614933930337427,0.0852415781468153,0.8195720523595809,351.61296211820365,97900.07666203615,941279.6958999401
e9ad4d656c8b18cf,5,6b7e1f5b521de19b,6f9a9c5f2856c8b3,Open,8832324.539677106,1,32,0.0,0.00010107661400979851,0.0001868163402832579,0.0,892.7414583062141,1650.0225466964873
ea0303a8601e58d0,3,6b7e1f5b521de19b,d4f34f97b6d22a81,Open,31182.375698851974,40,134,0.0,0.006444224715232849,0.16899197176098824,0.0,200.94623615821806,5269.571153540919
ea3bb133972161ab,3,6b7e1f5b521de19b,,Open,1.170863568534039,10,0,0.0,0.0005629523715469986,0.32750011682510366,0.0,0.000659140422664219,0.3834579554811555
ea3eede7eb47cf46,6,6b7e1f5b521de19b,,Open,1.170863568534039,0,238,0.0,7.636287482455373e-05,0.00016825938218971713,0.0,8.941050812059509e-05,0.0001970087806699849
ea54f198a2ea3884,5,6b7e1f5b521de19b,d4f34f97b6d22a81,Open,1.170863568534039,90,0,0.08785468228161335,0.9379697680473328,0.9998902261257172,0.102865846808674,1.0982346297929448,1.1707350383038644
ea73f5c81dbeb917,2,6b7e1f5b521de19b,,Open,3341536.2742739813,30,0,0.0,0.023058366402983668,0.5873055040836331,0.0,77050.36776107039,1962502.645976226
ead7d9f4b0d732ef,3,6b7e1f5b521de19b,,Open,2.4198904513070483,10,0,0.0,0.0005230717681115494,0.30237132310867293,0.0,0.0012657763770014328,0.7317054775397559
ead852af8548dc0d,0,6b7e1f5b521de19b,6f9a9c5f2856c8b3,Open,1.170863568534039,70,0,0.00248583871871233,0.061567536927759646,0.8011246681213376,0.0029105779929916014,0.07208718599308787,0.938007687757197
eae08e874432c920,3,6b7e1f5b521de19b,,Open,1.170863568534039,10,0,0.0,0.0005748709518229589,0.19402806758880606,0.0,0.0006730954540979892,0.22718039561279316
eae74728e106c3d5,2,6b7e1f5b521de19b,6f9a9c5f2856c8b3,Open,1383023.1815045336,70,290,0.06535400673747063,0.05511102695018053,0.762899813055992,90386.10632212536,76219.82782862078,1055108.126621912
eae7df26c8dc1d5e,4,75c64824a2a4e380,28c9c64e5918b06e,Open,45100.672778395034,70,0,0.0030671000480651856,0.3442527458071709,0.9750626474618911,138.32827564638762,15526.030441713217,43975.98140161431
eaf149e0d4a9a3d9,3,6b7e1f5b521de19b,,Open,2.4198904513070483,40,0,0.00028759543783962727,0.026111847814172508,0.5014001607894896,0.0006959494538675838,0.06318781119149887,1.2133334613783044
eb03cb71fbf80f35,2,6b7e1f5b521de19b,6f9a9c5f2856c8b3,Open,1669.9082851707149,40,0,0.0,0.024754572287201883,0.44498907178640357,0.0,41.3378653582558,743.0909377865413
eb192249e584ed29,5,6b7e1f5b521de19b,6f9a9c5f2856c8b3,Open,1370250.4260730536,30,0,0.0002539545763283968,0.09977468624711038,0.776800975203514,347.98136641718753,136716.30634140823,1064411.8672465787
eb25ee49c970cdfa,4,255414ab73601d72,28c9c64e5918b06e,Open,510839.33306320285,10,0,0.0,0.0005493071628734469,0.29961932152509685,0.0,280.60770472911173,153057.33438072982
eb341bd2d164e92f,5,6b7e1f5b521de19b,6f9a9c5f2856c8b3,Open,96302.61540849852,10,798,0.0,0.00010239163057121914,0.0008145709318341686,0.0,9.860581819949177,78.4453111713682
eb3d01e7b4461c77,6,6b7e1f5b521de19b,,Open,1.170863568534039,10,0,0.0,0.005994110857136549,0.5583847165107724,0.0,0.007018286028375526,0.6537923217886706
eb4ad451f16d95df,2,6b7e1f5b521de19b,6f9a9c5f2856c8b3,Open,98.49392076768089,10,0,0.0,0.0005508837872184813,0.1953245200216769,0.0,0.05425870409049708,19.238277799000347
eb4efe066fa92d59,3,6b7e1f5b521de19b,d4f34f97b6d22a81,Open,165233.5908122018,60,699,0.000319774862146005,0.007093136291950941,0.1054126609116792,52.837548723861225,1172.0243796394,17417.71247950578
eb51ec8d8cebc447,3,674ec33189ed753c,d4f34f97b6d22a81,Open,11248.38305546661,1,0,0.0,0.00011644845981209073,0.0002491328115866054,0.0,1.3098568821855057,2.802341296411527
eb550de3d8fe962f,4,255414ab73601d72,,Open,1.170863568534039,10,0,0.0,0.0008095751836663112,0.2998814821243285,0.0,0.0009479020885441371,0.3511203022973679
eb5ce62ae8257fef,2,6b7e1f5b521de19b,6f9a9c5f2856c8b3,Open,98.49392076768089,40,0,0.0,0.026413941755890846,0.4519392520189285,0.0,2.6016126864668507,44.513268880157305
eb63afd498c608cb,0,6b7e1f5b521de19b,6f9a9c5f2856c8b3,Open,1.170863568534039,10,0,0.0,0.001271104085026309,0.5331841319799422,0.0,0.0014882894649720986,0.6242858754557591
eb8e9abe7c060cb0,3,6b7e1f5b521de19b,,Open,2.4198904513070483,10,0,0.0,0.00016037751629482955,0.02881347872316835,0.0,0.00038809602028619855,0.06972546203113389
eb932cd885d92c54,5,cca8e68b78e095c5,28c9c64e5918b06e,Open,220402.4087189625,10,0,0.0,0.0003623526106821373,0.25361501723527874,0.0,79.86338819994754,55897.36068595663
eb99e387dd2c3083,6,6b7e1f5b521de19b,,Open,703485.6871202264,90,0,0.008266484993509949,0.9660656929016114,0.999926871061325,5815.353875728387,679613.3877741677,703434.2419585544
ebabab8bdf72ec92,2,6b7e1f5b521de19b,6f9a9c5f2856c8b3,Open,1.170863568534039,10,0,0.0,0.00015795135986991228,0.02402779888361692,0.0,0.00018493949287208967,0.0281332743448899
ebb1a3f590187b7f,0,6b7e1f5b521de19b,,Open,1.170863568534039,30,0,0.00028759543783962727,0.06100123412907124,0.6687802016735076,0.00033673502064301535,0.07142412267734476,0.7830503734963573
ebf5ad91b7b92b4c,3,6b7e1f5b521de19b,,Open,2.4198904513070483,10,0,0.0,0.0001881524411146529,0.002691041328944265,0.0,0.00045530829564346026,0.006512025215984856
ebf8b5a04822bac0,4,fc3655a0b667e091,28c9c64e5918b06e,Open,190.41602966478158,10,0,0.0,0.0001866691563918721,0.03053220473229884,0.0,0.03554479962101447,5.813821202036601
ebfceb4bfa7366dd,2,6b7e1f5b521de19b,,Open,40882.782652931186,10,0,0.0,0.0004939547245157883,0.30462252199649803,0.0,20.19424364276747,12453.816357970578
ec1964f3bb8c398f,2,6b7e1f5b521de19b,6f9a9c5f2856c8b3,Open,572.3269399675881,60,1,0.0011230711825191975,0.029539639689028264,0.6444432139396663,0.6427638932569929,16.906331590966662,368.83221261696696
ec1c4ae29bd6e6e4,2,6b7e1f5b521de19b,6f9a9c5f2856c8b3,Open,98.49392076768089,10,27,0.0,0.00032086341525427997,0.02042072121985254,0.0,0.031603095799302545,2.0113168978470557
ec25334863ea4c94,0,6b7e1f5b521de19b,6f9a9c5f2856c8b3,Open,125290.3743818114,10,633,0.0,0.0022919789422303437,0.2553329132497309,0.0,287.16289974726783,31990.75629305736
ec259fcb73caad54,2,6b7e1f5b521de19b,6f9a9c5f2856c8b3,Open,1.170863568534039,10,0,0.0,0.0006026408023899421,0.32396423071622843,0.0,0.0007056101604305042,0.37931791525378794
ec28c5a304d44918,0,6b7e1f5b521de19b,6f9a9c5f2856c8b3,Open,2046.6148673782125,10,0,0.0,0.0011320412799250335,0.3496741592884063,0.0,2.3168525139804346,715.6483331376296
ec4477a2944f3904,0,6b7e1f5b521de19b,6f9a9c5f2856c8b3,Open,30405.58043486053,10,2,0.0,0.0005416758765932172,0.297184560447931,0.0,16.46996943537865,9036.069056698238
ec4c1ab477114304,3,6b7e1f5b521de19b,,Open,1.170863568534039,10,203,0.0,0.00017757964524207638,0.002432536077685654,0.0,0.00020792153712714622,0.002848167872506819
ec541744c712ffad,1,6b7e1f5b521de19b,,Open,48968.33625761659,5,0,0.0,0.0003209201429854147,0.01533671226352452,0.0,15.714925473552183,751.0132832065808
ec546d4f35b45265,6,6b7e1f5b521de19b,,Open,767.4627551854461,90,0,0.009697612794116139,0.9789141148328782,0.9999376595020294,7.442556633694004,751.2801236595628,767.414911175114
ec6b07830edd2a83,0,6b7e1f5b521de19b,6f9a9c5f2856c8b3,Open,1.170863568534039,20,0,0.0,0.09972911961376668,0.861860817670822,0.0,0.11676919287773287,1.0091214325577234
ec7cb05d62ec5dac,2,6b7e1f5b521de19b,,Open,69355.71339060226,50,0,0.00030614933930337427,0.151857590675354,0.8260026007890702,21.23320583144707,10532.191535067248,57287.99964021881
ec91ea1fe9b6f8e9,4,062b9e5a52eb6d8e,28c9c64e5918b06e,Open,2388.361505566673,10,0,0.0,0.00046259760711109266,0.19806744083762162,0.0,1.1048503173913895,473.05665120267986
ec92462059631544,5,6b7e1f5b521de19b,6f9a9c5f2856c8b3,Open,58100920.46676021,1,432,0.0,0.00010767275416583289,0.0004334091470809653,0.0,6255.886126226081,25181.470384117543
eca8af19fb2817e9,4,bd661df59343798b,d4f34f97b6d22a81,Open,1.170863568534039,10,0,0.0,0.00018097362772095948,0.0025437458534725006,0.0,0.0002118954275639133,0.0029783793474404767
ecab43daf5503c26,5,6b7e1f5b521de19b,,Open,1.170863568534039,30,0,0.00017479545203968883,0.10484970621764661,0.8519571393728254,0.00020466162673871051,0.12276470118173932,0.9975255764441179
ecb5b04b613413e3,5,6b7e1f5b521de19b,d4f34f97b6d22a81,Open,159167.10637756166,60,0,0.0028538778424263,0.09632252417504789,0.9121372759342193,454.24347813403307,15331.377451925102,145182.2508295612
ecbe170acd2c214c,3,6b7e1f5b521de19b,d4f34f97b6d22a81,Open,6054.179881284606,50,0,0.00028759543783962727,0.13353684023022652,0.9081213504076003,1.741154513717909,808.4560515321542,5497.930009402702
ecc17e10b251d727,3,6b7e1f5b521de19b,,Open,35845.270270304114,20,0,0.0,0.05394598208367825,0.7556507170200347,0.0,1933.7083077864304,27086.504181532237
ecc37efb814e6160,4,95a23e7fbcc5841e,28c9c64e5918b06e,Open,1.170863568534039,10,0,0.0,0.0007124521565856412,0.334874552488327,0.0,0.0008341842744696357,0.39209241353772184
ecccaf7fd657af58,3,6b7e1f5b521de19b,,Open,8510.551032505591,10,19,0.0,0.00026478079962544143,0.022494609840214227,0.0,2.2534305076399566,191.44152500144563
ecd0bfba3cd201d2,3,6b7e1f5b521de19b,,Open,16667.353119741078,60,0,0.0011230711825191975,0.20293513610959055,0.945144534111023,18.718623977652648,3382.391573941264,15753.057699221587
ecd2a47e6298b0bc,2,6b7e1f5b521de19b,d4f34f97b6d22a81,Open,4138.645878342867,50,0,0.001958710962207988,0.13201168887317183,0.857557964324951,8.10641105060708,546.3496320480335,3549.128734493558
ecd3d1941e54d724,3,6b7e1f5b521de19b,d4f34f97b6d22a81,Open,64490.738750492004,50,1,0.00028759543783962727,0.08771327957510948,0.7665423035621642,18.547242247548766,5656.694198027251,49434.87944022787
ecd75b0f2b4b1cb3,5,6b7e1f5b521de19b,d4f34f97b6d22a81,Open,8398.437734554864,60,94,0.003105176240205765,0.003941686253529042,0.09354965388774869,26.078629308187292,33.104006569414494,785.6709432654158
ece31cf516c1a53f,2,6b7e1f5b521de19b,6f9a9c5f2856c8b3,Open,98.49392076768089,40,0,0.00028759543783962727,0.03441089242696762,0.5645997613668441,0.028326402267722744,3.389263712246939,55.60964416151748
ed0fbdcbb0794052,5,6b7e1f5b521de19b,6f9a9c5f2856c8b3,Open,2332744.0512692286,70,68,0.0028538778424263,0.04534439034759998,0.6146737635135646,6657.366559969012,105776.85684179369,1433876.5653075364
ed2086ff504b2a05,2,6b7e1f5b521de19b,6f9a9c5f2856c8b3,Open,98.49392076768089,40,0,0.0,0.028380311466753485,0.4519392520189285,0.0,2.795288148968523,44.513268880157305
ed31abd4fe3b7226,3,6b7e1f5b521de19b,,Open,2.4198904513070483,10,0,0.0,0.0007946202997118235,0.30237132310867293,0.0,0.0019228940756873866,0.7317054775397559
ed43dcb45d9fb981,4,68fc9303c4a97b8a,28c9c64e5918b06e,Open,1951126.5141021304,10,202,0.0,0.0001205195967486361,0.00027203400240978227,0.0,235.1489806851608,530.7727548390491
ed45cb66d2922b07,3,6b7e1f5b521de19b,,Open,21273.147061594493,10,0,0.0,0.00015795135986991228,0.02734225234016774,0.0,3.3601225070914786,581.6557550276144
ed5678544a3d51aa,2,6b7e1f5b521de19b,,Open,11164.548352985037,50,0,0.00028759543783962727,0.2163099750876427,0.9365020155906677,3.210873171858421,2415.0031760989755,10455.622035729957
ed602c24b648af0b,3,6b7e1f5b521de19b,,Open,7495.264905653416,10,0,0.0,0.0001730871452309657,0.028194255568087075,0.0,1.2973340052693931,211.32341430050647
ed7cd3d5cc77352c,2,6b7e1f5b521de19b,,Open,11228808.024036212,50,286,0.001086287386715412,0.0023633668664842845,0.04336464181542393,12197.712524359347,26537.792834120053,486933.2379764885
edb6c01df960f1d0,4,e366e0e543d0c5cd,d4f34f97b6d22a81,Open,3895.768572421459,10,0,0.0,0.0006164749793242663,0.38773013502359377,0.0,2.4016438501356454,1510.5068746056454
edbcc7ba6ed7a7fe,3,6b7e1f5b521de19b,,Open,3910.775451613183,50,637,0.0003421000903472304,0.0012062228168360889,0.012944551510736342,1.3378766353246008,4.717266581258281,50.62323428033003
edbfc12713b9c884,5,6b7e1f5b521de19b,,Open,1.170863568534039,10,0,0.0,0.0001929556063259952,0.028669571224600062,0.0,0.0002259246897915039,0.03356815647237603
edc01ca1629e29a8,0,6b7e1f5b521de19b,6f9a9c5f2856c8b3,Open,1.170863568534039,10,0,0.0,0.0009704214520752431,0.5214414536952973,0.0,0.001136231124358803,0.6105368012552526
edd12e280687bc6d,2,6b7e1f5b521de19b,6f9a9c5f2856c8b3,Open,1.170863568534039,70,0,0.015565882623195647,0.22137729451060295,0.9735058814287185,0.018225524875576844,0.2592026090430955,1.1398425703185044
edef86af9c2897ce,0,6b7e1f5b521de19b,6f9a9c5f2856c8b3,Open,1.170863568534039,10,0,0.0,0.0010824663448147475,0.30694030523300164,0.0,0.0012674204073077928,0.35938522111203947
ee0054332b8776f6,1,6b7e1f5b521de19b,6f9a9c5f2856c8b3,Open,1255740.7732663858,10,175,0.0,0.0001270700820896309,0.001829565415391698,0.0,159.56708314225622,2297.4598894654073
ee085521b504a584,3,6b7e1f5b521de19b,,Open,9648.963805727817,50,235,0.0011230711825191975,0.009076535375788808,0.15761267319321623,10.836473191383675,87.57916132239434,1520.7989789653504
ee0e75cbfe1385d7,2,6b7e1f5b521de19b,6f9a9c5f2856c8b3,Open,1.170863568534039,70,0,0.015565882623195647,0.19226855635643006,0.9557360887527466,0.018225524875576844,0.22512024801237768,1.1190365674538059
ee11ee06390b88a8,3,6b7e1f5b521de19b,,Open,2.4198904513070483,1,0,0.0,0.00011937472518184223,0.00026479155640117823,0.0,0.00028887375759494303,0.0006407665589219429
ee1cc93235ae380d,3,6b7e1f5b521de19b,,Open,1287.0828528119127,10,0,0.0,0.00018722753229667434,0.0278960632160306,0.0,0.24097734639333815,35.90454462631013
ee3ba961e2c3f4e8,3,6b7e1f5b521de19b,,Open,182510.36965157042,50,193,0.00028759543783962727,0.0053985393838956956,0.06204201783984899,52.48914967021562,985.2894185333646,11323.311609880166
ee40709396e1731e,5,6b7e1f5b521de19b,6f9a9c5f2856c8b3,Open,67233.10954695717,50,54,0.0009541214443743229,0.00479896564502269,0.057136185280978656,64.14855159071986,322.6493829238945,3841.44340409128
ee4d539e3cb60dd9,2,6b7e1f5b521de19b,6f9a9c5f2856c8b3,Open,5655.969519442425,60,0,0.003466563671827316,0.39547627568244936,0.9600756496191025,19.606778465061712,2236.801760922543,5430.158610604529
ee55db481c03be05,2,6b7e1f5b521de19b,,Open,1845240.0868962975,60,244,0.0035759391845203935,0.02038235813379288,0.46503556966781606,6598.466331580286,37610.34429395143,858102.2749837101
ee72510bc48099f5,3,6b7e1f5b521de19b,d4f34f97b6d22a81,Open,4854.049577612525,10,0,0.0,0.0004470375599339604,0.27819306403398497,0.0,2.1699424789743746,1350.362924968899
ee80e23a5697a18c,2,6b7e1f5b521de19b,6f9a9c5f2856c8b3,Open,98.49392076768089,10,0,0.0,0.00047082919627428055,0.19402806758880606,0.0,0.046373813552949866,19.110585115798095
ee8c3ba30db43947,3,6b7e1f5b521de19b,,Open,1.170863568534039,10,0,0.0,0.00021210299237282016,0.030914534348994483,0.0,0.0002483436665463883,0.0361967020074318
ee94497368db8563,4,75c64824a2a4e380,28c9c64e5918b06e,Open,1.170863568534039,10,0,0.0,0.0008456093113636598,0.502886052429676,0.0,0.000990093135888866,0.5888109579138062
ee9ce57c8d0ef22f,6,6b7e1f5b521de19b,,Open,21273.147061594493,10,94,0.0,0.0027889827848412096,0.058172225765883906,0.0,59.330440934182405,1237.5063136179247
ee9e2b55811694c7,5,6b7e1f5b521de19b,d4f34f97b6d22a81,Open,74185.34721244311,50,73,0.00021585437934845686,0.005539644253440202,0.13541544303297992,16.013232079291683,410.9604323748766,10045.841659328426
eeb0a90b1ffc85d1,0,6b7e1f5b521de19b,,Open,26534.76383683977,10,2,0.0,0.000656598317436874,0.373201239109039,0.0,17.422681288853806,9902.806743374322
eeb37c130adc9ae1,0,4dcb7378104041b8,,Open,1845240.0868962975,5,178,0.0,0.00011607204942265525,0.00033460381964687256,0.0,214.1807985628917,617.4243812410282
eebe3a4c618972ee,2,6b7e1f5b521de19b,6f9a9c5f2856c8b3,Open,64.10035007555453,60,0,0.0030671000480651856,0.255962111055851,0.9479572355747223,0.19660218679772853,16.407260924758013,60.764390656994614
eebf2314cd813fe5,2,6b7e1f5b521de19b,,Open,18179.73727059817,50,0,0.00028759543783962727,0.021723854169249535,0.4375762701034543,5.2284095001470705,394.93396130174517,7955.0216263290995
eed297c3944e44b8,3,6b7e1f5b521de19b,,Open,9548.177348327423,10,0,0.0,0.00037488509697141125,0.02440885053947568,0.0,3.579469391127958,233.06003381973127
eedd55db940b3b26,3,6b7e1f5b521de19b,,Open,71851.41760785309,50,12,0.00028759543783962727,0.03307694364339113,0.47870914041995993,20.664139906328412,2376.6252909127174,34395.93036101093
eedfb459e7d482f8,4,75c64824a2a4e380,28c9c64e5918b06e,Open,337136.1232851324,70,0,0.0030671000480651856,0.2581876516342163,0.9601420462131499,1034.0302199323398,87044.38395205197,323698.5672633558
eef39cdd4b8a3772,2,6b7e1f5b521de19b,6f9a9c5f2856c8b3,Open,98.49392076768089,10,20,0.0,0.00026933946501230823,0.015004845103248954,0.0,0.026528299926531846,1.477886024730727
eef7af3e94829b38,2,6b7e1f5b521de19b,6f9a9c5f2856c8b3,Open,365.23269095468356,40,0,0.00028759543783962727,0.03441089242696762,0.5645997613668441,0.1050392556684575,12.567982839253526,206.21029015638464
eef8afbaa313b560,2,6b7e1f5b521de19b,6f9a9c5f2856c8b3,Open,212.02522749452675,10,0,0.0,0.0005264933133730665,0.20072123184800142,0.0,0.11162986454227158,42.557964845554146
ef0164bf84b2ee44,5,6b7e1f5b521de19b,d4f34f97b6d22a81,Open,2786.403823325963,40,0,0.00028759543783962727,0.030978137720376255,0.42697654664516443,0.8013570275674418,86.31760138357463,1189.7290820426026
ef040a3ee43bc3e1,0,674ec33189ed753c,,Open,1.170863568534039,80,0,0.005494691058993339,0.21821558177471162,0.939913585782051,0.0064335335813250185,0.25550067478647026,1.1005105751623967
ef1274d3503f94f1,3,6b7e1f5b521de19b,,Open,1.170863568534039,10,0,0.0,0.00024120255911839195,0.0015865562541875987,0.0,0.0002824152891089029,0.0018576409174580896
ef23fae8e08b4bf7,5,6b7e1f5b521de19b,d4f34f97b6d22a81,Open,81.43217479245789,10,0,0.0,0.0004881380882579833,0.21073070019483547,0.0,0.039750146125880334,17.16025921240288
ef2f255124403678,3,6b7e1f5b521de19b,,Open,76057.68653515907,50,0,0.00116905365139246,0.034082130156457426,0.6039867490530011,88.91551616039084,2592.2079718903306,45937.83483086294
ef3f6daa7f4d6d90,0,6b7e1f5b521de19b,6f9a9c5f2856c8b3,Open,799673.4867883786,40,131,0.00028759543783962727,0.004448527749627828,0.07703922800719737,229.98244656164513,3557.3696966197444,61606.22808000043
ef446be8aab82c4b,1,6b7e1f5b521de19b,,Open,555117.7933282302,25,1037,0.0,0.0006662407220574095,0.004138572711963203,0.0,369.8420794539159,2297.395351393442
ef8155db27a42196,2,6b7e1f5b521de19b,6f9a9c5f2856c8b3,Open,121.22331520907996,10,0,0.0,0.0004941230101394467,0.3063274025917053,0.0,0.059899229410193565,37.13402328155303
ef90309f47c99f92,0,6b7e1f5b521de19b,6f9a9c5f2856c8b3,Open,3042.6854134591463,10,0,0.0,0.0003647504752734676,0.33463051021099083,0.0,1.1098209506668708,1018.1753723173737
ef97656f097fceb7,5,6b7e1f5b521de19b,6f9a9c5f2856c8b3,Open,48502.8796948733,70,0,0.003829578310251236,0.30806903839111327,0.9735835164785385,185.74557606421186,14942.23550679947,47221.604172670246
ef9ae455c152e600,3,6b7e1f5b521de19b,d4f34f97b6d22a81,Open,61534.52195472854,30,209,0.0,0.0008803438628092408,0.004095857311040162,0.0,54.17153875374576,252.03662162963624
efbe66083475329c,1,6b7e1f5b521de19b,,Open,6618.183435287425,10,19,0.0,0.00018872140353778377,0.02343443855643272,0.0,1.2489928667779542,155.09341306944398
efc2881619b769c9,0,6b7e1f5b521de19b,6f9a9c5f2856c8b3,Open,361.29574083874047,40,0,0.00028759543783962727,0.05036719404160977,0.672404199838638,0.10390700677611006,18.197452685231998,242.9367735237812
efe3d5365945efd3,3,6b7e1f5b521de19b,,Open,54608.54408792734,60,19,0.00028759543783962727,0.14477894678711892,0.9138971865177155,15.705168146752051,7906.16749862807,49906.59480178542
efec4fa865a4aec8,6,6b7e1f5b521de19b,,Open,703485.6871202264,90,0,0.008266484993509949,0.9669024616479873,0.9999293625354767,5815.353875728387,680202.0426106728,703435.9946749598
efefc6b52a1a7215,5,6b7e1f5b521de19b,d4f34f97b6d22a81,Open,517040.32649272005,95,209,0.9491998076438903,0.8950257658958435,0.9999025583267211,490774.57845102414,462764.4142181837,516989.94521815394
eff41277bc0dbdc9,0,6b7e1f5b521de19b,,Open,1.170863568534039,10,0,0.0,0.0007559000310720876,0.5117780983448028,0.0,0.0008850558078360554,0.5992223305255602
effc06a1ea53e2f9,0,6b7e1f5b521de19b,6f9a9c5f2856c8b3,Open,1.170863568534039,10,0,0.0,0.0011391572130378335,0.3045060783624648,0.0,0.001333797679578768,0.3565350735517812
f00733f01d12c7ce,3,6b7e1f5b521de19b,,Open,2.4198904513070483,10,85,0.0,0.0004195758025161922,0.0246102813631296,0.0,0.0010153274781084254,0.059554184874617125
f00a50db1da15282,2,6b7e1f5b521de19b,,Open,1.170863568534039,10,0,0.0,0.00017856900085462258,0.027697447501122942,0.0,0.00020907993757020125,0.03242993222044901
f00ba7f3ec49734e,2,6b7e1f5b521de19b,6f9a9c5f2856c8b3,Open,89664.46366676311,60,0,0.005356027185916901,0.18481271341443062,0.9500803977251052,480.24530500984145,16571.132827104117,85188.44930232654
f01bd187b632c584,3,6b7e1f5b521de19b,,Open,1287.0828528119127,1,0,0.0,0.00011336811585351824,0.00026956118963425977,0.0,0.14591415797065768,0.3469475849618361
f022b9cb10bfe6a5,1,6b7e1f5b521de19b,,Open,39784.827995240434,80,252,0.34412501826882363,0.08776662610471249,0.6901081949472424,13690.95466068412,3491.7801232985653,27455.835834081892
f023356547533b78,2,6b7e1f5b521de19b,6f9a9c5f2856c8b3,Open,135411.3787635855,50,0,0.0013003319269046187,0.3059026837348938,0.961452642083168,176.0797390724643,41422.70417202301,130191.62788037387
f023f6af577b9d2d,5,6b7e1f5b521de19b,d4f34f97b6d22a81,Open,81.43217479245789,40,0,0.00028759543783962727,0.03759559821337462,0.5786732763051984,0.023419521963669983,3.0614913251385394,47.12262338380919
f02a2927b1ac1618,2,6b7e1f5b521de19b,6f9a9c5f2856c8b3,Open,1642006.066213091,1,211,0.0,0.00011104022705694662,0.00044773252448067065,0.0,182.32872642118534,735.1795212381625
f041110401eaae96,3,6b7e1f5b521de19b,,Open,25102.753943361105,30,0,0.0,0.06068817526102066,0.7808427721261977,0.0,1523.4403308489764,19601.303977135925
f04ec90ed23dfc78,6,6b7e1f5b521de19b,,Open,106163.16092076049,90,0,0.020407726988196373,0.9793253779411316,0.9999395191669465,2166.5488042748384,103968.27769214894,106156.7400843484
f06d648b1c758bdf,0,062b9e5a52eb6d8e,,Open,2015.641071153861,10,0,0.0,0.0008942748128902168,0.777440321445465,0.0,1.802537041759955,1567.0406422765393
f0988b0cff8c2ab4,3,6b7e1f5b521de19b,d4f34f97b6d22a81,Open,542.5015893177103,10,0,0.0,0.00013662832498084754,0.0008742725680349388,0.0,0.07412108344792641,0.47429425765583033
f0c26a7e04aae555,3,6b7e1f5b521de19b,,Open,35845.270270304114,50,0,0.0013007473200559617,0.1367243729531765,0.8834291815757751,46.62563924077971,4900.922101044469,31666.757778257226
f0d1d1b60280f786,0,6b7e1f5b521de19b,6f9a9c5f2856c8b3,Open,631.0857066337956,60,209,0.0010428334586322307,0.003707185410894454,0.08074605800211425,0.6581172901422863,2.339551724656824,50.957683072157714
f0ece753ee6d9e67,0,6b7e1f5b521de19b,6f9a9c5f2856c8b3,Open,98.49392076768089,10,9,0.0,0.000541215026169084,0.16366343423724167,0.0,0.053306389905776096,16.119853324329434
f0edc422ae8bfcd6,2,6b7e1f5b521de19b,6f9a9c5f2856c8b3,Open,418.43932132370475,70,0,0.023403429985046388,0.3420663356781006,0.9732347875833511,9.792915359589653,143.13400534883098,407.2397040049974
f0f02c14a25f2663,2,6b7e1f5b521de19b,6f9a9c5f2856c8b3,Open,314875.9090480672,30,297,0.0,0.001170942949829623,0.006583657604642211,0.0,368.7017257710279,2073.0351731229366
f1030b8703442658,3,6b7e1f5b521de19b,,Open,97109.27790783095,10,3,0.0,0.0005009240834624506,0.010304004605859517,0.0,48.64437603168063,1000.614446833982
f1066ce7a45a31e0,2,6b7e1f5b521de19b,6f9a9c5f2856c8b3,Open,2046.6148673782125,70,0,0.0038548488635569813,0.38852096498012545,0.9844386368989945,7.889390995651724,795.1527832164546,2014.766750299024
f112f006924e9aa4,3,6b7e1f5b521de19b,,Open,1.170863568534039,10,0,0.0,0.00016037751629482955,0.0010061154287541276,0.0,0.0001877801910415901,0.0011780239012682125
f115bc740326adde,3,6b7e1f5b521de19b,,Open,1.170863568534039,10,18,0.0,0.001134611965971999,0.2581987529993057,0.0,0.0013284758153793963,0.302315513327806
f12328e39ab78de1,3,6b7e1f5b521de19b,,Open,65064.44409714713,30,179,0.0,0.001384989166399464,0.01432671137154102,0.0,90.11355019235232,932.1595111295928
f12e0c269f98c0e9,5,6b7e1f5b521de19b,d4f34f97b6d22a81,Open,1.170863568534039,10,0,0.0,0.00020035699562868104,0.030914534348994483,0.0,0.00023459070688255633,0.0361967020074318
f14cc3e233e686a1,2,6b7e1f5b521de19b,6f9a9c5f2856c8b3,Open,10473.765053251393,40,192,0.0013090559281408788,0.00260891824727878,0.04378211610019206,13.710744232913502,27.32519676513836,458.5635975675867
f154e43849dc1721,0,6b7e1f5b521de19b,6f9a9c5f2856c8b3,Open,1.170863568534039,50,0,0.0028538778424263,0.13268978670239448,0.8779655426740646,0.0033415015947434812,0.15536163716638607,1.0279778683452794
f16ed3d82a35d785,2,6b7e1f5b521de19b,6f9a9c5f2856c8b3,Open,6712.2371044229185,10,958,0.0,0.00015509235236095266,0.0023827542085200545,0.0,1.0410166421294198,15.993611209148174
f17415fb2cc0ab98,3,6b7e1f5b521de19b,d4f34f97b6d22a81,Open,1150.1366394260142,50,0,0.0011230711825191975,0.04874198138713837,0.784739178419113,1.2916853156988295,56.05993867156865,902.55728149289
f174af8b8c1e5155,5,6b7e1f5b521de19b,6f9a9c5f2856c8b3,Open,1.170863568534039,30,0,0.00017479545203968883,0.028531827591359617,0.5136229112744329,0.00020466162673871051,0.033406877470417276,0.6013823547756246
f17f5db7ab27aa0c,4,ac07a4f1ad9a4f67,,Open,393312.47793447,30,512,0.0,0.0007159395783673972,0.005594440200366077,0.0,281.5879696190407,2200.3631378621944
f192bb430f432713,3,6b7e1f5b521de19b,,Open,21273.147061594493,50,0,0.0011230711825191975,0.03502667304128409,0.6675449222326276,23.891258426369717,745.1275666856236,14200.781300875347
f198f9c116d90ab4,5,6b7e1f5b521de19b,6f9a9c5f2856c8b3,Open,68773.53041741606,10,287,0.0,0.0001833099297073204,0.0036098989075981068,0.0,12.606871026540798,248.2654923254954
f1a8bd1809557797,2,6b7e1f5b521de19b,6f9a9c5f2856c8b3,Open,4474.800816218781,70,0,0.05527515634894371,0.34723593294620514,0.984873804450035,247.34531474687404,1553.8116361681687,4407.1141040255125
f1acd744c2a34b87,3,6b7e1f5b521de19b,,Open,4786.163932679293,10,0,0.0,0.0001656991196796298,0.027047415822744354,0.0,0.7930631502873539,129.45336608299826
f1aee08457aa8a4d,0,52838e14fa2f9ca3,,Open,6825.920575393989,10,0,0.0,0.000524157943436876,0.39877953529357907,0.0,3.57786049086197,2722.0374350064944
f1b0fe95a5d43ce5,6,6b7e1f5b521de19b,,Open,3670.681160310161,50,0,0.0011230711825191975,0.17615361958742143,0.9110124588012695,4.1224362313604725,646.6037727399907,3344.0362693296565
f1c9f20ecb5edd5a,0,6b7e1f5b521de19b,6f9a9c5f2856c8b3,Open,1.170863568534039,10,0,0.0,0.0003803798550507054,0.31706134527921676,0.0,0.0004453729144831294,0.3712355781778268
f1cf699de82e3d78,3,6b7e1f5b521de19b,,Open,5126.849721354915,70,231,0.0010428334586322307,0.011707249283790588,0.12306799367070194,5.346450426808235,60.02130772843431,630.9511090583467
f1d13b85f49ec18f,5,6b7e1f5b521de19b,28c9c64e5918b06e,Open,1.170863568534039,10,0,0.0,0.0010457496828166768,0.44917009770870203,0.0,0.0012244302054160736,0.5259169034819938
f1df6d952f75c465,0,6b7e1f5b521de19b,6f9a9c5f2856c8b3,Open,1.170863568534039,49,0,0.0011230711825191975,0.042489346116781235,0.7088721573352813,0.0013149631324821706,0.049749227418972385,0.8299925837720101
f1f27100a10bdb46,2,6b7e1f5b521de19b,6f9a9c5f2856c8b3,Open,274582.5663460315,30,212,0.0,0.0014099047635681926,0.009095332026481625,0.0,387.1352682840491,2497.4196096005758
f1ff25582dd66a2d,0,6b7e1f5b521de19b,6f9a9c5f2856c8b3,Open,467015.81419022416,33,622,0.0012124620378017425,0.002471897238865495,0.04735008645802736,566.2389457587191,1154.415101603336,22113.239179173153
f2003bef64049657,5,6b7e1f5b521de19b,6f9a9c5f2856c8b3,Open,1.170863568534039,50,0,0.0010428334586322307,0.18804196640849113,0.9346068501472473,0.0012210157047608276,0.2201714878232038,1.0942971117397637
f208d07a11a81690,0,6b7e1f5b521de19b,6f9a9c5f2856c8b3,Open,115819.60805984017,33,0,0.00017479545203968883,0.041566870734095575,0.5683857306838029,20.24474074587935,4814.258676696991,65830.21255460393
f210de76a15e7989,0,6b7e1f5b521de19b,6f9a9c5f2856c8b3,Open,278959.05059227353,80,0,0.1449068382382393,0.32443266957998274,0.9752173006534577,40423.07401926739,90503.42948714877,272045.69231144834
f213f4d121953acb,2,6b7e1f5b521de19b,d4f34f97b6d22a81,Open,1.170863568534039,10,0,0.0,0.0005493767210282386,0.3063274025917053,0.0,0.0006432451880526526,0.3586675957382873
f232ad73a9f394a6,2,6b7e1f5b521de19b,,Open,65802.6605360047,30,0,0.0,0.025738189462572336,0.4269278302788733,0.0,1693.6413440170206,28092.98708921373
f236d0a1495a727f,2,6b7e1f5b521de19b,6f9a9c5f2856c8b3,Open,267.88962019042316,40,0,0.0,0.028380311466753485,0.46070615947246546,0.0,7.602790859714502,123.4183980804673
f245cabab58196ba,2,6b7e1f5b521de19b,,Open,425133.94597307645,50,266,0.001301340665668249,0.002903048135340214,0.1489331565797328,553.2440922507727,1234.1843091269668,63316.54054296786
f24bfcb7eae560bb,3,6b7e1f5b521de19b,d4f34f97b6d22a81,Open,7660.581780490207,60,0,0.00028759543783962727,0.06599436476826669,0.7310311645269394,2.2031483712663524,505.5552283588086,5600.124019945611
f274717b78aaf7de,3,6b7e1f5b521de19b,,Open,19623.72126185764,10,0,0.0,0.0005165946524357424,0.21217749714851367,0.0,10.137509464765236,4163.7120620810265
f27d30b51252e2d0,5,6b7e1f5b521de19b,d4f34f97b6d22a81,Open,1.170863568534039,10,0,0.0,0.029035784397274257,0.569842271506786,0.0,0.033996942134577504,0.6672075555179782
f2840cce1d40ca4a,3,6b7e1f5b521de19b,,Open,3202.7203213536054,10,0,0.0,0.00013096384936943652,0.0009468179923715059,0.0,0.4194405817381869,3.032393224791445
f29752a1cd04f8a8,5,6b7e1f5b521de19b,6f9a9c5f2856c8b3,Open,1060.8669669680157,10,0,0.0,0.0005444268666906282,0.2218082435429095,0.0,0.577564478801987,235.30903857586938
f2994747ba87f3d7,4,6828ce51082c111b,28c9c64e5918b06e,Open,1.170863568534039,10,0,0.0,0.002285099105210975,0.7564791023731232,0.0,0.0026755392927812617,0.8857338213260216
f2a1790d25723a0d,2,6b7e1f5b521de19b,6f9a9c5f2856c8b3,Open,1306.5435206718141,10,958,0.0,0.0001647923927521333,0.002362492412794381,0.0,0.2153084330063046,3.0866991545728193
f2b8a527d4fe0835,2,6b7e1f5b521de19b,,Open,35845.270270304114,10,338,0.0,0.00012661761866183951,0.0026764309965074057,0.0,4.5386427619159395,95.93739242962732
f2bbc44ed992e054,1,6b7e1f5b521de19b,6f9a9c5f2856c8b3,Open,48615.20615323649,80,13,0.010070300474762917,0.14454067051410674,0.8375765562057493,489.5697336056345,7026.87449457033,40718.956949060375
f2bc7a91fe278386,3,6b7e1f5b521de19b,d4f34f97b6d22a81,Open,10473.765053251393,10,0,0.0,0.0004910445713903755,0.2994503140449522,0.0,5.143085471417323,3136.372234429175
f2c112cbbf784b2c,2,6b7e1f5b521de19b,6f9a9c5f2856c8b3,Open,546152.7884906246,60,0,0.003466563671827316,0.15488079860806467,0.9032432705163955,1893.2734158487874,84588.58004344937,493308.830877921
f2c9f383e578cdde,3,6b7e1f5b521de19b,,Open,2.4198904513070483,10,682,0.0,0.00010800721138366498,0.0009432173654204233,0.0,0.0002613656194996328,0.0022824826960878733
f2ce4f2f7f97b6cb,0,6b7e1f5b521de19b,6f9a9c5f2856c8b3,Open,39105.036086486834,60,2,0.043203743547201155,0.664002388715744,0.9912029087543488,1689.4839504846238,25965.83737224263,38761.02551586953
f2edab0d8e7f988a,0,6b7e1f5b521de19b,e72348f2c1467542,Open,12.08550221646412,15,0,0.0,0.027777108084410432,0.4865941882133482,0.0,0.3357003013211057,5.880735140170978
f2fb9072d4d94f9d,2,6b7e1f5b521de19b,,Open,89664.46366676311,10,0,0.0,0.00020764608416357078,0.03780399896204469,0.0,18.618474769030126,3389.6752913906066
f30c1e6e120fd9e7,3,6b7e1f5b521de19b,,Open,9648.963805727817,10,0,0.0,0.0001323248347034678,0.0008701076498255126,0.0,1.2767975406526768,8.395637220253265
f3152142ff23ad52,3,6b7e1f5b521de19b,,Open,29324.531411075328,10,0,0.0,0.00018363701819907875,0.031090289913117852,0.0,5.385069508415096,911.7081831366629
f31b4d5e8125b17b,3,6b7e1f5b521de19b,,Open,89664.46366676311,10,0,0.0,0.00016037751629482955,0.03302323976531623,0.0,14.380163982783452,2961.011082096004
f3259c27002e80ce,2,6b7e1f5b521de19b,6f9a9c5f2856c8b3,Open,270.4411873165172,40,0,0.0,0.02165539963170886,0.3994058728218077,0.0,5.856511988213013,108.01579846711952
f3280dde5376f0fc,5,6b7e1f5b521de19b,6f9a9c5f2856c8b3,Open,4094562.1997242793,70,0,0.0028538778424263,0.23788017481565477,0.9343836963176727,11685.380336229411,974015.1718639835,3825892.162980993
f337cf5b5ad5e558,3,6b7e1f5b521de19b,d4f34f97b6d22a81,Open,3554.6445803419124,30,0,0.0,0.03043553214520216,0.4481439277529714,0.0,108.18749938976492,1592.9923840002373
f340af096ae5bedd,5,6b7e1f5b521de19b,d4f34f97b6d22a81,Open,38234.67334502552,30,89,0.0,0.0019273592566605659,0.01488139671273529,0.0,73.69195159692794,568.9853422291704
f34b9b86dde01455,2,6b7e1f5b521de19b,,Open,11485.134609700683,10,0,0.0,0.00016592551764915697,0.027958236075937715,0.0,1.9056769053848341,321.10410478193444
f354170de281f9d0,2,6b7e1f5b521de19b,,Open,1.170863568534039,1,376,0.0,9.0909607388312e-05,0.00020524253413896077,0.0,0.00010644274732070743,0.00024031100593691293
f38a5346cddad483,3,6b7e1f5b521de19b,,Open,9648.963805727817,1,381,0.0,7.550299160357099e-05,0.00011719266440195493,0.0,0.7285256332070278,1.13078777711127
f3a19a89c254f352,1,6b7e1f5b521de19b,d4f34f97b6d22a81,Open,37548.2802005653,90,0,0.015024680364876985,0.9767891943454743,0.9999331951141357,564.1509082643327,36676.7543661683,37545.7717919921
f3a870b9dac3a772,4,38080774be85927f,28c9c64e5918b06e,Open,283.2325490853655,10,0,0.0,0.0007948115206090734,0.22937643602490415,0.0,0.22511649302452338,64.96687267544986
f3aa0692d82ec2b1,2,6b7e1f5b521de19b,6f9a9c5f2856c8b3,Open,98.49392076768089,10,33,0.0,0.0002740259194979444,0.009610954625532029,0.0,0.02698988720332144,0.9466206033889278
f3b7627b9b5c153c,2,6b7e1f5b521de19b,,Open,18179.73727059817,10,0,0.0,0.0006828887737356127,0.2762398473918436,0.0,12.414738491554397,5021.96784925385
f3b856a5804aa806,5,7b7c16a1b24ec3b8,28c9c64e5918b06e,Open,46736.66439367049,60,46,0.001183332406799309,0.029135776683688164,0.21175590083003035,55.305009562733666,1361.7090167144636,9896.764470472499
f3ca98c518e3d986,2,6b7e1f5b521de19b,6f9a9c5f2856c8b3,Open,1.170863568534039,10,0,0.0,0.04030665680766106,0.6067484915256499,0.0,0.04719359602549484,0.7104197039903676
f3d5a83077b86526,2,6b7e1f5b521de19b,6f9a9c5f2856c8b3,Open,139453.23795462475,35,74,0.00028759543783962727,0.0032647074083797635,0.016565762273967263,40.10611502771403,455.27401907300947,2310.1491882913024
f3ffde4f20e958cb,1,6b7e1f5b521de19b,,Open,6766.394130610287,10,0,0.0,0.0010613320395350457,0.06178751830011606,0.0,7.181390882938579,418.078701170881
f40bee6d9b0c45ba,2,6b7e1f5b521de19b,6f9a9c5f2856c8b3,Open,322.19821203079925,50,0,0.00028759543783962727,0.06858712024986743,0.7070741355419159,0.09266273586014277,22.098647512848714,227.8180222448283
f422bb091c3b67b1,6,6b7e1f5b521de19b,,Open,767.4627551854461,90,0,0.009697612794116139,0.9789141148328782,0.9999376595020294,7.442556633694004,751.2801236595628,767.414911175114
f42cc4a0e1eb8a45,0,6b7e1f5b521de19b,6f9a9c5f2856c8b3,Open,4451.045132996835,40,0,0.00028759543783962727,0.03696964792907238,0.5554308071732518,1.2801002738681666,164.55357148330413,2472.2475909850054
f42fdd0ca62eb006,3,6b7e1f5b521de19b,d4f34f97b6d22a81,Open,89651.35127364936,20,369,0.0,0.005183114134706557,0.07056390568614,0.0,464.67318598199466,6326.1494959088
f45380d451e8f278,3,6b7e1f5b521de19b,,Open,30590.180234793042,40,20,0.00028759543783962727,0.03134543690830469,0.6266939014196393,8.797596278218418,958.8625645633746,19170.67939647239
f45c35fc672c6e71,3,6b7e1f5b521de19b,,Open,54608.54408792734,50,0,0.00028759543783962727,0.08823064975440503,0.7280430316925048,15.705168146752051,4818.147327019902,39757.36999408843
f4647f5053ca2ae3,3,6b7e1f5b521de19b,,Open,1.170863568534039,10,0,0.0,0.00016230657856795006,0.02881347872316835,0.0,0.00019003885977862038,0.0337366525196885
f46761b2c3b50bc5,4,6828ce51082c111b,28c9c64e5918b06e,Open,1.170863568534039,70,0,0.0037046179524622856,0.5357189327478409,0.9871275573968887,0.004337602195875256,0.6272537813283838,1.1557916944520106
f473d8b03ee81fd2,0,674ec33189ed753c,,Open,6231775.0330267055,30,44,0.0,0.00726233534514904,0.28375095650553683,0.0,45257.24008536717,1768272.126348651
f477e0a5eda052f5,3,6b7e1f5b521de19b,,Open,35845.270270304114,10,5,0.0,0.00022519176127389073,0.00897542438469827,0.0,8.072059545508417,321.72651286018754
f48512ee5a6cb1c0,3,6b7e1f5b521de19b,,Open,4786.163932679293,10,0,0.0,0.00047638875403208656,0.19036634266376481,0.0,2.2800746724824,911.1245232533785
f4869d7ee058c364,2,6b7e1f5b521de19b,6f9a9c5f2856c8b3,Open,87301.76813805189,10,0,0.0,0.00013469647528836505,0.006172356125898653,0.0,11.759240454637682,538.8576033686884
f488db2bae805ef6,0,6b7e1f5b521de19b,,Open,1.170863568534039,33,0,0.00017479545203968883,0.02086331946775317,0.45802930593490565,0.00020466162673871051,0.024428100683479163,0.5362898276401127
f4d702fe1588b627,5,6b7e1f5b521de19b,6f9a9c5f2856c8b3,Open,187060.70247741282,60,120,0.0014620632398873567,0.007444005040451884,0.21749725565314285,273.49457671973107,1392.4808121123313,40685.189429386344
f4da1fa67b11c05e,1,6b7e1f5b521de19b,,Open,5111.753231356417,10,71,0.0,0.00016936353931669147,0.005083791748620563,0.0,0.8657446193760572,25.98708889855425
f4e25e4f56b73382,2,6b7e1f5b521de19b,6f9a9c5f2856c8b3,Open,84057.4669200855,10,0,0.0,0.000675517026684247,0.5111213654279708,0.0,56.782250124465605,42963.56726661059
f4fa3eeedbb7f258,2,6b7e1f5b521de19b,,Open,9460658.651200624,10,0,0.0,0.02801316510885954,0.6862828761339187,0.0,265022.99283464346,6492688.029267204
f5177ef63bece0f1,2,38080774be85927f,28c9c64e5918b06e,Open,2388.361505566673,40,0,0.0,0.026508113369345665,0.45375597923994054,0.0,63.31095755654246,1083.7333137373844
f527d0360ef4cfe7,3,6b7e1f5b521de19b,,Open,2.4198904513070483,10,0,0.0,0.00015795135986991228,0.02881347872316835,0.0,0.000382224987520164,0.06972546203113389
f53417fe8a68ed31,5,6b7e1f5b521de19b,6f9a9c5f2856c8b3,Open,112317.00731183944,0,2,0.0,0.0001069432317308383,0.0001859487572801299,0.0,12.011543740264305,20.885207931059806
f53932424f2c519d,2,6b7e1f5b521de19b,6f9a9c5f2856c8b3,Open,402.30990269413684,40,0,0.0,0.025764807872474194,0.4038335248827931,0.0,10.365437348108223,162.46622610022678
f53ac414b8fa414d,4,4dcb7378104041b8,28c9c64e5918b06e,Open,1.170863568534039,10,0,0.0,0.00037904363562120126,0.06993972212076184,0.0,0.00044380838383355567,0.08188987262459427
f54df80b5cc122c3,0,6b7e1f5b521de19b,6f9a9c5f2856c8b3,Open,1.170863568534039,10,0,0.0,0.0008086894726147875,0.5236960977315902,0.0,0.00094686504174166,0.6131766818173605
f55e9df905c7795a,1,6b7e1f5b521de19b,,Open,55492.25906620081,60,252,0.06623898819088936,0.033183433488011366,0.6119880616664884,3675.7510929718483,1841.4236878227703,33960.60006341885
f5947374e86cd9f1,0,6b7e1f5b521de19b,,Open,9052.165828557914,40,52,0.00028759543783962727,0.00409844167297706,0.15939483493566511,2.603361594861026,37.09977366246067,1442.868478053257
f59f6e2095a19ed2,2,6b7e1f5b521de19b,6f9a9c5f2856c8b3,Open,23827.007738747958,90,0,0.21173939779400824,0.9682999163866043,0.999940025806427,5045.116269835667,23071.68960117262,23825.57873317357
f5b407e5732f9fab,5,6b7e1f5b521de19b,6f9a9c5f2856c8b3,Open,382963.3105655866,60,673,0.001301340665668249,0.0009735660016303882,0.008082845737226303,498.36572949793685,372.84005903847475,3095.433362319124
f5c3f39a126097d2,3,6b7e1f5b521de19b,,Open,5083.8994500666495,10,76,0.0,0.0002658450757735409,0.015247029997408386,0.0,1.3515296345280312,77.5143674189742
f5d71634854bf31d,0,6b7e1f5b521de19b,,Open,487480.5206381472,50,0,0.0028538778424263,0.1568275794386864,0.8658910155296325,1391.2098564636449,76450.39007519123,422105.0030662793
f5e816ce117b0245,2,6b7e1f5b521de19b,6f9a9c5f2856c8b3,Open,1705808.8466495008,10,248,0.0,0.002131540165282786,0.08350209183990952,0.0,3636.0000709281157,142438.60697425675
f5f1652d369afea2,5,6b7e1f5b521de19b,6f9a9c5f2856c8b3,Open,98.49392076768089,40,0,0.00028759543783962727,0.04680499322712421,0.6757636159658431,0.028326402267722744,4.6100072944442125,66.5586080486213
f5fd8af998fe1794,2,6b7e1f5b521de19b,,Open,1.170863568534039,1,0,0.0,0.00012444248350220732,0.0002749137100181542,0.0,0.00014570517031063272,0.000321886447550788
f5fe5e525a420eeb,0,e43bc3ffd79e75b6,,Open,26534.76383683977,30,16,0.0,0.004460814141202718,0.09803984574973573,0.0,118.36664975684936,2601.4641535694373
f61e5cebef5f84fc,6,6b7e1f5b521de19b,,Open,1.170863568534039,30,0,0.0,0.0011426591139752419,0.2919839233160018,0.0,0.0013378979278069949,0.34187333840834305
f626633685999e6e,5,6b7e1f5b521de19b,d4f34f97b6d22a81,Open,33775.03923359714,30,16,0.0,0.03495275191962719,0.7395287215709685,0.0,1180.5305674075962,24977.611585431398
f650ab66031e7010,2,6b7e1f5b521de19b,6f9a9c5f2856c8b3,Open,98.49392076768089,10,0,0.0,0.0005266488500637933,0.2959710091352461,0.0,0.05187171011057352,29.151345123297485
f659b19d0f7ee46a,2,6b7e1f5b521de19b,6f9a9c5f2856c8b3,Open,468372.26782045857,40,0,0.00099477581679821,0.06728651076555253,0.7652773410081862,465.9254052867267,31515.13564098754,358434.6837196146
f678ba02f5f6429f,4,062b9e5a52eb6d8e,28c9c64e5918b06e,Open,159182.70963999128,10,184,0.0,0.00021843557187821718,0.0047586241737008084,0.0,34.77116621333569,757.4906901280592
f693b8253ce471e8,4,e366e0e543d0c5cd,d4f34f97b6d22a81,Open,1.170863568534039,10,0,0.0,0.00017783554940251634,0.0027051395503804084,0.0,0.00020822116598564165,0.0031673493473409705
f69636a627bc0a08,0,6b7e1f5b521de19b,6f9a9c5f2856c8b3,Open,126444.75459419061,50,355,0.001301340665668249,0.0031317248940467834,0.0902116023004055,164.54770111386242,395.9901856842631,11406.783914423495
f6972aa6c69ae43b,3,062b9e5a52eb6d8e,,Open,1.170863568534039,10,0,0.0,0.0001517322256404441,0.0018873899767640977,0.0,0.00017765773517498237,0.0022098761634093884
f698325760c8b487,3,6b7e1f5b521de19b,d4f34f97b6d22a81,Open,1351.32831267334,10,0,0.0,0.00040893523255363106,0.03129397081211208,0.0,0.5526057577993781,42.28842877438017
f69fa4037b56be65,6,6b7e1f5b521de19b,,Open,927348.730252386,25,250,0.0,0.0014805084734689446,0.008306825649924571,0.0,1372.947652999324,7703.324218885502
f6a43c1dfbe267ae,3,6b7e1f5b521de19b,,Open,19623.72126185764,30,8,0.0,0.05174141675233841,0.6366516292095185,0.0,1015.3591400415005,12493.474112515134
f6bd917d954e93ae,0,9cd083484517be1d,,Open,8290.869253090716,100,0,0.9997202754020691,0.9998398900032044,0.999933123588562,8288.550093022397,8289.54180204117,8290.314789507367
f6c43580dccac10b,3,6b7e1f5b521de19b,,Open,147782.212188992,10,0,0.0,0.0001619255774130579,0.03261161586269734,0.0,23.929720040081573,4819.416735247036
f6ebedf7d7077d17,3,6b7e1f5b521de19b,d4f34f97b6d22a81,Open,53912.01539425735,30,449,0.0,0.0013423404714558273,0.0066367899300530525,0.0,72.36828016146123,357.8027208774723
f6f0cb26d2793536,2,6b7e1f5b521de19b,6f9a9c5f2856c8b3,Open,361.29574083874047,40,0,0.00028759543783962727,0.04766390267759561,0.5862403422594068,0.10390700677611006,17.22076502916753,211.80613876616914
f7227134b7b14a2d,2,6b7e1f5b521de19b,6f9a9c5f2856c8b3,Open,1.170863568534039,70,0,0.015565882623195647,0.16302561312913894,0.9574384689331055,0.018225524875576844,0.19088075115083328,1.1210298223867825
f72284175aaef247,4,7b7c16a1b24ec3b8,28c9c64e5918b06e,Open,1223.523716952242,10,0,0.0,0.0004740305419545621,0.299844391644001,0.0,0.5799876106411315,366.8667245715519
f727434553e30ef3,2,6b7e1f5b521de19b,,Open,5655.969519442425,10,0,0.0,0.00024096217166516,0.06022176574915646,0.0,1.362874698276798,340.61247148423075
f7399f253e8cc614,5,6b7e1f5b521de19b,d4f34f97b6d22a81,Open,351627.12953203905,10,38,0.0,0.00029855605534976346,0.13037839345633961,0.0,104.9804087470459,45844.58024405148
f75d6a5ed95d3bde,2,6b7e1f5b521de19b,6f9a9c5f2856c8b3,Open,1832.7101424712498,40,0,0.0011230711825191975,0.06756962612271308,0.7151924699544906,2.058263946920113,123.83553911808657,1310.7404935046595
f7672e5d4f122799,0,6828ce51082c111b,,Open,1064506.8667509402,10,0,0.0,0.00019908452522940934,0.03971058782190084,0.0,211.92684417055705,42272.193419129704
f76a367c5f9475e8,5,cca8e68b78e095c5,28c9c64e5918b06e,Open,35323.80641959515,60,0,0.0028538778424263,0.2972477659583092,0.9551330775022506,100.8098284510385,10499.92254336844,33738.935934641675
f76c5eadd84dde35,2,6b7e1f5b521de19b,,Open,4666113.343469918,10,0,0.0,0.00017302581763942726,0.033173472713679056,0.0,807.3580764521242,154791.18367853307
f77188b1185be9c8,5,6b7e1f5b521de19b,d4f34f97b6d22a81,Open,1.170863568534039,70,0,0.0031274809909518806,0.5636151760816575,0.9805671572685242,0.003661853553588291,0.6599164763469102,1.1481103609467025
f773d6a65b666585,2,6b7e1f5b521de19b,6f9a9c5f2856c8b3,Open,98.49392076768089,10,34,0.0,0.0003230870424886234,0.01999127734452483,0.0,0.03182210956393882,1.9690192868163627
f77ed55071929234,3,6b7e1f5b521de19b,d4f34f97b6d22a81,Open,120208.22079270925,40,36,0.0,0.009326111292466521,0.1687291607260704,0.0,1121.0752453821947,20282.632206727994
f77f45ffda2b27a1,3,6b7e1f5b521de19b,,Open,2.4198904513070483,10,0,0.0,0.00016252354544121772,0.02881347872316835,0.0,0.00039328917572576994,0.06972546203113389
f79b98681cab2a34,1,6b7e1f5b521de19b,,Open,3417.1203705856933,50,0,0.00028759543783962727,0.0488552900031209,0.7020331919193268,0.9827482291293018,166.94440668053602,2398.9319209348273
f79d66b9e74211df,2,6b7e1f5b521de19b,6f9a9c5f2856c8b3,Open,264.11418569428724,40,0,0.0,0.023929321486502887,0.44348475933074943,0.0,6.320073258624521,117.13061607846784
f79fef6a73809145,3,6b7e1f5b521de19b,d4f34f97b6d22a81,Open,20294.979748195467,30,0,0.0,0.02356801787391305,0.4192693561315534,0.0,478.31244545617415,8509.063091728829
f7aa2204e7459ccb,0,fd10c5543bdbcbc9,,Open,263999.29512211593,10,0,0.0,0.003779155260417611,0.5247040659189222,0.0,997.6943249072857,138521.5035503037
f7c55f6a27efe4a6,6,6b7e1f5b521de19b,,Open,160135.51540490508,90,0,0.00821212325245142,0.9559831410646439,0.9999251186847686,1315.0525895999135,153086.85301278683,160123.5242468963
f7d30e48188e35a0,3,6b7e1f5b521de19b,,Open,27512.41339013049,90,0,0.14424147084355354,0.932313147187233,0.9999045491218567,3968.430973848299,25650.184714468727,27509.787306112557
f7f59541adde6b61,2,6b7e1f5b521de19b,6f9a9c5f2856c8b3,Open,1671.408764877286,70,0,0.015932779386639596,0.28531729727983474,0.9691594749689102,26.630187115685573,476.881831444614,1619.8616410269053
f804a42e9b02d383,2,6b7e1f5b521de19b,6f9a9c5f2856c8b3,Open,2471.5584261267168,40,0,0.0,0.024754572287201883,0.44498907178640357,0.0,61.18237172159672,1099.8164899079923
f81ad0ce032e2162,5,6b7e1f5b521de19b,,Open,1.170863568534039,10,0,0.0,0.00017629725771257655,0.027255218848586074,0.0,0.0002064200362881125,0.03191214280223169
f81d6b67d7b2bfad,0,6b7e1f5b521de19b,6f9a9c5f2856c8b3,Open,1.170863568534039,80,0,0.23394284546375274,0.6329109340906143,0.9906757920980453,0.27391515487269674,0.7410523548535486,1.159946193196203
f823adc023a0db97,3,6b7e1f5b521de19b,,Open,50743.49206519612,50,0,0.0,0.088471407443285,0.865076360106468,0.0,4489.348161595065,43896.995414851306
f836f0adfb69c15b,3,6b7e1f5b521de19b,,Open,11576.129437233365,50,0,0.00030614933930337427,0.1349713049829006,0.8059184402227401,3.5440243788993366,1562.445296794358,9329.41617987166
f839224076fc0574,3,6b7e1f5b521de19b,,Open,506967.59952288936,30,0,0.0,0.0169429992325604,0.5260186672210692,0.0,8589.551649649302,266674.421025295
f858e20785598b63,3,6b7e1f5b521de19b,,Open,2.4198904513070483,10,0,0.0,0.0005158107611350715,0.299844391644001,0.0,0.0012482055355521804,0.725590580217289
f85a2fe3bba35c6c,6,6b7e1f5b521de19b,,Open,613075.7543652449,100,207,0.9997202754020691,0.9994792520999909,0.9999134302139282,612904.2619963539,612756.4964536127,613022.6805283437
f863791e88ff4a2e,5,6b7e1f5b521de19b,6f9a9c5f2856c8b3,Open,1.170863568534039,60,0,0.0010428334586322307,0.06687299907207489,0.8162774384021757,0.0012210157047608276,0.07829915833210307,0.9557495144413956
f86d23364b3e1303,5,6b7e1f5b521de19b,6f9a9c5f2856c8b3,Open,1183415.278081473,30,1053,0.0,0.004529637866653502,0.1908586606383323,0.0,5360.442655574124,225865.0549535695
f8755861970225b2,3,6b7e1f5b521de19b,,Open,1.170863568534039,10,0,0.0,0.00024120255911839195,0.001675708062248304,0.0,0.0002824152891089029,0.001962025521585309
f87cecb3dc713e5d,2,6b7e1f5b521de19b,,Open,271714.27236091055,10,196,0.0,0.0003237374941818416,0.04780549500137565,0.0,87.9640976675636,12989.435289151932
f88e6b3fbd40bd6e,3,6b7e1f5b521de19b,d4f34f97b6d22a81,Open,25057.983364846474,10,0,0.0,0.0004083937907125801,0.028035269677639,0.0,10.233524813982424,702.5073212112628
f8a0e4c69bdc2c40,6,6b7e1f5b521de19b,6f9a9c5f2856c8b3,Open,78849.88064113903,30,213,0.00028759543783962727,0.0015051841677632184,0.013721126830205318,22.676865946590727,118.68359197106194,1081.9092128236196
f8b1ae3ccfafe4be,2,6b7e1f5b521de19b,6f9a9c5f2856c8b3,Open,1.170863568534039,10,87,0.0,0.00031596302724210543,0.0343280881643295,0.0,0.00036994959760150935,0.040193507809037944
f8b46f9c49f1cfc3,4,255414ab73601d72,28c9c64e5918b06e,Open,1.170863568534039,0,0,0.0,0.00016562231903662905,0.0004530663762125186,0.0,0.00019392113949611057,0.000530478914034975
f8b791bf30016e24,3,6b7e1f5b521de19b,6f9a9c5f2856c8b3,Open,667188.932432704,0,0,0.0,0.000133074406767264,0.0002827361779054626,0.0,88.78577138516627,188.63844869684868
f8c0b1c60144d445,0,6b7e1f5b521de19b,6f9a9c5f2856c8b3,Open,1.170863568534039,10,0,0.0,0.00037778424157295374,0.3126673474907875,0.0,0.00044233380522403404,0.36609080624713586
f8c607159ae25932,0,6b7e1f5b521de19b,6f9a9c5f2856c8b3,Open,1.170863568534039,10,0,0.0,0.00037778424157295374,0.3126673474907875,0.0,0.00044233380522403404,0.36609080624713586
f8d576ca81b0f9bd,4,6ab36d9b02cbcf6b,28c9c64e5918b06e,Open,718459.9479446962,30,0,0.00014189186040312052,0.0006161373894428834,0.2791182354092598,101.94361863900207,442.670036745915,200535.27288255224
f8dba527346dc5b4,2,6b7e1f5b521de19b,6f9a9c5f2856c8b3,Open,1.170863568534039,10,0,0.0,0.0007526162429712713,0.48531609326601005,0.0,0.000881210939982024,0.568238932828439
f8eef089e3105010,5,6b7e1f5b521de19b,6f9a9c5f2856c8b3,Open,1060.8669669680157,40,0,0.00028759543783962727,0.031042063422501088,0.48945148587226844,0.3051004998547639,32.93149967145751,519.2429132953021
f908a9d34c2ba256,2,6b7e1f5b521de19b,d4f34f97b6d22a81,Open,1.170863568534039,30,0,0.0,0.01947563113644719,0.3767565891146659,0.0,0.0228033069718732,0.44113056439951037
f90f628a340e6d82,3,6b7e1f5b521de19b,,Open,1.170863568534039,10,0,0.0,0.00016037751629482955,0.00249382647452876,0.0,0.0001877801910415901,0.0029199305652714055
f913db47e28f7e0c,3,6b7e1f5b521de19b,d4f34f97b6d22a81,Open,22962.31400177536,10,49,0.0,0.00012727015055133962,0.0014058982254937288,0.0,2.922417160013084,32.282676508325785
f920f2b4614b0de0,0,6b7e1f5b521de19b,6f9a9c5f2856c8b3,Open,110632.447126631,30,0,0.00017479545203968883,0.043191399052739145,0.7486803859472273,19.338048605756438,4778.370172027384,82828.34321305231
f927aa5bebba2858,3,6b7e1f5b521de19b,d4f34f97b6d22a81,Open,1533.6131436779021,10,0,0.0,0.0001803189908969216,0.02951313126832245,0.0,0.2765395744942549,45.26172602419058
f93642e4252212d8,2,6b7e1f5b521de19b,6f9a9c5f2856c8b3,Open,98.49392076768089,10,20,0.0,0.00032086341525427997,0.03261562325060367,0.0,0.031603095799302545,3.2124406122334888
f937aa408ebaf2a7,0,6b7e1f5b521de19b,6f9a9c5f2856c8b3,Open,1.170863568534039,30,0,0.0,0.10838554166257382,0.8617922067642211,0.0,0.12690468208853592,1.0090410985467801
f93b1a69acd5ccd3,3,6b7e1f5b521de19b,d4f34f97b6d22a81,Open,77359.1375582819,10,64,0.0,0.00012462840677471832,0.0005380126924137581,0.0,9.641146063354947,41.620197880537525
f94cd30a063b3779,5,6b7e1f5b521de19b,d4f34f97b6d22a81,Open,1.170863568534039,30,0,0.0002038492588326335,0.029662282206118107,0.5004949510097504,0.00023867967063979622,0.034730485594719175,0.5860113043725453
f94df520f9365740,2,6b7e1f5b521de19b,d4f34f97b6d22a81,Open,796.4699066600575,60,0,0.0030671000480651856,0.24796960800886153,0.941442596912384,2.4428528889995365,197.500330545349,749.8306972886086
f95021df006dc8b7,0,6b7e1f5b521de19b,,Open,263999.29512211593,25,448,0.0,0.0006753943045623601,0.005225895950570702,0.0,178.30362033395474,1379.6328473321855
f96ea65212393d84,2,6b7e1f5b521de19b,6f9a9c5f2856c8b3,Open,89274.76886326922,10,0,0.0,0.0006044353474862874,0.5066597864031791,0.0,53.96082593962812,45231.93532345717
f97bd3a79b4805d9,5,6b7e1f5b521de19b,6f9a9c5f2856c8b3,Open,746710.0243694199,10,63,0.0,0.0003958818881073967,0.06661996264010664,0.0,295.6089743160862,49745.79392648387
f98db0e904782fea,3,6b7e1f5b521de19b,,Open,1.170863568534039,10,0,0.0,0.0005790937226265669,0.04326117783784863,0.0,0.000678039742590203,0.05065293706220912
f99b1a6bc10dc4e3,5,6b7e1f5b521de19b,d4f34f97b6d22a81,Open,1.170863568534039,10,0,0.0,0.000715865203528665,0.3516503199934957,0.0,0.0008381804867929188,0.4117345485437211
f9baa5979f31e3c8,4,6b7e1f5b521de19b,d4f34f97b6d22a81,Open,42677.99379534832,10,0,0.0,0.0004910445713903755,0.2992255955934523,0.0,20.95679717103792,12770.348112146761
f9c066c49e1920f9,0,6b7e1f5b521de19b,6f9a9c5f2856c8b3,Open,534.5463080854963,10,0,0.0,0.007404746953397991,0.6595650911331177,0.0,3.9581801462462227,352.56808440728196
f9fac5987562d127,2,6b7e1f5b521de19b,6f9a9c5f2856c8b3,Open,1.170863568534039,10,0,0.0,0.0005816959252115339,0.320349134504795,0.0,0.000681086566794886,0.3750851308030751
fa09386da9991233,2,6b7e1f5b521de19b,6f9a9c5f2856c8b3,Open,865437.8840283368,50,293,0.0014454389223828913,0.009238131623715163,0.16189953088760367,1250.9376024792489,7995.029084803315,140113.98743654808
fa106b5e07a26a64,5,6b7e1f5b521de19b,6f9a9c5f2856c8b3,Open,1.170863568534039,70,0,0.0031274809909518806,0.5636151760816575,0.9805671572685242,0.003661853553588291,0.6599164763469102,1.1481103609467025
fa1c67319e94a5a7,4,ac6153076817c20f,28c9c64e5918b06e,Open,283551.344504511,10,58,0.0,0.00012888916608062574,0.002176409156527369,0.0,36.54669633422664,617.1237425252642
fa29cd2c9cf478ca,1,6b7e1f5b521de19b,6f9a9c5f2856c8b3,Open,2860033.8389475136,10,294,0.0,0.00010992750976583921,0.000984052481362596,0.0,314.3963977615334,2814.423395997292
fa4b871e382862f3,0,6b7e1f5b521de19b,6f9a9c5f2856c8b3,Open,1.170863568534039,80,0,0.08148507699370384,0.261435766518116,0.9670586705207824,0.095407908031119,0.30610561452783314,1.1322937659477468
fa73a32cdf06c95f,3,6b7e1f5b521de19b,,Open,5655.969519442425,70,272,0.0010428334586322307,0.009921044064685702,0.12839815840125077,5.898234255878619,56.11312283090751,726.2160702700146
fa9c63c421476b1a,3,6b7e1f5b521de19b,d4f34f97b6d22a81,Open,36913.282803343434,10,0,0.0,0.0005431815516203642,0.3324173137545585,0.0,20.050614228521393,12270.614311349764
faa965f618bac4da,2,6b7e1f5b521de19b,,Open,13121.811050396169,50,0,0.00028759543783962727,0.07297827824950218,0.7221142917871475,3.7737729942875458,957.607177973204,9475.447293621595
fac08fd8bc03c586,2,6b7e1f5b521de19b,,Open,30509.682944394142,50,0,0.00028759543783962727,0.04626871030777693,0.6322201877832412,8.774445624741242,1411.643681736295,19288.837480312017
fb0f8732452514f4,2,6b7e1f5b521de19b,6f9a9c5f2856c8b3,Open,432554.17328471754,80,0,0.35063565745949743,0.4624658137559891,0.994488587975502,151668.91693653632,200041.51774166603,430170.18901282933
fb144df77db9552e,4,6828ce51082c111b,28c9c64e5918b06e,Open,158646.32247147386,50,558,0.0012113013304769992,0.016968297120183707,0.20251752287149427,192.16850148497934,2691.9579367204456,32128.660239595163
fb170860714ccfab,0,6b7e1f5b521de19b,6f9a9c5f2856c8b3,Open,40882.782652931186,55,0,0.0011230711825191975,0.048171449266374115,0.731708949804306,45.914275058702756,1969.3828904338743,29914.297960053977
fb1eb516d5e9ab19,6,6b7e1f5b521de19b,,Open,262190.543180081,90,0,0.008893937524408101,0.9527766674757003,0.9999350011348724,2331.9063105342652,249809.03197476128,262173.5010923271
fb5bcc223283830c,2,6b7e1f5b521de19b,6f9a9c5f2856c8b3,Open,1.170863568534039,10,0,0.0,0.025710560567677024,0.5439598605036733,0.0,0.030103558695280867,0.636902783408609
fb6f0eb99b67d48f,0,062b9e5a52eb6d8e,,Open,1028.3146841294915,10,0,0.0,0.0005292840593028814,0.38141292631626117,0.0,0.5442705702568176,392.2125128478111
fb71463028195d60,5,6b7e1f5b521de19b,6f9a9c5f2856c8b3,Open,1.170863568534039,0,0,0.0,0.0002005542686674744,0.0019028080278076227,0.0,0.00023482168669673346,0.00222792859767405
fba6740adc1a4978,0,6b7e1f5b521de19b,6f9a9c5f2856c8b3,Open,1.170863568534039,50,0,0.0010010452941060066,0.09196254834532738,0.9265980124473571,0.0011720874653211653,0.1076755975270941,1.0849198554506603
fbb30cb9e5e7fbcf,5,6b7e1f5b521de19b,6f9a9c5f2856c8b3,Open,1984.4818169065072,40,0,0.0,0.03275367757305503,0.4612386628985404,0.0,64.99907758054616,915.3197397764234
fbc3f6c8c8dfc468,0,bd661df59343798b,,Open,9648.963805727817,30,0,0.0,0.02760141622275114,0.4527984067797657,0.0,266.32506612015436,4369.03543830918
fbc7822bbb4b28de,4,ac07a4f1ad9a4f67,28c9c64e5918b06e,Open,23015.638586807516,10,0,0.0,0.0001625636825338006,0.03100286582484838,0.0,3.741506964538468,713.5507549799964
fbd3f248f7f88e42,0,6b7e1f5b521de19b,6f9a9c5f2856c8b3,Open,1.170863568534039,40,0,0.00028759543783962727,0.028534698486328124,0.5008178889751433,0.00033673502064301535,0.033410238896744986,0.5863894206711204
fbdf163ba81149e0,4,75c64824a2a4e380,28c9c64e5918b06e,Open,1.170863568534039,10,0,0.0,0.00037904363562120126,0.07005673032253974,0.0,0.00044380838383355567,0.08202687326527569
fbe971796da8a83b,3,6b7e1f5b521de19b,,Open,160971.91614520777,60,40,0.0009216022677719593,0.010834201471880078,0.24074299558997145,148.35208296702115,1744.0021708317665,38752.86129865501
fbf5cea669bc23b1,3,6b7e1f5b521de19b,,Open,2357482.063301993,50,84,0.00028759543783962727,0.006246509798802436,0.23549904823303208,678.0010861944046,14726.034808916884,555184.782134064
fc16343084b682b0,5,6b7e1f5b521de19b,6f9a9c5f2856c8b3,Open,1.170863568534039,60,0,0.0028538778424263,0.04550472479313612,0.7406432628631591,0.0033415015947434812,0.05327982445645072,0.8671922137666527
fc16592d2df77953,0,062b9e5a52eb6d8e,,Open,2521022.25580936,10,1668,0.0,0.0002859211555914953,0.01680457079783082,0.0,720.8135966528906,42364.69698065556
fc1f09274068e5c4,0,062b9e5a52eb6d8e,,Open,4729.803160858096,70,0,0.0030671000480651856,0.2623361870646477,0.9557032495737074,14.506779502006733,1240.7985267858312,4520.288250676075
fc2707e711db6f49,3,6b7e1f5b521de19b,,Open,108237.84289206557,60,40,0.0009216022677719593,0.015044828923419119,0.2407366655766962,99.75224146807268,1628.4198293510426,26056.817387050174
fc2ca9a2860be756,6,6b7e1f5b521de19b,,Open,4455954.241386304,10,0,0.0,0.001994257146725431,0.1911104872822761,0.0,8886.318591366133,851579.5863788613
fc3d48ee75f0c62c,2,6b7e1f5b521de19b,6f9a9c5f2856c8b3,Open,119269.40040045764,40,0,0.00116905365139246,0.08765894025564194,0.8181832492351531,139.43232803754432,10455.029244029954,97584.2255539749
fc3e3a0eaa2d833a,4,e366e0e543d0c5cd,d4f34f97b6d22a81,Open,1.170863568534039,10,0,0.0,0.00017783554940251634,0.0027051395503804084,0.0,0.00020822116598564165,0.0031673493473409705
fc4a10c967cc7ab0,5,6b7e1f5b521de19b,6f9a9c5f2856c8b3,Open,22392.973584580242,60,0,0.0028538778424263,0.2491818219423294,0.9262320846319197,63.906811139070996,5579.92195651216,20741.09060435327
fc4ae6954d8d1a02,2,6b7e1f5b521de19b,6f9a9c5f2856c8b3,Open,33410.72804667852,10,46,0.0,0.00012085677772120108,0.002416609576903282,0.0,4.037912933040925,80.74068536891441
fc4b45efee475ca7,3,6b7e1f5b521de19b,,Open,25102.753943361105,10,0,0.0,0.00013187047661631369,0.0009173988510156042,0.0,3.3103121268930766,23.029237624966903
fc4e95a3e081f5dd,6,6b7e1f5b521de19b,,Open,346406.33538893465,95,146,0.7997202754020691,0.11106053441762925,0.9997057169675827,277028.16993826034,38472.0727339476,346304.3938821078
fc7c5fe4e515a551,0,674ec33189ed753c,,Open,1903037.2145069144,10,0,0.0,0.0001619255774130579,0.03583655692636965,0.0,308.15039979756943,68198.30147067698
fc8164837673a261,6,6b7e1f5b521de19b,,Open,48502.8796948733,10,307,0.0,0.00280939307413064,0.1433127433061599,0.0,136.2636542901687,6951.0807473209325
fc83d97b56489bef,2,6b7e1f5b521de19b,,Open,1187910.3043156844,10,0,0.0,0.0008094129851087927,0.4736268579959868,0.0,961.5100254576524,562626.2250140941
fc897eb7dbbbc00f,2,6b7e1f5b521de19b,6f9a9c5f2856c8b3,Open,78357.18724264146,80,0,0.1423710137605667,0.4027655392885208,0.9849059015512466,11155.79218316141,31559.574776914094,77174.45614423363
fc8a488a9746a829,3,6b7e1f5b521de19b,,Open,76057.68653515907,50,0,0.00116905365139246,0.035510355979204176,0.6059735029935833,88.91551616039084,2700.835523818223,46088.94273929823
fc8f7f9747b1f15e,5,6b7e1f5b521de19b,6f9a9c5f2856c8b3,Open,64421.72423056767,10,57,0.0,0.0001071387992851669,0.001061641942942515,0.0,6.902066181943163,68.39280447984676
fc909fb5e256e8b1,3,6b7e1f5b521de19b,,Open,1287.0828528119127,10,0,0.0,0.00018722753229667434,0.0278960632160306,0.0,0.24097734639333815,35.90454462631013
fc943478c1b25325,3,6b7e1f5b521de19b,,Open,11675.99327727772,70,755,0.0029070510994642974,0.0022101726965047417,0.025978603772818992,33.94270909404794,25.805961546012135,303.32600300449616
fc9a3a2792261162,5,6b7e1f5b521de19b,6f9a9c5f2856c8b3,Open,8719442.463525467,0,4,0.0,0.00014189305147738196,0.00046914549311622973,0.0,1237.2282983310893,4090.687134249248
fc9cd404891ab2e5,0,6b7e1f5b521de19b,6f9a9c5f2856c8b3,Open,625.526894089311,10,0,0.0,0.0003258220924180932,0.08481646589934824,0.0,0.2038104814959703,53.05498048165126
fcac2d26c3cc823c,2,6b7e1f5b521de19b,6f9a9c5f2856c8b3,Open,140831.76995593755,60,0,0.003466563671827316,0.13478633016347885,0.9008157432079316,488.2022975683948,18982.1974427881,126863.47552014633
fcacfdc1a97ce459,3,6b7e1f5b521de19b,,Open,19623.72126185764,70,0,0.0010428334586322307,0.2061539836227894,0.9292802274227142,20.464273114737846,4045.5083116351843,18235.936157099022
fcaef9397306e075,5,6b7e1f5b521de19b,6f9a9c5f2856c8b3,Open,1.170863568534039,60,0,0.0010428334586322307,0.04290153328329325,0.7382463842630386,0.0012210157047608276,0.05023184235565858,0.8643857959355727
fcdcce3b476cec0d,3,6b7e1f5b521de19b,d4f34f97b6d22a81,Open,289294.5112739741,60,130,0.0,0.017002743575721978,0.343267151713371,0.0,4918.800393055192,99305.30289132879
fce78a68296dcbdc,2,6b7e1f5b521de19b,,Open,40966.8423659283,30,0,0.0,0.02366976756602526,0.42419470995664577,0.0,969.6756367155192,17377.917815254583
fce83bc482a2bc41,3,6b7e1f5b521de19b,,Open,21273.147061594493,10,0,0.0,0.00015795135986991228,0.030974642280489174,0.0,3.3601225070914786,658.9281204131288
fcea35dca02a5657,0,674ec33189ed753c,,Open,870350.122287474,20,0,0.0,0.019679103512316942,0.5475639969110486,0.0,17127.71014845291,476572.3916717492
fcf010f20be4b5ea,4,1bb1bb990c53f4fc,28c9c64e5918b06e,Open,1.170863568534039,10,0,0.0,0.0002884964749682695,0.003792792605236172,0.0,0.000337790012190839,0.004440842684476339
fd0104711136c293,3,6b7e1f5b521de19b,,Open,80872.05936290111,20,82,0.0,0.000777129246853292,0.0056545513449236745,0.0,62.848042584166066,457.2952120372397
fd0deaa3a2c47ef5,2,6b7e1f5b521de19b,6f9a9c5f2856c8b3,Open,75598.54238248529,20,20,0.0,0.01287292130291462,0.25574053153395604,0.0,973.1740867047887,19333.611412089092
fd19af9e62a88351,2,6b7e1f5b521de19b,6f9a9c5f2856c8b3,Open,427.12649104082453,10,0,0.0,0.0005076384302810766,0.19261858016252506,0.0,0.21682582144342852,82.27249825408511
fd1ab4c99d7c77d8,3,6b7e1f5b521de19b,d4f34f97b6d22a81,Open,16928.446291798304,10,0,0.0,0.0004910445713903755,0.2932633027434347,0.0,8.31262165366109,4964.492069847621
fd1eef79c93351f8,6,6b7e1f5b521de19b,,Open,1.170863568534039,20,1102,0.0,0.0009420251444680616,0.01140204733237624,0.0,0.0011029829223006683,0.013350241828180063
fd2e9be36e0bce09,4,8f36933a863ddaa7,28c9c64e5918b06e,Open,665734.6916195512,95,202,0.8166430771350861,0.29917579144239426,0.9998181998729706,543667.6271197678,199171.7032559375,665613.6609680469
fd376c529a47be81,2,6b7e1f5b521de19b,d4f34f97b6d22a81,Open,2325.2978958944414,10,506,0.0,0.00017099001561291516,0.0040178471361286905,0.0,0.3976027235236693,9.342691491665551
fd3a986910365057,3,6b7e1f5b521de19b,,Open,1.170863568534039,10,0,0.0,0.0003748271585209295,0.27581500411033616,0.0,0.0004388714644092894,0.3229417399678588
fd3ede2b147540bb,1,6b7e1f5b521de19b,6f9a9c5f2856c8b3,Open,796493.7010915865,10,59,0.0,0.00010415586220915429,0.0011901343357749283,0.0,82.9594881813546,947.9345018975496
fd41fc014ad26b05,3,6b7e1f5b521de19b,,Open,5083.8994500666495,10,0,0.0,0.0005369870137656108,0.05737467389553783,0.0,2.729987983975921,291.6870730652781
fd5f73de25ab0af1,4,e366e0e543d0c5cd,28c9c64e5918b06e,Open,18887.88392060843,10,2,0.0,0.003641766961663962,0.7561582028865813,0.0,68.78527163781577,14282.228361737627
fd6dd77a242f5784,1,6b7e1f5b521de19b,6f9a9c5f2856c8b3,Open,1111818.1044947596,10,96,0.0,0.0001103894323023269,0.0019591085438150904,0.0,122.73296937862568,2178.1723476839825
fd835040eb2be339,2,6b7e1f5b521de19b,6f9a9c5f2856c8b3,Open,141262.38554008558,70,0,0.07212231233716011,0.4427155435085297,0.9861891716718674,10188.169891414384,62539.05379169046,139311.43498416897
fd8e78c8d071d490,0,062b9e5a52eb6d8e,,Open,1.170863568534039,90,0,0.25491381511092187,0.9798357516527176,0.9999312996864319,0.2984692992294002,1.1472539847573333,1.170783129839735
fde33d54dbc6513b,2,6b7e1f5b521de19b,6f9a9c5f2856c8b3,Open,1513.303966626723,40,0,0.0,0.01761373896151781,0.43497086763381954,0.0,26.654941037592558,658.2431393573264
fde7b0d230a9ec5c,5,6b7e1f5b521de19b,d4f34f97b6d22a81,Open,1.170863568534039,70,0,0.0030671000480651856,0.20706207528710366,0.9253213018178938,0.0035911557073285256,0.24244144037872203,1.0834250014870617
fdeb2bd69f7e7220,5,6b7e1f5b521de19b,d4f34f97b6d22a81,Open,227381.06794614773,1,128,0.0,8.064935827860609e-05,0.00012731768147205002,0.0,18.338137214560945,28.9496303815422
fdee7d7942183a5c,4,75c64824a2a4e380,28c9c64e5918b06e,Open,712082.7439525853,70,126,0.0038218772737309338,0.03942316956818104,0.6454085439443586,2721.492856128349,28072.558761418408,459584.2869423416
fe13ec789543429b,3,6b7e1f5b521de19b,,Open,65798.13803746978,10,0,0.0,0.000166594310576329,0.031150892097502936,0.0,10.961595443558407,2049.6706982218248
fe2d8090efb9b7f8,3,6b7e1f5b521de19b,,Open,30405.58043486053,60,90,0.00028759543783962727,0.016064828960224986,0.2545870840549469,8.744506217931718,488.4604491223977,7740.868061909287
fe2e85ee3fe2e5ae,5,6b7e1f5b521de19b,,Open,1.170863568534039,10,19,0.0,0.00017308303067693488,0.008662951551377772,0.0,0.0002026566149510825,0.010143134367483667
fe35a2335fd94ec3,6,6b7e1f5b521de19b,,Open,106993.00296756322,90,0,0.00821212325245142,0.9691603124141693,0.9999257564544678,878.6397275195296,103693.37218217373,106985.05942767578
fe3f0825cd399e08,0,6b7e1f5b521de19b,,Open,150228753.08131316,90,41,0.37662002816796303,0.9027772545814514,0.9999322295188904,56579157.21712212,135623101.26594266,150218572.00644034
fe48c6a36176d496,3,6b7e1f5b521de19b,,Open,35845.270270304114,30,0,0.0,0.01938083441928029,0.4175091698765752,0.0,694.7112478231145,14965.729034556152
fe502621a6af295c,0,6b7e1f5b521de19b,6f9a9c5f2856c8b3,Open,19173.860793981083,60,0,0.0009541214443743229,0.058269330672919756,0.7661963075399398,18.29419175498543,1117.2480348810154,14690.941341633124
fe593fdb93bd7942,1,6b7e1f5b521de19b,,Open,4535.253625562195,10,0,0.0,0.007826280663721263,0.8531492501497268,0.0,35.49416775480916,3869.2482298872164
fe5a5da4d2ce8c07,4,e366e0e543d0c5cd,d4f34f97b6d22a81,Open,114434.53124771116,10,3,0.0,0.0013228292140411214,0.454281176626682,0.0,151.3773410295739,51985.453501933036
fe5d7013e9cdef45,6,6b7e1f5b521de19b,,Open,9887.041589348042,10,0,0.0,0.0001662186943576671,0.0012325909046921875,0.0,1.6434111440413854,12.186677537343787
fe68e7220b51dd2d,1,6b7e1f5b521de19b,,Open,5686.154365797639,90,0,0.008523202175274492,0.973941034078598,0.999926871061325,48.46424325951298,5537.979062955487,5685.738543363726
fe791fb4ccff79dc,3,6b7e1f5b521de19b,,Open,2.4198904513070483,10,0,0.0,0.00029502908291760836,0.0036880958825349806,0.0,0.0007139380606101959,0.008924788009651241
fe84d766406a282c,0,6b7e1f5b521de19b,6f9a9c5f2856c8b3,Open,1299118.3089626455,20,255,0.0,0.0016875644098035992,0.023929777555167668,0.0,2192.3458223295966,31087.61215132169
fe9da491e03de23f,2,6b7e1f5b521de19b,,Open,1845240.0868962975,30,3,0.0002539545763283968,0.030858673062175514,0.6489163845777509,468.60716449192336,56941.66056275318,1197406.5258666803
fe9f08b35b2cadf7,1,6b7e1f5b521de19b,,Open,3792.916709923468,100,109,0.9997202754020691,0.9998222827911377,0.9999285101890564,3791.8557378217993,3792.2426433523333,3792.6455550249507
fea43bb5650d7c27,2,6b7e1f5b521de19b,6f9a9c5f2856c8b3,Open,1.170863568534039,10,0,0.0,0.02488672845065594,0.5720160409808155,0.0,0.02913896368287261,0.6697527430015107
feb27d0c8f706064,5,6b7e1f5b521de19b,6f9a9c5f2856c8b3,Open,1.170863568534039,50,0,0.0011230711825191975,0.16389562264084817,0.891777765750885,0.0013149631324821706,0.19189941359237173,1.0441500971463935
feb9b4b397188bef,2,6b7e1f5b521de19b,6f9a9c5f2856c8b3,Open,587181.4799761365,40,116,0.0,0.0016788830980658531,0.015137876756489277,0.0,985.8090622292287,8888.68087757173
febf953582441153,2,6b7e1f5b521de19b,6f9a9c5f2856c8b3,Open,1.170863568534039,10,0,0.0,0.0005771706200903282,0.2963140234351156,0.0,0.0006757880518919657,0.3469432948859183
fed8f354cbad9436,0,6b7e1f5b521de19b,6f9a9c5f2856c8b3,Open,7395.089439090942,60,0,0.0010428334586322307,0.10361599400639535,0.9093482285737989,7.7118466966618895,766.2495429976045,6724.711481582156
fee3088b49ba4a37,5,6b7e1f5b521de19b,6f9a9c5f2856c8b3,Open,1.170863568534039,10,0,0.0,0.0008237435336923227,0.33436959385871884,0.0,0.0009644912934158323,0.3915011758746968
fef208b8e3fa0709,0,6b7e1f5b521de19b,,Open,21273.147061594493,25,0,0.0,0.026644493360072373,0.5026839897036551,0.0,566.8122256304976,10693.670438474908
ff14e8c6beb61699,2,6b7e1f5b521de19b,6f9a9c5f2856c8b3,Open,3794632.992415393,30,0,0.00028759543783962727,0.043122742138803,0.6908869653940197,1091.3191368944,163634.9800433234,2621662.472913899
ff2963432be38cef,3,6b7e1f5b521de19b,d4f34f97b6d22a81,Open,430283.0993701844,10,0,0.0,0.0004836672946112231,0.30956913381814943,0.0,208.11386258930915,133202.3663686167
ff415bebe58e0ffd,3,6b7e1f5b521de19b,,Open,89664.46366676311,10,0,0.0,0.00016592551764915697,0.03302323976531623,0.0,14.877622548641696,2961.011082096004
ff482565517f9685,2,6b7e1f5b521de19b,6f9a9c5f2856c8b3,Open,98.49392076768089,10,0,0.0,0.0005550185538595543,0.2959710091352461,0.0,0.054665953468435766,29.151345123297485
ff5c2ec079c25634,4,e366e0e543d0c5cd,d4f34f97b6d22a81,Open,1.170863568534039,10,0,0.0,0.0005806979810586199,0.30884033441543574,0.0,0.0006799181103428074,0.36160989606090305
ff7c20a8dc0ffb6e,5,6b7e1f5b521de19b,6f9a9c5f2856c8b3,Open,725756.3988294683,60,535,0.005998284788802266,0.004369028168730438,0.06350131686776875,4353.2935674747105,3170.8501501223095,46086.487050880816
ff8610d0faf4c0ac,0,6b7e1f5b521de19b,6f9a9c5f2856c8b3,Open,173794.39714130643,10,0,0.0,0.00022024555000825784,0.035175703279674043,0.0,38.27744258674063,6113.340145512426
ff956d8131f04213,5,6b7e1f5b521de19b,6f9a9c5f2856c8b3,Open,200.51354745541374,50,0,0.0011230711825191975,0.21029948592185974,0.9135073095560073,0.22519098685187072,42.167895950241935,183.17059126552581
ffbbe7216a6e404d,5,6b7e1f5b521de19b,6f9a9c5f2856c8b3,Open,1.170863568534039,5,0,0.0,0.00012098899351258297,0.0002779540343908593,0.0,0.0001416616046974846,0.0003254462525953145
ffbe81a3147fda1e,2,6b7e1f5b521de19b,6f9a9c5f2856c8b3,Open,1.170863568534039,10,0,0.0,0.00026693929030443544,0.06757796965539453,0.0,0.00031254949002779505,0.07912458270500024
ffd5f339eca0cc71,4,062b9e5a52eb6d8e,28c9c64e5918b06e,Open,636983.2059117419,1,54,0.0,0.00010746211592049804,0.0004089260764885694,0.0,68.45156311309809,260.4790431825991
fff12fecbd6e9afe,4,7b7c16a1b24ec3b8,28c9c64e5918b06e,Open,1.170863568534039,10,0,0.0,0.0008615066355559975,0.5121819257736206,0.0,0.001008706733622849,0.5996951573499377
