chance_id,business_unit,org_country,pricelist,final_status,final_amount,days_active,cluster,cluster_label,forecast_prob_won,pred_total_days,pred_days_remaining,expected_revenue,pipeline_at_risk
001e303a87a7e2be,ac2a5ee6878db2c2,6b7e1f5b521de19b,d4f34f97b6d22a81,Open,1831.3315201273049,1.1574074074074072e-05,1,C1: Active Pipeline,,31.371744,31.371732581809717,,
001e7a5151ff24c0,ac2a5ee6878db2c2,6b7e1f5b521de19b,d4f34f97b6d22a81,Open,15972.889957950816,0.1301273148148148,3,C3: Large Open,0.764,36.907505,36.77737772058558,12203.287927874424,3769.6020300763926
003ba2054d7d12e2,9387d1da6d5967e1,6b7e1f5b521de19b,,Open,5904.211328949516,1.1574074074074072e-05,3,C3: Large Open,,34.567772,34.56776033754702,,
003c407f17a994b6,6befd145c261113d,6b7e1f5b521de19b,6f9a9c5f2856c8b3,Open,1.170863568534039,197.2079976851852,1,C1: Active Pipeline,0.298,74.18489,0.0,0.34891734342314357,0.8219462251108953
00431ebe041c5df6,a66943a59bca7bfd,38080774be85927f,28c9c64e5918b06e,Open,1.170863568534039,1.1574074074074072e-05,1,C1: Active Pipeline,,320.00107,320.0010565411603,,
00498009cd467686,ac2a5ee6878db2c2,6b7e1f5b521de19b,6f9a9c5f2856c8b3,Open,4528.9743595906375,0.0003472222222222,0,C0: High-Win,,30.91856,30.91821280585395,,
004ddea55262ae2c,a66943a59bca7bfd,b4d1bda83fb7745f,28c9c64e5918b06e,Open,59820.40892365424,2.3148148148148147e-05,3,C3: Large Open,0.41,118.80732,118.80729649296514,24526.367658698236,35294.04126495601
0064bd4b26020ee8,9387d1da6d5967e1,6b7e1f5b521de19b,,Open,25102.753943361105,1.1574074074074072e-05,3,C3: Large Open,,96.18782,96.18780886049623,,
0070efc1485bb975,ac2a5ee6878db2c2,6b7e1f5b521de19b,6f9a9c5f2856c8b3,Open,48317.27233820542,290.2562037037037,3,C3: Large Open,0.182,249.70825,0.0,8793.743565553386,39523.52877265203
007595db7bd39f16,a66943a59bca7bfd,75c64824a2a4e380,28c9c64e5918b06e,Open,1317635.614295442,2.3148148148148147e-05,0,C0: High-Win,,84.39967,84.39965031376592,,
009f69464f862cc7,9387d1da6d5967e1,6b7e1f5b521de19b,d4f34f97b6d22a81,Open,76633.73658175819,2.3148148148148147e-05,3,C3: Large Open,,116.16278,116.1627576135706,,
00a32d492f662e26,6befd145c261113d,6b7e1f5b521de19b,d4f34f97b6d22a81,Open,8436.024219032613,5.787037037037037e-05,3,C3: Large Open,,30.192959,30.19290096141674,,
00a71a2e37b27bfd,9387d1da6d5967e1,6b7e1f5b521de19b,d4f34f97b6d22a81,Open,9548.177348327425,570.020625,2,C2: High-Win,0.456,62.271217,0.0,4353.968870837306,5194.20847749012
00c3cd238d17934c,6befd145c261113d,6b7e1f5b521de19b,,Open,1.170863568534039,1.1574074074074072e-05,1,C1: Active Pipeline,,340.65594,340.6559332501447,,
00e228ee65aea17e,6befd145c261113d,6b7e1f5b521de19b,6f9a9c5f2856c8b3,Open,98.49392076768088,13.001296296296296,1,C1: Active Pipeline,0.496,64.01425,51.01295541268808,48.85298470076972,49.64093606691116
00e65fc58d537ad8,6befd145c261113d,6b7e1f5b521de19b,d4f34f97b6d22a81,Open,2786.403823325963,0.0134722222222222,0,C0: High-Win,,91.69877,91.68529639350044,,
00ea9a17f341e152,9387d1da6d5967e1,6b7e1f5b521de19b,,Open,21273.147061594493,0.0,0,C0: High-Win,,32.96924,32.96923828125,,
00f1e37e810a271a,6befd145c261113d,6b7e1f5b521de19b,6f9a9c5f2856c8b3,Open,1.170863568534039,1.1574074074074072e-05,1,C1: Active Pipeline,,50.289085,50.28907381410952,,
00f2665ec46579df,a66943a59bca7bfd,c2397d14e54a98b9,28c9c64e5918b06e,Open,2556.49962952868,0.1706481481481481,1,C1: Active Pipeline,0.694,47.0904,46.919752547652635,1774.210742892904,782.2888866357762
00f8be2260929821,9387d1da6d5967e1,6b7e1f5b521de19b,,Open,10655.42584935046,1.1574074074074072e-05,0,C0: High-Win,,24.27421,24.274198402122217,,
010892986982669c,6befd145c261113d,6b7e1f5b521de19b,6f9a9c5f2856c8b3,Open,9721.332606136886,3.472222222222222e-05,0,C0: High-Win,,38.500668,38.50063284979926,,
010978d972a1937f,1cdd086394501fee,6b7e1f5b521de19b,6f9a9c5f2856c8b3,Open,426820.3246512218,2.3148148148148147e-05,3,C3: Large Open,,112.80824,112.80821964970342,,
010c6e0b9ae07253,9387d1da6d5967e1,6b7e1f5b521de19b,,Open,2.4198904513070483,1.1574074074074072e-05,1,C1: Active Pipeline,,373.66562,373.6656073224103,,
013825ce6d9ea318,1cdd086394501fee,6b7e1f5b521de19b,6f9a9c5f2856c8b3,Open,1.170863568534039,2.3148148148148147e-05,1,C1: Active Pipeline,,51.37666,51.3766362451624,,
0148e465addc6420,9387d1da6d5967e1,6b7e1f5b521de19b,,Open,4143.3804614791225,677.9965856481482,3,C3: Large Open,0.048,62.64116,0.0,198.8822621509979,3944.4981993281244
014df8fc397fef8d,9387d1da6d5967e1,6b7e1f5b521de19b,d4f34f97b6d22a81,Open,634.3345668274252,2.3148148148148147e-05,1,C1: Active Pipeline,,133.30098,133.30095646610965,,
0151caf751624411,ef9b14cf5a29c54a,6b7e1f5b521de19b,,Open,88724.25999587397,1.1574074074074072e-05,2,C2: High-Win,,18.936563,18.936551917747217,,
015ed8eacd574ff6,9387d1da6d5967e1,6b7e1f5b521de19b,,Open,2.4198904513070483,0.0,1,C1: Active Pipeline,,87.37741,87.37741088867188,,
017062c1d7d96fef,1cdd086394501fee,062b9e5a52eb6d8e,,Open,211886.93573359572,468.88546296296295,0,C0: High-Win,0.35,127.85147,0.0,74160.4275067585,137726.50822683724
018634d792cf9f2e,1cdd086394501fee,6b7e1f5b521de19b,d4f34f97b6d22a81,Open,2964.505440627761,34.96269675925926,3,C3: Large Open,0.622,69.704384,34.7416870908384,1843.9223840704672,1120.5830565572937
018c7eea8a1f3f67,1cdd086394501fee,6b7e1f5b521de19b,,Open,9136393.74559947,736.9084375,3,C3: Large Open,0.244,1370.7,633.791513671875,2229280.0739262705,6907113.671673199
019b79cf05783dd6,1cdd086394501fee,674ec33189ed753c,,Open,3163431.287434749,1216.8637152777778,3,C3: Large Open,0.198,1642.4707,425.6069878472222,626359.3949120803,2537071.892522669
01a1531aa45cd621,6befd145c261113d,6b7e1f5b521de19b,d4f34f97b6d22a81,Open,1.170863568534039,2.3148148148148147e-05,1,C1: Active Pipeline,,39.193108,39.193084456832324,,
01ad8b4e3734244d,ef9b14cf5a29c54a,6b7e1f5b521de19b,,Open,34210.72522011173,432.85027777777776,3,C3: Large Open,0.226,212.29097,0.0,7731.623899745251,26479.10132036648
01b50064c9ac61d4,6befd145c261113d,6b7e1f5b521de19b,6f9a9c5f2856c8b3,Open,1119646.8813839448,0.0039930555555555,3,C3: Large Open,0.494,62.162277,62.15828416612413,553105.5594036687,566541.321980276
01b66362be913fb5,1cdd086394501fee,6b7e1f5b521de19b,,Open,2496199.0774283707,2.953240740740741,3,C3: Large Open,0.54,226.45718,223.5039430971499,1347947.5018113202,1148251.5756170505
01d5306772786690,6befd145c261113d,6b7e1f5b521de19b,,Open,121130.27981900204,0.0,3,C3: Large Open,,284.86725,284.86724853515625,,
01e648f75557b90c,1cdd086394501fee,6b7e1f5b521de19b,6f9a9c5f2856c8b3,Open,1.170863568534039,1.1574074074074072e-05,1,C1: Active Pipeline,,64.18484,64.18482576723451,,
01ee9d1503620002,1cdd086394501fee,6b7e1f5b521de19b,6f9a9c5f2856c8b3,Open,362.5616353089613,1.1574074074074072e-05,1,C1: Active Pipeline,,19.164246,19.164234031394678,,
01f27197cd7e304c,6befd145c261113d,6b7e1f5b521de19b,6f9a9c5f2856c8b3,Open,1.170863568534039,1.1574074074074072e-05,1,C1: Active Pipeline,,49.587154,49.58714281435366,,
01f7b12471766591,1cdd086394501fee,6b7e1f5b521de19b,6f9a9c5f2856c8b3,Open,368869.1381210446,1.1574074074074072e-05,3,C3: Large Open,,233.13846,233.13844667787905,,
01fee37a4ba63472,6befd145c261113d,6b7e1f5b521de19b,,Open,25875.21886714959,336.15966435185186,3,C3: Large Open,0.258,181.39473,0.0,6675.806467724594,19199.412399424997
020544cf12d9a272,1cdd086394501fee,6b7e1f5b521de19b,6f9a9c5f2856c8b3,Open,822942.0430264678,1.2568402777777778,3,C3: Large Open,,68.015564,66.75872368706597,,
02062e7e2f8e9ef6,ac2a5ee6878db2c2,6b7e1f5b521de19b,d4f34f97b6d22a81,Open,1.170863568534039,63.97079861111112,1,C1: Active Pipeline,,58.866974,0.0,,
0221790856832d6f,6befd145c261113d,6b7e1f5b521de19b,6f9a9c5f2856c8b3,Open,98.49392076768088,31.782199074074075,1,C1: Active Pipeline,0.488,67.75608,35.973881553367335,48.06503333462827,50.42888743305261
022c1555f7383c21,6befd145c261113d,6b7e1f5b521de19b,d4f34f97b6d22a81,Open,584.9082808398963,58.78762731481481,0,C0: High-Win,0.556,29.610336,0.0,325.20900414698235,259.69927669291394
0239b597d1184004,1cdd086394501fee,6b7e1f5b521de19b,6f9a9c5f2856c8b3,Open,240892.17276956936,863.9901157407407,3,C3: Large Open,0.242,389.63965,0.0,58295.90581023578,182596.26695933356
024350fd0cda0a27,9387d1da6d5967e1,6b7e1f5b521de19b,,Open,2046.6148673782125,1.1574074074074072e-05,1,C1: Active Pipeline,,112.957016,112.95700441713686,,
0247b695f12ace0a,a66943a59bca7bfd,fd10c5543bdbcbc9,d4f34f97b6d22a81,Open,1.170863568534039,1.1574074074074072e-05,1,C1: Active Pipeline,,62.34826,62.348247398093896,,
025bdcf0cad7221f,ac2a5ee6878db2c2,6b7e1f5b521de19b,6f9a9c5f2856c8b3,Open,1.170863568534039,1.1574074074074072e-05,1,C1: Active Pipeline,,192.94394,192.9439276349103,,
02656a5f48cb6e7c,6befd145c261113d,6b7e1f5b521de19b,6f9a9c5f2856c8b3,Open,98.49392076768088,2.3148148148148147e-05,1,C1: Active Pipeline,,61.68679,61.68676731816045,,
02656d4b0f32298a,9387d1da6d5967e1,6b7e1f5b521de19b,,Open,5083.8994500666495,2.3148148148148147e-05,3,C3: Large Open,,206.99635,206.9963300012659,,
0271c24df2a4d339,ac2a5ee6878db2c2,6b7e1f5b521de19b,6f9a9c5f2856c8b3,Open,1196.2046564002223,46.94344907407408,0,C0: High-Win,,76.51073,29.567277854636856,,
0276686e3d1f6652,6befd145c261113d,6b7e1f5b521de19b,6f9a9c5f2856c8b3,Open,139296.57210737836,8.101851851851852e-05,3,C3: Large Open,,83.999985,83.99990372269242,,
02e9f09e00f64192,1cdd086394501fee,6b7e1f5b521de19b,6f9a9c5f2856c8b3,Open,26274.495673199377,143.18761574074074,3,C3: Large Open,,359.78036,216.59274924949364,,
02eb81b82109e78f,9387d1da6d5967e1,6b7e1f5b521de19b,,Open,29324.531411075328,0.0,3,C3: Large Open,,286.476,286.47601318359375,,
02eee8275282a416,9387d1da6d5967e1,6b7e1f5b521de19b,,Open,2.4198904513070483,0.0,1,C1: Active Pipeline,,182.18407,182.18406677246094,,
02f2ac7475cc6524,9387d1da6d5967e1,6b7e1f5b521de19b,,Open,6590.9859511915865,1.1574074074074072e-05,3,C3: Large Open,,37.45022,37.45020662660952,,
02ffdbf29ae16985,6befd145c261113d,6b7e1f5b521de19b,6f9a9c5f2856c8b3,Open,1.170863568534039,1.1574074074074072e-05,1,C1: Active Pipeline,,110.6687,110.66868959780092,,
0320249ad7e61803,a66943a59bca7bfd,75c64824a2a4e380,28c9c64e5918b06e,Open,32123.5031933916,0.062511574074074,3,C3: Large Open,,234.83347,234.7709540020978,,
0327fc52f3c40a25,ac2a5ee6878db2c2,6b7e1f5b521de19b,d4f34f97b6d22a81,Open,13707.11230296319,16.821770833333332,0,C0: High-Win,0.598,51.187267,34.365496470133465,8196.853157171989,5510.259145791203
032bdb741257e6a6,ac2a5ee6878db2c2,6b7e1f5b521de19b,d4f34f97b6d22a81,Open,4271.355885203606,2.3148148148148147e-05,3,C3: Large Open,,64.60416,64.60413334599248,,
036ab6cc1f62aff3,6befd145c261113d,6b7e1f5b521de19b,6f9a9c5f2856c8b3,Open,1969.696260680227,3.472222222222222e-05,0,C0: High-Win,,28.437906,28.437871543036568,,
0375f4dbcc121905,ac2a5ee6878db2c2,6b7e1f5b521de19b,6f9a9c5f2856c8b3,Open,300237.6949211697,333.70685185185187,3,C3: Large Open,0.384,391.6843,57.97744380244501,115291.27484972918,184946.42007144055
0379a682af30080e,ac2a5ee6878db2c2,6b7e1f5b521de19b,d4f34f97b6d22a81,Open,6091.577363923724,0.0064814814814814,2,C2: High-Win,,49.6475,49.64101760299118,,
037a3d5a21c266d7,1cdd086394501fee,6b7e1f5b521de19b,6f9a9c5f2856c8b3,Open,871978.111616442,1.1574074074074072e-05,3,C3: Large Open,0.614,110.58013,110.58011995668764,535394.5605324954,336583.5510839466
03884f17e5d0db68,ac2a5ee6878db2c2,6b7e1f5b521de19b,6f9a9c5f2856c8b3,Open,423339.2259578824,0.0003935185185185,3,C3: Large Open,0.466,514.1922,514.1918061885127,197276.0792963732,226063.14666150924
03a009d02272bfe3,6befd145c261113d,6b7e1f5b521de19b,d4f34f97b6d22a81,Open,484442.1588981625,0.0001041666666666,3,C3: Large Open,,60.382908,60.382803700764974,,
03bddecc9d08f381,9387d1da6d5967e1,6b7e1f5b521de19b,d4f34f97b6d22a81,Open,586011.7479713127,1241.9274074074074,3,C3: Large Open,0.388,320.6862,0.0,227372.55821286933,358639.1897584434
03c3c1cd7409f1f9,6befd145c261113d,6b7e1f5b521de19b,6f9a9c5f2856c8b3,Open,382412.1699915014,2.3148148148148147e-05,0,C0: High-Win,,64.857376,64.85735295048467,,
03cfd79221248841,9387d1da6d5967e1,6b7e1f5b521de19b,,Open,7462.80698704363,4.053148148148148,3,C3: Large Open,0.118,92.817604,88.76445591679325,880.6112244711484,6582.195762572482
03dd6dfefc04ac70,9387d1da6d5967e1,6b7e1f5b521de19b,,Open,1.170863568534039,0.0003356481481481,1,C1: Active Pipeline,,116.06058,116.06024174442997,,
03edf963b73890aa,a66943a59bca7bfd,6d74405afdbc85ba,28c9c64e5918b06e,Open,225612.24480950585,100.90296296296296,3,C3: Large Open,0.758,83.447266,0.0,171014.08156560545,54598.16324390042
0412df1b35c081f4,a66943a59bca7bfd,062b9e5a52eb6d8e,28c9c64e5918b06e,Open,42215.01463907364,387.6446180555556,3,C3: Large Open,0.186,33.444393,0.0,7851.992722867697,34363.021916205944
041948f4a103d6f9,6befd145c261113d,6b7e1f5b521de19b,,Open,631.5711510151842,0.0,1,C1: Active Pipeline,,31.030012,31.030012130737305,,
0428dcad09f0ba51,6befd145c261113d,6b7e1f5b521de19b,6f9a9c5f2856c8b3,Open,350226.3013874244,88.91922453703704,0,C0: High-Win,,260.47543,171.55620881257232,,
0433ebb507928e28,1cdd086394501fee,6b7e1f5b521de19b,6f9a9c5f2856c8b3,Open,11768.777709593114,2.7014930555555554,3,C3: Large Open,0.444,255.54996,252.84846421983508,5225.337303059343,6543.440406533772
043fd8f8d10d08c0,a66943a59bca7bfd,75c64824a2a4e380,28c9c64e5918b06e,Open,1.170863568534039,1.1574074074074072e-05,1,C1: Active Pipeline,,68.890495,68.89048372621889,,
044079ac77db8215,9387d1da6d5967e1,6b7e1f5b521de19b,,Open,11485.134609700684,0.0,0,C0: High-Win,,45.483177,45.483177185058594,,
044328c63b05b6b0,6befd145c261113d,6b7e1f5b521de19b,,Open,35845.270270304114,128.78136574074074,0,C0: High-Win,0.494,54.243973,0.0,17707.563513530233,18137.70675677388
044b0f0c2b5703bf,6befd145c261113d,6b7e1f5b521de19b,6f9a9c5f2856c8b3,Open,14328.370274130277,0.9344907407407408,0,C0: High-Win,0.791625,46.423687,45.48919624046043,11342.69611825838,2985.674155871896
0454cc9dfdb125f9,ac2a5ee6878db2c2,6b7e1f5b521de19b,,Open,346767.03813750326,0.0,0,C0: High-Win,,288.9165,288.91650390625,,
046ea1701cbba93f,6befd145c261113d,6b7e1f5b521de19b,6f9a9c5f2856c8b3,Open,1.170863568534039,0.0,1,C1: Active Pipeline,,71.85109,71.85108947753906,,
048247b97e8f70de,9387d1da6d5967e1,6b7e1f5b521de19b,d4f34f97b6d22a81,Open,1.170863568534039,1.1574074074074072e-05,1,C1: Active Pipeline,,73.751205,73.75119387026186,,
0492156d33f1006a,6befd145c261113d,6b7e1f5b521de19b,6f9a9c5f2856c8b3,Open,404830.0236023727,0.0412731481481481,3,C3: Large Open,,554.99243,554.9511584924769,,
049f851f322e218a,1cdd086394501fee,6b7e1f5b521de19b,6f9a9c5f2856c8b3,Open,98.49392076768088,0.1612037037037037,1,C1: Active Pipeline,0.456,92.28084,92.1196343089916,44.91322787006248,53.5806928976184
04abfd466d6ba111,ef9b14cf5a29c54a,6b7e1f5b521de19b,,Open,201842.3565406912,1.1574074074074072e-05,2,C2: High-Win,,112.78625,112.78623567934389,,
04baa2539420bbb7,ef9b14cf5a29c54a,6b7e1f5b521de19b,,Open,2151777.955566335,233.756875,3,C3: Large Open,0.29,170.26236,0.0,624015.6071142372,1527762.3484520977
04d0609713507ec7,6befd145c261113d,6b7e1f5b521de19b,6f9a9c5f2856c8b3,Open,1536619.758403263,1.1574074074074072e-05,0,C0: High-Win,,139.78052,139.78050600405092,,
04e2ef3dbe1e4fa4,a66943a59bca7bfd,255414ab73601d72,28c9c64e5918b06e,Open,49645.696104815484,474.1219097222222,3,C3: Large Open,0.08,68.77919,0.0,3971.655688385239,45674.040416430245
04e33ae8fef292a4,4928d3c96935fb3f,6b7e1f5b521de19b,,Open,5863.460546876247,99.07938657407408,3,C3: Large Open,0.24,62.19608,0.0,1407.230531250299,4456.230015625947
04e4067488b99383,6befd145c261113d,6b7e1f5b521de19b,,Open,1.170863568534039,397.288599537037,1,C1: Active Pipeline,,109.93148,0.0,,
04f698295229f879,ac2a5ee6878db2c2,6b7e1f5b521de19b,6f9a9c5f2856c8b3,Open,97838.09054714769,509.2409606481481,3,C3: Large Open,0.294,139.47525,0.0,28764.39862086142,69073.69192628626
04fe7ab59d736dba,6befd145c261113d,6b7e1f5b521de19b,6f9a9c5f2856c8b3,Open,268769.313465648,2.3148148148148147e-05,3,C3: Large Open,,249.53638,249.53635380497684,,
053059bf0910eaa8,9387d1da6d5967e1,6b7e1f5b521de19b,d4f34f97b6d22a81,Open,37323.751632094485,0.0055671296296296,3,C3: Large Open,,56.76362,56.75805133960865,,
0543007fabd4c7ac,9387d1da6d5967e1,6b7e1f5b521de19b,,Open,611336.7278744653,9.25925925925926e-05,3,C3: Large Open,,68.99441,68.994315061216,,
0551ce5de4e1f79b,ac2a5ee6878db2c2,6b7e1f5b521de19b,d4f34f97b6d22a81,Open,1.170863568534039,1.1574074074074072e-05,1,C1: Active Pipeline,,90.1769,90.17689119692201,,
055a01ae35d1a28e,ac2a5ee6878db2c2,6b7e1f5b521de19b,,Open,184324.9300538383,6.944444444444444e-05,0,C0: High-Win,,289.6121,289.6120216200087,,
055db1cc254c7137,a66943a59bca7bfd,7608f4f5fafe9b10,,Open,44609.03985997288,871.7811342592593,3,C3: Large Open,0.148,332.83243,0.0,6602.137899275986,38006.901960696894
0562c84dd7721a83,9387d1da6d5967e1,6b7e1f5b521de19b,d4f34f97b6d22a81,Open,11912.799727048252,180.97435185185185,3,C3: Large Open,0.272,99.022675,0.0,3240.2815257571247,8672.518201291126
057029df536002e3,ac2a5ee6878db2c2,6b7e1f5b521de19b,6f9a9c5f2856c8b3,Open,98.49392076768088,50.155590277777776,1,C1: Active Pipeline,0.42666666666666664,65.405624,15.250034111870661,42.02407286087717,56.46984790680371
0575b7c6729c446b,6befd145c261113d,6b7e1f5b521de19b,,Open,185782.2846614419,0.0,3,C3: Large Open,0.27,477.3339,477.3338928222656,50161.216858589316,135621.06780285257
0576d1b0bdea888c,9387d1da6d5967e1,6b7e1f5b521de19b,,Open,4270.878534760398,1.1574074074074072e-05,0,C0: High-Win,,51.435207,51.43519579286929,,
0596bc7e00415f54,ac2a5ee6878db2c2,6b7e1f5b521de19b,d4f34f97b6d22a81,Open,1.170863568534039,1.1574074074074072e-05,1,C1: Active Pipeline,,60.24067,60.24065767641421,,
059c0be58aec5029,a66943a59bca7bfd,7545e34e09ae9cad,28c9c64e5918b06e,Open,1.170863568534039,1.1574074074074072e-05,1,C1: Active Pipeline,,116.20189,116.20187746401186,,
05b934aeb51c43e5,6befd145c261113d,6b7e1f5b521de19b,,Open,1.170863568534039,2.3148148148148147e-05,1,C1: Active Pipeline,,58.955853,58.95582936039678,,
05b9ef5bb0a00487,6befd145c261113d,6b7e1f5b521de19b,6f9a9c5f2856c8b3,Open,1.170863568534039,0.0,1,C1: Active Pipeline,,56.712135,56.712135314941406,,
05d20a16c0f9b24d,6befd145c261113d,6b7e1f5b521de19b,6f9a9c5f2856c8b3,Open,6009.906030357736,226.89291666666668,3,C3: Large Open,0.128,44.552364,0.0,769.2679718857903,5240.638058471946
05e613787e70ac3e,a66943a59bca7bfd,fc3655a0b667e091,28c9c64e5918b06e,Open,307.1332733086347,180.96467592592592,1,C1: Active Pipeline,0.278,59.928947,0.0,85.38304997980046,221.75022332883427
05ff4e014164b243,4928d3c96935fb3f,6b7e1f5b521de19b,,Open,89664.46366676311,2.3148148148148147e-05,3,C3: Large Open,,30.567158,30.56713459721318,,
06142c408f89c7b1,6befd145c261113d,6b7e1f5b521de19b,6f9a9c5f2856c8b3,Open,48085.57018410644,91.25407407407408,3,C3: Large Open,0.316,84.672455,0.0,15195.040178177635,32890.5300059288
0618ea4f10b537b9,a66943a59bca7bfd,38080774be85927f,d4f34f97b6d22a81,Open,2126322.5522180246,2.3148148148148147e-05,3,C3: Large Open,,1316.2542,1316.254127242477,,
061a3f76d803f056,9387d1da6d5967e1,6b7e1f5b521de19b,d4f34f97b6d22a81,Open,1.170863568534039,3.472222222222222e-05,1,C1: Active Pipeline,,90.27874,90.278705206977,,
064b151e7c69c1d5,9387d1da6d5967e1,6b7e1f5b521de19b,,Open,1.170863568534039,0.0011921296296296,1,C1: Active Pipeline,0.2660243902439024,374.5322,374.5310039152922,0.31147826687806734,0.8593853016559717
064dad834f895d49,6befd145c261113d,6b7e1f5b521de19b,6f9a9c5f2856c8b3,Open,98.49392076768088,2.3148148148148147e-05,1,C1: Active Pipeline,,52.902107,52.902084090621386,,
067edfd8aecd43ce,1cdd086394501fee,6b7e1f5b521de19b,,Open,4271.355885203606,1.1574074074074072e-05,3,C3: Large Open,,40.216652,40.216640342429834,,
068def42c743e4e3,1cdd086394501fee,6b7e1f5b521de19b,6f9a9c5f2856c8b3,Open,1.170863568534039,1.1574074074074072e-05,1,C1: Active Pipeline,,78.80889,78.80887972231264,,
0690c5285e3178d4,9387d1da6d5967e1,6b7e1f5b521de19b,,Open,11485.134609700684,0.0008680555555555,3,C3: Large Open,,78.07819,78.07732560899522,,
0692f6d82a206a16,1cdd086394501fee,6b7e1f5b521de19b,,Open,89530.01680955871,173.31328703703704,3,C3: Large Open,0.334,119.52032,0.0,29903.025614392613,59626.9911951661
069b8a80bd8013ef,9387d1da6d5967e1,6b7e1f5b521de19b,,Open,29324.531411075328,107.66783564814814,3,C3: Large Open,0.546,59.94944,0.0,16011.19415044713,13313.337260628197
06a1027a7ec72a63,ac2a5ee6878db2c2,6b7e1f5b521de19b,d4f34f97b6d22a81,Open,33009230.704332188,0.0011458333333333,4,C4: Mid-Range,,1055.0085,1055.0073990885417,,
06bd6d4d5fa992e3,a66943a59bca7bfd,6828ce51082c111b,28c9c64e5918b06e,Open,1.170863568534039,1.1574074074074072e-05,1,C1: Active Pipeline,,53.9934,53.993388999656396,,
06cf05966c654289,6befd145c261113d,6b7e1f5b521de19b,,Open,25654.101903090123,0.0,3,C3: Large Open,,28.97464,28.974639892578125,,
06dfa6a6f8f0d0ce,6befd145c261113d,6b7e1f5b521de19b,6f9a9c5f2856c8b3,Open,5126.849721354915,3.472222222222222e-05,0,C0: High-Win,,40.541237,40.54120215521918,,
06f86606e794ba85,9387d1da6d5967e1,6b7e1f5b521de19b,,Open,41819.55434883915,2.3148148148148147e-05,3,C3: Large Open,,57.214714,57.214690902144824,,
070094c4902361d1,6befd145c261113d,6b7e1f5b521de19b,6f9a9c5f2856c8b3,Open,149258.9478504504,0.214375,3,C3: Large Open,0.404,80.55179,80.33741333007812,60300.61493158197,88958.33291886844
0722c063c973e0e5,6befd145c261113d,6b7e1f5b521de19b,6f9a9c5f2856c8b3,Open,1.170863568534039,2.3148148148148147e-05,1,C1: Active Pipeline,,37.325478,37.32545445194951,,
07264f9e5aa471ff,ac2a5ee6878db2c2,6b7e1f5b521de19b,6f9a9c5f2856c8b3,Open,1.170863568534039,1.1574074074074072e-05,1,C1: Active Pipeline,,50.59863,50.59861742372866,,
073ef51872542b69,ef9b14cf5a29c54a,6b7e1f5b521de19b,,Open,100296.84348946,120.9417824074074,2,C2: High-Win,,94.97568,0.0,,
075bc094265199eb,1cdd086394501fee,6b7e1f5b521de19b,,Open,1.170863568534039,1.1574074074074072e-05,1,C1: Active Pipeline,,74.41951,74.41949831362123,,
07786cfb7f4dcdf4,9387d1da6d5967e1,6b7e1f5b521de19b,,Open,2.4198904513070483,0.0,1,C1: Active Pipeline,,124.491844,124.4918441772461,,
077e958c818f9f1b,6befd145c261113d,6b7e1f5b521de19b,6f9a9c5f2856c8b3,Open,35845.270270304114,0.0,3,C3: Large Open,,69.302635,69.3026351928711,,
078dc0f4796ff688,ac2a5ee6878db2c2,6b7e1f5b521de19b,d4f34f97b6d22a81,Open,7869.581244316273,3.8003935185185194,0,C0: High-Win,0.772,22.901878,19.101484838415075,6075.316720612163,1794.2645237041102
0790fdbbfdebb460,6befd145c261113d,6b7e1f5b521de19b,6f9a9c5f2856c8b3,Open,346518.70857232093,0.0027777777777777,0,C0: High-Win,,68.91464,68.9118645562066,,
07a2dd78d977f460,a66943a59bca7bfd,d94a77dffd98d647,28c9c64e5918b06e,Open,1.170863568534039,0.0,1,C1: Active Pipeline,,241.45909,241.45909118652344,,
07b06b4d9df8efff,9387d1da6d5967e1,6b7e1f5b521de19b,,Open,6202.200918213573,1.1574074074074072e-05,3,C3: Large Open,,47.04264,47.042629111961084,,
07b4d50b18a0ce0f,1cdd086394501fee,4dcb7378104041b8,,Open,2940320.756356726,1.1574074074074072e-05,3,C3: Large Open,,942.2934,942.2933844220197,,
07df59f8a05e0f24,9387d1da6d5967e1,6b7e1f5b521de19b,,Open,6647.0030299813125,60.92365740740741,2,C2: High-Win,0.798,113.850174,52.9265165427879,5304.308417925087,1342.6946120562247
07eefefcee6c790a,a66943a59bca7bfd,bd661df59343798b,d4f34f97b6d22a81,Open,1.170863568534039,4.629629629629629e-05,1,C1: Active Pipeline,,72.372406,72.37235970956309,,
07f935fcc4b84499,9387d1da6d5967e1,6b7e1f5b521de19b,,Open,9648.963805727815,2.716203703703704,3,C3: Large Open,0.158,153.49815,150.78194998281973,1524.5362813049949,8124.42752442282
07fe10f6203bd5bc,1cdd086394501fee,c5340170d170e6cd,,Open,27685.304717477007,1.1574074074074072e-05,3,C3: Large Open,,96.079414,96.0794027936017,,
0803cd8bff44b6cc,a66943a59bca7bfd,e9943875f43f341e,28c9c64e5918b06e,Open,18196.923990996405,109.03787037037036,3,C3: Large Open,0.246,66.5621,0.0,4476.443301785116,13720.48068921129
081217b2cef84c9e,9387d1da6d5967e1,6b7e1f5b521de19b,,Open,2.4198904513070483,0.0,1,C1: Active Pipeline,,123.43284,123.4328384399414,,
081aa0259c9e34b1,9387d1da6d5967e1,6b7e1f5b521de19b,d4f34f97b6d22a81,Open,39105.036086486834,12.678506944444443,3,C3: Large Open,0.744,38.29673,25.618223097059463,29094.146848346205,10010.88923814063
082e6742351505fe,6befd145c261113d,6b7e1f5b521de19b,6f9a9c5f2856c8b3,Open,1.170863568534039,2.3148148148148147e-05,1,C1: Active Pipeline,,32.776188,32.77616474858037,,
083021bba86025e3,6befd145c261113d,6b7e1f5b521de19b,6f9a9c5f2856c8b3,Open,31.029374596165976,1.1574074074074072e-05,1,C1: Active Pipeline,,54.96723,54.96722017641421,,
0830391fbcdbad80,9387d1da6d5967e1,6b7e1f5b521de19b,,Open,89664.46366676311,1.1574074074074072e-05,3,C3: Large Open,,359.5905,359.5905035626447,,
086976cdd0f5db65,ac2a5ee6878db2c2,6b7e1f5b521de19b,6f9a9c5f2856c8b3,Open,56998.95707696564,0.0025810185185185,3,C3: Large Open,,259.16232,259.15974197952835,,
086c080b9a9f22d1,1cdd086394501fee,6b7e1f5b521de19b,6f9a9c5f2856c8b3,Open,1.170863568534039,3.472222222222222e-05,1,C1: Active Pipeline,,60.472263,60.472228613959416,,
0871e2344869c356,9387d1da6d5967e1,6b7e1f5b521de19b,,Open,89664.46366676311,0.065162037037037,3,C3: Large Open,0.394,66.0751,66.00994172272858,35327.79868470467,54336.66498205844
0872db900d50d054,6befd145c261113d,6b7e1f5b521de19b,6f9a9c5f2856c8b3,Open,35016.62746951248,3.472222222222222e-05,0,C0: High-Win,,53.441643,53.441608039008244,,
08755430fc92b1bf,9387d1da6d5967e1,6b7e1f5b521de19b,,Open,1.170863568534039,2.3148148148148147e-05,1,C1: Active Pipeline,,73.59533,73.59530613651982,,
087d9b717e0de01c,9387d1da6d5967e1,6b7e1f5b521de19b,,Open,21273.147061594493,2.3148148148148147e-05,3,C3: Large Open,,66.942535,66.94251225224248,,
088100c7405dac96,6befd145c261113d,6b7e1f5b521de19b,6f9a9c5f2856c8b3,Open,2481.008599933977,8.101851851851852e-05,1,C1: Active Pipeline,,27.778051,27.777970357824255,,
089fdbb7aecc435b,6befd145c261113d,6b7e1f5b521de19b,,Open,146879.65024670112,153.01569444444445,3,C3: Large Open,0.098,232.43105,79.41535108778211,14394.20572417671,132485.4445225244
08a8ab244c65eea5,9387d1da6d5967e1,6b7e1f5b521de19b,d4f34f97b6d22a81,Open,983829.6863193656,6.970104166666666,3,C3: Large Open,0.544,332.57367,325.6035652669271,535203.3493577349,448626.3369616307
08bdd7228ab21b91,a66943a59bca7bfd,fd10c5543bdbcbc9,d4f34f97b6d22a81,Open,217392.0348140509,118.3836574074074,0,C0: High-Win,0.508,76.70612,0.0,110435.15368553785,106956.88112851304
08d4bbea8c9e4101,6befd145c261113d,6b7e1f5b521de19b,6f9a9c5f2856c8b3,Open,1.0608520127326513,3.472222222222222e-05,1,C1: Active Pipeline,,52.158894,52.158858862982854,,
08de444e170190a5,9387d1da6d5967e1,6b7e1f5b521de19b,,Open,21273.147061594493,2.3148148148148147e-05,3,C3: Large Open,,70.82773,70.82770512333623,,
08f68b1c3b84d82b,6befd145c261113d,6b7e1f5b521de19b,6f9a9c5f2856c8b3,Open,6681.014348309619,125.0386574074074,3,C3: Large Open,0.4082,30.990252,0.0,2727.1900569799864,3953.8242913296326
090ba48997d16f61,9387d1da6d5967e1,6b7e1f5b521de19b,,Open,65064.44409714713,0.0,0,C0: High-Win,,227.1098,227.10980224609375,,
090e7d40ee891f4f,a66943a59bca7bfd,7545e34e09ae9cad,28c9c64e5918b06e,Open,1.170863568534039,0.0394907407407407,1,C1: Active Pipeline,,130.01584,129.97634788230613,,
0914f2da87d23fb5,6befd145c261113d,6b7e1f5b521de19b,6f9a9c5f2856c8b3,Open,98.49392076768088,70.86469907407407,1,C1: Active Pipeline,0.35,55.192787,0.0,34.472872268688306,64.02104849899257
091ea39b23b4c995,9387d1da6d5967e1,6b7e1f5b521de19b,d4f34f97b6d22a81,Open,19454.620778615663,1.1574074074074072e-05,3,C3: Large Open,,94.651695,94.65168367739076,,
09353be0e46d3c45,ef9b14cf5a29c54a,6b7e1f5b521de19b,,Open,3198866.786907041,34.99337962962963,3,C3: Large Open,0.392,49.256004,14.262624703866464,1253955.78046756,1944911.006439481
0936664d2919f61e,9387d1da6d5967e1,6b7e1f5b521de19b,,Open,61423.86349827489,1.1574074074074072e-05,0,C0: High-Win,,266.1432,266.14317690248845,,
0937195a7628061d,a66943a59bca7bfd,fd10c5543bdbcbc9,28c9c64e5918b06e,Open,1.170863568534039,1.1574074074074072e-05,1,C1: Active Pipeline,,53.567547,53.56753527040835,,
094335f2f21ce750,ef9b14cf5a29c54a,6b7e1f5b521de19b,,Open,97590.18948082578,0.0004976851851851,2,C2: High-Win,,159.73602,159.73552526403356,,
09558d43a0d44bef,6befd145c261113d,6b7e1f5b521de19b,6f9a9c5f2856c8b3,Open,263999.29512211593,80.7694212962963,3,C3: Large Open,0.212,106.54157,25.77215127450448,55967.85056588858,208031.44455622736
095a4208c1fb999c,6befd145c261113d,6b7e1f5b521de19b,6f9a9c5f2856c8b3,Open,1489522.8243351977,6.944444444444444e-05,3,C3: Large Open,,241.3525,241.35242384168836,,
0964a0f1c0373f70,1cdd086394501fee,6b7e1f5b521de19b,6f9a9c5f2856c8b3,Open,48124.406148692,14.050810185185185,3,C3: Large Open,,301.61383,287.56302038122107,,
0978ec63e8beae9e,9387d1da6d5967e1,6b7e1f5b521de19b,,Open,12875.383388087805,83.82078703703704,3,C3: Large Open,0.442,60.155243,0.0,5690.91945753481,7184.463930552995
098a7e009682c3ac,9387d1da6d5967e1,6b7e1f5b521de19b,,Open,1.170863568534039,1.1574074074074072e-05,1,C1: Active Pipeline,,94.29608,94.29606996889467,,
098d1bb6ab8d7c2c,9387d1da6d5967e1,6b7e1f5b521de19b,d4f34f97b6d22a81,Open,142544.88904851745,287.4677546296296,3,C3: Large Open,0.348,129.89339,0.0,49605.62138888407,92939.26765963338
09aa329044787e56,9387d1da6d5967e1,6b7e1f5b521de19b,,Open,2.4198904513070483,0.0,1,C1: Active Pipeline,,94.682755,94.68275451660156,,
09abae1f197e1b55,ef9b14cf5a29c54a,6b7e1f5b521de19b,,Open,257521.66226855287,1.1574074074074072e-05,0,C0: High-Win,,30.138227,30.138215888694482,,
09aee6a439dfd814,ac2a5ee6878db2c2,6b7e1f5b521de19b,6f9a9c5f2856c8b3,Open,1060.8669669680155,1.1574074074074072e-05,1,C1: Active Pipeline,,27.35675,27.356738914207178,,
09c799f56cfc7bde,9387d1da6d5967e1,6b7e1f5b521de19b,d4f34f97b6d22a81,Open,31803.627579699045,0.0252314814814814,3,C3: Large Open,0.792,96.69796,96.67272841842086,25188.473043121645,6615.1545365774
09caf91da0d779ae,9387d1da6d5967e1,6b7e1f5b521de19b,,Open,9648.963805727815,0.0,3,C3: Large Open,,51.242096,51.242095947265625,,
09e9c6c6eb4ff483,1cdd086394501fee,6b7e1f5b521de19b,6f9a9c5f2856c8b3,Open,98.49392076768088,2.3148148148148147e-05,1,C1: Active Pipeline,,60.17171,60.17168781986943,,
09f7d50caeeb166e,6befd145c261113d,6b7e1f5b521de19b,d4f34f97b6d22a81,Open,932.076578471861,4.629629629629629e-05,1,C1: Active Pipeline,,24.684677,24.68463082772714,,
09fb7bbf6d74ba1f,6befd145c261113d,6b7e1f5b521de19b,,Open,1.170863568534039,412.1171064814815,1,C1: Active Pipeline,,227.8447,0.0,,
0a0d69e9377b8e90,ef9b14cf5a29c54a,6b7e1f5b521de19b,,Open,1668.50010033425,1.1574074074074072e-05,2,C2: High-Win,,22.214796,22.214784492210107,,
0a14f4b34ed5cc6b,9387d1da6d5967e1,6b7e1f5b521de19b,,Open,89664.46366676311,0.0,3,C3: Large Open,,50.18112,50.181121826171875,,
0a1d9ba5f40cb758,9387d1da6d5967e1,6b7e1f5b521de19b,,Open,2.4198904513070483,0.0,1,C1: Active Pipeline,,80.52613,80.52613067626953,,
0a26ca73f823906a,ef9b14cf5a29c54a,6b7e1f5b521de19b,,Open,1.170863568534039,0.003912037037037,1,C1: Active Pipeline,,103.08008,103.07616608796296,,
0a37ff10e44780d9,ac2a5ee6878db2c2,6b7e1f5b521de19b,6f9a9c5f2856c8b3,Open,270.8514190052936,140.95503472222222,1,C1: Active Pipeline,0.662,53.666656,0.0,179.30363938150438,91.54777962378924
0a514e8e77feb051,6befd145c261113d,6b7e1f5b521de19b,6f9a9c5f2856c8b3,Open,16852.090274124945,219.8783449074074,3,C3: Large Open,0.512,121.04093,0.0,8628.270220351971,8223.820053772974
0a59d213cf8ac3a3,6befd145c261113d,6b7e1f5b521de19b,6f9a9c5f2856c8b3,Open,1.170863568534039,0.0,1,C1: Active Pipeline,,64.33406,64.33406066894531,,
0a6abfc56e3e8d30,1cdd086394501fee,6b7e1f5b521de19b,6f9a9c5f2856c8b3,Open,1.170863568534039,1.1574074074074072e-05,1,C1: Active Pipeline,,367.2275,367.2274969708478,,
0a7b65dccbda28aa,4928d3c96935fb3f,6b7e1f5b521de19b,,Open,5863.460546876247,0.0,3,C3: Large Open,,47.91228,47.91228103637695,,
0a838c6aa6385300,ac2a5ee6878db2c2,6b7e1f5b521de19b,d4f34f97b6d22a81,Open,28200.86685142718,174.60458333333332,3,C3: Large Open,0.316,79.481064,0.0,8911.47392505099,19289.39292637619
0a8b4d0749341c18,6befd145c261113d,6b7e1f5b521de19b,6f9a9c5f2856c8b3,Open,1.170863568534039,3.472222222222222e-05,1,C1: Active Pipeline,,53.97938,53.97934683905707,,
0a8ef8e13f6a1c0c,a66943a59bca7bfd,b4d1bda83fb7745f,28c9c64e5918b06e,Open,9986.87040404096,4.629629629629629e-05,3,C3: Large Open,,66.718445,66.71839852792246,,
0a91d8353e19910c,ef9b14cf5a29c54a,6b7e1f5b521de19b,,Open,60190.83490491557,2.3148148148148147e-05,2,C2: High-Win,,39.87441,39.87438557377568,,
0a93c4141fa262c3,ef9b14cf5a29c54a,6b7e1f5b521de19b,,Open,1.170863568534039,15.724212962962962,1,C1: Active Pipeline,,265.7726,250.04840056242767,,
0a94d0f9019cb7cf,9387d1da6d5967e1,6b7e1f5b521de19b,,Open,2.4198904513070483,0.004224537037037,1,C1: Active Pipeline,,173.24008,173.23585725007234,,
0aa3b4f9cf0100b5,1cdd086394501fee,6b7e1f5b521de19b,,Open,2606243.9231851483,1051.1025578703704,3,C3: Large Open,0.43,1134.7437,83.64109447337955,1120684.8869696138,1485559.0362155347
0aba4abb36dab6e3,6befd145c261113d,6b7e1f5b521de19b,6f9a9c5f2856c8b3,Open,519979.4007520677,0.0116435185185185,3,C3: Large Open,0.248,552.6653,552.6536396846064,128954.89138651278,391024.5093655549
0ac2091a47ed395e,6befd145c261113d,6b7e1f5b521de19b,,Open,59525.1588243696,0.0704282407407407,3,C3: Large Open,,55.224327,55.153898846661605,,
0ac5b295cd11d58d,1cdd086394501fee,674ec33189ed753c,,Open,9548.177348327425,1.1574074074074072e-05,0,C0: High-Win,,58.65053,58.650520194724756,,
0addabc93003ac4e,6befd145c261113d,6b7e1f5b521de19b,6f9a9c5f2856c8b3,Open,3517722.4306660444,76.9575462962963,3,C3: Large Open,0.358,57.27709,0.0,1259344.6301784439,2258377.8004876007
0aef246d9440b4ad,6befd145c261113d,6b7e1f5b521de19b,6f9a9c5f2856c8b3,Open,1.170863568534039,0.0,1,C1: Active Pipeline,,66.368614,66.36861419677734,,
0af4a6f86788139a,9387d1da6d5967e1,6b7e1f5b521de19b,6f9a9c5f2856c8b3,Open,11234.78067478462,4.629629629629629e-05,3,C3: Large Open,,28.095266,28.09522004586679,,
0af6df4f5f32eb82,1cdd086394501fee,6b7e1f5b521de19b,6f9a9c5f2856c8b3,Open,98.49392076768088,0.8528356481481482,1,C1: Active Pipeline,0.584,62.26115,61.40831471195927,57.52044972832563,40.973471039355246
0af6fc8db9044f3e,6befd145c261113d,6b7e1f5b521de19b,6f9a9c5f2856c8b3,Open,46039.18840007971,68.80633101851852,3,C3: Large Open,0.236,127.119316,58.3129850825557,10865.248462418811,35173.9399376609
0b135f157f81db08,6befd145c261113d,6b7e1f5b521de19b,,Open,260878.74252957356,1.1574074074074072e-05,3,C3: Large Open,,40.818806,40.818794120506006,,
0b1a0d835fab54c9,6befd145c261113d,6b7e1f5b521de19b,6f9a9c5f2856c8b3,Open,98.49392076768088,0.0,1,C1: Active Pipeline,0.466,68.00075,68.00074768066406,45.89816707773929,52.59575368994159
0b33c49e5b45d4d8,ac2a5ee6878db2c2,6b7e1f5b521de19b,,Open,1.170863568534039,1.1574074074074072e-05,1,C1: Active Pipeline,,58.734238,58.734226096824365,,
0b3ac903067ca4e5,ac2a5ee6878db2c2,6b7e1f5b521de19b,d4f34f97b6d22a81,Open,1.170863568534039,1.1574074074074072e-05,1,C1: Active Pipeline,,58.41725,58.41724001283999,,
0b3d2fb0fa12be77,9387d1da6d5967e1,6b7e1f5b521de19b,,Open,2.4198904513070483,168.34943287037038,1,C1: Active Pipeline,0.262,252.01703,83.66759593822337,0.6340112982424466,1.7858791530646017
0b44de6e566af3e3,6befd145c261113d,6b7e1f5b521de19b,6f9a9c5f2856c8b3,Open,98.49392076768088,29.105925925925927,1,C1: Active Pipeline,0.712,47.341694,18.2357679522479,70.12767158658878,28.366249181092094
0b6b2a178f65547d,ac2a5ee6878db2c2,6b7e1f5b521de19b,6f9a9c5f2856c8b3,Open,1.170863568534039,0.0,1,C1: Active Pipeline,,49.962753,49.96275329589844,,
0b774aeb0d7c9ed6,1cdd086394501fee,6b7e1f5b521de19b,6f9a9c5f2856c8b3,Open,286383.5653747958,3.472222222222222e-05,0,C0: High-Win,,42.442455,42.44242056952582,,
0b9300ed4cab3b46,1cdd086394501fee,532ef57d231b606f,,Open,63294.706476599706,115.1622800925926,3,C3: Large Open,0.5,160.56358,45.40130328143084,31647.353238299853,31647.353238299853
0b98ea6b9dcfaa1e,9387d1da6d5967e1,6b7e1f5b521de19b,,Open,25102.753943361105,1.1574074074074072e-05,3,C3: Large Open,,79.353294,79.35328279848451,,
0ba22fa95e837398,ac2a5ee6878db2c2,6b7e1f5b521de19b,d4f34f97b6d22a81,Open,81.43217479245789,0.0003587962962962,1,C1: Active Pipeline,,55.59886,55.59850289803964,,
0ba6fa89455351aa,a66943a59bca7bfd,e366e0e543d0c5cd,d4f34f97b6d22a81,Open,1.170863568534039,1.1574074074074072e-05,1,C1: Active Pipeline,,46.03352,46.033508170798974,,
0bb31f044be806dc,6befd145c261113d,6b7e1f5b521de19b,6f9a9c5f2856c8b3,Open,98.49392076768088,1.1574074074074072e-05,1,C1: Active Pipeline,0.568,66.76771,66.76769625063295,55.94454699604273,42.549373771638145
0bc95cf99a55d19f,ef9b14cf5a29c54a,6b7e1f5b521de19b,,Open,17910202.105633996,2.3148148148148147e-05,3,C3: Large Open,,94.355095,94.35507176151982,,
0bcda5e559f54098,6befd145c261113d,6b7e1f5b521de19b,,Open,1845240.0868962973,3.944386574074074,3,C3: Large Open,,910.7714,906.8270367657697,,
0beeb97262b48631,ac2a5ee6878db2c2,6b7e1f5b521de19b,d4f34f97b6d22a81,Open,1.170863568534039,0.0,1,C1: Active Pipeline,,79.26382,79.2638168334961,,
0c004a3917fbcc07,6befd145c261113d,6b7e1f5b521de19b,6f9a9c5f2856c8b3,Open,6677.608641046631,564.1705208333333,3,C3: Large Open,0.364,41.772076,0.0,2430.649545340974,4246.959095705658
0c11b01582e5005c,6befd145c261113d,6b7e1f5b521de19b,,Open,13372544.472792422,0.0,3,C3: Large Open,,188.89989,188.89988708496094,,
0c185d1b61c10972,9387d1da6d5967e1,6b7e1f5b521de19b,,Open,76057.68653515907,1.1574074074074072e-05,3,C3: Large Open,,299.02142,299.0214117657697,,
0c1dbf790f243001,a66943a59bca7bfd,b6bf95545ecbafbf,28c9c64e5918b06e,Open,96859.29234967507,165.71283564814814,0,C0: High-Win,0.406,137.01837,0.0,39324.872693968086,57534.41965570699
0c2d54de1eea2b50,6befd145c261113d,6b7e1f5b521de19b,6f9a9c5f2856c8b3,Open,321.69331825567855,2.3148148148148147e-05,1,C1: Active Pipeline,,22.774345,22.77432224980107,,
0c491849526be125,1cdd086394501fee,6b7e1f5b521de19b,,Open,73363.66700873936,1.1574074074074072e-05,3,C3: Large Open,0.482,74.139626,74.13961397524233,35361.28749821237,38002.37951052699
0c55a91cc177f914,6befd145c261113d,6b7e1f5b521de19b,6f9a9c5f2856c8b3,Open,63910.304787312656,2.3148148148148147e-05,0,C0: High-Win,,76.37859,76.37857029667607,,
0c58e521a395d3b8,6befd145c261113d,6b7e1f5b521de19b,6f9a9c5f2856c8b3,Open,1.170863568534039,0.0,1,C1: Active Pipeline,,58.955853,58.95585250854492,,
0c6f9f276646d510,9387d1da6d5967e1,6b7e1f5b521de19b,,Open,11264.189824104717,20.12733796296296,3,C3: Large Open,,72.60423,52.476894825122976,,
0c78a634d733b70c,6befd145c261113d,6b7e1f5b521de19b,6f9a9c5f2856c8b3,Open,2711.48861281579,1.1574074074074072e-05,0,C0: High-Win,,30.44292,30.44290911074038,,
0c78e872399f6a93,9387d1da6d5967e1,6b7e1f5b521de19b,,Open,89664.46366676311,1.1574074074074072e-05,3,C3: Large Open,,88.11892,88.11890779848451,,
0c79660af5e79281,ac2a5ee6878db2c2,6b7e1f5b521de19b,6f9a9c5f2856c8b3,Open,1.170863568534039,1.1574074074074072e-05,1,C1: Active Pipeline,,188.56331,188.56329714174623,,
0c952c476ce3e555,a66943a59bca7bfd,fd10c5543bdbcbc9,d4f34f97b6d22a81,Open,1.170863568534039,1.1574074074074072e-05,1,C1: Active Pipeline,,50.75629,50.75627886171694,,
0c96647e0ff66e39,6befd145c261113d,6b7e1f5b521de19b,6f9a9c5f2856c8b3,Open,36936.14343579192,160.8483912037037,3,C3: Large Open,0.2,123.71161,0.0,7387.228687158385,29548.91474863354
0c98641776b63219,6befd145c261113d,6b7e1f5b521de19b,d4f34f97b6d22a81,Open,1206.0482706228593,0.0001157407407407,0,C0: High-Win,,28.913671,28.913555752789534,,
0ce0c8dd1d2a9c8a,ef9b14cf5a29c54a,6b7e1f5b521de19b,,Open,1.170863568534039,1.1574074074074072e-05,1,C1: Active Pipeline,,46.577335,46.57732378359194,,
0cf114f0b06741b9,6befd145c261113d,6b7e1f5b521de19b,,Open,7369.351110629336,0.0,3,C3: Large Open,,62.03563,62.03562927246094,,
0cf5ef2a8a7361ca,6befd145c261113d,6b7e1f5b521de19b,6f9a9c5f2856c8b3,Open,1071929.859046037,369.95383101851854,3,C3: Large Open,0.28,47.368507,0.0,300140.3605328904,771789.4985131467
0cf6b61ec6cd678c,6befd145c261113d,6b7e1f5b521de19b,6f9a9c5f2856c8b3,Open,328.9972300501768,3.472222222222222e-05,0,C0: High-Win,,22.092474,22.092439261542427,,
0cff742224a330cd,9387d1da6d5967e1,6b7e1f5b521de19b,,Open,36077.87700023642,1.1574074074074072e-05,0,C0: High-Win,,45.703243,45.70323168154116,,
0d003354535ed46d,9387d1da6d5967e1,6b7e1f5b521de19b,,Open,2.4198904513070483,97.66340277777778,1,C1: Active Pipeline,0.29,167.60567,69.94226433648004,0.7017682308790439,1.7181222204280042
0d08f1595d4f776d,ac2a5ee6878db2c2,6b7e1f5b521de19b,6f9a9c5f2856c8b3,Open,1.170863568534039,3.6226736111111113,1,C1: Active Pipeline,,314.2034,310.580726047092,,
0d1686c1560ab3a4,6befd145c261113d,6b7e1f5b521de19b,cd39fc3b76d2fe33,Open,7490440.242261104,244.90523148148148,3,C3: Large Open,0.464,1497.1083,1252.203044885706,3475564.2724091527,4014875.969851952
0d2213e5c31fe345,6befd145c261113d,6b7e1f5b521de19b,6f9a9c5f2856c8b3,Open,1601794.3525755194,293.8106597222222,3,C3: Large Open,0.346,1278.3179,984.5072113715278,554220.8459911296,1047573.5065843897
0d26df31a0969949,6befd145c261113d,6b7e1f5b521de19b,6f9a9c5f2856c8b3,Open,11195771.770696174,626.194074074074,3,C3: Large Open,0.654,1526.9929,900.798845847801,7322034.738035298,3873737.032660876
0d2b728d7d8d57e0,a66943a59bca7bfd,38080774be85927f,28c9c64e5918b06e,Open,2961926.4376853653,241.07988425925927,3,C3: Large Open,0.454,144.88629,0.0,1344714.602709156,1617211.8349762096
0d30fac6cfd9e1c5,ac2a5ee6878db2c2,6b7e1f5b521de19b,6f9a9c5f2856c8b3,Open,1.170863568534039,0.042349537037037,1,C1: Active Pipeline,,45.181168,45.13881806550202,,
0d3960beb5bcec86,6befd145c261113d,6b7e1f5b521de19b,6f9a9c5f2856c8b3,Open,1.170863568534039,1.1574074074074072e-05,1,C1: Active Pipeline,,73.01861,73.01859651918764,,
0d6aabef0a45e244,a66943a59bca7bfd,cca8e68b78e095c5,28c9c64e5918b06e,Open,4953.675250906242,1.1574074074074072e-05,3,C3: Large Open,,32.517708,32.51769625063296,,
0d6babbe761ffca8,ac2a5ee6878db2c2,6b7e1f5b521de19b,d4f34f97b6d22a81,Open,60079.53247392403,17.264166666666668,0,C0: High-Win,0.702,72.34338,55.07921712239583,42175.83179669467,17903.700677229364
0d6cf3eccd0c0844,6befd145c261113d,6b7e1f5b521de19b,6f9a9c5f2856c8b3,Open,156311.85792661796,6.944444444444444e-05,3,C3: Large Open,,218.73381,218.73374098036024,,
0d6dc7421372158c,ac2a5ee6878db2c2,6b7e1f5b521de19b,6f9a9c5f2856c8b3,Open,1958.351700209153,0.0088888888888888,1,C1: Active Pipeline,,45.92961,45.9207223171658,,
0d7732f392c9587f,6befd145c261113d,6b7e1f5b521de19b,6f9a9c5f2856c8b3,Open,79648.81703313315,2.3148148148148147e-05,0,C0: High-Win,,39.15954,39.159515120894824,,
0d79da41c0cf1e6e,6befd145c261113d,6b7e1f5b521de19b,,Open,17619.443865595513,0.0,3,C3: Large Open,,28.843538,28.843538284301758,,
0d810a3d74f8a23f,4928d3c96935fb3f,6b7e1f5b521de19b,,Open,5083.8994500666495,1.1574074074074072e-05,3,C3: Large Open,,63.53393,63.53392015810366,,
0d8346fae530d478,a66943a59bca7bfd,bb25152d8e0211c1,28c9c64e5918b06e,Open,124081.61365347444,167.59400462962964,3,C3: Large Open,0.148,154.31187,0.0,18364.078820714218,105717.53483276023
0d88fb755a37eae9,6befd145c261113d,6b7e1f5b521de19b,6f9a9c5f2856c8b3,Open,61790.8482720016,3.472222222222222e-05,0,C0: High-Win,,36.666397,36.66636237250434,,
0d926b00ad05b1f7,6befd145c261113d,6b7e1f5b521de19b,,Open,89664.46366676311,1.1574074074074072e-05,3,C3: Large Open,,299.55603,299.55601869936345,,
0da291f421dadb7b,ac2a5ee6878db2c2,6b7e1f5b521de19b,6f9a9c5f2856c8b3,Open,63270.50661173364,6.760162037037037,0,C0: High-Win,0.782,55.391083,48.63092072663484,49477.53617037571,13792.970441357931
0dac9374668a1357,9387d1da6d5967e1,6b7e1f5b521de19b,,Open,16219.981898940578,154.10136574074073,3,C3: Large Open,0.316,73.4254,0.0,5125.514280065223,11094.467618875355
0db08e22e4bd4285,1cdd086394501fee,6b7e1f5b521de19b,,Open,5182695.33770518,1.1574074074074072e-05,3,C3: Large Open,,75.11174,75.11172853823061,,
0db8abe8cee02750,9387d1da6d5967e1,6b7e1f5b521de19b,,Open,2.4198904513070483,89.7708912037037,1,C1: Active Pipeline,0.146,125.97193,36.20104025381583,0.353304005890829,2.066586445416219
0dc75f3237075786,9387d1da6d5967e1,6b7e1f5b521de19b,d4f34f97b6d22a81,Open,21273.147061594493,0.0045833333333333,3,C3: Large Open,0.612,84.838196,84.83361246744792,13019.166001695829,8253.981059898664
0deb51c4cd6f278f,6befd145c261113d,6b7e1f5b521de19b,6f9a9c5f2856c8b3,Open,136370.24427687816,35.05255787037037,0,C0: High-Win,0.482,57.84204,22.78948314525463,65730.45774145528,70639.78653542289
0e049bbd3ae384ec,ef9b14cf5a29c54a,6b7e1f5b521de19b,,Open,262190.543180081,0.0117013888888888,3,C3: Large Open,,121.79445,121.78274746365017,,
0e08a0a25059a062,9387d1da6d5967e1,6b7e1f5b521de19b,,Open,5655.969519442425,1.1574074074074072e-05,3,C3: Large Open,,93.710945,93.71093355532045,,
0e1798e57a69faf1,6befd145c261113d,6b7e1f5b521de19b,6f9a9c5f2856c8b3,Open,1386388.4008613944,3.791493055555556,3,C3: Large Open,0.746,106.09018,102.29868638780381,1034245.7470426002,352142.6538187942
0e2f052a74de1c56,a66943a59bca7bfd,75c64824a2a4e380,28c9c64e5918b06e,Open,29324.531411075328,0.0063888888888888,0,C0: High-Win,,60.300446,60.29405666775174,,
0e3b8796fdb1f6ed,a66943a59bca7bfd,255414ab73601d72,,Open,1.170863568534039,1.1574074074074072e-05,1,C1: Active Pipeline,,109.38683,109.38682161684389,,
0e41091c78849957,a66943a59bca7bfd,38080774be85927f,d4f34f97b6d22a81,Open,2735562.6826096154,4.629629629629629e-05,3,C3: Large Open,,1346.3628,1346.3627466724538,,
0e41da2276efd8c2,6befd145c261113d,6b7e1f5b521de19b,d4f34f97b6d22a81,Open,1.170863568534039,2.3148148148148147e-05,1,C1: Active Pipeline,,51.351665,51.35164234867803,,
0e6900a5f5b04e0b,4928d3c96935fb3f,6b7e1f5b521de19b,,Open,12725.664477286176,0.0,2,C2: High-Win,,33.584576,33.58457565307617,,
0e6fba7a6a74bd6a,1cdd086394501fee,6b7e1f5b521de19b,6f9a9c5f2856c8b3,Open,1.170863568534039,1.1574074074074072e-05,1,C1: Active Pipeline,,50.15335,50.15333925600405,,
0e75987950f306e5,9387d1da6d5967e1,6b7e1f5b521de19b,d4f34f97b6d22a81,Open,9648.963805727815,0.0,3,C3: Large Open,,315.4449,315.44488525390625,,
0e796974bd0d9878,6befd145c261113d,6b7e1f5b521de19b,,Open,1845240.0868962973,1.1574074074074072e-05,3,C3: Large Open,,469.1512,469.1512030255353,,
0e7b8d159bf1ae66,6befd145c261113d,6b7e1f5b521de19b,6f9a9c5f2856c8b3,Open,581624.2695190914,2.3148148148148147e-05,0,C0: High-Win,,92.75022,92.75019810429326,,
0e7fba23daeadd3d,6befd145c261113d,6b7e1f5b521de19b,6f9a9c5f2856c8b3,Open,1.170863568534039,2.3148148148148147e-05,1,C1: Active Pipeline,,113.638054,113.63803074589482,,
0e8446eedb91479e,6befd145c261113d,6b7e1f5b521de19b,,Open,28573.483992041623,1.1574074074074072e-05,3,C3: Large Open,0.354,351.3601,351.36009584780095,10115.013333182735,18458.47065885889
0e8c62441c520994,6befd145c261113d,6b7e1f5b521de19b,6f9a9c5f2856c8b3,Open,1835.8687749276912,2.3148148148148147e-05,1,C1: Active Pipeline,,36.495228,36.49520466557256,,
0e8c99d096ef4492,ef9b14cf5a29c54a,6b7e1f5b521de19b,,Open,1.170863568534039,133.54672453703705,1,C1: Active Pipeline,0.332,145.35735,11.810621044017637,0.38872670475330096,0.7821368637807379
0e90245978335aae,9387d1da6d5967e1,6b7e1f5b521de19b,,Open,2.4198904513070483,1.1574074074074072e-05,1,C1: Active Pipeline,,312.0706,312.0705755841291,,
0e90efa2b115e7ab,6befd145c261113d,6b7e1f5b521de19b,d4f34f97b6d22a81,Open,501.2004610651016,5.787037037037037e-05,1,C1: Active Pipeline,,33.829735,33.829676931875724,,
0e922c39c2e75225,9387d1da6d5967e1,6b7e1f5b521de19b,,Open,19774.79549531557,43.12444444444444,3,C3: Large Open,0.332,67.881294,24.75684980604384,6565.23210444477,13209.5633908708
0e98e15b50dc5e52,6befd145c261113d,6b7e1f5b521de19b,6f9a9c5f2856c8b3,Open,61787.73606990534,368.0551967592593,3,C3: Large Open,0.138,208.88055,0.0,8526.707577646937,53261.0284922584
0e99dceb51a68d00,ac2a5ee6878db2c2,6b7e1f5b521de19b,,Open,1.170863568534039,0.0,1,C1: Active Pipeline,,86.726456,86.72645568847656,,
0ee4d901fb7eb71e,9387d1da6d5967e1,6b7e1f5b521de19b,d4f34f97b6d22a81,Open,36262.19132149581,99.7997800925926,3,C3: Large Open,0.396,108.605675,8.805894651059745,14359.827763312342,21902.363558183468
0ef5e2b9b99bb18a,ef9b14cf5a29c54a,6b7e1f5b521de19b,,Open,1.170863568534039,0.014224537037037,1,C1: Active Pipeline,,69.725655,69.71143006501374,,
0efc04d9192319df,6befd145c261113d,6b7e1f5b521de19b,6f9a9c5f2856c8b3,Open,1.170863568534039,1.1574074074074072e-05,1,C1: Active Pipeline,,58.44698,58.446967948631006,,
0efce3574dfa3f06,9387d1da6d5967e1,6b7e1f5b521de19b,,Open,36077.87700023642,0.0,0,C0: High-Win,,29.382463,29.382463455200195,,
0eff6d739d98488d,1cdd086394501fee,6b7e1f5b521de19b,,Open,7167801.987074186,264.9770833333333,3,C3: Large Open,0.554,981.6118,716.6347330729167,3970962.3008390996,3196839.6862350865
0f07b56d531f6bff,9387d1da6d5967e1,6b7e1f5b521de19b,d4f34f97b6d22a81,Open,1.170863568534039,0.0,1,C1: Active Pipeline,,72.662384,72.66238403320312,,
0f087c93c6012e53,6befd145c261113d,6b7e1f5b521de19b,6f9a9c5f2856c8b3,Open,98.49392076768088,0.0012037037037037,1,C1: Active Pipeline,0.57,72.73719,72.73598654287832,56.14153483757809,42.352385930102784
0f28282941d38e89,6befd145c261113d,6b7e1f5b521de19b,6f9a9c5f2856c8b3,Open,14993157.94869081,0.9878472222222222,4,C4: Mid-Range,,171.59235,170.60449896918402,,
0f3a53439280354f,ac2a5ee6878db2c2,6b7e1f5b521de19b,6f9a9c5f2856c8b3,Open,284526.34079538845,163.00565972222222,3,C3: Large Open,0.326,212.05858,49.05291876898872,92755.58709929664,191770.7536960918
0f3e2d536ae429ee,9387d1da6d5967e1,6b7e1f5b521de19b,,Open,9648.963805727815,1.1574074074074072e-05,3,C3: Large Open,,38.66857,38.668559898093896,,
0f726bd5b59063a4,ac2a5ee6878db2c2,6b7e1f5b521de19b,d4f34f97b6d22a81,Open,1.170863568534039,1.1574074074074072e-05,1,C1: Active Pipeline,,124.57213,124.57211672182436,,
0f849476de7a0051,9387d1da6d5967e1,6b7e1f5b521de19b,,Open,155239.08665771675,1.1574074074074072e-05,0,C0: High-Win,,390.1939,390.1938971173322,,
0f9013106c137519,6befd145c261113d,6b7e1f5b521de19b,d4f34f97b6d22a81,Open,10295.115245609364,183.09716435185183,3,C3: Large Open,0.226,125.93919,0.0,2326.6960455077165,7968.419200101648
0f9343aae388d8ee,1cdd086394501fee,6b7e1f5b521de19b,6f9a9c5f2856c8b3,Open,1.170863568534039,0.0,1,C1: Active Pipeline,,52.143078,52.1430778503418,,
0fafd29c2a1a88b3,9387d1da6d5967e1,6b7e1f5b521de19b,,Open,5083.8994500666495,1.1574074074074072e-05,0,C0: High-Win,,28.755663,28.755651344016748,,
0fbbb54bad15037a,9387d1da6d5967e1,6b7e1f5b521de19b,,Open,35845.270270304114,1.1574074074074072e-05,3,C3: Large Open,,93.69303,93.69301973696108,,
10151ca882eb261b,9387d1da6d5967e1,6b7e1f5b521de19b,,Open,121130.27981900204,54.94430555555556,3,C3: Large Open,0.224,102.34425,47.399947984483504,27133.18267945646,93997.09713954559
1016dc4d75485a8d,9387d1da6d5967e1,6b7e1f5b521de19b,d4f34f97b6d22a81,Open,6981.346099385708,0.0206134259259259,0,C0: High-Win,0.706,122.60714,122.58652616147641,4928.83034616631,2052.5157532193984
101d6d7268dd2d79,ef9b14cf5a29c54a,6b7e1f5b521de19b,,Open,89310.3867280836,1.1574074074074072e-05,2,C2: High-Win,,18.936563,18.936551917747217,,
101ef019311df748,6befd145c261113d,6b7e1f5b521de19b,,Open,110376.06659127772,336.15435185185186,3,C3: Large Open,0.15,350.90417,14.749822952835643,16556.409988691656,93819.65660258605
103cd337d48f658a,9387d1da6d5967e1,6b7e1f5b521de19b,,Open,94622.54669754872,1.1574074074074072e-05,3,C3: Large Open,0.752,172.75948,172.75946413393373,71156.15511655663,23466.391580992084
103fcc46817a026b,6befd145c261113d,6b7e1f5b521de19b,,Open,181833.88467912175,1.1574074074074072e-05,3,C3: Large Open,,35.883827,35.883815635398584,,
10450823f45ce0c2,ef9b14cf5a29c54a,6b7e1f5b521de19b,,Open,767.4627551854461,1.1574074074074072e-05,2,C2: High-Win,,15.417297,15.417285789207176,,
1050db80843e3c3e,4928d3c96935fb3f,6b7e1f5b521de19b,,Open,9648.963805727815,0.0,3,C3: Large Open,,266.55975,266.55975341796875,,
10578cc5c4126a65,6befd145c261113d,6b7e1f5b521de19b,6f9a9c5f2856c8b3,Open,1124332.9123435305,866.7370486111112,3,C3: Large Open,0.258,244.81366,0.0,290077.8913846309,834255.0209588996
106ce48dca59f9da,ac2a5ee6878db2c2,6b7e1f5b521de19b,6f9a9c5f2856c8b3,Open,27747.371557826624,69.77402777777777,3,C3: Large Open,0.22,63.154892,0.0,6104.421742721857,21642.949815104766
107c8845ace7eb6c,6befd145c261113d,6b7e1f5b521de19b,,Open,28033.352531405413,0.0,3,C3: Large Open,,32.07851,32.07851028442383,,
108307cdb635631a,9387d1da6d5967e1,6b7e1f5b521de19b,,Open,1.170863568534039,1.1574074074074072e-05,1,C1: Active Pipeline,,109.39971,109.39970003481264,,
108ad49d7a5ebe38,6befd145c261113d,6b7e1f5b521de19b,,Open,870350.122287474,244.82398148148147,3,C3: Large Open,0.352,625.2496,380.42559127242475,306363.2430451908,563986.8792422832
10922bb338678fe8,9387d1da6d5967e1,6b7e1f5b521de19b,d4f34f97b6d22a81,Open,1.170863568534039,4.629629629629629e-05,1,C1: Active Pipeline,,92.62991,92.62986703378184,,
10b69efe040fe8f2,4928d3c96935fb3f,6ab36d9b02cbcf6b,6f9a9c5f2856c8b3,Open,6987.781758561951,33.09225694444444,2,C2: High-Win,0.768,46.536575,13.444318372938369,5366.616390575578,1621.1653679863725
10c348992f55334a,1cdd086394501fee,062b9e5a52eb6d8e,,Open,8290.869253090716,1.1574074074074072e-05,0,C0: High-Win,,64.41762,64.41760622377748,,
10e9d7c9e1c2b25c,4928d3c96935fb3f,6b7e1f5b521de19b,,Open,9648.963805727815,0.0,3,C3: Large Open,,88.19308,88.19307708740234,,
10eabb31b1db1fd3,6befd145c261113d,6b7e1f5b521de19b,6f9a9c5f2856c8b3,Open,124276.27032109271,5.787037037037037e-05,0,C0: High-Win,,53.586964,53.586905783194084,,
1106c41e63532431,6befd145c261113d,6b7e1f5b521de19b,6f9a9c5f2856c8b3,Open,22827.20679931028,600.9369675925926,3,C3: Large Open,0.096,33.07023,0.0,2191.411852733787,20635.794946576494
1108c5dd73bcfe89,6befd145c261113d,6b7e1f5b521de19b,6f9a9c5f2856c8b3,Open,1.170863568534039,1.1574074074074072e-05,1,C1: Active Pipeline,,56.3178,56.31778704042788,,
1139d4064c9ce257,a66943a59bca7bfd,062b9e5a52eb6d8e,28c9c64e5918b06e,Open,253685.65573120333,63.65578703703704,3,C3: Large Open,0.62,79.67417,16.01838441071687,157285.10655334606,96400.54917785726
113f5982ba9ea9ed,ac2a5ee6878db2c2,6b7e1f5b521de19b,6f9a9c5f2856c8b3,Open,66841.55433599779,0.0086111111111111,3,C3: Large Open,0.556,181.69685,181.6882425265842,37163.90421081478,29677.650125183016
116a78654cb907f9,6befd145c261113d,6b7e1f5b521de19b,,Open,2496199.0774283707,1162.1083101851852,3,C3: Large Open,0.248,769.1948,0.0,619057.3712022359,1877141.7062261347
117fa4024d9fac79,9387d1da6d5967e1,6b7e1f5b521de19b,,Open,9648.963805727815,1.1574074074074072e-05,3,C3: Large Open,,81.14555,81.14554201479311,,
1197c6aea349f19c,ac2a5ee6878db2c2,6b7e1f5b521de19b,d4f34f97b6d22a81,Open,1.170863568534039,1.1574074074074072e-05,1,C1: Active Pipeline,,56.033752,56.03374086733218,,
11a6f87be0eb6ed3,6befd145c261113d,6b7e1f5b521de19b,6f9a9c5f2856c8b3,Open,98.49392076768088,0.0018402777777777,1,C1: Active Pipeline,,55.192787,55.190946892632375,,
11ac0e80cabfbc8b,9387d1da6d5967e1,6b7e1f5b521de19b,,Open,110510.57900984008,1.1574074074074072e-05,3,C3: Large Open,,105.34512,105.34511171694155,,
11bc597977eda3d4,a66943a59bca7bfd,cca8e68b78e095c5,28c9c64e5918b06e,Open,1.170863568534039,1.1574074074074072e-05,1,C1: Active Pipeline,,63.910404,63.91039263124819,,
11cbf7b56e17ecac,6befd145c261113d,6b7e1f5b521de19b,6f9a9c5f2856c8b3,Open,115143.71679776888,2.3148148148148147e-05,0,C0: High-Win,0.62,51.287857,51.28783390751592,71389.10441461671,43754.612383152176
11de6602f0412cd5,ac2a5ee6878db2c2,6b7e1f5b521de19b,6f9a9c5f2856c8b3,Open,202912.73584305227,230.0237731481481,3,C3: Large Open,0.766,67.36823,0.0,155431.15565577804,47481.58018727423
11df7eb5197f3ba1,6befd145c261113d,6b7e1f5b521de19b,6f9a9c5f2856c8b3,Open,5658.7759425677,2.3148148148148147e-05,3,C3: Large Open,,34.780754,34.780730941207324,,
11e1708bab9c7e99,ef9b14cf5a29c54a,6b7e1f5b521de19b,,Open,1940496.0813235685,31.866041666666668,3,C3: Large Open,0.562,292.33176,260.4657149251302,1090558.7977038457,849937.2836197229
11e34e4bacb1b090,ac2a5ee6878db2c2,6b7e1f5b521de19b,,Open,1.170863568534039,406.8581365740741,1,C1: Active Pipeline,0.058,120.47697,0.0,0.06791008697497426,1.1029534815590647
11f01ca824afef6d,9387d1da6d5967e1,6b7e1f5b521de19b,,Open,5083.8994500666495,0.0001041666666666,3,C3: Large Open,,35.053368,35.05326344807943,,
11f2a2766721dfe0,6befd145c261113d,6b7e1f5b521de19b,6f9a9c5f2856c8b3,Open,1.170863568534039,2.3148148148148147e-05,1,C1: Active Pipeline,,54.812992,54.81296894779912,,
120182d690e415fc,9387d1da6d5967e1,6b7e1f5b521de19b,d4f34f97b6d22a81,Open,4315.129959735757,47.7500462962963,3,C3: Large Open,0.3,113.37685,65.62680001718027,1294.538987920727,3020.59097181503
1201d83608e153c1,9387d1da6d5967e1,6b7e1f5b521de19b,,Open,2.4198904513070483,335.81320601851854,1,C1: Active Pipeline,0.068,95.459854,0.0,0.1645525506888793,2.255337900618169
1203d5d88130b121,6befd145c261113d,6b7e1f5b521de19b,6f9a9c5f2856c8b3,Open,1.170863568534039,1.1574074074074072e-05,1,C1: Active Pipeline,,56.3178,56.31778704042788,,
1211709a050c6042,ac2a5ee6878db2c2,6b7e1f5b521de19b,6f9a9c5f2856c8b3,Open,343567.22002999386,232.1442361111111,3,C3: Large Open,0.098,395.92224,163.7780050998264,33669.5875629394,309897.6324670545
121a15e439117865,ac2a5ee6878db2c2,6b7e1f5b521de19b,6f9a9c5f2856c8b3,Open,1193881.5426775909,55.23041666666666,3,C3: Large Open,0.214,428.97678,373.7463594563802,255490.65013300444,938390.8925445864
122601fbbd690171,1cdd086394501fee,6b7e1f5b521de19b,,Open,9648.963805727815,0.0410069444444444,3,C3: Large Open,0.23,253.51677,253.47576246473525,2219.2616753173975,7429.702130410418
1238411a209d206d,a66943a59bca7bfd,6b7e1f5b521de19b,d4f34f97b6d22a81,Open,1.170863568534039,0.0,4,C4: Mid-Range,,53.417057,53.417057037353516,,
123c568171e0c479,6befd145c261113d,6b7e1f5b521de19b,6f9a9c5f2856c8b3,Open,5240.784640408875,78.54071759259259,3,C3: Large Open,0.49,72.31859,0.0,2567.9844738003485,2672.8001666085265
124d2b404948d212,6befd145c261113d,6b7e1f5b521de19b,d4f34f97b6d22a81,Open,4208.334281155841,3.472222222222222e-05,0,C0: High-Win,,26.785269,26.785234061347115,,
124d9c123aa03e60,4928d3c96935fb3f,6b7e1f5b521de19b,6f9a9c5f2856c8b3,Open,1.170863568534039,2.3148148148148147e-05,1,C1: Active Pipeline,,67.00149,67.00146458378545,,
1258abf21df41b17,ef9b14cf5a29c54a,6b7e1f5b521de19b,,Open,1.170863568534039,89.8181712962963,1,C1: Active Pipeline,0.274,147.7709,57.952733244719326,0.3208166177783267,0.8500469507557122
125d50720a95fcb4,a66943a59bca7bfd,bb25152d8e0211c1,28c9c64e5918b06e,Open,3645.48929048324,1.1574074074074072e-05,0,C0: High-Win,0.734,31.33026,31.330247749046045,2675.789139214698,969.7001512685418
1264af01fdf6ce64,a66943a59bca7bfd,506023b3e03cfab3,28c9c64e5918b06e,Open,1.170863568534039,0.0,1,C1: Active Pipeline,,50.45905,50.459049224853516,,
1278cee883c8f384,6befd145c261113d,6b7e1f5b521de19b,6f9a9c5f2856c8b3,Open,387.213790880707,1.1574074074074072e-05,1,C1: Active Pipeline,,22.575068,22.57505594606753,,
127acf95d126e57f,6befd145c261113d,6b7e1f5b521de19b,6f9a9c5f2856c8b3,Open,1.170863568534039,311.12409722222225,1,C1: Active Pipeline,,385.62375,74.49965155707463,,
129658e6b30f700b,6befd145c261113d,6b7e1f5b521de19b,6f9a9c5f2856c8b3,Open,569.928738792806,1.1574074074074072e-05,1,C1: Active Pipeline,0.63,30.570066,30.570054877952295,359.0551054394678,210.87363335333822
129afdce6dd399d3,1cdd086394501fee,6b7e1f5b521de19b,6f9a9c5f2856c8b3,Open,1.170863568534039,1.1574074074074072e-05,1,C1: Active Pipeline,,61.76167,61.761657584861474,,
12a31caa0a1f3d9d,9387d1da6d5967e1,6b7e1f5b521de19b,,Open,2.4198904513070483,1.1574074074074072e-05,1,C1: Active Pipeline,,73.593925,73.59391390200014,,
12af0bcfd500287b,4928d3c96935fb3f,6b7e1f5b521de19b,6f9a9c5f2856c8b3,Open,243027.69040833772,159.91641203703705,3,C3: Large Open,0.07,400.1101,240.19369538483795,17011.93832858364,226015.75207975405
12b0c437be73f9df,9387d1da6d5967e1,255414ab73601d72,d4f34f97b6d22a81,Open,11276.83878630661,267.78640046296294,3,C3: Large Open,0.088,191.17305,0.0,992.3618131949816,10284.476973111628
12b0da525743ed1f,a66943a59bca7bfd,38080774be85927f,28c9c64e5918b06e,Open,1.170863568534039,1.1574074074074072e-05,1,C1: Active Pipeline,,63.152996,63.15298448915835,,
12b37fe37738de1e,9387d1da6d5967e1,6b7e1f5b521de19b,,Open,5459750.127724096,282.1460879629629,3,C3: Large Open,0.504,909.6668,627.5207211190684,2751714.0643729446,2708036.0633511515
12ba6e88cf5af53d,6befd145c261113d,6b7e1f5b521de19b,6f9a9c5f2856c8b3,Open,98.49392076768088,37.80892361111111,1,C1: Active Pipeline,0.678,50.868435,13.059511294894747,66.77887828048763,31.715042487193237
12dbad4b10b8c8cb,6befd145c261113d,6b7e1f5b521de19b,6f9a9c5f2856c8b3,Open,71754.25768015352,2.3148148148148147e-05,0,C0: High-Win,,58.727406,58.72738239994756,,
12e8bbe790c05399,9387d1da6d5967e1,6b7e1f5b521de19b,,Open,2.4198904513070483,1.1574074074074072e-05,1,C1: Active Pipeline,,102.83182,102.83180605287905,,
12f30556e6b7ed9a,9387d1da6d5967e1,6b7e1f5b521de19b,d4f34f97b6d22a81,Open,924905.793761616,133.12689814814814,3,C3: Large Open,0.084,145.74371,12.616815230758107,77692.08667597575,847213.7070856403
131f7f18fe49f269,6befd145c261113d,6b7e1f5b521de19b,6f9a9c5f2856c8b3,Open,1.170863568534039,0.0014930555555555,1,C1: Active Pipeline,,50.33865,50.3371566942003,,
13271c0d2e7cec91,a66943a59bca7bfd,7545e34e09ae9cad,28c9c64e5918b06e,Open,1.170863568534039,1.1574074074074072e-05,1,C1: Active Pipeline,,116.20189,116.20187746401186,,
134972adcd8afce7,9387d1da6d5967e1,6b7e1f5b521de19b,d4f34f97b6d22a81,Open,27629.63681469765,291.0570138888889,2,C2: High-Win,0.578,198.07793,0.0,15969.93007889524,11659.706735802409
13579b708996fc8f,6befd145c261113d,6b7e1f5b521de19b,6f9a9c5f2856c8b3,Open,98.49392076768088,46.773032407407406,1,C1: Active Pipeline,,46.18754,0.0,,
138301d77451d870,4928d3c96935fb3f,6b7e1f5b521de19b,,Open,441258.0860756521,19.795405092592592,3,C3: Large Open,,340.36887,320.5734608742043,,
13834e8b1664c5ab,ac2a5ee6878db2c2,6b7e1f5b521de19b,d4f34f97b6d22a81,Open,1.170863568534039,2.3148148148148147e-05,1,C1: Active Pipeline,,71.727715,71.72769139042607,,
138ec4107b5dd465,6befd145c261113d,6b7e1f5b521de19b,6f9a9c5f2856c8b3,Open,1642.7931776275775,0.0340625,0,C0: High-Win,,49.36539,49.33132827758789,,
139288c6dc4d1fbf,9387d1da6d5967e1,6b7e1f5b521de19b,,Open,5655.969519442425,0.0,0,C0: High-Win,,33.150654,33.15065383911133,,
13b1f6cfaae564ab,9387d1da6d5967e1,6b7e1f5b521de19b,,Open,368869.1381210446,0.0002546296296296,3,C3: Large Open,0.094,402.48074,402.4804887785735,34673.69898337819,334195.4391376664
13b63e5789e64a9c,6befd145c261113d,6b7e1f5b521de19b,6f9a9c5f2856c8b3,Open,2489.780729147692,78.13663194444445,0,C0: High-Win,0.522,44.528767,0.0,1299.6655406150953,1190.1151885325967
13bd136028e9c1da,ac2a5ee6878db2c2,6b7e1f5b521de19b,6f9a9c5f2856c8b3,Open,48637.90301070944,1.1574074074074072e-05,3,C3: Large Open,,304.7983,304.7982977520978,,
13c9160ce6b7825c,6befd145c261113d,6b7e1f5b521de19b,,Open,25102.753943361105,116.2979050925926,3,C3: Large Open,0.194,72.548096,0.0,4869.934265012054,20232.819678349053
13d442314074b99a,4928d3c96935fb3f,6ab36d9b02cbcf6b,,Open,5956.363132024651,1213.8219791666668,3,C3: Large Open,0.368,227.74672,0.0,2191.9416325850716,3764.4214994395797
13e52bc55f96a007,9387d1da6d5967e1,6b7e1f5b521de19b,d4f34f97b6d22a81,Open,1.170863568534039,1154.130821759259,3,C3: Large Open,,265.79517,0.0,,
13e9f5b12ca52255,a66943a59bca7bfd,255414ab73601d72,28c9c64e5918b06e,Open,3303.290441942712,0.0010648148148148,0,C0: High-Win,,55.069286,55.06822153162073,,
142046eb87149ead,6befd145c261113d,6b7e1f5b521de19b,6f9a9c5f2856c8b3,Open,1417057.76710956,2.3148148148148147e-05,0,C0: High-Win,,89.363045,89.36302159062139,,
1423f9f97fa0afcd,ac2a5ee6878db2c2,6b7e1f5b521de19b,6f9a9c5f2856c8b3,Open,566176.1388676785,3.472222222222222e-05,3,C3: Large Open,,354.7065,354.70647772894966,,
142f3313f62da80b,4928d3c96935fb3f,6b7e1f5b521de19b,6f9a9c5f2856c8b3,Open,1.170863568534039,1.1574074074074072e-05,1,C1: Active Pipeline,,54.289593,54.28958116884585,,
143e129b4760b3a8,6befd145c261113d,6b7e1f5b521de19b,6f9a9c5f2856c8b3,Open,4507.698396942976,2.3148148148148147e-05,0,C0: High-Win,,27.87858,27.87855694523564,,
14474b19a5a52f4f,6befd145c261113d,6b7e1f5b521de19b,6f9a9c5f2856c8b3,Open,11264.189824104717,0.0025578703703703,0,C0: High-Win,,55.422337,55.41977870799877,,
14474ddc1588db0a,1cdd086394501fee,6b7e1f5b521de19b,,Open,1.170863568534039,0.0,1,C1: Active Pipeline,,57.640198,57.64019775390625,,
144d8665a6858777,6befd145c261113d,6b7e1f5b521de19b,d4f34f97b6d22a81,Open,84.08580196246166,9.25925925925926e-05,1,C1: Active Pipeline,,27.552315,27.552222165708187,,
1480d60ec30fcd63,9387d1da6d5967e1,6b7e1f5b521de19b,,Open,147782.212188992,1.1574074074074072e-05,0,C0: High-Win,,88.92497,88.92496096010561,,
1492c2b5dba50263,6befd145c261113d,6b7e1f5b521de19b,d4f34f97b6d22a81,Open,84.08580196246166,2.3148148148148147e-05,1,C1: Active Pipeline,,51.847206,51.84718296757451,,
14ba903faf250dcb,6befd145c261113d,6b7e1f5b521de19b,6f9a9c5f2856c8b3,Open,6985.219151138627,0.0029513888888888,0,C0: High-Win,,43.844902,43.84195064968533,,
14bb81f4357c711c,1cdd086394501fee,6b7e1f5b521de19b,6f9a9c5f2856c8b3,Open,415.3892283045608,2.3148148148148147e-05,1,C1: Active Pipeline,,22.929453,22.929429747970016,,
14ce529bf9942d9c,1cdd086394501fee,6b7e1f5b521de19b,,Open,7827.2958077009425,36.86461805555555,3,C3: Large Open,0.66,70.4948,33.630178697374134,5166.015233082622,2661.2805746183203
14da828d1ac58e26,1cdd086394501fee,6b7e1f5b521de19b,6f9a9c5f2856c8b3,Open,1.170863568534039,3.472222222222222e-05,1,C1: Active Pipeline,,60.23136,60.23132666693793,,
14fad93f3d71e568,1cdd086394501fee,6b7e1f5b521de19b,6f9a9c5f2856c8b3,Open,24904.1986989538,156.04041666666666,3,C3: Large Open,0.506,129.63907,0.0,12601.524541670624,12302.674157283178
14fc7c16ba9e0d4a,9387d1da6d5967e1,6b7e1f5b521de19b,d4f34f97b6d22a81,Open,18753.01608974225,1.6969097222222222,0,C0: High-Win,0.69,65.64518,63.94827002631293,12939.581101922151,5813.434987820098
14fcb8fc22d891f0,6befd145c261113d,6b7e1f5b521de19b,6f9a9c5f2856c8b3,Open,89664.46366676311,0.0,3,C3: Large Open,,120.51564,120.51564025878906,,
1513848815063a6f,6befd145c261113d,6b7e1f5b521de19b,6f9a9c5f2856c8b3,Open,1.170863568534039,0.0,1,C1: Active Pipeline,,66.21158,66.21157836914062,,
151de09098e11cbb,6befd145c261113d,6b7e1f5b521de19b,6f9a9c5f2856c8b3,Open,1.170863568534039,0.0,1,C1: Active Pipeline,,63.78129,63.781288146972656,,
1527c0b24d0730d4,a66943a59bca7bfd,062b9e5a52eb6d8e,28c9c64e5918b06e,Open,1.170863568534039,1.1574074074074072e-05,1,C1: Active Pipeline,,84.50417,84.50416170473451,,
152dd1b4298cff1d,4928d3c96935fb3f,6b7e1f5b521de19b,d4f34f97b6d22a81,Open,1.170863568534039,1.1574074074074072e-05,1,C1: Active Pipeline,,63.181156,63.18114458437319,,
1538bfc64f6c6a8d,1cdd086394501fee,674ec33189ed753c,,Open,3344801.141842233,0.0,3,C3: Large Open,,1157.0775,1157.0775146484375,,
154ca2f424f6e3d5,ac2a5ee6878db2c2,6b7e1f5b521de19b,d4f34f97b6d22a81,Open,4286.748556449417,56.03464120370371,3,C3: Large Open,,132.97296,76.93832022207755,,
1556aa59187db158,1cdd086394501fee,6b7e1f5b521de19b,6f9a9c5f2856c8b3,Open,34.049530754318994,0.0011805555555555,1,C1: Active Pipeline,,54.108078,54.10689744737413,,
15616b1bd97eb8ae,1cdd086394501fee,6b7e1f5b521de19b,6f9a9c5f2856c8b3,Open,98.49392076768088,3.106631944444445,1,C1: Active Pipeline,0.54,69.5837,66.4770701429579,53.18671721454768,45.3072035531332
1567973af7c03c29,6befd145c261113d,6b7e1f5b521de19b,6f9a9c5f2856c8b3,Open,1.170863568534039,0.0,1,C1: Active Pipeline,,50.184185,50.18418502807617,,
156f3055419465f4,a66943a59bca7bfd,6b7e1f5b521de19b,28c9c64e5918b06e,Open,2250063.3066378105,1.1574074074074072e-05,4,C4: Mid-Range,,1209.7389,1209.7388800274884,,
157024f1e3127767,6befd145c261113d,6b7e1f5b521de19b,6f9a9c5f2856c8b3,Open,75086.53269896151,0.6632754629629629,3,C3: Large Open,0.246,450.64124,449.9779598885995,18471.287043944532,56615.24565501698
1570dbedb633ae4f,1cdd086394501fee,6b7e1f5b521de19b,6f9a9c5f2856c8b3,Open,1.170863568534039,2.3148148148148147e-05,1,C1: Active Pipeline,,54.740406,54.74038288822881,,
157776bc628aaaee,6befd145c261113d,6b7e1f5b521de19b,,Open,35845.270270304114,502.12269675925927,3,C3: Large Open,0.056,67.08768,0.0,2007.3351351370304,33837.935135167085
157905900defd1f1,ac2a5ee6878db2c2,6b7e1f5b521de19b,d4f34f97b6d22a81,Open,3228.770236528937,2.3148148148148147e-05,1,C1: Active Pipeline,,26.916485,26.916461684615523,,
157d055cb658162e,ac2a5ee6878db2c2,6b7e1f5b521de19b,d4f34f97b6d22a81,Open,422246.0096223643,1.1574074074074072e-05,0,C0: High-Win,,135.66948,135.6694677960431,,
15b5d599d054db72,ac2a5ee6878db2c2,6b7e1f5b521de19b,6f9a9c5f2856c8b3,Open,1589202.6235374336,0.0003703703703703,0,C0: High-Win,,867.05664,867.0562702546297,,
15c3e13a39f8c1e2,6befd145c261113d,6b7e1f5b521de19b,,Open,1348.7192102922918,0.0,2,C2: High-Win,,28.050303,28.050302505493164,,
15ccada5a1bc0d53,1cdd086394501fee,6b7e1f5b521de19b,6f9a9c5f2856c8b3,Open,4386.532748246311,114.04974537037036,3,C3: Large Open,0.39,51.08018,0.0,1710.7477718160612,2675.7849764302496
15e129ac3c09a430,a66943a59bca7bfd,75c64824a2a4e380,28c9c64e5918b06e,Open,1.170863568534039,2.3148148148148147e-05,1,C1: Active Pipeline,,57.113533,57.113509871871386,,
15f0703d53cba9ae,9387d1da6d5967e1,6b7e1f5b521de19b,,Open,3955.474242581648,1.1574074074074072e-05,3,C3: Large Open,,38.70303,38.70301805849429,,
15f66e6cb3621b1f,6befd145c261113d,6b7e1f5b521de19b,6f9a9c5f2856c8b3,Open,443371.2065453849,2.3148148148148147e-05,3,C3: Large Open,,83.37201,83.3719861291956,,
15fe7be4913db0cb,4928d3c96935fb3f,6b7e1f5b521de19b,,Open,55579.12272625689,1.1574074074074072e-05,3,C3: Large Open,,57.766163,57.76615129824038,,
160e73680df9a11a,9387d1da6d5967e1,6b7e1f5b521de19b,,Open,1.170863568534039,1.1574074074074072e-05,1,C1: Active Pipeline,,67.813034,67.81302248354311,,
161ebc79d8733c71,ac2a5ee6878db2c2,6b7e1f5b521de19b,6f9a9c5f2856c8b3,Open,98.49392076768088,1.1574074074074072e-05,1,C1: Active Pipeline,,51.480343,51.48033129091616,,
163f78d59be3ccac,1cdd086394501fee,6b7e1f5b521de19b,6f9a9c5f2856c8b3,Open,25234.81584804484,0.0024884259259259,3,C3: Large Open,,80.0166,80.01411313657407,,
16510bf0e59406eb,a66943a59bca7bfd,7545e34e09ae9cad,28c9c64e5918b06e,Open,1683989.4910996791,0.1871180555555555,3,C3: Large Open,,132.94664,132.7595219590929,,
1668c07c47f1ef6c,1cdd086394501fee,6b7e1f5b521de19b,6f9a9c5f2856c8b3,Open,4854.049577612525,154.0950462962963,3,C3: Large Open,0.53,65.25532,0.0,2572.6462761346384,2281.403301477887
166eea86a7a259b8,ac2a5ee6878db2c2,6b7e1f5b521de19b,,Open,6091.577363923724,16.874097222222222,3,C3: Large Open,,91.01705,74.14295447455513,,
16777e490ae2f597,1cdd086394501fee,6b7e1f5b521de19b,6f9a9c5f2856c8b3,Open,1.170863568534039,1.1574074074074072e-05,1,C1: Active Pipeline,,61.373558,61.37354647035952,,
167c112fda99c4ee,6befd145c261113d,6b7e1f5b521de19b,6f9a9c5f2856c8b3,Open,98.49392076768088,2.3148148148148147e-05,1,C1: Active Pipeline,,61.490616,61.49059269657842,,
167f92ecba6e46a1,9387d1da6d5967e1,6b7e1f5b521de19b,,Open,35845.270270304114,14.213912037037035,3,C3: Large Open,,47.454834,33.24092194733797,,
16872422fc1968b1,9387d1da6d5967e1,6b7e1f5b521de19b,,Open,35845.270270304114,0.0,3,C3: Large Open,,87.95768,87.95767974853516,,
168a64fccf1f651d,9387d1da6d5967e1,6b7e1f5b521de19b,d4f34f97b6d22a81,Open,175.77960801338187,2.3148148148148147e-05,1,C1: Active Pipeline,,24.98629,24.986266829879195,,
16a86e0e907a7b35,1cdd086394501fee,6b7e1f5b521de19b,6f9a9c5f2856c8b3,Open,1096985.07637616,49.15502314814815,3,C3: Large Open,0.363,399.77655,350.6215271448206,398205.582724546,698779.4936516138
16aa074a6ab9478e,ac2a5ee6878db2c2,6b7e1f5b521de19b,d4f34f97b6d22a81,Open,1.170863568534039,0.0,1,C1: Active Pipeline,,68.426094,68.42609405517578,,
16b1e197828eb854,1cdd086394501fee,6b7e1f5b521de19b,6f9a9c5f2856c8b3,Open,1.170863568534039,1.1574074074074072e-05,1,C1: Active Pipeline,,63.945244,63.945232261375146,,
16b8899766e7515c,9387d1da6d5967e1,6b7e1f5b521de19b,6f9a9c5f2856c8b3,Open,6852.59644268992,2.3148148148148147e-05,3,C3: Large Open,,29.447617,29.44759342900029,,
16c088faabaf9e1d,6befd145c261113d,6b7e1f5b521de19b,6f9a9c5f2856c8b3,Open,98.49392076768088,57.13759259259259,1,C1: Active Pipeline,0.323,67.75298,10.615390500669129,31.813536407960925,66.68038435971995
16c2d01fd9ed8724,1cdd086394501fee,6b7e1f5b521de19b,6f9a9c5f2856c8b3,Open,50730.3503602112,0.0,3,C3: Large Open,,345.90024,345.9002380371094,,
16c9ebd0640f23c0,9387d1da6d5967e1,6b7e1f5b521de19b,,Open,35845.270270304114,0.0,3,C3: Large Open,,61.19933,61.1993293762207,,
16d1cd1b3dc4c997,6befd145c261113d,6b7e1f5b521de19b,6f9a9c5f2856c8b3,Open,591340.4281124335,0.5950231481481482,0,C0: High-Win,,85.0994,84.50438023319951,,
16d35556fc667b31,1cdd086394501fee,6b7e1f5b521de19b,,Open,23400.261791934005,0.0,3,C3: Large Open,,185.51866,185.51866149902344,,
16dc28a35be4619e,a66943a59bca7bfd,062b9e5a52eb6d8e,28c9c64e5918b06e,Open,1.170863568534039,1.1574074074074072e-05,1,C1: Active Pipeline,,71.46381,71.4638022076642,,
16e8139bdfd441dc,1cdd086394501fee,6b7e1f5b521de19b,6f9a9c5f2856c8b3,Open,1041.7986257683767,2.3148148148148147e-05,1,C1: Active Pipeline,,42.616333,42.616309859664355,,
16ebbd2f200bbd38,6befd145c261113d,6b7e1f5b521de19b,6f9a9c5f2856c8b3,Open,98.49392076768088,21.920601851851853,1,C1: Active Pipeline,0.646,49.807068,27.886466019241897,63.62707281592185,34.86684795175903
16f4f113e6763881,4928d3c96935fb3f,6b7e1f5b521de19b,6f9a9c5f2856c8b3,Open,243027.69040833772,159.93230324074074,3,C3: Large Open,0.246,256.8345,96.90219993308739,59784.811840451075,183242.87856788663
16fbb3852374e837,6befd145c261113d,6b7e1f5b521de19b,,Open,1.170863568534039,2.3148148148148147e-05,1,C1: Active Pipeline,,76.24737,76.24734471073857,,
1711bcdaa39f25e9,a66943a59bca7bfd,d94a77dffd98d647,28c9c64e5918b06e,Open,51689.05721294546,950.0177546296296,3,C3: Large Open,0.1,123.71945,0.0,5168.905721294546,46520.15149165091
17287abc9ca0b71a,9387d1da6d5967e1,6b7e1f5b521de19b,,Open,4284.39609012459,1.1574074074074072e-05,0,C0: High-Win,,38.64727,38.647258628562646,,
17337d22dec0b6ed,9387d1da6d5967e1,6b7e1f5b521de19b,,Open,159208.65214788017,0.0,3,C3: Large Open,,86.34428,86.34427642822266,,
1733a87cbacbd8a9,6befd145c261113d,6b7e1f5b521de19b,6f9a9c5f2856c8b3,Open,11618.05368446915,0.0006134259259259,0,C0: High-Win,,33.811615,33.81100156430845,,
174c2d394d5e6bd1,9387d1da6d5967e1,6b7e1f5b521de19b,,Open,1.170863568534039,1.1574074074074072e-05,1,C1: Active Pipeline,,115.56682,115.56680666323061,,
1754b4cc1c126479,6befd145c261113d,6b7e1f5b521de19b,,Open,4866.2439698906965,1.1574074074074072e-05,3,C3: Large Open,,172.03156,172.03154360170717,,
1764db3f9078dd5c,a66943a59bca7bfd,062b9e5a52eb6d8e,28c9c64e5918b06e,Open,1.170863568534039,0.0,1,C1: Active Pipeline,,59.587296,59.58729553222656,,
17670bd84642869e,9387d1da6d5967e1,6b7e1f5b521de19b,,Open,25504.58668475133,0.0,0,C0: High-Win,,60.439484,60.439483642578125,,
178513829e0fb935,ac2a5ee6878db2c2,6b7e1f5b521de19b,6f9a9c5f2856c8b3,Open,1.170863568534039,1.1574074074074072e-05,1,C1: Active Pipeline,,258.26276,258.2627447735822,,
178fce3b440af16b,ac2a5ee6878db2c2,6b7e1f5b521de19b,d4f34f97b6d22a81,Open,221126.1138556556,229.0580787037037,4,C4: Mid-Range,,351.30936,122.25127798574943,,
1798f77ef685a500,9387d1da6d5967e1,6b7e1f5b521de19b,,Open,9648.963805727815,0.0,3,C3: Large Open,,81.14555,81.14555358886719,,
179e7b97c645701a,1cdd086394501fee,6b7e1f5b521de19b,6f9a9c5f2856c8b3,Open,1096681.541053269,0.0014351851851851,3,C3: Large Open,,241.36562,241.36418065954138,,
179ebdfb1156fc19,ac2a5ee6878db2c2,6b7e1f5b521de19b,d4f34f97b6d22a81,Open,1.170863568534039,1.1574074074074072e-05,1,C1: Active Pipeline,,54.51329,54.513278831199365,,
17a42c3cc72abe3d,1cdd086394501fee,062b9e5a52eb6d8e,,Open,182915.9162055796,468.8784953703704,3,C3: Large Open,0.358,132.16887,0.0,65483.89800159749,117432.0182039821
17b0b6f704c78118,6befd145c261113d,6b7e1f5b521de19b,6f9a9c5f2856c8b3,Open,98.49392076768088,1.1574074074074072e-05,1,C1: Active Pipeline,,55.867912,55.867900718406396,,
17b1e22b82d9ea97,1cdd086394501fee,6b7e1f5b521de19b,,Open,2521022.25580936,0.0065856481481481,0,C0: High-Win,0.534,807.971,807.9644226526331,1346225.8846021984,1174796.3712071618
17dd8e8814539d3e,ac2a5ee6878db2c2,6b7e1f5b521de19b,,Open,11264.189824104717,0.0,3,C3: Large Open,,60.91506,60.91505813598633,,
17ddb4d99b389754,6befd145c261113d,6b7e1f5b521de19b,6f9a9c5f2856c8b3,Open,654.7986671275198,2.3148148148148147e-05,1,C1: Active Pipeline,,45.377625,45.377601363570605,,
17df2819050fed9b,6befd145c261113d,6b7e1f5b521de19b,6f9a9c5f2856c8b3,Open,2253.17713452334,1.1574074074074072e-05,1,C1: Active Pipeline,0.546,41.274628,41.2746161114728,1230.2347154497438,1022.9424190735963
17fa530ebdb32f3a,6befd145c261113d,6b7e1f5b521de19b,6f9a9c5f2856c8b3,Open,760753.8886393537,1.1574074074074072e-05,3,C3: Large Open,0.54,126.88496,126.8849447857892,410807.099865251,349946.7887741027
17ffb7ece2a20b6c,ac2a5ee6878db2c2,6b7e1f5b521de19b,d4f34f97b6d22a81,Open,27174.269379384637,0.9177546296296296,3,C3: Large Open,,30.094536,29.176781198007088,,
1800daf5ec0be4b4,9387d1da6d5967e1,6b7e1f5b521de19b,,Open,3391.863497755878,639.7884606481482,3,C3: Large Open,0.054,47.353092,0.0,183.16062887881742,3208.7028688770606
1803db8d1ec02979,6befd145c261113d,6b7e1f5b521de19b,6f9a9c5f2856c8b3,Open,1.170863568534039,1.1574074074074072e-05,1,C1: Active Pipeline,,76.859314,76.85930239076967,,
1819cfe9b6b789b1,ac2a5ee6878db2c2,6b7e1f5b521de19b,6f9a9c5f2856c8b3,Open,1.170863568534039,1.1574074074074072e-05,1,C1: Active Pipeline,,52.24239,52.242378104881006,,
181d7243db152d4c,9387d1da6d5967e1,6b7e1f5b521de19b,,Open,25102.753943361105,1.1574074074074072e-05,3,C3: Large Open,,64.2956,64.2955893170392,,
18229f0a60a6595e,6befd145c261113d,6b7e1f5b521de19b,6f9a9c5f2856c8b3,Open,9721.332606136886,0.0,0,C0: High-Win,,38.84171,38.84170913696289,,
182c912b00e66c8a,9387d1da6d5967e1,6b7e1f5b521de19b,,Open,89664.46366676311,32.858842592592595,3,C3: Large Open,0.234,93.64225,60.78340746844256,20981.484498022568,68682.97916874055
1839b0f19b582a1f,9387d1da6d5967e1,6b7e1f5b521de19b,,Open,54608.54408792734,0.0064699074074074,3,C3: Large Open,,54.239124,54.232654390688296,,
1843874439d2fb87,6befd145c261113d,6b7e1f5b521de19b,6f9a9c5f2856c8b3,Open,322.2944477338592,0.0011805555555555,1,C1: Active Pipeline,,25.75706,25.755878541734482,,
18445036bdbdb79c,ac2a5ee6878db2c2,6b7e1f5b521de19b,6f9a9c5f2856c8b3,Open,112219.56174148557,3.472222222222222e-05,3,C3: Large Open,,310.8744,310.8743549262153,,
186e8d004d5383e4,6befd145c261113d,6b7e1f5b521de19b,6f9a9c5f2856c8b3,Open,314958.705108167,221.2020486111111,3,C3: Large Open,0.302,239.73466,18.532616305881078,95117.52894266644,219841.17616550057
18702d0f3c9fa383,9387d1da6d5967e1,6b7e1f5b521de19b,d4f34f97b6d22a81,Open,589746.0012516237,21.05020833333333,3,C3: Large Open,0.084,337.4014,316.3511893717448,49538.6641051364,540207.3371464873
18732553412483a4,6befd145c261113d,6b7e1f5b521de19b,6f9a9c5f2856c8b3,Open,25092.536550421097,0.0046759259259259,0,C0: High-Win,,52.923084,52.91840833310728,,
187ba45583d87db0,9387d1da6d5967e1,6b7e1f5b521de19b,,Open,9648.963805727815,1.1574074074074072e-05,3,C3: Large Open,0.21,299.82657,299.8265570294416,2026.2823992028411,7622.681406524975
188f08708a58f6d5,1cdd086394501fee,6b7e1f5b521de19b,6f9a9c5f2856c8b3,Open,969.709300742182,92.0796412037037,1,C1: Active Pipeline,0.496,43.668896,0.0,480.9758131681223,488.7334875740597
18ae872cb24efbdf,ac2a5ee6878db2c2,6b7e1f5b521de19b,6f9a9c5f2856c8b3,Open,1.170863568534039,1.1574074074074072e-05,1,C1: Active Pipeline,,64.607574,64.60756288881655,,
18bd00025a0e45ac,6befd145c261113d,6b7e1f5b521de19b,6f9a9c5f2856c8b3,Open,64.10035007555453,0.0001157407407407,0,C0: High-Win,,26.50959,26.509474408185042,,
18e5549c8597caef,9387d1da6d5967e1,6b7e1f5b521de19b,,Open,5655.969519442425,0.0,0,C0: High-Win,,37.009727,37.009727478027344,,
18ec0d3fcbc525b2,9387d1da6d5967e1,6b7e1f5b521de19b,,Open,183127.89167287,1.1574074074074072e-05,3,C3: Large Open,,54.378876,54.3788641583478,,
19071416203c5c4a,6befd145c261113d,6b7e1f5b521de19b,6f9a9c5f2856c8b3,Open,98.49392076768088,1.1574074074074072e-05,1,C1: Active Pipeline,,61.379208,61.37919603700991,,
190c280b4a558717,ac2a5ee6878db2c2,6b7e1f5b521de19b,d4f34f97b6d22a81,Open,1.170863568534039,5.787037037037037e-05,1,C1: Active Pipeline,,58.45378,58.45372325755932,,
191275563c24f941,9387d1da6d5967e1,6b7e1f5b521de19b,,Open,9648.963805727815,1.1574074074074072e-05,3,C3: Large Open,,87.21632,87.21630464907045,,
192bab5f5655042a,1cdd086394501fee,6b7e1f5b521de19b,,Open,15826603.332329372,736.9072569444445,3,C3: Large Open,0.294,1370.7,633.7926942274305,4653021.379704835,11173581.952624535
19391df917482279,9387d1da6d5967e1,6b7e1f5b521de19b,,Open,20371.70242597519,0.8700925925925926,3,C3: Large Open,0.622,89.726364,88.85627154314959,12671.198908956567,7700.503517018621
193d2973d4f633f9,a66943a59bca7bfd,255414ab73601d72,28c9c64e5918b06e,Open,222219.5915572343,47.82922453703704,3,C3: Large Open,0.45,150.6087,102.7794790762442,99998.81620075543,122220.77535647887
193f1e18656a165c,6befd145c261113d,6b7e1f5b521de19b,6f9a9c5f2856c8b3,Open,93879.49691870152,230.2600810185185,3,C3: Large Open,0.284,31.656761,0.0,26661.77712491123,67217.71979379028
194180032ed3211c,1cdd086394501fee,6b7e1f5b521de19b,6f9a9c5f2856c8b3,Open,1124332.9123435305,47.010625,3,C3: Large Open,0.348,299.98785,252.97722900390625,391267.8534955486,733065.0588479819
1945c2e6cd3eb615,9387d1da6d5967e1,6b7e1f5b521de19b,d4f34f97b6d22a81,Open,9719.22415221512,16.176053240740742,3,C3: Large Open,0.56,137.4458,121.26974754050926,5442.7655252404675,4276.458626974652
19504e729bcfbe91,6befd145c261113d,6b7e1f5b521de19b,6f9a9c5f2856c8b3,Open,501.2004610651016,6.944444444444444e-05,1,C1: Active Pipeline,,59.55159,59.55152052137587,,
19663bba9cbc7ca9,ac2a5ee6878db2c2,6b7e1f5b521de19b,d4f34f97b6d22a81,Open,76949.53166074716,2.3148148148148147e-05,3,C3: Large Open,,34.495693,34.495670058638964,,
1973c1dc59dcc215,ac2a5ee6878db2c2,6b7e1f5b521de19b,6f9a9c5f2856c8b3,Open,1.170863568534039,0.0,1,C1: Active Pipeline,,52.12026,52.12025833129883,,
197cfa523078fa7f,6befd145c261113d,6b7e1f5b521de19b,d4f34f97b6d22a81,Open,745.839339765621,6.944444444444444e-05,0,C0: High-Win,,28.25764,28.2575713941786,,
19af3c4064ac053c,a66943a59bca7bfd,fd10c5543bdbcbc9,28c9c64e5918b06e,Open,1.170863568534039,2.3148148148148147e-05,1,C1: Active Pipeline,,60.465572,60.46554920902959,,
19b28b940ce40a7b,9387d1da6d5967e1,6b7e1f5b521de19b,d4f34f97b6d22a81,Open,1.170863568534039,1.1574074074074072e-05,1,C1: Active Pipeline,,47.505016,47.505004752830224,,
19b294cc64caafa6,9387d1da6d5967e1,75c64824a2a4e380,2095e0b55fdf3180,Open,87952.80359536786,25.139375,3,C3: Large Open,,205.66393,180.52455017089844,,
19b49841824ce8a0,9387d1da6d5967e1,6b7e1f5b521de19b,,Open,2.4198904513070483,1.1574074074074072e-05,1,C1: Active Pipeline,,132.67825,132.67824159975405,,
19d3c117616f367b,9387d1da6d5967e1,6b7e1f5b521de19b,,Open,35845.270270304114,1.1574074074074072e-05,3,C3: Large Open,,146.83517,146.8351629864728,,
19f0dd4c00b94e22,1cdd086394501fee,6b7e1f5b521de19b,6f9a9c5f2856c8b3,Open,1846.8922318328157,0.0008564814814814,1,C1: Active Pipeline,,41.73136,41.73050490767867,,
1a1501e0d498dadf,ef9b14cf5a29c54a,6b7e1f5b521de19b,,Open,1.170863568534039,1.1574074074074072e-05,1,C1: Active Pipeline,,38.957565,38.957553733543115,,
1a2313d53d35deb6,a66943a59bca7bfd,e366e0e543d0c5cd,28c9c64e5918b06e,Open,1.170863568534039,1.1574074074074072e-05,1,C1: Active Pipeline,,79.26306,79.26304994936342,,
1a29512e64091461,ac2a5ee6878db2c2,6b7e1f5b521de19b,,Open,1.170863568534039,2.3148148148148147e-05,1,C1: Active Pipeline,,257.20364,257.20362065067997,,
1a2c8b1941943b24,6befd145c261113d,6b7e1f5b521de19b,6f9a9c5f2856c8b3,Open,98.49392076768088,24.200983796296292,1,C1: Active Pipeline,0.688,48.515804,24.314820494475192,67.76381748816443,30.730103279516438
1a33c46cd043cd4b,6befd145c261113d,6b7e1f5b521de19b,6f9a9c5f2856c8b3,Open,1328317.9961364814,1.1574074074074072e-05,3,C3: Large Open,,113.023346,113.02333437319155,,
1a4f66bd754acd6b,6befd145c261113d,6b7e1f5b521de19b,6f9a9c5f2856c8b3,Open,32.484953280249805,0.0030324074074074,1,C1: Active Pipeline,,62.201683,62.198650637026184,,
1a7ec387dc21add0,9387d1da6d5967e1,6b7e1f5b521de19b,,Open,2.4198904513070483,0.0,1,C1: Active Pipeline,0.58,210.42157,210.42156982421875,1.4035364617580879,1.0163539895489604
1a8f491b5b20d195,ef9b14cf5a29c54a,6b7e1f5b521de19b,,Open,1.170863568534039,13.90570601851852,1,C1: Active Pipeline,0.398,104.09637,90.1906608638057,0.46600370027654753,0.7048598682574915
1aa63a24b0ed75fe,9387d1da6d5967e1,6b7e1f5b521de19b,,Open,1.170863568534039,1.1574074074074072e-05,1,C1: Active Pipeline,0.55,82.71986,82.71984468813295,0.6439749626937215,0.5268886058403175
1ae2f2354dc561e2,4928d3c96935fb3f,6b7e1f5b521de19b,,Open,8510.551032505591,0.0007523148148148,2,C2: High-Win,,29.323097,29.32234491418909,,
1b03a31f3a787d9c,9387d1da6d5967e1,6b7e1f5b521de19b,,Open,557021.7052568932,1.1574074074074072e-05,3,C3: Large Open,,107.57634,107.57632814760561,,
1b10a66dfd040b85,a66943a59bca7bfd,ddbd249e57ed6b40,28c9c64e5918b06e,Open,1.170863568534039,2.3148148148148147e-05,1,C1: Active Pipeline,,80.80403,80.80400822392217,,
1b1d1f8335b4aeca,6befd145c261113d,6b7e1f5b521de19b,,Open,263999.29512211593,10.01835648148148,3,C3: Large Open,0.252,60.66036,50.6420019474736,66527.82237077321,197471.47275134272
1b206987817ad271,9387d1da6d5967e1,6b7e1f5b521de19b,,Open,1.170863568534039,0.0012152777777777,1,C1: Active Pipeline,,79.017166,79.01595085991754,,
1b2dccd94b26b1e0,4928d3c96935fb3f,6b7e1f5b521de19b,,Open,5083.8994500666495,0.0,3,C3: Large Open,,54.712273,54.71227264404297,,
1b3113ee66943864,ac2a5ee6878db2c2,6b7e1f5b521de19b,6f9a9c5f2856c8b3,Open,3375.9648411895887,1.1574074074074072e-05,0,C0: High-Win,,23.497107,23.49709497804995,,
1b36562045596a6f,1cdd086394501fee,6b7e1f5b521de19b,6f9a9c5f2856c8b3,Open,1209.3083576602414,0.0038657407407407,1,C1: Active Pipeline,,73.614006,73.61014030173973,,
1b44dd0b78f20512,6befd145c261113d,6b7e1f5b521de19b,6f9a9c5f2856c8b3,Open,1100.311736085542,39.911701388888886,0,C0: High-Win,,57.35487,17.44316845364041,,
1b4a69df29ab4425,ac2a5ee6878db2c2,6b7e1f5b521de19b,,Open,1.170863568534039,1.1574074074074072e-05,1,C1: Active Pipeline,,90.14539,90.14538179750795,,
1b4c3b6f530c2f4d,ac2a5ee6878db2c2,6b7e1f5b521de19b,6f9a9c5f2856c8b3,Open,175035.6008625834,0.0405324074074074,3,C3: Large Open,0.538,144.79968,144.7591502097801,94169.15326406989,80866.44759851352
1b503718e2e5435f,6befd145c261113d,6b7e1f5b521de19b,6f9a9c5f2856c8b3,Open,276968.13241797814,0.0058217592592592,3,C3: Large Open,,44.591278,44.58545631691261,,
1b5572e044c130cf,1cdd086394501fee,6b7e1f5b521de19b,6f9a9c5f2856c8b3,Open,1.170863568534039,1.1574074074074072e-05,1,C1: Active Pipeline,,57.762085,57.76207338686343,,
1b87dcfc8d130fff,ef9b14cf5a29c54a,6b7e1f5b521de19b,,Open,645048.5952932263,0.0002314814814814,3,C3: Large Open,,106.335,106.33476760299118,,
1b8c03e0da33654a,9387d1da6d5967e1,6b7e1f5b521de19b,,Open,2599.6232031936843,0.071724537037037,3,C3: Large Open,,126.77029,126.69856202302155,,
1b8d6240ba1e2008,6befd145c261113d,6b7e1f5b521de19b,6f9a9c5f2856c8b3,Open,98.49392076768088,2.3148148148148147e-05,1,C1: Active Pipeline,,84.5282,84.52817509403936,,
1ba252c08474c80d,9387d1da6d5967e1,6b7e1f5b521de19b,,Open,89664.46366676311,0.0006712962962962,3,C3: Large Open,,325.391,325.3903199146412,,
1ba3dc80a18b5917,4928d3c96935fb3f,6b7e1f5b521de19b,,Open,1.170863568534039,0.0003125,1,C1: Active Pipeline,,146.81474,146.81443054199218,,
1bad2c10067b777d,9387d1da6d5967e1,6b7e1f5b521de19b,d4f34f97b6d22a81,Open,17479.289930812254,62.82083333333333,3,C3: Large Open,0.452,68.19619,5.375356547037761,7900.639048727139,9578.650882085116
1bbfb9fec9e4c1ac,a66943a59bca7bfd,255414ab73601d72,,Open,1.170863568534039,1.1574074074074072e-05,1,C1: Active Pipeline,,85.44384,85.44382845278139,,
1bcf4a9ca773bf6d,6befd145c261113d,6b7e1f5b521de19b,6f9a9c5f2856c8b3,Open,58815.20763973792,2.3148148148148147e-05,0,C0: High-Win,,47.12006,47.12003681889287,,
1be9bcd2abf17f92,9387d1da6d5967e1,6b7e1f5b521de19b,6f9a9c5f2856c8b3,Open,11295.704559262174,10.052395833333334,0,C0: High-Win,0.878,31.857397,21.805001246134438,9917.62860303219,1378.0759562299852
1bf5e6810929350e,1cdd086394501fee,6b7e1f5b521de19b,6f9a9c5f2856c8b3,Open,102987.278069998,5.80019675925926,0,C0: High-Win,0.806,92.855316,87.05511940285011,83007.7461244184,19979.53194557961
1c131e94c30a5808,ac2a5ee6878db2c2,6b7e1f5b521de19b,d4f34f97b6d22a81,Open,1.170863568534039,1.1574074074074072e-05,1,C1: Active Pipeline,,56.033752,56.03374086733218,,
1c1d4634e329c65b,6befd145c261113d,6b7e1f5b521de19b,6f9a9c5f2856c8b3,Open,98.49392076768088,2.3148148148148147e-05,1,C1: Active Pipeline,,54.234055,54.23403141728154,,
1c2aa23dd6fdc0eb,ac2a5ee6878db2c2,6b7e1f5b521de19b,,Open,2351791.856538048,0.0,3,C3: Large Open,,763.66174,763.6617431640625,,
1c3b7e8f51f7c2be,ac2a5ee6878db2c2,6b7e1f5b521de19b,d4f34f97b6d22a81,Open,1.170863568534039,1.1574074074074072e-05,1,C1: Active Pipeline,,50.979137,50.979125846580224,,
1c423910ce4cb588,a66943a59bca7bfd,255414ab73601d72,28c9c64e5918b06e,Open,409776.13308768405,3.472222222222222e-05,3,C3: Large Open,,461.94202,461.9419818793403,,
1c582f212ec0c2f7,1cdd086394501fee,9cd083484517be1d,,Open,7622.275919791999,1.1574074074074072e-05,3,C3: Large Open,0.484,276.82153,276.82152162905095,3689.1815451793273,3933.0943746126713
1c618a27ce71e1a0,6befd145c261113d,6b7e1f5b521de19b,6f9a9c5f2856c8b3,Open,5233.499748022433,0.3124421296296296,3,C3: Large Open,0.662,43.029324,42.71688144825123,3464.5768331908507,1768.9229148315821
1c990783bdb0b5e0,1cdd086394501fee,6b7e1f5b521de19b,6f9a9c5f2856c8b3,Open,13666.658159368695,0.1208912037037037,3,C3: Large Open,,80.747765,80.62687338369864,,
1c9d7fc42b7a82b5,6befd145c261113d,6b7e1f5b521de19b,,Open,2351791.856538048,0.6588310185185186,3,C3: Large Open,0.238,1389.8271,1389.1683174189816,559726.4618560554,1792065.3946819927
1cb07cdc892fb93f,1cdd086394501fee,94168341f8d9633e,,Open,266260.8990813679,1.1574074074074072e-05,3,C3: Large Open,,487.5171,487.51707826967595,,
1cb3dddfe8b1a71c,6befd145c261113d,6b7e1f5b521de19b,6f9a9c5f2856c8b3,Open,98.49392076768088,1.1574074074074072e-05,1,C1: Active Pipeline,,58.64835,58.64833818788882,,
1cbc32779d5bb74b,6befd145c261113d,6b7e1f5b521de19b,6f9a9c5f2856c8b3,Open,704815.4777487947,175.12173611111112,3,C3: Large Open,0.37,62.220787,0.0,260781.72676705403,444033.75098174065
1cda4c5323e94d17,9387d1da6d5967e1,6b7e1f5b521de19b,d4f34f97b6d22a81,Open,7462.80698704363,1.1574074074074072e-05,3,C3: Large Open,,82.252,82.25198732729311,,
1cf255531288f77e,1cdd086394501fee,6b7e1f5b521de19b,6f9a9c5f2856c8b3,Open,2974810.53047965,161.7592361111111,3,C3: Large Open,0.526,268.36285,106.60361789279514,1564750.339032296,1410060.191447354
1cfbcaca5ee6574a,6befd145c261113d,6b7e1f5b521de19b,6f9a9c5f2856c8b3,Open,5126.849721354915,0.0014930555555555,0,C0: High-Win,,50.184185,50.182691972520615,,
1d0af070c4c2b30e,6befd145c261113d,6b7e1f5b521de19b,6f9a9c5f2856c8b3,Open,98.49392076768088,1.1574074074074072e-05,1,C1: Active Pipeline,0.5103571428571428,59.942696,59.94268404360171,50.267075991791415,48.22684477588946
1d0d1fe936f826b4,9387d1da6d5967e1,6b7e1f5b521de19b,,Open,36077.87700023642,1.1574074074074072e-05,3,C3: Large Open,,24.78281,24.782798637107568,,
1d15b0a89b6f17b6,9387d1da6d5967e1,6b7e1f5b521de19b,d4f34f97b6d22a81,Open,4652.258388704559,2.3148148148148147e-05,3,C3: Large Open,,98.9455,98.94548008671514,,
1d3b7904a9273c75,9387d1da6d5967e1,6b7e1f5b521de19b,d4f34f97b6d22a81,Open,12180.56725936489,1.1574074074074072e-05,3,C3: Large Open,,33.46845,33.46843706484194,,
1d3f43b68fd18c96,9387d1da6d5967e1,6b7e1f5b521de19b,,Open,9648.963805727815,0.0,3,C3: Large Open,,52.90342,52.903419494628906,,
1d51602f7cababc8,9387d1da6d5967e1,6b7e1f5b521de19b,d4f34f97b6d22a81,Open,141465.269492634,49.406597222222224,3,C3: Large Open,0.322,319.47964,270.0730475531684,45551.81677662815,95913.45271600584
1d5c055f06008197,ac2a5ee6878db2c2,6b7e1f5b521de19b,d4f34f97b6d22a81,Open,1.170863568534039,1.1574074074074072e-05,1,C1: Active Pipeline,,55.719357,55.71934496279116,,
1d740aeca960124d,6befd145c261113d,6b7e1f5b521de19b,d4f34f97b6d22a81,Open,1123.9154729207946,64.165,0,C0: High-Win,0.43,65.35138,1.1863793945312437,483.2836533559417,640.631819564853
1d8063c7e4964a9c,6befd145c261113d,6b7e1f5b521de19b,6f9a9c5f2856c8b3,Open,98.49392076768088,1.1574074074074072e-05,1,C1: Active Pipeline,0.504,54.039635,54.03962313051577,49.64093606691116,48.85298470076972
1d911828814a4504,1cdd086394501fee,bd661df59343798b,,Open,9270.864526233152,6.128206018518519,2,C2: High-Win,0.454,49.75978,43.631574865270544,4208.972494909851,5061.892031323301
1d96772808746fba,ef9b14cf5a29c54a,6b7e1f5b521de19b,,Open,1336429.0908269142,453.0618287037037,3,C3: Large Open,0.182,213.81688,0.0,243230.09453049838,1093198.9962964158
1d97d1123cd7cb8b,ac2a5ee6878db2c2,6b7e1f5b521de19b,d4f34f97b6d22a81,Open,503680.4898430675,0.0903819444444444,3,C3: Large Open,,373.29855,373.2081715223524,,
1d9dad55b503350d,6befd145c261113d,6b7e1f5b521de19b,6f9a9c5f2856c8b3,Open,21850.570928075176,703.2758912037037,3,C3: Large Open,0.032,36.301884,0.0,699.2182696984056,21151.35265837677
1da151885d89746b,ac2a5ee6878db2c2,6b7e1f5b521de19b,6f9a9c5f2856c8b3,Open,2658.527433878075,164.89483796296295,3,C3: Large Open,0.154,57.378998,0.0,409.4132248172236,2249.1142090608514
1db0b09f50eae4b5,1cdd086394501fee,6b7e1f5b521de19b,6f9a9c5f2856c8b3,Open,1.170863568534039,2.3148148148148147e-05,1,C1: Active Pipeline,,64.06372,64.06369755497686,,
1db18095233d1d24,1cdd086394501fee,6b7e1f5b521de19b,6f9a9c5f2856c8b3,Open,2471.1807914916208,165.8517013888889,3,C3: Large Open,0.143,94.77187,0.0,353.3788531833017,2117.8019383083188
1dc8c25180af66aa,9387d1da6d5967e1,6b7e1f5b521de19b,,Open,22962.31400177536,0.0,0,C0: High-Win,0.862,45.533154,45.53315353393555,19793.514669530363,3168.799332245
1dd3fc3735bba219,ac2a5ee6878db2c2,255414ab73601d72,28c9c64e5918b06e,Open,26365.415373079573,26.724131944444444,3,C3: Large Open,0.668,30.352604,3.6284719679090713,17612.097469217155,8753.317903862417
1ddccbcdbcf8ad75,9387d1da6d5967e1,6b7e1f5b521de19b,,Open,2.4198904513070483,1.1574074074074072e-05,1,C1: Active Pipeline,,86.26391,86.26389681215639,,
1de2fcef58f6189c,9387d1da6d5967e1,6b7e1f5b521de19b,,Open,25102.753943361105,1.1574074074074072e-05,3,C3: Large Open,,53.16215,53.16213976259585,,
1de4802f0a185a46,ac2a5ee6878db2c2,6b7e1f5b521de19b,,Open,25102.753943361105,0.0,3,C3: Large Open,,22.369585,22.369585037231445,,
1df1e74a9de174a9,ac2a5ee6878db2c2,6b7e1f5b521de19b,d4f34f97b6d22a81,Open,5953.111018418023,81.98521990740741,0,C0: High-Win,0.582,58.991398,0.0,3464.710612719289,2488.400405698734
1df92e3fa46a84a2,9387d1da6d5967e1,6b7e1f5b521de19b,,Open,2.4198904513070483,1.1574074074074072e-05,1,C1: Active Pipeline,,85.31128,85.31126772280092,,
1df9452edccf5243,6befd145c261113d,6b7e1f5b521de19b,6f9a9c5f2856c8b3,Open,6009.906030357736,132.84689814814814,3,C3: Large Open,0.194,114.59351,0.0,1165.9217698894008,4843.984260468335
1e01fb7a4295aa0b,6befd145c261113d,6b7e1f5b521de19b,6f9a9c5f2856c8b3,Open,65010.53776365624,5.787037037037037e-05,0,C0: High-Win,,30.368486,30.368428534048576,,
1e23e59b3b21878e,9387d1da6d5967e1,6b7e1f5b521de19b,,Open,5083.8994500666495,1.1574074074074072e-05,3,C3: Large Open,,33.465153,33.46514116640444,,
1e34c588d41ed5da,9387d1da6d5967e1,6b7e1f5b521de19b,,Open,35845.270270304114,308.0251388888889,3,C3: Large Open,0.102,307.16675,0.0,3656.2175675710196,32189.052702733094
1e37e72ad662dd7e,6befd145c261113d,6b7e1f5b521de19b,6f9a9c5f2856c8b3,Open,1.170863568534039,0.0,1,C1: Active Pipeline,,67.62081,67.62081146240234,,
1e41d4722b5ceb56,6befd145c261113d,6b7e1f5b521de19b,,Open,218130.08395331344,307.96907407407406,3,C3: Large Open,0.324,134.43849,0.0,70674.14720087356,147455.93675243988
1e45c36051a68101,6befd145c261113d,6b7e1f5b521de19b,6f9a9c5f2856c8b3,Open,1.170863568534039,1.1574074074074072e-05,1,C1: Active Pipeline,,42.023964,42.023952354148584,,
1e521f0225d27310,6befd145c261113d,6b7e1f5b521de19b,6f9a9c5f2856c8b3,Open,98.49392076768088,0.0018171296296296,1,C1: Active Pipeline,0.642695652173913,62.58634,62.58452472828053,63.301614642950376,35.1923061247305
1e5bc4a6bf9e332d,9387d1da6d5967e1,6b7e1f5b521de19b,,Open,2.4198904513070483,756.7838773148148,1,C1: Active Pipeline,0.196,113.55875,0.0,0.4742985284561815,1.945591922850867
1e6954152edf69dd,ef9b14cf5a29c54a,6b7e1f5b521de19b,,Open,260620.87531359465,0.0247916666666666,2,C2: High-Win,,44.338398,44.31360631306966,,
1e70bbf60ff51743,a66943a59bca7bfd,42a0974a7fcfe59f,28c9c64e5918b06e,Open,2388.361505566673,124.86194444444445,1,C1: Active Pipeline,,117.36221,0.0,,
1e803a4a31a86b96,1cdd086394501fee,6b7e1f5b521de19b,6f9a9c5f2856c8b3,Open,15073.508667170068,0.0050694444444444,0,C0: High-Win,,65.49829,65.49322157118056,,
1e810cc7add24a3b,6befd145c261113d,6b7e1f5b521de19b,6f9a9c5f2856c8b3,Open,1.170863568534039,2.3148148148148147e-05,1,C1: Active Pipeline,,57.614037,57.61401341191045,,
1e96e84cf2be7ffb,1cdd086394501fee,6b7e1f5b521de19b,,Open,270801.9611719012,4.836539351851852,3,C3: Large Open,0.488,156.38911,151.55257502803096,132151.35705188778,138650.60412001342
1eab635b1b6029bf,6befd145c261113d,6b7e1f5b521de19b,6f9a9c5f2856c8b3,Open,1.170863568534039,1.1574074074074072e-05,1,C1: Active Pipeline,,71.85109,71.85107790346498,,
1edb0c69254ab918,9387d1da6d5967e1,6b7e1f5b521de19b,,Open,524417.177630072,410.762025462963,3,C3: Large Open,0.132,85.988754,0.0,69223.06744716951,455194.1101829025
1edbabc3c0b5f49f,9387d1da6d5967e1,6b7e1f5b521de19b,6f9a9c5f2856c8b3,Open,281.3379399717625,2.3148148148148147e-05,1,C1: Active Pipeline,,22.938326,22.93830273380986,,
1edfd98b60366667,9387d1da6d5967e1,6b7e1f5b521de19b,,Open,2.4198904513070483,0.0,1,C1: Active Pipeline,,457.14383,457.1438293457031,,
1ee09a0d5dce70a5,6befd145c261113d,6b7e1f5b521de19b,6f9a9c5f2856c8b3,Open,678165.8650140748,34.919641203703705,0,C0: High-Win,0.742,57.83261,22.91296988028067,503199.07184044353,174966.7931736313
1eecb2e1575e21d3,4928d3c96935fb3f,6b7e1f5b521de19b,,Open,10832.251138740728,71.20206018518519,3,C3: Large Open,0.304,66.098236,0.0,3293.0043461771816,7539.2467925635465
1ef8cacc518f65f7,6befd145c261113d,6b7e1f5b521de19b,,Open,234240.1236026419,0.0,3,C3: Large Open,,39.49392,39.493919372558594,,
1efc5e7d9d479537,a66943a59bca7bfd,255414ab73601d72,28c9c64e5918b06e,Open,3303.290441942712,0.0024421296296296,3,C3: Large Open,,56.00202,55.99957965992115,,
1eff979095e07fa8,ac2a5ee6878db2c2,7b7c16a1b24ec3b8,28c9c64e5918b06e,Open,1260413.464999336,447.2310763888889,3,C3: Large Open,0.6,865.25464,418.0235622829861,756248.0789996017,504165.38599973446
1effa885e33617d6,9387d1da6d5967e1,6b7e1f5b521de19b,d4f34f97b6d22a81,Open,5707.592360299754,293.7915277777778,3,C3: Large Open,0.426,275.05078,0.0,2431.434345487695,3276.158014812059
1f067321aebb84df,9387d1da6d5967e1,6b7e1f5b521de19b,,Open,21273.147061594493,0.0,3,C3: Large Open,,215.67006,215.67005920410156,,
1f06a97e4ca28c34,9387d1da6d5967e1,6b7e1f5b521de19b,6f9a9c5f2856c8b3,Open,10564.501135650771,0.0030902777777777,0,C0: High-Win,0.622,70.155106,70.15201531304254,6571.1197063747795,3993.3814292759916
1f1c9d3601b23a4f,6befd145c261113d,6b7e1f5b521de19b,6f9a9c5f2856c8b3,Open,2839.0883651181525,3.472222222222222e-05,0,C0: High-Win,,32.833878,32.83384284125434,,
1f1dddd6a75724be,6befd145c261113d,6b7e1f5b521de19b,6f9a9c5f2856c8b3,Open,14488.660251669133,1.7521180555555556,3,C3: Large Open,0.402,49.47643,47.72431093004015,5824.441421170992,8664.218830498141
1f2044391147a957,6befd145c261113d,6b7e1f5b521de19b,6f9a9c5f2856c8b3,Open,246.72818425475256,0.0001388888888888,1,C1: Active Pipeline,,24.956112,24.955973019070097,,
1f26530c2209386e,ac2a5ee6878db2c2,6b7e1f5b521de19b,d4f34f97b6d22a81,Open,1188.3526214561175,0.7124189814814815,1,C1: Active Pipeline,0.76,31.97051,31.258091501306605,903.1479923066493,285.2046291494682
1f4a34dc7778933f,9387d1da6d5967e1,6b7e1f5b521de19b,,Open,80872.05936290111,0.0,3,C3: Large Open,,101.29115,101.29115295410156,,
1f4cdefc4bf58563,6befd145c261113d,6b7e1f5b521de19b,6f9a9c5f2856c8b3,Open,98.49392076768088,2.3148148148148147e-05,1,C1: Active Pipeline,,57.277798,57.277774550826464,,
1f4d6e9899dfd21e,9387d1da6d5967e1,6b7e1f5b521de19b,,Open,5186.502594949308,0.0,3,C3: Large Open,0.18,92.817604,92.8176040649414,933.5704670908755,4252.932127858433
1f5ed184383096d6,ac2a5ee6878db2c2,6b7e1f5b521de19b,,Open,1.170863568534039,1.1574074074074072e-05,1,C1: Active Pipeline,,126.65078,126.65076815004701,,
1f6dc2c0aa489fc3,6befd145c261113d,6b7e1f5b521de19b,6f9a9c5f2856c8b3,Open,1.170863568534039,2.3148148148148147e-05,1,C1: Active Pipeline,,48.287453,48.28742954960576,,
1f775ae41132a0cb,9387d1da6d5967e1,6b7e1f5b521de19b,,Open,9648.963805727815,0.0019675925925925,3,C3: Large Open,,71.699196,71.69722826922381,,
1f7ab39124f14415,4928d3c96935fb3f,6b7e1f5b521de19b,6f9a9c5f2856c8b3,Open,199.4832057950616,18.924791666666668,2,C2: High-Win,0.666,87.0994,68.17461171468099,132.85581505951103,66.62739073555056
1f7b611ac0965fba,a66943a59bca7bfd,255414ab73601d72,28c9c64e5918b06e,Open,1.170863568534039,1.1574074074074072e-05,1,C1: Active Pipeline,,127.86939,127.86938082094545,,
1f7c625eac76d0c2,9387d1da6d5967e1,6b7e1f5b521de19b,,Open,80872.05936290111,91.97859953703704,3,C3: Large Open,0.34,175.27783,83.29923249421296,27496.50018338638,53375.55917951473
1f835ec2cd552107,6befd145c261113d,6b7e1f5b521de19b,6f9a9c5f2856c8b3,Open,98.49392076768088,24.868425925925926,1,C1: Active Pipeline,0.5285,62.414978,37.546552101417824,52.05403712571934,46.439883641961536
1f96029d37e961a9,ac2a5ee6878db2c2,6b7e1f5b521de19b,6f9a9c5f2856c8b3,Open,1.170863568534039,0.0,1,C1: Active Pipeline,,295.97125,295.97125244140625,,
1fa0ab986456ff72,6befd145c261113d,6b7e1f5b521de19b,6f9a9c5f2856c8b3,Open,127097.7206686422,32.75710648148148,3,C3: Large Open,0.402,321.02002,288.26291304976854,51093.283708794166,76004.43695984803
1fa35c55511b6299,ac2a5ee6878db2c2,6b7e1f5b521de19b,,Open,1.170863568534039,0.001875,1,C1: Active Pipeline,,108.145584,108.14370910644531,,
1faea251566d5efd,ef9b14cf5a29c54a,6b7e1f5b521de19b,,Open,35845.270270304114,435.3567939814815,3,C3: Large Open,0.248,63.232815,0.0,8889.62702703542,26955.643243268692
1fc7fac577b54f1b,1cdd086394501fee,6b7e1f5b521de19b,6f9a9c5f2856c8b3,Open,99457.2224276421,0.001412037037037,3,C3: Large Open,,52.12662,52.125209209300856,,
1fd8452d962e6d05,9387d1da6d5967e1,6b7e1f5b521de19b,,Open,9648.963805727815,2.3148148148148147e-05,3,C3: Large Open,,101.110725,101.11070225468389,,
1fdbac96cdbfd464,6befd145c261113d,6b7e1f5b521de19b,6f9a9c5f2856c8b3,Open,1.170863568534039,1.1574074074074072e-05,1,C1: Active Pipeline,,69.71083,69.71081911440248,,
1ff5a34b3445264d,9387d1da6d5967e1,6b7e1f5b521de19b,,Open,47968.19123133455,181.94960648148148,3,C3: Large Open,0.294,151.27837,0.0,14102.648222012358,33865.543009322195
1ffa3e92eb403170,6befd145c261113d,6b7e1f5b521de19b,6f9a9c5f2856c8b3,Open,1.170863568534039,473.9967592592593,3,C3: Large Open,,92.38025,0.0,,
2020152d83a9998b,9387d1da6d5967e1,6b7e1f5b521de19b,,Open,11264.189824104717,1.1574074074074072e-05,3,C3: Large Open,,106.38719,106.38718019838686,,
2029b6f121627563,4928d3c96935fb3f,6b7e1f5b521de19b,,Open,2472.949006922998,1.1574074074074072e-05,3,C3: Large Open,,44.36165,44.36163698549624,,
202a890b2b714f93,1cdd086394501fee,6b7e1f5b521de19b,6f9a9c5f2856c8b3,Open,98.49392076768088,0.0111574074074074,1,C1: Active Pipeline,,69.884796,69.87363873517072,,
202ab3297b80cee1,ac2a5ee6878db2c2,6b7e1f5b521de19b,,Open,1.170863568534039,0.002199074074074,1,C1: Active Pipeline,,59.83695,59.83474932070132,,
20304b0eb6edf46d,6befd145c261113d,6b7e1f5b521de19b,6f9a9c5f2856c8b3,Open,21818.864028745327,223.95457175925927,3,C3: Large Open,0.34,61.37397,0.0,7418.413769773412,14400.450258971914
2051a1a5750e83ad,6befd145c261113d,6b7e1f5b521de19b,,Open,6286.904435348422,2.3148148148148147e-05,0,C0: High-Win,,50.342922,50.342899062545214,,
205a7c2956b8da15,9387d1da6d5967e1,6b7e1f5b521de19b,d4f34f97b6d22a81,Open,2031.534281472569,1.1574074074074072e-05,1,C1: Active Pipeline,,27.391478,27.391466010764795,,
207cc5d4fc6e21ae,9387d1da6d5967e1,6b7e1f5b521de19b,,Open,40882.78265293119,1.1574074074074072e-05,3,C3: Large Open,,113.64119,113.64117800112123,,
209a3dfaa4c8dde0,ac2a5ee6878db2c2,6b7e1f5b521de19b,6f9a9c5f2856c8b3,Open,361.29574083874047,2.3148148148148147e-05,1,C1: Active Pipeline,,19.382267,19.382243850142867,,
209f07e3db7c9ea3,ef9b14cf5a29c54a,6b7e1f5b521de19b,,Open,2084733.867157501,424.1852893518519,2,C2: High-Win,0.698,197.96227,0.0,1455144.2392759356,629589.6278815654
20cd6cb1d6926f12,a66943a59bca7bfd,fd10c5543bdbcbc9,d4f34f97b6d22a81,Open,1881.1531940448556,1.1574074074074072e-05,1,C1: Active Pipeline,0.802,26.983437,26.983425010398584,1508.6848616239743,372.4683324208813
20d54478435a58ab,a66943a59bca7bfd,255414ab73601d72,28c9c64e5918b06e,Open,1.170863568534039,1.1574074074074072e-05,1,C1: Active Pipeline,,70.975266,70.97525392885561,,
20e80a65ca57505a,6befd145c261113d,6b7e1f5b521de19b,6f9a9c5f2856c8b3,Open,1372.3637727622167,4.629629629629629e-05,1,C1: Active Pipeline,,37.358704,37.35865731698495,,
20fafcfc8c1730ed,1cdd086394501fee,6b7e1f5b521de19b,,Open,6332.838495128838,175.1173726851852,3,C3: Large Open,0.46,78.17185,0.0,2913.1057077592654,3419.7327873695726
20fbe01017ea26bb,6befd145c261113d,6b7e1f5b521de19b,d4f34f97b6d22a81,Open,1.170863568534039,0.0096527777777777,1,C1: Active Pipeline,,49.631073,49.621420220269094,,
21003384b370f8ad,9387d1da6d5967e1,6b7e1f5b521de19b,,Open,9648.963805727815,3.472222222222222e-05,3,C3: Large Open,,23.254799,23.254764166937935,,
210c6258f3af0f42,4928d3c96935fb3f,6b7e1f5b521de19b,,Open,36051.6631606101,20.00644675925926,3,C3: Large Open,,211.12973,191.1232834653501,,
2110b97cd5bdc4f7,9387d1da6d5967e1,6b7e1f5b521de19b,6f9a9c5f2856c8b3,Open,10507.77752619721,2.3148148148148147e-05,0,C0: High-Win,,39.94883,39.94880650273076,,
21177dc2c19ff02d,6befd145c261113d,6b7e1f5b521de19b,6f9a9c5f2856c8b3,Open,1.170863568534039,1.1574074074074072e-05,1,C1: Active Pipeline,,69.04025,69.0402411114728,,
211b785a05f70725,ef9b14cf5a29c54a,6b7e1f5b521de19b,,Open,1.170863568534039,1.1574074074074072e-05,1,C1: Active Pipeline,0.33,215.26546,215.26544557924623,0.38638497761623286,0.784478590917806
211c1483f3de8292,a66943a59bca7bfd,ac07a4f1ad9a4f67,28c9c64e5918b06e,Open,24696.398741469373,4.031238425925926,3,C3: Large Open,0.59,130.2333,126.2020684588397,14570.875257466929,10125.523484002444
213e1b8e6fb4ace7,ac2a5ee6878db2c2,6b7e1f5b521de19b,d4f34f97b6d22a81,Open,1024634.5610048604,5.787037037037037e-05,3,C3: Large Open,,147.19551,147.19545299388744,,
2146bc0b1d5013dc,9387d1da6d5967e1,6b7e1f5b521de19b,,Open,2.4198904513070483,1.1574074074074072e-05,1,C1: Active Pipeline,,173.5944,173.5943945538556,,
2148d739e030023b,ef9b14cf5a29c54a,6b7e1f5b521de19b,,Open,170616.6319366014,429.9232060185185,2,C2: High-Win,0.614,111.86057,0.0,104758.61200907326,65858.01992752813
215359ecc20e67d4,9387d1da6d5967e1,6b7e1f5b521de19b,,Open,2.4198904513070483,0.0,1,C1: Active Pipeline,,123.8225,123.82250213623047,,
217e531af9bae4b0,6befd145c261113d,6b7e1f5b521de19b,6f9a9c5f2856c8b3,Open,5655.969519442425,2.3148148148148147e-05,3,C3: Large Open,,30.887674,30.88765118351689,,
21a3b3e99b2f12f4,ac2a5ee6878db2c2,6b7e1f5b521de19b,6f9a9c5f2856c8b3,Open,57607.04822467067,0.0036458333333333,3,C3: Large Open,,63.43579,63.43214518229167,,
21b99200e9808a63,6befd145c261113d,6b7e1f5b521de19b,6f9a9c5f2856c8b3,Open,415.3892283045608,1.1574074074074072e-05,1,C1: Active Pipeline,,24.872072,24.87206064577456,,
21dbc6c6270e225b,6befd145c261113d,6b7e1f5b521de19b,6f9a9c5f2856c8b3,Open,501.2004610651016,0.0001504629629629,0,C0: High-Win,,22.068115,22.067964771412036,,
21deadcbd0df218a,9387d1da6d5967e1,6b7e1f5b521de19b,,Open,238.7723708846118,0.0,1,C1: Active Pipeline,,29.117117,29.117116928100586,,
21f03eb10cf7c9a8,9387d1da6d5967e1,6b7e1f5b521de19b,,Open,11264.189824104717,208.8546412037037,3,C3: Large Open,,317.10062,108.24597525137443,,
220c5c02a6a74dbd,9387d1da6d5967e1,6b7e1f5b521de19b,,Open,4694.223952710472,0.0023148148148148,3,C3: Large Open,0.7,75.71182,75.70950769495082,3285.9567668973305,1408.2671858131419
221b41383a9738d8,ac2a5ee6878db2c2,a0d28553c7be77f0,28c9c64e5918b06e,Open,79015.68758869036,222.9374537037037,3,C3: Large Open,0.556,68.858376,0.0,43932.72229931184,35082.96528937852
2247125d0c6280ea,1cdd086394501fee,062b9e5a52eb6d8e,,Open,368869.1381210446,223.9026388888889,3,C3: Large Open,0.192,122.51445,0.0,70822.87451924056,298046.2636018041
2254e08cd0f9bccc,6befd145c261113d,6b7e1f5b521de19b,,Open,10309.642229151345,1.1574074074074072e-05,3,C3: Large Open,,72.18798,72.18796907778139,,
225facd14fe1e3b6,1cdd086394501fee,6b7e1f5b521de19b,6f9a9c5f2856c8b3,Open,870350.122287474,1.1574074074074072e-05,3,C3: Large Open,,589.7157,589.7156866681134,,
22622574d49b372f,9387d1da6d5967e1,6b7e1f5b521de19b,,Open,5655.969519442425,1.1574074074074072e-05,2,C2: High-Win,,17.101213,17.101201881126123,,
22663504ed4b1ab6,ac2a5ee6878db2c2,6b7e1f5b521de19b,d4f34f97b6d22a81,Open,18795.265270024385,0.0005092592592592,0,C0: High-Win,,39.388412,39.38790321632668,,
22a25213f8c3ee23,1cdd086394501fee,6b7e1f5b521de19b,6f9a9c5f2856c8b3,Open,1958.2534382031315,2.999884259259259,1,C1: Active Pipeline,0.536,52.673927,49.674043047869645,1049.6238428768786,908.6295953262529
22a8c3ad7b0f7c46,1cdd086394501fee,6b7e1f5b521de19b,6f9a9c5f2856c8b3,Open,1.170863568534039,1.1574074074074072e-05,1,C1: Active Pipeline,,60.001003,60.00099169130679,,
22aecb580c8c6755,ac2a5ee6878db2c2,6b7e1f5b521de19b,,Open,1.170863568534039,224.4070601851852,1,C1: Active Pipeline,,323.12708,98.7200150101273,,
22bddec402bd6fed,ac2a5ee6878db2c2,7b7c16a1b24ec3b8,28c9c64e5918b06e,Open,4952.499359328055,144.00664351851853,3,C3: Large Open,0.224,77.02412,0.0,1109.3598564894844,3843.139502838571
22c5e0f69c34369f,9387d1da6d5967e1,6b7e1f5b521de19b,,Open,2.4198904513070483,756.782337962963,1,C1: Active Pipeline,0.212,113.55875,0.0,0.5130167756770942,1.906873675629954
22e304924167c961,9387d1da6d5967e1,6b7e1f5b521de19b,,Open,89664.46366676311,0.0,3,C3: Large Open,,248.34293,248.34292602539062,,
22f462f3f3bbd7dd,ac2a5ee6878db2c2,6b7e1f5b521de19b,d4f34f97b6d22a81,Open,63227.60964411032,16.802222222222223,3,C3: Large Open,0.554,77.82574,61.02351477728949,35028.09574283712,28199.5139012732
22ffef7cf21c303b,6befd145c261113d,6b7e1f5b521de19b,6f9a9c5f2856c8b3,Open,36846.52911781948,123.06164351851852,3,C3: Large Open,0.36619999999999997,42.06132,0.0,13493.198962945493,23353.330154873987
234068f5a6cbcce6,ac2a5ee6878db2c2,6b7e1f5b521de19b,d4f34f97b6d22a81,Open,1.170863568534039,1.1574074074074072e-05,1,C1: Active Pipeline,,60.88506,60.88504778261538,,
23445e9a05bebd71,1cdd086394501fee,6b7e1f5b521de19b,6f9a9c5f2856c8b3,Open,1.170863568534039,0.0,1,C1: Active Pipeline,,56.990597,56.990596771240234,,
234e50d1f237edc7,6befd145c261113d,6b7e1f5b521de19b,6f9a9c5f2856c8b3,Open,312092.12918388424,3.472222222222222e-05,0,C0: High-Win,,100.90347,100.9034381781684,,
235dacb7a90acced,ac2a5ee6878db2c2,6b7e1f5b521de19b,6f9a9c5f2856c8b3,Open,338286.9070871343,82.27275462962963,3,C3: Large Open,,546.5723,464.29957203052663,,
236d177d3a8e1a40,a66943a59bca7bfd,062b9e5a52eb6d8e,d4f34f97b6d22a81,Open,62540.82586740216,85.93731481481481,3,C3: Large Open,0.274,118.80732,32.87000482629847,17136.186287668195,45404.63957973397
2374d8eb74c067af,1cdd086394501fee,6b7e1f5b521de19b,6f9a9c5f2856c8b3,Open,1.170863568534039,1.1574074074074072e-05,1,C1: Active Pipeline,,63.158928,63.158916343406396,,
23a04d35499b52e5,ac2a5ee6878db2c2,6b7e1f5b521de19b,6f9a9c5f2856c8b3,Open,1835.8687749276912,2.3148148148148147e-05,1,C1: Active Pipeline,,32.47134,32.471317031295214,,
23d72a934800aa90,a66943a59bca7bfd,cca8e68b78e095c5,28c9c64e5918b06e,Open,1.170863568534039,1.1574074074074072e-05,1,C1: Active Pipeline,,70.320625,70.3206137311017,,
23ddfdee55e3474d,6befd145c261113d,6b7e1f5b521de19b,,Open,11917.439456077744,0.0,3,C3: Large Open,,112.75758,112.75758361816406,,
23eb3dcccc63cd8a,6befd145c261113d,6b7e1f5b521de19b,6f9a9c5f2856c8b3,Open,4386.532748246311,82.88640046296297,3,C3: Large Open,0.294,107.04729,24.16088652434172,1289.6406279844152,3096.8921202618953
23f2ce06bd505f8f,4928d3c96935fb3f,6b7e1f5b521de19b,,Open,12704.983075923506,252.02262731481483,4,C4: Mid-Range,,33.96203,0.0,,
23fa3826a0837a24,6befd145c261113d,6b7e1f5b521de19b,6f9a9c5f2856c8b3,Open,351.1076362015929,4.821608796296296,1,C1: Active Pipeline,0.574,21.029171,16.20756219369394,201.53578317971431,149.5718530218786
23fc7d321d7984ea,9387d1da6d5967e1,6b7e1f5b521de19b,,Open,89664.46366676311,0.0,3,C3: Large Open,,104.27113,104.27113342285156,,
241433900818b64f,1cdd086394501fee,6b7e1f5b521de19b,6f9a9c5f2856c8b3,Open,1.170863568534039,1.1574074074074072e-05,1,C1: Active Pipeline,,63.945244,63.945232261375146,,
2441cf400d0aba57,9387d1da6d5967e1,6b7e1f5b521de19b,,Open,4143.3804614791225,0.0,0,C0: High-Win,,79.099464,79.0994644165039,,
244d1c147615758d,9387d1da6d5967e1,6b7e1f5b521de19b,,Open,9648.963805727815,236.2167939814815,3,C3: Large Open,,145.71098,0.0,,
24501bca35398579,a66943a59bca7bfd,9cd083484517be1d,28c9c64e5918b06e,Open,24323.541534880354,4.031828703703703,3,C3: Large Open,0.574,98.97372,94.94188803213613,13961.712841021323,10361.828693859032
2462ce5c5b1b71bc,9387d1da6d5967e1,6b7e1f5b521de19b,,Open,35845.270270304114,0.0058333333333333,3,C3: Large Open,,189.2561,189.25027018229167,,
2475c265ae73a5d4,1cdd086394501fee,e9943875f43f341e,,Open,7897468.885291627,187.7167939814815,3,C3: Large Open,0.188,278.3867,90.66989425094039,1484724.1504348258,6412744.734856801
24895fc7a1d60894,9387d1da6d5967e1,6b7e1f5b521de19b,,Open,2.4198904513070483,0.1463888888888889,1,C1: Active Pipeline,,130.57556,130.42917263454862,,
2490a7d5e7ddbe61,6befd145c261113d,6b7e1f5b521de19b,6f9a9c5f2856c8b3,Open,1.170863568534039,2.3148148148148147e-05,1,C1: Active Pipeline,,62.077976,62.077953078658496,,
2498cd4c809a6118,1cdd086394501fee,6b7e1f5b521de19b,6f9a9c5f2856c8b3,Open,82019.9692325963,38.04883101851852,3,C3: Large Open,0.442,213.44272,175.39388748734086,36252.826400807564,45767.14283178874
249a074ce95a55b7,6befd145c261113d,6b7e1f5b521de19b,6f9a9c5f2856c8b3,Open,98.49392076768088,29.938171296296296,1,C1: Active Pipeline,0.712,47.341694,17.40352258187753,70.12767158658878,28.366249181092094
249d98842b3916b3,6befd145c261113d,6b7e1f5b521de19b,d4f34f97b6d22a81,Open,46553.49342526177,46.0730787037037,3,C3: Large Open,0.462,65.29245,19.219371247468175,21507.713962470938,25045.779462790833
24a27b835cca6c77,4928d3c96935fb3f,6b7e1f5b521de19b,6f9a9c5f2856c8b3,Open,144256.09256740374,293.8742013888889,4,C4: Mid-Range,,151.15932,0.0,,
24b1b7f01c309f34,9387d1da6d5967e1,6b7e1f5b521de19b,6f9a9c5f2856c8b3,Open,179056.99381897645,295.5167361111112,3,C3: Large Open,0.338,90.95866,0.0,60521.26391081404,118535.7299081624
24c54c0ac0027381,6befd145c261113d,6b7e1f5b521de19b,6f9a9c5f2856c8b3,Open,1.170863568534039,0.0,1,C1: Active Pipeline,,58.157825,58.1578254699707,,
24cca680d2d8ab4a,6befd145c261113d,6b7e1f5b521de19b,6f9a9c5f2856c8b3,Open,1.170863568534039,1.1574074074074072e-05,1,C1: Active Pipeline,,63.944057,63.94404589052554,,
24dad1f12c85d47e,9387d1da6d5967e1,6b7e1f5b521de19b,,Open,6766.394130610287,0.0,2,C2: High-Win,,14.785922,14.785922050476074,,
24dd0160f49bb6fc,6befd145c261113d,6b7e1f5b521de19b,,Open,263999.29512211593,233.70554398148147,3,C3: Large Open,0.078,48.87275,0.0,20591.945019525043,243407.3501025909
24e2fe96515fc894,ac2a5ee6878db2c2,6b7e1f5b521de19b,d4f34f97b6d22a81,Open,2193801.7442508875,23.04253472222222,4,C4: Mid-Range,,132.57967,109.53713141547308,,
24f85a3b58ec2e12,9387d1da6d5967e1,6b7e1f5b521de19b,d4f34f97b6d22a81,Open,1.170863568534039,0.0032407407407407,1,C1: Active Pipeline,,89.06127,89.05803092673973,,
250408c10ebdc064,ac2a5ee6878db2c2,6b7e1f5b521de19b,6f9a9c5f2856c8b3,Open,18208.27468183705,242.08770833333327,3,C3: Large Open,0.216,169.89539,0.0,3932.9873312768027,14275.287350560247
25116771c0fbca98,6befd145c261113d,6b7e1f5b521de19b,6f9a9c5f2856c8b3,Open,1.170863568534039,2.3148148148148147e-05,1,C1: Active Pipeline,,61.27791,61.27788517704717,,
251f2239d4d79dd2,6befd145c261113d,6b7e1f5b521de19b,6f9a9c5f2856c8b3,Open,21909.4346393966,96.0269675925926,3,C3: Large Open,0.352,103.81798,7.791010312680839,7712.120993067603,14197.313646328997
2520aafc4e4f5833,1cdd086394501fee,6b7e1f5b521de19b,6f9a9c5f2856c8b3,Open,8691.70306672421,0.0011458333333333,0,C0: High-Win,,49.500443,49.49929667154948,,
252a87dd4aed654d,1cdd086394501fee,6b7e1f5b521de19b,6f9a9c5f2856c8b3,Open,26396.718866699845,136.2605324074074,3,C3: Large Open,0.184,374.14362,237.88308331524885,4856.996271472772,21539.722595227075
253006b172ea3311,a66943a59bca7bfd,255414ab73601d72,28c9c64e5918b06e,Open,91064.6539145475,3.472222222222222e-05,0,C0: High-Win,,62.85446,62.85442694769965,,
2535491bda1c2e01,4928d3c96935fb3f,6ab36d9b02cbcf6b,6f9a9c5f2856c8b3,Open,1534.3138552620949,33.01667824074074,2,C2: High-Win,0.704,31.69298,0.0,1080.1569541045146,454.15690115758014
25377891fd3279ef,ac2a5ee6878db2c2,6b7e1f5b521de19b,d4f34f97b6d22a81,Open,105780.66429129704,22.55408564814815,3,C3: Large Open,0.386,101.26773,78.71364506474248,40831.33641644066,64949.32787485638
25380fad49b5dd3c,9387d1da6d5967e1,6b7e1f5b521de19b,d4f34f97b6d22a81,Open,9648.963805727815,2.3148148148148147e-05,3,C3: Large Open,,54.256157,54.256133773238574,,
253b0f32ba9095e8,6befd145c261113d,6b7e1f5b521de19b,6f9a9c5f2856c8b3,Open,24177.93535926633,128.06722222222223,3,C3: Large Open,0.29,66.221146,0.0,7011.601254187235,17166.33410507909
253dc72ce6ab127d,ac2a5ee6878db2c2,6b7e1f5b521de19b,d4f34f97b6d22a81,Open,24365.11980103845,182.16886574074076,3,C3: Large Open,0.15,39.10217,0.0,3654.7679701557677,20710.351830882682
255518ea98e134ae,6befd145c261113d,6b7e1f5b521de19b,6f9a9c5f2856c8b3,Open,64520.93016905135,9.25925925925926e-05,3,C3: Large Open,,70.74439,70.74429980242694,,
2557964d74e0566d,6befd145c261113d,6b7e1f5b521de19b,6f9a9c5f2856c8b3,Open,1.170863568534039,1.1574074074074072e-05,1,C1: Active Pipeline,,119.31885,119.31883608217592,,
2557ca97cbcf2a8d,6befd145c261113d,6b7e1f5b521de19b,d4f34f97b6d22a81,Open,81.43217479245789,2.3148148148148147e-05,1,C1: Active Pipeline,,51.096027,51.09600422611943,,
255ad45baa42e317,a66943a59bca7bfd,e366e0e543d0c5cd,d4f34f97b6d22a81,Open,29419.911583850386,277.7335763888889,3,C3: Large Open,0.55,348.6268,70.8932241482205,16180.951371117713,13238.960212732673
255d3af624e2d889,ac2a5ee6878db2c2,6b7e1f5b521de19b,6f9a9c5f2856c8b3,Open,993734.4584810276,502.9738078703704,3,C3: Large Open,0.446,81.16223,0.0,443205.56848253834,550528.8899984894
25780e3ed144607b,ac2a5ee6878db2c2,6b7e1f5b521de19b,6f9a9c5f2856c8b3,Open,1362622.3737509905,393.8240856481481,3,C3: Large Open,0.358,50.936375,0.0,487818.80980285455,874803.5639481359
2589f1f2a47b0be2,6befd145c261113d,6b7e1f5b521de19b,,Open,71011.85246572345,274.75247685185184,3,C3: Large Open,0.34,104.21372,0.0,24144.029838345974,46867.82262737747
25a9a909470b76d7,6befd145c261113d,6b7e1f5b521de19b,6f9a9c5f2856c8b3,Open,19623.72126185764,3.472222222222222e-05,3,C3: Large Open,,44.28271,44.28267630683051,,
25d9c7909363522a,9387d1da6d5967e1,674ec33189ed753c,,Open,89664.46366676311,2.3148148148148147e-05,3,C3: Large Open,,72.77841,72.77838871708623,,
25eafa2d384c46fa,6befd145c261113d,6b7e1f5b521de19b,6f9a9c5f2856c8b3,Open,1.170863568534039,1.1574074074074072e-05,1,C1: Active Pipeline,,146.92819,146.9281805645978,,
25f68ad0debd74ad,6befd145c261113d,6b7e1f5b521de19b,6f9a9c5f2856c8b3,Open,2267.505483287825,6.117569444444444,3,C3: Large Open,,31.317272,25.19970274183485,,
25f7d1548fe5d388,6befd145c261113d,6b7e1f5b521de19b,6f9a9c5f2856c8b3,Open,6009.906030357736,132.8415625,3,C3: Large Open,0.318,125.6224,0.0,1911.1501176537602,4098.755912703976
26010835545c7ea6,6befd145c261113d,6b7e1f5b521de19b,6f9a9c5f2856c8b3,Open,1.170863568534039,1.1574074074074072e-05,1,C1: Active Pipeline,,67.48295,67.48293672914858,,
2604dc75d0f799de,9387d1da6d5967e1,6b7e1f5b521de19b,,Open,11264.189824104717,1.1574074074074072e-05,3,C3: Large Open,0.182,304.35492,304.3549078595197,2050.082547987058,9214.107276117658
2616061f0c5f8d9e,6befd145c261113d,6b7e1f5b521de19b,6f9a9c5f2856c8b3,Open,1.170863568534039,2.3148148148148147e-05,1,C1: Active Pipeline,,57.614037,57.61401341191045,,
2630e3ad483b06a5,9387d1da6d5967e1,6b7e1f5b521de19b,,Open,35845.270270304114,1.1574074074074072e-05,3,C3: Large Open,,55.431747,55.431735862449365,,
26366425dc981367,6befd145c261113d,6b7e1f5b521de19b,6f9a9c5f2856c8b3,Open,1.170863568534039,1.1574074074074072e-05,1,C1: Active Pipeline,,57.614037,57.61402498598452,,
2645fcdf8688f27b,6befd145c261113d,6b7e1f5b521de19b,6f9a9c5f2856c8b3,Open,20169.84338011234,51.9146412037037,3,C3: Large Open,0.504,41.048687,0.0,10165.60106357662,10004.24231653572
264906f9f4e08bd5,6befd145c261113d,6b7e1f5b521de19b,6f9a9c5f2856c8b3,Open,1.170863568534039,2.3148148148148147e-05,1,C1: Active Pipeline,,57.614037,57.61401341191045,,
264b0a84d60dd79d,9387d1da6d5967e1,6b7e1f5b521de19b,1e1439736d3ae4c5,Open,1.170863568534039,0.0571875,1,C1: Active Pipeline,,77.543724,77.4865365600586,,
26627c4a18bd7f0e,1cdd086394501fee,4e40b1753336bf63,,Open,34168.569058411624,1.1574074074074072e-05,0,C0: High-Win,,45.463856,45.46384416933413,,
266c7ae3cbd96bdd,ac2a5ee6878db2c2,6b7e1f5b521de19b,6f9a9c5f2856c8b3,Open,179003.01218540355,4.629629629629629e-05,0,C0: High-Win,,80.096954,80.09690804940684,,
2676c079af753735,9387d1da6d5967e1,6b7e1f5b521de19b,d4f34f97b6d22a81,Open,4517.797135638614,1.7414467592592593,3,C3: Large Open,0.696,66.366875,64.62542793556496,3144.3868064044755,1373.410329234139
2690337a31bf9c89,ac2a5ee6878db2c2,6b7e1f5b521de19b,6f9a9c5f2856c8b3,Open,168509.02042315467,790.1045833333334,3,C3: Large Open,0.162,205.99046,0.0,27298.461308551057,141210.55911460362
269ed05dbdda953a,a66943a59bca7bfd,255414ab73601d72,d4f34f97b6d22a81,Open,1.170863568534039,1.1574074074074072e-05,1,C1: Active Pipeline,,48.43124,48.43122850771304,,
26a0bcc02bf50dd0,6befd145c261113d,6b7e1f5b521de19b,6f9a9c5f2856c8b3,Open,1.170863568534039,0.0,1,C1: Active Pipeline,,47.16278,47.16278076171875,,
26aab5d5b1ca033d,ac2a5ee6878db2c2,6b7e1f5b521de19b,d4f34f97b6d22a81,Open,1456.4483841744886,30.887013888888887,1,C1: Active Pipeline,0.4551428571428572,67.90234,37.01532986111111,662.8920788542745,793.5563053202142
26ae092108ca5fb0,9387d1da6d5967e1,6b7e1f5b521de19b,,Open,9648.963805727815,59.27936342592593,3,C3: Large Open,,148.2056,88.92623349790219,,
26b08386fc404101,4928d3c96935fb3f,6b7e1f5b521de19b,d4f34f97b6d22a81,Open,1.170863568534039,2.3148148148148147e-05,1,C1: Active Pipeline,,46.992172,46.99214909306279,,
26c6e49cb03d8fd7,ac2a5ee6878db2c2,6b7e1f5b521de19b,d4f34f97b6d22a81,Open,133452.39454642526,77.01748842592593,3,C3: Large Open,0.28,27.238781,0.0,37366.670472999074,96085.72407342619
26ce6305e5c33a35,9387d1da6d5967e1,6b7e1f5b521de19b,,Open,9648.963805727815,0.0,3,C3: Large Open,0.446,123.49171,123.49170684814453,4303.4378573546055,5345.52594837321
26e0296c05277efa,a66943a59bca7bfd,fc3655a0b667e091,28c9c64e5918b06e,Open,426084.1798525235,0.0016203703703703,0,C0: High-Win,,106.70192,106.70029918529369,,
26e485a4bc57c39c,9387d1da6d5967e1,6b7e1f5b521de19b,,Open,22962.31400177536,20.95396990740741,3,C3: Large Open,,92.951004,71.9970341209129,,
26e80bda77ec703c,6befd145c261113d,6b7e1f5b521de19b,6f9a9c5f2856c8b3,Open,832076.8053691668,151.1939236111111,3,C3: Large Open,0.738,209.68639,58.492462497287335,614072.682362445,218004.1230067217
26eee25c4b0d8e2c,9387d1da6d5967e1,6b7e1f5b521de19b,,Open,30559.481337518984,2.3148148148148147e-05,3,C3: Large Open,,31.764572,31.76454899540654,,
2709c4547e5dc0b3,6befd145c261113d,6b7e1f5b521de19b,,Open,74529.76131529504,1.1574074074074072e-05,3,C3: Large Open,,79.09976,79.09975038881655,,
27124ab99f251f26,ac2a5ee6878db2c2,6b7e1f5b521de19b,6f9a9c5f2856c8b3,Open,1.170863568534039,1.1574074074074072e-05,1,C1: Active Pipeline,,68.9484,68.94839083071108,,
2719b23e7fcf1d8b,9387d1da6d5967e1,6b7e1f5b521de19b,,Open,9648.963805727815,0.0,3,C3: Large Open,,168.73376,168.7337646484375,,
271bc3e4f1ac35ff,9387d1da6d5967e1,6b7e1f5b521de19b,,Open,262389.5861676333,1.1574074074074072e-05,3,C3: Large Open,,328.98587,328.9858587872541,,
2736874eec5156ac,9387d1da6d5967e1,6b7e1f5b521de19b,2095e0b55fdf3180,Open,278787.4963550995,3.472222222222222e-05,3,C3: Large Open,,571.15875,571.158717719184,,
273e45dd6d324815,6befd145c261113d,6b7e1f5b521de19b,6f9a9c5f2856c8b3,Open,35074.3895460749,131.84721064814815,3,C3: Large Open,0.432,297.87952,166.03230595341435,15152.136283904356,19922.253262170543
2744fa8dafd93d59,a66943a59bca7bfd,255414ab73601d72,,Open,25102.753943361105,143.81581018518517,2,C2: High-Win,,97.62358,0.0,,
27456872de9364b6,a66943a59bca7bfd,cca8e68b78e095c5,28c9c64e5918b06e,Open,798.4497435488216,0.0701273148148148,1,C1: Active Pipeline,,91.275,91.2048742110641,,
275def29b77715f5,6befd145c261113d,6b7e1f5b521de19b,6f9a9c5f2856c8b3,Open,8879.724894666122,426.9380324074074,3,C3: Large Open,0.102,53.633965,0.0,905.7319392559444,7973.992955410178
27825483391dca10,1cdd086394501fee,6b7e1f5b521de19b,,Open,29324.531411075328,1.1574074074074072e-05,3,C3: Large Open,,292.7843,292.78429018373845,,
27a15748e94df977,ac2a5ee6878db2c2,6b7e1f5b521de19b,d4f34f97b6d22a81,Open,1.170863568534039,0.0002083333333333,1,C1: Active Pipeline,,115.94043,115.94022135416667,,
27aa5ccf13eaac39,9387d1da6d5967e1,6b7e1f5b521de19b,,Open,9648.963805727815,0.0,3,C3: Large Open,,44.02994,44.02994155883789,,
27afa35778a91c36,9387d1da6d5967e1,6b7e1f5b521de19b,,Open,5186.502594949308,3.8914930555555554,3,C3: Large Open,0.184,92.817604,88.92611100938585,954.3164774706727,4232.186117478636
27b75a9c99496eaa,a66943a59bca7bfd,e366e0e543d0c5cd,d4f34f97b6d22a81,Open,193235.94645019592,42.91166666666667,0,C0: High-Win,0.504,30.871698,0.0,97390.91701089875,95845.02943929717
27b9422076115a0f,ef9b14cf5a29c54a,6b7e1f5b521de19b,,Open,972080.0196430964,79.93703703703704,3,C3: Large Open,0.42,494.35587,414.4188284414786,408273.60825010046,563806.411392996
27baec6dc043e58b,9387d1da6d5967e1,6b7e1f5b521de19b,,Open,5083.8994500666495,2.3148148148148147e-05,3,C3: Large Open,,155.17311,155.1730878137659,,
27bc603859fd8deb,9387d1da6d5967e1,6b7e1f5b521de19b,,Open,1.170863568534039,1.1574074074074072e-05,1,C1: Active Pipeline,,56.892467,56.892455924705224,,
27bd01bdd65639db,6befd145c261113d,6b7e1f5b521de19b,,Open,35845.270270304114,1.1574074074074072e-05,0,C0: High-Win,0.382,272.96304,272.9630316388166,13692.893243256172,22152.377027047944
27beb173d9d98bf7,6befd145c261113d,6b7e1f5b521de19b,6f9a9c5f2856c8b3,Open,1.170863568534039,0.0,1,C1: Active Pipeline,,60.66869,60.6686897277832,,
27c3011efb06df38,a66943a59bca7bfd,77c27bf8a409b6bb,28c9c64e5918b06e,Open,31441.363393509106,0.0025,3,C3: Large Open,0.672,100.843346,100.84084564208985,21128.59620043812,10312.767193070986
27c4cd7b850e9b8e,6befd145c261113d,6b7e1f5b521de19b,,Open,1.170863568534039,77.99581018518519,1,C1: Active Pipeline,0.346,89.508896,11.513085688838245,0.40511879471277745,0.7657447738212615
27e968cecdb02e06,6befd145c261113d,6b7e1f5b521de19b,,Open,26280.95777724916,1.1574074074074072e-05,3,C3: Large Open,,42.57508,42.57506929750796,,
27ee21bf6b0f911d,1cdd086394501fee,6b7e1f5b521de19b,6f9a9c5f2856c8b3,Open,139665.70103702517,0.0010300925925925,3,C3: Large Open,,299.77365,299.7726210304543,,
27f7d29d79c85707,9387d1da6d5967e1,6b7e1f5b521de19b,d4f34f97b6d22a81,Open,21131.29713264837,185.72247685185187,3,C3: Large Open,0.23,135.83,0.0,4860.198340509126,16271.098792139246
280c97761cb64792,ef9b14cf5a29c54a,6b7e1f5b521de19b,,Open,88724.25999587397,1.1574074074074072e-05,2,C2: High-Win,,18.936563,18.936551917747217,,
281aa709f1054dc3,6befd145c261113d,6b7e1f5b521de19b,6f9a9c5f2856c8b3,Open,1.170863568534039,1.1574074074074072e-05,1,C1: Active Pipeline,,97.23357,97.23355471010561,,
2832d6e1ce02bea6,6befd145c261113d,6b7e1f5b521de19b,6f9a9c5f2856c8b3,Open,98.49392076768088,28.893761574074077,1,C1: Active Pipeline,0.694,47.463852,18.57009035463686,68.35478101277052,30.139139754910353
2836daad17c4ba1e,4928d3c96935fb3f,6b7e1f5b521de19b,,Open,34725.85282263778,369.81408564814814,2,C2: High-Win,0.628,333.30188,0.0,21807.83557261653,12918.017250021256
2844f058fc57d1b3,6befd145c261113d,6b7e1f5b521de19b,6f9a9c5f2856c8b3,Open,5655.969519442425,0.0,3,C3: Large Open,,43.50959,43.50959014892578,,
287d7a72f0cfaea3,a66943a59bca7bfd,7545e34e09ae9cad,28c9c64e5918b06e,Open,245333.30429795303,2.3148148148148147e-05,3,C3: Large Open,0.188,467.32108,467.32105229130497,46122.66120801517,199210.64308993786
287e1cecf0a0e019,9387d1da6d5967e1,6b7e1f5b521de19b,,Open,5655.969519442425,1.1574074074074072e-05,3,C3: Large Open,,26.56185,26.56183802004214,,
2887b53863d7cba7,6befd145c261113d,6b7e1f5b521de19b,6f9a9c5f2856c8b3,Open,1997853.8120249864,293.81958333333336,3,C3: Large Open,0.484,1146.2593,852.4396940104166,966961.2450200934,1030892.567004893
289cd30b0abe76cf,9387d1da6d5967e1,6b7e1f5b521de19b,,Open,1.170863568534039,1.1574074074074072e-05,1,C1: Active Pipeline,,72.60423,72.60422121401186,,
28cdcbbf9e42cc3a,1cdd086394501fee,6b7e1f5b521de19b,6f9a9c5f2856c8b3,Open,41.64093372938602,0.0169560185185185,1,C1: Active Pipeline,,63.945244,63.9282878169307,,
28ce28e32292eb92,a66943a59bca7bfd,75c64824a2a4e380,28c9c64e5918b06e,Open,24696.398741469373,237.1935648148148,0,C0: High-Win,0.396,89.58148,0.0,9779.773901621873,14916.6248398475
28d9c79f1d278868,1cdd086394501fee,e43bc3ffd79e75b6,,Open,73237.08878153896,150.89496527777777,3,C3: Large Open,0.452,79.96042,0.0,33103.16412925561,40133.92465228335
28e3d17287d997e0,ac2a5ee6878db2c2,255414ab73601d72,d4f34f97b6d22a81,Open,129910.94465503003,305.0698726851852,3,C3: Large Open,0.18,108.05306,0.0,23383.970037905405,106526.97461712464
28f66aab51493dd7,ac2a5ee6878db2c2,6b7e1f5b521de19b,6f9a9c5f2856c8b3,Open,1.170863568534039,1.1574074074074072e-05,1,C1: Active Pipeline,,67.94672,67.94670473451967,,
28fc1f8f01882289,6befd145c261113d,6b7e1f5b521de19b,,Open,1.170863568534039,0.0,1,C1: Active Pipeline,,401.65195,401.6519470214844,,
29087a8866fd717b,1cdd086394501fee,6b7e1f5b521de19b,,Open,1.170863568534039,0.0,1,C1: Active Pipeline,,292.69595,292.6959533691406,,
2912296a9008c2e6,6befd145c261113d,6b7e1f5b521de19b,6f9a9c5f2856c8b3,Open,98.49392076768088,1.1574074074074072e-05,1,C1: Active Pipeline,,60.485874,60.48586260195132,,
291661bb1dd3e134,1cdd086394501fee,6b7e1f5b521de19b,6f9a9c5f2856c8b3,Open,28364.580587104123,0.0051736111111111,0,C0: High-Win,,63.945244,63.94007022433811,,
291ba32a618e28fe,a66943a59bca7bfd,ca0404ddaade5726,28c9c64e5918b06e,Open,17598.62744916758,0.0064930555555555,3,C3: Large Open,,121.09612,121.08962968614367,,
292c58833fc37f37,9387d1da6d5967e1,6b7e1f5b521de19b,,Open,65064.44409714713,176.7883912037037,3,C3: Large Open,0.254,62.726734,0.0,16526.36880067537,48538.075296471754
293be0997ff96851,ac2a5ee6878db2c2,6b7e1f5b521de19b,,Open,1.170863568534039,1.1574074074074072e-05,1,C1: Active Pipeline,,47.212563,47.212550986961084,,
2962b2b3ef4b4131,ac2a5ee6878db2c2,7b7c16a1b24ec3b8,28c9c64e5918b06e,Open,122603.18432470376,0.0047800925925925,0,C0: High-Win,0.618,88.4641,88.45932360613787,75768.76791266692,46834.41641203684
298d9f96f99b2dd3,a66943a59bca7bfd,062b9e5a52eb6d8e,28c9c64e5918b06e,Open,1.170863568534039,0.0006018518518518,1,C1: Active Pipeline,,82.49057,82.48996821650752,,
298ddb56a50c8d82,9387d1da6d5967e1,6b7e1f5b521de19b,d4f34f97b6d22a81,Open,1.170863568534039,2.3148148148148147e-05,1,C1: Active Pipeline,,45.975803,45.975780227095996,,
2991eb79e2a6d515,ac2a5ee6878db2c2,6b7e1f5b521de19b,6f9a9c5f2856c8b3,Open,1.170863568534039,1.1574074074074072e-05,1,C1: Active Pipeline,,116.36064,116.36062990541811,,
299c18a1b4c891bf,9387d1da6d5967e1,6b7e1f5b521de19b,,Open,3764.819039818671,43.03256944444445,2,C2: High-Win,,30.245201,0.0,,
29a37a20e63343a8,a66943a59bca7bfd,6828ce51082c111b,28c9c64e5918b06e,Open,1.170863568534039,1.1574074074074072e-05,1,C1: Active Pipeline,,53.567547,53.56753527040835,,
29a63a0220fb1819,ac2a5ee6878db2c2,6b7e1f5b521de19b,d4f34f97b6d22a81,Open,1.170863568534039,0.0,1,C1: Active Pipeline,,53.505577,53.505577087402344,,
29b920e687b912a0,6befd145c261113d,6b7e1f5b521de19b,,Open,25654.101903090123,0.0,3,C3: Large Open,,32.994534,32.99453353881836,,
29d156605258e645,6befd145c261113d,6b7e1f5b521de19b,6f9a9c5f2856c8b3,Open,6980.6575917369855,3.472222222222222e-05,3,C3: Large Open,,68.86133,68.86129340277778,,
29d8b2f0a38ebf1e,6befd145c261113d,6b7e1f5b521de19b,6f9a9c5f2856c8b3,Open,98.49392076768088,3.472222222222222e-05,1,C1: Active Pipeline,,61.09672,61.0966869269477,,
29e14ed68ac4ec37,9387d1da6d5967e1,6b7e1f5b521de19b,,Open,18286.99223841811,2.3148148148148147e-05,3,C3: Large Open,,48.574146,48.57412312260381,,
29eb055caee6e69d,9387d1da6d5967e1,6b7e1f5b521de19b,,Open,36095.37719582366,0.0,3,C3: Large Open,0.362,239.4906,239.4906005859375,13066.526544888166,23028.850650935496
29f697737a7618b5,6befd145c261113d,6b7e1f5b521de19b,d4f34f97b6d22a81,Open,280.87906864983785,41.63296296296296,1,C1: Active Pipeline,0.408,53.84202,12.20905516447845,114.59866000913384,166.28040864070402
2a02e51ad12ddd0b,6befd145c261113d,6b7e1f5b521de19b,6f9a9c5f2856c8b3,Open,21632.96134516493,65.8489236111111,3,C3: Large Open,0.084,81.54904,15.700118136935771,1817.1687529938542,19815.792592171078
2a03a1f5d9bef215,9387d1da6d5967e1,6b7e1f5b521de19b,d4f34f97b6d22a81,Open,1.170863568534039,0.0,1,C1: Active Pipeline,,114.2931,114.29309844970703,,
2a12e1f0b5cb89a7,6befd145c261113d,6b7e1f5b521de19b,6f9a9c5f2856c8b3,Open,98.49392076768088,20.840891203703706,1,C1: Active Pipeline,0.63,47.35026,26.509370484528716,62.05117008363895,36.442750684041926
2a1ef0fad043a056,6befd145c261113d,6b7e1f5b521de19b,6f9a9c5f2856c8b3,Open,1100.311736085542,360.9595833333333,1,C1: Active Pipeline,0.498,38.01061,0.0,547.9552445705999,552.356491514942
2a1ef452a75ac978,9387d1da6d5967e1,6b7e1f5b521de19b,,Open,76057.68653515907,44.985532407407405,3,C3: Large Open,,84.85243,39.86689984356916,,
2a1f45f17e82480d,6befd145c261113d,6b7e1f5b521de19b,,Open,1875334.4167467568,1.1574074074074072e-05,3,C3: Large Open,0.35,1352.606,1352.605945457176,656367.0458613648,1218967.370885392
2a25eb41c6576067,ac2a5ee6878db2c2,6b7e1f5b521de19b,6f9a9c5f2856c8b3,Open,1478807.6585938423,1293.3494560185186,3,C3: Large Open,0.546,103.48885,0.0,807428.981592238,671378.6770016043
2a2684039bab4d1d,ac2a5ee6878db2c2,6b7e1f5b521de19b,d4f34f97b6d22a81,Open,2336.8948032689946,4.629629629629629e-05,1,C1: Active Pipeline,,27.289827,27.28978105050546,,
2a4b7305b252f40d,1cdd086394501fee,6b7e1f5b521de19b,6f9a9c5f2856c8b3,Open,69383.15464138098,0.0155208333333333,3,C3: Large Open,,60.749252,60.733731486002604,,
2a6b5678c3e0f316,a66943a59bca7bfd,a0d28553c7be77f0,28c9c64e5918b06e,Open,1.170863568534039,0.0,1,C1: Active Pipeline,,67.355064,67.35506439208984,,
2a762ed9606f8791,9387d1da6d5967e1,6b7e1f5b521de19b,d4f34f97b6d22a81,Open,1.170863568534039,1.1574074074074072e-05,1,C1: Active Pipeline,,74.50629,74.50627504701967,,
2a7efaff5a7bf4c2,ef9b14cf5a29c54a,6b7e1f5b521de19b,,Open,2578984.1004083403,149.89131944444443,3,C3: Large Open,0.232,193.56264,43.67131788465713,598324.311294735,1980659.7891136054
2a82cf3dafe01276,a66943a59bca7bfd,674ec33189ed753c,28c9c64e5918b06e,Open,1.170863568534039,0.0,1,C1: Active Pipeline,,53.54418,53.54418182373047,,
2a9b0a6cae1381e6,a66943a59bca7bfd,6828ce51082c111b,28c9c64e5918b06e,Open,641313.366553259,37.821157407407405,3,C3: Large Open,0.08,183.57925,145.7580967429832,51305.069324260716,590008.2972289983
2a9c4ddf905243db,ac2a5ee6878db2c2,6b7e1f5b521de19b,6f9a9c5f2856c8b3,Open,5459750.127724096,1.1574074074074072e-05,3,C3: Large Open,,804.17773,804.177722800926,,
2a9dbcc99deb2ac9,6befd145c261113d,6b7e1f5b521de19b,,Open,218130.08395331344,265.9100925925926,3,C3: Large Open,0.294,238.3526,0.0,64130.24468227415,153999.8392710393
2aa2238f7f32bf21,a66943a59bca7bfd,7545e34e09ae9cad,28c9c64e5918b06e,Open,71011.85246572345,50.03804398148148,3,C3: Large Open,0.368,56.24008,6.202037805627896,26132.36170738623,44879.49075833722
2ab73a89bed6401d,1cdd086394501fee,6b7e1f5b521de19b,,Open,9648.963805727815,0.0,3,C3: Large Open,0.274,293.30426,293.30426025390625,2643.8160827694214,7005.147722958393
2acc39c10774ebf8,9387d1da6d5967e1,6b7e1f5b521de19b,,Open,71334.4936587824,45.81428240740741,3,C3: Large Open,0.718,105.14042,59.326136598940245,51218.166447005766,20116.32721177664
2ad7a3e9543d50b1,ef9b14cf5a29c54a,6b7e1f5b521de19b,,Open,25102.753943361105,2.3148148148148147e-05,3,C3: Large Open,,38.43852,38.43849537602178,,
2ae29af42eae2e7a,9387d1da6d5967e1,6b7e1f5b521de19b,,Open,1.170863568534039,756.8099189814815,1,C1: Active Pipeline,0.242,104.27964,0.0,0.2833489835852374,0.8875145849488015
2ae7ba1b57c4879e,9387d1da6d5967e1,6b7e1f5b521de19b,d4f34f97b6d22a81,Open,10573.806471589558,18.05991898148148,0,C0: High-Win,0.696,68.83155,50.77163161666305,7359.369304226332,3214.4371673632263
2aeb7dec34915c40,6befd145c261113d,6b7e1f5b521de19b,,Open,1.170863568534039,397.2887152777778,1,C1: Active Pipeline,,109.93148,0.0,,
2aff9690d90bfe4f,ac2a5ee6878db2c2,6b7e1f5b521de19b,,Open,115001.75177014514,0.0,0,C0: High-Win,0.732,41.711517,41.711517333984375,84181.28229574625,30820.4694743989
2b041be9db644121,9387d1da6d5967e1,6b7e1f5b521de19b,,Open,2.4198904513070483,0.0,1,C1: Active Pipeline,,89.74438,89.74437713623047,,
2b07c3e23a5398a9,9387d1da6d5967e1,6b7e1f5b521de19b,,Open,2.4198904513070483,0.0,1,C1: Active Pipeline,,75.45485,75.45484924316406,,
2b0d2b3d97e47fd6,ac2a5ee6878db2c2,6b7e1f5b521de19b,6f9a9c5f2856c8b3,Open,173895.04769373764,620.9998726851852,3,C3: Large Open,0.182,485.7869,0.0,31648.89868026025,142246.1490134774
2b1ed5a6d4514358,6befd145c261113d,6b7e1f5b521de19b,d4f34f97b6d22a81,Open,924.2261469524384,114.1152662037037,0,C0: High-Win,0.448,91.33434,0.0,414.0533138346924,510.17283311774605
2b28b24d8639f917,1cdd086394501fee,6b7e1f5b521de19b,d4f34f97b6d22a81,Open,70515.52562574956,0.0636458333333333,3,C3: Large Open,,115.67989,115.616247660319,,
2b3fb57ed63f21c6,1cdd086394501fee,6b7e1f5b521de19b,6f9a9c5f2856c8b3,Open,15986.224449984467,619.754849537037,3,C3: Large Open,0.428,69.03594,0.0,6842.104064593352,9144.120385391116
2b4a05fc4b727a87,6befd145c261113d,6b7e1f5b521de19b,6f9a9c5f2856c8b3,Open,1.170863568534039,2.3148148148148147e-05,1,C1: Active Pipeline,,49.587154,49.58713124027959,,
2b562303d6002993,6befd145c261113d,6b7e1f5b521de19b,6f9a9c5f2856c8b3,Open,98.49392076768088,64.83738425925925,1,C1: Active Pipeline,0.41,51.096027,0.0,40.38250751474916,58.111413252931726
2b70431262077140,6befd145c261113d,6b7e1f5b521de19b,6f9a9c5f2856c8b3,Open,1298773.038087794,0.0001157407407407,3,C3: Large Open,,99.22823,99.2281175966616,,
2b74041eb3989bb8,1cdd086394501fee,6b7e1f5b521de19b,6f9a9c5f2856c8b3,Open,141628.9740284729,2.3148148148148147e-05,3,C3: Large Open,,444.80872,444.80869267216434,,
2b91697bd5bf5331,9387d1da6d5967e1,6b7e1f5b521de19b,,Open,36077.87700023642,0.0,0,C0: High-Win,,30.16348,30.163480758666992,,
2b9352ed6bcf65b5,1cdd086394501fee,6b7e1f5b521de19b,6f9a9c5f2856c8b3,Open,186555.16774733728,633.8761574074074,3,C3: Large Open,0.376,75.870224,0.0,70144.74307299881,116410.42467433847
2ba99f88d4bf9291,6befd145c261113d,6b7e1f5b521de19b,6f9a9c5f2856c8b3,Open,210367.3586828628,1.1574074074074072e-05,0,C0: High-Win,0.216,475.763,475.7629889142072,45439.34947549836,164928.00920736443
2ba9a3741843d8ac,1cdd086394501fee,6ab36d9b02cbcf6b,,Open,524417.177630072,1.1574074074074072e-05,3,C3: Large Open,,79.120735,79.12072359438295,,
2bd714f44ee32b4d,1cdd086394501fee,6b7e1f5b521de19b,6f9a9c5f2856c8b3,Open,1.170863568534039,1.1574074074074072e-05,1,C1: Active Pipeline,,59.266552,59.266540397361474,,
2be232aafbabb186,6befd145c261113d,6b7e1f5b521de19b,6f9a9c5f2856c8b3,Open,36653.82156469722,8.708773148148149,0,C0: High-Win,0.852,41.676296,32.96752308598271,31229.055973122027,5424.765591575188
2be351a99b933d97,9387d1da6d5967e1,6b7e1f5b521de19b,,Open,2.4198904513070483,724.9575462962963,1,C1: Active Pipeline,0.102,74.370415,0.0,0.2468288260333189,2.1730616252737294
2be5638f3746fb51,9387d1da6d5967e1,6b7e1f5b521de19b,,Open,11264.189824104717,0.0,2,C2: High-Win,,28.904745,28.90474510192871,,
2be5f27ab424bf2f,6befd145c261113d,6b7e1f5b521de19b,6f9a9c5f2856c8b3,Open,187311.92835582036,0.0015277777777777,0,C0: High-Win,,66.36738,66.3658504570855,,
2bf046345abb95cc,9387d1da6d5967e1,6b7e1f5b521de19b,d4f34f97b6d22a81,Open,6091.577363923724,2.3148148148148147e-05,0,C0: High-Win,,66.40385,66.40382359257451,,
2bfe36643adf7fb0,1cdd086394501fee,6b7e1f5b521de19b,6f9a9c5f2856c8b3,Open,91597.87417954732,8.447372685185185,3,C3: Large Open,0.482,116.08116,107.63378881383825,44150.1753545418,47447.698825005515
2c071b7d9483f796,a66943a59bca7bfd,255414ab73601d72,,Open,114404.8346008642,10.786712962962962,2,C2: High-Win,0.718,92.85293,82.06621519865813,82142.6712434205,32262.163357443707
2c0f45cec796bf7a,4928d3c96935fb3f,6b7e1f5b521de19b,,Open,27364.314495222257,1.1574074074074072e-05,3,C3: Large Open,,25.614096,25.61408411379214,,
2c1de5e5421e1121,9387d1da6d5967e1,6b7e1f5b521de19b,,Open,52063.46358460104,0.0306828703703703,3,C3: Large Open,,131.85023,131.81955211498118,,
2c28c43135e18b34,6befd145c261113d,6b7e1f5b521de19b,6f9a9c5f2856c8b3,Open,21790.08499961947,3.941469907407408,3,C3: Large Open,0.856904761904762,57.62426,53.68279004132306,18672.027598483448,3118.057401136023
2c2e2a1628d737c4,9387d1da6d5967e1,6b7e1f5b521de19b,,Open,36095.37719582366,1.1574074074074072e-05,3,C3: Large Open,,99.15961,99.15959535951967,,
2c38d2e9b4691446,6befd145c261113d,6b7e1f5b521de19b,6f9a9c5f2856c8b3,Open,5313.42054809702,4.629629629629629e-05,0,C0: High-Win,,39.71614,39.716094450774015,,
2c46d220791f5abe,1cdd086394501fee,e43bc3ffd79e75b6,,Open,32461.976723684023,1.8386111111111112,3,C3: Large Open,0.5747428571428571,133.50708,131.6684689670139,18657.28925067508,13804.687473008944
2c4d3639e97a845a,9387d1da6d5967e1,6b7e1f5b521de19b,d4f34f97b6d22a81,Open,147782.212188992,0.0,3,C3: Large Open,,60.056076,60.05607604980469,,
2c5782d526200807,ac2a5ee6878db2c2,6b7e1f5b521de19b,6f9a9c5f2856c8b3,Open,1.170863568534039,1.1574074074074072e-05,1,C1: Active Pipeline,,52.935894,52.9358824383771,,
2c5b16e015c70a41,1cdd086394501fee,062b9e5a52eb6d8e,,Open,147782.212188992,525.9195717592593,3,C3: Large Open,0.148,132.16887,0.0,21871.767403970814,125910.44478502119
2c6e359aa0ed69b7,1cdd086394501fee,674ec33189ed753c,,Open,449705.725200155,7.598541666666667,3,C3: Large Open,0.49,110.28609,102.68754536946615,220355.80534807596,229349.91985207904
2c80b4e343167927,ac2a5ee6878db2c2,6b7e1f5b521de19b,d4f34f97b6d22a81,Open,3283.921133670182,0.2167013888888889,3,C3: Large Open,,80.2622,80.04549801296658,,
2ca30447709b5dc3,9387d1da6d5967e1,6b7e1f5b521de19b,,Open,2.4198904513070483,475.7624421296296,1,C1: Active Pipeline,0.052,128.72212,0.0,0.1258343034679665,2.2940561478390817
2ca377578bb2bbe2,9387d1da6d5967e1,6b7e1f5b521de19b,,Open,35845.270270304114,0.0013425925925925,3,C3: Large Open,,87.95768,87.95633715594256,,
2ca6252d41e318fc,4928d3c96935fb3f,6b7e1f5b521de19b,,Open,5083.8994500666495,1.1574074074074072e-05,0,C0: High-Win,,45.186523,45.18651186342593,,
2cad7b5a797ccd2b,6befd145c261113d,6b7e1f5b521de19b,6f9a9c5f2856c8b3,Open,98.49392076768088,27.82994212962963,1,C1: Active Pipeline,,48.90007,21.07012806080006,,
2cb4fac65a62e3d4,9387d1da6d5967e1,6b7e1f5b521de19b,,Open,8342.688652667997,0.0134722222222222,3,C3: Large Open,0.7146666666666667,54.12458,54.11110816107856,5962.241490440062,2380.447162227935
2cbd751785c6573e,9387d1da6d5967e1,6b7e1f5b521de19b,,Open,65064.44409714713,0.0,3,C3: Large Open,,351.4655,351.46551513671875,,
2cbfe9e6eb20523e,6befd145c261113d,6b7e1f5b521de19b,6f9a9c5f2856c8b3,Open,1.170863568534039,2.3148148148148147e-05,1,C1: Active Pipeline,,48.244152,48.24412892094365,,
2cc021d58a5c3b55,6befd145c261113d,6b7e1f5b521de19b,6f9a9c5f2856c8b3,Open,8829.468233956963,150.30555555555554,3,C3: Large Open,0.34,58.095463,0.0,3002.0191995453674,5827.449034411595
2cc4765d72320da5,4928d3c96935fb3f,6b7e1f5b521de19b,6f9a9c5f2856c8b3,Open,306.4823686674905,11.265891203703704,2,C2: High-Win,,41.10511,29.83921896475333,,
2ccc2274c22857a2,9387d1da6d5967e1,6b7e1f5b521de19b,,Open,72858.2909415927,1.1574074074074072e-05,0,C0: High-Win,,59.133762,59.13375078554507,,
2cee0d6f6c8d0e95,a66943a59bca7bfd,fd10c5543bdbcbc9,28c9c64e5918b06e,Open,1.170863568534039,0.0,1,C1: Active Pipeline,,59.501266,59.50126647949219,,
2cee6fecf1b4aba0,1cdd086394501fee,6b7e1f5b521de19b,,Open,5863.460546876247,0.0,3,C3: Large Open,,47.67313,47.67313003540039,,
2cf8259fb999898c,9387d1da6d5967e1,6b7e1f5b521de19b,d4f34f97b6d22a81,Open,21939.17624926616,101.06880787037036,3,C3: Large Open,0.18,154.92589,53.857080191153074,3949.0517248679084,17990.124524398252
2d0959a427f2de65,ac2a5ee6878db2c2,6b7e1f5b521de19b,d4f34f97b6d22a81,Open,1.170863568534039,1.1574074074074072e-05,1,C1: Active Pipeline,,271.57635,271.5763434063947,,
2d1397c35f1dec4e,6befd145c261113d,6b7e1f5b521de19b,6f9a9c5f2856c8b3,Open,412.7635997837326,1.1574074074074072e-05,1,C1: Active Pipeline,,25.262625,25.262613166526513,,
2d1cf3740ca0dcfa,1cdd086394501fee,6b7e1f5b521de19b,6f9a9c5f2856c8b3,Open,1.170863568534039,0.0066550925925925,1,C1: Active Pipeline,,78.3243,78.31764758074725,,
2d1d7dd26f041a9c,6befd145c261113d,6b7e1f5b521de19b,6f9a9c5f2856c8b3,Open,164269.9714399476,3.472222222222222e-05,3,C3: Large Open,,46.708366,46.708331671820744,,
2d3e9f502b007c94,6befd145c261113d,6b7e1f5b521de19b,6f9a9c5f2856c8b3,Open,1.170863568534039,0.0,1,C1: Active Pipeline,,53.187317,53.18731689453125,,
2d43fad13981cc90,a66943a59bca7bfd,38080774be85927f,28c9c64e5918b06e,Open,1.170863568534039,1.1574074074074072e-05,1,C1: Active Pipeline,,54.642765,54.64275347109194,,
2d4674fc857e20a9,ac2a5ee6878db2c2,6b7e1f5b521de19b,,Open,1.170863568534039,1.1574074074074072e-05,1,C1: Active Pipeline,,71.34179,71.34177767153139,,
2d57bcfa53420c87,6befd145c261113d,6b7e1f5b521de19b,,Open,1.170863568534039,0.0,1,C1: Active Pipeline,,104.597916,104.59791564941406,,
2d5acc5825aa6980,9387d1da6d5967e1,6b7e1f5b521de19b,,Open,263999.29512211593,1.1574074074074072e-05,3,C3: Large Open,,363.52905,363.52904116030095,,
2d73b8ebd9d6c9fd,6befd145c261113d,6b7e1f5b521de19b,6f9a9c5f2856c8b3,Open,28127.187762869016,0.0010879629629629,0,C0: High-Win,,57.950043,57.94895476164641,,
2d784d2110daa8b2,9387d1da6d5967e1,6b7e1f5b521de19b,,Open,6825.920575393989,1.1574074074074072e-05,3,C3: Large Open,,36.949306,36.94929491396304,,
2d7f18ed8575862e,6befd145c261113d,6b7e1f5b521de19b,,Open,159208.65214788017,1.1574074074074072e-05,3,C3: Large Open,,130.92694,130.92692934389467,,
2d842c2cb1e05df8,6befd145c261113d,6b7e1f5b521de19b,6f9a9c5f2856c8b3,Open,1.170863568534039,1.1574074074074072e-05,1,C1: Active Pipeline,,59.407085,59.4070738446271,,
2d982d838e01f66b,6befd145c261113d,6b7e1f5b521de19b,6f9a9c5f2856c8b3,Open,98.49392076768088,20.726261574074076,1,C1: Active Pipeline,0.554,49.269573,28.543311637595846,54.56563210529521,43.92828866238567
2d9c9dd33d41fe92,6befd145c261113d,6b7e1f5b521de19b,6f9a9c5f2856c8b3,Open,411.3849510213735,5.787037037037037e-05,0,C0: High-Win,,24.070646,24.070588415640373,,
2da27cdf73d969a4,6befd145c261113d,6b7e1f5b521de19b,,Open,5655.969519442425,0.0,3,C3: Large Open,,34.89032,34.89031982421875,,
2da3b761647a4d93,9387d1da6d5967e1,6b7e1f5b521de19b,,Open,4966.308414472941,36.81200231481481,3,C3: Large Open,0.308,57.218643,20.40664087366175,1529.6229916576658,3436.6854228152747
2db332b0946f30cf,ac2a5ee6878db2c2,75c64824a2a4e380,,Open,45888537.05725525,640.9470601851851,3,C3: Large Open,0.384,415.597,0.0,17621198.22998602,28267338.827269234
2dc1d4858008d3c4,1cdd086394501fee,6b7e1f5b521de19b,6f9a9c5f2856c8b3,Open,16672.96342661008,0.0364583333333333,3,C3: Large Open,,53.22865,53.19219080607096,,
2dc41682825c2265,a66943a59bca7bfd,fe3d0016707df0ff,28c9c64e5918b06e,Open,704536.8878871537,8.101851851851852e-05,3,C3: Large Open,,183.7227,183.72262100784866,,
2de7d011fbc0e0b9,6befd145c261113d,6b7e1f5b521de19b,,Open,11981.44005651322,11.039398148148148,3,C3: Large Open,0.7875333333333334,71.44429,60.40489201298466,9435.78342583938,2545.656630673841
2dec0514bf6b98e2,9387d1da6d5967e1,6b7e1f5b521de19b,,Open,35845.270270304114,253.99067129629628,3,C3: Large Open,,264.58087,10.590200285734966,,
2e2049f304b2b0c8,6befd145c261113d,6b7e1f5b521de19b,d4f34f97b6d22a81,Open,7556.819970406958,8.101851851851852e-05,0,C0: High-Win,,67.06372,67.06363968460649,,
2e60f47bba56d3f1,9387d1da6d5967e1,6b7e1f5b521de19b,,Open,11264.189824104717,307.9239699074074,3,C3: Large Open,0.274,54.325226,0.0,3086.3880118046927,8177.801812300024
2e76c1140c283e8b,6befd145c261113d,6b7e1f5b521de19b,6f9a9c5f2856c8b3,Open,3084.1983883033517,0.0001736111111111,1,C1: Active Pipeline,,42.908367,42.90819354587131,,
2e7a9933271a67c2,ef9b14cf5a29c54a,6b7e1f5b521de19b,,Open,2919289.545808452,1.1574074074074072e-05,0,C0: High-Win,,274.29218,274.2921637188947,,
2e991d29e68b2e41,6befd145c261113d,6b7e1f5b521de19b,,Open,5655.969519442425,1.1574074074074072e-05,3,C3: Large Open,,38.918213,38.91820131655093,,
2ea3f787f5cbdd2a,9387d1da6d5967e1,6b7e1f5b521de19b,,Open,2.4198904513070483,1.1574074074074072e-05,1,C1: Active Pipeline,,149.95267,149.95265566225405,,
2ea52038c5986ca8,1cdd086394501fee,6b7e1f5b521de19b,6f9a9c5f2856c8b3,Open,26396.718866699845,136.26041666666666,3,C3: Large Open,0.282,314.10632,177.84590657552084,7443.874720409355,18952.84414629049
2ea899792613e3d7,ef9b14cf5a29c54a,6b7e1f5b521de19b,,Open,6817.407966200085,1.1574074074074072e-05,3,C3: Large Open,,157.01146,157.01144777651186,,
2ec5bdfd2eb58f43,1cdd086394501fee,6b7e1f5b521de19b,,Open,10004224.408039276,780.0104976851852,3,C3: Large Open,0.192,1584.7587,804.7481693070023,1920811.086343541,8083413.321695735
2ecb2b0e0d055a0f,ac2a5ee6878db2c2,6b7e1f5b521de19b,d4f34f97b6d22a81,Open,1.170863568534039,0.0,1,C1: Active Pipeline,,119.79836,119.7983627319336,,
2ed1686cbbbcc271,1cdd086394501fee,e43bc3ffd79e75b6,,Open,21474.80466688851,20.696319444444445,3,C3: Large Open,0.496,61.48657,40.79024900648329,10651.503114776702,10823.301552111809
2ee32d5fded5b343,9387d1da6d5967e1,6b7e1f5b521de19b,,Open,35845.270270304114,54.33025462962963,3,C3: Large Open,0.042,279.2951,224.96485035083913,1505.5013513527729,34339.76891895134
2ee374e768162b8f,a66943a59bca7bfd,d1650c60f1f48b67,28c9c64e5918b06e,Open,329575.0427115465,552.8191087962963,3,C3: Large Open,0.176,163.06473,0.0,58005.207517232186,271569.83519431436
2ee959e08f3b53b9,6befd145c261113d,bd661df59343798b,28c9c64e5918b06e,Open,211.4574129138252,217.06886574074076,1,C1: Active Pipeline,0.408,25.572384,0.0,86.27462446884068,125.18278844498454
2ef09c274180347f,a66943a59bca7bfd,ac07a4f1ad9a4f67,,Open,509198.7501851264,0.0,3,C3: Large Open,0.43,204.51338,204.5133819580078,218955.46257960435,290243.2876055221
2ef30f0f861e9298,9387d1da6d5967e1,6b7e1f5b521de19b,d4f34f97b6d22a81,Open,35845.270270304114,0.0,3,C3: Large Open,,123.81022,123.81021881103516,,
2f133197c855707b,9387d1da6d5967e1,6b7e1f5b521de19b,,Open,9648.963805727815,0.0,3,C3: Large Open,0.428,172.7453,172.74530029296875,4129.756508851505,5519.207296876311
2f18cc040c444160,6befd145c261113d,6b7e1f5b521de19b,,Open,12563.39383684034,0.0,3,C3: Large Open,,174.32703,174.3270263671875,,
2f308f7ea5bd43f1,ac2a5ee6878db2c2,6b7e1f5b521de19b,6f9a9c5f2856c8b3,Open,1060.8669669680155,0.0192939814814814,1,C1: Active Pipeline,,27.337881,27.318587106775354,,
2f31bfb607e63577,1cdd086394501fee,6b7e1f5b521de19b,,Open,10004224.408039276,684.065300925926,3,C3: Large Open,0.216,1689.2223,1005.1569891131365,2160912.4721364835,7843311.935902792
2f32805c6aba6987,6befd145c261113d,6b7e1f5b521de19b,,Open,40966.8423659283,2.3148148148148147e-05,3,C3: Large Open,,90.69369,90.6936642908167,,
2f51230b7cc01f98,6befd145c261113d,6b7e1f5b521de19b,,Open,1.170863568534039,0.0,1,C1: Active Pipeline,,68.709694,68.7096939086914,,
2f54c5cbd8be332c,9387d1da6d5967e1,6b7e1f5b521de19b,,Open,9648.963805727815,1.1574074074074072e-05,3,C3: Large Open,,23.524202,23.524190772727685,,
2f6e313e1502dbee,1cdd086394501fee,6b7e1f5b521de19b,6f9a9c5f2856c8b3,Open,2674.015532288598,0.0001273148148148,3,C3: Large Open,0.476,56.078392,56.07826471399378,1272.8313933693726,1401.1841389192255
2f76de042dd47d8d,1cdd086394501fee,6b7e1f5b521de19b,6f9a9c5f2856c8b3,Open,16701.624862064935,8.42170138888889,3,C3: Large Open,0.43,354.61432,346.19261745876736,7181.698690687922,9519.926171377014
2f7a855e330f879c,9387d1da6d5967e1,95a23e7fbcc5841e,,Open,89664.46366676311,1.1574074074074072e-05,3,C3: Large Open,,279.89423,279.8942145001447,,
2f8e34f682b12add,a66943a59bca7bfd,1bb1bb990c53f4fc,28c9c64e5918b06e,Open,8366.924560638552,157.70938657407407,3,C3: Large Open,0.244,30.884434,0.0,2041.5295927958066,6325.394967842745
2f91d1adcd6c0fe2,1cdd086394501fee,e43bc3ffd79e75b6,,Open,177617.14935096705,1.1574074074074072e-05,3,C3: Large Open,,69.41472,69.41470705385561,,
2fa04f8b4507cc26,6befd145c261113d,6b7e1f5b521de19b,6f9a9c5f2856c8b3,Open,174827.5652787984,1.1574074074074072e-05,3,C3: Large Open,,35.29274,35.29272829408999,,
2fc1341fdc939444,a66943a59bca7bfd,d80899b211b3d52f,,Open,1.170863568534039,1.1574074074074072e-05,1,C1: Active Pipeline,,248.43733,248.43732057924623,,
2fcec0d56884f8cc,6befd145c261113d,6b7e1f5b521de19b,6f9a9c5f2856c8b3,Open,760753.8886393537,83.10431712962964,3,C3: Large Open,0.542,314.77805,231.67372852466724,412328.6076425297,348425.280996824
2fd4ca3a999bd95a,9387d1da6d5967e1,6b7e1f5b521de19b,,Open,3391.863497755878,89.12650462962964,0,C0: High-Win,,32.309002,0.0,,
2fd4cf5d80678ff4,a66943a59bca7bfd,ac6153076817c20f,28c9c64e5918b06e,Open,886360.5780622122,409.0183333333333,3,C3: Large Open,0.252,464.7495,55.73117838541668,223362.8656716775,662997.7123905347
2fd824b9ed8782ec,ac2a5ee6878db2c2,6b7e1f5b521de19b,d4f34f97b6d22a81,Open,1.170863568534039,0.0,1,C1: Active Pipeline,,57.182365,57.18236541748047,,
3004430e0486d470,9387d1da6d5967e1,6b7e1f5b521de19b,,Open,5479.120830957844,1.1574074074074072e-05,3,C3: Large Open,,25.005325,25.00531374330874,,
3010a50c59c99909,6befd145c261113d,6b7e1f5b521de19b,6f9a9c5f2856c8b3,Open,13064.897216337124,25.737511574074077,3,C3: Large Open,0.5124444444444445,56.95517,31.2176581036603,6695.033995749646,6369.863220587477
301390897b9b4868,a66943a59bca7bfd,7608f4f5fafe9b10,,Open,1.170863568534039,52.85709490740741,1,C1: Active Pipeline,0.11,147.10829,94.25119671856916,0.1287949925387443,1.0420685759952948
3025c03466928db9,1cdd086394501fee,6b7e1f5b521de19b,6f9a9c5f2856c8b3,Open,10080.236977536448,0.0011805555555555,0,C0: High-Win,0.622,109.09512,109.09394273546008,6269.9074000276705,3810.329577508777
302a0f07c5601d72,1cdd086394501fee,6b7e1f5b521de19b,6f9a9c5f2856c8b3,Open,288.8109059467501,1.1574074074074072e-05,1,C1: Active Pipeline,,18.274817,18.27480493898745,,
303175604a48d853,6befd145c261113d,6b7e1f5b521de19b,6f9a9c5f2856c8b3,Open,5829.658438600196,15.009351851851852,0,C0: High-Win,,49.816875,34.80752360591182,,
30445791b1a748e2,1cdd086394501fee,6b7e1f5b521de19b,6f9a9c5f2856c8b3,Open,450560.6691294054,91.09612268518518,3,C3: Large Open,0.338,93.373245,2.2771225540726334,152289.50616573903,298271.1629636663
30458d61184c597b,6befd145c261113d,6b7e1f5b521de19b,6f9a9c5f2856c8b3,Open,1.170863568534039,2.3148148148148147e-05,1,C1: Active Pipeline,,57.614037,57.61401341191045,,
30649aecf56cb50c,ac2a5ee6878db2c2,6b7e1f5b521de19b,6f9a9c5f2856c8b3,Open,223427.9855271508,0.0001736111111111,0,C0: High-Win,,248.69275,248.6925754123264,,
307353e35a214e4c,9387d1da6d5967e1,6b7e1f5b521de19b,,Open,35845.270270304114,40.83190972222222,3,C3: Large Open,0.304,379.3428,338.5108942328559,10896.962162172451,24948.308108131663
3073b1a378033eea,a66943a59bca7bfd,255414ab73601d72,28c9c64e5918b06e,Open,1.170863568534039,1.1574074074074072e-05,1,C1: Active Pipeline,,128.16496,128.1649511944806,,
307ec92f493c2e56,6befd145c261113d,6b7e1f5b521de19b,6f9a9c5f2856c8b3,Open,98.49392076768088,21.04564814814815,1,C1: Active Pipeline,0.604,51.587173,30.541525313765913,59.49032814367925,39.00359262400163
30802739f783cc74,9387d1da6d5967e1,6b7e1f5b521de19b,,Open,1.170863568534039,1.1574074074074072e-05,1,C1: Active Pipeline,,75.90084,75.90082918520326,,
3082de22d730d1f6,1cdd086394501fee,6b7e1f5b521de19b,6f9a9c5f2856c8b3,Open,194973.7289011769,421.69070601851854,3,C3: Large Open,0.34,55.90685,0.0,66291.06782640015,128682.66107477673
30831766705681c9,6befd145c261113d,6b7e1f5b521de19b,6f9a9c5f2856c8b3,Open,13563176.270952508,15.055960648148147,2,C2: High-Win,,709.7561,694.7001428674769,,
3084e9b46a3b443b,a66943a59bca7bfd,4dcb7378104041b8,28c9c64e5918b06e,Open,1.170863568534039,0.0381828703703703,1,C1: Active Pipeline,,69.54831,69.51012645580151,,
30a4b2409663ec0b,a66943a59bca7bfd,75c64824a2a4e380,,Open,30484.238499855564,5.922511574074074,3,C3: Large Open,,103.8666,97.94408846254701,,
30a9ad3c9b87f687,a66943a59bca7bfd,fc3655a0b667e091,28c9c64e5918b06e,Open,1.170863568534039,0.0,1,C1: Active Pipeline,,54.089104,54.08910369873047,,
30ad8384a1e73b99,9387d1da6d5967e1,6b7e1f5b521de19b,,Open,80872.05936290111,0.0,3,C3: Large Open,,378.5391,378.5390930175781,,
30bf857ffea0650c,9387d1da6d5967e1,6b7e1f5b521de19b,,Open,2.4198904513070483,1.1574074074074072e-05,1,C1: Active Pipeline,,510.35202,510.3520086895978,,
30cfa4ff468683ef,6befd145c261113d,6b7e1f5b521de19b,6f9a9c5f2856c8b3,Open,1.170863568534039,1.1574074074074072e-05,1,C1: Active Pipeline,,59.084465,59.084453452781396,,
30d427fdd2088760,ac2a5ee6878db2c2,6b7e1f5b521de19b,d4f34f97b6d22a81,Open,2336.8948032689946,1.1574074074074072e-05,1,C1: Active Pipeline,,27.39279,27.39277826662417,,
30d8c29707661f66,9387d1da6d5967e1,6b7e1f5b521de19b,,Open,133.59468048332604,1.1574074074074072e-05,1,C1: Active Pipeline,,27.345312,27.3453005444562,,
30df2c1f043f0817,6befd145c261113d,6b7e1f5b521de19b,,Open,1.170863568534039,0.0,1,C1: Active Pipeline,,71.84893,71.84893035888672,,
3104a2b3829cf401,6befd145c261113d,6b7e1f5b521de19b,,Open,1.170863568534039,412.08591435185184,1,C1: Active Pipeline,,109.93148,0.0,,
3112641d3362d77a,ac2a5ee6878db2c2,75c64824a2a4e380,d4f34f97b6d22a81,Open,20728.290076792444,155.14828703703705,3,C3: Large Open,0.158,151.43578,0.0,3275.069832133206,17453.22024465924
31165d4b506d8ef0,6befd145c261113d,6b7e1f5b521de19b,,Open,29324.531411075328,2.3148148148148147e-05,3,C3: Large Open,,41.47113,41.471107222945605,,
3116a20c215a8fc0,a66943a59bca7bfd,e9943875f43f341e,28c9c64e5918b06e,Open,1.170863568534039,1.0013541666666668,1,C1: Active Pipeline,0.5,145.46487,144.46352010091147,0.5854317842670195,0.5854317842670195
3124b29efad662b4,9387d1da6d5967e1,6b7e1f5b521de19b,,Open,1.170863568534039,0.0,1,C1: Active Pipeline,,168.37843,168.37843322753906,,
3141a155f4392933,4928d3c96935fb3f,6b7e1f5b521de19b,,Open,289974.2319295856,1.1574074074074072e-05,3,C3: Large Open,,62.394623,62.3946112286603,,
3146d65c611058d7,ef9b14cf5a29c54a,6b7e1f5b521de19b,,Open,63065.43046534744,1.1574074074074072e-05,3,C3: Large Open,,64.292755,64.29274355287905,,
314907c6b4d0d3e2,6befd145c261113d,6b7e1f5b521de19b,,Open,11385.741956336711,0.0,3,C3: Large Open,,29.22376,29.2237606048584,,
3151507c91d82197,ac2a5ee6878db2c2,6b7e1f5b521de19b,6f9a9c5f2856c8b3,Open,149870.40845983682,2.115196759259259,3,C3: Large Open,0.766,72.54983,70.43463081642433,114800.73288023501,35069.67557960181
317b6f281b6acdc4,ac2a5ee6878db2c2,6b7e1f5b521de19b,6f9a9c5f2856c8b3,Open,1.170863568534039,1.1574074074074072e-05,1,C1: Active Pipeline,,61.223816,61.22380434389468,,
3182888a55ac01a3,9387d1da6d5967e1,6b7e1f5b521de19b,,Open,2.4198904513070483,1.1574074074074072e-05,1,C1: Active Pipeline,,343.42108,343.4210699688947,,
318399dade3a0715,a66943a59bca7bfd,ddbd249e57ed6b40,28c9c64e5918b06e,Open,1.170863568534039,1.1574074074074072e-05,1,C1: Active Pipeline,,61.482025,61.4820135724103,,
3196f4d5e8a4e6d3,ef9b14cf5a29c54a,6b7e1f5b521de19b,,Open,201842.3565406912,1.1574074074074072e-05,2,C2: High-Win,,181.58832,181.58830629701967,,
319d91b02f004720,6befd145c261113d,6b7e1f5b521de19b,6f9a9c5f2856c8b3,Open,3155.177517767596,66.19458333333333,0,C0: High-Win,0.522,69.34448,3.149899088541673,1647.002664274685,1508.1748534929109
319f7a2edc172498,ac2a5ee6878db2c2,6b7e1f5b521de19b,d4f34f97b6d22a81,Open,4001.821893822033,1.131539351851852,3,C3: Large Open,0.656,69.023994,67.89245509394893,2625.1951623472537,1376.6267314747793
319f9f432340ab2a,ac2a5ee6878db2c2,062b9e5a52eb6d8e,28c9c64e5918b06e,Open,1684.898767285085,1.1574074074074072e-05,1,C1: Active Pipeline,0.522,58.020878,58.02086626406069,879.5171565228144,805.3816107622705
31bdb80530d4886d,6befd145c261113d,6b7e1f5b521de19b,6f9a9c5f2856c8b3,Open,60941.55256657486,0.0839930555555555,3,C3: Large Open,0.622,97.42738,97.34339036729601,37905.64569640956,23035.906870165298
31c7e0897ddb20e9,9387d1da6d5967e1,6b7e1f5b521de19b,,Open,2.4198904513070483,1.1574074074074072e-05,1,C1: Active Pipeline,,131.46834,131.46832643862123,,
31ce357e72615d07,6befd145c261113d,6b7e1f5b521de19b,,Open,1.170863568534039,0.0,1,C1: Active Pipeline,,90.33188,90.33187866210938,,
31edaa7af0b0f938,ac2a5ee6878db2c2,6b7e1f5b521de19b,d4f34f97b6d22a81,Open,2440265.4822142487,147.23109953703704,3,C3: Large Open,0.194,300.72473,153.49363190827546,473411.5035495643,1966853.9786646846
31f366c02e74baec,6befd145c261113d,6b7e1f5b521de19b,6f9a9c5f2856c8b3,Open,17285.761249983836,0.0568287037037037,3,C3: Large Open,0.782,59.394257,59.337427888093174,13517.46529748736,3768.295952496476
32013b06c6cc2763,a66943a59bca7bfd,48deb34ff5cdd785,28c9c64e5918b06e,Open,1.170863568534039,52.8687037037037,1,C1: Active Pipeline,0.116,147.10829,94.23958792227286,0.13582017394994852,1.0350433945840904
3238856c2af27c75,6befd145c261113d,6b7e1f5b521de19b,,Open,9648.963805727815,2.3148148148148147e-05,0,C0: High-Win,,32.934395,32.934371688277636,,
3267f9884c48465b,9387d1da6d5967e1,6b7e1f5b521de19b,,Open,21273.147061594493,0.0,3,C3: Large Open,,90.230156,90.23015594482422,,
3272b83a471b2680,ac2a5ee6878db2c2,6b7e1f5b521de19b,,Open,275.9279246315604,1494.9115277777778,3,C3: Large Open,,270.07523,0.0,,
32736d8ef71019eb,ac2a5ee6878db2c2,6b7e1f5b521de19b,d4f34f97b6d22a81,Open,28713.874839695327,2.3148148148148147e-05,3,C3: Large Open,,45.122757,45.12273380985967,,
327436b765f07412,6befd145c261113d,6b7e1f5b521de19b,6f9a9c5f2856c8b3,Open,1.170863568534039,0.0,1,C1: Active Pipeline,,70.845024,70.84502410888672,,
3279da292c5eb611,1cdd086394501fee,6b7e1f5b521de19b,6f9a9c5f2856c8b3,Open,1.170863568534039,1.1574074074074072e-05,1,C1: Active Pipeline,,62.066254,62.0662420880353,,
32a540369e3b134b,6befd145c261113d,6b7e1f5b521de19b,,Open,16616.335180930364,1.1574074074074072e-05,3,C3: Large Open,,34.41603,34.41601930971499,,
32c04e4f895fa01f,6befd145c261113d,6b7e1f5b521de19b,6f9a9c5f2856c8b3,Open,1.170863568534039,1.1574074074074072e-05,1,C1: Active Pipeline,,59.773808,59.77379595156069,,
32ec653abf3af45f,6befd145c261113d,6b7e1f5b521de19b,6f9a9c5f2856c8b3,Open,226968.84855125868,847.4212037037037,3,C3: Large Open,0.148,503.01987,0.0,33591.38958558628,193377.45896567238
32f2a2650688e542,ac2a5ee6878db2c2,6b7e1f5b521de19b,d4f34f97b6d22a81,Open,2674.015532288598,0.7399305555555555,0,C0: High-Win,0.8231544117647058,60.9028,60.16287095811632,2201.1276825307077,472.88784975789036
3312b6fa889ebf96,a66943a59bca7bfd,c2397d14e54a98b9,28c9c64e5918b06e,Open,386628.5775491113,496.47952546296295,3,C3: Large Open,0.158,61.93038,0.0,61087.31525275958,325541.26229635166
331e31f320d4bca2,1cdd086394501fee,6b7e1f5b521de19b,6f9a9c5f2856c8b3,Open,98.49392076768088,69.00890046296297,1,C1: Active Pipeline,0.338,55.896027,0.0,33.290945219476136,65.20297554820473
331ff5b4631e1c8d,6befd145c261113d,6b7e1f5b521de19b,6f9a9c5f2856c8b3,Open,367280.3313943387,480.17809027777776,3,C3: Large Open,0.386,539.2027,59.024607476128494,141770.20791821473,225510.12347612396
3330b73c6eb1fabd,6befd145c261113d,6b7e1f5b521de19b,6f9a9c5f2856c8b3,Open,22677.837526113533,0.0030902777777777,3,C3: Large Open,,28.433216,28.430125817192927,,
33407f770d7729b1,6befd145c261113d,6b7e1f5b521de19b,,Open,7946.118452201146,0.0,0,C0: High-Win,,49.42629,49.42628860473633,,
334fbc7de229427b,9387d1da6d5967e1,6b7e1f5b521de19b,,Open,121130.27981900204,0.0,3,C3: Large Open,,128.9522,128.9521942138672,,
33576bfa9879403a,9387d1da6d5967e1,6b7e1f5b521de19b,,Open,8304.689797280567,1.1574074074074072e-05,3,C3: Large Open,,62.47471,62.474696983054834,,
33592cbe0dc54be5,9387d1da6d5967e1,6b7e1f5b521de19b,,Open,5083.8994500666495,358.9418287037037,3,C3: Large Open,0.056,195.10728,0.0,284.6983692037324,4799.201080862917
335d85006328f08e,9387d1da6d5967e1,6b7e1f5b521de19b,d4f34f97b6d22a81,Open,1.170863568534039,1.1574074074074072e-05,1,C1: Active Pipeline,,77.60128,77.60126863832826,,
336418b611db59e1,1cdd086394501fee,6b7e1f5b521de19b,,Open,4271.355885203606,1.1574074074074072e-05,3,C3: Large Open,,42.627224,42.62721239443179,,
3365885821a2c25c,9387d1da6d5967e1,6b7e1f5b521de19b,d4f34f97b6d22a81,Open,1.170863568534039,1.1574074074074072e-05,1,C1: Active Pipeline,,110.199036,110.19902407045717,,
3375e55eda080bd7,a66943a59bca7bfd,2b2258f96816182d,28c9c64e5918b06e,Open,1.170863568534039,0.0,1,C1: Active Pipeline,,61.627346,61.62734603881836,,
3382cef2b1900eea,6befd145c261113d,6b7e1f5b521de19b,6f9a9c5f2856c8b3,Open,1.170863568534039,2.3148148148148147e-05,1,C1: Active Pipeline,,55.092846,55.0928227685999,,
33852ce366f77286,9387d1da6d5967e1,6b7e1f5b521de19b,d4f34f97b6d22a81,Open,14991.633118874894,2.3148148148148147e-05,0,C0: High-Win,,45.56911,45.56908772221318,,
338635ff2baed822,1cdd086394501fee,6b7e1f5b521de19b,,Open,1.170863568534039,0.0,1,C1: Active Pipeline,,62.13466,62.13465881347656,,
33903db8541167a7,ef9b14cf5a29c54a,6b7e1f5b521de19b,,Open,1.170863568534039,472.81354166666665,1,C1: Active Pipeline,0.338,331.854,0.0,0.3957518861645052,0.7751116823695336
3399c949396bef43,1cdd086394501fee,e6fa75510c120d22,,Open,2046.6148673782125,3.472222222222222e-05,0,C0: High-Win,,92.511086,92.51105078803168,,
33a0f3fb9a8d400d,1cdd086394501fee,6b7e1f5b521de19b,6f9a9c5f2856c8b3,Open,1.170863568534039,1.1574074074074072e-05,1,C1: Active Pipeline,,111.551636,111.55162416811342,,
33a2b31ab4c65857,9387d1da6d5967e1,6b7e1f5b521de19b,,Open,2.4198904513070483,0.0,1,C1: Active Pipeline,,130.7409,130.74090576171875,,
33c9c535b8a04538,6befd145c261113d,6b7e1f5b521de19b,,Open,11228808.024036212,0.0,3,C3: Large Open,,1367.1313,1367.13134765625,,
33cbebb58900a4cc,1cdd086394501fee,6b7e1f5b521de19b,,Open,40882.78265293119,0.0,3,C3: Large Open,,84.562904,84.56290435791016,,
33f0d456f7746bf7,9387d1da6d5967e1,6b7e1f5b521de19b,,Open,29324.531411075328,558.8524768518519,3,C3: Large Open,0.112,99.07302,0.0,3284.3475180404366,26040.183893034893
3421fe1b856adda3,6befd145c261113d,6b7e1f5b521de19b,6f9a9c5f2856c8b3,Open,13810.09357807662,0.0006018518518518,0,C0: High-Win,,42.18823,42.18762675532588,,
3438c9376f4387ba,1cdd086394501fee,6b7e1f5b521de19b,6f9a9c5f2856c8b3,Open,1.170863568534039,0.0,1,C1: Active Pipeline,,114.25774,114.25773620605469,,
3446fed9f5a33680,ac2a5ee6878db2c2,6b7e1f5b521de19b,6f9a9c5f2856c8b3,Open,5701.257941028675,0.0028472222222222,0,C0: High-Win,,305.49252,305.48967597113716,,
34474dae69f3ab4d,ac2a5ee6878db2c2,6b7e1f5b521de19b,6f9a9c5f2856c8b3,Open,73292.23743715519,0.0009606481481481,4,C4: Mid-Range,,84.55399,84.5530325769495,,
3447a55fdb7291c0,6befd145c261113d,6b7e1f5b521de19b,6f9a9c5f2856c8b3,Open,239.9674542220373,0.0038541666666666,1,C1: Active Pipeline,0.626,29.115818,29.111963857014974,150.21962634299535,89.74782787904195
3449e7505376f5cf,6befd145c261113d,6b7e1f5b521de19b,6f9a9c5f2856c8b3,Open,1.170863568534039,1.1574074074074072e-05,1,C1: Active Pipeline,,55.982475,55.982463706687646,,
345776cd422ae66d,9387d1da6d5967e1,6b7e1f5b521de19b,,Open,35845.270270304114,1.1574074074074072e-05,3,C3: Large Open,,72.93578,72.93577181215639,,
3473f1a755e64076,1cdd086394501fee,6b7e1f5b521de19b,6f9a9c5f2856c8b3,Open,32087.322143773566,3.472222222222222e-05,0,C0: High-Win,,71.07596,71.0759235297309,,
347485aaf1e3e351,9387d1da6d5967e1,6b7e1f5b521de19b,,Open,49350.19023541798,1.1574074074074072e-05,3,C3: Large Open,,26.688267,26.688255180076318,,
34807d7efcaa7a51,9387d1da6d5967e1,6b7e1f5b521de19b,,Open,89664.46366676311,0.0,3,C3: Large Open,,353.58994,353.5899353027344,,
34815807a52c919f,a66943a59bca7bfd,fe3d0016707df0ff,28c9c64e5918b06e,Open,233302.56563193936,65.34599537037037,3,C3: Large Open,0.114,177.2474,111.901410635489,26596.49248204109,206706.07314989826
3485c59821d81996,9387d1da6d5967e1,6b7e1f5b521de19b,,Open,1.170863568534039,0.0004050925925925,1,C1: Active Pipeline,,205.11029,205.10988543475116,,
348d5b548faa0911,1cdd086394501fee,6b7e1f5b521de19b,6f9a9c5f2856c8b3,Open,1.170863568534039,1.1574074074074072e-05,1,C1: Active Pipeline,,56.374195,56.37418352480288,,
349228a99997e471,9387d1da6d5967e1,6b7e1f5b521de19b,,Open,21273.147061594493,314.6698611111111,3,C3: Large Open,,261.50116,0.0,,
349d7c1a929b213f,ac2a5ee6878db2c2,6b7e1f5b521de19b,d4f34f97b6d22a81,Open,1.170863568534039,2.3148148148148147e-05,1,C1: Active Pipeline,,130.89542,130.89539311161747,,
34b6a770bc3bf0e7,ac2a5ee6878db2c2,6b7e1f5b521de19b,d4f34f97b6d22a81,Open,1.170863568534039,0.0,1,C1: Active Pipeline,,68.9083,68.9083023071289,,
34cab141d98aa3b9,6befd145c261113d,6b7e1f5b521de19b,6f9a9c5f2856c8b3,Open,865437.8840283368,293.79802083333334,3,C3: Large Open,0.416,307.43036,13.63233805338541,360022.1597557881,505415.7242725488
34dd8bb7577ce135,6befd145c261113d,6b7e1f5b521de19b,6f9a9c5f2856c8b3,Open,1.170863568534039,13.798900462962964,1,C1: Active Pipeline,,97.563644,83.76474394621673,,
34e484394c391b01,ac2a5ee6878db2c2,532ef57d231b606f,d4f34f97b6d22a81,Open,35111607.32348774,1263.1922916666667,3,C3: Large Open,0.338,830.55054,0.0,11867723.275338857,23243884.048148878
34e5edf8e6414c21,ef9b14cf5a29c54a,6b7e1f5b521de19b,,Open,105866.1042506972,1.1574074074074072e-05,2,C2: High-Win,,109.381454,109.38144289369936,,
34e65a08de184120,9387d1da6d5967e1,6b7e1f5b521de19b,,Open,5655.969519442425,0.0,0,C0: High-Win,,26.804274,26.80427360534668,,
35142d13385f3345,6befd145c261113d,6b7e1f5b521de19b,,Open,23783.64824935763,0.0,3,C3: Large Open,,42.09027,42.09027099609375,,
35233481dabd8fc6,6befd145c261113d,6b7e1f5b521de19b,6f9a9c5f2856c8b3,Open,1239840.3175205083,0.0073842592592592,3,C3: Large Open,,1127.6813,1127.6738901548033,,
352c4c28f81cf49f,ac2a5ee6878db2c2,6b7e1f5b521de19b,6f9a9c5f2856c8b3,Open,1.170863568534039,0.0,1,C1: Active Pipeline,,52.12026,52.12025833129883,,
354866c8f8b437bb,6befd145c261113d,6b7e1f5b521de19b,6f9a9c5f2856c8b3,Open,1.170863568534039,2.3148148148148147e-05,1,C1: Active Pipeline,,57.614037,57.61401341191045,,
35558dd81f31482f,9387d1da6d5967e1,6b7e1f5b521de19b,,Open,25102.753943361105,339.9502083333333,3,C3: Large Open,,72.60898,0.0,,
3578f02bf12adab1,a66943a59bca7bfd,062b9e5a52eb6d8e,d4f34f97b6d22a81,Open,4447345.962813605,223.95171296296297,3,C3: Large Open,0.386,108.021996,0.0,1716675.5416460515,2730670.4211675534
35882ffefaf00de1,6befd145c261113d,6b7e1f5b521de19b,6f9a9c5f2856c8b3,Open,27869.714605203997,4.629629629629629e-05,0,C0: High-Win,,37.956646,37.956599669279875,,
359a510f09303ebf,a66943a59bca7bfd,ddbd249e57ed6b40,28c9c64e5918b06e,Open,7462.80698704363,0.0068981481481481,0,C0: High-Win,,52.28993,52.28303028813115,,
35aa698b823c1dac,ac2a5ee6878db2c2,6b7e1f5b521de19b,6f9a9c5f2856c8b3,Open,1081354.963889575,3.472222222222222e-05,0,C0: High-Win,,134.85146,134.85142096625435,,
35ac5a8e51a9c087,ef9b14cf5a29c54a,6b7e1f5b521de19b,,Open,1.170863568534039,1.1574074074074072e-05,1,C1: Active Pipeline,,238.70906,238.70904909487123,,
35b70f346df5681f,a66943a59bca7bfd,38080774be85927f,28c9c64e5918b06e,Open,1.170863568534039,1.1574074074074072e-05,1,C1: Active Pipeline,,55.079395,55.07938372011538,,
35c0c9e583e17290,4928d3c96935fb3f,6b7e1f5b521de19b,,Open,2073.93048313512,19.04672453703704,3,C3: Large Open,,216.34482,197.29809357819732,,
35c8672c044ff947,6befd145c261113d,6b7e1f5b521de19b,,Open,115139.1004737558,1.1574074074074072e-05,3,C3: Large Open,,71.975494,71.97548281069155,,
35c9f17e4c08cea1,6befd145c261113d,6b7e1f5b521de19b,,Open,524417.177630072,18.73755787037037,3,C3: Large Open,0.196,403.75613,385.01857616283274,102785.76681549412,421631.4108145779
35fb8921b553d90c,6befd145c261113d,6b7e1f5b521de19b,6f9a9c5f2856c8b3,Open,578.939198063253,2.3148148148148147e-05,1,C1: Active Pipeline,0.67,27.423555,27.42353222599736,387.88926270237954,191.04993536087346
36030fe1521246a8,9387d1da6d5967e1,6b7e1f5b521de19b,d4f34f97b6d22a81,Open,1.170863568534039,1.1574074074074072e-05,1,C1: Active Pipeline,,101.50036,101.50034700746889,,
361e68fa6dee91ea,4928d3c96935fb3f,6b7e1f5b521de19b,,Open,1.170863568534039,327.9433912037037,4,C4: Mid-Range,,71.20184,0.0,,
361fad75b60ab7c4,9387d1da6d5967e1,6b7e1f5b521de19b,,Open,25102.753943361105,100.29319444444444,3,C3: Large Open,0.268,120.39445,20.101252882215718,6727.538056820777,18375.21588654033
361fed172b01fe19,ac2a5ee6878db2c2,6b7e1f5b521de19b,d4f34f97b6d22a81,Open,1.170863568534039,1.1574074074074072e-05,1,C1: Active Pipeline,,74.95035,74.95033632631655,,
362cf3ff3efdc4a6,ac2a5ee6878db2c2,6b7e1f5b521de19b,6f9a9c5f2856c8b3,Open,1.170863568534039,1.1574074074074072e-05,1,C1: Active Pipeline,,113.42935,113.42934023256655,,
363cf9bed5d79337,6befd145c261113d,6b7e1f5b521de19b,6f9a9c5f2856c8b3,Open,1.170863568534039,0.0,1,C1: Active Pipeline,,61.33026,61.33026123046875,,
3659ef20fd0d6292,6befd145c261113d,6b7e1f5b521de19b,6f9a9c5f2856c8b3,Open,464509.6835778292,5.787037037037037e-05,3,C3: Large Open,,138.63614,138.63608104564526,,
366618379c916d4f,9387d1da6d5967e1,6b7e1f5b521de19b,,Open,8269.642544488683,2.3148148148148147e-05,3,C3: Large Open,,34.95642,34.956397750289355,,
366c389b8fe29239,1cdd086394501fee,6b7e1f5b521de19b,6f9a9c5f2856c8b3,Open,361.29574083874047,2.3148148148148147e-05,1,C1: Active Pipeline,,19.523714,19.52369091740361,,
366e5b9cf2c297ae,9387d1da6d5967e1,6b7e1f5b521de19b,,Open,1.170863568534039,201.65400462962964,1,C1: Active Pipeline,0.308,111.00499,0.0,0.360625979108484,0.8102375894255549
36710880beb60b22,a66943a59bca7bfd,16450d61eee679f5,28c9c64e5918b06e,Open,210223.6572578929,1.9692361111111112,3,C3: Large Open,0.426,159.34401,157.37477328830295,89555.27799186237,120668.37926603053
367460d4695b1597,ef9b14cf5a29c54a,6b7e1f5b521de19b,,Open,1489732.2144455498,1.1574074074074072e-05,3,C3: Large Open,0.3,306.56873,306.56871401186345,446919.6643336649,1042812.5501118847
3687c73b816e6328,1cdd086394501fee,6b7e1f5b521de19b,6f9a9c5f2856c8b3,Open,69250.61297043442,78.14010416666666,3,C3: Large Open,0.152,99.84144,21.70133412679037,10526.093171506032,58724.519798928384
3699340f4f52d87c,1cdd086394501fee,6b7e1f5b521de19b,6f9a9c5f2856c8b3,Open,38347.69299749703,8.70789351851852,3,C3: Large Open,0.388,470.61948,461.91158279984086,14878.90488302885,23468.788114468185
36b3c25768a71bed,9387d1da6d5967e1,6b7e1f5b521de19b,,Open,11485.134609700684,0.0,2,C2: High-Win,,27.514345,27.514345169067383,,
36b8cb0cbd7e6bb7,9387d1da6d5967e1,6b7e1f5b521de19b,,Open,3303.290441942712,1.1574074074074072e-05,0,C0: High-Win,,231.58374,231.58372866030092,,
36c47b4a1f004e76,a66943a59bca7bfd,062b9e5a52eb6d8e,28c9c64e5918b06e,Open,101254.52429707606,87.98966435185186,3,C3: Large Open,,138.7698,50.78014155635127,,
36c4d2d9ab62d3d0,1cdd086394501fee,6b7e1f5b521de19b,6f9a9c5f2856c8b3,Open,1.170863568534039,1.1574074074074072e-05,1,C1: Active Pipeline,,52.12662,52.12660967226382,,
36d0043156253bfc,9387d1da6d5967e1,6b7e1f5b521de19b,,Open,2.4198904513070483,161.9699652777778,1,C1: Active Pipeline,,262.95886,100.98889702690971,,
36e327c1904ec4e7,a66943a59bca7bfd,fe3d0016707df0ff,28c9c64e5918b06e,Open,279429.4974767209,174.24716435185186,3,C3: Large Open,0.05,184.89323,10.646069901077823,13971.474873836045,265458.02260288486
36e55d2ca84a7e08,9387d1da6d5967e1,6b7e1f5b521de19b,,Open,2.4198904513070483,1.1574074074074072e-05,1,C1: Active Pipeline,,105.728386,105.72837435121889,,
36ee1f963a8edaae,6befd145c261113d,6b7e1f5b521de19b,,Open,9648.963805727815,487.11127314814814,3,C3: Large Open,0.276,166.96504,0.0,2663.114010380877,6985.849795346938
3705ade0547ac9ac,6befd145c261113d,6b7e1f5b521de19b,,Open,1.170863568534039,1.1574074074074072e-05,1,C1: Active Pipeline,,67.43737,67.43735872621889,,
37076c9e351fc2a4,6befd145c261113d,6b7e1f5b521de19b,6f9a9c5f2856c8b3,Open,5140.622195863799,0.0026967592592592,3,C3: Large Open,,48.37647,48.37377189918801,,
370cd226501b72e7,9387d1da6d5967e1,6b7e1f5b521de19b,d4f34f97b6d22a81,Open,1.170863568534039,1.1574074074074072e-05,1,C1: Active Pipeline,,62.43641,62.43639742250796,,
37160bd70405d87d,9387d1da6d5967e1,6b7e1f5b521de19b,,Open,1.170863568534039,404.7531597222222,1,C1: Active Pipeline,0.252,79.66638,0.0,0.29505761927057783,0.8758059492634611
37170e23931124c1,ef9b14cf5a29c54a,6b7e1f5b521de19b,,Open,1.170863568534039,266.8557638888889,1,C1: Active Pipeline,0.272,51.19507,0.0,0.3184748906412586,0.8523886778927803
3721863076250b2c,a66943a59bca7bfd,674ec33189ed753c,28c9c64e5918b06e,Open,12511.468442126778,2.3148148148148147e-05,0,C0: High-Win,,128.54437,128.5443494104456,,
3722f965ac872364,9387d1da6d5967e1,6b7e1f5b521de19b,,Open,2.4198904513070483,1.1574074074074072e-05,1,C1: Active Pipeline,,120.95814,120.95812593813295,,
372f3004593f1ada,4928d3c96935fb3f,6b7e1f5b521de19b,6f9a9c5f2856c8b3,Open,1.170863568534039,0.0,1,C1: Active Pipeline,,68.07916,68.07916259765625,,
3731c3b9d074dc8f,ac2a5ee6878db2c2,6b7e1f5b521de19b,f411344bcce5fae8,Open,1.170863568534039,1.1574074074074072e-05,1,C1: Active Pipeline,,93.74724,93.74722658510561,,
373ed971e79127de,9387d1da6d5967e1,6b7e1f5b521de19b,d4f34f97b6d22a81,Open,1.170863568534039,1.1574074074074072e-05,1,C1: Active Pipeline,,65.530655,65.53064333315248,,
3775f8ac52a4a555,9387d1da6d5967e1,6b7e1f5b521de19b,,Open,4694.223952710472,1.1574074074074072e-05,0,C0: High-Win,,41.69011,41.690097678855615,,
3793ff5477bd8819,4928d3c96935fb3f,6b7e1f5b521de19b,d4f34f97b6d22a81,Open,8269.642544488683,1.1574074074074072e-05,3,C3: Large Open,,71.382996,71.38298403139467,,
37a0c07d72655e5e,ac2a5ee6878db2c2,6b7e1f5b521de19b,d4f34f97b6d22a81,Open,4271.355885203606,2.3148148148148147e-05,3,C3: Large Open,,32.509174,32.50915119877568,,
37a9ba3aa505d81b,9387d1da6d5967e1,674ec33189ed753c,d4f34f97b6d22a81,Open,2242.4770551457004,3.472222222222222e-05,1,C1: Active Pipeline,,47.4153,47.41526373969184,,
37b8f5e3b8f12b1b,ac2a5ee6878db2c2,6b7e1f5b521de19b,d4f34f97b6d22a81,Open,1.170863568534039,1.1574074074074072e-05,1,C1: Active Pipeline,,64.833565,64.8335531842267,,
37b9c9f51292a63d,6befd145c261113d,6b7e1f5b521de19b,6f9a9c5f2856c8b3,Open,1846077.561901174,3.472222222222222e-05,3,C3: Large Open,,129.96222,129.96218451605904,,
37f3e5b60fe1ce85,6befd145c261113d,6b7e1f5b521de19b,6f9a9c5f2856c8b3,Open,8269.642544488683,4.629629629629629e-05,0,C0: High-Win,,34.562366,34.562320189299406,,
37fd8251c0ba2b11,4928d3c96935fb3f,6b7e1f5b521de19b,,Open,49182.977423429606,1.1574074074074072e-05,0,C0: High-Win,,32.556736,32.55672441835757,,
381964c12c7fb93e,9387d1da6d5967e1,6b7e1f5b521de19b,,Open,13347.402500248763,1.1574074074074072e-05,3,C3: Large Open,,40.067513,40.06750093813296,,
3843d97375c7ed31,9387d1da6d5967e1,6b7e1f5b521de19b,,Open,9648.963805727815,0.0192129629629629,3,C3: Large Open,,149.27051,149.25129484953703,,
38533196855cbb11,4928d3c96935fb3f,6b7e1f5b521de19b,6f9a9c5f2856c8b3,Open,318.154145021773,35.29322916666667,1,C1: Active Pipeline,0.538,44.40587,9.112639363606768,171.16693002171388,146.9872150000591
3855753d1295eebe,ac2a5ee6878db2c2,6b7e1f5b521de19b,6f9a9c5f2856c8b3,Open,36240.50749121476,71.01761574074074,0,C0: High-Win,0.64,53.82073,0.0,23193.924794377446,13046.582696837313
3859634dd6dcf40f,1cdd086394501fee,6b7e1f5b521de19b,6f9a9c5f2856c8b3,Open,1.170863568534039,1.1574074074074072e-05,1,C1: Active Pipeline,,60.24024,60.24022661562319,,
385a151387abfe56,9387d1da6d5967e1,6b7e1f5b521de19b,,Open,9648.963805727815,1.1574074074074072e-05,3,C3: Large Open,0.172,111.90662,111.90660463686342,1659.621774585184,7989.342031142632
386363fa1a09f8fd,9387d1da6d5967e1,6b7e1f5b521de19b,,Open,54608.54408792734,2.3148148148148147e-05,3,C3: Large Open,,52.951168,52.95114491215459,,
387c9111e213c5fc,6befd145c261113d,6b7e1f5b521de19b,6f9a9c5f2856c8b3,Open,878614.9349384613,25.929027777777776,2,C2: High-Win,0.87,67.91539,41.98636223687066,764394.9933964614,114219.94154199997
38836c56cfabe32f,ac2a5ee6878db2c2,6b7e1f5b521de19b,6f9a9c5f2856c8b3,Open,43088.8416863575,4.102708333333333,0,C0: High-Win,0.7558181818181818,40.504753,36.40204477945964,32567.329980034203,10521.511706323294
389b802122f72e48,9387d1da6d5967e1,6b7e1f5b521de19b,,Open,2.4198904513070483,1.1574074074074072e-05,1,C1: Active Pipeline,,212.60916,212.60914980287905,,
38a6892e38dd93fa,9387d1da6d5967e1,6b7e1f5b521de19b,,Open,6577.814100006999,36.76515046296296,3,C3: Large Open,0.5685714285714285,38.940727,2.1755767709237617,3739.957159718265,2837.856940288734
38acab713904350d,ef9b14cf5a29c54a,6b7e1f5b521de19b,,Open,160135.51540490508,1.1574074074074072e-05,0,C0: High-Win,,161.68553,161.68552004213686,,
38add1a67c561a04,6befd145c261113d,6b7e1f5b521de19b,6f9a9c5f2856c8b3,Open,154262.62046734383,0.0003009259259259,3,C3: Large Open,0.904,27.663673,27.66337247495298,139453.40890247884,14809.211564865003
38bfa7062d6827e4,1cdd086394501fee,6b7e1f5b521de19b,,Open,1.170863568534039,0.0,1,C1: Active Pipeline,,277.7855,277.7854919433594,,
38c06b6ada9c8c26,ac2a5ee6878db2c2,6b7e1f5b521de19b,d4f34f97b6d22a81,Open,1.170863568534039,1.1574074074074072e-05,1,C1: Active Pipeline,,60.317497,60.317485679343896,,
38cbf9531e2207e2,ef9b14cf5a29c54a,6b7e1f5b521de19b,,Open,1.170863568534039,0.0163425925925925,1,C1: Active Pipeline,,88.46255,88.4462047096535,,
38d7176393a9e3d4,a66943a59bca7bfd,bd661df59343798b,28c9c64e5918b06e,Open,1.170863568534039,1.1574074074074072e-05,1,C1: Active Pipeline,,71.46381,71.4638022076642,,
38e53ee082706a6c,ac2a5ee6878db2c2,6b7e1f5b521de19b,6f9a9c5f2856c8b3,Open,2595975.9854985704,791.8769560185185,3,C3: Large Open,,498.57846,0.0,,
38e7786422a7e8da,a66943a59bca7bfd,95a23e7fbcc5841e,28c9c64e5918b06e,Open,1.170863568534039,10.071388888888889,1,C1: Active Pipeline,,61.914024,51.84263546413845,,
38eb7946f3eab34b,9387d1da6d5967e1,6b7e1f5b521de19b,6f9a9c5f2856c8b3,Open,3009.275501817926,1.1574074074074072e-05,0,C0: High-Win,,27.755085,27.755073417381006,,
38fed08130e646cb,ef9b14cf5a29c54a,6b7e1f5b521de19b,,Open,1.170863568534039,0.0,1,C1: Active Pipeline,0.539028901734104,76.36868,76.36868286132812,0.6311293034273768,0.5397342651066621
3907fc06894ffdb8,9387d1da6d5967e1,6b7e1f5b521de19b,,Open,41585.31315611955,326.7378587962963,3,C3: Large Open,0.096,97.21479,0.0,3992.1900629874767,37593.123093132075
391478e4092ecbb4,6befd145c261113d,6b7e1f5b521de19b,6f9a9c5f2856c8b3,Open,1.170863568534039,1.1574074074074072e-05,1,C1: Active Pipeline,,168.69789,168.69787966127748,,
3918a7da0a52a561,9387d1da6d5967e1,6b7e1f5b521de19b,,Open,89664.46366676311,454.87708333333336,3,C3: Large Open,0.238,85.988754,0.0,21340.14235268962,68324.32131407349
39209b60e3c82a82,9387d1da6d5967e1,6b7e1f5b521de19b,,Open,65064.44409714713,0.0,3,C3: Large Open,,299.8091,299.8091125488281,,
395ad076211d4081,6befd145c261113d,6b7e1f5b521de19b,,Open,1.170863568534039,412.12125,1,C1: Active Pipeline,,103.3152,0.0,,
3975b071df12d7aa,6befd145c261113d,6b7e1f5b521de19b,,Open,44707.8413678455,0.0,3,C3: Large Open,,32.921906,32.921905517578125,,
397d384a17060624,1cdd086394501fee,6b7e1f5b521de19b,6f9a9c5f2856c8b3,Open,1.170863568534039,1.1574074074074072e-05,1,C1: Active Pipeline,,55.139496,55.1394842755353,,
398eb42a120409e3,1cdd086394501fee,e43bc3ffd79e75b6,,Open,869711.3941640588,11.135034722222224,3,C3: Large Open,0.388,325.09882,313.96378119574655,337448.0209356548,532263.373228404
39a49bac22462309,a66943a59bca7bfd,7b7c16a1b24ec3b8,28c9c64e5918b06e,Open,1.170863568534039,2.3148148148148147e-05,1,C1: Active Pipeline,,101.99504,101.99501774540654,,
39a83ac81a769c78,1cdd086394501fee,6b7e1f5b521de19b,6f9a9c5f2856c8b3,Open,41600.57012732337,2.6936574074074078,3,C3: Large Open,0.436,379.7788,377.0851511863426,18137.84857551299,23462.721551810384
39b5ae4cdeb84633,6befd145c261113d,6b7e1f5b521de19b,6f9a9c5f2856c8b3,Open,4834.065183261461,2.3148148148148147e-05,3,C3: Large Open,,49.66825,49.66822788944951,,
39c8bea39532c8f9,9387d1da6d5967e1,6b7e1f5b521de19b,,Open,4143.3804614791225,677.9973842592592,3,C3: Large Open,0.048,62.64116,0.0,198.8822621509979,3944.4981993281244
39c98aacdf409a51,6befd145c261113d,6b7e1f5b521de19b,6f9a9c5f2856c8b3,Open,295.33926368176714,40.9437037037037,1,C1: Active Pipeline,0.732,24.664318,0.0,216.18834101505354,79.1509226667136
39d10c845e0673a0,4928d3c96935fb3f,6b7e1f5b521de19b,d4f34f97b6d22a81,Open,1.170863568534039,1.1574074074074072e-05,1,C1: Active Pipeline,,86.79898,86.79896913881655,,
39d21fc069242015,9387d1da6d5967e1,6b7e1f5b521de19b,,Open,15312.945509384192,78.14457175925926,3,C3: Large Open,0.262,117.47985,39.335279009783704,4011.9917234586583,11300.953785925532
39d33866e0270a41,6befd145c261113d,6b7e1f5b521de19b,6f9a9c5f2856c8b3,Open,98.49392076768088,2.3148148148148147e-05,1,C1: Active Pipeline,,59.65422,59.65419743290654,,
39dbf95d41f1227d,6befd145c261113d,6b7e1f5b521de19b,6f9a9c5f2856c8b3,Open,220276.93931361687,2.3148148148148147e-05,3,C3: Large Open,0.6,131.60965,131.60962651005497,132166.1635881701,88110.77572544676
39e3340025c3d1eb,ef9b14cf5a29c54a,6b7e1f5b521de19b,,Open,62975.328561983566,264.8358101851852,3,C3: Large Open,0.06,176.45395,0.0,3778.519713719014,59196.80884826455
3a0fbfd31c39b481,9387d1da6d5967e1,6b7e1f5b521de19b,,Open,39364.676884914414,2.3148148148148147e-05,3,C3: Large Open,,28.594925,28.594901778609664,,
3a1237f72d2990ff,1cdd086394501fee,6b7e1f5b521de19b,6f9a9c5f2856c8b3,Open,53713.08637400571,591.1865393518518,3,C3: Large Open,0.246,97.4738,0.0,13213.419248005404,40499.667126000306
3a1508b7becf0e58,6befd145c261113d,6b7e1f5b521de19b,6f9a9c5f2856c8b3,Open,98.49392076768088,23.8084375,1,C1: Active Pipeline,,65.07292,41.26448425292969,,
3a1585e50931aab6,6befd145c261113d,6b7e1f5b521de19b,6f9a9c5f2856c8b3,Open,62138.06852236499,2.3148148148148147e-05,0,C0: High-Win,0.68,68.79641,68.79638645878545,42253.8865952082,19884.181927156795
3a183d5a61673e06,6befd145c261113d,6b7e1f5b521de19b,6f9a9c5f2856c8b3,Open,19938.10335990601,0.9211921296296296,3,C3: Large Open,0.718,59.820972,58.89978031299732,14315.558212412514,5622.545147493495
3a1b4c74385ce8d6,1cdd086394501fee,6b7e1f5b521de19b,6f9a9c5f2856c8b3,Open,619166.2192931684,2.831909722222222,3,C3: Large Open,0.426,170.06227,167.23036139594183,263764.80941888975,355401.4098742787
3a63760b11944237,9387d1da6d5967e1,6b7e1f5b521de19b,d4f34f97b6d22a81,Open,1.170863568534039,1.1574074074074072e-05,1,C1: Active Pipeline,,175.58508,175.58507143373842,,
3a67f5ef7da808a8,9387d1da6d5967e1,6b7e1f5b521de19b,,Open,4271.355885203606,20.27412037037037,2,C2: High-Win,,59.356686,39.082565268057365,,
3a75a916ad87e595,9387d1da6d5967e1,6b7e1f5b521de19b,d4f34f97b6d22a81,Open,2299.6300822016,0.0117824074074074,1,C1: Active Pipeline,,64.05685,64.04506421124493,,
3a7bb1f525a622a1,1cdd086394501fee,95a23e7fbcc5841e,,Open,7462.80698704363,1.1574074074074072e-05,3,C3: Large Open,,105.20296,105.20294557924623,,
3a7debac7b542170,4928d3c96935fb3f,6b7e1f5b521de19b,,Open,6655.4778329931305,134.94895833333334,3,C3: Large Open,,159.6298,24.68084818522135,,
3a815acd7027b9d9,9387d1da6d5967e1,6b7e1f5b521de19b,6f9a9c5f2856c8b3,Open,2864.41509483459,0.000162037037037,0,C0: High-Win,,27.755085,27.754922954418042,,
3a9497c84fc88f42,6befd145c261113d,6b7e1f5b521de19b,6f9a9c5f2856c8b3,Open,82459.6608040256,9.25925925925926e-05,3,C3: Large Open,,350.6307,350.6306141945168,,
3a97281725e43eba,1cdd086394501fee,674ec33189ed753c,,Open,89664.46366676311,2.3148148148148147e-05,3,C3: Large Open,,72.68203,72.68200657597295,,
3aaacaeb00d51fb7,a66943a59bca7bfd,e9943875f43f341e,28c9c64e5918b06e,Open,1.170863568534039,1.1574074074074072e-05,1,C1: Active Pipeline,,67.37016,67.37015138979311,,
3ac3bc51b78a192e,6befd145c261113d,6b7e1f5b521de19b,6f9a9c5f2856c8b3,Open,279.6677675437124,1.1574074074074072e-05,1,C1: Active Pipeline,,23.542421,23.54240976686831,,
3ac75c51e2ef2324,ac2a5ee6878db2c2,6b7e1f5b521de19b,6f9a9c5f2856c8b3,Open,263631.6080383504,0.1292592592592592,3,C3: Large Open,0.33,68.79805,68.66879066749856,86998.43065265565,176633.17738569475
3ad3b4677aa5aa9b,6befd145c261113d,6b7e1f5b521de19b,6f9a9c5f2856c8b3,Open,379083.9536077385,518.193113425926,3,C3: Large Open,0.404,80.85664,0.0,153149.91725752637,225934.03635021212
3ad4dd6469ce85df,ac2a5ee6878db2c2,6b7e1f5b521de19b,,Open,1.170863568534039,1.1574074074074072e-05,1,C1: Active Pipeline,,104.089966,104.08995424623842,,
3ad97ed6ef6aecd1,6befd145c261113d,6b7e1f5b521de19b,6f9a9c5f2856c8b3,Open,1.170863568534039,0.0,1,C1: Active Pipeline,,62.18564,62.185638427734375,,
3af224b480c8a684,6befd145c261113d,6b7e1f5b521de19b,,Open,829161.2246373132,2.3148148148148147e-05,0,C0: High-Win,,29.369703,29.36968014469853,,
3b0ae80ea295aee9,6befd145c261113d,6b7e1f5b521de19b,,Open,89664.46366676311,1.1574074074074072e-05,3,C3: Large Open,,144.8124,144.81238161440248,,
3b0d60283668e69f,9387d1da6d5967e1,6b7e1f5b521de19b,,Open,35845.270270304114,1.1574074074074072e-05,3,C3: Large Open,,264.58087,264.5808600079572,,
3b144f8bb7148cc3,ef9b14cf5a29c54a,6b7e1f5b521de19b,,Open,90092.20966766456,1.1574074074074072e-05,2,C2: High-Win,,159.73602,159.73601137514467,,
3b188d59d8d9ef56,6befd145c261113d,6b7e1f5b521de19b,,Open,13121.811050396169,1.1574074074074072e-05,3,C3: Large Open,,33.363724,33.36371218080874,,
3b4a44c406276e2c,ac2a5ee6878db2c2,6b7e1f5b521de19b,6f9a9c5f2856c8b3,Open,144682.77291450626,583.9790740740741,3,C3: Large Open,0.636,110.47757,0.0,92018.24357362598,52664.529340880275
3b6b1ba15fff8919,9387d1da6d5967e1,6b7e1f5b521de19b,d4f34f97b6d22a81,Open,139439.71862586087,0.0069444444444444,3,C3: Large Open,,119.3201,119.31315443250868,,
3b8a5f6ec288452d,ac2a5ee6878db2c2,6b7e1f5b521de19b,6f9a9c5f2856c8b3,Open,1.170863568534039,1.1574074074074072e-05,1,C1: Active Pipeline,,322.53195,322.5319403302228,,
3b8bab67871fe04e,6befd145c261113d,6b7e1f5b521de19b,6f9a9c5f2856c8b3,Open,13372544.472792422,1.1574074074074072e-05,3,C3: Large Open,,1571.944,1571.9439581524884,,
3b94ba594810ea0d,9387d1da6d5967e1,6b7e1f5b521de19b,,Open,1287.0828528119127,1.1574074074074072e-05,1,C1: Active Pipeline,,317.83163,317.8316229474103,,
3b9d80fbdbeb0bcc,4928d3c96935fb3f,6b7e1f5b521de19b,,Open,89664.46366676311,0.0012037037037037,3,C3: Large Open,,62.895927,62.89472372549552,,
3bb659113b76d8c3,6befd145c261113d,6b7e1f5b521de19b,,Open,5186.502594949308,0.0,0,C0: High-Win,,47.641327,47.641326904296875,,
3bbb18b1e03295bf,6befd145c261113d,6b7e1f5b521de19b,6f9a9c5f2856c8b3,Open,47215.0144870959,58.271076388888886,3,C3: Large Open,0.57,42.46689,0.0,26912.558257644658,20302.45622945124
3bcd563688ebbb84,1cdd086394501fee,6b7e1f5b521de19b,6f9a9c5f2856c8b3,Open,98.49392076768088,1.072488425925926,1,C1: Active Pipeline,0.4807272727272727,83.91911,82.84662473325376,47.34871391086332,51.145206856817566
3bde4d283b040bf6,6befd145c261113d,6b7e1f5b521de19b,6f9a9c5f2856c8b3,Open,133993.49087954816,51.78680555555555,3,C3: Large Open,0.16,53.97938,2.192576005723744,21438.958540727705,112554.53233882046
3bdef2f908e91e56,6befd145c261113d,6b7e1f5b521de19b,,Open,5186.502594949308,1.1574074074074072e-05,0,C0: High-Win,,49.201817,49.20180498476382,,
3bea81245d7d7bee,6befd145c261113d,6b7e1f5b521de19b,6f9a9c5f2856c8b3,Open,1.170863568534039,1.1574074074074072e-05,1,C1: Active Pipeline,,76.98523,76.98521791811342,,
3bfaac8a8a0036ed,1cdd086394501fee,6b7e1f5b521de19b,6f9a9c5f2856c8b3,Open,1.170863568534039,0.0,1,C1: Active Pipeline,,67.25801,67.25801086425781,,
3c071fff9607d2a0,6befd145c261113d,6b7e1f5b521de19b,6f9a9c5f2856c8b3,Open,617451.168457985,2.3148148148148147e-05,0,C0: High-Win,,292.97842,292.97840092411747,,
3c0725865737ed0f,6befd145c261113d,6b7e1f5b521de19b,6f9a9c5f2856c8b3,Open,361.29574083874047,1.1574074074074072e-05,1,C1: Active Pipeline,,22.095798,22.095786918357568,,
3c0a7a29ffb4f982,9387d1da6d5967e1,6b7e1f5b521de19b,,Open,9648.963805727815,0.0,3,C3: Large Open,,38.66857,38.66857147216797,,
3c135c3396c7dd11,9387d1da6d5967e1,6b7e1f5b521de19b,d4f34f97b6d22a81,Open,9887.041589348042,2.3148148148148147e-05,3,C3: Large Open,,84.29876,84.29873631230107,,
3c1fb9c12de71cdf,ac2a5ee6878db2c2,6b7e1f5b521de19b,6f9a9c5f2856c8b3,Open,1.170863568534039,0.0,1,C1: Active Pipeline,,62.480904,62.48090362548828,,
3c219a559911fdff,9387d1da6d5967e1,6b7e1f5b521de19b,,Open,11264.189824104717,482.1407986111111,3,C3: Large Open,0.132,110.6486,0.0,1486.8730567818227,9777.316767322895
3c22771e23a8adce,a66943a59bca7bfd,bd661df59343798b,d4f34f97b6d22a81,Open,1.170863568534039,1.1574074074074072e-05,1,C1: Active Pipeline,,72.28377,72.28375612612123,,
3c254ad9d6326663,1cdd086394501fee,6b7e1f5b521de19b,6f9a9c5f2856c8b3,Open,1.170863568534039,1.1574074074074072e-05,1,C1: Active Pipeline,,71.32087,71.3208578717267,,
3c2caa1f2ca8271a,ac2a5ee6878db2c2,6b7e1f5b521de19b,6f9a9c5f2856c8b3,Open,29685.415378143603,322.3029513888889,3,C3: Large Open,0.206,392.76813,70.46517605251734,6115.195567897582,23570.21981024602
3c2f08162ce66d10,6befd145c261113d,6b7e1f5b521de19b,6f9a9c5f2856c8b3,Open,98.49392076768088,23.3540625,1,C1: Active Pipeline,,48.799946,25.445883331298827,,
3c2fca12a4dd4962,4928d3c96935fb3f,6b7e1f5b521de19b,6f9a9c5f2856c8b3,Open,165.25980211615976,15.002199074074074,2,C2: High-Win,,27.508501,12.506301978782371,,
3c354528ed9df2db,9387d1da6d5967e1,6b7e1f5b521de19b,d4f34f97b6d22a81,Open,4517.797135638614,2.217013888888889,3,C3: Large Open,0.46,90.15111,87.93409389919705,2078.1866823937626,2439.6104532448517
3c4e068bbcf95db8,1cdd086394501fee,6b7e1f5b521de19b,6f9a9c5f2856c8b3,Open,88623.59649983239,18.710868055555554,3,C3: Large Open,0.674,81.7098,62.99893266465929,59732.30404088704,28891.292458945354
3c500b3095c77823,ac2a5ee6878db2c2,6b7e1f5b521de19b,6f9a9c5f2856c8b3,Open,2982583.666168043,61.17591435185185,3,C3: Large Open,0.4925,854.02374,792.8478283239294,1468922.455587761,1513661.210580282
3c5c209adb193293,9387d1da6d5967e1,6b7e1f5b521de19b,,Open,1.170863568534039,0.0,1,C1: Active Pipeline,0.254,222.83353,222.83352661132812,0.29739934640764587,0.8734642221263931
3c6304d82728adb1,ef9b14cf5a29c54a,6b7e1f5b521de19b,,Open,1.170863568534039,0.0,1,C1: Active Pipeline,,41.814053,41.81405258178711,,
3c6f4696012438db,ef9b14cf5a29c54a,6b7e1f5b521de19b,,Open,1.170863568534039,264.9488657407408,1,C1: Active Pipeline,0.108,169.93443,0.0,0.1264532654016762,1.0444103031323628
3c861a79c724dbad,1cdd086394501fee,6b7e1f5b521de19b,6f9a9c5f2856c8b3,Open,98.49392076768088,45.859652777777775,1,C1: Active Pipeline,0.58,63.88301,18.023358086480037,57.1264740452549,41.367446722425974
3ca86859e6ba6c28,ac2a5ee6878db2c2,6b7e1f5b521de19b,6f9a9c5f2856c8b3,Open,202069.44164454436,305.96944444444443,3,C3: Large Open,0.166,117.84701,0.0,33543.52731299437,168525.91433154998
3ca966d9e8ec97d8,6befd145c261113d,6b7e1f5b521de19b,6f9a9c5f2856c8b3,Open,1.170863568534039,2.3148148148148147e-05,1,C1: Active Pipeline,,67.56515,67.5651242517542,,
3caa5c3ec08db311,6befd145c261113d,6b7e1f5b521de19b,6f9a9c5f2856c8b3,Open,98.49392076768088,2.3148148148148147e-05,1,C1: Active Pipeline,,63.525055,63.52503178349248,,
3cae4522c7af16f4,ef9b14cf5a29c54a,6b7e1f5b521de19b,,Open,1.170863568534039,3.472222222222222e-05,1,C1: Active Pipeline,,77.06684,77.06680640326606,,
3cb8b2d58fd3092e,6befd145c261113d,6b7e1f5b521de19b,d4f34f97b6d22a81,Open,2619.681698339552,0.0002430555555555,0,C0: High-Win,,29.773317,29.77307428148058,,
3cc05f760360f83c,1cdd086394501fee,6b7e1f5b521de19b,6f9a9c5f2856c8b3,Open,21181.026527915797,229.03302083333327,3,C3: Large Open,0.326,66.50791,0.0,6905.01464810055,14276.011879815245
3ccabfb2ea1d7040,ac2a5ee6878db2c2,6b7e1f5b521de19b,d4f34f97b6d22a81,Open,2801.69935286604,2.3148148148148147e-05,0,C0: High-Win,,23.66578,23.665755965621383,,
3ccf651d218e9851,a66943a59bca7bfd,062b9e5a52eb6d8e,28c9c64e5918b06e,Open,2048530.9937409505,873.9353703703704,3,C3: Large Open,0.628,104.14388,0.0,1286477.4640693169,762053.5296716336
3cd23892337cfe74,1cdd086394501fee,6b7e1f5b521de19b,6f9a9c5f2856c8b3,Open,188394.1711078588,5.787037037037037e-05,3,C3: Large Open,,139.01366,139.01359874584057,,
3ce7954b0feb24a2,a66943a59bca7bfd,6b7e1f5b521de19b,d4f34f97b6d22a81,Open,1.170863568534039,0.0,1,C1: Active Pipeline,,59.341347,59.341346740722656,,
3cf6a5632fee792e,6befd145c261113d,6b7e1f5b521de19b,6f9a9c5f2856c8b3,Open,3391.863497755878,0.001261574074074,0,C0: High-Win,,51.141792,51.14053072328921,,
3cfa815f5837707e,6befd145c261113d,6b7e1f5b521de19b,6f9a9c5f2856c8b3,Open,61882.34724593584,4.629629629629629e-05,0,C0: High-Win,,56.30867,56.308623747649015,,
3cffeee2ae611b7e,1cdd086394501fee,6b7e1f5b521de19b,6f9a9c5f2856c8b3,Open,77445.77519092569,3.472222222222222e-05,0,C0: High-Win,,42.728783,42.72874793158637,,
3d064c2794340ea0,9387d1da6d5967e1,6b7e1f5b521de19b,,Open,121130.27981900204,67.18438657407407,3,C3: Large Open,,52.280308,0.0,,
3d0f0f6b1275ebad,6befd145c261113d,6b7e1f5b521de19b,6f9a9c5f2856c8b3,Open,1543.7473698731,1.1574074074074072e-05,1,C1: Active Pipeline,,39.928253,39.92824159975405,,
3d232ce12ece88d8,4928d3c96935fb3f,6b7e1f5b521de19b,,Open,1.170863568534039,0.0,1,C1: Active Pipeline,,72.27725,72.27725219726562,,
3d3efa59607a5692,a66943a59bca7bfd,fd10c5543bdbcbc9,28c9c64e5918b06e,Open,1.170863568534039,1.1574074074074072e-05,1,C1: Active Pipeline,,60.705498,60.705486167625146,,
3d4860edb491f2ea,9387d1da6d5967e1,6b7e1f5b521de19b,d4f34f97b6d22a81,Open,25102.753943361105,1.1574074074074072e-05,3,C3: Large Open,,51.920944,51.920932639793115,,
3d539d1951282956,9387d1da6d5967e1,6b7e1f5b521de19b,,Open,25102.753943361105,1.1574074074074072e-05,3,C3: Large Open,,29.728914,29.728902686790185,,
3d5b30dbec52a1e3,6befd145c261113d,6b7e1f5b521de19b,6f9a9c5f2856c8b3,Open,5658.7759425677,1.1574074074074072e-05,3,C3: Large Open,,33.448013,33.44800173158999,,
3d788bf730460371,9387d1da6d5967e1,6b7e1f5b521de19b,,Open,89664.46366676311,319.6904861111111,3,C3: Large Open,0.138,382.633,62.94250949435764,12373.69598601331,77290.7676807498
3d95d6228de31482,ef9b14cf5a29c54a,062b9e5a52eb6d8e,,Open,1.170863568534039,250.9820138888889,1,C1: Active Pipeline,0.23,163.77454,0.0,0.26929862076282896,0.90156494777121
3da6a1ee4e0140a0,6befd145c261113d,6b7e1f5b521de19b,6f9a9c5f2856c8b3,Open,27685.304717477007,0.0007523148148148,3,C3: Large Open,,55.85068,55.84992899011682,,
3dadb7ccf887bab6,9387d1da6d5967e1,6b7e1f5b521de19b,,Open,5186.502594949308,1.1574074074074072e-05,3,C3: Large Open,0.172,109.66284,109.66283022280092,892.0784463312809,4294.424148618028
3dae84edfa629619,1cdd086394501fee,6b7e1f5b521de19b,6f9a9c5f2856c8b3,Open,690.669707946399,0.0066203703703703,1,C1: Active Pipeline,,73.614006,73.6073856721101,,
3db682d326398d6d,4928d3c96935fb3f,6b7e1f5b521de19b,,Open,84924.34296384055,2.3148148148148147e-05,4,C4: Mid-Range,,350.90234,350.90232060185184,,
3de1007c48127e6c,a66943a59bca7bfd,75c64824a2a4e380,28c9c64e5918b06e,Open,69805.88964580093,70.78476851851852,0,C0: High-Win,0.718,41.424706,0.0,50120.62876568506,19685.260880115864
3de49ec6eee3ad08,6befd145c261113d,6b7e1f5b521de19b,,Open,263999.29512211593,0.0022685185185185,3,C3: Large Open,0.308,78.45831,78.45604446976273,81311.7828976117,182687.5122245042
3de5ba8e3269b45c,1cdd086394501fee,6b7e1f5b521de19b,6f9a9c5f2856c8b3,Open,1.170863568534039,1.1574074074074072e-05,1,C1: Active Pipeline,,64.73638,64.73636995668764,,
3def8b8cc4a637a5,6befd145c261113d,6b7e1f5b521de19b,6f9a9c5f2856c8b3,Open,15507.251361753664,1.1574074074074072e-05,3,C3: Large Open,,45.99876,45.9987486493146,,
3df113a8f72c8e37,1cdd086394501fee,6b7e1f5b521de19b,6f9a9c5f2856c8b3,Open,1.170863568534039,0.0,1,C1: Active Pipeline,,104.1191,104.11910247802734,,
3dff8703b7cda29e,a66943a59bca7bfd,255414ab73601d72,28c9c64e5918b06e,Open,1.170863568534039,0.0,1,C1: Active Pipeline,,56.00202,56.00202178955078,,
3e0214e670b59660,ac2a5ee6878db2c2,6b7e1f5b521de19b,,Open,1.170863568534039,0.0,1,C1: Active Pipeline,,267.9441,267.944091796875,,
3e506a9e1dcf2885,a66943a59bca7bfd,6b7e1f5b521de19b,28c9c64e5918b06e,Open,19834.80648186362,6.944444444444444e-05,3,C3: Large Open,,51.7096,51.709529096815324,,
3e739428e088a0de,6befd145c261113d,6b7e1f5b521de19b,6f9a9c5f2856c8b3,Open,31111.25003345067,280.98685185185184,3,C3: Large Open,,58.057938,0.0,,
3e767c312d65f25d,6befd145c261113d,6b7e1f5b521de19b,,Open,1.170863568534039,0.0,1,C1: Active Pipeline,,401.65195,401.6519470214844,,
3e7d788d84d225fa,ac2a5ee6878db2c2,6b7e1f5b521de19b,d4f34f97b6d22a81,Open,216079.27304855103,398.65600694444447,3,C3: Large Open,0.2,142.01106,0.0,43215.85460971021,172863.41843884083
3ed465fa6239d3d7,6befd145c261113d,6b7e1f5b521de19b,,Open,97448.11793908857,0.0,2,C2: High-Win,,63.378162,63.3781623840332,,
3efe914d86202c1b,ac2a5ee6878db2c2,6b7e1f5b521de19b,6f9a9c5f2856c8b3,Open,1060.8669669680155,1.1574074074074072e-05,1,C1: Active Pipeline,,21.515251,21.515239585593896,,
3f35d9ede8a11ad3,6befd145c261113d,6b7e1f5b521de19b,6f9a9c5f2856c8b3,Open,63889.83976172935,9.740729166666666,3,C3: Large Open,0.83,43.986065,34.245335744222004,53028.56700223536,10861.272759493992
3f45ea9d08142d59,1cdd086394501fee,7b7c16a1b24ec3b8,,Open,11128.745288695003,0.0667013888888889,3,C3: Large Open,0.502,80.563,80.49630215115018,5586.6301349248915,5542.115153770112
3f4e60e948e6cba5,9387d1da6d5967e1,e43bc3ffd79e75b6,,Open,3829.882900082147,363.0792708333333,3,C3: Large Open,0.29,213.88367,0.0,1110.6660410238226,2719.216859058324
3f62bac1ad4e83af,1cdd086394501fee,6b7e1f5b521de19b,6f9a9c5f2856c8b3,Open,18763.31698666329,2.3148148148148147e-05,0,C0: High-Win,,54.46669,54.46666691532842,,
3f8f58d255dc0006,9387d1da6d5967e1,6b7e1f5b521de19b,,Open,65064.44409714713,400.0166898148148,2,C2: High-Win,0.85,368.68906,0.0,55304.77748257505,9759.66661457207
3f91a745239ad403,9387d1da6d5967e1,6b7e1f5b521de19b,d4f34f97b6d22a81,Open,156541.17327282834,175.50694444444446,3,C3: Large Open,0.364,147.7712,0.0,56980.987071309515,99560.18620151882
3faaab95af1be682,4928d3c96935fb3f,6b7e1f5b521de19b,6f9a9c5f2856c8b3,Open,64546.23234172824,119.14755787037036,4,C4: Mid-Range,,159.01808,39.8705237946687,,
3fb3ab13eb03f71b,6befd145c261113d,6b7e1f5b521de19b,6f9a9c5f2856c8b3,Open,1.170863568534039,0.0,1,C1: Active Pipeline,,224.4867,224.4866943359375,,
3fbd63d50f9df503,a66943a59bca7bfd,ddbd249e57ed6b40,28c9c64e5918b06e,Open,47405.20481920666,8.101851851851852e-05,0,C0: High-Win,,69.64501,69.64493088333695,,
3fc4f2d8379283e8,ac2a5ee6878db2c2,6b7e1f5b521de19b,6f9a9c5f2856c8b3,Open,29543.967670058035,2.9392939814814816,3,C3: Large Open,0.528,91.00143,88.06213271529586,15599.214929790644,13944.752740267391
3fd8bee3c470e2ab,1cdd086394501fee,6b7e1f5b521de19b,6f9a9c5f2856c8b3,Open,1.170863568534039,0.0,1,C1: Active Pipeline,,54.027702,54.02770233154297,,
3fe75d9d0f6d055c,ac2a5ee6878db2c2,6b7e1f5b521de19b,6f9a9c5f2856c8b3,Open,506763.7771619208,0.0038541666666666,3,C3: Large Open,0.362,381.96762,381.9637666829427,183448.48733261533,323315.2898293055
3ff386fbf2a71558,9387d1da6d5967e1,6b7e1f5b521de19b,d4f34f97b6d22a81,Open,9648.963805727815,1.1574074074074072e-05,3,C3: Large Open,,112.03742,112.0374106061017,,
400d63a8a242d053,1cdd086394501fee,6b7e1f5b521de19b,6f9a9c5f2856c8b3,Open,21893.04658958357,11.090289351851853,3,C3: Large Open,0.636,75.81305,64.7227599645544,13923.97763097515,7969.068958608419
4047465c37392d4f,9387d1da6d5967e1,6b7e1f5b521de19b,6f9a9c5f2856c8b3,Open,2958.600826128589,0.0212037037037037,1,C1: Active Pipeline,0.242,105.6401,105.61889486807364,715.9813999231185,2242.6194262054705
404e1e7c5600b5ef,9387d1da6d5967e1,6b7e1f5b521de19b,d4f34f97b6d22a81,Open,1.170863568534039,1.1574074074074072e-05,1,C1: Active Pipeline,,83.69182,83.69180666323061,,
4063332afa349965,6befd145c261113d,6b7e1f5b521de19b,6f9a9c5f2856c8b3,Open,880.085618670939,0.0008680555555555,0,C0: High-Win,,47.16278,47.16191270616319,,
4089088b4b6fc161,9387d1da6d5967e1,6b7e1f5b521de19b,,Open,2.4198904513070483,2.3148148148148147e-05,1,C1: Active Pipeline,,98.459465,98.45944187870732,,
408ef2d389e5ebda,9387d1da6d5967e1,6b7e1f5b521de19b,,Open,9648.963805727815,1.1574074074074072e-05,3,C3: Large Open,,116.654915,116.65490328188295,,
409fad26252c0525,1cdd086394501fee,6b7e1f5b521de19b,6f9a9c5f2856c8b3,Open,1.170863568534039,1.1574074074074072e-05,1,C1: Active Pipeline,,52.12662,52.12660967226382,,
40ae1a571df97d60,a66943a59bca7bfd,ca0404ddaade5726,28c9c64e5918b06e,Open,1.170863568534039,1.1574074074074072e-05,1,C1: Active Pipeline,,120.719124,120.71911226625795,,
40b07c3a0b063499,a66943a59bca7bfd,fd10c5543bdbcbc9,d4f34f97b6d22a81,Open,1499845.9725962055,38.84451388888889,3,C3: Large Open,0.476,175.97743,137.13291836208768,713926.6829557938,785919.2896404117
40b10297cf6bea69,6befd145c261113d,6b7e1f5b521de19b,d4f34f97b6d22a81,Open,567913.18540228,8.101851851851852e-05,3,C3: Large Open,,160.09418,160.09409622757522,,
40c4a61556e9c123,1cdd086394501fee,6b7e1f5b521de19b,6f9a9c5f2856c8b3,Open,4386.532748246311,2.7006828703703705,3,C3: Large Open,0.438,219.51715,216.81646800853588,1921.3013437318841,2465.2314045144267
40c52a66b3bbc367,ac2a5ee6878db2c2,6b7e1f5b521de19b,6f9a9c5f2856c8b3,Open,961.6419532185736,26.914641203703702,2,C2: High-Win,0.76,53.19622,26.281579194245516,730.8478844461159,230.79406877245765
40ce8306a5918439,9387d1da6d5967e1,6b7e1f5b521de19b,,Open,2.4198904513070483,0.0,1,C1: Active Pipeline,,155.96143,155.96142578125,,
40d5466e0952482c,6befd145c261113d,6b7e1f5b521de19b,6f9a9c5f2856c8b3,Open,1.170863568534039,0.002824074074074,1,C1: Active Pipeline,,297.91306,297.9102313458478,,
40d5530e40c5e4d5,1cdd086394501fee,6b7e1f5b521de19b,6f9a9c5f2856c8b3,Open,4854.049577612525,50.91873842592592,0,C0: High-Win,,94.22561,43.30687039975767,,
40f6b195062b8e7b,9387d1da6d5967e1,6b7e1f5b521de19b,,Open,2.4198904513070483,1.1574074074074072e-05,1,C1: Active Pipeline,,97.582016,97.58200441713686,,
4102b710e95b495b,9387d1da6d5967e1,6b7e1f5b521de19b,,Open,5083.8994500666495,0.0,3,C3: Large Open,,61.2872,61.287200927734375,,
41174792a32c2c62,9387d1da6d5967e1,6b7e1f5b521de19b,,Open,5655.969519442425,1.1574074074074072e-05,0,C0: High-Win,,26.526838,26.526826728538232,,
41235ddb00f2de07,6befd145c261113d,6b7e1f5b521de19b,6f9a9c5f2856c8b3,Open,1.170863568534039,1.1574074074074072e-05,4,C4: Mid-Range,,99.85244,99.85242830629701,,
4124098e4b02f13b,a66943a59bca7bfd,ddbd249e57ed6b40,28c9c64e5918b06e,Open,1791747.6554711924,5.727060185185185,0,C0: High-Win,0.828,53.424442,47.69738210607458,1483567.0587301473,308180.5967410452
41385a6c1b650555,4928d3c96935fb3f,6b7e1f5b521de19b,,Open,5584.062885786486,28.760925925925925,0,C0: High-Win,0.776,25.064877,0.0,4333.232799370313,1250.8300864161727
413b070045921310,9387d1da6d5967e1,6b7e1f5b521de19b,d4f34f97b6d22a81,Open,4386.532748246311,197.14090277777777,3,C3: Large Open,0.232,80.68522,0.0,1017.6755975931442,3368.8571506531666
4145759cf9eeed44,6befd145c261113d,6b7e1f5b521de19b,6f9a9c5f2856c8b3,Open,64.10035007555453,9.25925925925926e-05,0,C0: High-Win,,37.660122,37.660029325132015,,
41635c5dff5a5c59,9387d1da6d5967e1,6b7e1f5b521de19b,,Open,15566.162911287942,0.0,0,C0: High-Win,,26.092556,26.09255599975586,,
41662488c08908b7,ac2a5ee6878db2c2,6b7e1f5b521de19b,,Open,263999.29512211593,0.0020138888888888,3,C3: Large Open,,244.55733,244.55531338161893,,
4169b038e570368c,6befd145c261113d,6b7e1f5b521de19b,6f9a9c5f2856c8b3,Open,27673.46329647016,42.10629629629629,3,C3: Large Open,0.664,55.324406,13.218109373869723,18375.179628856185,9298.283667613972
416c950f4de481c6,1cdd086394501fee,6b7e1f5b521de19b,6f9a9c5f2856c8b3,Open,3091.400856224339,0.0439467592592592,3,C3: Large Open,,61.527718,61.483770831072775,,
416fec2b4550ab7c,6befd145c261113d,6b7e1f5b521de19b,6f9a9c5f2856c8b3,Open,1.170863568534039,13.776921296296296,1,C1: Active Pipeline,,84.94085,71.16392800790292,,
417ac2f0e36f1f1b,4928d3c96935fb3f,6b7e1f5b521de19b,6f9a9c5f2856c8b3,Open,1.170863568534039,1.1574074074074072e-05,1,C1: Active Pipeline,,68.89611,68.89609896059389,,
417f46089c339ae3,ac2a5ee6878db2c2,6b7e1f5b521de19b,6f9a9c5f2856c8b3,Open,32666.99605033908,0.0290162037037037,0,C0: High-Win,0.692,88.14418,88.11516409414786,22605.56126683464,10061.434783504437
419208b28099c070,ac2a5ee6878db2c2,6b7e1f5b521de19b,6f9a9c5f2856c8b3,Open,278.2580555801657,0.0013078703703703,1,C1: Active Pipeline,,19.755035,19.753727530020253,,
419e2e28626206c2,6befd145c261113d,6b7e1f5b521de19b,6f9a9c5f2856c8b3,Open,770099.6287975291,2.9618634259259258,0,C0: High-Win,0.304,570.68646,567.7245989764178,234110.28715444886,535989.3416430802
41acd6c6098b7183,6befd145c261113d,6b7e1f5b521de19b,6f9a9c5f2856c8b3,Open,6681.014348309619,0.1129861111111111,3,C3: Large Open,0.69,57.53648,57.42349383884006,4609.899900333637,2071.1144479759823
41c978c7fafa3cc5,6befd145c261113d,6b7e1f5b521de19b,6f9a9c5f2856c8b3,Open,8304.689797280567,0.0009375,0,C0: High-Win,0.766,53.633965,53.63302703857422,6361.392384716914,1943.2974125636526
41cc32ddbf7690ea,ac2a5ee6878db2c2,6b7e1f5b521de19b,6f9a9c5f2856c8b3,Open,37366.72288186757,0.0,3,C3: Large Open,0.252,252.95514,252.95513916015625,9416.414166230628,27950.308715636944
41dae1bb6f923cde,9387d1da6d5967e1,6b7e1f5b521de19b,,Open,9973.897027973446,1.1574074074074072e-05,0,C0: High-Win,,42.706593,42.70658098574038,,
41db54541e35f4bd,a66943a59bca7bfd,6b7e1f5b521de19b,28c9c64e5918b06e,Open,1.170863568534039,0.0035300925925925,1,C1: Active Pipeline,,63.990417,63.98688738787616,,
41e585133709a820,9387d1da6d5967e1,6b7e1f5b521de19b,,Open,89664.46366676311,0.0,3,C3: Large Open,,105.27567,105.27567291259766,,
41f88093b524823a,9387d1da6d5967e1,6b7e1f5b521de19b,d4f34f97b6d22a81,Open,121154.2005075969,182.7158333333333,3,C3: Large Open,0.432,56.75948,0.0,52338.61461928186,68815.58588831505
41f9c29a16f5f841,1cdd086394501fee,e43bc3ffd79e75b6,,Open,1064506.8667509402,11.159780092592593,3,C3: Large Open,0.434,398.191,387.0312294288918,461995.980169908,602510.8865810322
421107781b508469,1cdd086394501fee,6b7e1f5b521de19b,6f9a9c5f2856c8b3,Open,655.4763241488417,2.035509259259259,1,C1: Active Pipeline,,53.54131,51.505800097430196,,
42243a55efe4dade,ac2a5ee6878db2c2,6b7e1f5b521de19b,6f9a9c5f2856c8b3,Open,1.170863568534039,1.1574074074074072e-05,1,C1: Active Pipeline,,265.67746,265.6774481427228,,
4228ad85c977d04f,ef9b14cf5a29c54a,6b7e1f5b521de19b,,Open,1536396.5715196466,1564.4222685185184,3,C3: Large Open,0.43,143.24455,0.0,660650.525753448,875746.0457661987
422c8ad543257951,a66943a59bca7bfd,6b7e1f5b521de19b,,Open,9548.177348327425,1.1574074074074072e-05,3,C3: Large Open,,64.675354,64.67534242983217,,
4232a98cfaf90d8c,9387d1da6d5967e1,6b7e1f5b521de19b,,Open,37820.4743961143,1.1574074074074072e-05,3,C3: Large Open,,75.95714,75.95712648744936,,
423734d8663eaca3,ac2a5ee6878db2c2,6b7e1f5b521de19b,6f9a9c5f2856c8b3,Open,252857.95171331312,265.9180324074074,3,C3: Large Open,0.374,80.68768,0.0,94568.8739407791,158289.07777253402
423a2bdd9bd7b954,a66943a59bca7bfd,fc3655a0b667e091,28c9c64e5918b06e,Open,5062.409427540058,1.1574074074074072e-05,3,C3: Large Open,0.592,65.48058,65.48057161684389,2996.946381103714,2065.4630464363436
4247d99b4555f067,6befd145c261113d,6b7e1f5b521de19b,6f9a9c5f2856c8b3,Open,415.3892283045608,1.1574074074074072e-05,1,C1: Active Pipeline,,25.744492,25.744480003074365,,
425803efbb38f865,6befd145c261113d,6b7e1f5b521de19b,6f9a9c5f2856c8b3,Open,1.170863568534039,0.0,1,C1: Active Pipeline,,65.49401,65.49401092529297,,
428c37741ec8edce,6befd145c261113d,6b7e1f5b521de19b,,Open,11164.548352985035,1.1574074074074072e-05,3,C3: Large Open,,38.04704,38.04702745790835,,
428e6512417b8e30,9387d1da6d5967e1,6b7e1f5b521de19b,d4f34f97b6d22a81,Open,4854.049577612525,84.1872337962963,3,C3: Large Open,0.552,64.68152,0.0,2679.435366842114,2174.6142107704113
429263ba2868cc83,4928d3c96935fb3f,6b7e1f5b521de19b,,Open,1.170863568534039,1.1574074074074072e-05,1,C1: Active Pipeline,,55.10057,55.100559104636865,,
429a6da98ce76826,9387d1da6d5967e1,6b7e1f5b521de19b,,Open,5655.969519442425,0.0,3,C3: Large Open,,55.450436,55.450435638427734,,
429ad86fc09e4426,9387d1da6d5967e1,6b7e1f5b521de19b,,Open,89664.46366676311,140.9001851851852,3,C3: Large Open,,88.11892,0.0,,
42ab1d1ae6bb5468,1cdd086394501fee,6b7e1f5b521de19b,6f9a9c5f2856c8b3,Open,415.6520572837034,0.0077430555555555,0,C0: High-Win,0.808,109.09512,109.08738023546007,335.84686228523236,79.80519499847104
42bec1342c710a33,6befd145c261113d,6b7e1f5b521de19b,6f9a9c5f2856c8b3,Open,98.49392076768088,1.1574074074074072e-05,1,C1: Active Pipeline,,85.477295,85.47728334780092,,
42f74c4f4fc42550,4928d3c96935fb3f,062b9e5a52eb6d8e,,Open,1411928.4051162004,953.9483449074074,3,C3: Large Open,0.296,183.46033,0.0,417930.8079143953,993997.5972018051
4304179e423764cc,1cdd086394501fee,6b7e1f5b521de19b,,Open,1.170863568534039,1.1574074074074072e-05,1,C1: Active Pipeline,,62.77919,62.77917848940249,,
4307c2ed1812afc2,ac2a5ee6878db2c2,6b7e1f5b521de19b,6f9a9c5f2856c8b3,Open,1060.8669669680155,1.1574074074074072e-05,1,C1: Active Pipeline,,24.200285,24.20027338381167,,
43218a43254d59b9,1cdd086394501fee,bd661df59343798b,,Open,6825.920575393989,615.0176851851852,3,C3: Large Open,,39.65794,0.0,,
4328221e28927f10,6befd145c261113d,6b7e1f5b521de19b,,Open,25654.101903090123,1.1574074074074072e-05,3,C3: Large Open,,39.93508,39.93506990785952,,
43353ff4e18b7e0b,6befd145c261113d,6b7e1f5b521de19b,6f9a9c5f2856c8b3,Open,322.19821203079925,1.1574074074074072e-05,1,C1: Active Pipeline,0.836,26.708948,26.708936561301904,269.3577052577482,52.84050677305109
434be578eafaaba9,9387d1da6d5967e1,6b7e1f5b521de19b,,Open,89664.46366676311,257.1821180555556,3,C3: Large Open,0.04,312.20172,55.01960313585067,3586.5785466705247,86077.88512009259
4354382c5f0ae3d5,ef9b14cf5a29c54a,6b7e1f5b521de19b,,Open,90092.20966766456,2.3148148148148147e-05,2,C2: High-Win,,102.376854,102.37683079472295,,
435834ce85e5f259,6befd145c261113d,6b7e1f5b521de19b,6f9a9c5f2856c8b3,Open,1.170863568534039,0.106886574074074,1,C1: Active Pipeline,,59.851387,59.74450044985171,,
4361679541e34834,9387d1da6d5967e1,6b7e1f5b521de19b,,Open,25102.753943361105,1.1574074074074072e-05,3,C3: Large Open,,57.787487,57.787475455955224,,
436b09fccebff103,1cdd086394501fee,6b7e1f5b521de19b,6f9a9c5f2856c8b3,Open,1.170863568534039,0.0,1,C1: Active Pipeline,,66.33578,66.33577728271484,,
437633e78d9b257e,6befd145c261113d,6b7e1f5b521de19b,,Open,105527.34644643012,0.0,3,C3: Large Open,,41.42608,41.42607879638672,,
43861809ba1f4273,1cdd086394501fee,062b9e5a52eb6d8e,,Open,37788.32338894414,1.1574074074074072e-05,3,C3: Large Open,,20.985943,20.9859312665021,,
43863c38281fc1e8,a66943a59bca7bfd,255414ab73601d72,28c9c64e5918b06e,Open,1.170863568534039,1.1574074074074072e-05,1,C1: Active Pipeline,,54.16115,54.161140311912256,,
43886a93b84e1924,a66943a59bca7bfd,fd10c5543bdbcbc9,28c9c64e5918b06e,Open,1.170863568534039,1.1574074074074072e-05,1,C1: Active Pipeline,,50.993885,50.99387346620913,,
43a218c8b9b287f0,1cdd086394501fee,7b7c16a1b24ec3b8,,Open,1.170863568534039,3.472222222222222e-05,1,C1: Active Pipeline,,64.01224,64.0122028266059,,
43af4602232af082,9387d1da6d5967e1,6b7e1f5b521de19b,,Open,11264.189824104717,482.1425925925926,3,C3: Large Open,0.132,110.6486,0.0,1486.8730567818227,9777.316767322895
43affed691309e3f,9387d1da6d5967e1,6b7e1f5b521de19b,d4f34f97b6d22a81,Open,16057.941059122852,5.703981481481481,3,C3: Large Open,0.55,64.62692,58.9229411259404,8831.867582517569,7226.073476605283
43b53cf40dcb2e0a,ef9b14cf5a29c54a,6b7e1f5b521de19b,,Open,7289.944028155866,0.0118402777777777,0,C0: High-Win,,69.725655,69.713814324273,,
43c002aa50446044,6befd145c261113d,6b7e1f5b521de19b,6f9a9c5f2856c8b3,Open,270.4411873165172,1.1574074074074072e-05,1,C1: Active Pipeline,,22.75606,22.756048072532373,,
43e32396d02b6ac2,6befd145c261113d,6b7e1f5b521de19b,6f9a9c5f2856c8b3,Open,98.49392076768088,21.88508101851852,1,C1: Active Pipeline,0.76,49.807068,27.92198685257523,74.85537978343747,23.63854098424341
4402af6a2b8ce1bc,6befd145c261113d,6b7e1f5b521de19b,6f9a9c5f2856c8b3,Open,1.170863568534039,1.1574074074074072e-05,1,C1: Active Pipeline,,216.42735,216.42734133119936,,
4405b052a1576582,6befd145c261113d,6b7e1f5b521de19b,6f9a9c5f2856c8b3,Open,98.49392076768088,20.93428240740741,1,C1: Active Pipeline,0.62,52.866802,31.932519808168763,61.06623087596214,37.427689891718735
4409adc1be0b40e9,6befd145c261113d,6b7e1f5b521de19b,,Open,2615826.4497860987,264.99497685185185,3,C3: Large Open,0.508,887.5379,622.5429259801795,1328839.8364913382,1286986.6132947605
441af2fd81020f68,9387d1da6d5967e1,6b7e1f5b521de19b,,Open,36095.37719582366,1.1574074074074072e-05,3,C3: Large Open,,78.60881,78.60879885073061,,
442161677ccdd0e5,6befd145c261113d,6b7e1f5b521de19b,6f9a9c5f2856c8b3,Open,325.3216003955088,4.629629629629629e-05,1,C1: Active Pipeline,,21.311184,21.311137633147062,,
442a532e595fd140,1cdd086394501fee,6b7e1f5b521de19b,6f9a9c5f2856c8b3,Open,104217.294202615,0.9627314814814816,0,C0: High-Win,,54.770615,53.807883142541954,,
442ea25e33ffe714,9387d1da6d5967e1,6b7e1f5b521de19b,,Open,147782.212188992,40.846238425925925,3,C3: Large Open,0.24,505.38492,464.5386797869647,35467.73092535808,112314.48126363393
44449297d87afe62,6befd145c261113d,6b7e1f5b521de19b,6f9a9c5f2856c8b3,Open,944.1005318198368,1.1574074074074072e-05,1,C1: Active Pipeline,,29.872585,29.872573722556787,,
444d5094d81f2037,6befd145c261113d,6b7e1f5b521de19b,6f9a9c5f2856c8b3,Open,98.49392076768088,29.94508101851852,1,C1: Active Pipeline,0.712,47.341694,17.39661285965531,70.12767158658878,28.366249181092094
444f8603dac833fe,9387d1da6d5967e1,6b7e1f5b521de19b,,Open,2.4198904513070483,0.0,1,C1: Active Pipeline,,181.96928,181.9692840576172,,
445245ead0a4479f,ac2a5ee6878db2c2,6b7e1f5b521de19b,d4f34f97b6d22a81,Open,1.170863568534039,1.1574074074074072e-05,1,C1: Active Pipeline,0.512,54.58594,54.58592974062319,0.5994821470894279,0.571381421444611
4453166befed9e91,9387d1da6d5967e1,6b7e1f5b521de19b,6f9a9c5f2856c8b3,Open,237356.7852914512,57.87763888888889,3,C3: Large Open,0.246,90.95866,33.08101742214627,58389.769181697,178967.01610975421
445acf2bf02cbbc6,6befd145c261113d,6b7e1f5b521de19b,6f9a9c5f2856c8b3,Open,14700.526173316806,289.2898611111111,3,C3: Large Open,,300.21725,10.927393527560753,,
445fbcc67ecf3910,a66943a59bca7bfd,ac6153076817c20f,28c9c64e5918b06e,Open,83996.07777595076,207.3398148148148,3,C3: Large Open,0.008,142.86787,0.0,671.9686222076061,83324.10915374315
4464e46e7b82b302,9387d1da6d5967e1,6b7e1f5b521de19b,,Open,2186.505528376051,1.1574074074074072e-05,0,C0: High-Win,,108.35929,108.35927950258608,,
4481f36642f78d64,9387d1da6d5967e1,6b7e1f5b521de19b,,Open,11264.189824104717,1.1574074074074072e-05,3,C3: Large Open,,63.57345,63.57343660707827,,
448d61b716c81427,9387d1da6d5967e1,6b7e1f5b521de19b,d4f34f97b6d22a81,Open,1.170863568534039,1.1574074074074072e-05,1,C1: Active Pipeline,,325.86255,325.86253725405095,,
44c10453d9b99869,ef9b14cf5a29c54a,6b7e1f5b521de19b,,Open,1.170863568534039,0.013449074074074,1,C1: Active Pipeline,,121.79445,121.78099977846499,,
44d585ae0415495a,ac2a5ee6878db2c2,6b7e1f5b521de19b,6f9a9c5f2856c8b3,Open,1395510.2741413682,507.8646527777778,3,C3: Large Open,0.476,1721.4939,1213.6292437065972,664262.8904912913,731247.3836500769
44dd3cb52b473864,9387d1da6d5967e1,6b7e1f5b521de19b,,Open,40882.78265293119,1.1574074074074072e-05,3,C3: Large Open,,36.019455,36.019443381980615,,
44e036c7c8090327,9387d1da6d5967e1,6b7e1f5b521de19b,6f9a9c5f2856c8b3,Open,442.31453937079607,1.1574074074074072e-05,1,C1: Active Pipeline,,21.40955,21.409538139060693,,
44f65b0987f42069,1cdd086394501fee,6b7e1f5b521de19b,6f9a9c5f2856c8b3,Open,414861.3163009061,0.0002430555555555,0,C0: High-Win,,35.36089,35.360646379258895,,
45086639752b3445,9387d1da6d5967e1,6b7e1f5b521de19b,,Open,1.170863568534039,1.1574074074074072e-05,1,C1: Active Pipeline,,86.59497,86.59495912905092,,
450adab0aca6d2c8,1cdd086394501fee,6b7e1f5b521de19b,6f9a9c5f2856c8b3,Open,1.170863568534039,209.7699537037037,1,C1: Active Pipeline,,92.29783,0.0,,
45123b9ee1b9ed0c,9387d1da6d5967e1,6b7e1f5b521de19b,1e1439736d3ae4c5,Open,1.170863568534039,2.3148148148148147e-05,1,C1: Active Pipeline,,34.07968,34.07965824833623,,
4516de2f4455ee6c,ac2a5ee6878db2c2,6b7e1f5b521de19b,6f9a9c5f2856c8b3,Open,5526447.443578921,4.948935185185185,4,C4: Mid-Range,,397.50122,392.5522855179398,,
45178ec9b88a995e,1cdd086394501fee,6b7e1f5b521de19b,6f9a9c5f2856c8b3,Open,1554358.452082556,0.0016666666666666,3,C3: Large Open,,67.9774,67.97573506673177,,
452290e259068c46,ac2a5ee6878db2c2,6b7e1f5b521de19b,6f9a9c5f2856c8b3,Open,1100.311736085542,0.0081828703703703,1,C1: Active Pipeline,,28.30279,28.294606817739982,,
452c2059f19b5581,9387d1da6d5967e1,6b7e1f5b521de19b,d4f34f97b6d22a81,Open,7254.62894406636,125.01217592592592,3,C3: Large Open,0.166,133.21545,8.203278175636584,1204.268404715016,6050.360539351344
452e8e7dd0030970,ac2a5ee6878db2c2,6b7e1f5b521de19b,d4f34f97b6d22a81,Open,5075.82325948797,1.1574074074074072e-05,3,C3: Large Open,,334.05432,334.05430971498845,,
453edabcfa2b970b,1cdd086394501fee,062b9e5a52eb6d8e,,Open,5147.637672143986,1.1574074074074072e-05,3,C3: Large Open,,26.134413,26.134401191428857,,
45450d9663101f97,1cdd086394501fee,6b7e1f5b521de19b,6f9a9c5f2856c8b3,Open,1.170863568534039,1.1574074074074072e-05,1,C1: Active Pipeline,,71.36683,71.36681734438295,,
4545a15fea834d9f,6befd145c261113d,6b7e1f5b521de19b,2095e0b55fdf3180,Open,1.170863568534039,320.27207175925923,1,C1: Active Pipeline,0.13,435.50162,115.22954567238139,0.15221226390942508,1.018651304624614
454f4b07a06ca453,9387d1da6d5967e1,6b7e1f5b521de19b,,Open,2.4198904513070483,0.0,1,C1: Active Pipeline,,88.95406,88.95406341552734,,
4556b53d4a07d527,6befd145c261113d,6b7e1f5b521de19b,6f9a9c5f2856c8b3,Open,98.49392076768088,23.743425925925926,1,C1: Active Pipeline,,51.839756,28.096330086036964,,
4557df33a63ac1b7,9387d1da6d5967e1,6b7e1f5b521de19b,,Open,80872.05936290111,10.825949074074074,3,C3: Large Open,,122.8124,111.98645174379702,,
456a5d6aef7b6a5d,a66943a59bca7bfd,255414ab73601d72,,Open,898.0672933087098,0.0,1,C1: Active Pipeline,,46.538918,46.538917541503906,,
458968995c2f7c46,9387d1da6d5967e1,6b7e1f5b521de19b,,Open,41553.88251261787,352.9333449074074,3,C3: Large Open,0.298,81.51635,0.0,12383.056988760125,29170.825523857744
458c8b6cc13d70ce,9387d1da6d5967e1,6b7e1f5b521de19b,d4f34f97b6d22a81,Open,1.170863568534039,0.0,1,C1: Active Pipeline,,55.28751,55.28750991821289,,
459489db218673be,1cdd086394501fee,6b7e1f5b521de19b,6f9a9c5f2856c8b3,Open,85310.81114042184,569.0095138888889,3,C3: Large Open,0.094,58.75799,0.0,8019.216247199653,77291.59489322218
45b23d198af44332,1cdd086394501fee,062b9e5a52eb6d8e,,Open,1.170863568534039,1.1574074074074072e-05,1,C1: Active Pipeline,,79.99889,79.99888216371889,,
45b4eb9b7e1b126d,6befd145c261113d,6b7e1f5b521de19b,6f9a9c5f2856c8b3,Open,1.170863568534039,1.1574074074074072e-05,1,C1: Active Pipeline,,60.31448,60.31446825380679,,
45c526698e416f03,6befd145c261113d,6b7e1f5b521de19b,6f9a9c5f2856c8b3,Open,76969.49683290807,3.472222222222222e-05,0,C0: High-Win,,42.236378,42.23634299384223,,
45e3948a05380c18,6befd145c261113d,6b7e1f5b521de19b,6f9a9c5f2856c8b3,Open,271714.27236091055,0.0202430555555555,3,C3: Large Open,0.274,435.5334,435.5131431749132,74449.7106268895,197264.56173402106
45eba596088318c7,ac2a5ee6878db2c2,6b7e1f5b521de19b,d4f34f97b6d22a81,Open,92571.7764550214,42.012141203703706,3,C3: Large Open,0.166,129.51038,87.4982347728588,15366.914891533554,77204.86156348785
45edfb105d888088,9387d1da6d5967e1,6b7e1f5b521de19b,,Open,1.170863568534039,1.1574074074074072e-05,1,C1: Active Pipeline,,132.02815,132.02814089174623,,
45ef6458d72f3242,9387d1da6d5967e1,6b7e1f5b521de19b,,Open,22215.71817554351,0.0058333333333333,3,C3: Large Open,,120.35306,120.3472245279948,,
45efecf48d8d9454,1cdd086394501fee,6b7e1f5b521de19b,6f9a9c5f2856c8b3,Open,1.170863568534039,1.1574074074074072e-05,1,C1: Active Pipeline,,54.30826,54.30825029726382,,
45f98c71b3b34ae6,9387d1da6d5967e1,6b7e1f5b521de19b,2095e0b55fdf3180,Open,118887.02774929522,29.808449074074076,3,C3: Large Open,,310.7662,280.9577557599103,,
4602c60eb77dead0,a66943a59bca7bfd,ddbd249e57ed6b40,28c9c64e5918b06e,Open,363.5022704672653,2.3148148148148147e-05,1,C1: Active Pipeline,,23.908749,23.908725478560836,,
46172a651d26c752,1cdd086394501fee,6b7e1f5b521de19b,6f9a9c5f2856c8b3,Open,11025.386122928974,395.15527777777777,3,C3: Large Open,0.308,48.235638,0.0,3395.818925862124,7629.56719706685
461eaf283df44656,1cdd086394501fee,6b7e1f5b521de19b,6f9a9c5f2856c8b3,Open,10015.007569980527,2.3148148148148147e-05,3,C3: Large Open,,29.262987,29.262963988692672,,
462007a8ab598165,ac2a5ee6878db2c2,6b7e1f5b521de19b,d4f34f97b6d22a81,Open,3806.061610535672,179.98947916666663,0,C0: High-Win,0.302,47.958237,0.0,1149.430606381773,2656.631004153899
46227cbb7f9ac820,6befd145c261113d,6b7e1f5b521de19b,,Open,18179.73727059817,1.1574074074074072e-05,3,C3: Large Open,,33.77854,33.778529990867334,,
4622c3b0c353ea21,9387d1da6d5967e1,6b7e1f5b521de19b,,Open,8269.642544488683,1.1574074074074072e-05,3,C3: Large Open,,105.12458,105.1245688092267,,
464a1396d4b5f749,6befd145c261113d,6b7e1f5b521de19b,,Open,1.170863568534039,1.1574074074074072e-05,1,C1: Active Pipeline,0.468,100.5424,100.54238497133608,0.5479641500739303,0.6228994184601088
4653d78b571a50d1,6befd145c261113d,6b7e1f5b521de19b,6f9a9c5f2856c8b3,Open,1.170863568534039,2.3148148148148147e-05,1,C1: Active Pipeline,,285.02066,285.02063725224247,,
465e614eebda2778,1cdd086394501fee,6b7e1f5b521de19b,6f9a9c5f2856c8b3,Open,1.170863568534039,1.1574074074074072e-05,1,C1: Active Pipeline,,61.471706,61.47169481630679,,
466a712150ef4063,1cdd086394501fee,6b7e1f5b521de19b,,Open,17088.94487642747,182.73833333333332,2,C2: High-Win,0.604,91.531975,0.0,10321.722705362192,6767.222171065279
466e04563712f163,1cdd086394501fee,6b7e1f5b521de19b,6f9a9c5f2856c8b3,Open,1.170863568534039,1.1574074074074072e-05,1,C1: Active Pipeline,,36.629597,36.629585136131006,,
467f7cea116f29d7,ac2a5ee6878db2c2,6b7e1f5b521de19b,6f9a9c5f2856c8b3,Open,1.170863568534039,1.1574074074074072e-05,1,C1: Active Pipeline,,258.26276,258.2627447735822,,
4681f6ea5c735467,1cdd086394501fee,cca8e68b78e095c5,,Open,121529.78061548984,1.1574074074074072e-05,3,C3: Large Open,,356.4495,356.4494818341291,,
468ecd16f21207f3,9387d1da6d5967e1,6b7e1f5b521de19b,6f9a9c5f2856c8b3,Open,2864.41509483459,2.3148148148148147e-05,0,C0: High-Win,,27.027006,27.026983001143844,,
46a9313685a26629,ac2a5ee6878db2c2,6b7e1f5b521de19b,6f9a9c5f2856c8b3,Open,29543.967670058035,0.0736921296296296,0,C0: High-Win,0.718,66.81392,66.74022693775318,21212.568787101667,8331.398882956366
46a940c33e85083f,ac2a5ee6878db2c2,6b7e1f5b521de19b,d4f34f97b6d22a81,Open,27505.233600127875,69.81815972222222,3,C3: Large Open,,159.09575,89.27758917914497,,
46ae87dba7f8f46a,6befd145c261113d,6b7e1f5b521de19b,d4f34f97b6d22a81,Open,1.170863568534039,1.1574074074074072e-05,1,C1: Active Pipeline,,52.190228,52.19021593447085,,
46bd8cbaaf362916,ef9b14cf5a29c54a,6b7e1f5b521de19b,,Open,2.4198904513070483,1.1574074074074072e-05,1,C1: Active Pipeline,,92.33617,92.33615480776186,,
46ce0f5e1233bab8,4928d3c96935fb3f,6b7e1f5b521de19b,,Open,41408.65805672001,218.0184606481481,3,C3: Large Open,,360.768,142.74954472294564,,
46ce40642c39ee4f,6befd145c261113d,6b7e1f5b521de19b,6f9a9c5f2856c8b3,Open,262.2931122345503,0.001099537037037,1,C1: Active Pipeline,,25.541546,25.540446330882887,,
46d9ef02b74bd802,6befd145c261113d,6b7e1f5b521de19b,6f9a9c5f2856c8b3,Open,12262.816124644813,0.0006597222222222,3,C3: Large Open,,43.961246,43.96058676825629,,
46df6db17562898a,9387d1da6d5967e1,6b7e1f5b521de19b,,Open,4176.674738255045,0.0,3,C3: Large Open,,169.3315,169.3314971923828,,
46f5a90048adfcbe,9387d1da6d5967e1,6b7e1f5b521de19b,,Open,7495.264905653416,137.79171296296298,3,C3: Large Open,0.154,105.020966,0.0,1154.270795470626,6340.994110182789
4701fb6fb5aef421,6befd145c261113d,6b7e1f5b521de19b,6f9a9c5f2856c8b3,Open,760753.8886393537,59.39003472222223,3,C3: Large Open,0.39,144.2415,84.85146613226996,296694.01656934794,464059.87207000575
470415f3a2f0b628,6befd145c261113d,6b7e1f5b521de19b,6f9a9c5f2856c8b3,Open,1.170863568534039,0.0,1,C1: Active Pipeline,,61.33026,61.33026123046875,,
4707a135531acd1b,ac2a5ee6878db2c2,6b7e1f5b521de19b,6f9a9c5f2856c8b3,Open,14113.888689804007,1.1574074074074072e-05,3,C3: Large Open,0.648,83.16626,83.16624819155092,9145.799870992996,4968.08881881101
47099be398a05f05,ef9b14cf5a29c54a,6b7e1f5b521de19b,,Open,1.170863568534039,120.9848148148148,1,C1: Active Pipeline,0.196,137.43552,16.450701542607078,0.22948925943267165,0.9413743091013673
471325a1c8d40e26,6befd145c261113d,6b7e1f5b521de19b,6f9a9c5f2856c8b3,Open,244480.93109410696,8.477233796296296,0,C0: High-Win,0.268,505.63583,497.1585999439381,65520.88953322067,178960.04156088628
471cf124a1ead606,a66943a59bca7bfd,fc3655a0b667e091,28c9c64e5918b06e,Open,1.170863568534039,2.3148148148148147e-05,1,C1: Active Pipeline,,71.80731,71.8072888635706,,
4748a205c4ac504b,6befd145c261113d,6b7e1f5b521de19b,6f9a9c5f2856c8b3,Open,68943.69487490656,335.13495370370373,3,C3: Large Open,,49.721428,0.0,,
475df06f536c7a4e,9387d1da6d5967e1,6b7e1f5b521de19b,6f9a9c5f2856c8b3,Open,1.170863568534039,45.1562037037037,1,C1: Active Pipeline,,56.79183,11.635624451813875,,
475edb121ec5f069,9387d1da6d5967e1,6b7e1f5b521de19b,,Open,5083.8994500666495,1.1574074074074072e-05,3,C3: Large Open,,51.68109,51.68107973451968,,
47729b0353b9619e,1cdd086394501fee,062b9e5a52eb6d8e,,Open,869711.3941640588,325.60155092592595,3,C3: Large Open,0.282,289.38458,0.0,245258.61315426457,624452.7810097942
477b9640b8debdd1,ac2a5ee6878db2c2,6b7e1f5b521de19b,,Open,1.170863568534039,1.1574074074074072e-05,1,C1: Active Pipeline,,59.499817,59.49980532045718,,
477facb83c7e2f7f,1cdd086394501fee,6b7e1f5b521de19b,6f9a9c5f2856c8b3,Open,1052811.1590476718,181.9991087962963,3,C3: Large Open,0.182,777.7224,595.7233033130788,191611.63094667628,861199.5281009956
4795c15ef9320454,9387d1da6d5967e1,255414ab73601d72,d4f34f97b6d22a81,Open,219582.77326747292,81.11920138888888,0,C0: High-Win,0.83,55.87929,0.0,182253.70181200252,37329.0714554704
479da6aa2f28b57a,4928d3c96935fb3f,6b7e1f5b521de19b,,Open,4854.049577612525,1.1574074074074072e-05,3,C3: Large Open,,50.38339,50.38337694521304,,
47b6a26f058e77d8,6befd145c261113d,6b7e1f5b521de19b,6f9a9c5f2856c8b3,Open,310741.7000277706,2.765914351851852,3,C3: Large Open,0.556,382.7549,379.9889989782263,172772.38521544047,137969.31481233012
47b77c5f339a7a1b,9387d1da6d5967e1,6b7e1f5b521de19b,,Open,9648.963805727815,2.3148148148148147e-05,3,C3: Large Open,,50.5894,50.58937809696904,,
47c79887f3f8d0fe,6befd145c261113d,6b7e1f5b521de19b,6f9a9c5f2856c8b3,Open,325.3216003955088,1.1574074074074072e-05,1,C1: Active Pipeline,,25.638212,25.63820062990542,,
47dc887f4f2cc319,4928d3c96935fb3f,6b7e1f5b521de19b,,Open,11264.189824104717,114.82791666666668,3,C3: Large Open,,102.12074,0.0,,
47e5da3939bd972d,6befd145c261113d,6b7e1f5b521de19b,6f9a9c5f2856c8b3,Open,1645.1018281872764,1.1574074074074072e-05,1,C1: Active Pipeline,,31.898546,31.898534644797998,,
47f801b4ed16c51c,6befd145c261113d,6b7e1f5b521de19b,6f9a9c5f2856c8b3,Open,88250.1203478151,4.629629629629629e-05,3,C3: Large Open,,48.61835,48.61830468636972,,
47f971f138624369,a66943a59bca7bfd,7545e34e09ae9cad,28c9c64e5918b06e,Open,1.170863568534039,0.0,1,C1: Active Pipeline,,116.20189,116.20188903808594,,
47f98b04d5ee8d7d,4928d3c96935fb3f,6b7e1f5b521de19b,6f9a9c5f2856c8b3,Open,1.170863568534039,29.84212962962963,1,C1: Active Pipeline,,75.14316,45.30102832935475,,
480f69cfa3ecfe70,a66943a59bca7bfd,fd10c5543bdbcbc9,d4f34f97b6d22a81,Open,1683684.2606129514,350.8261689814815,0,C0: High-Win,0.778,1114.9952,764.169070276331,1309906.3547568761,373777.9058560752
481d85c5dfe6c80b,6befd145c261113d,6b7e1f5b521de19b,,Open,16565.327114841417,0.0,3,C3: Large Open,,39.322224,39.32222366333008,,
4825070b239ae720,ac2a5ee6878db2c2,6b7e1f5b521de19b,d4f34f97b6d22a81,Open,50849.95485177109,0.0325925925925925,3,C3: Large Open,0.716,73.691025,73.65843218768084,36408.5676738681,14441.38717790299
48307bdf8b6c8cd9,6befd145c261113d,6b7e1f5b521de19b,,Open,1.170863568534039,1.1574074074074072e-05,1,C1: Active Pipeline,0.3600243902439024,307.2945,307.2944830548322,0.421539442320267,0.7493241262137719
486b054fe5141388,9387d1da6d5967e1,6b7e1f5b521de19b,,Open,21273.147061594493,1.1574074074074072e-05,3,C3: Large Open,,90.230156,90.23014437075014,,
48797b3d794dc679,6befd145c261113d,6b7e1f5b521de19b,,Open,194582.1135070848,1.1574074074074072e-05,3,C3: Large Open,,58.360645,58.36063372011538,,
487b89bc04d48414,9387d1da6d5967e1,6b7e1f5b521de19b,,Open,25102.753943361105,1.1574074074074072e-05,3,C3: Large Open,,80.680565,80.68055330629701,,
488238066aaccf57,9387d1da6d5967e1,6b7e1f5b521de19b,,Open,13315.01140132538,507.1343055555556,3,C3: Large Open,0.13,98.42829,0.0,1730.9514821722996,11584.059919153082
48a68ca2ccacc898,1cdd086394501fee,6b7e1f5b521de19b,,Open,7622.275919791999,0.0,3,C3: Large Open,0.8,296.30197,296.3019714355469,6097.820735833599,1524.4551839583994
48bf3f0a6c6f3406,1cdd086394501fee,6b7e1f5b521de19b,6f9a9c5f2856c8b3,Open,45726.19110307761,0.0010069444444444,0,C0: High-Win,0.708,74.07372,74.07271589491103,32374.143300978947,13352.047802098663
48c2ec7233fb49f9,6befd145c261113d,6b7e1f5b521de19b,6f9a9c5f2856c8b3,Open,137139.43247256704,3.472222222222222e-05,3,C3: Large Open,,29.99067,29.99063452826606,,
48c3b7e56f3ca611,ac2a5ee6878db2c2,6b7e1f5b521de19b,d4f34f97b6d22a81,Open,1.170863568534039,1.1574074074074072e-05,1,C1: Active Pipeline,,56.96177,56.961757529929834,,
48ceffb5f9f72368,6befd145c261113d,6b7e1f5b521de19b,d4f34f97b6d22a81,Open,1011.9373225051188,1.1574074074074072e-05,1,C1: Active Pipeline,,29.399836,29.39982401247378,,
49055099bf38efe1,1cdd086394501fee,6b7e1f5b521de19b,6f9a9c5f2856c8b3,Open,1.170863568534039,2.3148148148148147e-05,1,C1: Active Pipeline,,95.40175,95.40172550907842,,
490b848807d3a828,a66943a59bca7bfd,38080774be85927f,28c9c64e5918b06e,Open,324.74120042631216,3.472222222222222e-05,1,C1: Active Pipeline,,28.597729,28.597694007025826,,
490bdc975a22d7a2,1cdd086394501fee,cca8e68b78e095c5,,Open,121529.78061548984,1.1574074074074072e-05,3,C3: Large Open,,162.9549,162.95488344545717,,
490d4824877d7314,6befd145c261113d,6b7e1f5b521de19b,6f9a9c5f2856c8b3,Open,1.170863568534039,1.1574074074074072e-05,1,C1: Active Pipeline,,53.633965,53.633952964500146,,
4921068263116dfc,4928d3c96935fb3f,6b7e1f5b521de19b,d4f34f97b6d22a81,Open,1.170863568534039,1.1574074074074072e-05,1,C1: Active Pipeline,,79.1261,79.12608705873842,,
49334ad11997134b,a66943a59bca7bfd,bd661df59343798b,28c9c64e5918b06e,Open,1.170863568534039,3.472222222222222e-05,1,C1: Active Pipeline,,59.587296,59.58726081000434,,
49363daf934c7ad4,6befd145c261113d,6b7e1f5b521de19b,6f9a9c5f2856c8b3,Open,256090.38021668003,1.1574074074074072e-05,0,C0: High-Win,,435.7756,435.7755926739728,,
493894d95edbb5f5,ac2a5ee6878db2c2,6b7e1f5b521de19b,6f9a9c5f2856c8b3,Open,5904.211328949516,0.0588194444444444,0,C0: High-Win,,27.91974,27.860921232435437,,
49400f29e189747a,ac2a5ee6878db2c2,6b7e1f5b521de19b,6f9a9c5f2856c8b3,Open,308983.95905336767,25.24037037037037,0,C0: High-Win,0.622,53.064342,27.823972128408926,192188.0225311947,116795.93652217298
49481380be64d502,9387d1da6d5967e1,6b7e1f5b521de19b,,Open,5655.969519442425,0.0,0,C0: High-Win,,21.964043,21.96404266357422,,
4951bef6d711e41a,9387d1da6d5967e1,6b7e1f5b521de19b,d4f34f97b6d22a81,Open,1.170863568534039,1.1574074074074072e-05,1,C1: Active Pipeline,,71.97587,71.97585665102358,,
4958b64f3e5ac104,1cdd086394501fee,e366e0e543d0c5cd,,Open,5083.8994500666495,1.1574074074074072e-05,3,C3: Large Open,,35.85664,35.856628287986474,,
49663dea96cc140f,4928d3c96935fb3f,6b7e1f5b521de19b,,Open,4617.932559522553,2.3148148148148147e-05,3,C3: Large Open,,28.613195,28.613172271163375,,
4999fea486176264,ac2a5ee6878db2c2,6b7e1f5b521de19b,6f9a9c5f2856c8b3,Open,1.170863568534039,1.1574074074074072e-05,1,C1: Active Pipeline,,379.34515,379.3451422345197,,
49a35b1cd35d5ffc,6befd145c261113d,6b7e1f5b521de19b,6f9a9c5f2856c8b3,Open,1.170863568534039,0.0,1,C1: Active Pipeline,,57.614037,57.614036560058594,,
49a7406a497da3e4,9387d1da6d5967e1,532ef57d231b606f,,Open,25102.753943361105,1.1574074074074072e-05,3,C3: Large Open,,108.15544,108.15542971010561,,
49ad9ff7190a4770,9387d1da6d5967e1,6b7e1f5b521de19b,,Open,121323.49592159208,0.180474537037037,3,C3: Large Open,,123.772736,123.59226105866608,,
49bb5747e172f96a,6befd145c261113d,6b7e1f5b521de19b,6f9a9c5f2856c8b3,Open,1185.674972700452,0.0008449074074074,0,C0: High-Win,,47.16278,47.161935854311345,,
49bfaaf724320c80,1cdd086394501fee,4dcb7378104041b8,,Open,524.1075465093295,1.1574074074074072e-05,1,C1: Active Pipeline,,44.12171,44.12170015688296,,
49cb7cbf9b64f1c4,9387d1da6d5967e1,6b7e1f5b521de19b,d4f34f97b6d22a81,Open,36279.915214761066,6.006319444444444,3,C3: Large Open,,48.117195,42.11087568495009,,
49ce765582171bcf,9387d1da6d5967e1,6b7e1f5b521de19b,,Open,21233.35486720398,0.0,3,C3: Large Open,0.7211515151515151,48.083385,48.0833854675293,15312.466034233948,5920.888832970032
49d3239c60fbf258,9387d1da6d5967e1,6b7e1f5b521de19b,d4f34f97b6d22a81,Open,9449.55167051342,0.0267939814814814,3,C3: Large Open,0.752,40.06329,40.0364956608525,7106.062856226092,2343.488814287328
49e2026bf4b6db0a,6befd145c261113d,6b7e1f5b521de19b,,Open,1875334.4167467568,350.0016782407407,3,C3: Large Open,0.412,1283.5774,933.5757143373843,772637.7796996637,1102696.6370470931
49e259f30c058fb9,6befd145c261113d,6b7e1f5b521de19b,,Open,1.170863568534039,412.10925925925926,1,C1: Active Pipeline,,227.85915,0.0,,
49fa6e3411dc3bac,6befd145c261113d,6b7e1f5b521de19b,,Open,4271.355885203606,1.1574074074074072e-05,3,C3: Large Open,,58.551277,58.55126558657046,,
49fceac02e2f33e3,9387d1da6d5967e1,6b7e1f5b521de19b,6f9a9c5f2856c8b3,Open,8709.880466015842,2.3148148148148147e-05,3,C3: Large Open,,43.417343,43.41731999150029,,
4a0390834c7caff3,9387d1da6d5967e1,6b7e1f5b521de19b,,Open,11264.189824104717,482.13489583333336,3,C3: Large Open,0.132,110.6486,0.0,1486.8730567818227,9777.316767322895
4a0cf5f8be2e2b67,1cdd086394501fee,6b7e1f5b521de19b,,Open,1.170863568534039,1.1574074074074072e-05,1,C1: Active Pipeline,,101.02658,101.0265692364728,,
4a20278a31c98792,ac2a5ee6878db2c2,6b7e1f5b521de19b,6f9a9c5f2856c8b3,Open,1.170863568534039,1.1574074074074072e-05,1,C1: Active Pipeline,,65.591866,65.5918539654767,,
4a301cdc1a7647b3,ac2a5ee6878db2c2,6b7e1f5b521de19b,6f9a9c5f2856c8b3,Open,2881.557875235741,0.0102893518518518,0,C0: High-Win,,52.245316,52.23502619990596,,
4a405c093cf296cf,9387d1da6d5967e1,6b7e1f5b521de19b,,Open,36077.87700023642,0.0,2,C2: High-Win,,21.216988,21.21698760986328,,
4a42a676bdace7c9,9387d1da6d5967e1,6b7e1f5b521de19b,d4f34f97b6d22a81,Open,81159.454505678,6.944444444444444e-05,3,C3: Large Open,,70.57942,70.57935255262586,,
4a4c178e17d8b4f0,6befd145c261113d,6b7e1f5b521de19b,6f9a9c5f2856c8b3,Open,4271.355885203606,4.629629629629629e-05,0,C0: High-Win,,25.14628,25.146233992399992,,
4a5506d3043710df,4928d3c96935fb3f,6b7e1f5b521de19b,,Open,10595.603566529831,46.24678240740741,3,C3: Large Open,0.376,79.951454,33.70467175519025,3983.9469410152165,6611.6566255146145
4a5dc848ef8c06a8,a66943a59bca7bfd,fd10c5543bdbcbc9,d4f34f97b6d22a81,Open,1.170863568534039,1.1574074074074072e-05,1,C1: Active Pipeline,,50.993885,50.99387346620913,,
4a62189a6593ceed,ac2a5ee6878db2c2,6b7e1f5b521de19b,d4f34f97b6d22a81,Open,24149.8562098709,131.8028125,3,C3: Large Open,0.274,89.57038,0.0,6617.060601504627,17532.795608366272
4a642f88c2d7ecd9,4928d3c96935fb3f,ddbd249e57ed6b40,6f9a9c5f2856c8b3,Open,323484.79236440384,191.28284722222224,3,C3: Large Open,0.216,253.89542,62.61256903754338,69872.71515071123,253612.07721369262
4a6ac3c900e1acbc,9387d1da6d5967e1,6b7e1f5b521de19b,d4f34f97b6d22a81,Open,739193.6311765709,0.8055208333333334,3,C3: Large Open,,313.58777,312.78224772135417,,
4a80588ffa8ab97c,ac2a5ee6878db2c2,6b7e1f5b521de19b,d4f34f97b6d22a81,Open,166222.0808626077,171.88753472222223,3,C3: Large Open,0.488,754.296,582.4084857855903,81116.37546095255,85105.70540165514
4aaf5bc10b297667,ac2a5ee6878db2c2,6b7e1f5b521de19b,6f9a9c5f2856c8b3,Open,1.170863568534039,1.1574074074074072e-05,1,C1: Active Pipeline,,54.204605,54.20459352846499,,
4ac591565a571c71,6befd145c261113d,6b7e1f5b521de19b,6f9a9c5f2856c8b3,Open,23408.65176937789,8.22224537037037,3,C3: Large Open,0.672,60.4654,52.24315532543041,15730.613989021944,7678.037780355948
4ad7d92d394e2637,9387d1da6d5967e1,6b7e1f5b521de19b,d4f34f97b6d22a81,Open,4517.797135638614,67.77349537037037,2,C2: High-Win,0.81,111.08559,43.31209117748119,3659.415679867278,858.3814557713365
4ae3f6e79ab0729e,a66943a59bca7bfd,255414ab73601d72,28c9c64e5918b06e,Open,1.170863568534039,0.0,1,C1: Active Pipeline,,72.467094,72.46709442138672,,
4af0db31f5495a79,6befd145c261113d,6b7e1f5b521de19b,6f9a9c5f2856c8b3,Open,98.49392076768088,0.0006018518518518,1,C1: Active Pipeline,,61.374115,61.37351313838252,,
4af17b4d427b3fab,9387d1da6d5967e1,6b7e1f5b521de19b,,Open,11485.134609700684,0.0,3,C3: Large Open,,129.67981,129.6798095703125,,
4af53851f37229dc,1cdd086394501fee,6b7e1f5b521de19b,6f9a9c5f2856c8b3,Open,1.170863568534039,1.1574074074074072e-05,1,C1: Active Pipeline,,51.37666,51.376647819236474,,
4b02ca23839186a6,ef9b14cf5a29c54a,674ec33189ed753c,,Open,976618.5275111411,497.2708449074074,3,C3: Large Open,,206.06993,0.0,,
4b23f5b319b63c88,ef9b14cf5a29c54a,6b7e1f5b521de19b,,Open,1110457.5568888315,0.0046296296296296,3,C3: Large Open,,126.76443,126.75979755542896,,
4b2d2a3d5901d09f,6befd145c261113d,6b7e1f5b521de19b,,Open,1187910.3043156844,0.1434027777777777,3,C3: Large Open,0.11,438.49725,438.35385064019096,130670.13347472528,1057240.170840959
4b4bc09f5716407c,9387d1da6d5967e1,6b7e1f5b521de19b,,Open,1.170863568534039,0.0,1,C1: Active Pipeline,,139.29056,139.29055786132812,,
4b58509a371283b0,1cdd086394501fee,6b7e1f5b521de19b,6f9a9c5f2856c8b3,Open,1.170863568534039,2.3148148148148147e-05,1,C1: Active Pipeline,,56.990597,56.99057362309209,,
4b64568f651ac87e,4928d3c96935fb3f,6b7e1f5b521de19b,,Open,4719.589194588503,1.1574074074074072e-05,0,C0: High-Win,,62.721172,62.7211607586896,,
4b719cdca6d12d34,6befd145c261113d,6b7e1f5b521de19b,d4f34f97b6d22a81,Open,19508.28213731301,236.6714699074074,3,C3: Large Open,0.414,54.84214,0.0,8076.4288048475855,11431.853332465425
4b797bceb5d5381f,6befd145c261113d,6b7e1f5b521de19b,d4f34f97b6d22a81,Open,692.7716514506209,2.3148148148148147e-05,0,C0: High-Win,,22.40075,22.40072605839482,,
4b7d9873f02d40c9,6befd145c261113d,6b7e1f5b521de19b,6f9a9c5f2856c8b3,Open,98.49392076768088,0.002974537037037,1,C1: Active Pipeline,0.648,56.089436,56.086461040355545,63.82406065745721,34.66986011022367
4b8678e12a39937d,9387d1da6d5967e1,6b7e1f5b521de19b,,Open,2.4198904513070483,1.1574074074074072e-05,1,C1: Active Pipeline,,88.150696,88.15068422670717,,
4b907ac2c2c46122,1cdd086394501fee,a0d28553c7be77f0,,Open,510044.4819514525,0.0016203703703703,3,C3: Large Open,0.534,137.13641,137.13479320384837,272363.75336207566,237680.72858937684
4b92350af79fa51a,4928d3c96935fb3f,6b7e1f5b521de19b,,Open,25103.935739946908,67.96637731481482,3,C3: Large Open,,95.59587,27.629493656864867,,
4ba46ea84827a3c8,1cdd086394501fee,062b9e5a52eb6d8e,6f9a9c5f2856c8b3,Open,1.170863568534039,0.0,1,C1: Active Pipeline,,88.80391,88.80390930175781,,
4ba532d1c899091d,9387d1da6d5967e1,6b7e1f5b521de19b,d4f34f97b6d22a81,Open,26102.510176658587,1.1574074074074072e-05,3,C3: Large Open,,109.64402,109.64400850649233,,
4bb4d07afbbcc573,6befd145c261113d,6b7e1f5b521de19b,,Open,14310458.018893763,0.0005555555555555,3,C3: Large Open,,105.956055,105.95549913194445,,
4bb6bed275780f7f,a66943a59bca7bfd,75c64824a2a4e380,28c9c64e5918b06e,Open,80632.6108469564,414.5601388888889,3,C3: Large Open,0.374,306.86108,0.0,30156.596456761697,50476.01439019471
4bc0c4eb501be342,ac2a5ee6878db2c2,6b7e1f5b521de19b,6f9a9c5f2856c8b3,Open,699351.1059217529,1.1574074074074072e-05,3,C3: Large Open,,253.13518,253.1351660382306,,
4bc8c09197eeac72,ac2a5ee6878db2c2,6b7e1f5b521de19b,6f9a9c5f2856c8b3,Open,1.170863568534039,0.0,1,C1: Active Pipeline,,59.23697,59.236968994140625,,
4bcdcee7e25b05ec,6befd145c261113d,6b7e1f5b521de19b,6f9a9c5f2856c8b3,Open,38041.30543201368,0.0001273148148148,3,C3: Large Open,,43.266247,43.266119480839485,,
4bf77c2f9fdd5353,6befd145c261113d,6b7e1f5b521de19b,6f9a9c5f2856c8b3,Open,1.170863568534039,1.1574074074074072e-05,1,C1: Active Pipeline,,68.155655,68.15564333315248,,
4c080a68b313214c,9387d1da6d5967e1,6b7e1f5b521de19b,d4f34f97b6d22a81,Open,1.170863568534039,1.1574074074074072e-05,1,C1: Active Pipeline,,49.62617,49.626159537986474,,
4c133a8768257da8,a66943a59bca7bfd,255414ab73601d72,,Open,1.170863568534039,1.1574074074074072e-05,1,C1: Active Pipeline,,64.26247,64.26245485658998,,
4c158455c349c437,1cdd086394501fee,6b7e1f5b521de19b,6f9a9c5f2856c8b3,Open,780477.9660902079,0.0073611111111111,3,C3: Large Open,,251.27307,251.26571017795138,,
4c1f6892348fae6c,6befd145c261113d,6b7e1f5b521de19b,d4f34f97b6d22a81,Open,9532.934339689546,529.5812384259259,3,C3: Large Open,0.36,40.48866,0.0,3431.856362288236,6101.077977401309
4c21365947cffdcb,1cdd086394501fee,6b7e1f5b521de19b,6f9a9c5f2856c8b3,Open,46782.3211871621,2.065613425925926,3,C3: Large Open,0.33,439.27344,437.2078240740741,15438.165991763495,31344.155195398605
4c2e984e2772e4be,9387d1da6d5967e1,6b7e1f5b521de19b,d4f34f97b6d22a81,Open,10689.267558289564,146.8397800925926,3,C3: Large Open,0.306,96.5068,0.0,3270.9158728366065,7418.351685452957
4c30927b4e1bea4c,9387d1da6d5967e1,6b7e1f5b521de19b,d4f34f97b6d22a81,Open,121130.27981900204,151.0751388888889,3,C3: Large Open,,515.1913,364.1161452907986,,
4c3179a4f0939cf3,6befd145c261113d,6b7e1f5b521de19b,6f9a9c5f2856c8b3,Open,1240691.1674818152,72.80616898148148,3,C3: Large Open,0.418,80.08485,7.278677515100554,518608.9080073987,722082.2594744165
4c359311faa1c041,ac2a5ee6878db2c2,6b7e1f5b521de19b,d4f34f97b6d22a81,Open,171129.8787806521,0.0002662037037037,3,C3: Large Open,,99.93542,99.93515097158927,,
4c4cc054a7b7225b,1cdd086394501fee,6b7e1f5b521de19b,6f9a9c5f2856c8b3,Open,1.170863568534039,0.0,1,C1: Active Pipeline,,56.23402,56.2340202331543,,
4c4ff8fa9e8b0a45,9387d1da6d5967e1,6b7e1f5b521de19b,,Open,186555.16774733728,9.05087962962963,3,C3: Large Open,,57.72436,48.6734817900481,,
4c50d7b4eb5c984b,4928d3c96935fb3f,6b7e1f5b521de19b,d4f34f97b6d22a81,Open,1.170863568534039,1.1574074074074072e-05,1,C1: Active Pipeline,,106.65121,106.65119539614076,,
4c58a296d42f1e72,a66943a59bca7bfd,1bb1bb990c53f4fc,28c9c64e5918b06e,Open,660810.8464537943,53.81586805555556,3,C3: Large Open,0.6312000000000001,36.5483,0.0,417103.806281635,243707.04017215926
4c7d745be68fccea,a66943a59bca7bfd,6ab36d9b02cbcf6b,28c9c64e5918b06e,Open,39731.24240878655,359.8245486111111,3,C3: Large Open,0.484,72.26175,0.0,19229.92132585269,20501.32108293386
4c86ce8da7e675cf,1cdd086394501fee,6b7e1f5b521de19b,,Open,3486.367141110184,52.78136574074074,3,C3: Large Open,0.6013333333333334,73.41626,20.63489402488426,2096.468774187591,1389.8983669225931
4cae0c3b5c5dc40a,9387d1da6d5967e1,6b7e1f5b521de19b,6f9a9c5f2856c8b3,Open,9304.663367206953,4.629629629629629e-05,3,C3: Large Open,,31.74557,31.74552293282968,,
4cbcf261c92bbba2,1cdd086394501fee,6b7e1f5b521de19b,6f9a9c5f2856c8b3,Open,1.170863568534039,2.3148148148148147e-05,1,C1: Active Pipeline,,49.500443,49.50041935673467,,
4cc29d62c95a6317,ac2a5ee6878db2c2,6b7e1f5b521de19b,6f9a9c5f2856c8b3,Open,698223.6691064333,1780.8939351851852,3,C3: Large Open,0.596,243.39778,0.0,416141.3067874342,282082.3623189991
4cd25e9d0d3b6b6a,6befd145c261113d,6b7e1f5b521de19b,d4f34f97b6d22a81,Open,159.2310023729206,4.629629629629629e-05,0,C0: High-Win,,22.988651,22.98860497933847,,
4cfcb37ac7bf99f9,a66943a59bca7bfd,062b9e5a52eb6d8e,28c9c64e5918b06e,Open,1.170863568534039,1.1574074074074072e-05,1,C1: Active Pipeline,,72.28377,72.28375612612123,,
4d29b22f458b1c4d,6befd145c261113d,6b7e1f5b521de19b,6f9a9c5f2856c8b3,Open,1.170863568534039,0.0,1,C1: Active Pipeline,,49.587154,49.587154388427734,,
4d46784a06ee1a8e,ef9b14cf5a29c54a,6b7e1f5b521de19b,,Open,1.170863568534039,0.0010300925925925,1,C1: Active Pipeline,,121.79445,121.79341875994648,,
4d80c1fb98fceca8,9387d1da6d5967e1,6b7e1f5b521de19b,,Open,2472.949006922998,0.0001967592592592,3,C3: Large Open,0.122,365.88724,365.88704078956886,301.6997788446057,2171.249228078392
4d84a9fafd332783,ac2a5ee6878db2c2,6b7e1f5b521de19b,d4f34f97b6d22a81,Open,42595.15305383633,329.81377314814813,4,C4: Mid-Range,,309.4205,0.0,,
4d86669ae933927c,9387d1da6d5967e1,6b7e1f5b521de19b,d4f34f97b6d22a81,Open,1.170863568534039,3.472222222222222e-05,1,C1: Active Pipeline,,64.48191,64.48187598334418,,
4d8be62d0552d0ee,1cdd086394501fee,6b7e1f5b521de19b,6f9a9c5f2856c8b3,Open,1.170863568534039,1.1574074074074072e-05,1,C1: Active Pipeline,,236.74945,236.74943910951967,,
4da0025237b0d7fe,ac2a5ee6878db2c2,6b7e1f5b521de19b,d4f34f97b6d22a81,Open,81.43217479245789,20.779444444444444,1,C1: Active Pipeline,0.602,37.699337,16.91989256117079,49.02216922505965,32.41000556739824
4da88e9f42fb9bbb,a66943a59bca7bfd,6ab36d9b02cbcf6b,28c9c64e5918b06e,Open,278.02223095548896,174.82627314814815,1,C1: Active Pipeline,,69.39268,0.0,,
4dac11c89e0640cf,ef9b14cf5a29c54a,6b7e1f5b521de19b,,Open,8269.642544488683,0.0,2,C2: High-Win,,25.069048,25.069047927856445,,
4dcfb19b3f0f106a,6befd145c261113d,6b7e1f5b521de19b,,Open,1.170863568534039,1.1574074074074072e-05,1,C1: Active Pipeline,,55.017685,55.017673362449365,,
4dd0f7d25cf8b463,9387d1da6d5967e1,6b7e1f5b521de19b,,Open,35845.270270304114,1.1574074074074072e-05,3,C3: Large Open,,47.454834,47.45482241030093,,
4de91150dabfcad2,a66943a59bca7bfd,7b7c16a1b24ec3b8,28c9c64e5918b06e,Open,1.170863568534039,1.1574074074074072e-05,1,C1: Active Pipeline,,116.20189,116.20187746401186,,
4dee4d312a624bbe,6befd145c261113d,6b7e1f5b521de19b,,Open,8705.65943967616,4.629629629629629e-05,3,C3: Large Open,,33.086956,33.086909727873625,,
4df0ceccd36c0a83,6befd145c261113d,6b7e1f5b521de19b,6f9a9c5f2856c8b3,Open,13707.11230296319,24.02045138888889,0,C0: High-Win,0.682,46.89347,22.873019375271266,9348.250590620897,4358.861712342294
4df460f043767525,9387d1da6d5967e1,6b7e1f5b521de19b,,Open,21273.147061594493,1.1574074074074072e-05,3,C3: Large Open,,107.372116,107.37210451479311,,
4e17950d9e9736da,1cdd086394501fee,6b7e1f5b521de19b,6f9a9c5f2856c8b3,Open,415.3892283045608,2.3148148148148147e-05,1,C1: Active Pipeline,,21.000011,20.99998829594365,,
4e1bf9942d6d3ef2,1cdd086394501fee,6b7e1f5b521de19b,6f9a9c5f2856c8b3,Open,26618.016230284797,0.0697453703703703,3,C3: Large Open,,51.484135,51.414389303701896,,
4e1ce21761bdefda,6befd145c261113d,6b7e1f5b521de19b,6f9a9c5f2856c8b3,Open,98.49392076768088,31.11476851851852,1,C1: Active Pipeline,,48.808777,17.69400833695023,,
4e292e17574f302d,9387d1da6d5967e1,6b7e1f5b521de19b,,Open,11264.189824104717,0.0,3,C3: Large Open,,66.84448,66.844482421875,,
4e2b02e9476a15c1,1cdd086394501fee,6b7e1f5b521de19b,6f9a9c5f2856c8b3,Open,1.170863568534039,1.1574074074074072e-05,1,C1: Active Pipeline,,64.06372,64.06370912905092,,
4e309599cd03a9ba,a66943a59bca7bfd,255414ab73601d72,28c9c64e5918b06e,Open,1.170863568534039,1.1574074074074072e-05,1,C1: Active Pipeline,,99.40768,99.40766512270326,,
4e4412e329527b83,6befd145c261113d,6b7e1f5b521de19b,6f9a9c5f2856c8b3,Open,6322160.761242091,0.0111226851851851,3,C3: Large Open,0.384,71.25295,71.24182989049841,2427709.732316963,3894451.028925128
4e475613a45db780,1cdd086394501fee,6b7e1f5b521de19b,6f9a9c5f2856c8b3,Open,1.170863568534039,1.1574074074074072e-05,1,C1: Active Pipeline,,73.39372,73.39371096010561,,
4e4dc1c8de45fb36,9387d1da6d5967e1,6b7e1f5b521de19b,,Open,29324.531411075328,223.71641203703703,3,C3: Large Open,,284.10068,60.384265453197344,,
4e54110511865a9d,6befd145c261113d,6b7e1f5b521de19b,6f9a9c5f2856c8b3,Open,1933.526341204356,1.1574074074074072e-05,1,C1: Active Pipeline,0.654,37.18423,37.18421923036929,1264.5262271476488,669.0001140567072
4e698860d75cc89b,1cdd086394501fee,6b7e1f5b521de19b,6f9a9c5f2856c8b3,Open,20861.657769300236,140.88261574074073,3,C3: Large Open,0.43,343.57175,202.68913108543114,8970.512840799101,11891.144928501137
4e69904a43a04916,1cdd086394501fee,674ec33189ed753c,,Open,8269.642544488683,1.1574074074074072e-05,3,C3: Large Open,,180.2637,180.26369081850405,,
4e6f2a8141af801e,4928d3c96935fb3f,6b7e1f5b521de19b,,Open,64549.86900311663,279.155462962963,4,C4: Mid-Range,,339.29163,60.136163013599514,,
4e8427b443771e7d,9387d1da6d5967e1,6b7e1f5b521de19b,,Open,65064.44409714713,0.0,3,C3: Large Open,,85.60533,85.60533142089844,,
4e978cbc8a5563a4,9387d1da6d5967e1,6b7e1f5b521de19b,,Open,1510925.5210753132,174.23128472222223,3,C3: Large Open,0.482,417.1482,242.91690863715277,728266.101158301,782659.4199170122
4e9a684698df294a,a66943a59bca7bfd,1bb1bb990c53f4fc,28c9c64e5918b06e,Open,79302.92227133551,3.472222222222222e-05,3,C3: Large Open,0.578,143.8399,143.83987006293404,45837.08907283192,33465.83319850359
4eabd0074dfd2fc0,6befd145c261113d,6b7e1f5b521de19b,6f9a9c5f2856c8b3,Open,1639.6420184184335,137.9561226851852,3,C3: Large Open,0.286,32.987206,0.0,468.93761726767195,1170.7044011507614
4eba0e915cb67ec4,6befd145c261113d,6b7e1f5b521de19b,6f9a9c5f2856c8b3,Open,2674.015532288598,4.629629629629629e-05,1,C1: Active Pipeline,,52.380417,52.38037057382089,,
4ec7ea13f2bd5674,6befd145c261113d,6b7e1f5b521de19b,6f9a9c5f2856c8b3,Open,98.49392076768088,2.3148148148148147e-05,1,C1: Active Pipeline,,70.78985,70.78982517948857,,
4ece71bbfeef38d1,9387d1da6d5967e1,6b7e1f5b521de19b,,Open,21273.147061594493,296.9740625,3,C3: Large Open,,155.36835,0.0,,
4edb3e0c0f66409d,6befd145c261113d,6b7e1f5b521de19b,6f9a9c5f2856c8b3,Open,1.170863568534039,1.1574074074074072e-05,1,C1: Active Pipeline,,57.614037,57.61402498598452,,
4ef55f646a89d44f,1cdd086394501fee,cca8e68b78e095c5,,Open,9270.864526233152,0.0,3,C3: Large Open,0.434,319.72653,319.7265319824219,4023.555204385188,5247.309321847964
4ef6c2b03437540e,9387d1da6d5967e1,6b7e1f5b521de19b,,Open,8342.688652667997,1.1574074074074072e-05,0,C0: High-Win,,92.82075,92.8207358014142,,
4ef94c1d6c375949,9387d1da6d5967e1,6b7e1f5b521de19b,,Open,89664.46366676311,0.001261574074074,3,C3: Large Open,,251.90121,251.8999530255353,,
4f256475d4786a68,6befd145c261113d,6b7e1f5b521de19b,d4f34f97b6d22a81,Open,1.170863568534039,1.1574074074074072e-05,1,C1: Active Pipeline,,109.94715,109.94713961000795,,
4f336ed5efdda0db,9387d1da6d5967e1,6b7e1f5b521de19b,,Open,5186.502594949308,78.99875,3,C3: Large Open,0.148,105.39501,26.396261901855468,767.6023840524975,4418.900210896811
4f37e090401390c1,6befd145c261113d,6b7e1f5b521de19b,6f9a9c5f2856c8b3,Open,1.170863568534039,1.1574074074074072e-05,1,C1: Active Pipeline,,65.57632,65.57630525942201,,
4f3d793270ed61aa,ac2a5ee6878db2c2,cca8e68b78e095c5,28c9c64e5918b06e,Open,37065.242899311634,8.755347222222222,0,C0: High-Win,0.634,113.505806,104.75045874701605,23499.363998163575,13565.878901148059
4f4fa5e03d00e4bd,9387d1da6d5967e1,6b7e1f5b521de19b,,Open,4694.223952710472,1.1574074074074072e-05,0,C0: High-Win,,23.66624,23.6662291180646,,
4f76a866d674919e,ac2a5ee6878db2c2,6b7e1f5b521de19b,d4f34f97b6d22a81,Open,10473.765053251393,2.3148148148148147e-05,0,C0: High-Win,,48.446045,48.446021773726855,,
4f76dec59de88ee3,6befd145c261113d,6b7e1f5b521de19b,,Open,28033.352531405413,0.0,3,C3: Large Open,,49.57316,49.573158264160156,,
4f93611d033ec351,6befd145c261113d,6b7e1f5b521de19b,6f9a9c5f2856c8b3,Open,72501.5410085759,0.0787037037037037,3,C3: Large Open,,73.0411,72.96239584463613,,
4f94d9ed16575950,9387d1da6d5967e1,6b7e1f5b521de19b,,Open,76057.68653515907,0.0,0,C0: High-Win,,276.8305,276.83050537109375,,
4f952a29dbe20fd5,9387d1da6d5967e1,6b7e1f5b521de19b,,Open,2.4198904513070483,32.118344907407405,1,C1: Active Pipeline,,79.6679,47.549555178041814,,
4fab5f4ad153fa4f,6befd145c261113d,6b7e1f5b521de19b,6f9a9c5f2856c8b3,Open,22646.624614388144,169.64971064814816,3,C3: Large Open,0.228,47.029465,0.0,5163.430412080497,17483.194202307648
4fb371f17e2ed7de,6befd145c261113d,255414ab73601d72,28c9c64e5918b06e,Open,456.7596480344009,2.3148148148148147e-05,1,C1: Active Pipeline,,20.591541,20.591518142135055,,
4fc528d72e6af2db,9387d1da6d5967e1,6b7e1f5b521de19b,d4f34f97b6d22a81,Open,15138.147384770104,188.83181712962963,3,C3: Large Open,0.546,151.41571,0.0,8265.428472084477,6872.7189126856265
4ff8eb1aadac7acd,6befd145c261113d,6b7e1f5b521de19b,d4f34f97b6d22a81,Open,159.2310023729206,3.472222222222222e-05,0,C0: High-Win,,40.041058,40.0410228644477,,
5006ca5fd387a1d3,6befd145c261113d,6b7e1f5b521de19b,6f9a9c5f2856c8b3,Open,898751.0590937624,6.80875,3,C3: Large Open,0.262,477.986,471.17724243164065,235472.77748256575,663278.2816111967
50086a11fe553785,9387d1da6d5967e1,6b7e1f5b521de19b,,Open,2.4198904513070483,69.77116898148148,1,C1: Active Pipeline,,85.31128,15.54011031539352,,
500c627c25197f23,6befd145c261113d,6b7e1f5b521de19b,6f9a9c5f2856c8b3,Open,1.170863568534039,1.1574074074074072e-05,1,C1: Active Pipeline,,58.912434,58.912422050193506,,
5012d27251bc3ced,6befd145c261113d,6b7e1f5b521de19b,,Open,58772.83533853951,2.3148148148148147e-05,0,C0: High-Win,,25.512327,25.51230404606572,,
5022b763fb29a3d0,1cdd086394501fee,6b7e1f5b521de19b,6f9a9c5f2856c8b3,Open,140141.0942677857,1100.764212962963,3,C3: Large Open,0.102,284.33676,0.0,14294.39161531414,125846.70265247156
5033936ddfb986ed,1cdd086394501fee,6b7e1f5b521de19b,6f9a9c5f2856c8b3,Open,155592.45718633145,4.040983796296296,3,C3: Large Open,,73.614006,69.57302224618417,,
50420944025b95e7,9387d1da6d5967e1,6b7e1f5b521de19b,,Open,29889.51427805743,0.0,3,C3: Large Open,,79.709015,79.70901489257812,,
5056192ffbea2330,9387d1da6d5967e1,255414ab73601d72,28c9c64e5918b06e,Open,64776.56219930673,50.10261574074074,0,C0: High-Win,0.546,114.62816,64.5255428285952,35368.002960821475,29408.559238485253
5056388ec9f48478,ac2a5ee6878db2c2,6b7e1f5b521de19b,d4f34f97b6d22a81,Open,1.170863568534039,1.1574074074074072e-05,1,C1: Active Pipeline,,99.11876,99.11874758119936,,
505dae3400f3862e,6befd145c261113d,6b7e1f5b521de19b,,Open,1.170863568534039,741.8083796296296,1,C1: Active Pipeline,0.15,103.37206,0.0,0.17562953528010583,0.9952340332539331
508882471bf59675,9387d1da6d5967e1,6b7e1f5b521de19b,,Open,2.4198904513070483,490.92789351851854,1,C1: Active Pipeline,0.14,179.97084,0.0,0.3387846631829868,2.0811057881240616
5098ba5fcbf40c0a,6befd145c261113d,6b7e1f5b521de19b,6f9a9c5f2856c8b3,Open,1.170863568534039,1.1574074074074072e-05,1,C1: Active Pipeline,,63.2984,63.29838930483218,,
50b5775b912609eb,ac2a5ee6878db2c2,6b7e1f5b521de19b,d4f34f97b6d22a81,Open,85266.8054442086,289.7365856481481,3,C3: Large Open,0.318,116.12302,0.0,27114.844131258335,58151.96131295026
50c082150e2407ca,1cdd086394501fee,6b7e1f5b521de19b,6f9a9c5f2856c8b3,Open,1.170863568534039,1.1574074074074072e-05,1,C1: Active Pipeline,,38.28166,38.28164659853335,,
50c4b8a4e7fdb208,4928d3c96935fb3f,6b7e1f5b521de19b,,Open,142075.15266565766,341.8904050925926,4,C4: Mid-Range,,376.3231,34.4326845070168,,
50c738ada2d44ce4,6befd145c261113d,6b7e1f5b521de19b,6f9a9c5f2856c8b3,Open,62801.85863479463,713.9614930555556,3,C3: Large Open,0.19,229.42604,0.0,11932.35314061098,50869.50549418366
50c8a51cadd1d6fb,9387d1da6d5967e1,6b7e1f5b521de19b,,Open,2.4198904513070483,0.0,1,C1: Active Pipeline,,213.78038,213.78038024902344,,
50cb02229813576d,1cdd086394501fee,6b7e1f5b521de19b,6f9a9c5f2856c8b3,Open,98.49392076768088,0.0033333333333333,1,C1: Active Pipeline,,58.058765,58.05543207804362,,
50ce2533d0b893c0,6befd145c261113d,6b7e1f5b521de19b,6f9a9c5f2856c8b3,Open,1040.287689306939,3.472222222222222e-05,1,C1: Active Pipeline,,32.841385,32.84135016547309,,
50df9daecbef9c21,9387d1da6d5967e1,6b7e1f5b521de19b,,Open,9648.963805727815,1.1574074074074072e-05,3,C3: Large Open,,48.309677,48.309665549949365,,
510fc417d4751f71,4928d3c96935fb3f,6b7e1f5b521de19b,6f9a9c5f2856c8b3,Open,103568.265429193,0.0074884259259259,3,C3: Large Open,0.514,344.64157,344.63408261899593,53234.0884306052,50334.17699858779
5112c9357cc95aec,9387d1da6d5967e1,6b7e1f5b521de19b,,Open,76057.68653515907,0.0065509259259259,0,C0: High-Win,,114.6005,114.59395108823423,,
5130ddd382df1e81,6befd145c261113d,6b7e1f5b521de19b,,Open,1.170863568534039,606.1732407407408,1,C1: Active Pipeline,,342.94373,0.0,,
513e8a05afea2c12,6befd145c261113d,6b7e1f5b521de19b,6f9a9c5f2856c8b3,Open,56763.35123131225,2.3148148148148147e-05,3,C3: Large Open,,70.76561,70.76558659306279,,
5140ec808ccb4664,9387d1da6d5967e1,6b7e1f5b521de19b,d4f34f97b6d22a81,Open,4694.223952710472,1.1574074074074072e-05,0,C0: High-Win,,53.00504,53.00502764101382,,
514dea0807a7a0f9,1cdd086394501fee,6b7e1f5b521de19b,,Open,78023.53617633812,145.1191550925926,3,C3: Large Open,0.392,99.96296,0.0,30585.226181124544,47438.309995213574
516e2ba10bb37bfc,9387d1da6d5967e1,6b7e1f5b521de19b,d4f34f97b6d22a81,Open,529.8181796984675,2.3148148148148147e-05,1,C1: Active Pipeline,,22.883331,22.883308150679976,,
517e208ecf55dd94,4928d3c96935fb3f,6b7e1f5b521de19b,,Open,749783.3338022792,266.7105555555556,3,C3: Large Open,0.258,335.79446,69.08390855577255,193444.10012098803,556339.2336812911
517fd8b7cba0fa22,ac2a5ee6878db2c2,6b7e1f5b521de19b,d4f34f97b6d22a81,Open,1.170863568534039,1.1574074074074072e-05,1,C1: Active Pipeline,,43.047485,43.04747377748843,,
51802a0387bd7548,9387d1da6d5967e1,6b7e1f5b521de19b,,Open,1.170863568534039,0.0221064814814814,1,C1: Active Pipeline,,86.41327,86.39116256148726,,
5188d7def669a4dd,a66943a59bca7bfd,062b9e5a52eb6d8e,d4f34f97b6d22a81,Open,33519.959188585366,5.876018518518518,3,C3: Large Open,0.62,83.609566,77.73354721634476,20782.374696922925,12737.58449166244
5194482c83a3a502,9387d1da6d5967e1,6b7e1f5b521de19b,,Open,1.170863568534039,0.0005439814814814,1,C1: Active Pipeline,,183.24106,183.2405143681279,,
51c6d90b3d7acb75,1cdd086394501fee,6b7e1f5b521de19b,6f9a9c5f2856c8b3,Open,195.03945893296455,2.3148148148148147e-05,1,C1: Active Pipeline,,27.653584,27.65356037846318,,
51d727c44adc6508,ac2a5ee6878db2c2,6b7e1f5b521de19b,d4f34f97b6d22a81,Open,2887.90831884458,46.03490740740741,0,C0: High-Win,0.542,66.544174,20.509266786928528,1565.2463088137627,1322.6620100308176
51d765acb5891578,ac2a5ee6878db2c2,6b7e1f5b521de19b,d4f34f97b6d22a81,Open,48193.93695035554,659.086412037037,3,C3: Large Open,0.278,241.64719,0.0,13397.914472198841,34796.0224781567
51dd139312a5b53d,ac2a5ee6878db2c2,6b7e1f5b521de19b,6f9a9c5f2856c8b3,Open,361.29574083874047,1.1574074074074072e-05,1,C1: Active Pipeline,,23.60376,23.603748191550928,,
51eb77951d4cd242,ac2a5ee6878db2c2,6b7e1f5b521de19b,6f9a9c5f2856c8b3,Open,98.49392076768088,1.1574074074074072e-05,1,C1: Active Pipeline,,49.47516,49.47514711733218,,
51f1f3d245a4d337,1cdd086394501fee,95a23e7fbcc5841e,,Open,62717.62857728772,3.083912037037037,3,C3: Large Open,,40.48524,37.40132889924226,,
51fbd3a68e34abd4,4928d3c96935fb3f,6b7e1f5b521de19b,6f9a9c5f2856c8b3,Open,128791.38025710068,65.94055555555556,3,C3: Large Open,0.206,108.83128,42.890728013780375,26531.024332962737,102260.35592413794
520de1084aa9533f,6befd145c261113d,6b7e1f5b521de19b,6f9a9c5f2856c8b3,Open,252.6879321594937,1.1574074074074072e-05,1,C1: Active Pipeline,,25.541546,25.54153429384585,,
5217a103bbcd0cce,6befd145c261113d,6b7e1f5b521de19b,,Open,8218.295302307157,3.472222222222222e-05,3,C3: Large Open,,79.140396,79.14036139594184,,
521e3bc7e652fbac,6befd145c261113d,6b7e1f5b521de19b,6f9a9c5f2856c8b3,Open,1.170863568534039,3.472222222222222e-05,1,C1: Active Pipeline,,56.43662,56.436584082709416,,
5222fe6d6a0db22f,1cdd086394501fee,6b7e1f5b521de19b,6f9a9c5f2856c8b3,Open,1.170863568534039,1.1574074074074072e-05,1,C1: Active Pipeline,,66.25741,66.25739656801576,,
52231f172d64c90f,6befd145c261113d,6b7e1f5b521de19b,6f9a9c5f2856c8b3,Open,85869.50411400758,2.3148148148148147e-05,0,C0: High-Win,,61.760136,61.76011250248662,,
522fdba65a67f51f,1cdd086394501fee,6b7e1f5b521de19b,6f9a9c5f2856c8b3,Open,26274.495673199377,1.1574074074074072e-05,3,C3: Large Open,,289.6256,289.62559877748845,,
526611cffbb1979d,6befd145c261113d,6b7e1f5b521de19b,6f9a9c5f2856c8b3,Open,1.170863568534039,0.0,1,C1: Active Pipeline,,41.04726,41.04726028442383,,
52724d9b080d1a4c,a66943a59bca7bfd,95a23e7fbcc5841e,28c9c64e5918b06e,Open,1.170863568534039,2.3148148148148147e-05,1,C1: Active Pipeline,,58.218838,58.218814589888964,,
527a4ffa990cb60f,9387d1da6d5967e1,6b7e1f5b521de19b,,Open,4854.049577612525,521.3503819444444,3,C3: Large Open,0.096,197.48895,0.0,465.98875945080243,4388.060818161723
52a434240ffad46e,9387d1da6d5967e1,6b7e1f5b521de19b,,Open,22962.31400177536,103.94871527777778,3,C3: Large Open,,201.14204,97.19332878960503,,
52c14dafe23fb9d9,9387d1da6d5967e1,6b7e1f5b521de19b,,Open,2.4198904513070483,3.472222222222222e-05,1,C1: Active Pipeline,,156.34944,156.3494068060981,,
52cbd37bae44095d,9387d1da6d5967e1,6b7e1f5b521de19b,d4f34f97b6d22a81,Open,804.5620155453399,2.3148148148148147e-05,1,C1: Active Pipeline,,24.75801,24.757987716109664,,
52da8899c2754de6,ac2a5ee6878db2c2,6b7e1f5b521de19b,6f9a9c5f2856c8b3,Open,22202.53592069035,0.0058449074074074,0,C0: High-Win,,58.37559,58.369746370668764,,
52da9c3b92f251da,9387d1da6d5967e1,6b7e1f5b521de19b,d4f34f97b6d22a81,Open,813.1455864945308,2.3148148148148147e-05,1,C1: Active Pipeline,,38.92338,38.92335865727178,,
52e87ad6a3c79f50,9387d1da6d5967e1,6b7e1f5b521de19b,,Open,147782.212188992,1.1574074074074072e-05,3,C3: Large Open,,111.43892,111.43890749330873,,
52ee5b7e1b244609,ac2a5ee6878db2c2,6b7e1f5b521de19b,d4f34f97b6d22a81,Open,1.170863568534039,8.934293981481481,1,C1: Active Pipeline,0.486,49.316288,40.381994012903284,0.5690396943075429,0.6018238742264961
530c8e0a41732c48,9387d1da6d5967e1,6b7e1f5b521de19b,,Open,21312.91344109181,55.997638888888886,3,C3: Large Open,,59.261154,3.263515285915801,,
5323df547c341092,ac2a5ee6878db2c2,6b7e1f5b521de19b,d4f34f97b6d22a81,Open,1.170863568534039,0.0,1,C1: Active Pipeline,,55.799065,55.79906463623047,,
532871546de81753,a66943a59bca7bfd,3a0b5f22d7e66ffc,28c9c64e5918b06e,Open,1.170863568534039,1.1574074074074072e-05,1,C1: Active Pipeline,,125.48452,125.48450838442201,,
535d895b5f94ea01,6befd145c261113d,6b7e1f5b521de19b,6f9a9c5f2856c8b3,Open,23324.47782480853,0.0048842592592592,0,C0: High-Win,0.78,60.344597,60.33971260353371,18193.092703350656,5131.385121457876
536cac76f394aaa5,1cdd086394501fee,6b7e1f5b521de19b,6f9a9c5f2856c8b3,Open,112791.82653213794,2.3148148148148147e-05,0,C0: High-Win,,63.74368,63.743655898482714,,
537b3844c7d98522,6befd145c261113d,6b7e1f5b521de19b,6f9a9c5f2856c8b3,Open,833.4257918913213,3.472222222222222e-05,0,C0: High-Win,,43.07276,43.07272681342231,,
5382c41d66c32809,1cdd086394501fee,6b7e1f5b521de19b,6f9a9c5f2856c8b3,Open,59134.12984816014,467.9720023148148,3,C3: Large Open,,411.79688,0.0,,
539262a540176248,6befd145c261113d,6b7e1f5b521de19b,6f9a9c5f2856c8b3,Open,1148131.9235719647,158.98457175925927,3,C3: Large Open,0.452,504.4469,345.46232765480323,518955.6294545281,629176.2941174367
5393b82e1b7d96aa,a66943a59bca7bfd,6b7e1f5b521de19b,e72348f2c1467542,Open,1.170863568534039,1.1574074074074072e-05,4,C4: Mid-Range,,187.07332,187.07330690737123,,
53ab880162a9c9e7,9387d1da6d5967e1,6b7e1f5b521de19b,d4f34f97b6d22a81,Open,59740.3377045253,76.31108796296296,3,C3: Large Open,0.292,100.43942,24.128334644458917,17444.178609721388,42296.15909480391
53b2f09c4d3d1e9f,9387d1da6d5967e1,6b7e1f5b521de19b,,Open,2107.050867779953,2.3148148148148147e-05,1,C1: Active Pipeline,,30.20448,30.20445606938115,,
53b338f50dffe968,ac2a5ee6878db2c2,6b7e1f5b521de19b,d4f34f97b6d22a81,Open,2813.35897255569,0.0019560185185185,0,C0: High-Win,,56.4374,56.435444799352574,,
53b8806c74906f13,6befd145c261113d,6b7e1f5b521de19b,6f9a9c5f2856c8b3,Open,98.49392076768088,23.788171296296294,1,C1: Active Pipeline,,49.807068,26.018896574797456,,
53bae339cada4f2f,6befd145c261113d,6b7e1f5b521de19b,6f9a9c5f2856c8b3,Open,98.49392076768088,0.0344097222222222,1,C1: Active Pipeline,,63.809032,63.774622717963325,,
53bc1cd79171ef8c,9387d1da6d5967e1,6b7e1f5b521de19b,,Open,1.170863568534039,0.0,1,C1: Active Pipeline,,133.05731,133.05731201171875,,
53c4bae3f9ea60c9,6befd145c261113d,6b7e1f5b521de19b,6f9a9c5f2856c8b3,Open,98.49392076768088,29.085231481481483,1,C1: Active Pipeline,0.712,47.341694,18.256462396692346,70.12767158658878,28.366249181092094
53d0501b6fe5a5fd,6befd145c261113d,6b7e1f5b521de19b,6f9a9c5f2856c8b3,Open,1.170863568534039,1.1574074074074072e-05,1,C1: Active Pipeline,,66.21158,66.21156679506655,,
53da9209caf95697,ef9b14cf5a29c54a,6b7e1f5b521de19b,,Open,10655.42584935046,1.1574074074074072e-05,2,C2: High-Win,,21.271757,21.27174555178042,,
53e117ff7f9e4d8d,6befd145c261113d,6b7e1f5b521de19b,6f9a9c5f2856c8b3,Open,98.49392076768088,22.823368055555555,1,C1: Active Pipeline,,48.808777,25.985408799913195,,
53f4a525d129ff01,6befd145c261113d,6b7e1f5b521de19b,d4f34f97b6d22a81,Open,4573.482073606129,25.90637731481481,3,C3: Large Open,,54.41014,28.503763676396126,,
541b530b38ce2d2e,6befd145c261113d,6b7e1f5b521de19b,6f9a9c5f2856c8b3,Open,1.170863568534039,1.1574074074074072e-05,1,C1: Active Pipeline,,68.42564,68.42562471742983,,
541f486ea3497fba,6befd145c261113d,6b7e1f5b521de19b,6f9a9c5f2856c8b3,Open,411.3849510213735,3.472222222222222e-05,0,C0: High-Win,,43.477425,43.47738989935981,,
5426edd24f72acd0,4928d3c96935fb3f,6b7e1f5b521de19b,6f9a9c5f2856c8b3,Open,1.170863568534039,0.0,1,C1: Active Pipeline,,116.2954,116.29540252685547,,
5427757f46659525,ef9b14cf5a29c54a,6b7e1f5b521de19b,,Open,538612.9353368159,496.80315972222223,3,C3: Large Open,0.522,111.17455,0.0,281155.9522458179,257456.983090998
54323d99028537a0,ef9b14cf5a29c54a,6b7e1f5b521de19b,,Open,26069.09305135493,0.0,2,C2: High-Win,,15.043376,15.043375968933105,,
5440aa30d1225b93,ac2a5ee6878db2c2,6b7e1f5b521de19b,6f9a9c5f2856c8b3,Open,1.170863568534039,1.1574074074074072e-05,1,C1: Active Pipeline,,55.108086,55.108074058250146,,
54458efbc5a3d49e,a66943a59bca7bfd,255414ab73601d72,28c9c64e5918b06e,Open,9151.246699180878,1.1574074074074072e-05,0,C0: High-Win,,27.606258,27.606246818259912,,
54673f954217006a,9387d1da6d5967e1,6b7e1f5b521de19b,3b7caebd862368af,Open,25504.58668475133,405.3239467592593,3,C3: Large Open,0.128,66.403275,0.0,3264.5870956481704,22239.99958910316
54683b0a3e2f580f,6befd145c261113d,6b7e1f5b521de19b,,Open,1.170863568534039,431.9983564814815,1,C1: Active Pipeline,,109.93148,0.0,,
549c7fb0b2788417,9387d1da6d5967e1,6b7e1f5b521de19b,,Open,5083.8994500666495,1.1574074074074072e-05,3,C3: Large Open,,91.661736,91.66172396059389,,
54c21d47e552e13d,ac2a5ee6878db2c2,6b7e1f5b521de19b,d4f34f97b6d22a81,Open,1.170863568534039,0.0,1,C1: Active Pipeline,,59.560764,59.56076431274414,,
54d699d9a5d06ac5,6befd145c261113d,6b7e1f5b521de19b,d4f34f97b6d22a81,Open,1700.7607474066108,3.472222222222222e-05,0,C0: High-Win,,20.868397,20.868362036810982,,
54d7686af2b4b494,6befd145c261113d,6b7e1f5b521de19b,6f9a9c5f2856c8b3,Open,319933.7006151889,0.8128356481481481,3,C3: Large Open,0.734,81.8512,81.03836064091435,234831.33625154867,85102.36436364026
54dac80e4d4b4ad7,9387d1da6d5967e1,6b7e1f5b521de19b,,Open,1.170863568534039,1.1574074074074072e-05,1,C1: Active Pipeline,,112.09733,112.09731661196108,,
54de6173ebb1cbd7,ef9b14cf5a29c54a,6b7e1f5b521de19b,,Open,97590.18948082578,0.0014699074074074,2,C2: High-Win,,102.376854,102.37538403546368,,
55073a4d9a120504,1cdd086394501fee,6b7e1f5b521de19b,6f9a9c5f2856c8b3,Open,1.170863568534039,1.1574074074074072e-05,1,C1: Active Pipeline,,75.02283,75.02281557436342,,
550fda16a4fc9bda,a66943a59bca7bfd,1bb1bb990c53f4fc,28c9c64e5918b06e,Open,25341.15929242468,168.28861111111112,3,C3: Large Open,,70.0993,0.0,,
551676b7cfac2bf9,a66943a59bca7bfd,c2397d14e54a98b9,28c9c64e5918b06e,Open,161144.20051214632,579.5890625,3,C3: Large Open,0.038,74.27593,0.0,6123.47961946156,155020.72089268474
552c4806ed80fde0,6befd145c261113d,6b7e1f5b521de19b,,Open,524417.177630072,147.1832638888889,3,C3: Large Open,0.274,164.61298,17.429712185329862,143690.30667063975,380726.8709594323
5532edcac9a616e3,6befd145c261113d,6b7e1f5b521de19b,6f9a9c5f2856c8b3,Open,39886.81765674458,3.472222222222222e-05,0,C0: High-Win,,29.10674,29.106706229315865,,
5534258bf8123163,6befd145c261113d,6b7e1f5b521de19b,6f9a9c5f2856c8b3,Open,455.427302732939,120.24421296296296,1,C1: Active Pipeline,0.408,26.027746,0.0,185.81433951503908,269.6129632178999
5538099e03c9ba85,ac2a5ee6878db2c2,6b7e1f5b521de19b,d4f34f97b6d22a81,Open,1.170863568534039,0.0,1,C1: Active Pipeline,,61.287376,61.287376403808594,,
553f14d9bbee5b52,9387d1da6d5967e1,6b7e1f5b521de19b,d4f34f97b6d22a81,Open,3779.827506071252,1.9291319444444444,0,C0: High-Win,0.772,29.685455,27.756323377821182,2918.0268346870066,861.8006713842454
55432e52786a86f9,6befd145c261113d,6b7e1f5b521de19b,6f9a9c5f2856c8b3,Open,419049.69002704695,61.10369212962963,3,C3: Large Open,,156.24883,95.14513294361257,,
5547482c147dae6a,ac2a5ee6878db2c2,6b7e1f5b521de19b,6f9a9c5f2856c8b3,Open,1400207.1675609974,1497.9764467592593,3,C3: Large Open,0.384,1516.9502,18.97374855324074,537679.552343423,862527.6152175744
5568e2d9f72ab562,9387d1da6d5967e1,6b7e1f5b521de19b,,Open,2.4198904513070483,0.0,1,C1: Active Pipeline,,123.00469,123.00469207763672,,
556dd5d044993b63,9387d1da6d5967e1,6b7e1f5b521de19b,d4f34f97b6d22a81,Open,95714.91979220936,390.2889583333333,3,C3: Large Open,0.366,111.688416,0.0,35031.66064394863,60683.25914826073
55772402b24b8f3c,a66943a59bca7bfd,e43bc3ffd79e75b6,28c9c64e5918b06e,Open,173162.90291277607,3.472222222222222e-05,3,C3: Large Open,,143.1246,143.12456854926216,,
5584defcbebe8936,9387d1da6d5967e1,6b7e1f5b521de19b,,Open,6766.394130610287,0.0143055555555555,0,C0: High-Win,,343.36377,343.34946397569445,,
558f2b7428b646d8,4928d3c96935fb3f,6b7e1f5b521de19b,6f9a9c5f2856c8b3,Open,83242.9624050555,137.09390046296295,4,C4: Mid-Range,,129.37291,0.0,,
55a320101bfe5ab1,a66943a59bca7bfd,6facd6091d3a488a,28c9c64e5918b06e,Open,1.170863568534039,1.1574074074074072e-05,1,C1: Active Pipeline,,199.90962,199.90961061830873,,
55ae68730b97685e,ac2a5ee6878db2c2,6b7e1f5b521de19b,d4f34f97b6d22a81,Open,1.170863568534039,0.0,1,C1: Active Pipeline,,54.323284,54.32328414916992,,
55ae750213ea12b5,ac2a5ee6878db2c2,6b7e1f5b521de19b,6f9a9c5f2856c8b3,Open,1.170863568534039,0.0,1,C1: Active Pipeline,,51.24351,51.24351119995117,,
55b883ae2a65dc2c,ac2a5ee6878db2c2,6b7e1f5b521de19b,6f9a9c5f2856c8b3,Open,34512.34875603331,0.2044675925925926,0,C0: High-Win,,124.71584,124.511375608091,,
55bac84c881a0574,6befd145c261113d,6b7e1f5b521de19b,6f9a9c5f2856c8b3,Open,1.170863568534039,2.3148148148148147e-05,1,C1: Active Pipeline,,41.972984,41.9729611658167,,
55c5650029e75b80,6befd145c261113d,6b7e1f5b521de19b,,Open,89664.46366676311,1.1574074074074072e-05,3,C3: Large Open,,327.54034,327.5403326642072,,
55d2cdca0bb01655,4928d3c96935fb3f,6b7e1f5b521de19b,,Open,1.170863568534039,0.0003587962962962,1,C1: Active Pipeline,,55.024845,55.02448632699472,,
55e68e7f3de01fd7,a66943a59bca7bfd,e366e0e543d0c5cd,d4f34f97b6d22a81,Open,521066.7153092372,3.472222222222222e-05,0,C0: High-Win,,70.662025,70.66199072943793,,
560fb15cd14c6c73,1cdd086394501fee,6b7e1f5b521de19b,6f9a9c5f2856c8b3,Open,1.170863568534039,0.0,1,C1: Active Pipeline,,54.174686,54.174686431884766,,
56262c6ef5f573de,6befd145c261113d,6b7e1f5b521de19b,6f9a9c5f2856c8b3,Open,109369.46454040146,4.629629629629629e-05,3,C3: Large Open,,88.845924,88.84587808114512,,
565b96936b877057,9387d1da6d5967e1,062b9e5a52eb6d8e,,Open,80872.05936290111,1.1574074074074072e-05,3,C3: Large Open,,150.79245,150.7924383770978,,
565d0bdbc95a26e6,6befd145c261113d,6b7e1f5b521de19b,6f9a9c5f2856c8b3,Open,896.0646281550656,0.0022106481481481,1,C1: Active Pipeline,,34.048008,34.04579731693974,,
5672d9952a94fb7a,6befd145c261113d,6b7e1f5b521de19b,6f9a9c5f2856c8b3,Open,1.170863568534039,1.1574074074074072e-05,1,C1: Active Pipeline,,71.78746,71.78744875307436,,
56ac7b6ffe1eb523,9387d1da6d5967e1,6b7e1f5b521de19b,d4f34f97b6d22a81,Open,2621.868326171163,2.3148148148148147e-05,0,C0: High-Win,,32.410492,32.41046879521123,,
56ad65769e75da36,9387d1da6d5967e1,6b7e1f5b521de19b,d4f34f97b6d22a81,Open,40349.99413904596,32.007592592592594,3,C3: Large Open,0.732,63.235863,31.228270139341,29536.19570978164,10813.798429264318
56e97719e72cef64,9387d1da6d5967e1,6b7e1f5b521de19b,d4f34f97b6d22a81,Open,21939.17624926616,449.036550925926,3,C3: Large Open,0.162,451.48004,2.443490577980242,3554.1465523811175,18385.02969688504
56ea1a46b48d87fb,6befd145c261113d,6b7e1f5b521de19b,6f9a9c5f2856c8b3,Open,871.9196775844911,88.8218287037037,1,C1: Active Pipeline,0.366,21.47321,0.0,319.12260199592373,552.7970755885674
56ee93be72fe75c7,9387d1da6d5967e1,6b7e1f5b521de19b,d4f34f97b6d22a81,Open,466662.7455778542,9.849710648148148,3,C3: Large Open,0.324,230.27864,220.42893009892217,151198.72956722477,315464.0160106294
56f58ac11932271a,9387d1da6d5967e1,6b7e1f5b521de19b,d4f34f97b6d22a81,Open,111662.27872934208,176.30322916666665,2,C2: High-Win,0.802,168.63708,0.0,89553.14754093236,22109.131188409727
56fa97c50bcebb3b,ef9b14cf5a29c54a,6b7e1f5b521de19b,,Open,1.170863568534039,211.89685185185184,1,C1: Active Pipeline,0.394,143.10562,0.0,0.46132024600241134,0.7095433225316276
5701c86b582cf561,9387d1da6d5967e1,6b7e1f5b521de19b,,Open,25102.753943361105,2.3148148148148147e-05,3,C3: Large Open,,233.90668,233.9066540979456,,
570c4fe239215125,6befd145c261113d,6b7e1f5b521de19b,,Open,4602267.411655481,0.0,3,C3: Large Open,0.402,1484.62,1484.6199951171875,1850111.4994855034,2752155.9121699776
570db54b17f1c303,6befd145c261113d,6b7e1f5b521de19b,6f9a9c5f2856c8b3,Open,1.170863568534039,1.1574074074074072e-05,1,C1: Active Pipeline,,47.16278,47.16276918764468,,
571332fc1511989a,a66943a59bca7bfd,47dc86e9ce418791,28c9c64e5918b06e,Open,36739.61151655595,3.923125,3,C3: Large Open,0.694,62.36217,58.439046173095704,25497.29039248983,11242.321124066124
57173465d4328b20,9387d1da6d5967e1,6b7e1f5b521de19b,,Open,1.170863568534039,2.3148148148148147e-05,1,C1: Active Pipeline,,64.48261,64.48258946171514,,
5721407e071b550e,6befd145c261113d,6b7e1f5b521de19b,6f9a9c5f2856c8b3,Open,5655.969519442425,0.0034375,0,C0: High-Win,,47.16278,47.15934326171875,,
5731f294174ec9fc,9387d1da6d5967e1,6b7e1f5b521de19b,,Open,1236.5261721116829,0.0,1,C1: Active Pipeline,,33.297916,33.297916412353516,,
57349d6ddc5f2b59,6befd145c261113d,6b7e1f5b521de19b,6f9a9c5f2856c8b3,Open,181.8832197851537,47.904525462962965,1,C1: Active Pipeline,0.6914545454545455,40.448753,0.0,125.76397906235266,56.119240722801045
573ab3c491faca88,a66943a59bca7bfd,6b7e1f5b521de19b,d4f34f97b6d22a81,Open,1.170863568534039,1.1574074074074072e-05,1,C1: Active Pipeline,,99.144424,99.14441286440248,,
57433dd449a9e49c,ef9b14cf5a29c54a,6b7e1f5b521de19b,,Open,319729.3485362046,13.904872685185186,3,C3: Large Open,0.406,73.071754,59.166881770381224,129810.11550569908,189919.23303050554
57488fee3326e635,4928d3c96935fb3f,6b7e1f5b521de19b,,Open,609.207969734855,134.9666550925926,1,C1: Active Pipeline,,97.755875,0.0,,
576264822eb1186b,ac2a5ee6878db2c2,6b7e1f5b521de19b,6f9a9c5f2856c8b3,Open,336696.3210626331,242.87135416666663,3,C3: Large Open,0.238,137.10602,0.0,80133.72441290668,256562.59664972645
576cac4e1384b12a,6befd145c261113d,6b7e1f5b521de19b,d4f34f97b6d22a81,Open,46553.49342526177,72.95241898148149,0,C0: High-Win,0.7,73.39155,0.4391291752567952,32587.445397683234,13966.048027578532
5772ceb7414cd864,9387d1da6d5967e1,6b7e1f5b521de19b,d4f34f97b6d22a81,Open,813.1455864945308,1.1574074074074072e-05,1,C1: Active Pipeline,,59.641193,59.641181815818506,,
577a88a956b8ee93,9387d1da6d5967e1,6b7e1f5b521de19b,,Open,7402.527369290185,0.0,0,C0: High-Win,,27.233644,27.233644485473633,,
5789bd5b5ff1de51,1cdd086394501fee,6b7e1f5b521de19b,6f9a9c5f2856c8b3,Open,26935.050390429424,3.472222222222222e-05,0,C0: High-Win,,36.4775,36.47746619330512,,
5796e478ee0087bc,a66943a59bca7bfd,062b9e5a52eb6d8e,,Open,557021.7052568932,2.3148148148148147e-05,3,C3: Large Open,,446.24527,446.24524662724247,,
579b861829a320ac,a66943a59bca7bfd,b4d1bda83fb7745f,,Open,1.170863568534039,0.0002662037037037,1,C1: Active Pipeline,,61.914024,61.91375814932364,,
57a7fee972c1faff,ac2a5ee6878db2c2,6b7e1f5b521de19b,6f9a9c5f2856c8b3,Open,98.49392076768088,0.157824074074074,1,C1: Active Pipeline,,50.637123,50.479299033836085,,
57bb8c3f999408a1,9387d1da6d5967e1,6b7e1f5b521de19b,,Open,1.170863568534039,1.1574074074074072e-05,1,C1: Active Pipeline,,313.23703,313.2370184552228,,
57e18549b6708d6a,4928d3c96935fb3f,6b7e1f5b521de19b,6f9a9c5f2856c8b3,Open,266.39362589177995,0.0015393518518518,2,C2: High-Win,,62.099026,62.097486374466506,,
57f3df4eb44171e3,6befd145c261113d,6b7e1f5b521de19b,6f9a9c5f2856c8b3,Open,2102.0998796095173,56.26148148148148,1,C1: Active Pipeline,0.496,44.9637,0.0,1042.6415402863206,1059.4583393231967
580c0ee77cf60521,ac2a5ee6878db2c2,6b7e1f5b521de19b,6f9a9c5f2856c8b3,Open,32653.062705315017,1.1574074074074072e-05,0,C0: High-Win,0.866,22.562998,22.56298624391909,28277.552302802804,4375.510402512213
58228f0dab04b746,a66943a59bca7bfd,ac6153076817c20f,28c9c64e5918b06e,Open,851306.5708845424,750.9271875,3,C3: Large Open,0.14,97.40183,0.0,119182.91992383594,732123.6509607065
582e792ee23b34d5,6befd145c261113d,6b7e1f5b521de19b,6f9a9c5f2856c8b3,Open,212.02522749452675,0.0,1,C1: Active Pipeline,,25.578226,25.57822608947754,,
58307b8d0287b968,9387d1da6d5967e1,6b7e1f5b521de19b,d4f34f97b6d22a81,Open,28990.07238250434,8.101851851851852e-05,0,C0: High-Win,,46.135822,46.13574127762406,,
583c501935bb00ba,6befd145c261113d,6b7e1f5b521de19b,d4f34f97b6d22a81,Open,1.170863568534039,2.3148148148148147e-05,1,C1: Active Pipeline,,76.542366,76.54234287968389,,
583f592cd5e15431,4928d3c96935fb3f,6b7e1f5b521de19b,,Open,186555.16774733728,1.1574074074074072e-05,3,C3: Large Open,,37.20086,37.200847495750146,,
58487823032c3f58,9387d1da6d5967e1,6b7e1f5b521de19b,,Open,9648.963805727815,2.3148148148148147e-05,3,C3: Large Open,,71.52457,71.52454350224248,,
5853e11c634c6064,9387d1da6d5967e1,6b7e1f5b521de19b,,Open,80872.05936290111,134.63842592592593,3,C3: Large Open,0.196,135.98476,1.346330543800633,15850.923635128618,65021.1357277725
586485fc3a3fa2db,1cdd086394501fee,6b7e1f5b521de19b,6f9a9c5f2856c8b3,Open,1.170863568534039,2.3148148148148147e-05,1,C1: Active Pipeline,,69.68544,69.68541691532842,,
586a8dbcadbf97a6,4928d3c96935fb3f,6b7e1f5b521de19b,,Open,35267.3774976717,1.1574074074074072e-05,3,C3: Large Open,,288.74942,288.7494085919416,,
58b767d0d3420c2b,6befd145c261113d,6b7e1f5b521de19b,,Open,860345.2341691502,155.20061342592592,2,C2: High-Win,0.75,335.2094,180.00879819516783,645258.9256268627,215086.30854228756
58bbc32a1091e311,1cdd086394501fee,674ec33189ed753c,,Open,1875334.4167467568,1.1574074074074072e-05,3,C3: Large Open,,1067.1185,1067.1185186993634,,
58bc8f8658276999,9387d1da6d5967e1,6b7e1f5b521de19b,,Open,108237.84289206556,40.74905092592593,3,C3: Large Open,0.272,451.08755,410.3385040057147,29440.693266641832,78797.14962542373
58ed803093275d9c,1cdd086394501fee,6b7e1f5b521de19b,6f9a9c5f2856c8b3,Open,13959.067940288684,458.9240046296296,3,C3: Large Open,0.504,269.8129,0.0,7035.370241905496,6923.697698383187
58f4707001d7f257,9387d1da6d5967e1,6b7e1f5b521de19b,,Open,121130.27981900204,32.16184027777778,3,C3: Large Open,0.258,88.832535,56.670694512261285,31251.612193302528,89878.66762569951
590bbc34e3f15dd2,ef9b14cf5a29c54a,6b7e1f5b521de19b,,Open,1301445.0187702307,423.7632523148148,3,C3: Large Open,0.306,252.16344,0.0,398242.1757436906,903202.84302654
591145fbfcf6dc39,ef9b14cf5a29c54a,6b7e1f5b521de19b,,Open,65251.04342906468,1.1574074074074072e-05,0,C0: High-Win,,85.23496,85.23495088930483,,
5941eb5a25ebc993,6befd145c261113d,6b7e1f5b521de19b,d4f34f97b6d22a81,Open,15535.883421986588,0.0002314814814814,0,C0: High-Win,,33.914253,33.9140217533818,,
5966f9b5d3fc1351,ac2a5ee6878db2c2,6b7e1f5b521de19b,d4f34f97b6d22a81,Open,1.170863568534039,0.0,1,C1: Active Pipeline,,60.755886,60.75588607788086,,
59725e6ff566317c,1cdd086394501fee,6b7e1f5b521de19b,6f9a9c5f2856c8b3,Open,1.170863568534039,1.1574074074074072e-05,1,C1: Active Pipeline,,38.28166,38.28164659853335,,
5974713b6a8d7097,6befd145c261113d,6b7e1f5b521de19b,6f9a9c5f2856c8b3,Open,100796.4686462308,0.0016087962962962,3,C3: Large Open,,29.530916,29.529307417692962,,
59a0545a5bb2a9a4,ac2a5ee6878db2c2,6b7e1f5b521de19b,6f9a9c5f2856c8b3,Open,16073.57048734802,0.0015046296296296,0,C0: High-Win,,64.03214,64.03063800953052,,
59aabfe0509dcc60,6befd145c261113d,6b7e1f5b521de19b,6f9a9c5f2856c8b3,Open,98.49392076768088,23.807650462962965,1,C1: Active Pipeline,0.67,48.515804,24.70815382780852,65.99092691434619,32.50299385333469
59ae62abc7806c13,1cdd086394501fee,6b7e1f5b521de19b,6f9a9c5f2856c8b3,Open,1.170863568534039,1.1574074074074072e-05,1,C1: Active Pipeline,,62.736305,62.736293662742334,,
59b7e9b4a45a00b1,9387d1da6d5967e1,6b7e1f5b521de19b,d4f34f97b6d22a81,Open,1.170863568534039,1.1574074074074072e-05,1,C1: Active Pipeline,,404.52237,404.5223578106916,,
59c08698e38f62b6,9387d1da6d5967e1,6b7e1f5b521de19b,,Open,43554.61939889371,17.084965277777776,3,C3: Large Open,0.562,74.28542,57.20045800103082,24477.696102178266,19076.923296715442
59c6748330eb4660,a66943a59bca7bfd,255414ab73601d72,28c9c64e5918b06e,Open,1.170863568534039,1.1574074074074072e-05,1,C1: Active Pipeline,,57.151047,57.151035178855615,,
59d40fa9df85ab7d,6befd145c261113d,6b7e1f5b521de19b,6f9a9c5f2856c8b3,Open,267071.1042814682,0.0042129629629629,0,C0: High-Win,,57.741016,57.73680342497649,,
59e7f2e6b7280491,6befd145c261113d,6b7e1f5b521de19b,6f9a9c5f2856c8b3,Open,98.49392076768088,27.690011574074077,1,C1: Active Pipeline,0.7,48.808777,21.118765281394673,68.94574453737661,29.548176230304268
59f509d87ea037bb,6befd145c261113d,6b7e1f5b521de19b,6f9a9c5f2856c8b3,Open,44461.42141443329,62.07980324074074,0,C0: High-Win,0.424,58.150585,0.0,18851.642679719713,25609.778734713578
5a070b7e9c7ba531,ac2a5ee6878db2c2,6b7e1f5b521de19b,d4f34f97b6d22a81,Open,81.43217479245789,1.1574074074074072e-05,1,C1: Active Pipeline,0.54,72.652824,72.65281282778139,43.97337438792726,37.45880040453063
5a0992e0a8665178,6befd145c261113d,6b7e1f5b521de19b,,Open,1.170863568534039,31.27672453703704,1,C1: Active Pipeline,0.514,70.09007,38.8133480947989,0.6018238742264961,0.5690396943075429
5a0bcb769620aeb0,1cdd086394501fee,6b7e1f5b521de19b,6f9a9c5f2856c8b3,Open,1.170863568534039,1.1574074074074072e-05,1,C1: Active Pipeline,,63.266563,63.26655184145327,,
5a2d0d3434fb3f99,ac2a5ee6878db2c2,6b7e1f5b521de19b,,Open,1.170863568534039,26.074872685185184,4,C4: Mid-Range,,224.82242,198.74754552770543,,
5a3e1c022a9f8c92,6befd145c261113d,6b7e1f5b521de19b,6f9a9c5f2856c8b3,Open,455.427302732939,67.21872685185186,1,C1: Active Pipeline,0.498,67.53745,0.3187258459020512,226.8027967610036,228.62450597193538
5a46cbabff72da59,1cdd086394501fee,6b7e1f5b521de19b,6f9a9c5f2856c8b3,Open,1040366.9433779602,0.0470486111111111,3,C3: Large Open,,551.82477,551.7777194552951,,
5a4f0743d6c8b541,ef9b14cf5a29c54a,6b7e1f5b521de19b,,Open,1.170863568534039,0.0101388888888888,1,C1: Active Pipeline,,140.66264,140.6525045437283,,
5a5f35cd095b7382,9387d1da6d5967e1,6b7e1f5b521de19b,,Open,21273.147061594493,0.0,3,C3: Large Open,,255.3816,255.38160705566406,,
5a6b69e6314440c4,ef9b14cf5a29c54a,6b7e1f5b521de19b,,Open,1287.0828528119127,1.1574074074074072e-05,2,C2: High-Win,,22.020414,22.02040277834292,,
5a8839dc64c19a7f,1cdd086394501fee,6b7e1f5b521de19b,6f9a9c5f2856c8b3,Open,1.170863568534039,1.1574074074074072e-05,1,C1: Active Pipeline,,98.85345,98.85343538637514,,
5a8da5dce2ccad6f,6befd145c261113d,6b7e1f5b521de19b,6f9a9c5f2856c8b3,Open,1.170863568534039,1.1574074074074072e-05,1,C1: Active Pipeline,,76.01044,76.01042543764467,,
5a96e6fadada914b,4928d3c96935fb3f,6b7e1f5b521de19b,,Open,24659.214040497674,1.1574074074074072e-05,3,C3: Large Open,,83.32833,83.32831941957826,,
5a97aaeb35ccc2f8,9387d1da6d5967e1,6b7e1f5b521de19b,d4f34f97b6d22a81,Open,866.6664771429641,2.3148148148148147e-05,1,C1: Active Pipeline,,38.186043,38.186019637496386,,
5aa3fdc3a74123fd,1cdd086394501fee,6b7e1f5b521de19b,6f9a9c5f2856c8b3,Open,74779.10930618564,686.0141203703704,3,C3: Large Open,0.296,72.5934,0.0,22134.616354630947,52644.49295155468
5aa6a1eac5e6cddc,9387d1da6d5967e1,6b7e1f5b521de19b,d4f34f97b6d22a81,Open,198350.39081317704,77.77020833333333,3,C3: Large Open,0.284,358.9517,281.18148234049477,56331.510990942275,142018.87982223477
5ab20b55c38187b3,6befd145c261113d,6b7e1f5b521de19b,6f9a9c5f2856c8b3,Open,1.170863568534039,1.1574074074074072e-05,1,C1: Active Pipeline,,57.614037,57.61402498598452,,
5ab28e7c51e5f13a,4928d3c96935fb3f,6b7e1f5b521de19b,,Open,4428.141433540016,1.1574074074074072e-05,3,C3: Large Open,,218.05566,218.05565248842592,,
5ab5a15945e0421f,ac2a5ee6878db2c2,6b7e1f5b521de19b,6f9a9c5f2856c8b3,Open,1.170863568534039,1.1574074074074072e-05,1,C1: Active Pipeline,,316.78387,316.7838629376447,,
5ac2f95c15cfaa80,a66943a59bca7bfd,e366e0e543d0c5cd,28c9c64e5918b06e,Open,1.170863568534039,1.1574074074074072e-05,1,C1: Active Pipeline,,84.67302,84.67300783510561,,
5acf55fe36d24f9b,6befd145c261113d,6b7e1f5b521de19b,6f9a9c5f2856c8b3,Open,230.1833677762813,1.1574074074074072e-05,1,C1: Active Pipeline,0.682,25.793224,25.793212760642724,156.98505682342386,73.19831095285744
5adbc68111d90509,1cdd086394501fee,6b7e1f5b521de19b,6f9a9c5f2856c8b3,Open,22962.31400177536,1.1574074074074072e-05,0,C0: High-Win,,72.38224,72.38222872133608,,
5ae03f7c75909bf2,6befd145c261113d,6b7e1f5b521de19b,6f9a9c5f2856c8b3,Open,174916.05605915148,40.15844907407408,3,C3: Large Open,0.652,71.07385,30.915403464988422,114045.26855056678,60870.78750858471
5aeaef1b229a6516,9387d1da6d5967e1,6b7e1f5b521de19b,6f9a9c5f2856c8b3,Open,3391.863497755878,2.3148148148148147e-05,1,C1: Active Pipeline,,25.261497,25.261474349410445,,
5aeb1e06dca6edcb,ac2a5ee6878db2c2,6b7e1f5b521de19b,d4f34f97b6d22a81,Open,5255.54195769548,0.0081018518518518,3,C3: Large Open,0.7,34.240654,34.232552139847364,3678.879370386836,1576.6625873086443
5af027b15e7631c2,6befd145c261113d,6b7e1f5b521de19b,6f9a9c5f2856c8b3,Open,98.49392076768088,24.163680555555555,1,C1: Active Pipeline,0.688,48.515804,24.35212373521593,67.76381748816443,30.730103279516438
5af8f45a5968aa04,6befd145c261113d,6b7e1f5b521de19b,6f9a9c5f2856c8b3,Open,3391.863497755878,0.002974537037037,1,C1: Active Pipeline,,49.470074,49.46709916291414,,
5b11a4dccc4bbe54,9387d1da6d5967e1,6b7e1f5b521de19b,,Open,25177.181736988998,0.0,3,C3: Large Open,,52.859127,52.859127044677734,,
5b11eab8626a66d2,ac2a5ee6878db2c2,6b7e1f5b521de19b,6f9a9c5f2856c8b3,Open,98.49392076768088,1.1574074074074072e-05,1,C1: Active Pipeline,,53.80823,53.80821977968569,,
5b183daa58c9710f,9387d1da6d5967e1,6b7e1f5b521de19b,,Open,1.170863568534039,0.0012731481481481,1,C1: Active Pipeline,,69.15716,69.15588474980107,,
5b357f4fc676fcd9,1cdd086394501fee,6b7e1f5b521de19b,6f9a9c5f2856c8b3,Open,251679.9429066791,0.0288078703703703,3,C3: Large Open,0.404,192.72675,192.69793773509838,101678.69693429836,150001.24597238074
5b40fe0414916ab3,ac2a5ee6878db2c2,75c64824a2a4e380,28c9c64e5918b06e,Open,26365.415373079573,145.0740277777778,3,C3: Large Open,0.154,213.23479,68.1607592095269,4060.273967454254,22305.14140562532
5b51759cc0b050b7,6befd145c261113d,6b7e1f5b521de19b,6f9a9c5f2856c8b3,Open,715072.9663991949,0.0004166666666666,3,C3: Large Open,,260.06006,260.0596419270833,,
5b5dd52443bec4e2,9387d1da6d5967e1,6b7e1f5b521de19b,,Open,2.4198904513070483,1.1574074074074072e-05,1,C1: Active Pipeline,,169.51529,169.51527773256655,,
5b6076427b8027f1,1cdd086394501fee,6b7e1f5b521de19b,6f9a9c5f2856c8b3,Open,1.170863568534039,0.0,1,C1: Active Pipeline,,54.5722,54.572200775146484,,
5b7a5a82146447eb,6befd145c261113d,6b7e1f5b521de19b,6f9a9c5f2856c8b3,Open,11485.134609700684,4.629629629629629e-05,0,C0: High-Win,,33.503433,33.503386931242765,,
5b86deb48fd8e379,1cdd086394501fee,6b7e1f5b521de19b,6f9a9c5f2856c8b3,Open,1.170863568534039,1.1574074074074072e-05,1,C1: Active Pipeline,,37.137096,37.137084830955224,,
5b871bfc52018a9b,9387d1da6d5967e1,6b7e1f5b521de19b,,Open,6852.397952313374,0.0,2,C2: High-Win,,54.55305,54.55305099487305,,
5b8d20d1a47fe2fe,9387d1da6d5967e1,6b7e1f5b521de19b,,Open,65798.13803746978,1.1574074074074072e-05,0,C0: High-Win,,25.067953,25.06794153566714,,
5b9e14d815b675c1,ac2a5ee6878db2c2,6b7e1f5b521de19b,6f9a9c5f2856c8b3,Open,19623.72126185764,395.9526851851852,3,C3: Large Open,0.322,202.0732,0.0,6318.838246318161,13304.883015539479
5ba5097e11b444cc,6befd145c261113d,6b7e1f5b521de19b,,Open,1845240.0868962973,0.0005787037037037,3,C3: Large Open,0.26,1036.0251,1036.0245677806713,479762.4225930373,1365477.66430326
5ba8673877f63fbd,4928d3c96935fb3f,6b7e1f5b521de19b,,Open,319.5610554379637,1.1574074074074072e-05,1,C1: Active Pipeline,,44.93284,44.932826865867334,,
5bb0c62af63d353f,ac2a5ee6878db2c2,6b7e1f5b521de19b,6f9a9c5f2856c8b3,Open,575937.6239257965,0.0038310185185185,3,C3: Large Open,0.034,556.76544,556.7616108760127,19581.87921347708,556355.7447123193
5bbe016c57973800,6befd145c261113d,6b7e1f5b521de19b,6f9a9c5f2856c8b3,Open,243911.56866935757,59.372256944444445,3,C3: Large Open,0.464,115.22846,55.85620527479384,113174.96786258192,130736.60080677566
5bc936021b66cb0d,1cdd086394501fee,6b7e1f5b521de19b,,Open,37091.15484349933,1.1574074074074072e-05,3,C3: Large Open,0.502,312.1679,312.1678961407697,18619.759731436665,18471.395112062666
5be99a3d4dcfb819,ac2a5ee6878db2c2,6b7e1f5b521de19b,d4f34f97b6d22a81,Open,4767.446849940327,176.3313310185185,3,C3: Large Open,0.578,73.480034,0.0,2755.584279265509,2011.8625706748185
5c00af71c65c45bd,1cdd086394501fee,062b9e5a52eb6d8e,,Open,534.5463080854963,1.1574074074074072e-05,1,C1: Active Pipeline,,24.370977,24.370965827659326,,
5c0602fff17da7b0,9387d1da6d5967e1,6b7e1f5b521de19b,d4f34f97b6d22a81,Open,918.095087758492,3.908900462962963,1,C1: Active Pipeline,,38.925625,35.01672438444915,,
5c0d163323ef3c14,9387d1da6d5967e1,6b7e1f5b521de19b,,Open,11264.189824104717,40.32251157407408,3,C3: Large Open,0.216,129.68149,89.3589764630353,2433.0650020066187,8831.124822098098
5c0f2740a13b62be,6befd145c261113d,6b7e1f5b521de19b,,Open,2582.916117610372,1.1574074074074072e-05,3,C3: Large Open,,24.665293,24.66528116579409,,
5c2ba63918bee727,ac2a5ee6878db2c2,6b7e1f5b521de19b,6f9a9c5f2856c8b3,Open,1.170863568534039,0.0,1,C1: Active Pipeline,,148.31398,148.31398010253906,,
5c2c2d2512a56599,9387d1da6d5967e1,6b7e1f5b521de19b,d4f34f97b6d22a81,Open,31810.931188906296,196.8700347222222,3,C3: Large Open,0.61,106.40921,0.0,19404.66802523284,12406.263163673455
5c32e71f94f7caa8,9387d1da6d5967e1,6b7e1f5b521de19b,d4f34f97b6d22a81,Open,3222.1084716806404,1.1574074074074072e-05,1,C1: Active Pipeline,,87.67716,87.67715059633608,,
5c3def573f69c991,9387d1da6d5967e1,6b7e1f5b521de19b,,Open,25102.753943361105,113.99543981481482,2,C2: High-Win,0.79,79.54078,0.0,19831.175615255273,5271.578328105831
5c5c0c1c70b9fa01,1cdd086394501fee,6b7e1f5b521de19b,,Open,1064506.8667509402,1.1574074074074072e-05,3,C3: Large Open,,125.375725,125.37571321840639,,
5c6b4b3bcc59e337,4928d3c96935fb3f,6b7e1f5b521de19b,6f9a9c5f2856c8b3,Open,1.170863568534039,1.1574074074074072e-05,1,C1: Active Pipeline,,68.662895,68.66288362856264,,
5cd26fc1cf90756c,ac2a5ee6878db2c2,6b7e1f5b521de19b,6f9a9c5f2856c8b3,Open,1.170863568534039,1.1574074074074072e-05,1,C1: Active Pipeline,,50.95276,50.95274721498843,,
5cda102c6e09befd,6befd145c261113d,6b7e1f5b521de19b,6f9a9c5f2856c8b3,Open,1.170863568534039,1.1574074074074072e-05,1,C1: Active Pipeline,,67.47208,67.47206484194155,,
5ce969e1c9ebc553,ac2a5ee6878db2c2,6b7e1f5b521de19b,6f9a9c5f2856c8b3,Open,1.170863568534039,1.1574074074074072e-05,1,C1: Active Pipeline,,68.9484,68.94839083071108,,
5d00f29f9d79f9e7,9387d1da6d5967e1,6b7e1f5b521de19b,d4f34f97b6d22a81,Open,61110.06404266016,93.1024074074074,3,C3: Large Open,0.364,51.43328,0.0,22244.063311528298,38866.00073113186
5d0c6b02f4ec8170,9387d1da6d5967e1,6b7e1f5b521de19b,d4f34f97b6d22a81,Open,1231.2988998144133,1.1574074074074072e-05,1,C1: Active Pipeline,,48.283955,48.283943046287256,,
5d107e9c4a68eb8d,1cdd086394501fee,062b9e5a52eb6d8e,,Open,60922.56576101272,58.920775462962965,3,C3: Large Open,0.49,80.87485,21.95407194914641,29852.05722289623,31070.508538116486
5d42838368f041b2,9387d1da6d5967e1,6b7e1f5b521de19b,,Open,9648.963805727815,1.1574074074074072e-05,3,C3: Large Open,,54.54265,54.542636741355615,,
5d4ab050c3c2cb49,9387d1da6d5967e1,6b7e1f5b521de19b,,Open,9648.963805727815,0.0,3,C3: Large Open,,37.276173,37.27617263793945,,
5d5ba93c7c152145,a66943a59bca7bfd,255414ab73601d72,28c9c64e5918b06e,Open,14549.109682568103,157.89993055555556,0,C0: High-Win,0.476,94.08764,0.0,6925.376208902417,7623.733473665687
5d614dcc469279eb,6befd145c261113d,6b7e1f5b521de19b,,Open,1.170863568534039,1.1574074074074072e-05,1,C1: Active Pipeline,,389.20886,389.20885073061345,,
5d732e16c14a553f,6befd145c261113d,6b7e1f5b521de19b,6f9a9c5f2856c8b3,Open,9648.963805727815,1.1574074074074072e-05,3,C3: Large Open,,330.8876,330.8875921856916,,
5d84d6df24040189,9387d1da6d5967e1,6b7e1f5b521de19b,d4f34f97b6d22a81,Open,304353.1646176681,142.98733796296295,3,C3: Large Open,0.148,65.115135,0.0,45044.26836341487,259308.8962542532
5d93c8834741e1c5,6befd145c261113d,6b7e1f5b521de19b,,Open,7495.264905653416,358.17199074074074,3,C3: Large Open,0.148,39.973927,0.0,1109.2992060367055,6385.96569961671
5d9bf7021318c9f0,6befd145c261113d,6b7e1f5b521de19b,6f9a9c5f2856c8b3,Open,258.63789431285056,48.75833333333333,1,C1: Active Pipeline,,39.020393,0.0,,
5dc74901ba7c9d7a,6befd145c261113d,6b7e1f5b521de19b,6f9a9c5f2856c8b3,Open,1.170863568534039,1.1574074074074072e-05,1,C1: Active Pipeline,0.675993620414673,72.86185,72.86183534975405,0.7914963027049686,0.3793672658290703
5dcb33df2bd9e169,6befd145c261113d,6b7e1f5b521de19b,6f9a9c5f2856c8b3,Open,98.49392076768088,77.01444444444445,1,C1: Active Pipeline,0.412,67.36274,0.0,40.57949535628452,57.914425411396365
5ddb9a08ef96c289,ac2a5ee6878db2c2,6b7e1f5b521de19b,d4f34f97b6d22a81,Open,1.170863568534039,1.1574074074074072e-05,1,C1: Active Pipeline,,55.829247,55.82923494692202,,
5de0eb97f785d310,1cdd086394501fee,6b7e1f5b521de19b,6f9a9c5f2856c8b3,Open,823409.396067921,22.103194444444444,3,C3: Large Open,0.386,551.759,529.6557777235244,317836.0268822175,505573.36918570346
5dea0823fa811768,ac2a5ee6878db2c2,6b7e1f5b521de19b,6f9a9c5f2856c8b3,Open,417325.042498986,0.1047916666666666,3,C3: Large Open,0.344,64.738945,64.63415334065755,143559.81461965118,273765.2278793348
5e10a747d799a8f4,1cdd086394501fee,fc3655a0b667e091,,Open,3843.751686636889,2.188599537037037,3,C3: Large Open,0.664,22.434149,20.245549251415113,2552.2511199268947,1291.5005667099947
5e5250e68a7769b5,6befd145c261113d,fd10c5543bdbcbc9,28c9c64e5918b06e,Open,102.06320172719664,0.0006018518518518,1,C1: Active Pipeline,0.514,108.55954,108.55893794307002,52.46048568777908,49.602716039417565
5e6ac0777736e71d,6befd145c261113d,6b7e1f5b521de19b,,Open,14989.65593179705,0.0,3,C3: Large Open,,29.721004,29.721004486083984,,
5e7181f4f2dea195,ac2a5ee6878db2c2,6b7e1f5b521de19b,6f9a9c5f2856c8b3,Open,9807325.849031985,1.1574074074074072e-05,3,C3: Large Open,0.464,1420.6505,1420.6505011212384,4550599.193950841,5256726.6550811445
5e8d8e2b768b6ffa,6befd145c261113d,6b7e1f5b521de19b,6f9a9c5f2856c8b3,Open,12872.794199917536,0.0032754629629629,0,C0: High-Win,,60.05218,60.048905780933524,,
5e97fdc0d2846d18,6befd145c261113d,6b7e1f5b521de19b,6f9a9c5f2856c8b3,Open,7045.211152236175,0.003599537037037,3,C3: Large Open,,30.659275,30.655675517894604,,
5e9f63e6c47a51fa,a66943a59bca7bfd,38080774be85927f,28c9c64e5918b06e,Open,1684.898767285085,0.0053935185185185,1,C1: Active Pipeline,,42.5669,42.56150482742875,,
5ea63621e22a4027,4928d3c96935fb3f,6b7e1f5b521de19b,,Open,777760.6524679924,1.1574074074074072e-05,3,C3: Large Open,,83.296,83.29598604555483,,
5eb6004c18f996f0,4928d3c96935fb3f,6b7e1f5b521de19b,6f9a9c5f2856c8b3,Open,1.170863568534039,1.1574074074074072e-05,4,C4: Mid-Range,,88.46744,88.46742617006655,,
5ec659403b6e8f8f,9387d1da6d5967e1,6b7e1f5b521de19b,d4f34f97b6d22a81,Open,108970.5838376575,63.54614583333333,0,C0: High-Win,0.592,65.96744,2.421291910807298,64510.585631893235,44459.99820576426
5ec6faaa7231e6ae,6befd145c261113d,6b7e1f5b521de19b,,Open,27685.304717477007,1.1574074074074072e-05,3,C3: Large Open,,46.829464,46.82945238466616,,
5ed1b366e19a086e,ac2a5ee6878db2c2,6b7e1f5b521de19b,6f9a9c5f2856c8b3,Open,12238947.33862092,6.944444444444444e-05,3,C3: Large Open,,82.92015,82.92008131239149,,
5f0134c878cb9c8c,6befd145c261113d,6b7e1f5b521de19b,6f9a9c5f2856c8b3,Open,1.170863568534039,0.0020601851851851,1,C1: Active Pipeline,,49.827637,49.82557653356481,,
5f1387289dab45c8,ac2a5ee6878db2c2,6b7e1f5b521de19b,d4f34f97b6d22a81,Open,8261.602666399114,92.83358796296297,3,C3: Large Open,0.24,66.3002,0.0,1982.7846399357873,6278.8180264633265
5f192beec3226dae,6befd145c261113d,6b7e1f5b521de19b,6f9a9c5f2856c8b3,Open,58537.91681298978,0.0010416666666666,0,C0: High-Win,,48.648335,48.64729283650716,,
5f28ffc058092f39,6befd145c261113d,6b7e1f5b521de19b,6f9a9c5f2856c8b3,Open,1.170863568534039,252.16480324074075,3,C3: Large Open,0.296,77.3632,0.0,0.3465756162860755,0.8242879522479634
5f2d09c2bcf37ae1,6befd145c261113d,6b7e1f5b521de19b,6f9a9c5f2856c8b3,Open,7078912.381992671,405.9485532407408,3,C3: Large Open,0.43,694.0155,288.0669496889467,3043932.3242568485,4034980.0577358226
5f596faa33b96ec4,a66943a59bca7bfd,b4d1bda83fb7745f,28c9c64e5918b06e,Open,1099438.580957343,2224.4957060185184,3,C3: Large Open,0.238,62.073742,0.0,261666.38226784766,837772.1986894954
5f5d13c9ab46a235,6befd145c261113d,6b7e1f5b521de19b,6f9a9c5f2856c8b3,Open,1.170863568534039,1.1574074074074072e-05,1,C1: Active Pipeline,,58.807297,58.807285178855615,,
5f5f640cd03d1228,4928d3c96935fb3f,6b7e1f5b521de19b,,Open,5186.502594949308,1.1574074074074072e-05,0,C0: High-Win,,44.150757,44.15074526186343,,
5f6d6b7678d7058b,ac2a5ee6878db2c2,6b7e1f5b521de19b,6f9a9c5f2856c8b3,Open,1.170863568534039,0.0,1,C1: Active Pipeline,,63.99527,63.995269775390625,,
5f78af8923daac57,6befd145c261113d,6b7e1f5b521de19b,6f9a9c5f2856c8b3,Open,98.49392076768088,37.84723379629629,1,C1: Active Pipeline,0.486,53.225006,15.377772307219338,47.86804549309291,50.62587527458797
5f8d42f5dce2ec16,6befd145c261113d,6b7e1f5b521de19b,6f9a9c5f2856c8b3,Open,98.49392076768088,20.73728009259259,1,C1: Active Pipeline,,48.118664,27.381383695249205,,
5fa63c51f038f234,a66943a59bca7bfd,7545e34e09ae9cad,28c9c64e5918b06e,Open,1.170863568534039,0.0,1,C1: Active Pipeline,,106.21571,106.21571350097656,,
5faaa26f24ba6caa,6befd145c261113d,6b7e1f5b521de19b,6f9a9c5f2856c8b3,Open,71354.71219781853,2.3148148148148147e-05,0,C0: High-Win,,67.3191,67.31907627812139,,
5faebea62fdcfcfb,ac2a5ee6878db2c2,6b7e1f5b521de19b,d4f34f97b6d22a81,Open,1.170863568534039,1.1574074074074072e-05,1,C1: Active Pipeline,,52.92089,52.920879234031396,,
5fca9585db9ddb85,ac2a5ee6878db2c2,255414ab73601d72,d4f34f97b6d22a81,Open,51311.89236197236,195.29699074074077,2,C2: High-Win,0.688,140.5224,0.0,35302.58194503698,16009.31041693538
5fd0065a29efdd5d,6befd145c261113d,6b7e1f5b521de19b,,Open,4126329.679422186,0.0023726851851851,3,C3: Large Open,0.34,1527.1516,1527.1492386429397,1402952.0910035435,2723377.5884186425
5fd77c1affd0e7a7,1cdd086394501fee,674ec33189ed753c,,Open,263999.29512211593,284.20091435185185,3,C3: Large Open,0.374,98.01347,0.0,98735.73637567136,165263.55874644459
5fde0abd97137959,ac2a5ee6878db2c2,6b7e1f5b521de19b,d4f34f97b6d22a81,Open,470486.8952782352,48.14370370370371,3,C3: Large Open,0.65,116.95083,68.80712484854239,305816.48193085287,164670.4133473823
5fe538f61891d604,ac2a5ee6878db2c2,6b7e1f5b521de19b,6f9a9c5f2856c8b3,Open,13618.650853774316,0.0045254629629629,0,C0: High-Win,,70.64801,70.64348479094329,,
5ffb7bfc4522b210,6befd145c261113d,6b7e1f5b521de19b,,Open,160796.64174637178,1.1574074074074072e-05,0,C0: High-Win,,33.441498,33.4414862286603,,
6007227c0d645e85,6befd145c261113d,6b7e1f5b521de19b,6f9a9c5f2856c8b3,Open,6830.177666480138,2.3148148148148147e-05,3,C3: Large Open,,31.31845,31.318427779586226,,
60102fdfc02b9ab4,ef9b14cf5a29c54a,6b7e1f5b521de19b,,Open,953589.4360036576,107.0458449074074,3,C3: Large Open,0.228,243.837,136.79116070782698,217418.39140883394,736171.0445948237
602a4c4b50b319e3,9387d1da6d5967e1,6b7e1f5b521de19b,d4f34f97b6d22a81,Open,100310.18531795434,49.00875,3,C3: Large Open,0.114,113.76107,64.75232025146485,11435.361126246795,88874.82419170755
6038a50ce9eb5451,9387d1da6d5967e1,6b7e1f5b521de19b,,Open,2.4198904513070483,1.1574074074074072e-05,1,C1: Active Pipeline,,292.5129,292.5128973614728,,
60444dfab3522402,1cdd086394501fee,fc3655a0b667e091,,Open,869711.3941640588,108.9705324074074,3,C3: Large Open,0.228,244.42722,135.45668316876447,198294.1978694054,671417.1962946535
6044cec56509a02d,1cdd086394501fee,6b7e1f5b521de19b,,Open,405397.633922256,845.9289004629629,3,C3: Large Open,0.322,1370.7,524.7710507089121,130538.03812296643,274859.5957992895
604be28a324565c3,9387d1da6d5967e1,6b7e1f5b521de19b,d4f34f97b6d22a81,Open,3216.5771418996947,1.1574074074074072e-05,1,C1: Active Pipeline,,34.580086,34.58007418032046,,
6056a73bde841585,9387d1da6d5967e1,6b7e1f5b521de19b,,Open,74673.91557802013,6.51806712962963,3,C3: Large Open,0.414,79.9592,73.44113086841725,30915.001049300332,43758.9145287198
605ede0931682406,a66943a59bca7bfd,95a23e7fbcc5841e,28c9c64e5918b06e,Open,151848.17055678766,8.101851851851852e-05,3,C3: Large Open,,113.86646,113.86638168900102,,
606b0a58bccd40ba,4928d3c96935fb3f,6b7e1f5b521de19b,,Open,4795.394690882104,707.0746759259259,3,C3: Large Open,,85.30067,0.0,,
6071a23a742d21c2,ef9b14cf5a29c54a,6b7e1f5b521de19b,,Open,2582.916117610372,1.1574074074074072e-05,2,C2: High-Win,,18.411419,18.41140734072085,,
6085f9453fe3accd,1cdd086394501fee,6ab36d9b02cbcf6b,,Open,186555.16774733728,0.9860763888888888,3,C3: Large Open,0.548,104.16653,103.1804504055447,102232.23192554084,84322.93582179645
6096fd73fe98d736,6befd145c261113d,6b7e1f5b521de19b,6f9a9c5f2856c8b3,Open,51338.49367493186,2.3148148148148147e-05,0,C0: High-Win,,80.40577,80.40574619999639,,
6098e979ca6dcfe6,6befd145c261113d,6b7e1f5b521de19b,,Open,1.170863568534039,1.1574074074074072e-05,1,C1: Active Pipeline,,70.50717,70.5071600567853,,
60c19ff153bd21c6,ac2a5ee6878db2c2,6b7e1f5b521de19b,d4f34f97b6d22a81,Open,1.170863568534039,1.1574074074074072e-05,1,C1: Active Pipeline,,32.735325,32.73531328554507,,
60d32b37f152dc28,6befd145c261113d,6b7e1f5b521de19b,d4f34f97b6d22a81,Open,3812.705971549344,6.944444444444444e-05,3,C3: Large Open,,98.525826,98.52575605604383,,
60d5aa2afb1bc6f7,a66943a59bca7bfd,7545e34e09ae9cad,,Open,667884.4093221513,140.1735185185185,3,C3: Large Open,0.422,140.30132,0.12779678909868153,281847.2207339479,386037.1885882035
60f6216d84f06203,1cdd086394501fee,fc3655a0b667e091,,Open,89664.46366676311,2.3148148148148147e-05,3,C3: Large Open,,250.43027,250.43024418583622,,
60f9cfa288d2027a,6befd145c261113d,6b7e1f5b521de19b,6f9a9c5f2856c8b3,Open,264.11418569428724,1.1574074074074072e-05,1,C1: Active Pipeline,,23.543516,23.543504584983545,,
61000e8689641f16,a66943a59bca7bfd,d1650c60f1f48b67,28c9c64e5918b06e,Open,1.170863568534039,1.1574074074074072e-05,1,C1: Active Pipeline,,307.27954,307.27952944155095,,
6106989208b4dd1a,1cdd086394501fee,6b7e1f5b521de19b,6f9a9c5f2856c8b3,Open,3736.3626074576496,3.443344907407408,3,C3: Large Open,0.646,89.4827,86.03935162579572,2413.6902444176417,1322.672363040008
614bcbc21fda7b7e,1cdd086394501fee,6b7e1f5b521de19b,d4f34f97b6d22a81,Open,1.170863568534039,2.3148148148148147e-05,1,C1: Active Pipeline,,73.14015,73.14012882939092,,
61561a1d5f34e420,1cdd086394501fee,a7a9fe2a1360c457,,Open,487480.5206381472,2.3148148148148147e-05,3,C3: Large Open,,279.4223,279.4222790979456,,
6158df3d544b5a7e,a66943a59bca7bfd,75c64824a2a4e380,28c9c64e5918b06e,Open,17671.466999878878,1.1574074074074072e-05,0,C0: High-Win,,39.194603,39.19459139223452,,
61741fc702d392c7,9387d1da6d5967e1,6b7e1f5b521de19b,,Open,21909.61166224357,1.008738425925926,3,C3: Large Open,0.788,30.538458,29.52971944455747,17264.773989847934,4644.837672395636
617ebb4275fbb23c,6befd145c261113d,6b7e1f5b521de19b,6f9a9c5f2856c8b3,Open,1.170863568534039,2.3148148148148147e-05,1,C1: Active Pipeline,,39.54332,39.54329655400029,,
6193781cebf0e59a,1cdd086394501fee,6b7e1f5b521de19b,6f9a9c5f2856c8b3,Open,26396.718866699845,139.128125,3,C3: Large Open,0.316,288.8771,149.7489807128906,8341.36316187715,18055.35570482269
619bc72b15a68cfc,9387d1da6d5967e1,6b7e1f5b521de19b,,Open,5083.8994500666495,1.1574074074074072e-05,3,C3: Large Open,,57.123093,57.123081077293115,,
61a1c0e9b254a32e,ac2a5ee6878db2c2,6b7e1f5b521de19b,6f9a9c5f2856c8b3,Open,5755006.151176054,0.0066435185185185,3,C3: Large Open,0.222,1520.0116,1520.004953161169,1277611.3655610841,4477394.78561497
61a3eff4f2591472,6befd145c261113d,6b7e1f5b521de19b,6f9a9c5f2856c8b3,Open,1.170863568534039,1.1574074074074072e-05,1,C1: Active Pipeline,,55.07748,55.07746874208804,,
61b03c1ba83937a9,9387d1da6d5967e1,6b7e1f5b521de19b,,Open,49350.19023541798,1.1574074074074072e-05,3,C3: Large Open,,100.166176,100.16616426821108,,
61c21e7897b34354,ac2a5ee6878db2c2,6b7e1f5b521de19b,,Open,1.170863568534039,0.0,1,C1: Active Pipeline,,382.21014,382.21014404296875,,
61d0b3eabb413eaa,9387d1da6d5967e1,6b7e1f5b521de19b,,Open,16016.407756834642,1.0827314814814817,3,C3: Large Open,,53.541004,52.45827269942672,,
61e43b59ac854af2,6befd145c261113d,6b7e1f5b521de19b,6f9a9c5f2856c8b3,Open,1.170863568534039,2.3148148148148147e-05,1,C1: Active Pipeline,,57.516594,57.516570784957324,,
620a8beb39ce0162,9387d1da6d5967e1,6b7e1f5b521de19b,6f9a9c5f2856c8b3,Open,51178.06924011765,3.472222222222222e-05,3,C3: Large Open,,59.860374,59.86033972846137,,
6215c4d82a1eab06,9387d1da6d5967e1,6b7e1f5b521de19b,,Open,71981.06796123674,194.9970601851852,3,C3: Large Open,0.322,89.1658,0.0,23177.90388351823,48803.1640777185
621aad0d5a94459e,6befd145c261113d,6b7e1f5b521de19b,6f9a9c5f2856c8b3,Open,142231.5269263224,3.472222222222222e-05,0,C0: High-Win,,61.927223,61.92718848334418,,
621f854ad7ec560f,6befd145c261113d,6b7e1f5b521de19b,6f9a9c5f2856c8b3,Open,5701.257941028675,5.787037037037037e-05,0,C0: High-Win,,27.717525,27.717467611807365,,
6220069e92b03d18,6befd145c261113d,6b7e1f5b521de19b,6f9a9c5f2856c8b3,Open,85310.81114042184,1.1574074074074072e-05,3,C3: Large Open,0.556,47.368507,47.368495811179834,47432.81099407454,37878.000146347295
622299d3f8a63903,6befd145c261113d,6b7e1f5b521de19b,6f9a9c5f2856c8b3,Open,163.9486033326457,3.472222222222222e-05,1,C1: Active Pipeline,0.4668421052631579,39.63275,39.632716742621525,76.5381111347667,87.41049219787898
62236ff36961b993,ef9b14cf5a29c54a,6b7e1f5b521de19b,,Open,3469.671582488288,1.1574074074074072e-05,0,C0: High-Win,,57.36365,57.36363970156069,,
622ab515d1cd1050,9387d1da6d5967e1,6b7e1f5b521de19b,d4f34f97b6d22a81,Open,13707.11230296319,1.1574074074074072e-05,0,C0: High-Win,0.464,66.91017,66.91015993471498,6360.100108574921,7347.0121943882705
624824a8ea7a8fc2,6befd145c261113d,6b7e1f5b521de19b,6f9a9c5f2856c8b3,Open,373.2682976994048,1.1574074074074072e-05,1,C1: Active Pipeline,,25.348461,25.348449577048974,,
624c525c84937ff2,6befd145c261113d,6b7e1f5b521de19b,6f9a9c5f2856c8b3,Open,19968.38671997984,18.023113425925924,0,C0: High-Win,0.7136666666666667,46.89347,28.870357338234232,14250.771989158946,5717.614730820895
625a63f7272effc7,9387d1da6d5967e1,6b7e1f5b521de19b,,Open,2989.1949329776403,1.1574074074074072e-05,0,C0: High-Win,,37.584248,37.584236015037256,,
625d024483d7d3b2,6befd145c261113d,6b7e1f5b521de19b,6f9a9c5f2856c8b3,Open,792.386980928487,90.06420138888889,0,C0: High-Win,0.606,74.95164,0.0,480.1865104426631,312.20047048582387
625e54688c6f1e26,1cdd086394501fee,6b7e1f5b521de19b,,Open,524417.177630072,1.1574074074074072e-05,3,C3: Large Open,,257.50415,257.50413881655095,,
626db6ccf622e3c1,ac2a5ee6878db2c2,255414ab73601d72,28c9c64e5918b06e,Open,21264.762571199102,524.1799652777778,3,C3: Large Open,0.252,50.337605,0.0,5358.720167942174,15906.042403256928
627da9b9e191b577,9387d1da6d5967e1,6b7e1f5b521de19b,d4f34f97b6d22a81,Open,98272.09176982436,154.86019675925925,3,C3: Large Open,0.38,83.76852,0.0,37343.39487253326,60928.6968972911
62c68795b7e97bc5,ac2a5ee6878db2c2,6b7e1f5b521de19b,6f9a9c5f2856c8b3,Open,1.170863568534039,1.1574074074074072e-05,1,C1: Active Pipeline,,55.039307,55.03929506655093,,
62c9117ab968ab93,a66943a59bca7bfd,75c64824a2a4e380,,Open,85241.59275554387,1.1574074074074072e-05,3,C3: Large Open,,67.246086,67.24607454653139,,
62cbdb30bacdf3c5,9387d1da6d5967e1,6b7e1f5b521de19b,,Open,2.4198904513070483,198.98527777777775,0,C0: High-Win,,317.10062,118.11533867730037,,
62d5dae19121c762,9387d1da6d5967e1,6b7e1f5b521de19b,,Open,1.170863568534039,219.93516203703703,1,C1: Active Pipeline,0.1,168.43369,0.0,0.1170863568534039,1.053777211680635
62daf2e207cbe872,a66943a59bca7bfd,532ef57d231b606f,28c9c64e5918b06e,Open,1684.898767285085,0.0312268518518518,0,C0: High-Win,0.624,87.426674,87.3954470373083,1051.376830785893,633.521936499192
62e1d3ce28f1b209,6befd145c261113d,6b7e1f5b521de19b,,Open,183127.89167287,4.629629629629629e-05,3,C3: Large Open,,81.13496,81.13491006356699,,
62e79428d079e340,9387d1da6d5967e1,6b7e1f5b521de19b,d4f34f97b6d22a81,Open,9548.177348327425,202.0726273148148,3,C3: Large Open,0.36,53.704212,0.0,3437.343845397873,6110.833502929552
62f9a303505444b9,9387d1da6d5967e1,6b7e1f5b521de19b,d4f34f97b6d22a81,Open,1.170863568534039,73.27255787037036,1,C1: Active Pipeline,0.084,120.85477,47.58220897533276,0.09835253975685927,1.0725110287771797
6310aa4e21943121,4928d3c96935fb3f,6b7e1f5b521de19b,d4f34f97b6d22a81,Open,1.170863568534039,2.3148148148148147e-05,1,C1: Active Pipeline,,233.01398,233.0139539026331,,
631c7035a01a90b4,6befd145c261113d,6b7e1f5b521de19b,6f9a9c5f2856c8b3,Open,98.49392076768088,0.0007407407407407,1,C1: Active Pipeline,,55.7159,55.71515968040184,,
631dd9d447eabacd,6befd145c261113d,6b7e1f5b521de19b,6f9a9c5f2856c8b3,Open,1.170863568534039,1.1574074074074072e-05,1,C1: Active Pipeline,,65.782616,65.78260408754701,,
6331e9564cc02bfc,ef9b14cf5a29c54a,6b7e1f5b521de19b,,Open,10655.42584935046,1.1574074074074072e-05,2,C2: High-Win,,16.582224,16.58221231813784,,
633d7f82abda5396,4928d3c96935fb3f,6b7e1f5b521de19b,,Open,168917.24640408592,193.80814814814812,4,C4: Mid-Range,,124.7905,0.0,,
633f1b4baaafd63c,6befd145c261113d,6b7e1f5b521de19b,6f9a9c5f2856c8b3,Open,19193.398354380104,142.38153935185184,3,C3: Large Open,0.232,78.64852,0.0,4452.868418216184,14740.52993616392
634b1620e36f14a9,6befd145c261113d,6b7e1f5b521de19b,6f9a9c5f2856c8b3,Open,1.170863568534039,1.1574074074074072e-05,1,C1: Active Pipeline,,63.779465,63.779453147605615,,
63547891102df400,9387d1da6d5967e1,6b7e1f5b521de19b,d4f34f97b6d22a81,Open,315.6120452626753,1.1574074074074072e-05,1,C1: Active Pipeline,,58.882187,58.882175315574365,,
63562d52911485fa,6befd145c261113d,6b7e1f5b521de19b,6f9a9c5f2856c8b3,Open,64490.738750492,0.0,3,C3: Large Open,0.62,26.599575,26.59957504272461,39984.25802530504,24506.48072518696
6359a720d8a5a08b,9387d1da6d5967e1,6b7e1f5b521de19b,,Open,11576.129437233363,1.1574074074074072e-05,3,C3: Large Open,,43.437492,43.437480796531396,,
635a7fc1b1695732,9387d1da6d5967e1,6b7e1f5b521de19b,,Open,4234.346679792157,0.0068981481481481,0,C0: High-Win,,77.995735,77.98883702030888,,
635ae16bfde056c6,1cdd086394501fee,6b7e1f5b521de19b,,Open,7622.275919791999,24.502442129629628,3,C3: Large Open,0.668,293.59854,269.096099130136,5091.680314421055,2530.5956053709433
638838e346e42707,6befd145c261113d,6b7e1f5b521de19b,6f9a9c5f2856c8b3,Open,80945.03039796429,3.472222222222222e-05,0,C0: High-Win,,51.91478,51.91474494086371,,
639054e043055ee7,ac2a5ee6878db2c2,6b7e1f5b521de19b,6f9a9c5f2856c8b3,Open,7344160.181455478,1.1574074074074072e-05,3,C3: Large Open,0.452,1514.2965,1514.2964972149884,3319560.402017876,4024599.7794376025
63b07b727a69ad80,6befd145c261113d,6b7e1f5b521de19b,6f9a9c5f2856c8b3,Open,348.35156388525274,0.0016782407407407,1,C1: Active Pipeline,,23.503258,23.501579510724103,,
63c5b896ef70fdc0,1cdd086394501fee,6b7e1f5b521de19b,6f9a9c5f2856c8b3,Open,1.170863568534039,1.1574074074074072e-05,1,C1: Active Pipeline,,54.061127,54.0611151349103,,
63c9ccda4083eaa3,6befd145c261113d,6b7e1f5b521de19b,,Open,9648.963805727815,1.1574074074074072e-05,3,C3: Large Open,,231.35184,231.35182558412905,,
63d8e7093797040f,1cdd086394501fee,52838e14fa2f9ca3,,Open,8364.823212732013,1.1574074074074072e-05,0,C0: High-Win,,30.278303,30.278291572288232,,
63e5d07fecddbf78,1cdd086394501fee,6b7e1f5b521de19b,6f9a9c5f2856c8b3,Open,97656.37620441802,0.0065972222222222,3,C3: Large Open,,55.311134,55.30453711615668,,
63f147ebdfe9ef49,9387d1da6d5967e1,6b7e1f5b521de19b,d4f34f97b6d22a81,Open,133984.98406445613,79.7139699074074,3,C3: Large Open,0.524,74.117676,0.0,70208.13164977502,63776.85241468112
64015c4ba813efe6,6befd145c261113d,6b7e1f5b521de19b,,Open,43581.77489159664,84.95334490740741,2,C2: High-Win,0.676,129.6698,44.71645489728009,29461.27982671933,14120.495064877308
640b8e73c22b61c1,6befd145c261113d,6b7e1f5b521de19b,,Open,5655.969519442425,1.1574074074074072e-05,3,C3: Large Open,,112.819214,112.81920229311342,,
6411609d208e36ce,4928d3c96935fb3f,6b7e1f5b521de19b,6f9a9c5f2856c8b3,Open,1.170863568534039,69.84943287037036,4,C4: Mid-Range,,89.73471,19.88527782298901,,
6459ec8559856e87,6befd145c261113d,6b7e1f5b521de19b,6f9a9c5f2856c8b3,Open,1.170863568534039,1.1574074074074072e-05,1,C1: Active Pipeline,,67.14845,67.14844118471498,,
64914e8ebe98fdbf,a66943a59bca7bfd,ac07a4f1ad9a4f67,,Open,270801.9611719012,804.1268402777778,3,C3: Large Open,0.224,377.21957,0.0,60659.63930250587,210142.32186939535
64b071f81fe94b9d,a66943a59bca7bfd,75c64824a2a4e380,28c9c64e5918b06e,Open,574461.96467564,0.0001736111111111,3,C3: Large Open,,99.07203,99.07185550265842,,
64b2a46693d3c7fe,a66943a59bca7bfd,ffefc275708fbbc3,28c9c64e5918b06e,Open,1182718.90947582,610.9486921296296,3,C3: Large Open,0.466,122.4773,0.0,551147.0118157321,631571.8976600879
64bf020e89c548dd,1cdd086394501fee,6b7e1f5b521de19b,6f9a9c5f2856c8b3,Open,1.170863568534039,4.629629629629629e-05,1,C1: Active Pipeline,,57.85084,57.8507952259205,,
64d8bffad16e5965,9387d1da6d5967e1,6b7e1f5b521de19b,d4f34f97b6d22a81,Open,25102.753943361105,1.1574074074074072e-05,3,C3: Large Open,,321.75653,321.7565191876447,,
64e57f1c0f66d258,6befd145c261113d,6b7e1f5b521de19b,6f9a9c5f2856c8b3,Open,98.49392076768088,1.1574074074074072e-05,1,C1: Active Pipeline,0.3655,127.26445,127.26443849916811,35.99952804058736,62.49439272709352
64f5691596162fa5,6befd145c261113d,6b7e1f5b521de19b,6f9a9c5f2856c8b3,Open,54608.54408792734,386.9994560185185,3,C3: Large Open,,66.67891,0.0,,
6502bac16522b9fa,a66943a59bca7bfd,7b7c16a1b24ec3b8,d4f34f97b6d22a81,Open,24787.47916419369,0.0142476851851851,3,C3: Large Open,0.314,166.25671,166.24246618200232,7783.268457556818,17004.21070663687
652e4fcda02c56ca,6befd145c261113d,6b7e1f5b521de19b,6f9a9c5f2856c8b3,Open,2016.9694227320904,3.472222222222222e-05,1,C1: Active Pipeline,,38.381557,38.381522742377385,,
6570d9e70de4c7e1,6befd145c261113d,6b7e1f5b521de19b,6f9a9c5f2856c8b3,Open,264.11418569428724,2.3148148148148147e-05,1,C1: Active Pipeline,,24.170732,24.170709350020797,,
6577b953393d80cb,4928d3c96935fb3f,6b7e1f5b521de19b,6f9a9c5f2856c8b3,Open,5026.424587659187,174.13358796296296,4,C4: Mid-Range,,58.257996,0.0,,
6583e74f427e038f,9387d1da6d5967e1,6b7e1f5b521de19b,d4f34f97b6d22a81,Open,1.170863568534039,1.1574074074074072e-05,1,C1: Active Pipeline,,135.46487,135.46486269350405,,
65926096a17ae53f,6befd145c261113d,6b7e1f5b521de19b,d4f34f97b6d22a81,Open,5453.8211159515695,39.86334490740741,0,C0: High-Win,0.676,87.81314,47.949795961733216,3686.783074383261,1767.0380415683082
659e43c65c1df0ad,a66943a59bca7bfd,d1650c60f1f48b67,28c9c64e5918b06e,Open,4717.803756057998,7.024189814814815,3,C3: Large Open,0.556,55.63185,48.607661381474244,2623.098888368247,2094.7048676897507
65a46410f2bfa484,4928d3c96935fb3f,6b7e1f5b521de19b,,Open,2046.6148673782125,1.1574074074074072e-05,1,C1: Active Pipeline,,28.548603,28.548591483787256,,
65ab7e4a2468e68b,9387d1da6d5967e1,6b7e1f5b521de19b,d4f34f97b6d22a81,Open,1.170863568534039,1.1574074074074072e-05,1,C1: Active Pipeline,,71.4149,71.41489015932436,,
65abcccf9504b9f8,1cdd086394501fee,6b7e1f5b521de19b,,Open,1.170863568534039,1.1574074074074072e-05,1,C1: Active Pipeline,,147.19775,147.19774233217592,,
65c35128d4122fda,1cdd086394501fee,532ef57d231b606f,,Open,18293.412589738506,1.1574074074074072e-05,0,C0: High-Win,,29.409412,29.40940080995913,,
65ce04c7b52b3d3e,9387d1da6d5967e1,6b7e1f5b521de19b,,Open,1.170863568534039,2.3148148148148147e-05,1,C1: Active Pipeline,,93.00062,93.00059483280889,,
65e981b1a864aba4,1cdd086394501fee,6b7e1f5b521de19b,,Open,59381.3511413114,6.955798611111111,0,C0: High-Win,0.636,24.47571,17.519911304050023,37766.53932587405,21614.81181543735
65fdc31ebe7ba165,1cdd086394501fee,95a23e7fbcc5841e,,Open,19655.98654235185,1.1574074074074072e-05,3,C3: Large Open,,113.61622,113.61620699282045,,
65fec85b5f6feb02,ac2a5ee6878db2c2,6b7e1f5b521de19b,d4f34f97b6d22a81,Open,29734.886104913152,0.0293287037037037,3,C3: Large Open,0.302,115.860794,115.83146536367911,8979.93560368377,20754.950501229378
6616fc476f674cfb,1cdd086394501fee,6b7e1f5b521de19b,6f9a9c5f2856c8b3,Open,116071.43717532702,0.0726504629629629,0,C0: High-Win,0.684,108.10563,108.03297850432219,79392.8630279237,36678.574147403335
662434dd27269bfc,6befd145c261113d,6b7e1f5b521de19b,6f9a9c5f2856c8b3,Open,1.170863568534039,1.1574074074074072e-05,1,C1: Active Pipeline,,51.351665,51.3516539227521,,
66315401f796c2e9,a66943a59bca7bfd,6828ce51082c111b,28c9c64e5918b06e,Open,1.170863568534039,0.0,1,C1: Active Pipeline,,68.346565,68.34656524658203,,
6641864be5482ab1,6befd145c261113d,6b7e1f5b521de19b,6f9a9c5f2856c8b3,Open,68130.33408842972,0.0004050925925925,3,C3: Large Open,0.522,75.79176,75.79135821307148,35564.03439416031,32566.299694269404
664bd3f6f0982cbc,1cdd086394501fee,6b7e1f5b521de19b,,Open,41819.55434883915,0.0,3,C3: Large Open,,34.448524,34.448524475097656,,
664cdbe22bc6ff3e,a66943a59bca7bfd,e366e0e543d0c5cd,d4f34f97b6d22a81,Open,179428.42692568258,41.86391203703704,3,C3: Large Open,0.718,67.00976,25.14584595856843,128829.61053264009,50598.81639304249
665a944fbdcf91e8,9387d1da6d5967e1,6b7e1f5b521de19b,d4f34f97b6d22a81,Open,739193.6311765709,0.0020833333333333,3,C3: Large Open,,305.89935,305.8972696940104,,
668088a033ade8fd,ac2a5ee6878db2c2,6b7e1f5b521de19b,6f9a9c5f2856c8b3,Open,1060.8669669680155,2.3148148148148147e-05,1,C1: Active Pipeline,,34.648,34.64797566166631,,
6699fcfa96c05111,1cdd086394501fee,6b7e1f5b521de19b,,Open,89664.46366676311,3.795289351851852,3,C3: Large Open,0.38,325.80756,322.0122668004919,34072.49619336998,55591.96747339313
66a1f2f4c2232a84,6befd145c261113d,6b7e1f5b521de19b,6f9a9c5f2856c8b3,Open,387.213790880707,2.3148148148148147e-05,1,C1: Active Pipeline,,24.947266,24.94724247685185,,
66a5912f501da3a1,9387d1da6d5967e1,6b7e1f5b521de19b,d4f34f97b6d22a81,Open,53378.34502380227,3.472222222222222e-05,3,C3: Large Open,,129.37828,129.37824591742623,,
66c26f684082207f,9387d1da6d5967e1,6b7e1f5b521de19b,6f9a9c5f2856c8b3,Open,1.170863568534039,142.2712037037037,1,C1: Active Pipeline,0.264,187.38535,45.114141755280684,0.3091079820929863,0.8617555864410527
66c4054a026f136f,1cdd086394501fee,6b7e1f5b521de19b,6f9a9c5f2856c8b3,Open,135845.73235934612,2.8166087962962965,3,C3: Large Open,0.42,470.61948,467.8028675220631,57055.20759092537,78790.52476842076
66d9af86a972664d,6befd145c261113d,6b7e1f5b521de19b,6f9a9c5f2856c8b3,Open,98.49392076768088,20.88547453703704,1,C1: Active Pipeline,0.618,48.64099,27.75551667390046,60.86924303442678,37.624677733254096
66e08d6c68f556be,a66943a59bca7bfd,062b9e5a52eb6d8e,,Open,429477.9996324568,523.9617013888889,3,C3: Large Open,0.06,244.43993,0.0,25768.679977947406,403709.31965450937
66e88255a1718492,1cdd086394501fee,6b7e1f5b521de19b,,Open,19623.72126185764,1.1574074074074072e-05,0,C0: High-Win,,278.8,278.7999762188947,,
66edfed28bf95aa8,6befd145c261113d,6b7e1f5b521de19b,e72348f2c1467542,Open,1.170863568534039,0.0,4,C4: Mid-Range,,316.17328,316.17327880859375,,
671536a0f84926ec,a66943a59bca7bfd,95a23e7fbcc5841e,28c9c64e5918b06e,Open,4234.346679792157,108.7967824074074,3,C3: Large Open,0.135,90.649765,0.0,571.6368017719412,3662.709878020216
6718b2ef1b02d9c7,a66943a59bca7bfd,255414ab73601d72,,Open,102987.85614362208,0.0002083333333333,3,C3: Large Open,,361.73212,361.73190836588543,,
672e28fa84a836b7,ac2a5ee6878db2c2,6b7e1f5b521de19b,,Open,12766533.778935743,2.3148148148148147e-05,3,C3: Large Open,,1094.495,1094.4949719690394,,
672fdbf653ace4a1,ac2a5ee6878db2c2,6b7e1f5b521de19b,6f9a9c5f2856c8b3,Open,1.170863568534039,1.1574074074074072e-05,1,C1: Active Pipeline,,76.72182,76.72180544252748,,
6732c704c5f398c4,1cdd086394501fee,6b7e1f5b521de19b,6f9a9c5f2856c8b3,Open,822942.0430264678,1.2506481481481482,3,C3: Large Open,,304.8182,303.5675586389612,,
67336a06bdc0c00d,9387d1da6d5967e1,6b7e1f5b521de19b,,Open,43594.3525840147,1.1574074074074072e-05,3,C3: Large Open,,62.672173,62.672160972312646,,
6746bed86eecdcca,6befd145c261113d,6b7e1f5b521de19b,,Open,186555.16774733728,59.38574074074074,3,C3: Large Open,0.24,150.20149,90.81575156882957,44773.240259360944,141781.92748797633
674dad3a7067e0e6,9387d1da6d5967e1,6b7e1f5b521de19b,,Open,299675.6873529282,40.73084490740741,3,C3: Large Open,0.338,423.97177,383.240926332827,101290.38232528974,198385.30502763845
675404d3c57378f4,6befd145c261113d,6b7e1f5b521de19b,6f9a9c5f2856c8b3,Open,1.170863568534039,4.629629629629629e-05,1,C1: Active Pipeline,,50.8967,50.896655516447844,,
6770a9acd423729a,6befd145c261113d,6b7e1f5b521de19b,d4f34f97b6d22a81,Open,19487.16212738487,4.629629629629629e-05,3,C3: Large Open,,77.457214,77.45716805917246,,
6780b871b92111eb,6befd145c261113d,6b7e1f5b521de19b,6f9a9c5f2856c8b3,Open,8345.747103271866,169.66234953703704,3,C3: Large Open,0.232,39.62695,0.0,1936.213327959073,6409.533775312793
6791f79816419db1,6befd145c261113d,6b7e1f5b521de19b,6f9a9c5f2856c8b3,Open,1.170863568534039,1.1574074074074072e-05,1,C1: Active Pipeline,,57.614037,57.61402498598452,,
67b26112d0aab6ee,6befd145c261113d,6b7e1f5b521de19b,6f9a9c5f2856c8b3,Open,98.49392076768088,24.19164351851852,1,C1: Active Pipeline,0.688,48.515804,24.324160772252963,67.76381748816443,30.730103279516438
67c3049888965482,9387d1da6d5967e1,6b7e1f5b521de19b,,Open,1.170863568534039,558.8991550925925,1,C1: Active Pipeline,0.246,99.07302,0.0,0.2880324378593736,0.8828311306746653
67c7825c40cceb54,6befd145c261113d,6b7e1f5b521de19b,6f9a9c5f2856c8b3,Open,98.49392076768088,24.12106481481481,1,C1: Active Pipeline,0.688,48.515804,24.394739475956673,67.76381748816443,30.730103279516438
67d2b2ef5088f6fb,9387d1da6d5967e1,6b7e1f5b521de19b,,Open,2.4198904513070483,1.1574074074074072e-05,1,C1: Active Pipeline,,130.57556,130.57554994936342,,
67d9deef5c77a65e,ac2a5ee6878db2c2,6b7e1f5b521de19b,6f9a9c5f2856c8b3,Open,1.170863568534039,2.3148148148148147e-05,1,C1: Active Pipeline,,80.10826,80.10823796025029,,
67eadfdeecf18033,9387d1da6d5967e1,6b7e1f5b521de19b,,Open,2.4198904513070483,0.0,1,C1: Active Pipeline,,324.2456,324.24560546875,,
680a70fe52882743,4928d3c96935fb3f,6b7e1f5b521de19b,6f9a9c5f2856c8b3,Open,609.207969734855,0.000474537037037,2,C2: High-Win,,61.6822,61.68172684846101,,
6826523d3567a400,6befd145c261113d,6b7e1f5b521de19b,d4f34f97b6d22a81,Open,81.43217479245789,2.3148148148148147e-05,1,C1: Active Pipeline,,62.41825,62.41822788944951,,
6826f7ab49be1388,a66943a59bca7bfd,75c64824a2a4e380,28c9c64e5918b06e,Open,1.170863568534039,1.1574074074074072e-05,1,C1: Active Pipeline,,87.89659,87.89657961244936,,
68340d4d14664c86,1cdd086394501fee,6b7e1f5b521de19b,,Open,7021298.880091253,0.0006944444444444,3,C3: Large Open,0.39,1496.8014,1496.800697157118,2738306.563235589,4282992.316855664
683a8a876515878e,ef9b14cf5a29c54a,6b7e1f5b521de19b,,Open,349699.95873654354,231.0134837962963,3,C3: Large Open,0.074,297.19724,66.18375131112558,25877.796946504222,323822.16179003933
683ae0b400e0d76e,a66943a59bca7bfd,6828ce51082c111b,28c9c64e5918b06e,Open,1.170863568534039,2.3148148148148147e-05,1,C1: Active Pipeline,,55.917885,55.91786167851201,,
68408f8ab588e7e6,1cdd086394501fee,6b7e1f5b521de19b,6f9a9c5f2856c8b3,Open,1.170863568534039,1.1574074074074072e-05,1,C1: Active Pipeline,,62.52087,62.52085863466616,,
6849980e0713c008,ac2a5ee6878db2c2,6b7e1f5b521de19b,6f9a9c5f2856c8b3,Open,2728387.2014857912,0.017349537037037,3,C3: Large Open,0.718,67.12309,67.10574311433015,1958982.010666798,769405.1908189933
6862d6a2ae738caa,6befd145c261113d,6b7e1f5b521de19b,6f9a9c5f2856c8b3,Open,5113739.627396335,158.9872685185185,3,C3: Large Open,0.36,1131.6356,972.648351598669,1840946.2658626805,3272793.3615336544
6871d097f3b77783,6befd145c261113d,6b7e1f5b521de19b,6f9a9c5f2856c8b3,Open,12684.100633568509,3.472222222222222e-05,3,C3: Large Open,,46.71925,46.71921500311957,,
6889f25fa07c4254,6befd145c261113d,6b7e1f5b521de19b,6f9a9c5f2856c8b3,Open,1.170863568534039,1.1574074074074072e-05,1,C1: Active Pipeline,,62.9596,62.95958696718569,,
6896d16e6101c77d,ac2a5ee6878db2c2,6b7e1f5b521de19b,d4f34f97b6d22a81,Open,104364.58352076355,2.888877314814815,3,C3: Large Open,0.366,183.245,180.3561178023727,38197.43756859946,66167.1459521641
68a05e4d4f64ea14,ac2a5ee6878db2c2,6b7e1f5b521de19b,d4f34f97b6d22a81,Open,2307.385344635522,2.3148148148148147e-05,1,C1: Active Pipeline,,31.96228,31.96225712528935,,
68a582887b4e0dd7,ac2a5ee6878db2c2,6b7e1f5b521de19b,d4f34f97b6d22a81,Open,1652802.7110121234,169.7147800925926,4,C4: Mid-Range,,310.84726,141.13247942889177,,
68a7d6d026a53f4d,1cdd086394501fee,6b7e1f5b521de19b,6f9a9c5f2856c8b3,Open,8572.728438490893,258.0487037037037,3,C3: Large Open,,63.4054,0.0,,
68ad00b09c5e4fc5,a66943a59bca7bfd,6ab36d9b02cbcf6b,28c9c64e5918b06e,Open,18407.045862683844,16.065787037037037,2,C2: High-Win,0.79,88.63629,72.57050446686921,14541.566231520237,3865.479631163607
68b4bcddbe607399,9387d1da6d5967e1,6b7e1f5b521de19b,6f9a9c5f2856c8b3,Open,3451.182213548525,0.0001273148148148,1,C1: Active Pipeline,,36.489277,36.48914957117152,,
68d4abd9720ec808,1cdd086394501fee,6b7e1f5b521de19b,6f9a9c5f2856c8b3,Open,9885.54201471801,2.703599537037037,3,C3: Large Open,0.4246666666666667,314.35355,311.64994660554106,4198.060175583582,5687.481839134428
68d75fc944b52624,a66943a59bca7bfd,7b7c16a1b24ec3b8,28c9c64e5918b06e,Open,1236.5261721116829,0.0030555555555555,1,C1: Active Pipeline,,116.20189,116.19883348253038,,
68dfc6e3d078c3ec,6befd145c261113d,6b7e1f5b521de19b,d4f34f97b6d22a81,Open,1110.2938537818552,12.93869212962963,2,C2: High-Win,0.678,48.7116,35.77290912769459,752.7792328640979,357.5146209177573
68e28789f3185c5c,4928d3c96935fb3f,6b7e1f5b521de19b,,Open,42172.01403057815,1.1574074074074072e-05,3,C3: Large Open,,231.16118,231.1611670147931,,
68ef3061fdd89d1e,9387d1da6d5967e1,6b7e1f5b521de19b,,Open,49312.986663560754,0.0078935185185185,3,C3: Large Open,,87.885735,87.87784103958695,,
68f7a82298cfadce,1cdd086394501fee,6b7e1f5b521de19b,6f9a9c5f2856c8b3,Open,4854.049577612525,41.20258101851852,0,C0: High-Win,0.3905,54.858696,13.656114965368197,1895.5063600576912,2958.543217554834
69049ac26d0ea71a,9387d1da6d5967e1,6b7e1f5b521de19b,d4f34f97b6d22a81,Open,1.170863568534039,2.3148148148148147e-05,1,C1: Active Pipeline,,133.28217,133.2821423791956,,
690bfff454efb41b,ac2a5ee6878db2c2,6b7e1f5b521de19b,6f9a9c5f2856c8b3,Open,1028.3146841294915,0.0077777777777777,1,C1: Active Pipeline,0.64,45.05325,45.045471581353084,658.1213978428746,370.1932862866169
693ad3f5cba2843f,6befd145c261113d,6b7e1f5b521de19b,6f9a9c5f2856c8b3,Open,348.35156388525274,1.1574074074074072e-05,1,C1: Active Pipeline,,22.411722,22.411710609153467,,
6946ffc85939c9e4,1cdd086394501fee,6b7e1f5b521de19b,6f9a9c5f2856c8b3,Open,3138.917883297198,14.093449074074076,0,C0: High-Win,,43.12997,29.036521476463033,,
69690374f6105488,ac2a5ee6878db2c2,6b7e1f5b521de19b,6f9a9c5f2856c8b3,Open,1.170863568534039,1.1574074074074072e-05,1,C1: Active Pipeline,,50.079853,50.079841483787256,,
696ad1b21db8222d,6befd145c261113d,6b7e1f5b521de19b,6f9a9c5f2856c8b3,Open,45353.784670439054,77.03503472222222,3,C3: Large Open,0.274,105.165794,28.130759650336373,12426.936999700301,32926.84767073875
697a5a03a280147a,6befd145c261113d,6b7e1f5b521de19b,6f9a9c5f2856c8b3,Open,1.170863568534039,1.1574074074074072e-05,1,C1: Active Pipeline,,63.650402,63.650390495017724,,
698984aaa841ce53,6befd145c261113d,6b7e1f5b521de19b,d4f34f97b6d22a81,Open,315.6120452626753,1.1574074074074072e-05,1,C1: Active Pipeline,,25.29409,25.29407869692202,,
6996640d9a3cf3fc,1cdd086394501fee,6b7e1f5b521de19b,6f9a9c5f2856c8b3,Open,3789.0176552811567,0.812488425925926,0,C0: High-Win,0.68,45.44199,44.62950147275571,2576.5320055911866,1212.48564968997
699bc6fa72ff656f,6befd145c261113d,6b7e1f5b521de19b,,Open,4375.3854311784335,1.1574074074074072e-05,0,C0: High-Win,,37.376457,37.376445640281396,,
69a185f7acb92cfd,1cdd086394501fee,52838e14fa2f9ca3,,Open,6825.920575393989,0.1510763888888888,0,C0: High-Win,,28.936188,28.785111355251736,,
69afd78c52e2065a,4928d3c96935fb3f,6b7e1f5b521de19b,,Open,9505.078210184982,83.00461805555555,3,C3: Large Open,0.282,193.20605,110.20143663194445,2680.4320552721647,6824.646154912817
69d2195c02647707,ef9b14cf5a29c54a,6b7e1f5b521de19b,,Open,1064506.8667509402,339.94471064814815,3,C3: Large Open,0.434,932.6641,592.719412887008,461995.980169908,602510.8865810322
69d908a905ec0a31,ac2a5ee6878db2c2,6b7e1f5b521de19b,d4f34f97b6d22a81,Open,1.170863568534039,1.1574074074074072e-05,1,C1: Active Pipeline,,69.91449,69.91447817201967,,
69df0ca7f2282af3,1cdd086394501fee,674ec33189ed753c,,Open,35218.69901761697,1.1574074074074072e-05,3,C3: Large Open,,106.93765,106.93764101381655,,
69e25c4665ae5eda,a66943a59bca7bfd,75c64824a2a4e380,28c9c64e5918b06e,Open,2079440.4913155,4.629629629629629e-05,0,C0: High-Win,,978.80414,978.8040918872974,,
69e6903c985a69ea,6befd145c261113d,6b7e1f5b521de19b,6f9a9c5f2856c8b3,Open,59451.15813639388,3.472222222222222e-05,0,C0: High-Win,,50.21329,50.213256445990666,,
69f85af4c6c522c3,ac2a5ee6878db2c2,6b7e1f5b521de19b,d4f34f97b6d22a81,Open,1.170863568534039,1.1574074074074072e-05,1,C1: Active Pipeline,,60.755886,60.75587450380679,,
6a04fa580fb4c587,6befd145c261113d,6b7e1f5b521de19b,6f9a9c5f2856c8b3,Open,20862.691996545644,52.08182870370371,0,C0: High-Win,0.75,42.069294,0.0,15647.018997409232,5215.672999136411
6a0528f4c375ea55,1cdd086394501fee,6b7e1f5b521de19b,6f9a9c5f2856c8b3,Open,35.71706708720045,0.0073032407407407,1,C1: Active Pipeline,,64.18297,64.1756648989077,,
6a088e5b68d4be4b,1cdd086394501fee,6b7e1f5b521de19b,6f9a9c5f2856c8b3,Open,525745.2249213193,63.141481481481485,3,C3: Large Open,0.652,87.76768,24.62619582564742,342785.88664870017,182959.3382726191
6a0c3d9b34ff5b64,a66943a59bca7bfd,6b7e1f5b521de19b,,Open,1287.0828528119127,2.3148148148148147e-05,1,C1: Active Pipeline,,91.13692,91.13689396610967,,
6a12ba02f2aaf96b,ac2a5ee6878db2c2,6b7e1f5b521de19b,6f9a9c5f2856c8b3,Open,2271971.1875772914,79.99804398148149,3,C3: Large Open,0.402,145.85405,65.8560057011357,913332.4174060712,1358638.7701712202
6a278452094dd659,9387d1da6d5967e1,6b7e1f5b521de19b,,Open,5083.8994500666495,1.1574074074074072e-05,3,C3: Large Open,,33.356834,33.35682283754702,,
6a45b23309661c87,ef9b14cf5a29c54a,6b7e1f5b521de19b,,Open,286920.02942277264,1.1574074074074072e-05,0,C0: High-Win,,162.59103,162.5910223614728,,
6a4b3e005cd87d68,9387d1da6d5967e1,6b7e1f5b521de19b,d4f34f97b6d22a81,Open,1.170863568534039,1.1574074074074072e-05,1,C1: Active Pipeline,,76.2437,76.24368654604311,,
6a7f2b8692b3eed4,9387d1da6d5967e1,6b7e1f5b521de19b,,Open,11485.134609700684,16.019513888888888,2,C2: High-Win,,24.993828,8.974313930935331,,
6a83457628955c66,ac2a5ee6878db2c2,6b7e1f5b521de19b,6f9a9c5f2856c8b3,Open,569.928738792806,2.3148148148148147e-05,1,C1: Active Pipeline,0.782,23.659172,23.65914890995732,445.68427373597433,124.2444650568317
6a95d7cf8f4f71b7,6befd145c261113d,6b7e1f5b521de19b,,Open,162895.08295863107,1.1574074074074072e-05,3,C3: Large Open,,87.75107,87.7510565411603,,
6a982faf58570f2c,6befd145c261113d,6b7e1f5b521de19b,6f9a9c5f2856c8b3,Open,98.49392076768088,0.0,1,C1: Active Pipeline,0.448,68.00075,68.00074768066406,44.125276503921036,54.36864426375985
6a9b8cf09fb7e8f6,6befd145c261113d,6b7e1f5b521de19b,6f9a9c5f2856c8b3,Open,8179.723278905776,166.85028935185184,3,C3: Large Open,0.398,105.55797,0.0,3255.5298650044992,4924.193413901277
6a9ec65a511a6f34,6befd145c261113d,6b7e1f5b521de19b,6f9a9c5f2856c8b3,Open,1665.262579200221,2.3148148148148147e-05,1,C1: Active Pipeline,,31.498396,31.498372771651656,,
6abed83d63254ed5,1cdd086394501fee,cca8e68b78e095c5,,Open,11264.189824104717,0.0002314814814814,3,C3: Large Open,,64.61725,64.61701705367477,,
6ad5a4c9be30aa15,6befd145c261113d,6b7e1f5b521de19b,6f9a9c5f2856c8b3,Open,39574.448319868505,32.75484953703704,3,C3: Large Open,0.428,277.58542,244.83056916413483,16937.86388090372,22636.584438964786
6ad76e6a12f9b44a,ef9b14cf5a29c54a,6b7e1f5b521de19b,,Open,1.170863568534039,341.897037037037,1,C1: Active Pipeline,0.196,159.44289,0.0,0.22948925943267165,0.9413743091013673
6ae3b525534cfd03,a66943a59bca7bfd,6b7e1f5b521de19b,d4f34f97b6d22a81,Open,1.170863568534039,2.3148148148148147e-05,1,C1: Active Pipeline,,78.65156,78.65153477421514,,
6af04ef1653bd660,ef9b14cf5a29c54a,6b7e1f5b521de19b,,Open,1.170863568534039,0.0,4,C4: Mid-Range,,24.533403,24.533403396606445,,
6af25f01692e6360,6befd145c261113d,6b7e1f5b521de19b,6f9a9c5f2856c8b3,Open,1119646.8813839448,0.0082175925925925,3,C3: Large Open,0.56,614.4665,614.4582741066262,627002.2535750092,492644.62780893565
6b0ddde35efea229,6befd145c261113d,6b7e1f5b521de19b,,Open,16616.335180930364,1.1574074074074072e-05,3,C3: Large Open,,40.510193,40.51018129701968,,
6b166ebcd2875368,9387d1da6d5967e1,6b7e1f5b521de19b,,Open,89664.46366676311,577.1493518518519,3,C3: Large Open,,482.804,0.0,,
6b53241b54b49509,ac2a5ee6878db2c2,6b7e1f5b521de19b,6f9a9c5f2856c8b3,Open,158926.44987693336,1.1574074074074072e-05,3,C3: Large Open,0.462,491.23578,491.2357672345197,73424.01984314322,85502.43003379015
6b550a06c084ab8d,6befd145c261113d,6b7e1f5b521de19b,6f9a9c5f2856c8b3,Open,5126.849721354915,0.0005324074074074,0,C0: High-Win,,31.140219,31.139686327333802,,
6b55bbb96c4a30f9,a66943a59bca7bfd,d94a77dffd98d647,28c9c64e5918b06e,Open,646870.0383819881,0.0047453703703703,3,C3: Large Open,,108.75077,108.74602519847728,,
6b5e6969e4716317,6befd145c261113d,6b7e1f5b521de19b,6f9a9c5f2856c8b3,Open,38357.67743126645,133.2068402777778,3,C3: Large Open,0.206,56.10273,0.0,7901.681550840888,30455.995880425562
6b69e160a9586a07,6befd145c261113d,6b7e1f5b521de19b,,Open,1.170863568534039,412.1223263888889,1,C1: Active Pipeline,,227.85915,0.0,,
6b8193ff5dbba99b,9387d1da6d5967e1,6b7e1f5b521de19b,d4f34f97b6d22a81,Open,59740.61139738067,0.0015393518518518,3,C3: Large Open,,58.210594,58.20905482539424,,
6b9e4fa1dae081a6,6befd145c261113d,6b7e1f5b521de19b,6f9a9c5f2856c8b3,Open,1.170863568534039,1.1574074074074072e-05,1,C1: Active Pipeline,,57.614037,57.61402498598452,,
6bafab0752ef532e,9387d1da6d5967e1,6b7e1f5b521de19b,d4f34f97b6d22a81,Open,1.170863568534039,0.0,1,C1: Active Pipeline,,148.95035,148.95034790039062,,
6bd4f401d77108f4,6befd145c261113d,6b7e1f5b521de19b,6f9a9c5f2856c8b3,Open,1.170863568534039,0.0,1,C1: Active Pipeline,,43.621376,43.621376037597656,,
6be1769cf506fd3d,4928d3c96935fb3f,6b7e1f5b521de19b,,Open,1.170863568534039,1.1574074074074072e-05,1,C1: Active Pipeline,,71.06179,71.06177889223451,,
6bf0cafe2c6b16ec,6befd145c261113d,6b7e1f5b521de19b,6f9a9c5f2856c8b3,Open,98.49392076768088,1.1574074074074072e-05,1,C1: Active Pipeline,0.648,48.808777,48.80876528139468,63.82406065745721,34.66986011022367
6bf9eb0dd293be33,9387d1da6d5967e1,6b7e1f5b521de19b,d4f34f97b6d22a81,Open,107108.7569315475,17.2734375,3,C3: Large Open,0.494,114.24989,96.97645568847656,52911.725924184466,54197.03100736303
6c068fc5c0c726db,6befd145c261113d,6b7e1f5b521de19b,6f9a9c5f2856c8b3,Open,52989.6894552119,1.1574074074074072e-05,3,C3: Large Open,,64.03019,64.03017794008608,,
6c0a57fc89c423f9,6befd145c261113d,062b9e5a52eb6d8e,28c9c64e5918b06e,Open,9238.199308038436,243.87967592592597,3,C3: Large Open,0.654,68.44574,0.0,6041.782347457138,3196.4169605812986
6c0de2e76749868f,6befd145c261113d,6b7e1f5b521de19b,6f9a9c5f2856c8b3,Open,13193.476446510802,86.89966435185185,3,C3: Large Open,0.514,199.31046,112.41079097041377,6781.446893506552,6412.0295530042495
6c149bed268583a9,9387d1da6d5967e1,6b7e1f5b521de19b,,Open,1.170863568534039,2.3148148148148147e-05,1,C1: Active Pipeline,,104.08113,104.08110783329717,,
6c35466075e7ba55,6befd145c261113d,6b7e1f5b521de19b,,Open,1.170863568534039,0.0,1,C1: Active Pipeline,,65.63275,65.63275146484375,,
6c3b58d6824ea75f,a66943a59bca7bfd,fd10c5543bdbcbc9,d4f34f97b6d22a81,Open,14109.925684860507,157.54252314814815,0,C0: High-Win,0.372,45.253044,0.0,5248.892354768109,8861.0333300924
6c42dd7f47e27c48,9387d1da6d5967e1,6b7e1f5b521de19b,,Open,25102.753943361105,1.1574074074074072e-05,3,C3: Large Open,,66.419395,66.41938387270326,,
6c50e658756deab1,1cdd086394501fee,6b7e1f5b521de19b,6f9a9c5f2856c8b3,Open,50634.06328826037,0.0,0,C0: High-Win,,41.827534,41.82753372192383,,
6c59509c27e6d9a5,9387d1da6d5967e1,6b7e1f5b521de19b,,Open,2.4198904513070483,72.06153935185185,1,C1: Active Pipeline,,75.34494,3.283400833695026,,
6c66c69eb5edf3c8,9387d1da6d5967e1,6b7e1f5b521de19b,,Open,1.170863568534039,1.1574074074074072e-05,1,C1: Active Pipeline,,79.30635,79.30633913393373,,
6c6dcc59cdaeeb3f,a66943a59bca7bfd,ac07a4f1ad9a4f67,,Open,2496199.0774283707,0.0,3,C3: Large Open,,220.06654,220.06654357910156,,
6c6ee58ba01261fc,6befd145c261113d,6b7e1f5b521de19b,6f9a9c5f2856c8b3,Open,1.170863568534039,0.0,1,C1: Active Pipeline,,49.799633,49.79963302612305,,
6c78b3743af2c6ff,1cdd086394501fee,6b7e1f5b521de19b,6f9a9c5f2856c8b3,Open,91102.55385385372,1582.0705324074074,3,C3: Large Open,0.134,63.945244,0.0,12207.7422164164,78894.81163743732
6c86c1e27ec6daab,ac2a5ee6878db2c2,6b7e1f5b521de19b,6f9a9c5f2856c8b3,Open,702252.0180281462,190.91032407407408,3,C3: Large Open,0.66,319.0447,128.13438417787904,463486.3318985765,238765.6861295697
6c8d8858743355d5,9387d1da6d5967e1,6b7e1f5b521de19b,,Open,186555.16774733728,1.1574074074074072e-05,3,C3: Large Open,,441.61307,441.6130560528791,,
6c92758d3d51a2fa,ac2a5ee6878db2c2,6b7e1f5b521de19b,6f9a9c5f2856c8b3,Open,1060.8669669680155,0.000636574074074,1,C1: Active Pipeline,,50.727596,50.72695970888491,,
6c944e025755c01f,9387d1da6d5967e1,6b7e1f5b521de19b,,Open,36095.37719582366,0.0,3,C3: Large Open,0.176,143.82556,143.8255615234375,6352.786386464964,29742.5908093587
6ca650a4329d764f,9387d1da6d5967e1,6b7e1f5b521de19b,d4f34f97b6d22a81,Open,3103.566479547996,2.3148148148148147e-05,1,C1: Active Pipeline,,32.964035,32.96401188603154,,
6cabbffa659e8c08,4928d3c96935fb3f,6b7e1f5b521de19b,,Open,2625.6206839997444,19.309201388888887,3,C3: Large Open,,136.40384,117.09463772243924,,
6cb65e16e1e9fd96,6befd145c261113d,6b7e1f5b521de19b,6f9a9c5f2856c8b3,Open,1000267.2512475862,2.3148148148148147e-05,0,C0: High-Win,,100.761826,100.76180241337529,,
6cd12875c27d1a5d,9387d1da6d5967e1,6b7e1f5b521de19b,,Open,54608.54408792734,2.3148148148148147e-05,3,C3: Large Open,,63.275856,63.27583286991826,,
6d0377984aacc694,6befd145c261113d,6b7e1f5b521de19b,6f9a9c5f2856c8b3,Open,283.8516225636142,112.07096064814814,1,C1: Active Pipeline,0.382,24.956112,0.0,108.43131981930064,175.4203027443136
6d2ea0720a6369f4,a66943a59bca7bfd,77c27bf8a409b6bb,28c9c64e5918b06e,Open,1.170863568534039,1.1574074074074072e-05,1,C1: Active Pipeline,,113.02442,113.02441011782045,,
6d300c4563417d4b,ac2a5ee6878db2c2,6b7e1f5b521de19b,6f9a9c5f2856c8b3,Open,249613.90231970133,164.96769675925927,3,C3: Large Open,0.454,288.87958,123.91188087745948,113324.7116531444,136289.19066655694
6d4245aef7a247aa,1cdd086394501fee,6b7e1f5b521de19b,6f9a9c5f2856c8b3,Open,18970.84409458454,76.6949537037037,3,C3: Large Open,0.292,77.243546,0.5485918285228593,5539.486475618685,13431.357618965852
6d4f66a9fa0e6500,a66943a59bca7bfd,38080774be85927f,d4f34f97b6d22a81,Open,1.170863568534039,2.3148148148148147e-05,1,C1: Active Pipeline,,63.152996,63.15297291508428,,
6d6e1beddf31f3cc,9387d1da6d5967e1,6b7e1f5b521de19b,,Open,89664.46366676311,0.0027662037037037,3,C3: Large Open,,226.61145,226.60868399160879,,
6d71505a1d7c14fd,ac2a5ee6878db2c2,6b7e1f5b521de19b,6f9a9c5f2856c8b3,Open,5655.969519442425,371.87385416666666,3,C3: Large Open,0.044,39.937202,0.0,248.8626588554667,5407.106860586958
6d74d2a4f00db442,1cdd086394501fee,6b7e1f5b521de19b,,Open,368869.1381210446,34.86672453703704,3,C3: Large Open,0.59,47.681316,12.814591838695385,217632.7914914163,151236.3466296283
6d8fd8b2c08d23b1,6befd145c261113d,6b7e1f5b521de19b,,Open,1.170863568534039,553.970474537037,1,C1: Active Pipeline,0.09,255.05875,0.0,0.1053777211680635,1.0654858473659754
6d90db4acac6e5c9,a66943a59bca7bfd,6b7e1f5b521de19b,28c9c64e5918b06e,Open,1.170863568534039,1.1574074074074072e-05,1,C1: Active Pipeline,,104.58156,104.58154665346498,,
6d9398680e4e00a8,6befd145c261113d,6b7e1f5b521de19b,6f9a9c5f2856c8b3,Open,1.170863568534039,1.1574074074074072e-05,1,C1: Active Pipeline,,57.171078,57.17106615419741,,
6da6ecf23c5b8649,1cdd086394501fee,6b7e1f5b521de19b,6f9a9c5f2856c8b3,Open,323927.4226297457,0.0240509259259259,3,C3: Large Open,,109.65547,109.63142087583189,,
6dab11c9cca0dc27,ac2a5ee6878db2c2,6b7e1f5b521de19b,28c9c64e5918b06e,Open,9043.822944530884,2.3148148148148147e-05,0,C0: High-Win,,41.117645,41.11762211552373,,
6dabbbe7398ea1ec,1cdd086394501fee,6b7e1f5b521de19b,6f9a9c5f2856c8b3,Open,3978911.2882172577,164.30167824074073,3,C3: Large Open,0.432,1286.2831,1121.9814028139467,1718889.6765098553,2260021.6117074024
6dc997ce7d34b39b,1cdd086394501fee,6b7e1f5b521de19b,6f9a9c5f2856c8b3,Open,98.49392076768088,0.9016319444444444,1,C1: Active Pipeline,0.46,109.05388,108.15224683973524,45.307203553133206,53.18671721454768
6dd53189e3f67e19,a66943a59bca7bfd,bd661df59343798b,28c9c64e5918b06e,Open,160689.4970426127,0.0932407407407407,3,C3: Large Open,0.348,232.0998,232.006551739728,55919.944970829216,104769.55207178349
6ddef56a171781bb,1cdd086394501fee,6b7e1f5b521de19b,6f9a9c5f2856c8b3,Open,43115.98981009094,660.9820486111112,3,C3: Large Open,0.146,82.36735,0.0,6294.934512273277,36821.055297817664
6de39eb2755b72e1,9387d1da6d5967e1,6b7e1f5b521de19b,,Open,1535113.0602289855,895.9875115740741,3,C3: Large Open,0.538,1125.7616,229.77408510561338,825890.8264031942,709222.2338257913
6e072810c28fbe44,1cdd086394501fee,6b7e1f5b521de19b,6f9a9c5f2856c8b3,Open,3494.8366306167795,78.63604166666667,3,C3: Large Open,0.594,71.38518,0.0,2075.932958586367,1418.9036720304125
6e0dfa2b1934ddc2,1cdd086394501fee,6b7e1f5b521de19b,,Open,762097.519249768,446.8970833333333,3,C3: Large Open,0.156,63.564083,0.0,118887.2130029638,643210.3062468042
6e462e2177634f62,ac2a5ee6878db2c2,6b7e1f5b521de19b,d4f34f97b6d22a81,Open,1.170863568534039,1.1574074074074072e-05,1,C1: Active Pipeline,,60.88506,60.88504778261538,,
6e82b249be383dad,9387d1da6d5967e1,6b7e1f5b521de19b,,Open,9648.963805727815,1.1574074074074072e-05,3,C3: Large Open,,107.31566,107.31564699526186,,
6e83b9260383525a,6befd145c261113d,6b7e1f5b521de19b,6f9a9c5f2856c8b3,Open,98.49392076768088,1.1574074074074072e-05,1,C1: Active Pipeline,,60.054214,60.05420290346499,,
6e91ce8fb7b4a976,6befd145c261113d,6b7e1f5b521de19b,6f9a9c5f2856c8b3,Open,27736.221529683786,18.14974537037037,3,C3: Large Open,0.424,98.185844,80.03609905101635,11760.157928585924,15976.063601097863
6ea679aab82fd58f,1cdd086394501fee,6b7e1f5b521de19b,6f9a9c5f2856c8b3,Open,392782.4111460863,565.9282060185185,3,C3: Large Open,0.12,77.88513,0.0,47133.88933753035,345648.52180855593
6eb62f9b489fd5b3,4928d3c96935fb3f,6b7e1f5b521de19b,,Open,1714.0502248117566,0.0,1,C1: Active Pipeline,,241.52254,241.5225372314453,,
6eb6d14101b4abdd,6befd145c261113d,6b7e1f5b521de19b,6f9a9c5f2856c8b3,Open,98.49392076768088,49.97686342592593,1,C1: Active Pipeline,0.3913333333333333,62.69976,12.722897011085792,38.54395432708578,59.9499664405951
6eb78ade8e144207,6befd145c261113d,6b7e1f5b521de19b,6f9a9c5f2856c8b3,Open,98.49392076768088,0.0020138888888888,1,C1: Active Pipeline,,67.53745,67.53543880886502,,
6ec92abd9ee22b4f,1cdd086394501fee,6b7e1f5b521de19b,6f9a9c5f2856c8b3,Open,3509430.2266719467,836.2608912037037,3,C3: Large Open,0.486,582.3361,0.0,1705583.0901625662,1803847.1365093805
6edd6cb56d39db9e,9387d1da6d5967e1,6b7e1f5b521de19b,d4f34f97b6d22a81,Open,1.170863568534039,1.1574074074074072e-05,1,C1: Active Pipeline,,63.672535,63.67252336855288,,
6ee75f1557e04fef,ac2a5ee6878db2c2,6b7e1f5b521de19b,d4f34f97b6d22a81,Open,1.170863568534039,1.1574074074074072e-05,1,C1: Active Pipeline,,52.697872,52.69786058779116,,
6ee76aa13b4afe7d,6befd145c261113d,6b7e1f5b521de19b,6f9a9c5f2856c8b3,Open,83838.33153716494,14.226898148148148,3,C3: Large Open,0.498,83.584175,69.35727696171513,41751.48910550814,42086.8424316568
6ee8461e5ddc2ed7,6befd145c261113d,6b7e1f5b521de19b,6f9a9c5f2856c8b3,Open,98.49392076768088,1.1574074074074072e-05,1,C1: Active Pipeline,0.37,106.27828,106.27827059145326,36.442750684041926,62.05117008363895
6efb2637d0e4cf6e,ef9b14cf5a29c54a,6b7e1f5b521de19b,,Open,105866.1042506972,0.0,2,C2: High-Win,,60.98661,60.986610412597656,,
6efe73331f73f7a7,1cdd086394501fee,6b7e1f5b521de19b,6f9a9c5f2856c8b3,Open,1.170863568534039,1.1574074074074072e-05,1,C1: Active Pipeline,,62.118275,62.11826311464663,,
6f00ed5cd73414f6,9387d1da6d5967e1,6b7e1f5b521de19b,d4f34f97b6d22a81,Open,120145.71777559289,161.92361111111111,3,C3: Large Open,0.268,112.08333,0.0,32199.052363858897,87946.665411734
6f0567e00325689c,6befd145c261113d,6b7e1f5b521de19b,6f9a9c5f2856c8b3,Open,98.49392076768088,20.81087962962963,1,C1: Active Pipeline,0.61,47.463852,26.65297229908131,60.08129166828533,38.412629099395545
6f08e4f8bf6c3d20,4928d3c96935fb3f,6b7e1f5b521de19b,,Open,34906.525663796616,0.0,3,C3: Large Open,0.456,127.73087,127.73087310791016,15917.375702691257,18989.14996110536
6f0bb6d877a6f4ad,6befd145c261113d,6b7e1f5b521de19b,6f9a9c5f2856c8b3,Open,48041.02757770764,4.901956018518519,3,C3: Large Open,0.786,58.949528,54.04757172196,37760.24767607821,10280.779901629434
6f5ff2cfe0ad4e9f,6befd145c261113d,6b7e1f5b521de19b,,Open,1.170863568534039,1.1574074074074072e-05,1,C1: Active Pipeline,,51.75747,51.75745760317202,,
6f760a2f6205b5bd,6befd145c261113d,6b7e1f5b521de19b,6f9a9c5f2856c8b3,Open,192712.25038335397,0.0,3,C3: Large Open,0.884,28.025883,28.025882720947266,170357.6293388849,22354.62104446906
6f7a8a6d55f6cabf,a66943a59bca7bfd,fc3655a0b667e091,28c9c64e5918b06e,Open,88.13711874271799,184.27263888888888,1,C1: Active Pipeline,0.324,93.07537,0.0,28.556426472640627,59.58069227007736
6fbb32b44fde5579,4928d3c96935fb3f,6b7e1f5b521de19b,6f9a9c5f2856c8b3,Open,99457.2224276421,0.0,3,C3: Large Open,0.296,401.53073,401.5307312011719,29439.33783858206,70017.88458906004
6fc936fc68889254,6befd145c261113d,6b7e1f5b521de19b,d4f34f97b6d22a81,Open,106.61658930110984,8.101851851851852e-05,1,C1: Active Pipeline,,28.3339,28.333819433141638,,
6fd87eb44f309fbb,9387d1da6d5967e1,6b7e1f5b521de19b,,Open,22962.31400177536,0.0,0,C0: High-Win,,36.563442,36.56344223022461,,
6ff13d5d719de547,ef9b14cf5a29c54a,6b7e1f5b521de19b,,Open,2085239.8243794776,1.1574074074074072e-05,0,C0: High-Win,,136.21164,136.2116278302228,,
6ffd38aea5f42737,9387d1da6d5967e1,6b7e1f5b521de19b,,Open,42228.0648651722,1.1574074074074072e-05,3,C3: Large Open,,68.339066,68.33905397768373,,
70022d44e9b2c9d5,9387d1da6d5967e1,6b7e1f5b521de19b,,Open,11264.189824104717,1.1574074074074072e-05,3,C3: Large Open,,88.53281,88.5327948224103,,
7012cac0e7eb3ba3,a66943a59bca7bfd,fe3d0016707df0ff,28c9c64e5918b06e,Open,285696.7039482978,260.391875,3,C3: Large Open,0.016,190.65852,0.0,4571.147263172766,281125.55668512505
701ac6d62af2f576,1cdd086394501fee,6b7e1f5b521de19b,6f9a9c5f2856c8b3,Open,468372.26782045857,286.0054629629629,3,C3: Large Open,0.594,589.7022,303.69674650969336,278213.1270853524,190159.1407351062
702dd82300eeaeb6,1cdd086394501fee,6b7e1f5b521de19b,6f9a9c5f2856c8b3,Open,1.170863568534039,1.1574074074074072e-05,1,C1: Active Pipeline,,94.08099,94.08098207826967,,
7052ff408f9230a3,6befd145c261113d,6b7e1f5b521de19b,6f9a9c5f2856c8b3,Open,2489.414531107488,342.7740509259259,3,C3: Large Open,0.48,33.683613,0.0,1194.9189749315942,1294.4955561758939
705f4b4ac3fe106b,6befd145c261113d,6b7e1f5b521de19b,6f9a9c5f2856c8b3,Open,1.170863568534039,0.0,1,C1: Active Pipeline,,39.643307,39.643306732177734,,
706117d6234e9aa3,6befd145c261113d,6b7e1f5b521de19b,6f9a9c5f2856c8b3,Open,98.49392076768088,2.3148148148148147e-05,1,C1: Active Pipeline,,60.485874,60.485851027877246,,
707607f97cfea597,ac2a5ee6878db2c2,6b7e1f5b521de19b,d4f34f97b6d22a81,Open,122948.00245610284,2.243761574074074,3,C3: Large Open,0.142,167.05447,164.81071230287904,17458.6163487666,105489.38610733623
707c538ccb74d4e7,4928d3c96935fb3f,6b7e1f5b521de19b,6f9a9c5f2856c8b3,Open,177560.4734935871,1020.7713888888889,3,C3: Large Open,0.256,1190.1377,169.36630642361115,45455.481214358304,132104.9922792288
7097a07dbe3f8ab2,6befd145c261113d,6b7e1f5b521de19b,,Open,1.170863568534039,412.1219907407407,1,C1: Active Pipeline,,227.85915,0.0,,
70991553e9328c7a,ac2a5ee6878db2c2,6b7e1f5b521de19b,6f9a9c5f2856c8b3,Open,77148.70287310395,182.0694560185185,2,C2: High-Win,0.548,34.599434,0.0,42277.48917446096,34871.21369864298
709f0b01d02a602b,ac2a5ee6878db2c2,6b7e1f5b521de19b,6f9a9c5f2856c8b3,Open,57607.04822467067,0.0051388888888888,0,C0: High-Win,,265.67746,265.672320827908,,
70a07c5b68206265,6befd145c261113d,6b7e1f5b521de19b,6f9a9c5f2856c8b3,Open,1.170863568534039,2.3148148148148147e-05,1,C1: Active Pipeline,,51.351665,51.35164234867803,,
70be7b05887c0969,9387d1da6d5967e1,6b7e1f5b521de19b,,Open,5083.8994500666495,0.0,3,C3: Large Open,,52.88487,52.88486862182617,,
70ccf75c17131ee0,ac2a5ee6878db2c2,6b7e1f5b521de19b,d4f34f97b6d22a81,Open,3699.3422227159535,2.3148148148148147e-05,0,C0: High-Win,,32.792454,32.792430617720996,,
70de1d1ca876f98c,ac2a5ee6878db2c2,6b7e1f5b521de19b,6f9a9c5f2856c8b3,Open,313306.6185748116,67.09333333333333,2,C2: High-Win,0.71,70.92144,3.828106791178385,222447.69918811624,90858.91938669537
70e21541ed748cbb,ac2a5ee6878db2c2,6b7e1f5b521de19b,6f9a9c5f2856c8b3,Open,1584582.6782558926,760.6695138888889,3,C3: Large Open,0.38,1305.803,545.1334646267361,602141.4177372392,982441.2605186534
70e9b8f1bb55c5e5,9387d1da6d5967e1,6b7e1f5b521de19b,2095e0b55fdf3180,Open,100013.76582578255,62.8596875,3,C3: Large Open,,105.11506,42.25537139892578,,
70f038f2a340499e,6befd145c261113d,6b7e1f5b521de19b,6f9a9c5f2856c8b3,Open,126230.4643787252,0.0052662037037037,0,C0: High-Win,,43.621376,43.61610983389395,,
710cd940c854d30b,6befd145c261113d,6b7e1f5b521de19b,6f9a9c5f2856c8b3,Open,36846.52911781948,123.02972222222222,3,C3: Large Open,0.36619999999999997,42.06132,0.0,13493.198962945493,23353.330154873987
7115f9c5633d26ed,ac2a5ee6878db2c2,6b7e1f5b521de19b,,Open,1.170863568534039,0.0,1,C1: Active Pipeline,0.252,381.866,381.8659973144531,0.29505761927057783,0.8758059492634611
71304bc565a40312,9387d1da6d5967e1,6b7e1f5b521de19b,,Open,21270.376670753038,1.1574074074074072e-05,3,C3: Large Open,,143.6149,143.61488710756655,,
7145f00193761a1e,9387d1da6d5967e1,6b7e1f5b521de19b,,Open,29324.531411075328,355.8807523148148,3,C3: Large Open,0.082,181.40166,0.0,2404.611575708177,26919.919835367153
714cd062574435a1,6befd145c261113d,6b7e1f5b521de19b,6f9a9c5f2856c8b3,Open,54608.54408792734,0.0006944444444444,0,C0: High-Win,,55.09865,55.09795744154189,,
715f3f5401fc10d5,1cdd086394501fee,6b7e1f5b521de19b,,Open,8290.869253090716,1.1574074074074072e-05,3,C3: Large Open,,38.304676,38.30466448183413,,
717c857b8c8ab2cb,ef9b14cf5a29c54a,6b7e1f5b521de19b,,Open,2046.6148673782125,1.1574074074074072e-05,1,C1: Active Pipeline,,130.64177,130.6417578351056,,
717cab781c930063,6befd145c261113d,6b7e1f5b521de19b,6f9a9c5f2856c8b3,Open,143643.60038815835,2.110497685185185,3,C3: Large Open,0.854,49.72337,47.612871913203485,122671.63473148723,20971.96565667112
7183e63f1b0d527c,a66943a59bca7bfd,ddbd249e57ed6b40,28c9c64e5918b06e,Open,31641.16184270343,0.0027777777777777,0,C0: High-Win,,40.70473,40.70195320977105,,
7184d63a6746f07f,9387d1da6d5967e1,6b7e1f5b521de19b,,Open,65064.44409714713,0.0,3,C3: Large Open,,350.4203,350.4202880859375,,
71a32857b1beff86,ac2a5ee6878db2c2,6b7e1f5b521de19b,d4f34f97b6d22a81,Open,1.170863568534039,1.1574074074074072e-05,1,C1: Active Pipeline,,183.4083,183.4082831036603,,
71b0162cf075739f,6befd145c261113d,6b7e1f5b521de19b,6f9a9c5f2856c8b3,Open,1.170863568534039,0.0,1,C1: Active Pipeline,,62.350933,62.35093307495117,,
71cfb3d246561119,9387d1da6d5967e1,6b7e1f5b521de19b,d4f34f97b6d22a81,Open,89664.46366676311,1.1574074074074072e-05,3,C3: Large Open,,383.7055,383.7054937970197,,
71ddc71a3924d513,1cdd086394501fee,6b7e1f5b521de19b,6f9a9c5f2856c8b3,Open,41397.13807306216,34.20055555555555,3,C3: Large Open,0.48,99.1259,64.92534471299913,19870.626275069837,21526.511797992323
71df4ff534318970,6befd145c261113d,6b7e1f5b521de19b,6f9a9c5f2856c8b3,Open,1596893.4709282797,3.472222222222222e-05,3,C3: Large Open,,1144.9558,1144.9557758246528,,
71f67e07943e7eb0,1cdd086394501fee,6b7e1f5b521de19b,6f9a9c5f2856c8b3,Open,361.29574083874047,1.1574074074074072e-05,1,C1: Active Pipeline,,39.639366,39.63935457582827,,
71fd0d2d44857d69,9387d1da6d5967e1,6b7e1f5b521de19b,,Open,5186.502594949308,50.93105324074074,3,C3: Large Open,0.05,92.817604,41.88655082420067,259.32512974746544,4927.177465201843
721a890e9cff8e34,1cdd086394501fee,674ec33189ed753c,,Open,870350.122287474,1.1574074074074072e-05,3,C3: Large Open,,426.89154,426.8915289532697,,
721ad3194957e405,9387d1da6d5967e1,6b7e1f5b521de19b,1e1439736d3ae4c5,Open,1242.2761179361728,0.0103703703703703,1,C1: Active Pipeline,,63.228683,63.21831310130932,,
7246fcb20c46f0df,1cdd086394501fee,6b7e1f5b521de19b,,Open,25640.949441799392,0.0448958333333333,3,C3: Large Open,0.618,58.667843,58.6229470316569,15846.106755032024,9794.842686767368
72496940137a6d0c,4928d3c96935fb3f,6b7e1f5b521de19b,,Open,53263.666600240846,274.2267476851852,4,C4: Mid-Range,,17.577892,0.0,,
7249bd23ce9ca963,ac2a5ee6878db2c2,6b7e1f5b521de19b,,Open,1.170863568534039,0.0,1,C1: Active Pipeline,,61.372887,61.372886657714844,,
72752f225d628083,6befd145c261113d,6b7e1f5b521de19b,,Open,1.170863568534039,0.0,1,C1: Active Pipeline,,204.7544,204.75439453125,,
728291d450c3f4f0,1cdd086394501fee,6b7e1f5b521de19b,6f9a9c5f2856c8b3,Open,46782.3211871621,2.802083333333333,3,C3: Large Open,0.472,415.66556,412.8634745279948,22081.25560034051,24701.06558682159
728d160390c502a8,1cdd086394501fee,fc3655a0b667e091,,Open,221485.3124868489,396.0370486111111,3,C3: Large Open,0.372,461.21768,65.18063327365451,82392.5362451078,139092.7762417411
728eb02a9701d02f,9387d1da6d5967e1,6b7e1f5b521de19b,,Open,5083.8994500666495,1.1574074074074072e-05,3,C3: Large Open,,82.27695,82.2769354474103,,
72990e8b88959bb6,6befd145c261113d,6b7e1f5b521de19b,6f9a9c5f2856c8b3,Open,1.170863568534039,2.3148148148148147e-05,1,C1: Active Pipeline,,49.11615,49.116126754195605,,
729a77aff04f6bbc,1cdd086394501fee,6b7e1f5b521de19b,6f9a9c5f2856c8b3,Open,246907.97159722852,62.13560185185185,0,C0: High-Win,,61.085682,0.0,,
72a84e98cc83aad6,9387d1da6d5967e1,6b7e1f5b521de19b,,Open,263999.29512211593,1.1574074074074072e-05,3,C3: Large Open,,228.23593,228.2359198224103,,
72b6a8f10ecac5d5,ac2a5ee6878db2c2,6b7e1f5b521de19b,6f9a9c5f2856c8b3,Open,2805687.692930978,78.82466435185185,3,C3: Large Open,0.318,1426.0122,1347.1875426793981,892208.686352051,1913479.0065789267
72b8ba77d87b3230,6befd145c261113d,6b7e1f5b521de19b,6f9a9c5f2856c8b3,Open,2046.6148673782125,3.472222222222222e-05,1,C1: Active Pipeline,,21.309187,21.309152213202584,,
72c5ccee005b1482,6befd145c261113d,6b7e1f5b521de19b,,Open,9648.963805727815,634.3511574074074,3,C3: Large Open,0.078,161.2779,0.0,752.6191768467696,8896.344628881046
72c6dd110bb4151e,ef9b14cf5a29c54a,6b7e1f5b521de19b,,Open,1.170863568534039,0.0003125,1,C1: Active Pipeline,,121.79445,121.79413635253906,,
72cd1d03b87596b5,9387d1da6d5967e1,6b7e1f5b521de19b,d4f34f97b6d22a81,Open,988.738918391998,2.3148148148148147e-05,1,C1: Active Pipeline,,87.38687,87.38684818974248,,
72cf5fcfdbba5c22,4928d3c96935fb3f,6b7e1f5b521de19b,,Open,143368.30316877936,0.0,3,C3: Large Open,,45.689396,45.689395904541016,,
72df974ab63dea46,6befd145c261113d,6b7e1f5b521de19b,6f9a9c5f2856c8b3,Open,11865.117714171982,0.0083680555555555,3,C3: Large Open,0.508,84.690506,84.68213792588976,6027.479798799367,5837.637915372615
72f2cef21c154e05,1cdd086394501fee,6b7e1f5b521de19b,6f9a9c5f2856c8b3,Open,20240.133444031897,237.9426736111111,3,C3: Large Open,0.14,76.10233,0.0,2833.618682164466,17406.51476186743
72fd35e091170736,1cdd086394501fee,6b7e1f5b521de19b,6f9a9c5f2856c8b3,Open,1.170863568534039,0.0,1,C1: Active Pipeline,,73.614006,73.61400604248047,,
735175ac000908d4,9387d1da6d5967e1,255414ab73601d72,d4f34f97b6d22a81,Open,1.170863568534039,0.0,1,C1: Active Pipeline,,68.18104,68.18103790283203,,
73581fe4d2ddaf74,9387d1da6d5967e1,6b7e1f5b521de19b,,Open,2472.949006922998,1.1574074074074072e-05,3,C3: Large Open,,99.860725,99.86071382875795,,
7358c781449a77b3,ef9b14cf5a29c54a,6b7e1f5b521de19b,,Open,16255.489958198485,1.1574074074074072e-05,0,C0: High-Win,,129.73586,129.73584352846498,,
736b55c003582ddf,6befd145c261113d,6b7e1f5b521de19b,6f9a9c5f2856c8b3,Open,308453.069432768,35.09538194444445,3,C3: Large Open,0.764,48.713005,13.617623121473521,235658.14504663475,72794.92438613324
737026fd0d8fd856,9387d1da6d5967e1,6b7e1f5b521de19b,d4f34f97b6d22a81,Open,10573.806471589558,7.872060185185185,3,C3: Large Open,0.33,69.85691,61.98485052038122,3489.356135624554,7084.450335965003
738f013fcdbcd140,ac2a5ee6878db2c2,6b7e1f5b521de19b,d4f34f97b6d22a81,Open,1.170863568534039,1.1574074074074072e-05,1,C1: Active Pipeline,,123.95566,123.9556463849103,,
739c5d07068aa1d9,6befd145c261113d,6b7e1f5b521de19b,6f9a9c5f2856c8b3,Open,912.5405507770306,1.1574074074074072e-05,1,C1: Active Pipeline,0.528,36.23023,36.23021684999819,481.8214108102722,430.7191399667584
73a73328a9b0c870,ac2a5ee6878db2c2,6b7e1f5b521de19b,d4f34f97b6d22a81,Open,1.170863568534039,1.1574074074074072e-05,1,C1: Active Pipeline,,50.58706,50.58704744692202,,
73c28b8715ea549e,a66943a59bca7bfd,062b9e5a52eb6d8e,d4f34f97b6d22a81,Open,539417.7094836183,164.53685185185185,3,C3: Large Open,0.222,162.83061,0.0,119750.73150536326,419666.977978255
73cda86fbf564d3a,ac2a5ee6878db2c2,6b7e1f5b521de19b,d4f34f97b6d22a81,Open,3303.290441942712,2.3148148148148147e-05,0,C0: High-Win,,37.716526,37.716502883345996,,
73e8f481f4ce0cf6,6befd145c261113d,6b7e1f5b521de19b,6f9a9c5f2856c8b3,Open,35062.08922173224,517.4648958333333,3,C3: Large Open,0.232,149.65501,0.0,8134.40469944188,26927.68452229036
73f232626a992bd7,1cdd086394501fee,6b7e1f5b521de19b,6f9a9c5f2856c8b3,Open,1.170863568534039,1.1574074074074072e-05,1,C1: Active Pipeline,,63.775997,63.77598558779116,,
73f36805f978fce8,ef9b14cf5a29c54a,6b7e1f5b521de19b,,Open,426287.3699204811,1.1574074074074072e-05,3,C3: Large Open,,126.76056,126.76054750795717,,
73f50a709472ba6f,9387d1da6d5967e1,6b7e1f5b521de19b,,Open,112465.23272307984,1.1574074074074072e-05,3,C3: Large Open,,53.991596,53.991584647849756,,
7413f77109444c36,9387d1da6d5967e1,6b7e1f5b521de19b,,Open,25102.753943361105,170.77806712962962,3,C3: Large Open,,334.112,163.33393238208913,,
74148783a5dd7a6c,9387d1da6d5967e1,6b7e1f5b521de19b,,Open,767.4627551854461,1.1574074074074072e-05,1,C1: Active Pipeline,,47.76883,47.76881777162905,,
7423960700eeaece,6befd145c261113d,6b7e1f5b521de19b,6f9a9c5f2856c8b3,Open,73370.44475755366,2.3148148148148147e-05,3,C3: Large Open,,65.46972,65.46969578495732,,
746906e718b1684a,9387d1da6d5967e1,6b7e1f5b521de19b,,Open,35845.270270304114,40.83078703703704,3,C3: Large Open,0.304,379.3428,338.51201691804107,10896.962162172451,24948.308108131663
746d6daacc51b148,9387d1da6d5967e1,6b7e1f5b521de19b,,Open,78321.58629120124,237.0436805555556,3,C3: Large Open,0.084,84.80434,0.0,6579.013248460905,71742.57304274033
749d90a955fab9bd,ac2a5ee6878db2c2,6b7e1f5b521de19b,6f9a9c5f2856c8b3,Open,160493.55716765494,0.2533333333333333,3,C3: Large Open,0.558,112.4117,112.15836405436198,89555.40489955146,70938.15226810348
74a5660df4cf1eab,9387d1da6d5967e1,6b7e1f5b521de19b,d4f34f97b6d22a81,Open,2621.868326171163,0.0171180555555555,3,C3: Large Open,,102.64668,102.62956468370226,,
74b18fbd2c16d822,9387d1da6d5967e1,6b7e1f5b521de19b,,Open,186555.16774733728,1.1574074074074072e-05,3,C3: Large Open,,57.72436,57.72434984560366,,
74c2b49271ce42c8,a66943a59bca7bfd,7545e34e09ae9cad,28c9c64e5918b06e,Open,653101.8130878179,416.2326157407408,3,C3: Large Open,0.104,109.316696,0.0,67922.58856113306,585179.2245266848
74df4ade1c6e38d1,6befd145c261113d,6b7e1f5b521de19b,6f9a9c5f2856c8b3,Open,28922.004595468414,307.9366435185185,3,C3: Large Open,0.244,104.32226,0.0,7056.969121294293,21865.03547417412
74ff9832f95094cb,a66943a59bca7bfd,ac6153076817c20f,28c9c64e5918b06e,Open,1077634.4273262932,119.67403935185185,3,C3: Large Open,0.188,180.5228,60.84875727900753,202595.2723373431,875039.1549889501
750b97b54509aca4,a66943a59bca7bfd,e366e0e543d0c5cd,28c9c64e5918b06e,Open,2582.916117610372,1.1574074074074072e-05,1,C1: Active Pipeline,,28.90611,28.906099189475732,,
750ba166c5bfa679,6befd145c261113d,6b7e1f5b521de19b,6f9a9c5f2856c8b3,Open,4841.89872927719,50.11237268518519,3,C3: Large Open,0.286,30.76999,0.0,1384.7830365732761,3457.1156927039133
750ead2da2aa3d12,6befd145c261113d,6b7e1f5b521de19b,6f9a9c5f2856c8b3,Open,37429.77330093475,407.89407407407407,3,C3: Large Open,0.548,94.2084,0.0,20511.515768912246,16918.257532022504
750fbfc718c994a5,9387d1da6d5967e1,6b7e1f5b521de19b,,Open,27299.744019779777,125.94181712962964,3,C3: Large Open,0.436,74.28542,0.0,11902.688392623983,15397.055627155796
7527f06c2a75f4a7,4928d3c96935fb3f,6b7e1f5b521de19b,,Open,2046.6148673782125,1.1574074074074072e-05,0,C0: High-Win,,69.66248,69.66247164125795,,
752815f15c368622,6befd145c261113d,6b7e1f5b521de19b,6f9a9c5f2856c8b3,Open,98.49392076768088,1.1574074074074072e-05,1,C1: Active Pipeline,,61.689705,61.68969332094546,,
752fa1c157a42585,a66943a59bca7bfd,ac6153076817c20f,28c9c64e5918b06e,Open,36575.68720555207,78.03862268518519,3,C3: Large Open,0.15,69.80433,0.0,5486.3530808328105,31089.334124719262
75364f99688a8c02,a66943a59bca7bfd,ad69d8c998aaf479,28c9c64e5918b06e,Open,75174.41159347542,283.8167708333333,3,C3: Large Open,0.122,101.18688,0.0,9171.278214404001,66003.13337907143
754f89f66a333041,6befd145c261113d,6b7e1f5b521de19b,6f9a9c5f2856c8b3,Open,1.170863568534039,2.3148148148148147e-05,1,C1: Active Pipeline,,70.38104,70.3810193323206,,
755bb1a3546104a9,6befd145c261113d,6b7e1f5b521de19b,6f9a9c5f2856c8b3,Open,98.49392076768088,1.1574074074074072e-05,1,C1: Active Pipeline,0.5023571428571428,59.942696,59.94268404360171,49.479124625649966,49.01479614203091
7562fcb4c46c5783,a66943a59bca7bfd,e366e0e543d0c5cd,d4f34f97b6d22a81,Open,16492.824891065156,12.873530092592592,3,C3: Large Open,,15.605285,2.7317545982643416,,
7568b3a8b1bbd49d,6befd145c261113d,6b7e1f5b521de19b,,Open,313842.28104362544,0.0004166666666666,3,C3: Large Open,0.49,375.87814,375.8777266438802,153782.71771137646,160059.56333224897
75833aa1287df6e3,1cdd086394501fee,062b9e5a52eb6d8e,,Open,2957.9891201500614,1.1574074074074072e-05,3,C3: Large Open,,33.956764,33.956752647117334,,
758a397516937b09,1cdd086394501fee,6b7e1f5b521de19b,6f9a9c5f2856c8b3,Open,159583.78761743024,467.9711574074074,3,C3: Large Open,,525.6572,57.68606915509258,,
75a44230c7acfb2f,a66943a59bca7bfd,4dcb7378104041b8,,Open,89664.46366676311,265.06320601851854,3,C3: Large Open,0.038,355.69412,90.63091629593458,3407.2496193369984,86257.21404742611
75ac3a1cf5e78fa3,ef9b14cf5a29c54a,6b7e1f5b521de19b,,Open,1.170863568534039,193.8025115740741,1,C1: Active Pipeline,0.284,149.02196,0.0,0.332525253463667,0.8383383150703718
75acc96c1b2398d0,1cdd086394501fee,6b7e1f5b521de19b,6f9a9c5f2856c8b3,Open,1.170863568534039,0.0,1,C1: Active Pipeline,,82.179115,82.17911529541016,,
75bd6a8d1450b85e,6befd145c261113d,6b7e1f5b521de19b,6f9a9c5f2856c8b3,Open,19916.531771563536,3.472222222222222e-05,3,C3: Large Open,,41.259987,41.25995215521918,,
75bf15718d1212de,a66943a59bca7bfd,75c64824a2a4e380,28c9c64e5918b06e,Open,1.170863568534039,1.1574074074074072e-05,1,C1: Active Pipeline,,57.043583,57.04357134218569,,
75c4de3e01e023e5,1cdd086394501fee,6b7e1f5b521de19b,6f9a9c5f2856c8b3,Open,1.170863568534039,1.1574074074074072e-05,1,C1: Active Pipeline,,315.30383,315.30382143373845,,
75cf89a67997327d,6befd145c261113d,6b7e1f5b521de19b,6f9a9c5f2856c8b3,Open,316675.0452712854,17.052997685185186,0,C0: High-Win,0.682,79.20254,62.149539851435904,215972.38087501665,100702.66439626874
75d1c5f44ea59548,1cdd086394501fee,6b7e1f5b521de19b,6f9a9c5f2856c8b3,Open,1.170863568534039,1.1574074074074072e-05,1,C1: Active Pipeline,,54.174686,54.17467485781069,,
75ee70a8e1614d6c,a66943a59bca7bfd,75c64824a2a4e380,,Open,11264.189824104717,0.0,3,C3: Large Open,0.624,84.87728,84.87728118896484,7028.854450241343,4235.335373863373
75f5e3c8f74fb579,6befd145c261113d,6b7e1f5b521de19b,6f9a9c5f2856c8b3,Open,1.170863568534039,1.1574074074074072e-05,1,C1: Active Pipeline,,68.42564,68.42562471742983,,
7600fdecf478b01b,1cdd086394501fee,e43bc3ffd79e75b6,,Open,6590.9859511915865,0.0007523148148148,0,C0: High-Win,,30.728827,30.728074208012334,,
76102eda2c2b9bc5,6befd145c261113d,6b7e1f5b521de19b,6f9a9c5f2856c8b3,Open,98.49392076768088,20.81336805555556,1,C1: Active Pipeline,0.624,47.463852,26.650483873155377,61.46020655903287,37.03371420864801
76107524ff6684e8,6befd145c261113d,6b7e1f5b521de19b,6f9a9c5f2856c8b3,Open,1.170863568534039,0.0003703703703703,1,C1: Active Pipeline,,45.409065,45.40869487621166,,
763e4058424e0a3e,1cdd086394501fee,6b7e1f5b521de19b,6f9a9c5f2856c8b3,Open,14993.50295923043,176.8733333333333,3,C3: Large Open,0.498,155.12984,0.0,7466.764473696755,7526.738485533676
763e5c9e374e4141,1cdd086394501fee,6b7e1f5b521de19b,6f9a9c5f2856c8b3,Open,98.49392076768088,40.84726851851852,1,C1: Active Pipeline,0.478,63.427624,22.58035523026078,47.08009412695146,51.41382664072942
7643bf7e40b1a8a9,6befd145c261113d,6b7e1f5b521de19b,,Open,1845240.0868962973,244.8154513888889,3,C3: Large Open,0.336,1272.1871,1027.3716824001735,620000.669197156,1225239.4176991412
765885fe69f6726f,9387d1da6d5967e1,6b7e1f5b521de19b,,Open,35845.270270304114,0.0,3,C3: Large Open,,87.95768,87.95767974853516,,
76661ab7f04c5e38,6befd145c261113d,6b7e1f5b521de19b,6f9a9c5f2856c8b3,Open,191.50542289722227,2.3148148148148147e-05,0,C0: High-Win,,28.264837,28.2648141168665,,
766c360ccff4f754,9387d1da6d5967e1,6b7e1f5b521de19b,,Open,35845.270270304114,0.0,3,C3: Large Open,,289.51184,289.5118408203125,,
767f1cec37db8ba6,ac2a5ee6878db2c2,6b7e1f5b521de19b,6f9a9c5f2856c8b3,Open,7242.253035361166,2.3148148148148147e-05,0,C0: High-Win,,35.468136,35.46811268559209,,
768350e99db648a7,6befd145c261113d,6b7e1f5b521de19b,6f9a9c5f2856c8b3,Open,337698.7052385764,0.0311458333333333,3,C3: Large Open,,47.147007,47.11586115519206,,
768688a3f346087b,1cdd086394501fee,6b7e1f5b521de19b,,Open,524417.177630072,80.78237268518518,3,C3: Large Open,,122.86365,42.08127477575232,,
7691025434011797,6befd145c261113d,6b7e1f5b521de19b,6f9a9c5f2856c8b3,Open,450560.6691294054,135.8940162037037,3,C3: Large Open,0.47,76.46083,0.0,211763.51449082053,238797.15463858488
76ae8b428f188308,4928d3c96935fb3f,6ab36d9b02cbcf6b,,Open,89664.46366676311,1213.8248958333334,3,C3: Large Open,0.208,127.37112,0.0,18650.208442686726,71014.25522407639
76bfce6347ecf944,9387d1da6d5967e1,6b7e1f5b521de19b,,Open,2.4198904513070483,0.0,1,C1: Active Pipeline,0.5,83.99895,83.99894714355469,1.2099452256535241,1.2099452256535241
76d6f0fbcc43a5b6,ef9b14cf5a29c54a,6b7e1f5b521de19b,,Open,9156.030227481784,1.1574074074074072e-05,0,C0: High-Win,,58.548374,58.54836260195132,,
76e76d6cbd55b26a,9387d1da6d5967e1,6b7e1f5b521de19b,,Open,5655.969519442425,2.3148148148148147e-05,0,C0: High-Win,,41.72411,41.72408650151006,,
76ecae077943b384,6befd145c261113d,6b7e1f5b521de19b,6f9a9c5f2856c8b3,Open,5863.460546876247,40.71337962962963,3,C3: Large Open,0.65,42.330776,1.6173965849699812,3811.24935546956,2052.2111914066863
770122e702eba151,ac2a5ee6878db2c2,6b7e1f5b521de19b,6f9a9c5f2856c8b3,Open,98.49392076768088,20.848854166666666,1,C1: Active Pipeline,0.658,37.01361,16.164756673177084,64.80899986513401,33.68492090254686
77068b9db4c88c6d,6befd145c261113d,6b7e1f5b521de19b,6f9a9c5f2856c8b3,Open,181592.3864903568,262.8495486111111,3,C3: Large Open,0.234,418.21793,155.3683774142795,42492.61843874349,139099.7680516133
7707f170f34090df,ef9b14cf5a29c54a,6b7e1f5b521de19b,,Open,1.170863568534039,1.1574074074074072e-05,1,C1: Active Pipeline,,74.80303,74.80302034731264,,
770a0344ad76c815,4928d3c96935fb3f,6b7e1f5b521de19b,,Open,55492.25906620081,0.0,3,C3: Large Open,,36.50517,36.50516891479492,,
77215dbceb510e31,4928d3c96935fb3f,6b7e1f5b521de19b,,Open,2.4198904513070483,1.1574074074074072e-05,1,C1: Active Pipeline,,163.77867,163.77865969057436,,
772447a935a5f864,9387d1da6d5967e1,6b7e1f5b521de19b,d4f34f97b6d22a81,Open,1516.994814448473,2.734027777777778,1,C1: Active Pipeline,0.6,100.27079,97.53676232231987,910.1968886690838,606.7979257793893
773ab4e67625f31c,ac2a5ee6878db2c2,6b7e1f5b521de19b,6f9a9c5f2856c8b3,Open,361.29574083874047,2.3148148148148147e-05,1,C1: Active Pipeline,,15.92391,15.923886992843062,,
773e7e602781ed08,1cdd086394501fee,062b9e5a52eb6d8e,,Open,32709.050645243828,1.1574074074074072e-05,3,C3: Large Open,,18.769257,18.769245017722803,,
7754c716a7657ab2,6befd145c261113d,6b7e1f5b521de19b,6f9a9c5f2856c8b3,Open,239.9674542220373,0.0006944444444444,1,C1: Active Pipeline,0.55,28.170504,28.169809171888563,131.98209982212052,107.98535439991677
7756c94551ce7b27,6befd145c261113d,6b7e1f5b521de19b,d4f34f97b6d22a81,Open,7824.229947993344,4.629629629629629e-05,3,C3: Large Open,,55.989685,55.98963876229745,,
775723f8c1cbb1cf,ef9b14cf5a29c54a,6b7e1f5b521de19b,,Open,1.170863568534039,202.86461805555555,1,C1: Active Pipeline,0.204,187.15952,0.0,0.23885616798094392,0.9320074005530951
776f610b132a4b2d,6befd145c261113d,6b7e1f5b521de19b,,Open,7369.351110629336,0.0,0,C0: High-Win,,45.41372,45.413719177246094,,
77726bc07c347541,1cdd086394501fee,fc3655a0b667e091,,Open,574151.2470026292,554.8786226851852,3,C3: Large Open,0.362,779.8607,224.98209508825232,207842.75141495178,366308.49558767746
77747f5c9adff506,6befd145c261113d,6b7e1f5b521de19b,6f9a9c5f2856c8b3,Open,282987.21599032666,6.944444444444444e-05,0,C0: High-Win,,67.52058,67.52050703260633,,
77916c3e92d4ed23,9387d1da6d5967e1,6b7e1f5b521de19b,d4f34f97b6d22a81,Open,30322.999301518623,4.629629629629629e-05,3,C3: Large Open,,44.846756,44.846709685149015,,
7793a68c1ee7b8e3,9387d1da6d5967e1,6b7e1f5b521de19b,,Open,40882.78265293119,1.1574074074074072e-05,3,C3: Large Open,,67.000175,67.00016390200014,,
779812fc7e03b7e3,ef9b14cf5a29c54a,6b7e1f5b521de19b,,Open,71771.35769564913,0.0003819444444444,3,C3: Large Open,0.486,100.96758,100.96720075819228,34880.87984008548,36890.47785556365
779a3b7258aa4420,1cdd086394501fee,6b7e1f5b521de19b,6f9a9c5f2856c8b3,Open,8883.03426263323,3.472222222222222e-05,3,C3: Large Open,,33.989754,33.98971900092231,,
779a85418957852a,6befd145c261113d,6b7e1f5b521de19b,d4f34f97b6d22a81,Open,2625.6206839997444,20.654027777777777,1,C1: Active Pipeline,0.318,52.784256,32.130228203667535,834.9473775119187,1790.6733064878256
77a9f2816c203315,a66943a59bca7bfd,e366e0e543d0c5cd,d4f34f97b6d22a81,Open,1.170863568534039,1.1574074074074072e-05,1,C1: Active Pipeline,,51.658237,51.65822588320132,,
77addb00271fd4ea,9387d1da6d5967e1,6b7e1f5b521de19b,6f9a9c5f2856c8b3,Open,6009.906030357736,2.3148148148148147e-05,0,C0: High-Win,0.836,28.065935,28.065911986739547,5024.2814413790675,985.624588978669
77b5ddd7865a2bdf,1cdd086394501fee,16450d61eee679f5,,Open,870350.122287474,0.0085300925925925,3,C3: Large Open,0.306,216.80779,216.7992549415871,266327.13741996704,604022.9848675069
77b93451718444af,1cdd086394501fee,6b7e1f5b521de19b,6f9a9c5f2856c8b3,Open,147684.5457472833,104.15028935185184,3,C3: Large Open,0.126,126.54785,22.39756221064816,18608.252764157696,129076.2929831256
77c9c5f20399d464,6befd145c261113d,6b7e1f5b521de19b,6f9a9c5f2856c8b3,Open,98.49392076768088,23.910405092592597,1,C1: Active Pipeline,0.72,47.009945,23.099539823178887,70.91562295273023,27.57829781495065
77e1ce91161dd5a8,ac2a5ee6878db2c2,6b7e1f5b521de19b,6f9a9c5f2856c8b3,Open,197393.98616920816,0.0001157407407407,0,C0: High-Win,,88.5869,88.5867830629702,,
77ef976c98d90268,a66943a59bca7bfd,506023b3e03cfab3,28c9c64e5918b06e,Open,1.170863568534039,1.1574074074074072e-05,1,C1: Active Pipeline,,70.89889,70.89887606020326,,
77f448978a9077be,a66943a59bca7bfd,255414ab73601d72,28c9c64e5918b06e,Open,24930.903793298134,4.629629629629629e-05,3,C3: Large Open,,37.039265,37.03921838265878,,
77f579c6efe64945,1cdd086394501fee,062b9e5a52eb6d8e,,Open,534594.3560259738,482.9649189814815,3,C3: Large Open,0.284,320.61935,0.0,151824.79711137654,382769.5589145972
782bb9dca2df6e1a,6befd145c261113d,6b7e1f5b521de19b,6f9a9c5f2856c8b3,Open,1.170863568534039,1.1574074074074072e-05,1,C1: Active Pipeline,,55.07748,55.07746874208804,,
7834608370640a5e,6befd145c261113d,6b7e1f5b521de19b,6f9a9c5f2856c8b3,Open,1.170863568534039,1.1574074074074072e-05,1,C1: Active Pipeline,,71.02785,71.02783571596498,,
78390a638314bc2a,9387d1da6d5967e1,6b7e1f5b521de19b,,Open,15148.483549845856,60.72296296296296,3,C3: Large Open,0.596,69.356026,8.633062732837821,9028.49619570813,6119.9873541377265
783af51c774238df,ef9b14cf5a29c54a,6b7e1f5b521de19b,,Open,12192.53923713222,2.3148148148148147e-05,0,C0: High-Win,,60.417587,60.41756413212529,,
78401637088d8fb9,9387d1da6d5967e1,6b7e1f5b521de19b,,Open,270801.9611719012,40.753252314814816,3,C3: Large Open,0.272,451.73718,410.9839303023727,73658.13343875713,197143.82773314408
7840c191913a48bb,6befd145c261113d,6b7e1f5b521de19b,6f9a9c5f2856c8b3,Open,1.170863568534039,1.1574074074074072e-05,1,C1: Active Pipeline,,40.47116,40.4711493145978,,
7845e824db40d0fa,9387d1da6d5967e1,6b7e1f5b521de19b,d4f34f97b6d22a81,Open,14529.093688575482,6.944444444444444e-05,3,C3: Large Open,,46.8184,46.81833189222548,,
787735966d96bfeb,1cdd086394501fee,674ec33189ed753c,,Open,6825.920575393989,1.1574074074074072e-05,3,C3: Large Open,,31.079079,31.079067100242334,,
787cad88150a6694,6befd145c261113d,6b7e1f5b521de19b,6f9a9c5f2856c8b3,Open,83485.47287873202,0.0017476851851851,0,C0: High-Win,,209.38434,209.38259069372106,,
7881ab5b9e6bb6f6,6befd145c261113d,6b7e1f5b521de19b,6f9a9c5f2856c8b3,Open,98.49392076768088,252.81394675925927,1,C1: Active Pipeline,0.184,69.2075,0.0,18.122881421253282,80.3710393464276
7885a497a2cfc0f5,6befd145c261113d,6b7e1f5b521de19b,6f9a9c5f2856c8b3,Open,458.86664594939054,6.944444444444444e-05,1,C1: Active Pipeline,0.726,29.897017,29.89694708082411,333.1371849592575,125.72946099013302
78957cd3707d949a,4928d3c96935fb3f,6b7e1f5b521de19b,,Open,148468.30611511727,193.80759259259256,4,C4: Mid-Range,,125.06977,0.0,,
7896c48d6dcdef87,ac2a5ee6878db2c2,6b7e1f5b521de19b,6f9a9c5f2856c8b3,Open,3239565.4790349905,0.0003587962962962,0,C0: High-Win,,886.8902,886.88983895761,,
78b948c58b098466,9387d1da6d5967e1,6b7e1f5b521de19b,d4f34f97b6d22a81,Open,2.4198904513070483,1.1574074074074072e-05,1,C1: Active Pipeline,,140.19873,140.19871889467592,,
78c946a177224874,ac2a5ee6878db2c2,6b7e1f5b521de19b,6f9a9c5f2856c8b3,Open,415.3892283045608,2.3148148148148147e-05,1,C1: Active Pipeline,,22.937664,22.937640883834273,,
78ea0fdbc337787a,1cdd086394501fee,6b7e1f5b521de19b,6f9a9c5f2856c8b3,Open,98.49392076768088,58.13591435185185,1,C1: Active Pipeline,0.414,63.88301,5.74709651240596,40.77648319781988,57.717437569861
78ef96ed57db602d,6befd145c261113d,6b7e1f5b521de19b,6f9a9c5f2856c8b3,Open,151754.38716719832,240.55989583333331,3,C3: Large Open,,96.142105,0.0,,
78fee4bd13ecf0aa,9387d1da6d5967e1,6b7e1f5b521de19b,d4f34f97b6d22a81,Open,123102.7926276551,94.19900462962964,3,C3: Large Open,0.586,94.432106,0.23310138843676498,72138.23647980588,50964.556147849216
7901e4d9804f013a,1cdd086394501fee,6b7e1f5b521de19b,6f9a9c5f2856c8b3,Open,208.77834049822425,1.8563425925925925,1,C1: Active Pipeline,,54.535236,52.67889376604999,,
7906ffc087eb9e8f,6befd145c261113d,6b7e1f5b521de19b,6f9a9c5f2856c8b3,Open,1.170863568534039,1.1574074074074072e-05,1,C1: Active Pipeline,,365.182,365.18199526186345,,
790da437b95409e5,a66943a59bca7bfd,ddbd249e57ed6b40,28c9c64e5918b06e,Open,1.170863568534039,1.1574074074074072e-05,1,C1: Active Pipeline,,65.08385,65.08383547182436,,
791352170b5078ba,6befd145c261113d,6b7e1f5b521de19b,6f9a9c5f2856c8b3,Open,1.170863568534039,1.1574074074074072e-05,1,C1: Active Pipeline,,63.944057,63.94404589052554,,
793033c9e44356b1,6befd145c261113d,6b7e1f5b521de19b,6f9a9c5f2856c8b3,Open,1.170863568534039,0.0,1,C1: Active Pipeline,,59.011177,59.01117706298828,,
7936de0565f96c2d,ac2a5ee6878db2c2,6b7e1f5b521de19b,6f9a9c5f2856c8b3,Open,6001930.290937516,4.629629629629629e-05,3,C3: Large Open,,1509.2,1509.1999048755788,,
794238c9964af4ca,ac2a5ee6878db2c2,6b7e1f5b521de19b,6f9a9c5f2856c8b3,Open,1.170863568534039,1.1574074074074072e-05,1,C1: Active Pipeline,,333.70056,333.70054994936345,,
796125a209f6dad0,6befd145c261113d,6b7e1f5b521de19b,6f9a9c5f2856c8b3,Open,184329.8459343424,5.787037037037037e-05,3,C3: Large Open,,36.264942,36.264884298819084,,
7968027dccfb265e,a66943a59bca7bfd,75c64824a2a4e380,28c9c64e5918b06e,Open,1510925.5210753132,189.8516087962963,3,C3: Large Open,0.66,68.694595,0.0,997210.8439097068,513714.67716560647
79812939daedc58d,ef9b14cf5a29c54a,6b7e1f5b521de19b,,Open,1.170863568534039,0.0113541666666666,1,C1: Active Pipeline,,69.725655,69.71430043538412,,
798af2a08fcc246e,ac2a5ee6878db2c2,6b7e1f5b521de19b,6f9a9c5f2856c8b3,Open,92517.57966103424,91.8608101851852,0,C0: High-Win,0.662,63.502827,0.0,61246.637735604665,31270.941925429568
7991179de73ee59f,1cdd086394501fee,6828ce51082c111b,,Open,775212.4104637865,1.1574074074074072e-05,3,C3: Large Open,,89.54531,89.54529940004701,,
799e86449d31b422,ef9b14cf5a29c54a,6b7e1f5b521de19b,,Open,11068.385975830255,0.0,0,C0: High-Win,,209.97234,209.9723358154297,,
79d2980742ab0faa,6befd145c261113d,6b7e1f5b521de19b,6f9a9c5f2856c8b3,Open,1.170863568534039,1.1574074074074072e-05,1,C1: Active Pipeline,,65.61332,65.61330782289858,,
79dc8d1ecadb2fe0,1cdd086394501fee,6b7e1f5b521de19b,6f9a9c5f2856c8b3,Open,1.170863568534039,1.1574074074074072e-05,1,C1: Active Pipeline,,70.78704,70.78702913637514,,
79e1e3ef1ae83fd4,9387d1da6d5967e1,6b7e1f5b521de19b,d4f34f97b6d22a81,Open,793634.6673649994,0.0263888888888888,3,C3: Large Open,0.234,287.9761,287.9497158474392,185710.51216340988,607924.1552015896
79eba1bdff400c06,6befd145c261113d,6b7e1f5b521de19b,6f9a9c5f2856c8b3,Open,203171.0983040232,4.629629629629629e-05,3,C3: Large Open,,33.351482,33.351436095061125,,
7a194c281b4ae7ec,6befd145c261113d,6b7e1f5b521de19b,6f9a9c5f2856c8b3,Open,723.690630731221,0.0066319444444444,1,C1: Active Pipeline,,47.147007,47.14037504408095,,
7a5fc8ad0f5dd005,ef9b14cf5a29c54a,6b7e1f5b521de19b,,Open,106.50980251571036,2.3148148148148147e-05,1,C1: Active Pipeline,,40.75861,40.75858662358037,,
7a6a6d4806ee5af3,6befd145c261113d,6b7e1f5b521de19b,,Open,5083.8994500666495,0.0,3,C3: Large Open,,60.05542,60.055419921875,,
7a6e5d03e232e27d,9387d1da6d5967e1,6b7e1f5b521de19b,,Open,3303.290441942712,6.115405092592592,3,C3: Large Open,,44.18756,38.072155942563654,,
7a7d94b4a708cc42,6befd145c261113d,6b7e1f5b521de19b,6f9a9c5f2856c8b3,Open,98.49392076768088,1.1574074074074072e-05,1,C1: Active Pipeline,,61.293453,61.29344164247866,,
7a90df705ba8e0c4,9387d1da6d5967e1,6b7e1f5b521de19b,d4f34f97b6d22a81,Open,179094.26863918084,26.812060185185185,3,C3: Large Open,0.228,146.3736,119.56153600622106,40833.493249733234,138260.7753894476
7af29e982aa879c4,ac2a5ee6878db2c2,6b7e1f5b521de19b,d4f34f97b6d22a81,Open,1.170863568534039,0.0,1,C1: Active Pipeline,,74.50408,74.50408172607422,,
7af48f4b45f0315d,ac2a5ee6878db2c2,6b7e1f5b521de19b,6f9a9c5f2856c8b3,Open,2108.1136796593214,2.3148148148148147e-05,1,C1: Active Pipeline,0.556,37.027626,37.02760288944951,1172.1112058905828,936.0024737687386
7afd033bdf69760d,a66943a59bca7bfd,48deb34ff5cdd785,28c9c64e5918b06e,Open,880804.1711048215,125.92020833333332,3,C3: Large Open,0.188,144.90738,18.987170817057304,165591.18416770644,715212.9869371151
7b0ee0d1c2ea9568,9387d1da6d5967e1,6b7e1f5b521de19b,,Open,76211.40369331678,141.84430555555556,3,C3: Large Open,,276.8305,134.98619981553819,,
7b25f2bd92afdda2,1cdd086394501fee,6b7e1f5b521de19b,6f9a9c5f2856c8b3,Open,283.8199919298897,276.87388888888887,3,C3: Large Open,0.354,76.564156,0.0,100.47227714318095,183.34771478670874
7b296ef2c8725e47,9387d1da6d5967e1,6b7e1f5b521de19b,d4f34f97b6d22a81,Open,176510.64343356006,29.5903125,3,C3: Large Open,0.222,152.00804,122.41772888183594,39185.36284225033,137325.28059130974
7b397411953564a3,1cdd086394501fee,6b7e1f5b521de19b,6f9a9c5f2856c8b3,Open,152496.62633640048,1.1574074074074072e-05,3,C3: Large Open,,438.57104,438.57103334780095,,
7b5b6268ed8648f8,ac2a5ee6878db2c2,6b7e1f5b521de19b,d4f34f97b6d22a81,Open,33674.2230102896,307.8916435185185,3,C3: Large Open,0.236,25.600677,0.0,7947.116630428345,25727.106379861256
7b66df14d387c7f3,9387d1da6d5967e1,6b7e1f5b521de19b,,Open,1.170863568534039,1.1574074074074072e-05,1,C1: Active Pipeline,,148.2056,148.20558534975405,,
7b8764c114fd581d,ac2a5ee6878db2c2,6b7e1f5b521de19b,d4f34f97b6d22a81,Open,1.170863568534039,2.3148148148148147e-05,1,C1: Active Pipeline,,70.29843,70.29840824833623,,
7b8ab71b7f55276b,ef9b14cf5a29c54a,6b7e1f5b521de19b,,Open,470311.68177415984,0.0,0,C0: High-Win,,158.0684,158.0684051513672,,
7b8c66ebf6d631da,9387d1da6d5967e1,6b7e1f5b521de19b,,Open,1.170863568534039,2.3148148148148147e-05,1,C1: Active Pipeline,,125.049194,125.04917118778936,,
7badd9dde584e674,9387d1da6d5967e1,6b7e1f5b521de19b,,Open,9648.963805727815,1.1574074074074072e-05,3,C3: Large Open,,30.170637,30.170625556663232,,
7bc4208465fbec60,6befd145c261113d,6b7e1f5b521de19b,6f9a9c5f2856c8b3,Open,10348.85927884322,300.11864583333335,3,C3: Large Open,0.104,276.71344,0.0,1076.281364999695,9272.577913843525
7bea351c13b793af,6befd145c261113d,6b7e1f5b521de19b,6f9a9c5f2856c8b3,Open,251.1565952727217,52.15265046296296,1,C1: Active Pipeline,0.498,115.1922,63.03954924406829,125.0759844458154,126.0806108269063
7bf1ff814d057e4e,6befd145c261113d,6b7e1f5b521de19b,6f9a9c5f2856c8b3,Open,229487.06611308103,0.0015393518518518,0,C0: High-Win,,53.287655,53.28611552485713,,
7bff3a90f350acf7,9387d1da6d5967e1,6b7e1f5b521de19b,,Open,2.4198904513070483,0.0,1,C1: Active Pipeline,,92.368225,92.36822509765625,,
7c01555acd5de419,ac2a5ee6878db2c2,6b7e1f5b521de19b,6f9a9c5f2856c8b3,Open,1589202.6235374336,0.0003703703703703,0,C0: High-Win,,867.05664,867.0562702546297,,
7c3017b5cc759477,6befd145c261113d,6b7e1f5b521de19b,,Open,194582.1135070848,0.0,3,C3: Large Open,,36.8445,36.84450149536133,,
7c4bcba011625935,6befd145c261113d,6b7e1f5b521de19b,6f9a9c5f2856c8b3,Open,98.49392076768088,37.04133101851852,1,C1: Active Pipeline,0.626,49.586243,12.54491165726273,61.65719440056823,36.83672636711265
7c5747ce3c1b8bd9,a66943a59bca7bfd,38080774be85927f,28c9c64e5918b06e,Open,1.170863568534039,1.1574074074074072e-05,1,C1: Active Pipeline,,54.642765,54.64275347109194,,
7c72bda663f73d28,6befd145c261113d,6b7e1f5b521de19b,6f9a9c5f2856c8b3,Open,50900.1368325458,9.25925925925926e-05,0,C0: High-Win,,50.189415,50.18932238543475,,
7c7355177ecf3ed8,6befd145c261113d,6b7e1f5b521de19b,d4f34f97b6d22a81,Open,749.6252703395677,8.101851851851852e-05,0,C0: High-Win,,26.32847,26.32838921158402,,
7c800b506037b18e,9387d1da6d5967e1,6b7e1f5b521de19b,,Open,27364.314495222257,0.0,3,C3: Large Open,0.568,63.05117,63.051170349121094,15542.930633286242,11821.383861936016
7c8267201ccebee2,4928d3c96935fb3f,6b7e1f5b521de19b,,Open,9648.963805727815,1.1574074074074072e-05,3,C3: Large Open,,90.33606,90.33604799623842,,
7c8c871b8fe0b7ea,6befd145c261113d,6b7e1f5b521de19b,6f9a9c5f2856c8b3,Open,316276.5681536606,72.95605324074074,3,C3: Large Open,0.43,132.27693,59.32087852195457,135998.92430607407,180277.6438475866
7c8e3ef00f25f597,1cdd086394501fee,6b7e1f5b521de19b,6f9a9c5f2856c8b3,Open,1.170863568534039,2.3148148148148147e-05,1,C1: Active Pipeline,,55.897198,55.89717457524053,,
7c8ea949ddc6b36c,6befd145c261113d,6b7e1f5b521de19b,d4f34f97b6d22a81,Open,3963.295336135367,63.54527777777778,3,C3: Large Open,0.53,57.49937,0.0,2100.5465281517445,1862.7488079836223
7cb555e2e0f7cdef,9387d1da6d5967e1,6b7e1f5b521de19b,,Open,11264.189824104717,1.1574074074074072e-05,3,C3: Large Open,,60.31514,60.31512819643374,,
7cd63abb16630e3e,6befd145c261113d,6b7e1f5b521de19b,6f9a9c5f2856c8b3,Open,45430.06071976735,109.12627314814814,3,C3: Large Open,0.5,110.43991,1.3136377405237312,22715.030359883676,22715.030359883676
7ce7cc441926b666,6befd145c261113d,6b7e1f5b521de19b,6f9a9c5f2856c8b3,Open,171922.9720937243,76.03040509259259,3,C3: Large Open,0.54,57.946644,0.0,92838.40493061113,79084.56716311317
7ce8875f31075d76,6befd145c261113d,6b7e1f5b521de19b,,Open,1.170863568534039,0.0,1,C1: Active Pipeline,0.384,126.96194,126.9619369506836,0.449611610317071,0.721251958216968
7cfac3417578e992,9387d1da6d5967e1,6b7e1f5b521de19b,6f9a9c5f2856c8b3,Open,1.170863568534039,1.1574074074074072e-05,1,C1: Active Pipeline,,83.66656,83.66654573793764,,
7d097ee336c2626c,ac2a5ee6878db2c2,6b7e1f5b521de19b,d4f34f97b6d22a81,Open,1.170863568534039,1.1574074074074072e-05,1,C1: Active Pipeline,,65.568504,65.56849275942201,,
7d125838cabdf4a4,a66943a59bca7bfd,fd10c5543bdbcbc9,d4f34f97b6d22a81,Open,1.170863568534039,1.1574074074074072e-05,1,C1: Active Pipeline,,62.34826,62.348247398093896,,
7d13b5b03b95a041,6befd145c261113d,6b7e1f5b521de19b,6f9a9c5f2856c8b3,Open,1676.53551806269,3.472222222222222e-05,1,C1: Active Pipeline,,41.40025,41.40021475897895,,
7d14edecc1aa9bae,6befd145c261113d,6b7e1f5b521de19b,6f9a9c5f2856c8b3,Open,1.170863568534039,2.3148148148148147e-05,1,C1: Active Pipeline,,57.614037,57.61401341191045,,
7d1945c0a5aff083,4928d3c96935fb3f,6b7e1f5b521de19b,,Open,721391.1250254059,141.83318287037036,3,C3: Large Open,0.18,393.8493,252.01612132884839,129850.40250457305,591540.7225208329
7d1a2b3bcc1f621f,ac2a5ee6878db2c2,6b7e1f5b521de19b,d4f34f97b6d22a81,Open,22717.492802832112,6.979675925925926,3,C3: Large Open,0.648,84.26347,77.28379758481626,14720.935336235209,7996.5574665969025
7d5871fcd7c31da4,6befd145c261113d,6b7e1f5b521de19b,6f9a9c5f2856c8b3,Open,60384.96438492454,4.629629629629629e-05,0,C0: High-Win,,30.080734,30.08068795663339,,
7d5a75c18979caf7,1cdd086394501fee,6b7e1f5b521de19b,6f9a9c5f2856c8b3,Open,1.170863568534039,1.1574074074074072e-05,1,C1: Active Pipeline,,66.204285,66.20427309389467,,
7d5a9ea3c4c2ac8d,6befd145c261113d,6b7e1f5b521de19b,6f9a9c5f2856c8b3,Open,98.49392076768088,24.150023148148147,1,C1: Active Pipeline,0.688,48.515804,24.365781142623337,67.76381748816443,30.730103279516438
7d603cb9eb92d322,9387d1da6d5967e1,6b7e1f5b521de19b,d4f34f97b6d22a81,Open,348.4498373167424,1.1574074074074072e-05,1,C1: Active Pipeline,,26.029764,26.029752601340967,,
7d7dcb152b911140,ac2a5ee6878db2c2,6b7e1f5b521de19b,6f9a9c5f2856c8b3,Open,1.170863568534039,1.1574074074074072e-05,1,C1: Active Pipeline,,68.69754,68.69752870912905,,
7d7e4d5efb6a85ef,6befd145c261113d,6b7e1f5b521de19b,,Open,1875334.4167467568,350.00810185185185,3,C3: Large Open,0.408,1283.5774,933.5692907262732,765136.4420326767,1110197.97471408
7db19eeb243f47bd,1cdd086394501fee,6b7e1f5b521de19b,6f9a9c5f2856c8b3,Open,37106.30280581367,13.777476851851851,3,C3: Large Open,0.3726666666666667,373.2498,359.47230952510125,13828.282178966561,23278.02062684711
7dc6bfb5859437bd,1cdd086394501fee,6b7e1f5b521de19b,6f9a9c5f2856c8b3,Open,1.170863568534039,1.1574074074074072e-05,1,C1: Active Pipeline,,63.121986,63.121974815086084,,
7dcc6227c3cad76e,9387d1da6d5967e1,6b7e1f5b521de19b,,Open,1.170863568534039,1.1574074074074072e-05,1,C1: Active Pipeline,,63.759426,63.75941454286929,,
7dcd8a0fe3c66308,a66943a59bca7bfd,7545e34e09ae9cad,28c9c64e5918b06e,Open,1296814.0840430467,162.03239583333334,3,C3: Large Open,0.46,135.05133,0.0,596534.4786598015,700279.6053832453
7e00d879de37c016,6befd145c261113d,6b7e1f5b521de19b,6f9a9c5f2856c8b3,Open,19148.06569818277,3.472222222222222e-05,3,C3: Large Open,,50.740055,50.74002036200629,,
7e0bda3250f40b2c,a66943a59bca7bfd,38080774be85927f,28c9c64e5918b06e,Open,381.9983699690621,2.3148148148148147e-05,1,C1: Active Pipeline,,28.468407,28.468383529097945,,
7e13fff93e90d32a,1cdd086394501fee,6b7e1f5b521de19b,6f9a9c5f2856c8b3,Open,227335.2759677244,200.9179513888889,3,C3: Large Open,,139.01366,0.0,,
7e2eafa8b934bcdd,1cdd086394501fee,6b7e1f5b521de19b,6f9a9c5f2856c8b3,Open,148204.74037875893,0.0023263888888888,3,C3: Large Open,,157.44089,157.438561062283,,
7e2f9f62524775af,1cdd086394501fee,6b7e1f5b521de19b,,Open,11338.365398214037,1.1574074074074072e-05,3,C3: Large Open,,58.470673,58.4706610333478,,
7e2fee55db647435,4928d3c96935fb3f,6b7e1f5b521de19b,,Open,7462.549718226731,431.8775810185185,3,C3: Large Open,,62.23693,0.0,,
7e30655ee49f4922,ac2a5ee6878db2c2,6b7e1f5b521de19b,6f9a9c5f2856c8b3,Open,1.170863568534039,0.0004861111111111,1,C1: Active Pipeline,,250.29774,250.29725863986545,,
7e3bd32e3dd535e2,1cdd086394501fee,6b7e1f5b521de19b,,Open,100888.69199902058,0.0714236111111111,3,C3: Large Open,,48.737644,48.66622058444553,,
7e44b3e6e75fd95f,4928d3c96935fb3f,6b7e1f5b521de19b,6f9a9c5f2856c8b3,Open,1944871.4868792323,275.89769675925925,3,C3: Large Open,0.242,302.50467,26.606972430193878,470658.8998247742,1474212.5870544582
7e44f0f74a2830a7,ac2a5ee6878db2c2,6b7e1f5b521de19b,d4f34f97b6d22a81,Open,15380.385086944978,11.22224537037037,0,C0: High-Win,0.866,41.084583,29.862337912100333,13319.413485294352,2060.9716016506272
7e474d71fe105373,9387d1da6d5967e1,6b7e1f5b521de19b,,Open,12483.414223318268,0.0,3,C3: Large Open,,173.00844,173.00843811035156,,
7e53c894032019a0,6befd145c261113d,6b7e1f5b521de19b,6f9a9c5f2856c8b3,Open,1.170863568534039,1.1574074074074072e-05,1,C1: Active Pipeline,,55.092846,55.092834342673974,,
7e573d2f712f962b,4928d3c96935fb3f,6b7e1f5b521de19b,,Open,3516.028564166581,18.997939814814814,3,C3: Large Open,,232.7731,213.77516199182583,,
7e80a56702d926e1,9387d1da6d5967e1,6b7e1f5b521de19b,,Open,35845.270270304114,140.01371527777778,3,C3: Large Open,0.092,123.959496,0.0,3297.7648648679783,32547.505405436135
7e943e3c5bf850f5,ac2a5ee6878db2c2,6b7e1f5b521de19b,d4f34f97b6d22a81,Open,81328.24276572846,22.25252314814815,3,C3: Large Open,0.394,76.732315,54.47979191532841,32043.327649697014,49284.91511603144
7e958ecdcd31efae,6befd145c261113d,6b7e1f5b521de19b,6f9a9c5f2856c8b3,Open,227515.3501793176,32.751157407407405,3,C3: Large Open,0.348,339.5096,306.758455629702,79175.34186240252,148340.00831691507
7e970cbad814e337,4928d3c96935fb3f,6b7e1f5b521de19b,,Open,54608.54408792734,0.7572337962962963,3,C3: Large Open,,36.63867,35.8814380787037,,
7e9facd04c7b80b3,9387d1da6d5967e1,6b7e1f5b521de19b,,Open,5655.969519442425,106.0897337962963,3,C3: Large Open,0.16,99.72501,0.0,904.955123110788,4751.014396331637
7ea6b44376ddbc79,a66943a59bca7bfd,6ab36d9b02cbcf6b,28c9c64e5918b06e,Open,39747.982808026936,139.23200231481482,3,C3: Large Open,0.334,147.35233,8.120323124638304,13275.826257880997,26472.156550145937
7ea88ee1babd6f81,ac2a5ee6878db2c2,6b7e1f5b521de19b,d4f34f97b6d22a81,Open,1.170863568534039,32.935520833333335,1,C1: Active Pipeline,,92.24239,59.30687266031901,,
7ebbf691ebdbc69f,6befd145c261113d,6b7e1f5b521de19b,,Open,76057.68653515907,0.0,0,C0: High-Win,,26.046047,26.04604721069336,,
7edebd345f9e719a,9387d1da6d5967e1,6b7e1f5b521de19b,,Open,2.4198904513070483,21.85707175925926,1,C1: Active Pipeline,,130.39145,108.53437721535012,,
7ee3f941fe9f4e61,a66943a59bca7bfd,ddbd249e57ed6b40,28c9c64e5918b06e,Open,1.170863568534039,1.1574074074074072e-05,1,C1: Active Pipeline,,60.51524,60.5152281415021,,
7ee69733c9e2fe42,6befd145c261113d,6b7e1f5b521de19b,6f9a9c5f2856c8b3,Open,1379.583775305976,1.1574074074074072e-05,1,C1: Active Pipeline,,28.837309,28.83729730959292,,
7ee8a9f1920ba486,1cdd086394501fee,6b7e1f5b521de19b,,Open,9648.963805727815,1.1574074074074072e-05,3,C3: Large Open,,265.40207,265.4020575177228,,
7eeffcd164f508e6,ac2a5ee6878db2c2,6b7e1f5b521de19b,6f9a9c5f2856c8b3,Open,1.170863568534039,0.0,1,C1: Active Pipeline,,112.60633,112.60633087158203,,
7f070afa01e2b1c8,9387d1da6d5967e1,6b7e1f5b521de19b,d4f34f97b6d22a81,Open,35656.06447401725,0.0534722222222222,3,C3: Large Open,0.264,123.00481,122.95133429633246,9413.201021140554,26242.863452876696
7f0be165b8cd64ab,4928d3c96935fb3f,6b7e1f5b521de19b,,Open,2.4198904513070483,1.1574074074074072e-05,1,C1: Active Pipeline,,163.77867,163.77865969057436,,
7f0d3642b938e0fe,9387d1da6d5967e1,6b7e1f5b521de19b,,Open,1142516.5739471884,3.472222222222222e-05,3,C3: Large Open,,86.1387,86.1386676703559,,
7f0f58b71f31fc95,6befd145c261113d,6b7e1f5b521de19b,6f9a9c5f2856c8b3,Open,98.49392076768088,21.954641203703705,1,C1: Active Pipeline,0.56,51.060688,29.106046815095123,55.1565956299013,43.33732513777958
7f13cca0e4880df7,6befd145c261113d,6b7e1f5b521de19b,6f9a9c5f2856c8b3,Open,444327.0547251031,179.25702546296296,3,C3: Large Open,0.15,377.95743,198.70040251555267,66649.05820876546,377677.9965163376
7f13d8bc37180fd1,ac2a5ee6878db2c2,255414ab73601d72,28c9c64e5918b06e,Open,6009.906030357736,1.1574074074074072e-05,3,C3: Large Open,0.39,139.16713,139.16711794252748,2343.8633518395172,3666.042678518219
7f39804af92b3fe1,9387d1da6d5967e1,6b7e1f5b521de19b,,Open,1.170863568534039,0.0002546296296296,1,C1: Active Pipeline,,130.51985,130.51959705494068,,
7f73609b1896e7c3,1cdd086394501fee,52838e14fa2f9ca3,,Open,11875.76404329903,0.0,0,C0: High-Win,,21.605135,21.605134963989258,,
7f8232fce3ee1be9,9387d1da6d5967e1,6b7e1f5b521de19b,,Open,557449.2948030367,645.2497916666666,3,C3: Large Open,0.354,289.47803,0.0,197337.050360275,360112.24444276176
7f852d455e713bce,9387d1da6d5967e1,6b7e1f5b521de19b,d4f34f97b6d22a81,Open,988.738918391998,3.472222222222222e-05,1,C1: Active Pipeline,,57.849213,57.84917792426215,,
7f8bfb81df588db9,6befd145c261113d,6b7e1f5b521de19b,6f9a9c5f2856c8b3,Open,12107.048051886935,2.3148148148148147e-05,3,C3: Large Open,,34.567963,34.56793949833623,,
7fb587e2ea505408,a66943a59bca7bfd,7545e34e09ae9cad,,Open,1.170863568534039,1.1574074074074072e-05,1,C1: Active Pipeline,,106.21571,106.21570192690248,,
7fb9d48af29ae124,ac2a5ee6878db2c2,6b7e1f5b521de19b,6f9a9c5f2856c8b3,Open,1.170863568534039,1.1574074074074072e-05,1,C1: Active Pipeline,,53.304413,53.3044012677228,,
7fbf42700828633d,9387d1da6d5967e1,6b7e1f5b521de19b,,Open,97448.11793908857,0.0,3,C3: Large Open,,383.9081,383.9081115722656,,
7fc98925cee3b34d,9387d1da6d5967e1,6b7e1f5b521de19b,,Open,33215.42012051668,51.03049768518518,3,C3: Large Open,0.63,68.28135,17.250851496943724,20925.714675925512,12289.705444591173
7fd52233ddedd614,6befd145c261113d,6b7e1f5b521de19b,,Open,270801.9611719012,0.0211574074074074,3,C3: Large Open,0.178,136.55658,136.53542218243635,48202.749088598415,222599.21208330282
7fe0a00c7bec5520,9387d1da6d5967e1,062b9e5a52eb6d8e,,Open,1.170863568534039,3.472222222222222e-05,1,C1: Active Pipeline,,143.86679,143.86675604926216,,
8018ecc160cec6b9,6befd145c261113d,6b7e1f5b521de19b,6f9a9c5f2856c8b3,Open,98.49392076768088,103.0820949074074,1,C1: Active Pipeline,0.496,91.428154,0.0,48.85298470076972,49.64093606691116
8026655598b11378,6befd145c261113d,6b7e1f5b521de19b,d4f34f97b6d22a81,Open,5586.170697992991,124.65451388888889,3,C3: Large Open,0.436,72.788925,0.0,2435.5704243249443,3150.6002736680475
803854511a716839,6befd145c261113d,6b7e1f5b521de19b,6f9a9c5f2856c8b3,Open,36754.75787348106,2.1067824074074077,0,C0: High-Win,,44.299004,42.19222119366681,,
804ca50b29e0c5d2,6befd145c261113d,6b7e1f5b521de19b,6f9a9c5f2856c8b3,Open,21473.814348114956,32.98103009259259,3,C3: Large Open,0.378,337.80225,304.8212160011574,8117.1018235874535,13356.712524527502
806e5c49f76661c3,6befd145c261113d,6b7e1f5b521de19b,6f9a9c5f2856c8b3,Open,1513.303966626723,0.0,1,C1: Active Pipeline,0.472,44.14204,44.14204025268555,714.2794722478133,799.0244943789097
80919b393e513fe1,9387d1da6d5967e1,6b7e1f5b521de19b,,Open,105254.60127064632,0.0,3,C3: Large Open,0.3,441.84033,441.84033203125,31576.380381193896,73678.22088945242
8096f2187fc78267,6befd145c261113d,6b7e1f5b521de19b,6f9a9c5f2856c8b3,Open,1.170863568534039,429.0165393518519,3,C3: Large Open,,66.40863,0.0,,
80b11ff10c0d1870,6befd145c261113d,6b7e1f5b521de19b,6f9a9c5f2856c8b3,Open,98.49392076768088,20.934212962962963,1,C1: Active Pipeline,0.646,47.35026,26.41604872526946,63.62707281592185,34.86684795175903
80bad48070b39378,6befd145c261113d,6b7e1f5b521de19b,,Open,4666113.343469918,0.0004398148148148,3,C3: Large Open,0.346,1527.1516,1527.1511715133101,1614475.2168405915,3051638.1266293265
80c0b194abfe5b5b,1cdd086394501fee,6b7e1f5b521de19b,,Open,11264.189824104717,0.0,0,C0: High-Win,,25.351374,25.35137367248535,,
80ca07a5db25d228,ac2a5ee6878db2c2,6b7e1f5b521de19b,6f9a9c5f2856c8b3,Open,1.170863568534039,1.1574074074074072e-05,1,C1: Active Pipeline,,69.169,69.16898714418764,,
80f5024086b427ea,a66943a59bca7bfd,7608f4f5fafe9b10,28c9c64e5918b06e,Open,127023.05996936504,57.14576388888889,2,C2: High-Win,0.62,189.89955,132.75378750271267,78754.29718100633,48268.76278835872
80f940df6fc7482e,ac2a5ee6878db2c2,6b7e1f5b521de19b,6f9a9c5f2856c8b3,Open,751498.662355294,56.59820601851852,3,C3: Large Open,,1219.3787,1162.7804560908564,,
810040e1928e7df0,a66943a59bca7bfd,ddbd249e57ed6b40,28c9c64e5918b06e,Open,408.7807096991381,2.3148148148148147e-05,1,C1: Active Pipeline,,23.715693,23.715669371993453,,
8108e98975f11a77,4928d3c96935fb3f,6b7e1f5b521de19b,6f9a9c5f2856c8b3,Open,51906.19425374672,99.87511574074074,3,C3: Large Open,0.254,392.25677,292.381659161603,13184.173340451667,38722.020913295055
81190fbcfdf0f679,1cdd086394501fee,6b7e1f5b521de19b,,Open,157618.2006846855,17.152662037037036,3,C3: Large Open,0.504,207.86806,190.71539521393953,79439.5731450815,78178.627539604
812c1e5610a8f59a,6befd145c261113d,6b7e1f5b521de19b,6f9a9c5f2856c8b3,Open,22305.354471007373,16.201574074074074,3,C3: Large Open,0.81,116.32203,100.12045503969546,18067.337121515975,4238.0173494914
813b8c3063101f70,6befd145c261113d,6b7e1f5b521de19b,6f9a9c5f2856c8b3,Open,98.49392076768088,3.472222222222222e-05,1,C1: Active Pipeline,,59.74728,59.747245398627385,,
814832355085755a,6befd145c261113d,6b7e1f5b521de19b,6f9a9c5f2856c8b3,Open,98.49392076768088,1.1574074074074072e-05,1,C1: Active Pipeline,,55.826054,55.82604204531069,,
815e17c72a77c175,6befd145c261113d,6b7e1f5b521de19b,,Open,11840574.637059549,323.0300925925926,3,C3: Large Open,0.438,209.17528,0.0,5186171.691032083,6654402.946027467
8178c2fb17a02a5e,1cdd086394501fee,6ab36d9b02cbcf6b,,Open,8290.869253090716,2.3148148148148147e-05,3,C3: Large Open,,69.22485,69.22483036747686,,
817f7e7ce544e625,a66943a59bca7bfd,255414ab73601d72,,Open,1.170863568534039,0.0,1,C1: Active Pipeline,,56.9021,56.902099609375,,
8181fa49e4712464,1cdd086394501fee,674ec33189ed753c,,Open,25102.753943361105,0.0,3,C3: Large Open,,66.91273,66.91272735595703,,
8198305b29e3ac8a,4928d3c96935fb3f,6b7e1f5b521de19b,,Open,18459.22936713339,270.75443287037035,4,C4: Mid-Range,,389.74503,118.99059276439527,,
81d86d4297940aba,4928d3c96935fb3f,6b7e1f5b521de19b,,Open,12361.95339454843,451.9881018518519,3,C3: Large Open,,260.52338,0.0,,
81e640ab3acadc56,6befd145c261113d,6b7e1f5b521de19b,6f9a9c5f2856c8b3,Open,98.49392076768088,29.029918981481483,1,C1: Active Pipeline,,49.145554,20.115634607385704,,
81f66410ee933c68,9387d1da6d5967e1,6b7e1f5b521de19b,,Open,1.170863568534039,2.3148148148148147e-05,1,C1: Active Pipeline,,76.92072,76.92069981327764,,
820e591c795c25e7,9387d1da6d5967e1,6b7e1f5b521de19b,,Open,2.4198904513070483,0.0,1,C1: Active Pipeline,,90.64531,90.64530944824219,,
821c2ad09552bc2b,ef9b14cf5a29c54a,6b7e1f5b521de19b,,Open,1308890.6057208087,145.27375,3,C3: Large Open,0.136,179.5313,34.25754577636718,178009.12237803,1130881.4833427786
822b12db26aad35e,6befd145c261113d,6b7e1f5b521de19b,6f9a9c5f2856c8b3,Open,121455.08189063956,130.0537962962963,3,C3: Large Open,0.702,65.232544,0.0,85261.46748722896,36193.6144034106
824fd1a04eb594d9,a66943a59bca7bfd,ac6153076817c20f,28c9c64e5918b06e,Open,177339.28720029254,238.8154861111111,3,C3: Large Open,0.014,74.76805,0.0,2482.7500208040956,174856.53717948846
8272cd7f05f3fd79,9387d1da6d5967e1,6b7e1f5b521de19b,d4f34f97b6d22a81,Open,80797.21539825796,149.79202546296295,3,C3: Large Open,0.392,86.3318,0.0,31672.50843611712,49124.70696214084
827a01e7f93eba1a,6befd145c261113d,6ab36d9b02cbcf6b,28c9c64e5918b06e,Open,647.4751216712075,0.0075,1,C1: Active Pipeline,,72.917984,72.91048400878907,,
82811b2b29104f94,6befd145c261113d,6b7e1f5b521de19b,,Open,5182695.33770518,350.0140509259259,3,C3: Large Open,0.446,740.37286,390.35881284360534,2311482.1206165105,2871213.21708867
82a342152c053c23,9387d1da6d5967e1,6b7e1f5b521de19b,,Open,9648.963805727815,0.000162037037037,0,C0: High-Win,0.868,37.30121,37.301046459056714,8375.300583371743,1273.6632223560716
82a84c26b82024e9,6befd145c261113d,6b7e1f5b521de19b,d4f34f97b6d22a81,Open,4308.753090860871,111.93572916666666,3,C3: Large Open,0.276,108.264,0.0,1189.2158530776005,3119.537237783271
82a976f0cea3e996,1cdd086394501fee,6b7e1f5b521de19b,6f9a9c5f2856c8b3,Open,1.170863568534039,2.3148148148148147e-05,1,C1: Active Pipeline,,60.43894,60.438914992720996,,
82b85074b172428f,4928d3c96935fb3f,674ec33189ed753c,,Open,8269.642544488683,2.3148148148148147e-05,3,C3: Large Open,,30.062767,30.062743880660445,,
82ce7253b01964d1,ac2a5ee6878db2c2,6b7e1f5b521de19b,6f9a9c5f2856c8b3,Open,7758456.505483561,2.3148148148148147e-05,3,C3: Large Open,,2204.46,2204.459937789352,,
82e1ba1a679db353,6befd145c261113d,6b7e1f5b521de19b,6f9a9c5f2856c8b3,Open,158819.20286162756,2.156898148148148,3,C3: Large Open,0.454,62.678867,60.521969191939746,72103.91809917892,86715.28476244866
82fd7f065133ac06,6befd145c261113d,6b7e1f5b521de19b,6f9a9c5f2856c8b3,Open,8345.747103271866,234.03260416666663,3,C3: Large Open,0.418,55.029648,0.0,3488.52228916764,4857.224814104226
82fdcdf8d7dbf758,6befd145c261113d,6b7e1f5b521de19b,6f9a9c5f2856c8b3,Open,51795.421351033205,0.0037962962962962,0,C0: High-Win,,41.201912,41.19811562997324,,
831797877847b100,1cdd086394501fee,674ec33189ed753c,,Open,35845.270270304114,151.22157407407408,3,C3: Large Open,0.114,217.33183,66.1102588116681,4086.360810814669,31758.909459489445
831a2d9c700d564c,a66943a59bca7bfd,e366e0e543d0c5cd,28c9c64e5918b06e,Open,1.170863568534039,0.0,1,C1: Active Pipeline,,34.64091,34.64091110229492,,
83265d3a00182d63,6befd145c261113d,6b7e1f5b521de19b,6f9a9c5f2856c8b3,Open,98.49392076768088,3.472222222222222e-05,1,C1: Active Pipeline,,69.994514,69.9944797431098,,
832cafb9ededb958,6befd145c261113d,6b7e1f5b521de19b,6f9a9c5f2856c8b3,Open,22155.37909997823,3.472222222222222e-05,0,C0: High-Win,,53.07473,53.07469519721137,,
832d09eb7a404308,9387d1da6d5967e1,6b7e1f5b521de19b,,Open,11264.189824104717,1.1574074074074072e-05,3,C3: Large Open,,74.08358,74.08356844301576,,
832f9e554c1b0f72,6befd145c261113d,6b7e1f5b521de19b,6f9a9c5f2856c8b3,Open,22183.238729043656,6.944444444444444e-05,0,C0: High-Win,,49.960323,49.96025388929579,,
83353ba1ab81afff,1cdd086394501fee,6b7e1f5b521de19b,6f9a9c5f2856c8b3,Open,1.170863568534039,2.3148148148148147e-05,1,C1: Active Pipeline,,75.45856,75.4585339807581,,
8342517410d618c5,1cdd086394501fee,6b7e1f5b521de19b,6f9a9c5f2856c8b3,Open,163071.420129746,146.943125,3,C3: Large Open,0.124,112.96682,0.0,20220.856096088504,142850.5640336575
8351c56a003f755b,1cdd086394501fee,6b7e1f5b521de19b,6f9a9c5f2856c8b3,Open,1.170863568534039,0.0058449074074074,1,C1: Active Pipeline,,64.06372,64.05787579571759,,
83562d7b51ebfa85,a66943a59bca7bfd,75c64824a2a4e380,28c9c64e5918b06e,Open,1.170863568534039,98.90707175925924,1,C1: Active Pipeline,0.504,62.335327,0.0,0.5901152385411557,0.5807483299928833
8356a23bd768c3a0,ac2a5ee6878db2c2,6b7e1f5b521de19b,6f9a9c5f2856c8b3,Open,132249.85275192247,199.0820138888889,3,C3: Large Open,0.114,455.93585,256.8538381618923,15076.483213719162,117173.36953820332
835a7d4b369db97a,6befd145c261113d,6b7e1f5b521de19b,6f9a9c5f2856c8b3,Open,23501.294612513047,31.100844907407406,0,C0: High-Win,0.482,59.228977,28.128132295961734,11327.624003231289,12173.670609281759
836038987323fbb6,6befd145c261113d,6b7e1f5b521de19b,6f9a9c5f2856c8b3,Open,2615826.4497860987,294.0780324074074,3,C3: Large Open,0.456,1245.5562,951.4781199363426,1192816.861102461,1423009.5886836378
8363fdc60869ddfe,6befd145c261113d,6b7e1f5b521de19b,,Open,1.170863568534039,1.1574074074074072e-05,1,C1: Active Pipeline,,66.96019,66.96017824526186,,
837643b2f2accbf1,1cdd086394501fee,6b7e1f5b521de19b,6f9a9c5f2856c8b3,Open,484955.8365586912,252.2941898148148,3,C3: Large Open,0.358,737.19244,484.89825403284146,173614.18948801144,311341.64707067976
8383c3b07f4b25d2,9387d1da6d5967e1,6b7e1f5b521de19b,6f9a9c5f2856c8b3,Open,31412.512075406656,269.98445601851853,0,C0: High-Win,0.77,82.67529,0.0,24187.634298063127,7224.87777734353
83bbf44e50c97fa3,9387d1da6d5967e1,6b7e1f5b521de19b,,Open,35845.270270304114,1019.157175925926,3,C3: Large Open,0.084,461.6996,0.0,3011.0027027055457,32834.26756759857
83d9451f51420d2a,ef9b14cf5a29c54a,6b7e1f5b521de19b,,Open,3024573.7737894068,360.9650810185185,3,C3: Large Open,0.216,123.63429,0.0,653307.9351385118,2371265.838650895
841e8c8565c2ab26,9387d1da6d5967e1,6b7e1f5b521de19b,,Open,2.4198904513070483,1.1574074074074072e-05,1,C1: Active Pipeline,,388.52203,388.5220221173322,,
8423df44cbd06ea8,a66943a59bca7bfd,6ab36d9b02cbcf6b,28c9c64e5918b06e,Open,1973.0182028967768,2.3148148148148147e-05,1,C1: Active Pipeline,,51.04332,51.04329655400029,,
84278bea5ba4f32a,ac2a5ee6878db2c2,6b7e1f5b521de19b,6f9a9c5f2856c8b3,Open,4077677.676946911,1.1574074074074072e-05,4,C4: Mid-Range,,549.8152,549.815173972801,,
8457a6c62d5230bd,1cdd086394501fee,6b7e1f5b521de19b,6f9a9c5f2856c8b3,Open,558415.2817317194,1.1574074074074072e-05,0,C0: High-Win,,45.716125,45.71611391420718,,
845f76c699a38006,9387d1da6d5967e1,6b7e1f5b521de19b,,Open,21273.147061594493,108.99914351851852,2,C2: High-Win,0.832,150.52693,41.52778824417679,17699.258355246617,3573.8887063478755
849043aa86f82c66,6befd145c261113d,6b7e1f5b521de19b,6f9a9c5f2856c8b3,Open,1858.774974895116,0.0105787037037037,0,C0: High-Win,,60.53608,60.52550070303458,,
8496b150e8833f9a,1cdd086394501fee,6b7e1f5b521de19b,6f9a9c5f2856c8b3,Open,38347.69299749703,10.000914351851852,3,C3: Large Open,0.3606666666666667,366.21817,356.21725581416376,13830.73460776393,24516.958389733103
84a85d4ea897c385,9387d1da6d5967e1,6b7e1f5b521de19b,,Open,3303.290441942712,0.0,3,C3: Large Open,,54.844913,54.844913482666016,,
84ab78ed5fe8e5ee,ef9b14cf5a29c54a,6b7e1f5b521de19b,,Open,5083.8994500666495,1.1574074074074072e-05,3,C3: Large Open,,125.34954,125.34952913637514,,
84bdcd09ec1f3305,6befd145c261113d,6b7e1f5b521de19b,,Open,438825.0534271956,408.2049305555556,3,C3: Large Open,0.252,259.5322,0.0,110583.91346365328,328241.1399635423
84c84e2911453c78,9387d1da6d5967e1,6b7e1f5b521de19b,,Open,2.4198904513070483,1.1574074074074072e-05,1,C1: Active Pipeline,,102.696815,102.69680391664858,,
84d8891940f4182e,9387d1da6d5967e1,6b7e1f5b521de19b,,Open,35845.270270304114,0.0,3,C3: Large Open,,284.10068,284.1006774902344,,
84e3e05aacff6b4e,4928d3c96935fb3f,6b7e1f5b521de19b,,Open,3391.863497755878,1.1574074074074072e-05,3,C3: Large Open,,56.585636,56.58562456484194,,
8501bb8f081e3cd7,ac2a5ee6878db2c2,6b7e1f5b521de19b,6f9a9c5f2856c8b3,Open,1.170863568534039,1.1574074074074072e-05,1,C1: Active Pipeline,,75.72959,75.72957979555483,,
8512e6ba5dc8ed78,1cdd086394501fee,6b7e1f5b521de19b,6f9a9c5f2856c8b3,Open,2072.565785667712,0.0086342592592592,3,C3: Large Open,0.394,225.04208,225.03344948097512,816.5909195530786,1255.9748661146334
854c15d98d72ed1e,9387d1da6d5967e1,6b7e1f5b521de19b,,Open,11485.134609700684,1.1574074074074072e-05,3,C3: Large Open,,49.99315,49.993137229636865,,
854dc8772f015d65,a66943a59bca7bfd,fd10c5543bdbcbc9,d4f34f97b6d22a81,Open,1.170863568534039,1.1574074074074072e-05,1,C1: Active Pipeline,,62.95876,62.958747733787256,,
855c24db846ea444,a66943a59bca7bfd,47dc86e9ce418791,,Open,25102.753943361105,0.0013541666666666,3,C3: Large Open,,144.79237,144.7910194905599,,
8570bbb4e108f3e2,ac2a5ee6878db2c2,6b7e1f5b521de19b,6f9a9c5f2856c8b3,Open,302459.82151904114,151.08886574074074,3,C3: Large Open,0.382,80.68768,0.0,115539.65182027372,186920.16969876742
85905026b3668ae1,4928d3c96935fb3f,6b7e1f5b521de19b,,Open,1.170863568534039,2.3148148148148147e-05,1,C1: Active Pipeline,,33.63228,33.63225529423467,,
8598aae973477d8f,9387d1da6d5967e1,6b7e1f5b521de19b,,Open,14040.053391845024,1.1574074074074072e-05,3,C3: Large Open,,35.544106,35.544093955711084,,
85c6c942bd8b143a,a66943a59bca7bfd,255414ab73601d72,28c9c64e5918b06e,Open,1.170863568534039,0.0,1,C1: Active Pipeline,,64.51875,64.51875305175781,,
85cfc8e4d9daff01,a66943a59bca7bfd,95a23e7fbcc5841e,28c9c64e5918b06e,Open,23015.63858680752,4.629629629629629e-05,3,C3: Large Open,,51.25138,51.25133462411386,,
85d6dbee50f6c3b7,4928d3c96935fb3f,6b7e1f5b521de19b,6f9a9c5f2856c8b3,Open,685172.6880975167,0.0051851851851851,3,C3: Large Open,0.442,305.08096,305.0757779495804,302846.3281391024,382326.35995841434
85ec0c307eeb0057,ac2a5ee6878db2c2,6b7e1f5b521de19b,6f9a9c5f2856c8b3,Open,3106116.456208467,9.25925925925926e-05,0,C0: High-Win,,185.51097,185.51087847674336,,
85ee21213d2dd529,9387d1da6d5967e1,6b7e1f5b521de19b,,Open,2.4198904513070483,1.1574074074074072e-05,1,C1: Active Pipeline,,367.73636,367.7363470685041,,
85fbca26f9bb0af9,a66943a59bca7bfd,6b7e1f5b521de19b,28c9c64e5918b06e,Open,41583.795062843936,1333.2774537037037,3,C3: Large Open,0.16,88.546104,0.0,6653.40721005503,34930.3878527889
8619f06c59255f1e,6befd145c261113d,6b7e1f5b521de19b,6f9a9c5f2856c8b3,Open,98.49392076768088,1.1574074074074072e-05,1,C1: Active Pipeline,0.498,68.00075,68.00073610658998,49.04997254230508,49.4439482253758
861e6aadc0fac74f,1cdd086394501fee,6b7e1f5b521de19b,6f9a9c5f2856c8b3,Open,1.170863568534039,1.1574074074074072e-05,1,C1: Active Pipeline,,70.242874,70.24286257143373,,
86274762faa0e0c9,ac2a5ee6878db2c2,6b7e1f5b521de19b,6f9a9c5f2856c8b3,Open,1330.796369460671,0.0199537037037037,1,C1: Active Pipeline,,32.10436,32.084404969392,,
86321e9805194b5d,ac2a5ee6878db2c2,6b7e1f5b521de19b,d4f34f97b6d22a81,Open,729534.2850780489,0.9072569444444444,4,C4: Mid-Range,,187.90466,186.99740614149306,,
8652201350e95d25,6befd145c261113d,6b7e1f5b521de19b,6f9a9c5f2856c8b3,Open,98.49392076768088,5.787037037037037e-05,1,C1: Active Pipeline,,61.000282,61.00022441722729,,
866484163704df49,9387d1da6d5967e1,6b7e1f5b521de19b,,Open,2.4198904513070483,1.1574074074074072e-05,1,C1: Active Pipeline,,152.03645,152.03644167299623,,
867bf555f8eff327,ac2a5ee6878db2c2,75c64824a2a4e380,6f9a9c5f2856c8b3,Open,28722.30641567273,2.3148148148148147e-05,3,C3: Large Open,,36.508865,36.50884220829717,,
867fc3c3c62eb772,9387d1da6d5967e1,6b7e1f5b521de19b,,Open,15566.162911287942,1.1574074074074072e-05,0,C0: High-Win,,39.667946,39.667934287742334,,
868bd41bc8592cca,9387d1da6d5967e1,6b7e1f5b521de19b,,Open,25102.753943361105,1.1574074074074072e-05,3,C3: Large Open,,52.581253,52.58124147768374,,
868cf8c5df1360d1,1cdd086394501fee,a3bb89b2911fd833,,Open,7622.275919791999,1.1574074074074072e-05,3,C3: Large Open,0.44,247.13339,247.1333807599103,3353.8014047084794,4268.47451508352
86cf16be391ef3b9,6befd145c261113d,6b7e1f5b521de19b,6f9a9c5f2856c8b3,Open,1579.8354858188534,2.3148148148148147e-05,1,C1: Active Pipeline,,47.701603,47.70157978764287,,
86e4e86c37f672a1,ef9b14cf5a29c54a,6b7e1f5b521de19b,,Open,1.170863568534039,472.79971064814816,1,C1: Active Pipeline,0.366,453.90588,0.0,0.42853606608345823,0.7423275024505807
86e934cd6ce43ea7,6befd145c261113d,6b7e1f5b521de19b,6f9a9c5f2856c8b3,Open,489397.2552611308,8.038368055555555,3,C3: Large Open,,50.665142,42.62677400377062,,
86ece2bea23f2a27,9387d1da6d5967e1,6b7e1f5b521de19b,,Open,524417.177630072,1489.9904282407408,3,C3: Large Open,0.296,231.37733,0.0,155227.48457850132,369189.6930515707
8701530880f0f1fb,6befd145c261113d,6b7e1f5b521de19b,6f9a9c5f2856c8b3,Open,98.49392076768088,20.754953703703706,1,C1: Active Pipeline,0.74,50.338734,29.583779969391998,72.88550136808385,25.60841939959703
87089ae835f0e21a,1cdd086394501fee,6b7e1f5b521de19b,6f9a9c5f2856c8b3,Open,52352.15092574556,169.0670601851852,3,C3: Large Open,0.498,89.4827,0.0,26071.37116102129,26280.779764724273
870cc87eff098340,1cdd086394501fee,6b7e1f5b521de19b,6f9a9c5f2856c8b3,Open,24659.214040497674,0.002974537037037,3,C3: Large Open,,47.8229,47.81992432770906,,
870e6fece3a3ab75,1cdd086394501fee,c5340170d170e6cd,,Open,16931.403345871087,1.1574074074074072e-05,3,C3: Large Open,,93.18448,93.18446718569155,,
871641443e5680cc,6befd145c261113d,6b7e1f5b521de19b,6f9a9c5f2856c8b3,Open,1.170863568534039,2.3148148148148147e-05,1,C1: Active Pipeline,,42.370266,42.370242812545214,,
871c353e6af28131,9387d1da6d5967e1,6b7e1f5b521de19b,,Open,5126.849721354915,1.1574074074074072e-05,3,C3: Large Open,,42.72744,42.72742830629702,,
871e2280bbac0a55,1cdd086394501fee,6b7e1f5b521de19b,6f9a9c5f2856c8b3,Open,55852.94395346436,376.7922222222222,3,C3: Large Open,0.448,106.85605,0.0,25022.118891152033,30830.82506231233
8762d1c6ab818629,6befd145c261113d,6b7e1f5b521de19b,,Open,23783.64824935763,0.0,3,C3: Large Open,,36.818974,36.818973541259766,,
87687a190f6d74c0,a66943a59bca7bfd,fc3655a0b667e091,28c9c64e5918b06e,Open,4686671.904337304,1.5520486111111111,3,C3: Large Open,0.22,1417.7372,1416.1851340060764,1031067.8189542068,3655604.085383097
876e782ca08ea3f3,6befd145c261113d,6b7e1f5b521de19b,6f9a9c5f2856c8b3,Open,1.170863568534039,1.1574074074074072e-05,1,C1: Active Pipeline,,43.621376,43.621364463523584,,
87754bbbdbe4e0a1,4928d3c96935fb3f,6b7e1f5b521de19b,,Open,123315.22838614829,270.76796296296294,4,C4: Mid-Range,,260.86374,0.0,,
87855ff01a3a6e41,9387d1da6d5967e1,6b7e1f5b521de19b,d4f34f97b6d22a81,Open,17142.18858039066,139.91337962962962,3,C3: Large Open,0.376,52.63126,0.0,6445.462906226888,10696.72567416377
8786a176eda44c8b,a66943a59bca7bfd,062b9e5a52eb6d8e,28c9c64e5918b06e,Open,28127.187762869016,934.8180324074074,3,C3: Large Open,0.094,90.08016,0.0,2643.9556497096873,25483.23211315933
878eb6706dd87acb,ef9b14cf5a29c54a,6b7e1f5b521de19b,,Open,3630482.099665055,408.8247916666666,3,C3: Large Open,0.246,250.42285,0.0,893098.5965176035,2737383.5031474517
87bc3953f7655089,ac2a5ee6878db2c2,a0d28553c7be77f0,28c9c64e5918b06e,Open,22893.600614095587,8.953229166666667,2,C2: High-Win,0.83,43.174507,34.221277974446615,19001.688509699336,3891.9121043962505
87cc58ea982b294e,a66943a59bca7bfd,255414ab73601d72,28c9c64e5918b06e,Open,176799.66245420623,14.346597222222222,3,C3: Large Open,0.722,147.53716,133.19055792914497,127649.3562919369,49150.306162269335
87cdede141680394,a66943a59bca7bfd,255414ab73601d72,,Open,1.170863568534039,1.1574074074074072e-05,1,C1: Active Pipeline,,52.959892,52.959880698875146,,
87dd2d73cb6b3e01,6befd145c261113d,6b7e1f5b521de19b,,Open,25654.101903090123,0.0,3,C3: Large Open,,41.602207,41.60220718383789,,
87de33767b4853f9,6befd145c261113d,6b7e1f5b521de19b,6f9a9c5f2856c8b3,Open,1.170863568534039,1.1574074074074072e-05,1,C1: Active Pipeline,,51.351665,51.3516539227521,,
87e117cee42ba8e2,a66943a59bca7bfd,75c64824a2a4e380,28c9c64e5918b06e,Open,267711.8325989814,3.472222222222222e-05,0,C0: High-Win,,95.829315,95.82928046332465,,
87e21cf10b83b3ed,ef9b14cf5a29c54a,6b7e1f5b521de19b,,Open,65251.04342906468,1.1574074074074072e-05,0,C0: High-Win,,176.44394,176.4439276349103,,
87e2eb4552b8b4d4,ac2a5ee6878db2c2,6b7e1f5b521de19b,6f9a9c5f2856c8b3,Open,98.49392076768088,2.3148148148148147e-05,1,C1: Active Pipeline,,63.896996,63.89697239628545,,
880bb2c9bb96e0d0,ac2a5ee6878db2c2,6b7e1f5b521de19b,6f9a9c5f2856c8b3,Open,28448.41249545808,279.3475925925926,3,C3: Large Open,0.182,93.08678,0.0,5177.61107417337,23270.801421284712
8811b2e12c300224,6befd145c261113d,6b7e1f5b521de19b,,Open,8269.642544488683,1.1574074074074072e-05,3,C3: Large Open,,110.67841,110.6784018170392,,
881a2fa72a1278e8,6befd145c261113d,6b7e1f5b521de19b,,Open,2351791.856538048,0.0,3,C3: Large Open,,1283.5774,1283.577392578125,,
882b650486e77560,6befd145c261113d,6b7e1f5b521de19b,,Open,71503.13013453777,337.10141203703705,3,C3: Large Open,0.648,226.4099,0.0,46334.02832718048,25169.101807357296
88414149e8d19a11,9387d1da6d5967e1,6b7e1f5b521de19b,,Open,2.4198904513070483,0.0,1,C1: Active Pipeline,,373.66562,373.6656188964844,,
8863e2e49db63743,ac2a5ee6878db2c2,6b7e1f5b521de19b,6f9a9c5f2856c8b3,Open,1.170863568534039,1.1574074074074072e-05,1,C1: Active Pipeline,,58.41725,58.41724001283999,,
8868588aa93a0687,4928d3c96935fb3f,6b7e1f5b521de19b,,Open,5655.969519442425,2.3148148148148147e-05,3,C3: Large Open,,22.755083,22.755059935958297,,
88689464d3d805dc,9387d1da6d5967e1,6b7e1f5b521de19b,,Open,33748.047545819645,1.1574074074074072e-05,3,C3: Large Open,,336.46313,336.46312319155095,,
88695ad486bb2699,9387d1da6d5967e1,6b7e1f5b521de19b,,Open,25102.753943361105,0.0,3,C3: Large Open,,59.1089,59.1088981628418,,
886becd07164a88b,9387d1da6d5967e1,6b7e1f5b521de19b,d4f34f97b6d22a81,Open,39931.69188109246,2.3148148148148147e-05,0,C0: High-Win,,48.38676,48.38673756352178,,
88776c34568a02b8,a66943a59bca7bfd,fd10c5543bdbcbc9,d4f34f97b6d22a81,Open,63185.14903324447,719.9961805555556,3,C3: Large Open,,183.819,0.0,,
88847671a2408499,6befd145c261113d,6b7e1f5b521de19b,,Open,54608.54408792734,280.0983912037037,3,C3: Large Open,0.134,377.83508,97.73669180410877,7317.544907782264,47290.999180145074
888af36d4d785b53,6befd145c261113d,6b7e1f5b521de19b,6f9a9c5f2856c8b3,Open,27685.304717477007,0.0052893518518518,0,C0: High-Win,,58.85044,58.845151627152056,,
889e4b4703a86c42,6befd145c261113d,6b7e1f5b521de19b,6f9a9c5f2856c8b3,Open,1513.303966626723,1.1574074074074072e-05,1,C1: Active Pipeline,0.414,44.14204,44.142028678611474,626.5078421834633,886.7961244432598
889fb223da23981e,9387d1da6d5967e1,6b7e1f5b521de19b,,Open,35845.270270304114,0.0,3,C3: Large Open,,342.1977,342.19769287109375,,
88c3a28eb05685f5,6befd145c261113d,6b7e1f5b521de19b,6f9a9c5f2856c8b3,Open,365.2326909546836,3.472222222222222e-05,1,C1: Active Pipeline,,21.175297,21.175262061225045,,
88d4e1d7d6393a70,ac2a5ee6878db2c2,6b7e1f5b521de19b,6f9a9c5f2856c8b3,Open,914942.9813268651,236.98769675925925,3,C3: Large Open,0.438,726.283,489.29532326027197,400745.0258211669,514197.9555056983
88d97860e245f28d,4928d3c96935fb3f,6b7e1f5b521de19b,,Open,4271.355885203606,0.0126967592592592,3,C3: Large Open,,178.21455,178.20185707374856,,
88e3de3a3a99527a,ac2a5ee6878db2c2,6b7e1f5b521de19b,,Open,1.170863568534039,344.126099537037,1,C1: Active Pipeline,0.07,329.51636,0.0,0.08196044979738273,1.0889031187366562
88e6a19866e3421f,6befd145c261113d,6b7e1f5b521de19b,6f9a9c5f2856c8b3,Open,48654.272442631285,0.0248958333333333,3,C3: Large Open,0.794,36.73139,36.70649607340495,38631.492319449244,10022.780123182043
891a9bd968e8ccee,9387d1da6d5967e1,6b7e1f5b521de19b,,Open,14005.20233155016,1.1574074074074072e-05,3,C3: Large Open,,46.185646,46.185634483054834,,
8928e1044a4b6d40,1cdd086394501fee,6b7e1f5b521de19b,6f9a9c5f2856c8b3,Open,1129712.8416878227,0.8460763888888889,3,C3: Large Open,0.226,105.22393,104.37785396999783,255315.10222144795,874397.7394663749
893b446f466a8b42,ef9b14cf5a29c54a,6b7e1f5b521de19b,,Open,1.170863568534039,231.01961805555555,1,C1: Active Pipeline,0.174,149.22263,0.0,0.20373026092492277,0.9671333076091162
89408002b4c7398c,9387d1da6d5967e1,6b7e1f5b521de19b,,Open,147782.212188992,244.75479166666668,3,C3: Large Open,0.19,93.10182,0.0,28078.620315908483,119703.59187308354
894327e13cbfedc3,6befd145c261113d,6b7e1f5b521de19b,,Open,1977442.152673165,259.7955439814815,3,C3: Large Open,0.288,97.62684,0.0,569503.3399698714,1407938.8127032935
894c4c0dd7620428,9387d1da6d5967e1,6b7e1f5b521de19b,,Open,5083.8994500666495,1.1574074074074072e-05,3,C3: Large Open,,135.9631,135.9630926739728,,
894dda19356e5c5d,ac2a5ee6878db2c2,6b7e1f5b521de19b,d4f34f97b6d22a81,Open,682906.5780852219,39.91769675925926,3,C3: Large Open,0.186,383.8122,343.8944980649595,127020.62352385127,555885.9545613707
89589dc70c2ed56d,6befd145c261113d,6b7e1f5b521de19b,,Open,25102.753943361105,1.1574074074074072e-05,3,C3: Large Open,,73.9696,73.96958528871889,,
895bc6676b755abc,ac2a5ee6878db2c2,6b7e1f5b521de19b,6f9a9c5f2856c8b3,Open,749491.1665158706,1180.0614583333331,3,C3: Large Open,0.318,418.50418,0.0,238338.19095204686,511152.9755638237
897931618d430581,a66943a59bca7bfd,38080774be85927f,d4f34f97b6d22a81,Open,3833.048496160384,5.959386574074074,0,C0: High-Win,,63.152996,57.19360948915835,,
897d0dd7104c259c,9387d1da6d5967e1,6b7e1f5b521de19b,,Open,29324.531411075328,388.51934027777776,3,C3: Large Open,0.166,103.08146,0.0,4867.872214238505,24456.659196836823
898e4003523561b9,1cdd086394501fee,6b7e1f5b521de19b,6f9a9c5f2856c8b3,Open,27069.173158038757,237.7444328703704,3,C3: Large Open,0.118,82.45557,0.0,3194.162432648573,23875.010725390184
8994663dc532ffe9,ac2a5ee6878db2c2,6b7e1f5b521de19b,d4f34f97b6d22a81,Open,48332.66927590228,182.16358796296296,3,C3: Large Open,0.254,367.54266,185.3790756112558,12276.497996079179,36056.1712798231
89aec8318559dd2d,1cdd086394501fee,c5340170d170e6cd,,Open,4143.3804614791225,1.1574074074074072e-05,3,C3: Large Open,,50.644333,50.644321311668115,,
89bf2d13d5ae6d86,a66943a59bca7bfd,e9943875f43f341e,28c9c64e5918b06e,Open,178.89505293483597,0.0014814814814814,1,C1: Active Pipeline,,138.49547,138.49398665816696,,
89cb063e15b2f41d,6befd145c261113d,6b7e1f5b521de19b,6f9a9c5f2856c8b3,Open,1.170863568534039,2.3148148148148147e-05,1,C1: Active Pipeline,,57.614037,57.61401341191045,,
89cc11ac509cb750,6befd145c261113d,6b7e1f5b521de19b,6f9a9c5f2856c8b3,Open,1637163.9428545495,117.69288194444444,3,C3: Large Open,0.352,392.4087,274.7158094618056,576281.7078848014,1060882.2349697482
89d1ed8bf586d546,9387d1da6d5967e1,6b7e1f5b521de19b,,Open,21273.147061594493,2.3148148148148147e-05,3,C3: Large Open,,24.479374,24.479350783736617,,
89daaec39f960e00,ac2a5ee6878db2c2,6b7e1f5b521de19b,d4f34f97b6d22a81,Open,1.170863568534039,1.1574074074074072e-05,1,C1: Active Pipeline,,44.13684,44.13682924623843,,
89e2f2955695c015,9387d1da6d5967e1,6b7e1f5b521de19b,6f9a9c5f2856c8b3,Open,9967.179627724136,6.944444444444444e-05,3,C3: Large Open,,112.099144,112.09907453748914,,
89e8d45d7aef8e68,6befd145c261113d,6b7e1f5b521de19b,6f9a9c5f2856c8b3,Open,98.49392076768088,32.26417824074074,1,C1: Active Pipeline,0.688,48.341618,16.077439343487775,67.76381748816443,30.730103279516438
89ef00c244111b1d,ac2a5ee6878db2c2,6b7e1f5b521de19b,6f9a9c5f2856c8b3,Open,4771666.640296725,468.0857060185185,3,C3: Large Open,0.65,1156.2426,688.156847692419,3101583.316192871,1670083.3241038534
89fd134d946b071c,6befd145c261113d,6b7e1f5b521de19b,6f9a9c5f2856c8b3,Open,3705.9364016760583,177.89644675925925,3,C3: Large Open,0.366,52.148647,0.0,1356.3727230134373,2349.563678662621
8a022c190d744b88,6befd145c261113d,6b7e1f5b521de19b,6f9a9c5f2856c8b3,Open,7555.200108508844,3.472222222222222e-05,0,C0: High-Win,,37.549915,37.54988059149848,,
8a1a116840d1c3b3,9387d1da6d5967e1,6b7e1f5b521de19b,,Open,12873.533460673383,1.1574074074074072e-05,3,C3: Large Open,,40.0991,40.099086631492334,,
8a1d7c62493d2323,1cdd086394501fee,a0d28553c7be77f0,,Open,7622.275919791999,0.0475462962962962,0,C0: High-Win,0.35,33.702168,33.65462121469003,2667.7965719271992,4954.479347864799
8a41750abd04e354,6befd145c261113d,6b7e1f5b521de19b,6f9a9c5f2856c8b3,Open,2556.481105638394,3.472222222222222e-05,1,C1: Active Pipeline,,37.84789,37.84785422431098,,
8a4d917357476743,6befd145c261113d,6b7e1f5b521de19b,d4f34f97b6d22a81,Open,42597.17500294789,6.944444444444444e-05,0,C0: High-Win,,39.891926,39.891856367323136,,
8a77f727bc99db6c,6befd145c261113d,6b7e1f5b521de19b,6f9a9c5f2856c8b3,Open,387.3796364904181,0.0084837962962962,1,C1: Active Pipeline,,26.166828,26.15834435922128,,
8a85371e92143eb0,a66943a59bca7bfd,e366e0e543d0c5cd,d4f34f97b6d22a81,Open,1.170863568534039,2.3148148148148147e-05,1,C1: Active Pipeline,,52.657017,52.656993606002246,,
8a8f4fc20a612e0c,1cdd086394501fee,6b7e1f5b521de19b,6f9a9c5f2856c8b3,Open,11768.777709593114,0.0,3,C3: Large Open,0.298,317.6339,317.6339111328125,3507.095757458748,8261.681952134366
8a9758c6fdad4fe0,6befd145c261113d,6b7e1f5b521de19b,6f9a9c5f2856c8b3,Open,1236379.4386287977,10.084537037037038,3,C3: Large Open,0.624,538.3079,528.2233853262442,771500.7697043697,464878.66892442794
8aa826bdb295c53c,6befd145c261113d,6b7e1f5b521de19b,6f9a9c5f2856c8b3,Open,98.49392076768088,27.932534722222226,1,C1: Active Pipeline,0.7,47.35026,19.417726966010196,68.94574453737661,29.548176230304268
8aa885f81acc2df6,6befd145c261113d,6b7e1f5b521de19b,6f9a9c5f2856c8b3,Open,441.4620294957936,135.95731481481482,1,C1: Active Pipeline,0.366,32.27514,0.0,161.57510279546045,279.88692670033316
8ab48da7a5532d50,9387d1da6d5967e1,6b7e1f5b521de19b,,Open,1.170863568534039,1.1574074074074072e-05,1,C1: Active Pipeline,,87.97332,87.97330843325014,,
8abb8d42fcabbb5c,ac2a5ee6878db2c2,6b7e1f5b521de19b,6f9a9c5f2856c8b3,Open,98.49392076768088,0.0018055555555555,0,C0: High-Win,,54.98126,54.97945283677843,,
8abed21fcfd0c66a,1cdd086394501fee,6b7e1f5b521de19b,6f9a9c5f2856c8b3,Open,1.170863568534039,1.1574074074074072e-05,1,C1: Active Pipeline,,80.86922,80.86920534487123,,
8ac2fab7653dfd56,ac2a5ee6878db2c2,6b7e1f5b521de19b,6f9a9c5f2856c8b3,Open,1936705.1448629508,698.0264583333334,3,C3: Large Open,,1433.2579,735.2314762369791,,
8ac53b3f006101a3,4928d3c96935fb3f,6b7e1f5b521de19b,,Open,2046.6148673782125,19.06125,1,C1: Active Pipeline,,165.03284,145.9715869140625,,
8acaed425e691e74,9387d1da6d5967e1,6b7e1f5b521de19b,d4f34f97b6d22a81,Open,504714.77097778063,6.582638888888889,3,C3: Large Open,0.166,122.53098,115.94834408230251,83782.6519823116,420932.118995469
8ae0305ff2758071,1cdd086394501fee,674ec33189ed753c,,Open,11695.935307289848,0.0823263888888889,3,C3: Large Open,0.584,84.78323,84.70090725368924,6830.426219457271,4865.509087832577
8ae0ceda3c9fe05d,6befd145c261113d,6b7e1f5b521de19b,6f9a9c5f2856c8b3,Open,160095.94332240717,0.0,0,C0: High-Win,,50.789944,50.78994369506836,,
8aeeb04955d3212d,9387d1da6d5967e1,6b7e1f5b521de19b,,Open,14005.20233155016,22.72226851851852,0,C0: High-Win,,56.492947,33.77067810623734,,
8af1e6638790b2a7,a66943a59bca7bfd,062b9e5a52eb6d8e,28c9c64e5918b06e,Open,73102.61002762495,6.750694444444444,3,C3: Large Open,0.594,83.9272,77.17650587293836,43422.950356409216,29679.65967121573
8af323fda60a1b91,6befd145c261113d,6b7e1f5b521de19b,6f9a9c5f2856c8b3,Open,283.33239097103296,37.71,1,C1: Active Pipeline,0.882,23.459518,0.0,249.89916883645108,33.43322213458189
8b111478bd98ea46,1cdd086394501fee,7545e34e09ae9cad,,Open,71696.25793643901,1.1574074074074072e-05,3,C3: Large Open,,161.38744,161.38742433901186,,
8b22ca84b17ef9da,6befd145c261113d,6b7e1f5b521de19b,6f9a9c5f2856c8b3,Open,1.170863568534039,1.1574074074074072e-05,1,C1: Active Pipeline,,57.614037,57.61402498598452,,
8b26b6553c0230d1,6befd145c261113d,6b7e1f5b521de19b,6f9a9c5f2856c8b3,Open,98.49392076768088,1.1574074074074072e-05,1,C1: Active Pipeline,,61.135746,61.13573442812319,,
8b2c01591d22b52d,ac2a5ee6878db2c2,6b7e1f5b521de19b,d4f34f97b6d22a81,Open,1.170863568534039,1.1574074074074072e-05,1,C1: Active Pipeline,,56.08414,56.08412920351382,,
8b6408c23c94939a,a66943a59bca7bfd,6b7e1f5b521de19b,28c9c64e5918b06e,Open,1.170863568534039,1.1574074074074072e-05,1,C1: Active Pipeline,,52.659992,52.659980643943506,,
8b69e04ee10c05c2,a66943a59bca7bfd,75c64824a2a4e380,28c9c64e5918b06e,Open,1.170863568534039,1.1574074074074072e-05,1,C1: Active Pipeline,,53.72264,53.722629417136865,,
8b703a91e2bc58c5,a66943a59bca7bfd,75c64824a2a4e380,28c9c64e5918b06e,Open,1.170863568534039,1.1574074074074072e-05,1,C1: Active Pipeline,,84.96515,84.96513735170717,,
8b7663f2ee79a98c,1cdd086394501fee,6b7e1f5b521de19b,6f9a9c5f2856c8b3,Open,48054.53313792462,117.11543981481482,3,C3: Large Open,0.238,126.1068,8.991356449833617,11436.978886826058,36617.55425109856
8b783f7ff5feb0db,6befd145c261113d,6b7e1f5b521de19b,6f9a9c5f2856c8b3,Open,1.170863568534039,0.0,1,C1: Active Pipeline,,45.794964,45.79496383666992,,
8b8cbfbae36f19f5,6befd145c261113d,6b7e1f5b521de19b,d4f34f97b6d22a81,Open,52508.93754479378,112.59621527777776,3,C3: Large Open,0.202,287.62906,175.03284356011287,10606.805384048344,41902.13216074544
8b94819a14ed1471,ac2a5ee6878db2c2,6b7e1f5b521de19b,,Open,1.170863568534039,265.3786342592593,1,C1: Active Pipeline,0.09,124.30446,0.0,0.1053777211680635,1.0654858473659754
8ba62e298cd1213b,a66943a59bca7bfd,b4d1bda83fb7745f,28c9c64e5918b06e,Open,146455.96540706916,0.0,3,C3: Large Open,0.526,74.6658,74.66580200195312,77035.83780411838,69420.12760295079
8ba8fe6ca67a585b,9387d1da6d5967e1,6b7e1f5b521de19b,,Open,29324.531411075328,3.472222222222222e-05,3,C3: Large Open,,240.35057,240.35053595648873,,
8bb9ba6752db8a3d,a66943a59bca7bfd,e43bc3ffd79e75b6,28c9c64e5918b06e,Open,1.170863568534039,0.0,1,C1: Active Pipeline,,77.135666,77.13566589355469,,
8bd0bcd09b32cc1a,ac2a5ee6878db2c2,6b7e1f5b521de19b,6f9a9c5f2856c8b3,Open,6821.482364268251,1.1574074074074072e-05,0,C0: High-Win,0.834,39.633648,39.6336363446271,5689.116291799722,1132.3660724685299
8bd4643c1a7c7b59,ac2a5ee6878db2c2,6b7e1f5b521de19b,d4f34f97b6d22a81,Open,2373586.4571684795,77.9957175925926,4,C4: Mid-Range,,893.5346,815.5388893410011,,
8bdf9633b4aee3c4,6befd145c261113d,6b7e1f5b521de19b,,Open,35845.270270304114,0.0002199074074074,3,C3: Large Open,,45.01789,45.017671022768376,,
8bf7187a66fac8c4,1cdd086394501fee,ac07a4f1ad9a4f67,,Open,2450.097090568296,12.94835648148148,3,C3: Large Open,0.5851304347826087,68.78306,55.834701685022424,1433.6263758638318,1016.4707147044643
8c3372a99d6b1461,6befd145c261113d,6b7e1f5b521de19b,6f9a9c5f2856c8b3,Open,8622.31369013763,1538.9366898148148,3,C3: Large Open,0.252,349.4298,0.0,2172.8230499146825,6449.490640222946
8c3871645d70667f,a66943a59bca7bfd,75c64824a2a4e380,28c9c64e5918b06e,Open,1.170863568534039,1.1574074074074072e-05,1,C1: Active Pipeline,,56.506283,56.50627123232241,,
8c4454cf9ba7d462,6befd145c261113d,6b7e1f5b521de19b,6f9a9c5f2856c8b3,Open,9721.332606136886,2.3148148148148147e-05,3,C3: Large Open,,31.920486,31.920463302047164,,
8c59cda42e7fa03b,9387d1da6d5967e1,6b7e1f5b521de19b,,Open,1.170863568534039,0.0,1,C1: Active Pipeline,,77.41139,77.41139221191406,,
8c7a7868010708db,9387d1da6d5967e1,6b7e1f5b521de19b,,Open,194447.06540649664,1.1574074074074072e-05,0,C0: High-Win,,57.112526,57.112514365867334,,
8c805992d0506ff4,6befd145c261113d,6b7e1f5b521de19b,,Open,666299.1879365722,265.9183912037037,3,C3: Large Open,0.41,405.11517,139.19678213614003,273182.6670539946,393116.5208825777
8ca1870570128c45,ac2a5ee6878db2c2,75c64824a2a4e380,d4f34f97b6d22a81,Open,2330448.004940446,0.1814699074074074,3,C3: Large Open,,810.19556,810.0140867332176,,
8ca8abfee92733a1,6befd145c261113d,6b7e1f5b521de19b,6f9a9c5f2856c8b3,Open,33711.60200551114,326.87733796296294,3,C3: Large Open,0.164,40.944912,0.0,5528.702728903827,28182.89927660731
8cc0f3e604d2a51e,6befd145c261113d,6b7e1f5b521de19b,6f9a9c5f2856c8b3,Open,1533.3934237864623,2.3148148148148147e-05,0,C0: High-Win,,42.07218,42.07215855351201,,
8cc11383269e1b42,ef9b14cf5a29c54a,6b7e1f5b521de19b,,Open,108932.65643502268,124.00197916666669,3,C3: Large Open,0.276,135.0145,11.012516682942689,30065.413176066264,78867.24325895643
8cc357cc9f6fc0e4,a66943a59bca7bfd,e366e0e543d0c5cd,28c9c64e5918b06e,Open,1.170863568534039,2.3148148148148147e-05,1,C1: Active Pipeline,,64.53306,64.53303501835576,,
8cd23e9a390785f1,6befd145c261113d,6b7e1f5b521de19b,6f9a9c5f2856c8b3,Open,1.170863568534039,1.1574074074074072e-05,1,C1: Active Pipeline,,247.4959,247.4958838116681,,
8cd6a9b25a44f6e0,6befd145c261113d,6b7e1f5b521de19b,6f9a9c5f2856c8b3,Open,98.49392076768088,30.03015046296296,1,C1: Active Pipeline,0.718,47.341694,17.311543415210867,70.71863511119487,27.77528565648601
8ceba18531cb697a,ac2a5ee6878db2c2,75c64824a2a4e380,6f9a9c5f2856c8b3,Open,17867.45866916281,0.0063888888888888,3,C3: Large Open,,30.717237,30.71084858364529,,
8d10ca705e3a39e4,9387d1da6d5967e1,6b7e1f5b521de19b,,Open,1.170863568534039,0.0246875,1,C1: Active Pipeline,,106.96896,106.94427612304688,,
8d17793d94f484cc,4928d3c96935fb3f,6b7e1f5b521de19b,6f9a9c5f2856c8b3,Open,2892.55396568139,170.05363425925927,4,C4: Mid-Range,,139.99577,0.0,,
8d23e710b5368a33,9387d1da6d5967e1,6b7e1f5b521de19b,,Open,763955.7981613998,0.0005787037037037,3,C3: Large Open,0.128,403.08942,403.08883780020255,97786.34216465917,666169.4559967406
8d2fbe1f28fe6a21,ef9b14cf5a29c54a,6b7e1f5b521de19b,,Open,190193.5092812512,1.1574074074074072e-05,3,C3: Large Open,,36.31298,36.312969077781396,,
8d372de23c501bff,1cdd086394501fee,6b7e1f5b521de19b,6f9a9c5f2856c8b3,Open,1.170863568534039,1.1574074074074072e-05,1,C1: Active Pipeline,,107.76944,107.76942812319155,,
8d474b1f6976ca4b,9387d1da6d5967e1,6b7e1f5b521de19b,d4f34f97b6d22a81,Open,1.170863568534039,1.1574074074074072e-05,1,C1: Active Pipeline,,45.975803,45.97579180117007,,
8d511aed32714634,1cdd086394501fee,6b7e1f5b521de19b,,Open,92504.1093225596,0.0,3,C3: Large Open,,348.98105,348.9810485839844,,
8d55eafffbb5ad6e,9387d1da6d5967e1,6b7e1f5b521de19b,,Open,21273.147061594493,0.0,3,C3: Large Open,,154.52798,154.52798461914062,,
8d7534f26aab2bdc,6befd145c261113d,6b7e1f5b521de19b,6f9a9c5f2856c8b3,Open,4841.89872927719,135.95253472222225,3,C3: Large Open,0.342,62.300175,0.0,1655.9293654127991,3185.9693638643907
8d78eabdb23dfaeb,a66943a59bca7bfd,6b7e1f5b521de19b,28c9c64e5918b06e,Open,42828.54101478594,0.000162037037037,0,C0: High-Win,,69.53305,69.53288850007233,,
8d8b2ab8b1e82d33,a66943a59bca7bfd,b6bf95545ecbafbf,28c9c64e5918b06e,Open,948489.558122538,316.94574074074075,3,C3: Large Open,0.226,121.797585,0.0,214358.6401356936,734130.9179868444
8d8d22bb2c695e5f,9387d1da6d5967e1,6b7e1f5b521de19b,,Open,5083.8994500666495,0.0,3,C3: Large Open,,145.05103,145.051025390625,,
8d9f624331685003,9387d1da6d5967e1,6b7e1f5b521de19b,,Open,21273.147061594493,1.1574074074074072e-05,3,C3: Large Open,,96.366,96.36598574037905,,
8dcfc856b15da0d5,1cdd086394501fee,6b7e1f5b521de19b,6f9a9c5f2856c8b3,Open,644864.0971688905,32.67951388888889,3,C3: Large Open,0.61,94.35037,61.670858425564234,393367.0992730232,251496.9978958673
8dd1579dec6ccfa3,1cdd086394501fee,6b7e1f5b521de19b,6f9a9c5f2856c8b3,Open,14389.74695083164,0.0036458333333333,3,C3: Large Open,,54.174686,54.171040598551436,,
8dde78dcd153c872,9387d1da6d5967e1,6b7e1f5b521de19b,,Open,10925.722758077784,174.9399652777778,3,C3: Large Open,,84.37867,0.0,,
8dfb1ee7b39b9796,9387d1da6d5967e1,6b7e1f5b521de19b,,Open,2.4198904513070483,1.1574074074074072e-05,1,C1: Active Pipeline,,97.119576,97.1195639264142,,
8e0022880b1c6ce5,9387d1da6d5967e1,6b7e1f5b521de19b,,Open,26289.741789616684,0.0,3,C3: Large Open,0.696,52.18953,52.18952941894531,18297.660285573213,7992.081504043474
8e0886cb5f1a16b8,ac2a5ee6878db2c2,532ef57d231b606f,d4f34f97b6d22a81,Open,19514124.278646804,2.3148148148148147e-05,3,C3: Large Open,,830.55054,830.5505139612269,,
8e1416e7fdc13e5b,ac2a5ee6878db2c2,cca8e68b78e095c5,28c9c64e5918b06e,Open,8029.617262090525,3.472222222222222e-05,0,C0: High-Win,,38.78416,38.78412589179145,,
8e1a4f7640e99d8f,6befd145c261113d,6b7e1f5b521de19b,,Open,1.170863568534039,1.1574074074074072e-05,1,C1: Active Pipeline,0.20002439024390245,455.29865,455.2986334454572,0.23420127135482083,0.936662297179218
8e232d4e2d0d7ad9,9387d1da6d5967e1,6b7e1f5b521de19b,d4f34f97b6d22a81,Open,4517.797135638614,153.80090277777776,3,C3: Large Open,0.322,156.08069,2.2797856987847354,1454.7306776756338,3063.06645796298
8e2bf763a6f76f73,1cdd086394501fee,6b7e1f5b521de19b,6f9a9c5f2856c8b3,Open,1.170863568534039,1.1574074074074072e-05,1,C1: Active Pipeline,,56.990597,56.99058519716616,,
8e3c36c26e26d4bb,6befd145c261113d,6b7e1f5b521de19b,6f9a9c5f2856c8b3,Open,2229337.987982884,163.29518518518518,3,C3: Large Open,0.354,942.4484,779.1532401077836,789185.647745941,1440152.3402369432
8e5620ee3fce52b2,6befd145c261113d,6b7e1f5b521de19b,,Open,1397824.6042475002,1.1574074074074072e-05,3,C3: Large Open,0.298,1547.9696,1547.9695929181134,416551.73206575506,981272.8721817451
8e68663faf0974e4,a66943a59bca7bfd,75c64824a2a4e380,28c9c64e5918b06e,Open,723.2649706201703,2.3148148148148147e-05,1,C1: Active Pipeline,,63.978123,63.978099563033496,,
8e7ae8b9ef827c91,ac2a5ee6878db2c2,6b7e1f5b521de19b,6f9a9c5f2856c8b3,Open,1.170863568534039,1.1574074074074072e-05,1,C1: Active Pipeline,,61.223816,61.22380434389468,,
8ea5961fb3efdb8f,1cdd086394501fee,6b7e1f5b521de19b,,Open,1.170863568534039,1.1574074074074072e-05,1,C1: Active Pipeline,,57.38644,57.38642870302554,,
8ea9179e2846c998,1cdd086394501fee,6b7e1f5b521de19b,6f9a9c5f2856c8b3,Open,1096681.541053269,0.0004629629629629,3,C3: Large Open,,154.14046,154.13999419035736,,
8eab1d2999f69ff3,4928d3c96935fb3f,6b7e1f5b521de19b,d4f34f97b6d22a81,Open,1.170863568534039,0.0,1,C1: Active Pipeline,,65.8445,65.84449768066406,,
8eac05a84362eb97,a66943a59bca7bfd,b4d1bda83fb7745f,28c9c64e5918b06e,Open,1.170863568534039,1.1574074074074072e-05,1,C1: Active Pipeline,,62.073742,62.073730338767724,,
8eaea04ed8c92a6f,1cdd086394501fee,6b7e1f5b521de19b,6f9a9c5f2856c8b3,Open,1.170863568534039,1.1574074074074072e-05,1,C1: Active Pipeline,,84.45394,84.45392977114076,,
8eaebc9946f9a73a,ac2a5ee6878db2c2,6b7e1f5b521de19b,6f9a9c5f2856c8b3,Open,2026186.110833976,119.11592592592592,3,C3: Large Open,0.618,789.31647,670.2005413592303,1252183.016495397,774003.0943385789
8ec13fde203d7ffe,6befd145c261113d,6b7e1f5b521de19b,6f9a9c5f2856c8b3,Open,811.4470777989461,2.3148148148148147e-05,0,C0: High-Win,,21.35469,21.354667403609664,,
8ec4c2fdca63014a,ac2a5ee6878db2c2,6b7e1f5b521de19b,,Open,1.170863568534039,0.9390393518518518,1,C1: Active Pipeline,0.284,99.23694,98.29789912471065,0.332525253463667,0.8383383150703718
8ec88904d375224f,a66943a59bca7bfd,7545e34e09ae9cad,28c9c64e5918b06e,Open,25042.548859641283,299.7879282407408,3,C3: Large Open,0.04,109.316696,0.0,1001.7019543856513,24040.846905255632
8ef5b7005eea5454,6befd145c261113d,6b7e1f5b521de19b,6f9a9c5f2856c8b3,Open,817.3904746531013,49.434641203703706,1,C1: Active Pipeline,0.76,34.875298,0.0,621.216760736357,196.1737139167443
8f17472a1fc04eca,ef9b14cf5a29c54a,6b7e1f5b521de19b,,Open,1.170863568534039,141.95140046296297,1,C1: Active Pipeline,0.296,285.15335,143.20195036711516,0.3465756162860755,0.8242879522479634
8f19016f95385d23,6befd145c261113d,6b7e1f5b521de19b,,Open,869711.3941640588,0.0,3,C3: Large Open,,477.5914,477.5914001464844,,
8f23ff363cd5fb0e,a66943a59bca7bfd,ad69d8c998aaf479,28c9c64e5918b06e,Open,963833.7763104266,2385.5705671296296,3,C3: Large Open,0.24,180.60493,0.0,231320.1063145024,732513.6699959242
8f37bc9dc86a562f,9387d1da6d5967e1,6b7e1f5b521de19b,3b7caebd862368af,Open,66342.24018879686,185.2506712962963,3,C3: Large Open,0.318,97.46065,0.0,21096.832380037402,45245.40780875945
8f385a45675410fd,6befd145c261113d,6b7e1f5b521de19b,6f9a9c5f2856c8b3,Open,2354478.799735582,846.9528703703704,3,C3: Large Open,0.312,184.2707,0.0,734597.3855175016,1619881.4142180802
8f4ceea8bc4ab7bd,4928d3c96935fb3f,6b7e1f5b521de19b,6f9a9c5f2856c8b3,Open,16478.61015141876,137.0859375,4,C4: Mid-Range,,123.14853,0.0,,
8f576ba9cae0564c,9387d1da6d5967e1,6b7e1f5b521de19b,d4f34f97b6d22a81,Open,39364.60664345633,63.4515625,3,C3: Large Open,0.436,188.23792,124.7863525390625,17162.96849654696,22201.638146909372
8f71838b21917e68,ac2a5ee6878db2c2,6b7e1f5b521de19b,6f9a9c5f2856c8b3,Open,140660.65911173518,301.14921296296296,3,C3: Large Open,0.144,72.35753,0.0,20255.134912089863,120405.52419964531
8f8282bbd4c424fc,6befd145c261113d,6b7e1f5b521de19b,6f9a9c5f2856c8b3,Open,1.170863568534039,1.1574074074074072e-05,1,C1: Active Pipeline,,114.16738,114.16736971254701,,
8f82a8aff3d37102,6befd145c261113d,6b7e1f5b521de19b,6f9a9c5f2856c8b3,Open,98.49392076768088,27.871712962962963,1,C1: Active Pipeline,0.7,43.74764,15.875925739429615,68.94574453737661,29.548176230304268
8f8caafd6d0ddcf2,9387d1da6d5967e1,6b7e1f5b521de19b,,Open,2.4198904513070483,222.72533564814816,1,C1: Active Pipeline,0.2,266.06274,43.33740849247684,0.4839780902614097,1.9359123610456388
8f97aaf683d42741,9387d1da6d5967e1,6b7e1f5b521de19b,d4f34f97b6d22a81,Open,3691.9514748849792,1.1574074074074072e-05,3,C3: Large Open,,77.61064,77.61062990541811,,
8f9fb630b2c23055,a66943a59bca7bfd,bd661df59343798b,28c9c64e5918b06e,Open,22995.70092109722,3.472222222222222e-05,3,C3: Large Open,,43.04176,43.04172476874457,,
8fa1b59bc6864819,a66943a59bca7bfd,6b7e1f5b521de19b,28c9c64e5918b06e,Open,1.170863568534039,1.1574074074074072e-05,1,C1: Active Pipeline,,54.045586,54.045574058250146,,
8fa5bee4480946a0,ac2a5ee6878db2c2,6b7e1f5b521de19b,d4f34f97b6d22a81,Open,1.170863568534039,1.1574074074074072e-05,1,C1: Active Pipeline,,47.515167,47.51515566225405,,
8fe9867093d950b2,1cdd086394501fee,6b7e1f5b521de19b,6f9a9c5f2856c8b3,Open,117300.01842689273,0.8948611111111111,4,C4: Mid-Range,,254.6225,253.72763644748264,,
8feb70bd96f773b0,1cdd086394501fee,6b7e1f5b521de19b,6f9a9c5f2856c8b3,Open,1.170863568534039,0.0,1,C1: Active Pipeline,,69.753525,69.75352478027344,,
8ff1b41d2089ef00,6befd145c261113d,6b7e1f5b521de19b,,Open,275957.8919334273,0.0,3,C3: Large Open,0.472,375.87814,375.8781433105469,130252.12499257768,145705.76694084963
9006b4538cbde602,9387d1da6d5967e1,6b7e1f5b521de19b,,Open,2.4198904513070483,0.0,1,C1: Active Pipeline,,157.76787,157.7678680419922,,
900ad61c82c0bebf,6befd145c261113d,6b7e1f5b521de19b,6f9a9c5f2856c8b3,Open,46450.136567464426,5.787037037037037e-05,0,C0: High-Win,,320.4613,320.46124584056713,,
90210def6ecb9962,ac2a5ee6878db2c2,6b7e1f5b521de19b,6f9a9c5f2856c8b3,Open,1399870.6979826037,1102.0925462962964,3,C3: Large Open,0.232,126.61092,0.0,324770.00193196407,1075100.6960506397
9031713063c07d6f,9387d1da6d5967e1,6b7e1f5b521de19b,,Open,5126.849721354915,40.94958333333334,2,C2: High-Win,,35.131756,0.0,,
903281f6f863771a,ac2a5ee6878db2c2,6b7e1f5b521de19b,d4f34f97b6d22a81,Open,723772.9550139738,327.89626157407406,3,C3: Large Open,0.426,533.06055,205.16428530092594,308327.2788359528,415445.676178021
9032d9eff05d5e7a,ac2a5ee6878db2c2,6b7e1f5b521de19b,,Open,1.170863568534039,435.0681597222222,1,C1: Active Pipeline,0.078,298.40482,0.0,0.09132735834565504,1.0795362101883839
903531b05afcbcef,ef9b14cf5a29c54a,6b7e1f5b521de19b,,Open,58570.30617169199,0.0008101851851851,2,C2: High-Win,,38.953133,38.952322444209344,,
903dee3f4fb5c7a4,9387d1da6d5967e1,6b7e1f5b521de19b,d4f34f97b6d22a81,Open,28088.974129119742,8.854560185185186,3,C3: Large Open,0.444,252.33762,243.48305578161168,12471.504513329166,15617.469615790578
904406f5818c4aeb,6befd145c261113d,6b7e1f5b521de19b,6f9a9c5f2856c8b3,Open,17032.04958821751,0.2740856481481482,0,C0: High-Win,0.708,50.259727,49.98564182987919,12058.691108457995,4973.358479759513
905458dcc4640474,9387d1da6d5967e1,6b7e1f5b521de19b,d4f34f97b6d22a81,Open,4176.674738255045,1.1574074074074072e-05,3,C3: Large Open,,44.256886,44.25687395449038,,
905b077e49babe6e,6befd145c261113d,6b7e1f5b521de19b,6f9a9c5f2856c8b3,Open,4854.049577612525,78.21849537037038,3,C3: Large Open,0.458,39.620308,0.0,2223.1547065465365,2630.894871065989
906b289ad959a8f0,ac2a5ee6878db2c2,6b7e1f5b521de19b,,Open,1.170863568534039,0.0,1,C1: Active Pipeline,,313.26898,313.26898193359375,,
9073404e9389fe73,9387d1da6d5967e1,6b7e1f5b521de19b,d4f34f97b6d22a81,Open,1461239.2371659551,58.87600694444444,3,C3: Large Open,,84.24299,25.36698164198134,,
908133207d6806cb,6befd145c261113d,6b7e1f5b521de19b,6f9a9c5f2856c8b3,Open,1.170863568534039,1.1574074074074072e-05,1,C1: Active Pipeline,,58.884827,58.88481508608218,,
9081d6e49746fd42,9387d1da6d5967e1,6b7e1f5b521de19b,,Open,9648.963805727815,0.0,3,C3: Large Open,,103.59787,103.59786987304688,,
90be3c38b9f77590,9387d1da6d5967e1,6b7e1f5b521de19b,d4f34f97b6d22a81,Open,9648.963805727815,0.0,3,C3: Large Open,,138.7403,138.74029541015625,,
90c971343e1586ff,9387d1da6d5967e1,6b7e1f5b521de19b,d4f34f97b6d22a81,Open,392.07616597339137,1.1574074074074072e-05,1,C1: Active Pipeline,,74.54513,74.54511629457826,,
90d308dfd90fb8bf,9387d1da6d5967e1,6b7e1f5b521de19b,,Open,35845.270270304114,1.1574074074074072e-05,3,C3: Large Open,,101.414635,101.41462313051576,,
90de0466389922a5,9387d1da6d5967e1,6b7e1f5b521de19b,,Open,9648.963805727815,64.70420138888889,3,C3: Large Open,0.18,135.1017,70.39749844021267,1736.8134850310066,7912.150320696809
90e96675d8e92a12,ef9b14cf5a29c54a,6b7e1f5b521de19b,,Open,8342.688652667997,1.1574074074074072e-05,0,C0: High-Win,,51.704605,51.70459352846499,,
90ec74b9db29d6d5,9387d1da6d5967e1,6b7e1f5b521de19b,,Open,11264.189824104717,0.0,3,C3: Large Open,,39.384872,39.38487243652344,,
90ee649618e5ade9,1cdd086394501fee,6b7e1f5b521de19b,,Open,81249.67999572346,1.1574074074074072e-05,3,C3: Large Open,,28.879528,28.879516471580224,,
90ee773a025f4760,4928d3c96935fb3f,6b7e1f5b521de19b,,Open,2.4198904513070483,3.472222222222222e-05,1,C1: Active Pipeline,,80.24972,80.24968299018012,,
90f039248db5b911,6befd145c261113d,6b7e1f5b521de19b,6f9a9c5f2856c8b3,Open,53058.32954997486,231.06359953703705,3,C3: Large Open,0.284,80.76628,0.0,15068.565592192857,37989.763957781994
90f3f9dd62baee66,4928d3c96935fb3f,6b7e1f5b521de19b,,Open,14005.20233155016,1.1574074074074072e-05,3,C3: Large Open,,31.629911,31.62989984865542,,
9108b600e0667690,4928d3c96935fb3f,6b7e1f5b521de19b,6f9a9c5f2856c8b3,Open,1.170863568534039,1.1574074074074072e-05,1,C1: Active Pipeline,,73.19042,73.19041048403139,,
9108fabc8a6a4575,ac2a5ee6878db2c2,6b7e1f5b521de19b,6f9a9c5f2856c8b3,Open,569.928738792806,0.0,1,C1: Active Pipeline,0.842,25.127384,25.127384185791016,479.87999806354264,90.04874072926337
912765bdc73daf6c,ac2a5ee6878db2c2,6b7e1f5b521de19b,d4f34f97b6d22a81,Open,1.170863568534039,1.1574074074074072e-05,1,C1: Active Pipeline,,90.50054,90.50053011293764,,
913212b53b854d0e,9387d1da6d5967e1,6b7e1f5b521de19b,,Open,21273.147061594493,0.0,3,C3: Large Open,,62.81123,62.81122970581055,,
9148a20af0e2ebf5,1cdd086394501fee,6b7e1f5b521de19b,,Open,870350.122287474,114.20637731481482,3,C3: Large Open,0.226,620.2966,506.09019250940395,196699.12763696912,673650.9946505049
914e518d89119b49,6befd145c261113d,6b7e1f5b521de19b,6f9a9c5f2856c8b3,Open,3084.57916746595,1.1574074074074072e-05,1,C1: Active Pipeline,,35.327957,35.32794557924624,,
91618c74264fe575,ac2a5ee6878db2c2,6b7e1f5b521de19b,,Open,1306.543520671814,1.1574074074074072e-05,0,C0: High-Win,,31.480055,31.480043281272607,,
9162be1763f77a8a,9387d1da6d5967e1,6b7e1f5b521de19b,,Open,22962.31400177536,40.755775462962966,0,C0: High-Win,0.254,387.0352,346.27941130461517,5832.427756450942,17129.88624532442
9168d03924cd8ee5,6befd145c261113d,6b7e1f5b521de19b,6f9a9c5f2856c8b3,Open,64490.738750492,0.0,3,C3: Large Open,0.62,26.599575,26.59957504272461,39984.25802530504,24506.48072518696
9169c7d410c29850,6befd145c261113d,6b7e1f5b521de19b,6f9a9c5f2856c8b3,Open,156023.20089423837,31.876041666666666,3,C3: Large Open,0.624,27.44851,0.0,97358.47735800475,58664.72353623363
91770341318c17ed,9387d1da6d5967e1,6b7e1f5b521de19b,d4f34f97b6d22a81,Open,1.170863568534039,1.1574074074074072e-05,1,C1: Active Pipeline,,45.90557,45.905559409812646,,
91889780ecd2287f,a66943a59bca7bfd,e366e0e543d0c5cd,d4f34f97b6d22a81,Open,65527.96989235358,1.1574074074074072e-05,0,C0: High-Win,,44.224133,44.224120963767724,,
91a61dda61019a04,6befd145c261113d,6b7e1f5b521de19b,6f9a9c5f2856c8b3,Open,3810.619867404506,0.3063078703703704,3,C3: Large Open,0.58,86.85753,86.55122081615306,2210.159523094613,1600.4603443098927
91b2b0368f8055f4,ac2a5ee6878db2c2,6b7e1f5b521de19b,6f9a9c5f2856c8b3,Open,695835.041914466,118.47225694444444,3,C3: Large Open,0.202,403.18668,284.7144190809462,140558.67846672214,555276.3634477438
91d34f9e7ab1c114,ac2a5ee6878db2c2,6b7e1f5b521de19b,6f9a9c5f2856c8b3,Open,1074712.0349209097,0.6892824074074074,4,C4: Mid-Range,,442.20645,441.5171690086082,,
91db4d1420ae265f,6befd145c261113d,6b7e1f5b521de19b,6f9a9c5f2856c8b3,Open,348.35156388525274,3.472222222222222e-05,1,C1: Active Pipeline,,24.398308,24.398273078070748,,
91e039ee40997d23,a66943a59bca7bfd,e366e0e543d0c5cd,e72348f2c1467542,Open,1.170863568534039,0.0,1,C1: Active Pipeline,,113.70786,113.7078628540039,,
91e53b51c4839950,ac2a5ee6878db2c2,6b7e1f5b521de19b,6f9a9c5f2856c8b3,Open,1878061.4875629507,32.19630787037037,3,C3: Large Open,0.584,157.73553,125.53922679759839,1096787.908736763,781273.5788261875
91f989ae4c4fd4d4,ac2a5ee6878db2c2,6b7e1f5b521de19b,d4f34f97b6d22a81,Open,1.170863568534039,1.1574074074074072e-05,1,C1: Active Pipeline,,46.653934,46.65392290468569,,
91fe4de2a45fd63c,6befd145c261113d,6b7e1f5b521de19b,6f9a9c5f2856c8b3,Open,1.170863568534039,0.0,1,C1: Active Pipeline,,59.084465,59.08446502685547,,
921c3058349296c6,1cdd086394501fee,95a23e7fbcc5841e,,Open,11600.00097414683,1.1574074074074072e-05,3,C3: Large Open,,54.836597,54.83658586855288,,
923ac6aa02d25f7a,6befd145c261113d,6b7e1f5b521de19b,6f9a9c5f2856c8b3,Open,1.170863568534039,1.1574074074074072e-05,1,C1: Active Pipeline,,57.623436,57.62342440004702,,
923db74e2ac44bd9,ac2a5ee6878db2c2,6b7e1f5b521de19b,6f9a9c5f2856c8b3,Open,1.170863568534039,1.1574074074074072e-05,1,C1: Active Pipeline,,70.61272,70.61270510073061,,
924aaeccbda1fced,a66943a59bca7bfd,255414ab73601d72,d4f34f97b6d22a81,Open,56889.688025781164,3.472222222222222e-05,3,C3: Large Open,,57.739147,57.73911246405707,,
925adadf8c32f646,4928d3c96935fb3f,6b7e1f5b521de19b,,Open,19734.7204950738,972.1051041666668,4,C4: Mid-Range,,59.419437,0.0,,
9262f176ae9ac433,6befd145c261113d,6b7e1f5b521de19b,6f9a9c5f2856c8b3,Open,242.8222277244446,89.08841435185185,1,C1: Active Pipeline,0.254,41.14667,0.0,61.67684584200892,181.14538188243566
9264f15050a133c2,ac2a5ee6878db2c2,6b7e1f5b521de19b,6f9a9c5f2856c8b3,Open,6001902.724287521,514.8113657407407,3,C3: Large Open,0.694,890.27606,375.46469627097804,4165320.4906555396,1836582.2336319818
92650b7524245d61,6befd145c261113d,6b7e1f5b521de19b,,Open,1.170863568534039,4.804270833333334,1,C1: Active Pipeline,0.296,68.709694,63.90542307535807,0.3465756162860755,0.8242879522479634
9267c30d63d7edf0,1cdd086394501fee,674ec33189ed753c,,Open,5547.041958413171,19.994131944444444,3,C3: Large Open,0.58,54.898132,34.9040003797743,3217.284335879639,2329.7576225335324
9269c2f48a402bd3,4928d3c96935fb3f,6b7e1f5b521de19b,,Open,1893.7888334569147,257.8648958333333,3,C3: Large Open,,33.44555,0.0,,
926f497fbc719add,1cdd086394501fee,6b7e1f5b521de19b,6f9a9c5f2856c8b3,Open,247.22238032605716,2.3148148148148147e-05,1,C1: Active Pipeline,,47.852074,47.85205052128545,,
9283b0e278262a6c,a66943a59bca7bfd,38080774be85927f,28c9c64e5918b06e,Open,1.170863568534039,1.1574074074074072e-05,1,C1: Active Pipeline,,68.54199,68.54198061342592,,
9287fd1c0f1270aa,9387d1da6d5967e1,6b7e1f5b521de19b,,Open,89664.46366676311,0.0,3,C3: Large Open,,318.49432,318.49432373046875,,
929ffd3e350403d5,9387d1da6d5967e1,6b7e1f5b521de19b,d4f34f97b6d22a81,Open,339240.9363865488,57.294826388888886,3,C3: Large Open,0.546,51.837666,0.0,185225.55126705565,154015.38511949315
92aee7c52f5fd311,ac2a5ee6878db2c2,6b7e1f5b521de19b,d4f34f97b6d22a81,Open,93817.3021095333,16.26222222222222,3,C3: Large Open,0.634,101.072205,84.80998236762153,59480.16953744411,34337.132572089184
92afde7196087047,9387d1da6d5967e1,6b7e1f5b521de19b,,Open,1.170863568534039,1.1574074074074072e-05,1,C1: Active Pipeline,,71.971306,71.97129427309389,,
92b7b9760109a2dd,6befd145c261113d,6b7e1f5b521de19b,6f9a9c5f2856c8b3,Open,1.170863568534039,2.3148148148148147e-05,1,C1: Active Pipeline,,59.372196,59.37217304936162,,
92d4a8ddb5f585ab,1cdd086394501fee,6b7e1f5b521de19b,6f9a9c5f2856c8b3,Open,3863.818322187604,0.1783333333333333,3,C3: Large Open,,59.156944,58.97861094156901,,
92dacb3f7450717a,1cdd086394501fee,1bb1bb990c53f4fc,,Open,2940320.756356726,1.1574074074074072e-05,3,C3: Large Open,,935.92255,935.9225348126447,,
92e0256cca4b33da,9387d1da6d5967e1,6b7e1f5b521de19b,,Open,2.4198904513070483,76.92501157407408,1,C1: Active Pipeline,,498.6453,421.72028261537906,,
92ecd7a6e14bcaeb,1cdd086394501fee,6b7e1f5b521de19b,,Open,35845.270270304114,0.0,3,C3: Large Open,0.44,346.03946,346.0394592285156,15771.91891893381,20073.351351370307
92f76b1b745243d1,6befd145c261113d,6b7e1f5b521de19b,d4f34f97b6d22a81,Open,31178.177062585422,4.629629629629629e-05,3,C3: Large Open,,110.026764,110.02671761971934,,
930dd0deb9e4a940,1cdd086394501fee,6b7e1f5b521de19b,6f9a9c5f2856c8b3,Open,11485.134609700684,0.0,3,C3: Large Open,,57.909904,57.90990447998047,,
932487b6d5506fe9,9387d1da6d5967e1,6b7e1f5b521de19b,d4f34f97b6d22a81,Open,1287.0828528119127,3.472222222222222e-05,1,C1: Active Pipeline,,152.0218,152.0217700873481,,
932fe286e620612b,ac2a5ee6878db2c2,fc3655a0b667e091,28c9c64e5918b06e,Open,67092.62010441352,5.787037037037037e-05,3,C3: Large Open,,157.49562,157.4955628571687,,
93395c4f449edfcc,9387d1da6d5967e1,6b7e1f5b521de19b,d4f34f97b6d22a81,Open,3545.505563932333,0.0001388888888888,3,C3: Large Open,,67.58858,67.58843838161893,,
933f2db437994017,6befd145c261113d,6b7e1f5b521de19b,,Open,1947.7864758271053,1.1574074074074072e-05,0,C0: High-Win,,54.930523,54.9305113446271,,
93431ceb5f993ec0,4928d3c96935fb3f,6b7e1f5b521de19b,,Open,3391.863497755878,2.3148148148148147e-05,3,C3: Large Open,,27.764425,27.764402129561812,,
935acc59973dbc19,a66943a59bca7bfd,255414ab73601d72,28c9c64e5918b06e,Open,1.170863568534039,5.787037037037037e-05,1,C1: Active Pipeline,,58.143154,58.14309627391674,,
937785e2abba21b3,ac2a5ee6878db2c2,6b7e1f5b521de19b,d4f34f97b6d22a81,Open,38030.89230201891,0.0053935185185185,0,C0: High-Win,0.802,35.052612,35.04721878616898,30500.77562621917,7530.116675799743
9378b899eac66a7e,1cdd086394501fee,6b7e1f5b521de19b,,Open,43285.79662973323,2.895960648148148,3,C3: Large Open,0.37,350.94586,348.0499011682581,16015.744753001296,27270.051876731937
937a9a29d4fabb2d,a66943a59bca7bfd,ac6153076817c20f,28c9c64e5918b06e,Open,714143.457023505,723.7750925925926,3,C3: Large Open,0.092,463.19418,0.0,65701.19804616246,648442.2589773425
937d96dc4bb8f895,9387d1da6d5967e1,6b7e1f5b521de19b,,Open,22962.31400177536,0.0,0,C0: High-Win,,265.40295,265.4029541015625,,
93825d42676e5d95,ac2a5ee6878db2c2,6b7e1f5b521de19b,,Open,1436239.262207987,586.8169444444444,3,C3: Large Open,0.712,304.40833,0.0,1022602.3546920867,413636.9075159003
938935bc1c957d11,9387d1da6d5967e1,6b7e1f5b521de19b,6f9a9c5f2856c8b3,Open,14943.56659228769,0.0003703703703703,0,C0: High-Win,,51.76813,51.767760885733146,,
938ce9f5cc5f6c9a,ef9b14cf5a29c54a,6b7e1f5b521de19b,,Open,1.170863568534039,0.0129398148148148,1,C1: Active Pipeline,,69.725655,69.71271478723597,,
938db7d997b43ae0,6befd145c261113d,6b7e1f5b521de19b,,Open,1.170863568534039,0.0011921296296296,1,C1: Active Pipeline,,401.65195,401.6507548918547,,
93905ccfc1ab0c8c,6befd145c261113d,6b7e1f5b521de19b,6f9a9c5f2856c8b3,Open,1.170863568534039,97.5559375,1,C1: Active Pipeline,0.452,55.86493,0.0,0.5292303329773856,0.6416332355566534
939570a29ae141ed,6befd145c261113d,6b7e1f5b521de19b,6f9a9c5f2856c8b3,Open,98.49392076768088,3.472222222222222e-05,1,C1: Active Pipeline,,61.379208,61.37917288886176,,
9395a3addeb559ea,9387d1da6d5967e1,6b7e1f5b521de19b,,Open,21273.147061594493,591.0854050925926,3,C3: Large Open,0.046,320.96124,0.0,978.5647648333467,20294.582296761146
93b1374080041eee,6befd145c261113d,6b7e1f5b521de19b,d4f34f97b6d22a81,Open,7014.703753429613,4.629629629629629e-05,0,C0: High-Win,,23.249826,23.249780134978117,,
93b4121fcb690a09,4928d3c96935fb3f,6b7e1f5b521de19b,,Open,11485.134609700684,1.1574074074074072e-05,3,C3: Large Open,,57.785145,57.78513323183413,,
93be5fc16ee41e47,9387d1da6d5967e1,6b7e1f5b521de19b,,Open,2.4198904513070483,756.7843865740741,1,C1: Active Pipeline,0.196,113.55875,0.0,0.4742985284561815,1.945591922850867
93c781fa04289de9,ac2a5ee6878db2c2,6b7e1f5b521de19b,d4f34f97b6d22a81,Open,2824734.85758602,666.2957291666667,3,C3: Large Open,0.376,258.30954,0.0,1062100.3064523435,1762634.5511336767
93c9e466e97710cc,6befd145c261113d,6b7e1f5b521de19b,,Open,26280.95777724916,1.1574074074074072e-05,3,C3: Large Open,,55.849003,55.84899126406069,,
93dccbca72d5dead,ac2a5ee6878db2c2,6b7e1f5b521de19b,6f9a9c5f2856c8b3,Open,653803.1016379116,5.787037037037037e-05,3,C3: Large Open,,528.3826,528.3825715241609,,
93de87dcbbbe3be0,6befd145c261113d,6b7e1f5b521de19b,6f9a9c5f2856c8b3,Open,274582.5663460315,32.76385416666667,3,C3: Large Open,0.36,98.705124,65.94126973470051,98849.72388457133,175732.84246146015
93e0f472e32c50a2,9387d1da6d5967e1,6b7e1f5b521de19b,,Open,1.170863568534039,0.0,1,C1: Active Pipeline,,162.2084,162.20840454101562,,
93eb64021646623b,4928d3c96935fb3f,6b7e1f5b521de19b,,Open,5083.8994500666495,0.0,3,C3: Large Open,,57.775223,57.77522277832031,,
93f1fe1e35aa2dfa,6befd145c261113d,6b7e1f5b521de19b,6f9a9c5f2856c8b3,Open,1.170863568534039,1.1574074074074072e-05,1,C1: Active Pipeline,,61.53156,61.53154741640444,,
940689add19845a8,ac2a5ee6878db2c2,6b7e1f5b521de19b,d4f34f97b6d22a81,Open,158904.8427937011,293.08914351851854,3,C3: Large Open,0.2,49.152584,0.0,31780.96855874022,127123.87423496088
940bb6f7a09e8dec,6befd145c261113d,6b7e1f5b521de19b,6f9a9c5f2856c8b3,Open,98.49392076768088,3.472222222222222e-05,1,C1: Active Pipeline,,55.7159,55.715865698920354,,
9410179c2b2cc307,ac2a5ee6878db2c2,6b7e1f5b521de19b,,Open,1.170863568534039,1.1574074074074072e-05,1,C1: Active Pipeline,,53.636074,53.63606249208804,,
9415553396c995f0,ac2a5ee6878db2c2,6b7e1f5b521de19b,d4f34f97b6d22a81,Open,8809844.737654256,807.1043402777777,3,C3: Large Open,0.168,79.48095,0.0,1480053.9159259151,7329790.82172834
94307a3eecf85871,6befd145c261113d,6b7e1f5b521de19b,,Open,38843.941510716206,1.1574074074074072e-05,3,C3: Large Open,,32.340607,32.34059511537905,,
9434f754a9ed5054,9387d1da6d5967e1,6b7e1f5b521de19b,,Open,35845.270270304114,0.0,3,C3: Large Open,,284.10068,284.1006774902344,,
9446bb6d3a24c4dc,6befd145c261113d,6b7e1f5b521de19b,,Open,218130.08395331344,300.8335879629629,3,C3: Large Open,0.326,387.5854,86.75180022063086,71110.40736878019,147019.67658453324
94486922e25bf783,9387d1da6d5967e1,6b7e1f5b521de19b,,Open,2.4198904513070483,1.1574074074074072e-05,1,C1: Active Pipeline,,137.23643,137.23642336244936,,
94515ff1cf82c318,1cdd086394501fee,6b7e1f5b521de19b,6f9a9c5f2856c8b3,Open,1.170863568534039,1.1574074074074072e-05,1,C1: Active Pipeline,,72.56087,72.56085573549623,,
9457fb2fa37d9edd,9387d1da6d5967e1,6b7e1f5b521de19b,,Open,11338.365398214037,321.0032523148148,3,C3: Large Open,0.168,36.944393,0.0,1904.8453868999584,9433.520011314078
945bcd57b00c521b,9387d1da6d5967e1,6b7e1f5b521de19b,d4f34f97b6d22a81,Open,1.170863568534039,1.1574074074074072e-05,1,C1: Active Pipeline,,54.251797,54.25178514833804,,
94693a827eed1d2c,ac2a5ee6878db2c2,6b7e1f5b521de19b,6f9a9c5f2856c8b3,Open,1710672.2220531874,146.38425925925927,3,C3: Large Open,0.228,1459.8298,1313.4455747251156,390033.26662812673,1320638.9554250608
9475c419defb35f6,ac2a5ee6878db2c2,6b7e1f5b521de19b,6f9a9c5f2856c8b3,Open,24988.92211359646,2.323877314814814,3,C3: Large Open,0.53,192.00494,189.68106653284144,13244.128720206125,11744.793393390337
94809b1b90b1bf02,6befd145c261113d,6b7e1f5b521de19b,6f9a9c5f2856c8b3,Open,114438.38489212212,0.0013078703703703,3,C3: Large Open,,31.219276,31.217968557852284,,
9490451fe6c480bc,1cdd086394501fee,6b7e1f5b521de19b,6f9a9c5f2856c8b3,Open,1.170863568534039,1.1574074074074072e-05,1,C1: Active Pipeline,,79.16757,79.1675604474103,,
94af0d4b363ade2a,ac2a5ee6878db2c2,6b7e1f5b521de19b,6f9a9c5f2856c8b3,Open,270.8514190052936,1.1574074074074072e-05,1,C1: Active Pipeline,0.78,22.735662,22.735650886253076,211.26410682412904,59.58731218116459
94d474110a0d13f1,9387d1da6d5967e1,6b7e1f5b521de19b,,Open,4694.223952710472,0.0005092592592592,3,C3: Large Open,,141.10986,141.10935402199075,,
94fe7a983493e9de,4928d3c96935fb3f,6b7e1f5b521de19b,,Open,19774.79549531557,0.0001736111111111,0,C0: High-Win,,204.07375,204.07357211642795,,
950360845c22bece,ac2a5ee6878db2c2,6b7e1f5b521de19b,6f9a9c5f2856c8b3,Open,1.170863568534039,0.8184722222222223,1,C1: Active Pipeline,,91.06142,90.24294440375434,,
950361e737d79f4b,6befd145c261113d,255414ab73601d72,28c9c64e5918b06e,Open,1955.832049674712,1.1574074074074072e-05,1,C1: Active Pipeline,,47.196156,47.19614397402163,,
950f9e81b99d062e,9387d1da6d5967e1,6b7e1f5b521de19b,,Open,25102.753943361105,1.1574074074074072e-05,3,C3: Large Open,,61.222095,61.22208391542788,,
9515cd8d45ce355e,9387d1da6d5967e1,6b7e1f5b521de19b,,Open,102317.87995163644,1.2302083333333331,2,C2: High-Win,0.786,62.859226,61.62901789347331,80421.85364198625,21896.026309650195
951f353681e03f43,1cdd086394501fee,6b7e1f5b521de19b,6f9a9c5f2856c8b3,Open,152539.4413068914,304.3172337962963,0,C0: High-Win,0.638,102.96291,0.0,97320.16355379671,55219.27775309468
95204e40fe760932,9387d1da6d5967e1,6b7e1f5b521de19b,,Open,5186.502594949308,73.63627314814815,3,C3: Large Open,0.308,127.709496,54.073222396285445,1597.4427992443868,3589.0597957049213
9520edce025ae469,1cdd086394501fee,6b7e1f5b521de19b,6f9a9c5f2856c8b3,Open,1.170863568534039,1.1574074074074072e-05,1,C1: Active Pipeline,,67.25801,67.25799929018373,,
952aaad9e4e1457c,6befd145c261113d,6b7e1f5b521de19b,,Open,35845.270270304114,1.1574074074074072e-05,3,C3: Large Open,,271.9043,271.90428530092595,,
952ca9fa9b862330,6befd145c261113d,6b7e1f5b521de19b,6f9a9c5f2856c8b3,Open,15203.485339945146,68.99104166666666,3,C3: Large Open,0.168,101.70234,32.71129750569662,2554.1855371107845,12649.29980283436
954203c7a9385c65,6befd145c261113d,6b7e1f5b521de19b,,Open,1.170863568534039,0.0033564814814814,1,C1: Active Pipeline,,296.2542,296.25085494429976,,
954edbd436cbe396,ef9b14cf5a29c54a,6b7e1f5b521de19b,,Open,2534.478370161914,1.1574074074074072e-05,1,C1: Active Pipeline,,46.450092,46.450080741599756,,
95570b01fabb4693,ef9b14cf5a29c54a,6b7e1f5b521de19b,,Open,33891.25144510754,1.1574074074074072e-05,2,C2: High-Win,,15.043376,15.043364394859031,,
955ea59e484bb8e5,ac2a5ee6878db2c2,6b7e1f5b521de19b,d4f34f97b6d22a81,Open,768400.4244677862,243.1921875,3,C3: Large Open,0.676,117.50764,0.0,519438.6869402235,248961.7375275627
9564471c70acc56a,6befd145c261113d,6b7e1f5b521de19b,6f9a9c5f2856c8b3,Open,23928.94916312084,154.11145833333333,3,C3: Large Open,0.298,92.99671,0.0,7130.82685061001,16798.12231251083
956aec1a0bbf7be2,9387d1da6d5967e1,6b7e1f5b521de19b,d4f34f97b6d22a81,Open,54219.05756147853,0.1741319444444444,3,C3: Large Open,0.462,384.53488,384.3607496473524,25049.20459340308,29169.85296807545
95779bdc7ab76a3f,a66943a59bca7bfd,255414ab73601d72,28c9c64e5918b06e,Open,14757.546481435009,717.8839814814814,3,C3: Large Open,0.064,135.91086,0.0,944.4829748118406,13813.063506623168
9582a06afd99a1d4,1cdd086394501fee,6b7e1f5b521de19b,,Open,124141.7423338983,1.1574074074074072e-05,0,C0: High-Win,,42.858135,42.8581236493146,,
95868419806ff12d,a66943a59bca7bfd,1bb1bb990c53f4fc,28c9c64e5918b06e,Open,36754.75787348106,2.3148148148148147e-05,0,C0: High-Win,0.838,54.84889,54.84886524906865,30800.487097977126,5954.270775503933
958f52e6943a021e,6befd145c261113d,6b7e1f5b521de19b,6f9a9c5f2856c8b3,Open,29350.919671169457,1.1574074074074072e-05,3,C3: Large Open,,43.493538,43.49352632875796,,
959a0be0d634409b,9387d1da6d5967e1,6b7e1f5b521de19b,d4f34f97b6d22a81,Open,4905.422458520495,2.3148148148148147e-05,3,C3: Large Open,,115.57828,115.57825443974248,,
95bbd1be5ffe5980,9387d1da6d5967e1,6b7e1f5b521de19b,,Open,5655.969519442425,1.1574074074074072e-05,0,C0: High-Win,,21.327826,21.327813972190576,,
95bd6d4c6c77c60e,1cdd086394501fee,6b7e1f5b521de19b,6f9a9c5f2856c8b3,Open,17046.65886897302,1.973310185185185,0,C0: High-Win,0.768,75.81305,73.83973913122107,13091.83401137128,3954.8248576017404
95c2940c5443ccea,a66943a59bca7bfd,1bb1bb990c53f4fc,28c9c64e5918b06e,Open,1.170863568534039,1.1574074074074072e-05,1,C1: Active Pipeline,,283.03168,283.0316656720197,,
95d4cf038571e98b,1cdd086394501fee,6b7e1f5b521de19b,6f9a9c5f2856c8b3,Open,172397.81982676446,59.87859953703704,3,C3: Large Open,0.408,60.651047,0.7724472158926474,70338.31048931989,102059.50933744457
95e0a9b04fe47a20,9387d1da6d5967e1,6b7e1f5b521de19b,,Open,5186.502594949308,4.03537037037037,3,C3: Large Open,0.17,92.817604,88.78223369457103,881.7054411413825,4304.7971538079255
95f1b668099a6afc,6befd145c261113d,6b7e1f5b521de19b,6f9a9c5f2856c8b3,Open,1.170863568534039,1.1574074074074072e-05,1,C1: Active Pipeline,,80.931244,80.9312323224103,,
95f65a721af4237a,ef9b14cf5a29c54a,6b7e1f5b521de19b,,Open,1.170863568534039,2.3148148148148147e-05,1,C1: Active Pipeline,,299.02472,299.0246960901331,,
95f7cc2c3b29ea49,a66943a59bca7bfd,fd10c5543bdbcbc9,d4f34f97b6d22a81,Open,72306.18065252133,205.76840277777777,3,C3: Large Open,0.268,68.8031,0.0,19378.05641487572,52928.124237645614
96021bc2edfa9612,ac2a5ee6878db2c2,6b7e1f5b521de19b,6f9a9c5f2856c8b3,Open,3453.4510412174973,54.10881944444444,3,C3: Large Open,0.728,58.624332,4.515512983534073,2514.112358006338,939.3386832111594
9607e195293dcb8c,9387d1da6d5967e1,6b7e1f5b521de19b,,Open,6590.9859511915865,0.0,3,C3: Large Open,,37.34313,37.3431282043457,,
9619ecf036586e59,6befd145c261113d,6b7e1f5b521de19b,6f9a9c5f2856c8b3,Open,274018.99400616315,2.3148148148148147e-05,0,C0: High-Win,0.56,237.75427,237.75424931278934,153450.63664345138,120568.35736271177
961a939172d8078c,6befd145c261113d,6b7e1f5b521de19b,6f9a9c5f2856c8b3,Open,1.170863568534039,13.778726851851852,1,C1: Active Pipeline,,96.01621,82.23748561152705,,
961c44a220ce0690,1cdd086394501fee,6b7e1f5b521de19b,6f9a9c5f2856c8b3,Open,351.1076362015929,6.944444444444444e-05,1,C1: Active Pipeline,,23.293615,23.293545896742078,,
9633f59a70f0eada,6befd145c261113d,6b7e1f5b521de19b,,Open,262389.5861676333,0.0,3,C3: Large Open,,32.148853,32.14885330200195,,
9635f022eea86a34,1cdd086394501fee,6b7e1f5b521de19b,6f9a9c5f2856c8b3,Open,356129.2690527839,559.021400462963,3,C3: Large Open,0.282,523.89087,0.0,100428.45387288505,255700.81517989884
9638c1646df67657,ac2a5ee6878db2c2,6b7e1f5b521de19b,6f9a9c5f2856c8b3,Open,1.170863568534039,1.1574074074074072e-05,1,C1: Active Pipeline,,49.962753,49.962741721824365,,
964e24c6b3d2328d,9387d1da6d5967e1,6b7e1f5b521de19b,d4f34f97b6d22a81,Open,1.170863568534039,0.0,1,C1: Active Pipeline,,95.51117,95.51116943359375,,
9651212bb614dcf4,9387d1da6d5967e1,6b7e1f5b521de19b,,Open,18553.707272546184,0.0,3,C3: Large Open,0.628,65.525185,65.52518463134766,11651.728167159004,6901.97910538718
965fdeb1a926c810,a66943a59bca7bfd,6828ce51082c111b,28c9c64e5918b06e,Open,1.170863568534039,1.1574074074074072e-05,1,C1: Active Pipeline,,118.17716,118.17715059633608,,
96860062c468fcc9,ac2a5ee6878db2c2,6b7e1f5b521de19b,d4f34f97b6d22a81,Open,1.170863568534039,0.0,1,C1: Active Pipeline,0.557028901734104,64.37754,64.3775405883789,0.6522048476609895,0.5186587208730494
9686ef4bfe68fe24,a66943a59bca7bfd,6d74405afdbc85ba,28c9c64e5918b06e,Open,1048582.1474511204,282.9431134259259,3,C3: Large Open,0.172,104.28476,0.0,180356.1293615927,868226.0180895277
968cb1babb86f380,6befd145c261113d,6b7e1f5b521de19b,6f9a9c5f2856c8b3,Open,59625.31035468516,0.0001504629629629,0,C0: High-Win,,54.50418,54.50403044524016,,
9697bb37d24da19c,9387d1da6d5967e1,6b7e1f5b521de19b,6f9a9c5f2856c8b3,Open,47.32296795979548,1.1574074074074072e-05,1,C1: Active Pipeline,0.6765714285714286,52.744102,52.74409090395327,32.01736803679877,15.305599922996707
969d61dfc0451889,1cdd086394501fee,674ec33189ed753c,,Open,2357482.063301993,0.0,3,C3: Large Open,,1643.6411,1643.64111328125,,
96a2349915e2fc54,1cdd086394501fee,7727881f71a42a5a,,Open,8290.869253090716,0.0298263888888888,0,C0: High-Win,,214.66234,214.63251186794704,,
96ad92d68bf86054,a66943a59bca7bfd,6b7e1f5b521de19b,6f9a9c5f2856c8b3,Open,76057.68653515907,0.0,0,C0: High-Win,,201.66313,201.6631317138672,,
96b8c06c31b4e1db,9387d1da6d5967e1,6b7e1f5b521de19b,,Open,2.4198904513070483,0.0,1,C1: Active Pipeline,,75.34494,75.34494018554688,,
96cf803d26a27b69,6befd145c261113d,6b7e1f5b521de19b,6f9a9c5f2856c8b3,Open,1.170863568534039,0.0,1,C1: Active Pipeline,,213.79883,213.798828125,,
96dc5966c31d9666,9387d1da6d5967e1,6b7e1f5b521de19b,,Open,263999.29512211593,0.0026157407407407,0,C0: High-Win,,398.20334,398.20072288230614,,
96f046b1b71fee08,1cdd086394501fee,062b9e5a52eb6d8e,,Open,1376416.9179013765,0.0,0,C0: High-Win,,193.9922,193.99220275878906,,
97184dec87fdfa19,6befd145c261113d,6b7e1f5b521de19b,,Open,7369.351110629336,1.1574074074074072e-05,0,C0: High-Win,,56.57908,56.579067100242334,,
9721536735492a6e,ac2a5ee6878db2c2,6b7e1f5b521de19b,6f9a9c5f2856c8b3,Open,4287.430012278925,1.999675925925926,0,C0: High-Win,0.62,73.175316,71.17563993100767,2658.206607612933,1629.2234046659914
9728a3cfcd2ea7b7,9387d1da6d5967e1,6b7e1f5b521de19b,,Open,9648.963805727815,348.7849074074074,3,C3: Large Open,0.136,127.42658,0.0,1312.259077578983,8336.704728148832
972bd70d5bbb3b92,1cdd086394501fee,42a0974a7fcfe59f,,Open,54608.54408792734,0.0,3,C3: Large Open,0.338,141.3314,141.33140563964844,18457.68790171944,36150.85618620789
973758f6a372141f,ac2a5ee6878db2c2,6b7e1f5b521de19b,d4f34f97b6d22a81,Open,1231.2988998144133,0.0011921296296296,0,C0: High-Win,,47.57859,47.57739826343678,,
97607a4b479fc55d,6befd145c261113d,6b7e1f5b521de19b,6f9a9c5f2856c8b3,Open,331.9676552828154,2.3148148148148147e-05,1,C1: Active Pipeline,,38.718056,38.71803257694951,,
97615961565dad93,9387d1da6d5967e1,6b7e1f5b521de19b,,Open,524417.177630072,111.69400462962965,3,C3: Large Open,0.318,630.9388,519.2447771086516,166764.66248636288,357652.5151437091
97762657c573feec,1cdd086394501fee,6b7e1f5b521de19b,,Open,90092.34127709284,1.1574074074074072e-05,2,C2: High-Win,,24.922945,24.922933448508935,,
97b38c4708c6dc9b,1cdd086394501fee,6b7e1f5b521de19b,6f9a9c5f2856c8b3,Open,361.29574083874047,1.1574074074074072e-05,1,C1: Active Pipeline,,21.163254,21.163242210105615,,
97b445a1cf095111,ac2a5ee6878db2c2,6b7e1f5b521de19b,6f9a9c5f2856c8b3,Open,57494014.21743915,181.8748263888889,2,C2: High-Win,0.75,105.72526,0.0,43120510.663079366,14373503.554359788
97b6d616bae76f73,1cdd086394501fee,6b7e1f5b521de19b,6f9a9c5f2856c8b3,Open,1.170863568534039,1.1574074074074072e-05,1,C1: Active Pipeline,0.414,108.71785,108.71783815737123,0.4847375173730921,0.6861260511609469
97c8870065b37353,9387d1da6d5967e1,6b7e1f5b521de19b,,Open,89664.46366676311,0.0,3,C3: Large Open,0.174,129.59425,129.59425354003906,15601.61667801678,74062.84698874634
97cdfa689cccc95c,6befd145c261113d,6b7e1f5b521de19b,6f9a9c5f2856c8b3,Open,11818.272062514308,3.472222222222222e-05,0,C0: High-Win,,43.399628,43.39959296332465,,
97ebe7e4dc18e36a,6befd145c261113d,6b7e1f5b521de19b,,Open,108237.84289206556,0.0,3,C3: Large Open,0.274,451.28116,451.2811584472656,29657.168952425964,78580.67393963959
97ef7d94fc6d5e18,ac2a5ee6878db2c2,6b7e1f5b521de19b,6f9a9c5f2856c8b3,Open,30311.80831862416,371.3154050925926,3,C3: Large Open,0.25,61.133995,0.0,7577.95207965604,22733.85623896812
97f0d9def22bc05f,6befd145c261113d,6b7e1f5b521de19b,6f9a9c5f2856c8b3,Open,1.170863568534039,1.1574074074074072e-05,1,C1: Active Pipeline,,53.07531,53.075298179343896,,
9809fc0eca27201a,6befd145c261113d,6b7e1f5b521de19b,6f9a9c5f2856c8b3,Open,1.170863568534039,0.0,1,C1: Active Pipeline,,149.96712,149.9671173095703,,
980d7fcf6ea795ff,a66943a59bca7bfd,bd661df59343798b,28c9c64e5918b06e,Open,1.170863568534039,1.1574074074074072e-05,1,C1: Active Pipeline,,90.695114,90.69510256166811,,
980fd26ad12428f9,9387d1da6d5967e1,6b7e1f5b521de19b,,Open,7764.127534258224,0.0,3,C3: Large Open,,71.584206,71.5842056274414,,
981f4fdea9e21f57,9387d1da6d5967e1,6b7e1f5b521de19b,,Open,21273.147061594493,311.0768287037037,3,C3: Large Open,0.106,198.69774,0.0,2254.953588529016,19018.193473065476
984b795a8288c730,6befd145c261113d,6b7e1f5b521de19b,6f9a9c5f2856c8b3,Open,98.49392076768088,2.3148148148148147e-05,1,C1: Active Pipeline,,52.5794,52.579375960738574,,
984def95553d2178,ac2a5ee6878db2c2,6b7e1f5b521de19b,6f9a9c5f2856c8b3,Open,471.87406353641353,1.1574074074074072e-05,1,C1: Active Pipeline,0.758,28.06781,28.067798484519678,357.6805401606015,114.19352337581208
985dec0adee4f740,6befd145c261113d,6b7e1f5b521de19b,,Open,59682.4472890535,0.0,3,C3: Large Open,,33.38496,33.38496017456055,,
9868de0f27143346,6befd145c261113d,6b7e1f5b521de19b,6f9a9c5f2856c8b3,Open,98.49392076768088,0.0005324074074074,1,C1: Active Pipeline,,64.87189,64.87135479962384,,
98697477a0ae5c4b,9387d1da6d5967e1,6b7e1f5b521de19b,,Open,1.170863568534039,399.9929050925926,1,C1: Active Pipeline,0.488,113.55133,0.0,0.571381421444611,0.5994821470894279
9874b876753be2ee,1cdd086394501fee,8e05397b18bfb06f,,Open,2351791.856538048,1.1574074074074072e-05,3,C3: Large Open,,1117.668,1117.667957175926,,
9883734bcbd72e24,9387d1da6d5967e1,6b7e1f5b521de19b,,Open,21454.15652779775,1.1574074074074072e-05,3,C3: Large Open,0.7106666666666667,63.811924,63.81191240663882,15246.753905754935,6207.402622042816
9885fc96a230ae05,ac2a5ee6878db2c2,6b7e1f5b521de19b,d4f34f97b6d22a81,Open,1.170863568534039,0.0,1,C1: Active Pipeline,,53.432735,53.432735443115234,,
989b443c805011ad,9387d1da6d5967e1,6b7e1f5b521de19b,,Open,211.4574129138252,1.1574074074074072e-05,1,C1: Active Pipeline,,32.677048,32.677036155418115,,
989c3e3a25aefeff,a66943a59bca7bfd,75c64824a2a4e380,28c9c64e5918b06e,Open,1.170863568534039,98.73809027777776,1,C1: Active Pipeline,0.4,53.700817,0.0,0.4683454274136156,0.7025181411204233
98a33a04fbdef32c,6befd145c261113d,6b7e1f5b521de19b,6f9a9c5f2856c8b3,Open,1.170863568534039,1.1574074074074072e-05,1,C1: Active Pipeline,,59.62581,59.62579714174624,,
98b848a97e55e0fe,6befd145c261113d,6b7e1f5b521de19b,6f9a9c5f2856c8b3,Open,71994.41433464226,1.1574074074074072e-05,0,C0: High-Win,,64.5769,64.57688509340639,,
98ce2356ead4c21b,ac2a5ee6878db2c2,6b7e1f5b521de19b,6f9a9c5f2856c8b3,Open,1.170863568534039,1.1574074074074072e-05,1,C1: Active Pipeline,,68.18569,68.18568025942201,,
98d4c47e5602b8b6,9387d1da6d5967e1,6b7e1f5b521de19b,,Open,6825.920575393989,0.0,0,C0: High-Win,,37.648777,37.64877700805664,,
98e503d5df629328,9387d1da6d5967e1,6b7e1f5b521de19b,,Open,5083.8994500666495,11.195358796296295,3,C3: Large Open,0.452,37.63657,26.441211180510344,2297.9225514301256,2785.9768986365243
98f8ad511384e68a,9387d1da6d5967e1,6b7e1f5b521de19b,d4f34f97b6d22a81,Open,14952.016548085194,103.24440972222222,3,C3: Large Open,0.608,99.90878,0.0,9090.826061235797,5861.190486849397
990e7aa8253eda99,6befd145c261113d,6b7e1f5b521de19b,,Open,1.170863568534039,32.001041666666666,1,C1: Active Pipeline,,341.7985,309.797450764974,,
992410f356c58f1c,9387d1da6d5967e1,6b7e1f5b521de19b,,Open,2.4198904513070483,1.1574074074074072e-05,1,C1: Active Pipeline,,72.32718,72.32716738100405,,
992c288899ccb0e0,9387d1da6d5967e1,6b7e1f5b521de19b,,Open,25102.753943361105,3.472222222222222e-05,3,C3: Large Open,,85.17345,85.17341193305121,,
99353d03f84a1699,1cdd086394501fee,fc3655a0b667e091,,Open,42352.05654187741,142.849375,3,C3: Large Open,0.406,71.16946,0.0,17194.93495600223,25157.121585875182
9937d95bb77ee0b0,1cdd086394501fee,6b7e1f5b521de19b,6f9a9c5f2856c8b3,Open,212.02522749452675,2.3148148148148147e-05,1,C1: Active Pipeline,,25.485262,25.48523876896611,,
9942abf30c39fd23,ac2a5ee6878db2c2,6b7e1f5b521de19b,d4f34f97b6d22a81,Open,1.170863568534039,1.1574074074074072e-05,1,C1: Active Pipeline,,44.00619,44.00617967958804,,
995830726261df73,1cdd086394501fee,6b7e1f5b521de19b,,Open,719615.2322614389,149.94547453703703,3,C3: Large Open,0.526,129.62608,0.0,378517.61216951685,341097.620091922
995d1d77ccc47775,a66943a59bca7bfd,e9943875f43f341e,28c9c64e5918b06e,Open,146206.88732295338,3.285763888888889,3,C3: Large Open,0.57,119.740166,116.45440182156032,83337.92577408341,62868.96154886996
99603fed53bff694,4928d3c96935fb3f,6b7e1f5b521de19b,6f9a9c5f2856c8b3,Open,1098608.2846338698,230.913125,3,C3: Large Open,0.358,288.71307,57.79994873046874,393301.76589892537,705306.5187349444
996ac4ca29fc8328,9387d1da6d5967e1,6b7e1f5b521de19b,,Open,2.4198904513070483,1.1574074074074072e-05,1,C1: Active Pipeline,,132.34482,132.3448065411603,,
997a999fe24587b3,9387d1da6d5967e1,6b7e1f5b521de19b,,Open,25102.753943361105,0.0,3,C3: Large Open,,51.920006,51.920005798339844,,
99878cbee24de3f1,4928d3c96935fb3f,6b7e1f5b521de19b,,Open,5083.8994500666495,2.3148148148148147e-05,3,C3: Large Open,,50.6005,50.600475051314746,,
9989df6f936e7163,6befd145c261113d,75c64824a2a4e380,28c9c64e5918b06e,Open,106.76407008298536,2.3148148148148147e-05,1,C1: Active Pipeline,,26.003569,26.003545501143844,,
99904212151ea339,a66943a59bca7bfd,77c27bf8a409b6bb,28c9c64e5918b06e,Open,124065.76839346338,261.1387847222222,3,C3: Large Open,0.342,111.17752,0.0,42430.49279056448,81635.2756028989
99a21e40f0569c79,4928d3c96935fb3f,6b7e1f5b521de19b,,Open,2.4198904513070483,187.3636574074074,1,C1: Active Pipeline,,129.8046,0.0,,
99a958f7cc4a108e,6befd145c261113d,6b7e1f5b521de19b,,Open,9648.963805727815,1.1574074074074072e-05,3,C3: Large Open,,88.996956,88.99694429750795,,
99ac55230c4faf84,1cdd086394501fee,6b7e1f5b521de19b,6f9a9c5f2856c8b3,Open,1.170863568534039,1.1574074074074072e-05,1,C1: Active Pipeline,,59.216805,59.21679293032046,,
99bc1c2393327a4f,6befd145c261113d,6b7e1f5b521de19b,6f9a9c5f2856c8b3,Open,2672.748439990504,2.3148148148148147e-05,0,C0: High-Win,,43.284554,43.284530379683886,,
99bdccb367a6fb4a,9387d1da6d5967e1,6b7e1f5b521de19b,d4f34f97b6d22a81,Open,61559.15617829507,0.0586458333333333,3,C3: Large Open,0.478,88.96094,88.90229166666667,29425.27665322504,32133.879525070028
99cf8df50c7c01bf,6befd145c261113d,6b7e1f5b521de19b,6f9a9c5f2856c8b3,Open,1016.8630603954168,20.031111111111112,1,C1: Active Pipeline,0.594,36.149734,16.1186233859592,604.0166578748775,412.84640252053924
99e1b422ba072096,a66943a59bca7bfd,75c64824a2a4e380,28c9c64e5918b06e,Open,808346.3851878843,503.8838425925926,3,C3: Large Open,,691.08734,187.20349871600115,,
99e28014e7c74827,9387d1da6d5967e1,6b7e1f5b521de19b,,Open,3303.290441942712,2.3148148148148147e-05,3,C3: Large Open,,98.744576,98.74455235234014,,
99e4197e58ef47df,6befd145c261113d,6b7e1f5b521de19b,6f9a9c5f2856c8b3,Open,1.170863568534039,2.3148148148148147e-05,1,C1: Active Pipeline,,62.254353,62.25432942143193,,
99eeefed6d15e120,9387d1da6d5967e1,6b7e1f5b521de19b,d4f34f97b6d22a81,Open,1.170863568534039,1.1574074074074072e-05,1,C1: Active Pipeline,,83.64785,83.64783846254701,,
99f54d24f3f4777f,ac2a5ee6878db2c2,6b7e1f5b521de19b,d4f34f97b6d22a81,Open,1.170863568534039,1.1574074074074072e-05,1,C1: Active Pipeline,,214.38,214.37999330873842,,
9a0cc2f7ea196d91,6befd145c261113d,6b7e1f5b521de19b,6f9a9c5f2856c8b3,Open,98.49392076768088,1.1574074074074072e-05,1,C1: Active Pipeline,,59.398647,59.39863573427554,,
9a162e447666a24d,9387d1da6d5967e1,6b7e1f5b521de19b,,Open,24265.75829556772,287.8311458333333,3,C3: Large Open,0.432,375.45825,87.62710611979168,10482.807583685255,13782.950711882468
9a1f40fa083bcf86,6befd145c261113d,6b7e1f5b521de19b,6f9a9c5f2856c8b3,Open,5955.983621811037,351.29144675925926,3,C3: Large Open,0.108,30.60791,0.0,643.246231155592,5312.737390655445
9a3ded2f896a79b7,1cdd086394501fee,6b7e1f5b521de19b,6f9a9c5f2856c8b3,Open,1.170863568534039,0.0,1,C1: Active Pipeline,,64.06372,64.063720703125,,
9a40e8fe2408ce65,9387d1da6d5967e1,6b7e1f5b521de19b,,Open,359566.85696652654,0.0036689814814814,3,C3: Large Open,,638.5271,638.5234306278935,,
9a44bd2118a9f65d,6befd145c261113d,6b7e1f5b521de19b,,Open,25102.753943361105,1.1574074074074072e-05,3,C3: Large Open,0.174,313.4362,313.4361761700666,4367.879186144832,20734.874757216276
9a650a4e784fae4b,1cdd086394501fee,6b7e1f5b521de19b,6f9a9c5f2856c8b3,Open,214774.7079734781,1483.9917939814816,3,C3: Large Open,0.326,438.2723,0.0,70016.55479935386,144758.15317412422
9a71721a6c4d55ff,9387d1da6d5967e1,6b7e1f5b521de19b,6f9a9c5f2856c8b3,Open,6211.671805216514,3.004305555555556,0,C0: High-Win,0.7806666666666666,34.354553,31.350247667100696,4849.245122605692,1362.4266826108224
9a7d26e7214c773a,9387d1da6d5967e1,6b7e1f5b521de19b,,Open,2.4198904513070483,1.1574074074074072e-05,1,C1: Active Pipeline,,382.33917,382.3391607892072,,
9a8661b03671fa55,6befd145c261113d,6b7e1f5b521de19b,,Open,12586365.56126516,294.1341203703704,3,C3: Large Open,0.47,1528.3237,1234.1896100983795,5915591.813794625,6670773.747470534
9ab25eca84670543,ac2a5ee6878db2c2,6b7e1f5b521de19b,6f9a9c5f2856c8b3,Open,1.170863568534039,0.0,1,C1: Active Pipeline,,54.98126,54.981258392333984,,
9ab71da22ead3805,4928d3c96935fb3f,6b7e1f5b521de19b,6f9a9c5f2856c8b3,Open,1.170863568534039,116.0360300925926,1,C1: Active Pipeline,0.38,61.915707,0.0,0.4449281560429348,0.7259354124911042
9ac68fa8688e9087,ac2a5ee6878db2c2,75c64824a2a4e380,d4f34f97b6d22a81,Open,14621079.278932134,1349.3230439814815,3,C3: Large Open,0.19,955.1919,0.0,2778005.0629971055,11843074.21593503
9ad48d46b6c449d3,ac2a5ee6878db2c2,6b7e1f5b521de19b,6f9a9c5f2856c8b3,Open,472116.4731960415,278.9958449074074,3,C3: Large Open,0.312,322.5175,43.52164166485824,147300.33963716493,324816.1335588765
9ae9a80278166a88,a66943a59bca7bfd,6ab36d9b02cbcf6b,28c9c64e5918b06e,Open,259025.9827557655,1.1574074074074072e-05,3,C3: Large Open,0.584,141.70761,141.7075995099103,151271.17392936704,107754.80882639845
9b006d492f5b4e8f,1cdd086394501fee,6b7e1f5b521de19b,6f9a9c5f2856c8b3,Open,1.170863568534039,0.0077083333333333,1,C1: Active Pipeline,,54.085896,54.078187204996745,,
9b04d7beff7b811f,1cdd086394501fee,062b9e5a52eb6d8e,,Open,571392.6068614022,532.9735763888889,3,C3: Large Open,0.244,167.07973,0.0,139419.79607418212,431972.81078722
9b19ee010662f251,9387d1da6d5967e1,6b7e1f5b521de19b,,Open,35845.270270304114,1.1574074074074072e-05,3,C3: Large Open,,381.30795,381.3079413067853,,
9b31740d486775bf,ac2a5ee6878db2c2,255414ab73601d72,d4f34f97b6d22a81,Open,24874.72472909095,31.07329861111111,2,C2: High-Win,0.754,97.19143,66.11813052707248,18755.542445734576,6119.182283356374
9b320f125f0d0c2f,6befd145c261113d,6b7e1f5b521de19b,6f9a9c5f2856c8b3,Open,98.49392076768088,27.84921296296296,1,C1: Active Pipeline,0.642,48.925865,21.076652210376885,63.23309713285112,35.260823634829755
9b69efb8dd8560e4,9387d1da6d5967e1,6b7e1f5b521de19b,,Open,27503.08147142612,0.0,0,C0: High-Win,0.332,342.9022,342.9021911621094,9131.023048513473,18372.058422912647
9b6a71850fff5dc8,1cdd086394501fee,6b7e1f5b521de19b,6f9a9c5f2856c8b3,Open,11264.189824104717,0.0,3,C3: Large Open,,307.15927,307.1592712402344,,
9b7b691286719507,9387d1da6d5967e1,6b7e1f5b521de19b,,Open,35845.270270304114,134.23728009259258,3,C3: Large Open,0.146,203.30315,69.0658662697121,5233.4094594644,30611.860810839713
9b7c20c4bfcfc29f,6befd145c261113d,6b7e1f5b521de19b,,Open,186555.16774733728,28.018229166666668,3,C3: Large Open,0.43,163.98544,135.96721394856772,80218.72213135503,106336.44561598226
9b942a065c4251cf,6befd145c261113d,6b7e1f5b521de19b,6f9a9c5f2856c8b3,Open,1.170863568534039,0.0,1,C1: Active Pipeline,,61.33026,61.33026123046875,,
9ba010d83cae499d,9387d1da6d5967e1,6b7e1f5b521de19b,,Open,5126.849721354915,0.0,0,C0: High-Win,,27.24662,27.246620178222656,,
9ba9ef81bea97f1d,9387d1da6d5967e1,6b7e1f5b521de19b,,Open,2.4198904513070483,12.955474537037038,1,C1: Active Pipeline,,136.27953,123.3240512197989,,
9bb25ac11834c5bf,9387d1da6d5967e1,6b7e1f5b521de19b,,Open,65064.44409714713,0.0,3,C3: Large Open,,191.6643,191.664306640625,,
9bb4e7c1c83696fd,ac2a5ee6878db2c2,6b7e1f5b521de19b,6f9a9c5f2856c8b3,Open,498617.1132884348,66.21229166666667,3,C3: Large Open,0.784,180.97899,114.76669698079426,390915.8168181329,107701.29647030191
9bb859c3c6a45a12,6befd145c261113d,6b7e1f5b521de19b,6f9a9c5f2856c8b3,Open,3568.563468001778,2.3148148148148147e-05,0,C0: High-Win,0.32,112.47239,112.47236607304326,1141.9403097605689,2426.623158241209
9bbcc7dffcbc9bed,a66943a59bca7bfd,1bb1bb990c53f4fc,28c9c64e5918b06e,Open,1667989.410208078,398.8882291666667,3,C3: Large Open,0.052,776.02985,377.14161702473956,86735.44933082006,1581253.9608772579
9bc18853aa93e5a9,6befd145c261113d,6b7e1f5b521de19b,,Open,4666113.343469918,0.0,3,C3: Large Open,,176.46935,176.46934509277344,,
9bc9f3b7b3e876c9,4928d3c96935fb3f,6b7e1f5b521de19b,,Open,3391.863497755878,1.1574074074074072e-05,3,C3: Large Open,,83.186844,83.18683229799623,,
9bebc469a1ffae2d,ac2a5ee6878db2c2,6b7e1f5b521de19b,6f9a9c5f2856c8b3,Open,5814858.008638679,0.0171064814814814,3,C3: Large Open,0.45,1420.6505,1420.633406213831,2616686.1038874057,3198171.904751274
9c07713941f8e649,6befd145c261113d,6b7e1f5b521de19b,6f9a9c5f2856c8b3,Open,85310.6992452955,4.629629629629629e-05,2,C2: High-Win,,20.385365,20.385318236174406,,
9c1041628a572440,9387d1da6d5967e1,6b7e1f5b521de19b,,Open,5904.211328949516,0.0143634259259259,0,C0: High-Win,,26.907759,26.89339528684263,,
9c350409e6850ef2,6befd145c261113d,6b7e1f5b521de19b,6f9a9c5f2856c8b3,Open,1.170863568534039,2.3148148148148147e-05,1,C1: Active Pipeline,,52.992493,52.992469527633105,,
9c4040f993381852,6befd145c261113d,6b7e1f5b521de19b,6f9a9c5f2856c8b3,Open,17576.206078903357,95.26497685185186,2,C2: High-Win,0.586,362.83063,267.56565058955437,10299.656762237366,7276.54931666599
9c478bd39dbe326b,6befd145c261113d,6b7e1f5b521de19b,6f9a9c5f2856c8b3,Open,109221.63209341916,154.1164814814815,3,C3: Large Open,0.422,76.19351,0.0,46091.52874342288,63130.10334999628
9c649ebcae9ce2b6,4928d3c96935fb3f,6b7e1f5b521de19b,d4f34f97b6d22a81,Open,1.170863568534039,1.1574074074074072e-05,1,C1: Active Pipeline,,46.992172,46.992160667136865,,
9c7f3a6222eb1f60,1cdd086394501fee,6b7e1f5b521de19b,6f9a9c5f2856c8b3,Open,94511.40129017056,0.0001157407407407,0,C0: High-Win,,374.62973,374.62961448386864,,
9c838c6242ad6afa,6befd145c261113d,6b7e1f5b521de19b,6f9a9c5f2856c8b3,Open,3870.249868749097,314.3381481481481,3,C3: Large Open,0.276,28.594326,0.0,1068.1889637747508,2802.060904974346
9c83f6f019c62a97,1cdd086394501fee,6b7e1f5b521de19b,,Open,23400.261791934005,4.629629629629629e-05,3,C3: Large Open,,188.61249,188.61244149667246,,
9c8f66223fc6e686,ac2a5ee6878db2c2,6b7e1f5b521de19b,6f9a9c5f2856c8b3,Open,118988.94164521074,118.87361111111112,3,C3: Large Open,0.27,34.1084,0.0,32127.0142442069,86861.92740100384
9c9c90e4562e4f95,9387d1da6d5967e1,6b7e1f5b521de19b,,Open,9648.963805727815,1.1574074074074072e-05,0,C0: High-Win,,22.316736,22.316724647239404,,
9ca2b29f0304388c,6befd145c261113d,6b7e1f5b521de19b,,Open,1.170863568534039,90.2379050925926,1,C1: Active Pipeline,,153.45782,63.21991961443865,,
9ca2c127e5356515,ef9b14cf5a29c54a,6b7e1f5b521de19b,,Open,1.170863568534039,0.0,1,C1: Active Pipeline,,110.392845,110.3928451538086,,
9caa38b65cf2c789,6befd145c261113d,6b7e1f5b521de19b,6f9a9c5f2856c8b3,Open,98.49392076768088,21.023298611111112,1,C1: Active Pipeline,0.706,46.802418,25.77911914401584,69.5367080619827,28.957212705698183
9cb1e7b28fe4940b,6befd145c261113d,6b7e1f5b521de19b,6f9a9c5f2856c8b3,Open,1669.9082851707149,1.1574074074074072e-05,1,C1: Active Pipeline,,41.40025,41.4002379071271,,
9cdb55c453c39d32,9387d1da6d5967e1,6b7e1f5b521de19b,d4f34f97b6d22a81,Open,1533.613143677902,0.0032523148148148,1,C1: Active Pipeline,,37.689064,37.68581171106409,,
9cdc8691246aef8a,9387d1da6d5967e1,6b7e1f5b521de19b,,Open,72858.2909415927,1.1574074074074072e-05,3,C3: Large Open,0.71,62.209217,62.20920549745913,51729.38656853081,21128.904373061887
9ce2b54ae6e29c93,1cdd086394501fee,6b7e1f5b521de19b,6f9a9c5f2856c8b3,Open,182212.48852760895,530.2590277777778,3,C3: Large Open,0.342,500.70795,0.0,62316.67107644227,119895.81745116667
9cf468c193335eee,ef9b14cf5a29c54a,6b7e1f5b521de19b,,Open,1653371.4044139816,131.42488425925927,3,C3: Large Open,0.216,272.60077,141.17588478370948,357128.22335342003,1296243.1810605617
9d20bbd44884d09b,4928d3c96935fb3f,6b7e1f5b521de19b,,Open,419.4641545792266,1.1574074074074072e-05,2,C2: High-Win,,14.773131,14.77311979647036,,
9d24b3e1f03486c1,ac2a5ee6878db2c2,6b7e1f5b521de19b,,Open,5655.969519442425,1.1574074074074072e-05,3,C3: Large Open,,36.58048,36.58046709413882,,
9d379186929c8ca7,1cdd086394501fee,6b7e1f5b521de19b,6f9a9c5f2856c8b3,Open,1.170863568534039,1.1574074074074072e-05,1,C1: Active Pipeline,,55.076744,55.07673250551577,,
9d44b993109d7fb7,9387d1da6d5967e1,6b7e1f5b521de19b,,Open,112479.56845692763,253.17111111111112,3,C3: Large Open,0.774,144.22183,0.0,87059.18598566198,25420.382471265642
9d50d162aa1a3d64,ac2a5ee6878db2c2,6b7e1f5b521de19b,6f9a9c5f2856c8b3,Open,5058542.7868986325,0.0001157407407407,3,C3: Large Open,,1516.9502,1516.9500795717593,,
9d512ab1c791f9b5,9387d1da6d5967e1,6b7e1f5b521de19b,,Open,26661.03062598112,1.1574074074074072e-05,3,C3: Large Open,,245.80617,245.80615602846498,,
9d5c1574bc9ea153,9387d1da6d5967e1,6b7e1f5b521de19b,d4f34f97b6d22a81,Open,1688.315329953088,2.3148148148148147e-05,1,C1: Active Pipeline,,210.03813,210.03810856571903,,
9d820a5c6a848a6d,ac2a5ee6878db2c2,6b7e1f5b521de19b,6f9a9c5f2856c8b3,Open,3713215.238264228,131.81540509259258,3,C3: Large Open,0.822,279.26514,147.44973162615742,3052262.9258531956,660952.3124110328
9da781ae8ea0e449,a66943a59bca7bfd,38080774be85927f,28c9c64e5918b06e,Open,1.170863568534039,1.1574074074074072e-05,1,C1: Active Pipeline,,55.079395,55.07938372011538,,
9da860706642da76,6befd145c261113d,6b7e1f5b521de19b,,Open,40017.45376793798,1.1574074074074072e-05,3,C3: Large Open,,101.05568,101.05566774721498,,
9da9377684ef3aef,9387d1da6d5967e1,6b7e1f5b521de19b,,Open,36754.75787348106,0.0,0,C0: High-Win,,60.564575,60.5645751953125,,
9db23843ba679c22,6befd145c261113d,6b7e1f5b521de19b,,Open,1.170863568534039,0.0,1,C1: Active Pipeline,,401.65195,401.6519470214844,,
9db3e2e84c8e0df1,4928d3c96935fb3f,6b7e1f5b521de19b,,Open,3391.863497755878,5.862766203703703,3,C3: Large Open,,83.186844,77.32407766836661,,
9dc20c1088761f67,6befd145c261113d,6b7e1f5b521de19b,6f9a9c5f2856c8b3,Open,1119646.8813839448,0.0722800925925925,3,C3: Large Open,0.57,71.25295,71.180672483091,638198.7223888484,481448.1589950963
9dc233777e95a86e,9387d1da6d5967e1,6b7e1f5b521de19b,,Open,1.170863568534039,0.0,1,C1: Active Pipeline,0.576,94.212265,94.21226501464844,0.6744174154756064,0.49644615305843254
9df9447cc17e7e8b,6befd145c261113d,6b7e1f5b521de19b,6f9a9c5f2856c8b3,Open,932.076578471861,9.807800925925926,0,C0: High-Win,0.598,40.700687,30.89288648252134,557.3817939261729,374.69478454568815
9e13b1cd6d47e129,6befd145c261113d,6b7e1f5b521de19b,6f9a9c5f2856c8b3,Open,9927631.645518724,158.99774305555556,3,C3: Large Open,0.478,1215.5878,1056.590025499132,4745407.92655795,5182223.718960774
9e268869825b9a24,6befd145c261113d,6b7e1f5b521de19b,6f9a9c5f2856c8b3,Open,1.170863568534039,1.1574074074074072e-05,1,C1: Active Pipeline,,56.117634,56.117622245506006,,
9e4548875abb5c66,6befd145c261113d,6b7e1f5b521de19b,6f9a9c5f2856c8b3,Open,119495.56942768414,3.472222222222222e-05,3,C3: Large Open,,41.932865,41.93283042060004,,
9e455f4cf1121e6a,ef9b14cf5a29c54a,6b7e1f5b521de19b,,Open,10655.42584935046,8.101851851851852e-05,2,C2: High-Win,,21.742506,21.74242500870316,,
9e48026125bcde1c,6befd145c261113d,6b7e1f5b521de19b,6f9a9c5f2856c8b3,Open,41174.69082901484,7.092025462962963,3,C3: Large Open,0.686,67.917786,60.825760181568285,28245.837908704183,12928.85292031066
9e56106a6e433215,a66943a59bca7bfd,fc3655a0b667e091,28c9c64e5918b06e,Open,1.170863568534039,2.3148148148148147e-05,1,C1: Active Pipeline,,64.29444,64.29441807499639,,
9e5e7e15f577f724,ac2a5ee6878db2c2,6b7e1f5b521de19b,d4f34f97b6d22a81,Open,2104.3335712183843,424.0621296296296,3,C3: Large Open,0.306,61.353077,0.0,643.9260727928256,1460.4074984255587
9e6bff2c8975f0e8,ef9b14cf5a29c54a,6b7e1f5b521de19b,,Open,493711.4037939279,1.1574074074074072e-05,0,C0: High-Win,,62.29441,62.294399131492334,,
9e6ded07937a719f,1cdd086394501fee,6828ce51082c111b,,Open,1845240.0868962973,1.1574074074074072e-05,3,C3: Large Open,,146.67542,146.67540346498842,,
9e78073ed8d4b052,6befd145c261113d,6b7e1f5b521de19b,6f9a9c5f2856c8b3,Open,1.170863568534039,1.1574074074074072e-05,1,C1: Active Pipeline,,57.614037,57.61402498598452,,
9eac3da92035d4a8,1cdd086394501fee,52838e14fa2f9ca3,,Open,25103.935739946908,1.1574074074074072e-05,3,C3: Large Open,,27.635077,27.635064948753076,,
9eb461cacf3f101b,ef9b14cf5a29c54a,6b7e1f5b521de19b,,Open,1.170863568534039,181.10111111111112,1,C1: Active Pipeline,0.178,169.93443,0.0,0.20841371519905894,0.9624498533349801
9ecf3791d9075c44,9387d1da6d5967e1,6b7e1f5b521de19b,,Open,3303.290441942712,1.1574074074074072e-05,3,C3: Large Open,,58.392685,58.392673362449365,,
9ed09227b6bb0fed,4928d3c96935fb3f,6b7e1f5b521de19b,,Open,15148.483549845856,1.1574074074074072e-05,3,C3: Large Open,,33.02819,33.028179038718896,,
9ed558c48749bce4,a66943a59bca7bfd,e366e0e543d0c5cd,d4f34f97b6d22a81,Open,1.170863568534039,1.1574074074074072e-05,1,C1: Active Pipeline,,29.928297,29.928285468772607,,
9ed5c7b6bf103d60,9387d1da6d5967e1,6b7e1f5b521de19b,,Open,2.4198904513070483,1.1574074074074072e-05,1,C1: Active Pipeline,,107.043,107.04298769350405,,
9ed7f007ef1ccc36,6befd145c261113d,6b7e1f5b521de19b,,Open,1.170863568534039,90.12657407407409,1,C1: Active Pipeline,0.366,56.493217,0.0,0.42853606608345823,0.7423275024505807
9ee1bd20a00cfcea,ac2a5ee6878db2c2,6b7e1f5b521de19b,6f9a9c5f2856c8b3,Open,653803.1016379116,0.0028125,3,C3: Large Open,,528.3826,528.3798168945312,,
9ef586173c19f7e0,9387d1da6d5967e1,6b7e1f5b521de19b,d4f34f97b6d22a81,Open,236.9490779702001,2.3148148148148147e-05,1,C1: Active Pipeline,,25.795979,25.79595539799443,,
9f01303b1c3bd2c1,6befd145c261113d,6b7e1f5b521de19b,6f9a9c5f2856c8b3,Open,98.49392076768088,20.799189814814813,1,C1: Active Pipeline,0.61,47.463852,26.664662113896124,60.08129166828533,38.412629099395545
9f1d0de6b13948dc,6befd145c261113d,6b7e1f5b521de19b,6f9a9c5f2856c8b3,Open,1.170863568534039,1.1574074074074072e-05,1,C1: Active Pipeline,,46.674335,46.674323905662256,,
9f1ec350ab51a312,ef9b14cf5a29c54a,6b7e1f5b521de19b,,Open,1.170863568534039,0.0,1,C1: Active Pipeline,,105.63143,105.63143157958984,,
9f1f3316d5c92271,6befd145c261113d,6b7e1f5b521de19b,6f9a9c5f2856c8b3,Open,271.137295562232,1.1574074074074072e-05,1,C1: Active Pipeline,,24.20126,24.201248038963037,,
9f231589c071142a,6befd145c261113d,6b7e1f5b521de19b,6f9a9c5f2856c8b3,Open,23367.50078632224,25.099155092592596,3,C3: Large Open,0.244,96.18874,71.089588498716,5701.670191862627,17665.830594459614
9f345beb6a52fa04,9387d1da6d5967e1,6b7e1f5b521de19b,,Open,1.170863568534039,0.0012384259259259,1,C1: Active Pipeline,,74.469986,74.46874753598814,,
9f3da98b9ce84acd,9387d1da6d5967e1,6b7e1f5b521de19b,,Open,27964.446350806866,225.7916087962963,3,C3: Large Open,,116.25233,0.0,,
9f3e8dad636505ce,1cdd086394501fee,75c64824a2a4e380,,Open,5083.8994500666495,1.1574074074074072e-05,3,C3: Large Open,,128.41644,128.41643129701967,,
9f4bc7fc2c24e783,ac2a5ee6878db2c2,6b7e1f5b521de19b,6f9a9c5f2856c8b3,Open,2402.7773795617354,1.1574074074074072e-05,0,C0: High-Win,0.516,89.87568,89.8756674420392,1239.8331278538556,1162.9442517078799
9f4dfed231c5a735,6befd145c261113d,6b7e1f5b521de19b,6f9a9c5f2856c8b3,Open,6009.906030357736,296.7027430555556,3,C3: Large Open,0.112,43.497913,0.0,673.1094754000665,5336.79655495767
9f62b39225a7aae7,1cdd086394501fee,062b9e5a52eb6d8e,d4f34f97b6d22a81,Open,1.170863568534039,0.0,1,C1: Active Pipeline,,105.11606,105.11605834960938,,
9f74062e86055a08,a66943a59bca7bfd,47dc86e9ce418791,28c9c64e5918b06e,Open,1.170863568534039,1.1574074074074072e-05,1,C1: Active Pipeline,,75.74172,75.74171053285951,,
9f805113dac6ea3a,9387d1da6d5967e1,6b7e1f5b521de19b,,Open,29324.531411075328,1.1574074074074072e-05,3,C3: Large Open,,59.877903,59.87789141054507,,
9f907e36b6b9a24a,9387d1da6d5967e1,6b7e1f5b521de19b,d4f34f97b6d22a81,Open,4176.674738255045,1.1574074074074072e-05,3,C3: Large Open,,167.6649,167.66489015932436,,
9f99594722307f9b,ef9b14cf5a29c54a,6b7e1f5b521de19b,,Open,16336.032355658184,1.1574074074074072e-05,3,C3: Large Open,,78.16164,78.16162477846498,,
9f9d655ef2478498,1cdd086394501fee,6b7e1f5b521de19b,,Open,25102.753943361105,1430.9910300925926,3,C3: Large Open,0.096,436.93372,0.0,2409.8643785626664,22692.88956479844
9fa5c6890a899727,a66943a59bca7bfd,fc3655a0b667e091,28c9c64e5918b06e,Open,152746.78126822796,0.0015046296296296,3,C3: Large Open,,303.03247,303.0309660734954,,
9fa7d7d927998b07,1cdd086394501fee,a3bb89b2911fd833,,Open,8290.869253090716,1.1574074074074072e-05,0,C0: High-Win,,359.1854,359.1853827130353,,
9faa7816491becc4,4928d3c96935fb3f,6b7e1f5b521de19b,6f9a9c5f2856c8b3,Open,609.207969734855,0.0004513888888888,2,C2: High-Win,,61.6822,61.681749996609156,,
9fb2d3dc6f5ee0d8,a66943a59bca7bfd,38080774be85927f,d4f34f97b6d22a81,Open,3709.514578773775,0.0570486111111111,3,C3: Large Open,,63.152996,63.09594745212131,,
9fd1a0aedbf4fb20,6befd145c261113d,6b7e1f5b521de19b,6f9a9c5f2856c8b3,Open,98.49392076768088,24.13055555555556,1,C1: Active Pipeline,0.688,48.515804,24.385248735215924,67.76381748816443,30.730103279516438
9fd1fe5c6fb4184b,1cdd086394501fee,6b7e1f5b521de19b,6f9a9c5f2856c8b3,Open,1.170863568534039,0.0,1,C1: Active Pipeline,,75.45856,75.45855712890625,,
9fe1dd316b302420,1cdd086394501fee,6b7e1f5b521de19b,,Open,8290.869253090716,3.472222222222222e-05,3,C3: Large Open,,295.93695,295.93691596137154,,
a0110bac72cd21d7,6befd145c261113d,6b7e1f5b521de19b,6f9a9c5f2856c8b3,Open,109622.05568823894,598.2944675925926,3,C3: Large Open,0.45,84.338486,0.0,49329.92505970752,60292.13062853142
a0167ab95fbacb9f,6befd145c261113d,6b7e1f5b521de19b,,Open,11164.548352985035,0.0,0,C0: High-Win,,30.049595,30.04959487915039,,
a01cdf3ce6c61cae,1cdd086394501fee,062b9e5a52eb6d8e,,Open,11264.189824104717,157.17892361111112,3,C3: Large Open,0.3,96.67113,0.0,3379.256947231415,7884.932876873301
a036f07c0f20ac64,ac2a5ee6878db2c2,6b7e1f5b521de19b,6f9a9c5f2856c8b3,Open,1.170863568534039,1.1574074074074072e-05,1,C1: Active Pipeline,,63.4119,63.41188799257632,,
a037fc76100c0aef,a66943a59bca7bfd,7545e34e09ae9cad,28c9c64e5918b06e,Open,1.170863568534039,1.1574074074074072e-05,1,C1: Active Pipeline,,116.20189,116.20187746401186,,
a03ca576fee4e7f6,a66943a59bca7bfd,7b7c16a1b24ec3b8,28c9c64e5918b06e,Open,1.170863568534039,1.1574074074074072e-05,1,C1: Active Pipeline,,53.49646,53.49644838686343,,
a03fcf5f4d80f0a5,6befd145c261113d,6b7e1f5b521de19b,6f9a9c5f2856c8b3,Open,944.2361981531582,111.07065972222222,1,C1: Active Pipeline,0.524,42.150005,0.0,494.7797678322549,449.4564303209033
a047cf3a787b459d,9387d1da6d5967e1,6b7e1f5b521de19b,,Open,12554.998407894873,78.98953703703704,3,C3: Large Open,0.294,96.74856,17.759021007396555,3691.1695319210926,8863.828875973779
a05cb559f73c7f03,ac2a5ee6878db2c2,6b7e1f5b521de19b,6f9a9c5f2856c8b3,Open,1.170863568534039,1.1574074074074072e-05,1,C1: Active Pipeline,,74.62316,74.62314974184389,,
a076b34f139abd28,ef9b14cf5a29c54a,6b7e1f5b521de19b,14bffcff0ab1f3dd,Open,152921.02867321164,133.4352662037037,3,C3: Large Open,0.108,106.943924,0.0,16515.471096706857,136405.55757650477
a07b05e1a93f7950,9387d1da6d5967e1,6b7e1f5b521de19b,d4f34f97b6d22a81,Open,29741.1889009228,33.178842592592595,3,C3: Large Open,,72.25968,39.08083910906756,,
a08b09cbaed24d8e,9387d1da6d5967e1,6b7e1f5b521de19b,,Open,9648.963805727815,1.1574074074074072e-05,3,C3: Large Open,,72.56481,72.56480013246889,,
a08fc5cbac15a4f1,6befd145c261113d,6b7e1f5b521de19b,6f9a9c5f2856c8b3,Open,219497.89175025243,17.744386574074074,3,C3: Large Open,0.232,113.116615,95.37222872133609,50923.51088605857,168574.38086419387
a09f7cd7d0563657,a66943a59bca7bfd,255414ab73601d72,28c9c64e5918b06e,Open,1.170863568534039,1.1574074074074072e-05,1,C1: Active Pipeline,,141.73099,141.73097597475405,,
a0a60361104aa75e,ac2a5ee6878db2c2,6b7e1f5b521de19b,6f9a9c5f2856c8b3,Open,1.170863568534039,1.1574074074074072e-05,1,C1: Active Pipeline,,63.402103,63.40209184999819,,
a0a8e76ef03b3e8d,6befd145c261113d,6b7e1f5b521de19b,d4f34f97b6d22a81,Open,315.6120452626753,5.787037037037037e-05,1,C1: Active Pipeline,,19.565321,19.56526309825756,,
a0b9386075d5de95,9387d1da6d5967e1,6b7e1f5b521de19b,,Open,147782.212188992,176.78663194444445,3,C3: Large Open,0.206,336.7087,159.92207777235242,30443.13571093235,117339.07647805967
a0c1ce560207b331,ef9b14cf5a29c54a,6b7e1f5b521de19b,,Open,1.170863568534039,147.6729050925926,0,C0: High-Win,,143.78409,0.0,,
a0c875db3dea3db4,ef9b14cf5a29c54a,6b7e1f5b521de19b,,Open,1.170863568534039,1.1574074074074072e-05,1,C1: Active Pipeline,,38.713753,38.71374117250796,,
a0da07fe5e7353e5,ef9b14cf5a29c54a,6b7e1f5b521de19b,,Open,79615.28752208855,72.23090277777777,3,C3: Large Open,,88.69726,16.466355217827697,,
a0ebe14bce76d25d,ef9b14cf5a29c54a,6b7e1f5b521de19b,,Open,1.0608520127326513,2.3148148148148147e-05,1,C1: Active Pipeline,,67.91863,67.91860935917607,,
a10427124491f894,6befd145c261113d,6b7e1f5b521de19b,,Open,1720718.3664146494,1.1574074074074072e-05,3,C3: Large Open,,1173.6954,1173.6954229962384,,
a115ee5b3486f21e,6befd145c261113d,6b7e1f5b521de19b,6f9a9c5f2856c8b3,Open,1643.701955935433,3.472222222222222e-05,0,C0: High-Win,0.7,77.511826,77.51179083930121,1150.591369154803,493.11058678063
a12094858ff6eaac,9387d1da6d5967e1,6b7e1f5b521de19b,d4f34f97b6d22a81,Open,78012.94245586441,0.1535763888888889,3,C3: Large Open,0.28,82.90802,82.75444363064236,21843.623887642036,56169.31856822237
a13a4001d0aba7da,1cdd086394501fee,674ec33189ed753c,,Open,2997767.3059456446,1216.858101851852,3,C3: Large Open,0.2,1642.4707,425.6126012731479,599553.4611891289,2398213.8447565157
a1426ffb2098dc88,1cdd086394501fee,fc3655a0b667e091,,Open,524417.177630072,0.0,3,C3: Large Open,,86.96781,86.96781158447266,,
a142df478c527acd,4928d3c96935fb3f,6b7e1f5b521de19b,6f9a9c5f2856c8b3,Open,244335.03202396692,127.19707175925926,4,C4: Mid-Range,,108.568855,0.0,,
a1593652cc57d2a2,6befd145c261113d,6b7e1f5b521de19b,6f9a9c5f2856c8b3,Open,1.170863568534039,4.629629629629629e-05,1,C1: Active Pipeline,,40.670013,40.66996713143808,,
a169b0ee06bdbe4c,6befd145c261113d,6b7e1f5b521de19b,6f9a9c5f2856c8b3,Open,1.170863568534039,1.1574074074074072e-05,1,C1: Active Pipeline,,70.16735,70.16733919496889,,
a17d508b56b0ba82,6befd145c261113d,6b7e1f5b521de19b,6f9a9c5f2856c8b3,Open,1.170863568534039,1.1574074074074072e-05,1,C1: Active Pipeline,,67.48295,67.48293672914858,,
a18200a6f6d5d35a,6befd145c261113d,6b7e1f5b521de19b,6f9a9c5f2856c8b3,Open,1.170863568534039,1.1574074074074072e-05,1,C1: Active Pipeline,,58.44698,58.446967948631006,,
a182dd47e18220f4,6befd145c261113d,6b7e1f5b521de19b,6f9a9c5f2856c8b3,Open,437580.44026071264,804.8732291666666,3,C3: Large Open,0.15,294.0867,0.0,65637.0660391069,371943.3742216057
a185e2d7ff46fc84,9387d1da6d5967e1,6b7e1f5b521de19b,,Open,35845.270270304114,0.0,3,C3: Large Open,,79.82472,79.82472229003906,,
a190542bbdc70c4c,6befd145c261113d,6b7e1f5b521de19b,6f9a9c5f2856c8b3,Open,1.170863568534039,1.1574074074074072e-05,1,C1: Active Pipeline,,84.0128,84.01279054994936,,
a1aa13fb532b99aa,1cdd086394501fee,6b7e1f5b521de19b,6f9a9c5f2856c8b3,Open,1.170863568534039,2.3148148148148147e-05,1,C1: Active Pipeline,,39.33615,39.33612797489873,,
a1ba525c8db2b29d,6befd145c261113d,6b7e1f5b521de19b,6f9a9c5f2856c8b3,Open,117939.80744464394,0.0158449074074074,3,C3: Large Open,,214.81696,214.80111065899885,,
a1bbdc9bbe9b6ac1,6befd145c261113d,6b7e1f5b521de19b,d4f34f97b6d22a81,Open,33526.81032653205,3.472222222222222e-05,3,C3: Large Open,,55.08008,55.080043402777775,,
a1c845508864460c,4928d3c96935fb3f,6b7e1f5b521de19b,,Open,11675.99327727772,174.92594907407408,3,C3: Large Open,,235.52359,60.59764101381654,,
a1c9951eb4527a64,6befd145c261113d,6b7e1f5b521de19b,6f9a9c5f2856c8b3,Open,98.49392076768088,73.02993055555555,1,C1: Active Pipeline,0.402,63.745564,0.0,39.594556148607715,58.89936461907316
a1ce2f064a357908,6befd145c261113d,6b7e1f5b521de19b,6f9a9c5f2856c8b3,Open,1.170863568534039,1.1574074074074072e-05,1,C1: Active Pipeline,,69.754684,69.75467287416811,,
a1ce37895156c68e,6befd145c261113d,6b7e1f5b521de19b,d4f34f97b6d22a81,Open,64193.12130187281,2.3148148148148147e-05,3,C3: Large Open,0.192,271.91388,271.9138562463831,12325.07928995958,51868.04201191323
a1dfeb6ab073cb81,4928d3c96935fb3f,6b7e1f5b521de19b,,Open,9505.078210184982,18.962210648148147,3,C3: Large Open,,255.30795,236.34574223271122,,
a1fba0690ebb16af,9387d1da6d5967e1,6b7e1f5b521de19b,d4f34f97b6d22a81,Open,44098.037582066776,49.749965277777775,3,C3: Large Open,0.282,129.05757,79.30760613335504,12435.64659814283,31662.390983923942
a203158ebfaad049,1cdd086394501fee,6b7e1f5b521de19b,6f9a9c5f2856c8b3,Open,1.170863568534039,1.1574074074074072e-05,1,C1: Active Pipeline,,60.749252,60.749240745261865,,
a20c5733556c3db5,9387d1da6d5967e1,6b7e1f5b521de19b,,Open,9648.963805727815,1.1574074074074072e-05,3,C3: Large Open,,146.35133,146.35132204408998,,
a213ff1ebf1c9de2,4928d3c96935fb3f,6b7e1f5b521de19b,,Open,1242.9399433777146,317.0499652777778,2,C2: High-Win,,52.294678,0.0,,
a217af8b01a76759,4928d3c96935fb3f,6b7e1f5b521de19b,,Open,229404.3185260289,1231.9061921296295,4,C4: Mid-Range,,60.77982,0.0,,
a21b63faaf7d61e4,a66943a59bca7bfd,6b7e1f5b521de19b,28c9c64e5918b06e,Open,63724.52303052695,5.787037037037037e-05,3,C3: Large Open,,77.84162,77.84156352855541,,
a21bfae5e8cd8765,1cdd086394501fee,6b7e1f5b521de19b,6f9a9c5f2856c8b3,Open,51861.79084526922,259.75649305555555,3,C3: Large Open,0.42,65.34132,0.0,21781.95215501307,30079.83869025615
a22689307c9048c9,9387d1da6d5967e1,6b7e1f5b521de19b,d4f34f97b6d22a81,Open,53896.31752760635,734.9705555555555,3,C3: Large Open,0.152,113.91827,0.0,8192.240264196165,45704.07726341018
a229b0c267a22b04,a66943a59bca7bfd,e9943875f43f341e,,Open,263999.29512211593,2.3148148148148147e-05,3,C3: Large Open,,97.31887,97.31884739628545,,
a22a85c1d4655f84,4928d3c96935fb3f,6b7e1f5b521de19b,d4f34f97b6d22a81,Open,1.170863568534039,0.0,1,C1: Active Pipeline,,48.737457,48.737457275390625,,
a2348555c96d8612,6befd145c261113d,6b7e1f5b521de19b,6f9a9c5f2856c8b3,Open,1.170863568534039,0.0,1,C1: Active Pipeline,,59.773808,59.773807525634766,,
a23b6ad99cd66595,9387d1da6d5967e1,6b7e1f5b521de19b,,Open,16059.366716469647,0.0,3,C3: Large Open,0.526,237.01659,237.01658630371094,8447.226892863035,7612.1398236066125
a25bf8c77db9af5b,ef9b14cf5a29c54a,6b7e1f5b521de19b,,Open,12161.80535851691,1.1574074074074072e-05,0,C0: High-Win,,126.70236,126.7023504864728,,
a26a1915ff96fcb0,9387d1da6d5967e1,6b7e1f5b521de19b,,Open,8269.642544488683,2.3148148148148147e-05,3,C3: Large Open,,86.34905,86.34902928105107,,
a27316d48b4b6307,9387d1da6d5967e1,6b7e1f5b521de19b,,Open,21273.147061594493,87.96989583333334,3,C3: Large Open,0.054,325.20563,237.2357316080729,1148.7499413261025,20124.39712026839
a275ba9cb2ab32f3,ac2a5ee6878db2c2,6b7e1f5b521de19b,6f9a9c5f2856c8b3,Open,695835.041914466,118.47518518518518,3,C3: Large Open,0.172,403.18668,284.71149084020544,119683.62720928814,576151.4147051779
a27916ec027ee0dc,6befd145c261113d,6b7e1f5b521de19b,6f9a9c5f2856c8b3,Open,1.170863568534039,1.1574074074074072e-05,1,C1: Active Pipeline,,51.75747,51.75745760317202,,
a27b097172843949,ac2a5ee6878db2c2,6b7e1f5b521de19b,d4f34f97b6d22a81,Open,1.170863568534039,1.1574074074074072e-05,1,C1: Active Pipeline,,55.380043,55.380031455711084,,
a2949300ed22e995,9387d1da6d5967e1,6b7e1f5b521de19b,d4f34f97b6d22a81,Open,9115.798415940886,0.000162037037037,3,C3: Large Open,,32.762997,32.76283463654695,,
a2962b84f88eb905,ac2a5ee6878db2c2,6b7e1f5b521de19b,6f9a9c5f2856c8b3,Open,1710672.2220531874,146.3822337962963,3,C3: Large Open,0.256,1459.8298,1313.4476001880787,437932.088845616,1272740.1332075715
a2a4e8497694c8d9,6befd145c261113d,6b7e1f5b521de19b,6f9a9c5f2856c8b3,Open,15940.107517960609,0.0034722222222222,3,C3: Large Open,,36.61587,36.61239920722114,,
a2c0d7eb92b1bf6e,ac2a5ee6878db2c2,6b7e1f5b521de19b,,Open,1.170863568534039,1.1574074074074072e-05,1,C1: Active Pipeline,,300.92084,300.9208258282697,,
a2e42e69e32b3ead,6befd145c261113d,6b7e1f5b521de19b,,Open,11264.189824104717,0.0,3,C3: Large Open,,90.99527,90.99526977539062,,
a2fa513d8bdb39d5,a66943a59bca7bfd,d94a77dffd98d647,28c9c64e5918b06e,Open,469465.1069611421,1801.1163773148148,3,C3: Large Open,0.164,108.61748,0.0,76992.2775416273,392472.8294195148
a30f219d861477c6,6befd145c261113d,6b7e1f5b521de19b,6f9a9c5f2856c8b3,Open,1.170863568534039,1.1574074074074072e-05,1,C1: Active Pipeline,,69.27789,69.27788149233217,,
a323b5f5cf61b7f9,a66943a59bca7bfd,e9943875f43f341e,28c9c64e5918b06e,Open,1.170863568534039,2.3148148148148147e-05,1,C1: Active Pipeline,,111.75298,111.75295994511357,,
a32be9e120bc5186,ac2a5ee6878db2c2,6b7e1f5b521de19b,6f9a9c5f2856c8b3,Open,1.170863568534039,0.0,1,C1: Active Pipeline,,85.06427,85.06427001953125,,
a32e8f803155f4d5,9387d1da6d5967e1,6b7e1f5b521de19b,d4f34f97b6d22a81,Open,311819.88852307433,0.0133680555555555,3,C3: Large Open,0.202,102.97794,102.9645753648546,62987.61748166102,248832.27104141333
a33eb802335e9eb0,a66943a59bca7bfd,255414ab73601d72,28c9c64e5918b06e,Open,2233.113011341929,1.1574074074074072e-05,1,C1: Active Pipeline,,39.604584,39.6045721661603,,
a3406253e879b3e8,1cdd086394501fee,6b7e1f5b521de19b,6f9a9c5f2856c8b3,Open,25234.81584804484,0.0012152777777777,0,C0: High-Win,,49.500443,49.49922722710504,,
a341447ff3a630a4,9387d1da6d5967e1,a0d28553c7be77f0,,Open,9648.963805727815,1.1574074074074072e-05,3,C3: Large Open,,31.153303,31.153291572288232,,
a350d939033d829a,1cdd086394501fee,6b7e1f5b521de19b,6f9a9c5f2856c8b3,Open,7173.892419126222,286.7727199074074,3,C3: Large Open,0.268,60.002834,0.0,1922.6031683258277,5251.289250800394
a35375462f0f89a3,6befd145c261113d,6b7e1f5b521de19b,6f9a9c5f2856c8b3,Open,98.49392076768088,1.1574074074074072e-05,1,C1: Active Pipeline,,59.25584,59.2558287274396,,
a360f1a871df720b,6befd145c261113d,6b7e1f5b521de19b,6f9a9c5f2856c8b3,Open,212.02522749452675,3.472222222222222e-05,1,C1: Active Pipeline,,29.981153,29.98111876593696,,
a361f699fe7f11fa,1cdd086394501fee,6b7e1f5b521de19b,6f9a9c5f2856c8b3,Open,1.170863568534039,1.1574074074074072e-05,1,C1: Active Pipeline,,80.747765,80.74775301332826,,
a3625e21fcb2dfea,ef9b14cf5a29c54a,6b7e1f5b521de19b,,Open,4446970.613883784,89.79605324074075,3,C3: Large Open,0.15,243.837,154.04095237449363,667045.5920825676,3779925.0218012165
a3794e530197d53e,9387d1da6d5967e1,6b7e1f5b521de19b,d4f34f97b6d22a81,Open,7462.80698704363,1.1574074074074072e-05,0,C0: High-Win,,82.252,82.25198732729311,,
a3826ac1fb6b5336,9387d1da6d5967e1,6b7e1f5b521de19b,,Open,1.170863568534039,7.032141203703704,1,C1: Active Pipeline,,64.84442,57.81228018301505,,
a38cbb16a5241a17,ac2a5ee6878db2c2,6b7e1f5b521de19b,d4f34f97b6d22a81,Open,3337.7723917894755,35.2658912037037,2,C2: High-Win,,87.457695,52.191803803620516,,
a3a29bd102801e42,6befd145c261113d,6b7e1f5b521de19b,6f9a9c5f2856c8b3,Open,98.49392076768088,1.1574074074074072e-05,1,C1: Active Pipeline,,61.689705,61.68969332094546,,
a3af2952ac01accf,9387d1da6d5967e1,6b7e1f5b521de19b,d4f34f97b6d22a81,Open,1533.613143677902,2.3148148148148147e-05,1,C1: Active Pipeline,,37.689064,37.68904087773076,,
a3b96f533a6b1972,6befd145c261113d,6b7e1f5b521de19b,6f9a9c5f2856c8b3,Open,1.170863568534039,1.1574074074074072e-05,1,C1: Active Pipeline,,50.12295,50.12293993349429,,
a3c5fbb1e23c2870,9387d1da6d5967e1,6b7e1f5b521de19b,,Open,5083.8994500666495,0.0006944444444444,3,C3: Large Open,,53.6571,53.65640623304579,,
a3d9d7b879622f28,4928d3c96935fb3f,6b7e1f5b521de19b,,Open,5083.8994500666495,194.2212847222222,3,C3: Large Open,,140.68498,0.0,,
a3dfcbacee0ea91e,a66943a59bca7bfd,75c64824a2a4e380,28c9c64e5918b06e,Open,1.170863568534039,2.3148148148148147e-05,1,C1: Active Pipeline,,50.43312,50.43309757939092,,
a3faa6eec33ad45f,ac2a5ee6878db2c2,6b7e1f5b521de19b,,Open,1.170863568534039,435.07011574074073,1,C1: Active Pipeline,0.078,60.57665,0.0,0.09132735834565504,1.0795362101883839
a40658477dff1bd1,a66943a59bca7bfd,75c64824a2a4e380,28c9c64e5918b06e,Open,1.170863568534039,0.0,1,C1: Active Pipeline,,88.59902,88.5990219116211,,
a410b79cf293ac23,ac2a5ee6878db2c2,6b7e1f5b521de19b,d4f34f97b6d22a81,Open,13480.192401032918,39.16724537037037,0,C0: High-Win,0.69,59.384968,20.21772243358471,9301.332756712713,4178.859644320205
a4119f9dc49e34e5,1cdd086394501fee,d80899b211b3d52f,,Open,8290.869253090716,0.0,3,C3: Large Open,,101.77049,101.77049255371094,,
a4219423c4c68f23,1cdd086394501fee,6b7e1f5b521de19b,6f9a9c5f2856c8b3,Open,64694.75147071362,651.0164930555555,3,C3: Large Open,0.088,329.0643,0.0,5693.138129422799,59001.613341290824
a4234651639fa8c4,6befd145c261113d,6b7e1f5b521de19b,6f9a9c5f2856c8b3,Open,1.170863568534039,0.0,1,C1: Active Pipeline,,52.939392,52.93939208984375,,
a4238547df789919,1cdd086394501fee,6b7e1f5b521de19b,,Open,19325.975207809148,1.1574074074074072e-05,3,C3: Large Open,,49.526104,49.5260923993146,,
a42d31cb9246c04b,4928d3c96935fb3f,6b7e1f5b521de19b,,Open,36051.6631606101,1.1574074074074072e-05,3,C3: Large Open,,211.12973,211.1297186505353,,
a438d9814ddeec12,9387d1da6d5967e1,6b7e1f5b521de19b,,Open,2.4198904513070483,1.1574074074074072e-05,1,C1: Active Pipeline,,104.01142,104.0114096295392,,
a45cdcb8a84242be,6befd145c261113d,6b7e1f5b521de19b,6f9a9c5f2856c8b3,Open,384.10169546712086,1.1574074074074072e-05,1,C1: Active Pipeline,,26.45473,26.454717506126123,,
a45fcbcf3614d99b,ac2a5ee6878db2c2,6b7e1f5b521de19b,6f9a9c5f2856c8b3,Open,1060.8669669680155,0.0002199074074074,1,C1: Active Pipeline,,29.808817,29.808597002382633,,
a4739d98957008c3,9387d1da6d5967e1,6b7e1f5b521de19b,,Open,1.170863568534039,0.0,1,C1: Active Pipeline,,161.33035,161.33035278320312,,
a4813abe6c6793e1,1cdd086394501fee,6b7e1f5b521de19b,,Open,23760.05329050496,41.64736111111111,3,C3: Large Open,0.48,75.57541,33.928047824435765,11404.82557944238,12355.227711062578
a482071eb6fa1a69,6befd145c261113d,6b7e1f5b521de19b,6f9a9c5f2856c8b3,Open,535.9426565595013,1.1574074074074072e-05,1,C1: Active Pipeline,,22.827244,22.827232230857568,,
a4a9a3742c6e5797,1cdd086394501fee,062b9e5a52eb6d8e,,Open,23948.222058416428,1.1574074074074072e-05,3,C3: Large Open,,78.59079,78.5907782208478,,
a4a9db00f3921ca8,a66943a59bca7bfd,bb25152d8e0211c1,28c9c64e5918b06e,Open,1.170863568534039,1.1574074074074072e-05,1,C1: Active Pipeline,,94.12811,94.12810121889467,,
a4ab7eee9372b351,1cdd086394501fee,062b9e5a52eb6d8e,,Open,81837.0244171231,0.0,0,C0: High-Win,0.526,109.29705,109.29705047607422,43046.274843406754,38790.74957371635
a4b6beec93319b9e,1cdd086394501fee,6b7e1f5b521de19b,6f9a9c5f2856c8b3,Open,1.170863568534039,1.1574074074074072e-05,1,C1: Active Pipeline,0.477028901734104,85.03454,85.03452669496889,0.5585357621782664,0.6123278063557724
a4d981ec35ab365c,9387d1da6d5967e1,6b7e1f5b521de19b,d4f34f97b6d22a81,Open,4988.8275123836165,9.981863425925926,3,C3: Large Open,0.6286923076923077,70.528824,60.54696042661314,3136.4374814393304,1852.390030944286
a4e715bc804612c7,1cdd086394501fee,6b7e1f5b521de19b,,Open,25504.58668475133,0.0,3,C3: Large Open,,29.998163,29.9981632232666,,
a4eacd2178b3a600,6befd145c261113d,6b7e1f5b521de19b,,Open,11228808.024036212,0.0001504629629629,3,C3: Large Open,,1367.1313,1367.131197193287,,
a4ee1f25e7bf31b2,6befd145c261113d,6b7e1f5b521de19b,,Open,2351791.856538048,0.0,3,C3: Large Open,,1283.5774,1283.577392578125,,
a4f312a77c2db0a2,6befd145c261113d,6b7e1f5b521de19b,6f9a9c5f2856c8b3,Open,1.170863568534039,0.0028009259259259,1,C1: Active Pipeline,,119.31885,119.31604673032408,,
a50fd67d65087d7f,1cdd086394501fee,6b7e1f5b521de19b,,Open,89664.46366676311,1.1574074074074072e-05,3,C3: Large Open,,378.04266,378.0426520001447,,
a52f565b1c1b2f99,6befd145c261113d,6b7e1f5b521de19b,6f9a9c5f2856c8b3,Open,2138.898667829176,0.0032638888888888,0,C0: High-Win,,33.24361,33.24034649319119,,
a536c1e143f975df,9387d1da6d5967e1,6b7e1f5b521de19b,,Open,3764.819039818671,1.1574074074074072e-05,2,C2: High-Win,,23.11259,23.11257921572085,,
a554b1f30235a62b,6befd145c261113d,6b7e1f5b521de19b,,Open,25654.101903090123,1.1574074074074072e-05,3,C3: Large Open,,59.015453,59.015441764548974,,
a56939306982959c,1cdd086394501fee,bd661df59343798b,,Open,1831.056631603866,1.1574074074074072e-05,0,C0: High-Win,,38.93966,38.93964754457827,,
a5793d1d8153600b,1cdd086394501fee,8e05397b18bfb06f,,Open,1.170863568534039,0.0023263888888888,1,C1: Active Pipeline,,360.40674,360.4044118923611,,
a58c30c0fcaa11a8,1cdd086394501fee,6b7e1f5b521de19b,6f9a9c5f2856c8b3,Open,1.170863568534039,1.1574074074074072e-05,1,C1: Active Pipeline,0.4910289017341041,82.39638,82.39636598940248,0.574927852137743,0.595935716396296
a5969922e0ca09ff,a66943a59bca7bfd,75c64824a2a4e380,28c9c64e5918b06e,Open,57695.728050301645,289.68274305555553,0,C0: High-Win,0.354,90.06487,0.0,20424.28772980678,37271.44032049486
a5a054b48df56a9c,1cdd086394501fee,062b9e5a52eb6d8e,,Open,28159.70576103429,2.3148148148148147e-05,3,C3: Large Open,,38.479733,38.47970936527959,,
a5b6f935df4efc19,ac2a5ee6878db2c2,6b7e1f5b521de19b,d4f34f97b6d22a81,Open,1.170863568534039,1.1574074074074072e-05,1,C1: Active Pipeline,,50.694782,50.694770683006006,,
a5c9ae27f64739ae,9387d1da6d5967e1,6b7e1f5b521de19b,,Open,89664.46366676311,0.0,3,C3: Large Open,,365.35513,365.3551330566406,,
a5cfcad038bdc6b7,6befd145c261113d,6b7e1f5b521de19b,d4f34f97b6d22a81,Open,3078.921566782251,2.3148148148148147e-05,0,C0: High-Win,,34.764328,34.76430485478154,,
a5d3dbe884621649,ac2a5ee6878db2c2,6b7e1f5b521de19b,,Open,1.170863568534039,0.0,1,C1: Active Pipeline,,114.1854,114.1854019165039,,
a5da3e150f7fef05,ac2a5ee6878db2c2,6b7e1f5b521de19b,d4f34f97b6d22a81,Open,15505.860272344002,0.5678703703703704,0,C0: High-Win,,48.607895,48.040024527090566,,
a5e8e072ce198136,9387d1da6d5967e1,6b7e1f5b521de19b,,Open,35845.270270304114,0.0,3,C3: Large Open,,243.66882,243.6688232421875,,
a5f21b6abd7b1eb1,6befd145c261113d,6b7e1f5b521de19b,6f9a9c5f2856c8b3,Open,9548.177348327425,4.037002314814814,0,C0: High-Win,0.598,78.84032,74.80331445764612,5709.8100542998,3838.367294027625
a5f6a48578d95e8b,6befd145c261113d,6b7e1f5b521de19b,6f9a9c5f2856c8b3,Open,1.170863568534039,1.1574074074074072e-05,1,C1: Active Pipeline,,318.96835,318.9683416974103,,
a5fa9de4aa25e735,6befd145c261113d,6b7e1f5b521de19b,6f9a9c5f2856c8b3,Open,1.170863568534039,1.1574074074074072e-05,1,C1: Active Pipeline,,57.614037,57.61402498598452,,
a6039347de416bff,1cdd086394501fee,6b7e1f5b521de19b,6f9a9c5f2856c8b3,Open,287527.02659574087,7.18568287037037,3,C3: Large Open,0.522,146.4659,139.28021373607496,150089.10788297674,137437.91871276413
a60570e4cd3782d5,6befd145c261113d,6b7e1f5b521de19b,6f9a9c5f2856c8b3,Open,415.3892283045608,0.0004166666666666,1,C1: Active Pipeline,,23.123913,23.12349614461263,,
a6223eadfc5c3734,6befd145c261113d,6b7e1f5b521de19b,6f9a9c5f2856c8b3,Open,143368.30316877936,3.472222222222222e-05,0,C0: High-Win,,80.88356,80.88352545844184,,
a638ddb97549ce2d,9387d1da6d5967e1,6b7e1f5b521de19b,,Open,35845.270270304114,1.1574074074074072e-05,3,C3: Large Open,,113.91936,113.91934572573061,,
a63a9b1187578ec0,1cdd086394501fee,6b7e1f5b521de19b,6f9a9c5f2856c8b3,Open,164517.18266340945,601.1390277777778,3,C3: Large Open,0.358,201.22032,0.0,58897.15139350058,105620.03126990887
a64c60178321cc7d,6befd145c261113d,6b7e1f5b521de19b,,Open,362105.8339591197,0.0101273148148148,3,C3: Large Open,,55.9773,55.96717142175745,,
a68c6955c781e9f3,6befd145c261113d,6b7e1f5b521de19b,6f9a9c5f2856c8b3,Open,1.170863568534039,2.3148148148148147e-05,1,C1: Active Pipeline,,57.614037,57.61401341191045,,
a695327bc9875323,ac2a5ee6878db2c2,6b7e1f5b521de19b,d4f34f97b6d22a81,Open,1.170863568534039,1.1574074074074072e-05,1,C1: Active Pipeline,,70.36252,70.3625067364728,,
a69c287c8e222b8d,ef9b14cf5a29c54a,6b7e1f5b521de19b,,Open,2085239.8243794776,1.1574074074074072e-05,0,C0: High-Win,,343.052,343.05199037905095,,
a69ce1e1cb949b33,1cdd086394501fee,6b7e1f5b521de19b,6f9a9c5f2856c8b3,Open,1.170863568534039,1.1574074074074072e-05,1,C1: Active Pipeline,,69.68544,69.68542848940248,,
a69f5c4700fd0971,ac2a5ee6878db2c2,6b7e1f5b521de19b,6f9a9c5f2856c8b3,Open,2010905.885711957,1115.1083564814817,3,C3: Large Open,0.382,498.57846,0.0,768166.0483419676,1242739.8373699894
a6ab0b9457fa6a8a,ac2a5ee6878db2c2,6b7e1f5b521de19b,6f9a9c5f2856c8b3,Open,267.8896201904232,1.1574074074074072e-05,1,C1: Active Pipeline,,19.13408,19.134069312766748,,
a6b77002463dd043,1cdd086394501fee,6b7e1f5b521de19b,6f9a9c5f2856c8b3,Open,89149.40811474808,5.734097222222222,3,C3: Large Open,,92.091774,86.35767676459419,,
a6ba89ead97f567a,ac2a5ee6878db2c2,cca8e68b78e095c5,,Open,65064.44409714713,1.1574074074074072e-05,3,C3: Large Open,,221.54457,221.54455934877748,,
a6d1677227d90510,4928d3c96935fb3f,75c64824a2a4e380,,Open,49350.19023541798,149.99277777777775,3,C3: Large Open,0.17,230.93434,80.94156365288632,8389.532340021056,40960.65789539692
a6d90dd4045e96f3,1cdd086394501fee,6b7e1f5b521de19b,,Open,57435.39433737512,1.1574074074074072e-05,3,C3: Large Open,,63.32678,63.32676683779116,,
a6eb51748275f76e,6befd145c261113d,6b7e1f5b521de19b,6f9a9c5f2856c8b3,Open,1.170863568534039,1.1574074074074072e-05,1,C1: Active Pipeline,,57.30323,57.30321871157046,,
a6f46e15dc7cc618,6befd145c261113d,6b7e1f5b521de19b,6f9a9c5f2856c8b3,Open,4386.532748246311,75.82569444444445,0,C0: High-Win,0.536,44.329,0.0,2351.181553060023,2035.3511951862881
a6fe419b342257d4,6befd145c261113d,6b7e1f5b521de19b,,Open,26280.95777724916,1.1574074074074072e-05,3,C3: Large Open,,45.559986,45.55997454042788,,
a6fe93e8e745ea6d,9387d1da6d5967e1,6b7e1f5b521de19b,,Open,89664.46366676311,299.9685763888889,3,C3: Large Open,0.134,279.2951,0.0,12015.038131346259,77649.42553541686
a7145179206ef50b,9387d1da6d5967e1,6b7e1f5b521de19b,6f9a9c5f2856c8b3,Open,2779.5130037266204,1.1574074074074072e-05,0,C0: High-Win,0.7186666666666667,31.659313,31.659301627830224,1997.5433453448645,781.9696583817558
a719f1426055ae77,6befd145c261113d,6b7e1f5b521de19b,6f9a9c5f2856c8b3,Open,98.49392076768088,0.0019907407407407,1,C1: Active Pipeline,,60.746502,60.744511181866685,,
a71ce3b23c285232,9387d1da6d5967e1,6b7e1f5b521de19b,,Open,11675.99327727772,1.1574074074074072e-05,0,C0: High-Win,,21.279898,21.279886115745263,,
a7251466d8314944,6befd145c261113d,6b7e1f5b521de19b,,Open,65802.6605360047,1.1574074074074072e-05,3,C3: Large Open,,51.278122,51.278110374168115,,
a73f3a0961f176e8,4928d3c96935fb3f,6b7e1f5b521de19b,,Open,455.8890973243999,1.1574074074074072e-05,0,C0: High-Win,,19.51691,19.516898978904443,,
a741e3ae68021600,6befd145c261113d,6b7e1f5b521de19b,6f9a9c5f2856c8b3,Open,1.170863568534039,1.1574074074074072e-05,1,C1: Active Pipeline,,79.72524,79.72523104067201,,
a7449f33d63aebf3,1cdd086394501fee,674ec33189ed753c,,Open,3163431.287434749,2.3148148148148147e-05,3,C3: Large Open,,1643.6411,1643.641090133102,,
a74e75f15b9089dd,9387d1da6d5967e1,6b7e1f5b521de19b,,Open,38810.176158293565,0.0,0,C0: High-Win,,33.27863,33.278629302978516,,
a755d21666c54b2a,1cdd086394501fee,6b7e1f5b521de19b,6f9a9c5f2856c8b3,Open,1.170863568534039,1.1574074074074072e-05,1,C1: Active Pipeline,,336.08792,336.0879095685041,,
a765f34f7009838b,ef9b14cf5a29c54a,6b7e1f5b521de19b,,Open,11068.385975830255,1.1574074074074072e-05,0,C0: High-Win,,130.40071,130.40069948549623,,
a77b0b781666f23a,9387d1da6d5967e1,6b7e1f5b521de19b,,Open,5186.502594949308,0.0,3,C3: Large Open,0.166,92.817604,92.8176040649414,860.9594307615853,4325.543164187723
a77e8e62c83ae6b7,6befd145c261113d,6b7e1f5b521de19b,,Open,1.170863568534039,0.0,1,C1: Active Pipeline,,60.947742,60.9477424621582,,
a78875a573fda0f3,ef9b14cf5a29c54a,6b7e1f5b521de19b,,Open,2.4198904513070483,294.84935185185185,1,C1: Active Pipeline,,231.76933,0.0,,
a78b77a42b878f43,ac2a5ee6878db2c2,6b7e1f5b521de19b,d4f34f97b6d22a81,Open,77326.98999800553,0.0143402777777777,3,C3: Large Open,,108.58019,108.56585228814019,,
a790a4967a1d9c29,6befd145c261113d,6b7e1f5b521de19b,6f9a9c5f2856c8b3,Open,30405.58043486053,1.1574074074074072e-05,0,C0: High-Win,0.904,28.25494,28.254928458884912,27486.64471311392,2918.93572174661
a7a0c562e0c577db,1cdd086394501fee,6b7e1f5b521de19b,6f9a9c5f2856c8b3,Open,657.510382832064,0.1592708333333333,1,C1: Active Pipeline,,67.13363,66.9743580118815,,
a7d861785ac59335,6befd145c261113d,6b7e1f5b521de19b,6f9a9c5f2856c8b3,Open,1.170863568534039,1.1574074074074072e-05,1,C1: Active Pipeline,,70.54453,70.54452120180483,,
a7e2a2204f428fcf,6befd145c261113d,6b7e1f5b521de19b,6f9a9c5f2856c8b3,Open,8017227.2391579645,325.9834837962963,3,C3: Large Open,0.672,214.66469,0.0,5387576.704714152,2629650.534443812
a7e80910139e4d23,9387d1da6d5967e1,6b7e1f5b521de19b,,Open,5904.211328949516,0.0022337962962962,0,C0: High-Win,,31.59265,31.590415663542572,,
a7f22aecd017fcde,ac2a5ee6878db2c2,6b7e1f5b521de19b,6f9a9c5f2856c8b3,Open,691256.5125728599,6.944444444444444e-05,3,C3: Large Open,0.032,337.74023,337.7401649305556,22120.20840233152,669136.3041705283
a7f42fa942b8a6ec,ac2a5ee6878db2c2,6b7e1f5b521de19b,d4f34f97b6d22a81,Open,2299.6300822016,0.0431712962962963,0,C0: High-Win,0.7195294117647059,59.407173,59.36400186044199,1654.6514803229395,644.9786018786606
a7f69a25aad5c248,6befd145c261113d,6b7e1f5b521de19b,,Open,25654.101903090123,2.3148148148148147e-05,3,C3: Large Open,,30.717413,30.71738980046025,,
a80255a4f83be52d,1cdd086394501fee,cca8e68b78e095c5,,Open,183127.89167287,373.6703009259259,3,C3: Large Open,0.476,198.87244,0.0,87168.87643628611,95959.01523658389
a8035cc3dfb04936,ac2a5ee6878db2c2,6b7e1f5b521de19b,,Open,1.170863568534039,0.0,1,C1: Active Pipeline,,63.268707,63.268707275390625,,
a805bd563887cd2c,6befd145c261113d,6b7e1f5b521de19b,6f9a9c5f2856c8b3,Open,2891.071651056456,1.1574074074074072e-05,0,C0: High-Win,0.516,47.237537,47.23752580995913,1491.7929719451315,1399.2786791113247
a809511c7fbbb418,4928d3c96935fb3f,6b7e1f5b521de19b,6f9a9c5f2856c8b3,Open,1169861.675513895,0.0,3,C3: Large Open,0.576,643.46826,643.46826171875,673840.3250960035,496021.3504178915
a809ffd151701dab,6befd145c261113d,6b7e1f5b521de19b,,Open,1127168.0189211743,0.0043287037037037,3,C3: Large Open,0.262,308.26782,308.2634935619213,295318.0209573477,831849.9979638266
a82679058d2363ba,ac2a5ee6878db2c2,6b7e1f5b521de19b,d4f34f97b6d22a81,Open,81530.40153826769,0.0213888888888888,3,C3: Large Open,,68.690636,68.66924679226345,,
a834f1f54a68abf7,6befd145c261113d,6b7e1f5b521de19b,6f9a9c5f2856c8b3,Open,1.170863568534039,1.1574074074074072e-05,1,C1: Active Pipeline,,54.792503,54.79249178285952,,
a838546ee52bd1a3,6befd145c261113d,6b7e1f5b521de19b,6f9a9c5f2856c8b3,Open,1.170863568534039,1.1574074074074072e-05,1,C1: Active Pipeline,,46.9085,46.908489097312646,,
a841b5338ca51c70,9387d1da6d5967e1,6b7e1f5b521de19b,d4f34f97b6d22a81,Open,35845.270270304114,1.1574074074074072e-05,3,C3: Large Open,,126.15551,126.15549837465639,,
a849c4a4e829bd4d,a66943a59bca7bfd,ddbd249e57ed6b40,28c9c64e5918b06e,Open,1.170863568534039,0.0,1,C1: Active Pipeline,,54.413372,54.41337203979492,,
a852022ab66d9e25,9387d1da6d5967e1,6b7e1f5b521de19b,,Open,2472.949006922998,1.1574074074074072e-05,3,C3: Large Open,,22.544355,22.544343818381982,,
a8721683ae188b95,a66943a59bca7bfd,062b9e5a52eb6d8e,d4f34f97b6d22a81,Open,1.170863568534039,1.1574074074074072e-05,1,C1: Active Pipeline,,72.372406,72.3723944317853,,
a8738966fef28d84,1cdd086394501fee,6b7e1f5b521de19b,6f9a9c5f2856c8b3,Open,2115423.4833957977,3.472222222222222e-05,3,C3: Large Open,,999.5424,999.5423847113715,,
a875f3a57d088cee,9387d1da6d5967e1,6b7e1f5b521de19b,d4f34f97b6d22a81,Open,56997.7062892197,62.868657407407404,0,C0: High-Win,0.778,145.77026,82.9016062644676,44344.215493012925,12653.490796206772
a88a641e5187c10c,9387d1da6d5967e1,6b7e1f5b521de19b,d4f34f97b6d22a81,Open,20237.134546046487,0.6904166666666667,3,C3: Large Open,0.61,125.121185,124.43076863606771,12344.652073088357,7892.4824729581305
a8aaef3c2271fa14,9387d1da6d5967e1,6b7e1f5b521de19b,,Open,2.4198904513070483,0.0,1,C1: Active Pipeline,,89.68166,89.6816635131836,,
a8acb38f6b11938d,1cdd086394501fee,cca8e68b78e095c5,,Open,1845240.0868962973,295.94920138888887,3,C3: Large Open,0.2,583.23926,287.29005642361113,369048.01737925946,1476192.0695170378
a8bf23780e369b93,6befd145c261113d,6b7e1f5b521de19b,6f9a9c5f2856c8b3,Open,98.49392076768088,29.990335648148147,1,C1: Active Pipeline,0.712,47.341694,17.35135823002568,70.12767158658878,28.366249181092094
a8bf54fcb3eecc0e,9387d1da6d5967e1,6b7e1f5b521de19b,,Open,6021.868406276865,13.09736111111111,3,C3: Large Open,,47.422226,34.324864841037325,,
a8ce255588f35084,6befd145c261113d,6b7e1f5b521de19b,6f9a9c5f2856c8b3,Open,21788.323545324107,0.0938541666666666,3,C3: Large Open,,22.60831,22.514456532796224,,
a8d1d406e290f2c0,1cdd086394501fee,6b7e1f5b521de19b,6f9a9c5f2856c8b3,Open,1.170863568534039,1.1574074074074072e-05,1,C1: Active Pipeline,,56.401485,56.40147386904116,,
a8dac3648e7125b8,9387d1da6d5967e1,6b7e1f5b521de19b,d4f34f97b6d22a81,Open,1.170863568534039,13.89116898148148,1,C1: Active Pipeline,,103.16854,89.27737197310836,,
a92c3a29bdb9e536,9387d1da6d5967e1,6b7e1f5b521de19b,,Open,25102.753943361105,65.68805555555555,3,C3: Large Open,0.29,308.11118,242.42311998155384,7279.79864357472,17822.955299786383
a92f5e18412a860c,6befd145c261113d,6b7e1f5b521de19b,,Open,2072.565785667712,1.1574074074074072e-05,1,C1: Active Pipeline,,111.074356,111.07434450502748,,
a933634b89ae1dae,1cdd086394501fee,6b7e1f5b521de19b,6f9a9c5f2856c8b3,Open,1.170863568534039,1.1574074074074072e-05,1,C1: Active Pipeline,,288.8735,288.8734930645978,,
a936617fb6293792,9387d1da6d5967e1,6b7e1f5b521de19b,,Open,10065.192201816126,1.1574074074074072e-05,3,C3: Large Open,,38.17474,38.17472826357241,,
a9593f32697c66da,6befd145c261113d,6b7e1f5b521de19b,6f9a9c5f2856c8b3,Open,1.170863568534039,1.1574074074074072e-05,1,C1: Active Pipeline,,298.54773,298.54771791811345,,
a963d7655056c081,a66943a59bca7bfd,b4d1bda83fb7745f,28c9c64e5918b06e,Open,19051.20639446922,0.0043055555555555,3,C3: Large Open,,56.853497,56.84919099595812,,
a987c42c77af6070,ac2a5ee6878db2c2,6b7e1f5b521de19b,d4f34f97b6d22a81,Open,22069.11353911061,27.201585648148143,0,C0: High-Win,0.686,86.303406,59.10182011357061,15139.41188782988,6929.70165128073
a98b719fff7cf356,6befd145c261113d,6b7e1f5b521de19b,6f9a9c5f2856c8b3,Open,455.427302732939,62.14666666666667,1,C1: Active Pipeline,0.548,67.53745,5.390786031087238,249.57416189765058,205.8531408352884
a98dedfe80ca94f2,6befd145c261113d,255414ab73601d72,6f9a9c5f2856c8b3,Open,535.904639009396,0.0,1,C1: Active Pipeline,0.666,29.712383,29.712383270263672,356.9124895802577,178.99214942913824
a9940e7c036df990,9387d1da6d5967e1,6b7e1f5b521de19b,d4f34f97b6d22a81,Open,329.42039625484887,2.3148148148148147e-05,1,C1: Active Pipeline,,31.97279,31.97276661625615,,
a9b5fc69f0e935c9,6befd145c261113d,6b7e1f5b521de19b,6f9a9c5f2856c8b3,Open,1.170863568534039,2.3148148148148147e-05,1,C1: Active Pipeline,,57.614037,57.61401341191045,,
a9c051ee5770af18,a66943a59bca7bfd,bb25152d8e0211c1,28c9c64e5918b06e,Open,552567.6302369679,171.818125,3,C3: Large Open,0.118,110.000534,0.0,65202.98036796221,487364.6498690057
a9f4af9a85e9e985,ac2a5ee6878db2c2,6b7e1f5b521de19b,6f9a9c5f2856c8b3,Open,2595975.9854985704,866.1583564814815,3,C3: Large Open,0.308,491.01846,0.0,799560.6035335597,1796415.3819650107
a9fb86c1d81c1482,6befd145c261113d,6b7e1f5b521de19b,6f9a9c5f2856c8b3,Open,1.170863568534039,99.13346064814814,1,C1: Active Pipeline,,316.37506,217.2416003870081,,
a9fee3ba8eb71ed7,9387d1da6d5967e1,6b7e1f5b521de19b,,Open,66143.00324202419,0.0,3,C3: Large Open,,70.17947,70.1794662475586,,
aa0e61e54ae0547a,a66943a59bca7bfd,6828ce51082c111b,28c9c64e5918b06e,Open,1.170863568534039,2.3148148148148147e-05,1,C1: Active Pipeline,,72.98759,72.98756382694951,,
aa8d04a8770dee92,9387d1da6d5967e1,6b7e1f5b521de19b,,Open,147782.212188992,0.0,3,C3: Large Open,,225.86589,225.8658905029297,,
aa911793d23809f3,1cdd086394501fee,062b9e5a52eb6d8e,,Open,177808.6874943321,0.0,0,C0: High-Win,0.454,108.21688,108.21688079833984,80725.14412242678,97083.54337190533
aa97ad884e907604,4928d3c96935fb3f,6b7e1f5b521de19b,,Open,9505.078210184982,117.08523148148149,3,C3: Large Open,0.192,129.2703,12.185062707971639,1824.9750163555166,7680.103193829465
aaa1b7b1e394c050,9387d1da6d5967e1,6b7e1f5b521de19b,,Open,2.4198904513070483,945.2356944444444,3,C3: Large Open,0.21,60.058426,0.0,0.5081769947744801,1.9117134565325682
aab1d87546736067,ac2a5ee6878db2c2,6b7e1f5b521de19b,d4f34f97b6d22a81,Open,1.170863568534039,1.1574074074074072e-05,1,C1: Active Pipeline,,80.550095,80.55008303041811,,
aab8b9bb188b339d,a66943a59bca7bfd,6b7e1f5b521de19b,28c9c64e5918b06e,Open,1.170863568534039,1.1574074074074072e-05,1,C1: Active Pipeline,,61.779106,61.779094566062646,,
aabcb56c7e3fcfed,9387d1da6d5967e1,6b7e1f5b521de19b,,Open,2.4198904513070483,128.00546296296295,1,C1: Active Pipeline,0.45,91.03589,0.0,1.0889507030881718,1.3309397482188767
aabd793783544dd7,ac2a5ee6878db2c2,6b7e1f5b521de19b,6f9a9c5f2856c8b3,Open,404867.1513207188,2.3148148148148147e-05,0,C0: High-Win,0.696,59.54577,59.545745589644824,281787.53731922025,123079.61400149854
aabe348af0149bb1,ac2a5ee6878db2c2,6b7e1f5b521de19b,6f9a9c5f2856c8b3,Open,1.170863568534039,1.1574074074074072e-05,1,C1: Active Pipeline,,68.93949,68.93947969789858,,
aac37ec148748457,6befd145c261113d,6b7e1f5b521de19b,6f9a9c5f2856c8b3,Open,1.170863568534039,0.0,1,C1: Active Pipeline,,63.349823,63.349822998046875,,
aae7e2a8fed964d2,9387d1da6d5967e1,6b7e1f5b521de19b,,Open,2.4198904513070483,140.8822337962963,1,C1: Active Pipeline,,174.27492,33.39268380624276,,
aafc0d688cbf2e16,1cdd086394501fee,6b7e1f5b521de19b,,Open,66690.28705850749,0.0,3,C3: Large Open,,326.20953,326.20953369140625,,
ab000fe886c3fd5b,ac2a5ee6878db2c2,6b7e1f5b521de19b,6f9a9c5f2856c8b3,Open,75359.49003126849,448.93902777777777,3,C3: Large Open,0.142,81.73029,0.0,10701.047584440124,64658.44244682836
ab114aa900460b9e,9387d1da6d5967e1,6b7e1f5b521de19b,,Open,11264.189824104717,0.0,3,C3: Large Open,0.34,83.68695,83.68695068359375,3829.8245401956037,7434.365283909112
ab1b0f37aec58751,6befd145c261113d,6b7e1f5b521de19b,,Open,368869.1381210446,1.1574074074074072e-05,3,C3: Large Open,0.348,168.57188,168.57187258119936,128366.46006612352,240502.6780549211
ab1bafb9bd6eb159,6befd145c261113d,6b7e1f5b521de19b,6f9a9c5f2856c8b3,Open,2228.322218781629,2.3148148148148147e-05,0,C0: High-Win,,41.10751,41.107486464888964,,
ab1cea7388e0b2f8,6befd145c261113d,6b7e1f5b521de19b,6f9a9c5f2856c8b3,Open,1.170863568534039,265.9217476851852,0,C0: High-Win,0.394,70.393326,0.0,0.46132024600241134,0.7095433225316276
ab249ffb04ab107f,1cdd086394501fee,6b7e1f5b521de19b,6f9a9c5f2856c8b3,Open,71757.44262670026,300.21769675925924,3,C3: Large Open,0.374,282.7801,0.0,26837.283542385896,44920.159084314364
ab4a7676982df98b,9387d1da6d5967e1,6b7e1f5b521de19b,d4f34f97b6d22a81,Open,3824.37765643509,13.135208333333331,0,C0: High-Win,0.796,30.517431,17.382222925821942,3044.2046145223317,780.1730419127582
ab5009eef33dd1d9,ac2a5ee6878db2c2,062b9e5a52eb6d8e,28c9c64e5918b06e,Open,26365.415373079573,0.0842592592592592,3,C3: Large Open,0.10232,285.538,285.45373512550634,2697.7093009735017,23667.706072106073
ab5cf950369d0031,6befd145c261113d,6b7e1f5b521de19b,,Open,29324.531411075328,1.1574074074074072e-05,3,C3: Large Open,,321.09042,321.0904120099103,,
ab6e70a5f561556b,a66943a59bca7bfd,b6bf95545ecbafbf,28c9c64e5918b06e,Open,1.170863568534039,3.472222222222222e-05,1,C1: Active Pipeline,,57.009647,57.00961264716254,,
ab785069ac433f58,9387d1da6d5967e1,6b7e1f5b521de19b,,Open,2.4198904513070483,1.1574074074074072e-05,1,C1: Active Pipeline,,157.29329,157.29327761049623,,
ab8d4db78a5fa595,6befd145c261113d,6b7e1f5b521de19b,,Open,39490.87051636024,1.1574074074074072e-05,3,C3: Large Open,,39.06892,39.068908561423974,,
ab903e050c8cd721,1cdd086394501fee,6b7e1f5b521de19b,6f9a9c5f2856c8b3,Open,17912.185317024476,0.0015277777777777,3,C3: Large Open,0.584,67.66145,67.65992546929253,10460.716225142292,7451.4690918821825
abb5a5b983a8c228,6befd145c261113d,6b7e1f5b521de19b,6f9a9c5f2856c8b3,Open,1.170863568534039,1.1574074074074072e-05,1,C1: Active Pipeline,,84.32188,84.32186495180483,,
abb66ccc23cac4fb,6befd145c261113d,6b7e1f5b521de19b,,Open,1.170863568534039,363.0421412037037,1,C1: Active Pipeline,,401.65195,38.60980581778068,,
abbf581ae3a35d58,9387d1da6d5967e1,6b7e1f5b521de19b,,Open,48968.33625761659,125.2087037037037,3,C3: Large Open,0.17,66.81669,0.0,8324.617163794821,40643.71909382177
abd746e9d870b872,6befd145c261113d,6b7e1f5b521de19b,,Open,706328.9931240142,1.1574074074074072e-05,3,C3: Large Open,,91.74578,91.74576937075014,,
abda23e00a940fef,9387d1da6d5967e1,6b7e1f5b521de19b,,Open,25102.753943361105,0.0,3,C3: Large Open,0.65,93.13215,93.13214874267578,16316.790063184719,8785.963880176387
abeca0814743aad1,9387d1da6d5967e1,6b7e1f5b521de19b,,Open,2.4198904513070483,1.1574074074074072e-05,1,C1: Active Pipeline,,130.57556,130.57554994936342,,
abf4751796e17ce6,ac2a5ee6878db2c2,6b7e1f5b521de19b,6f9a9c5f2856c8b3,Open,98.49392076768088,20.83008101851852,1,C1: Active Pipeline,0.666,37.01361,16.18352982132523,65.59695123127547,32.89696953640541
ac2345385430932b,6befd145c261113d,6b7e1f5b521de19b,6f9a9c5f2856c8b3,Open,2992.903552012065,249.99954861111112,3,C3: Large Open,0.13,168.58603,0.0,389.0774617615685,2603.8260902504967
ac2f0a7a0b3f7d28,9387d1da6d5967e1,6b7e1f5b521de19b,,Open,35845.270270304114,0.0,3,C3: Large Open,,325.02765,325.02764892578125,,
ac3dfb383ad1e3e5,1cdd086394501fee,6b7e1f5b521de19b,6f9a9c5f2856c8b3,Open,1.170863568534039,1.1574074074074072e-05,1,C1: Active Pipeline,,63.945244,63.945232261375146,,
ac491e6f9dec0a82,6befd145c261113d,6b7e1f5b521de19b,6f9a9c5f2856c8b3,Open,6543.358816175064,2.3148148148148147e-05,0,C0: High-Win,0.762,24.301937,24.301913955123336,4986.039417925399,1557.3193982496653
ac74f96831339f90,1cdd086394501fee,6b7e1f5b521de19b,6f9a9c5f2856c8b3,Open,1.170863568534039,1.1574074074074072e-05,1,C1: Active Pipeline,,315.30383,315.30382143373845,,
ac7982ba61c1bbf6,9387d1da6d5967e1,6b7e1f5b521de19b,,Open,19623.72126185764,1.1574074074074072e-05,3,C3: Large Open,,39.801975,39.80196367617007,,
ac7c0c7b01fd5670,ac2a5ee6878db2c2,6b7e1f5b521de19b,6f9a9c5f2856c8b3,Open,98.49392076768088,2.3148148148148147e-05,1,C1: Active Pipeline,,49.5373,49.537276961715136,,
ac81b703df3efc3f,6befd145c261113d,6b7e1f5b521de19b,6f9a9c5f2856c8b3,Open,756.4405338587354,2.3148148148148147e-05,0,C0: High-Win,,32.895206,32.89518330326787,,
ac8e2593b172e63d,6befd145c261113d,6b7e1f5b521de19b,6f9a9c5f2856c8b3,Open,1.170863568534039,2.3148148148148147e-05,1,C1: Active Pipeline,,71.94575,71.94572422734014,,
ac9608e549dda923,9387d1da6d5967e1,6b7e1f5b521de19b,,Open,21273.147061594493,895.224988425926,3,C3: Large Open,0.086,461.0708,0.0,1829.4906472971263,19443.656414297366
acb9a70bac3383de,9387d1da6d5967e1,6b7e1f5b521de19b,d4f34f97b6d22a81,Open,9648.963805727815,1.1574074074074072e-05,3,C3: Large Open,,131.1382,131.13818727846498,,
acc2a6549ef16e57,9387d1da6d5967e1,6b7e1f5b521de19b,,Open,11485.134609700684,16.021354166666665,2,C2: High-Win,,24.443083,8.421728642781577,,
acd066c84ff3bcfc,1cdd086394501fee,6b7e1f5b521de19b,6f9a9c5f2856c8b3,Open,1.170863568534039,1.1574074074074072e-05,1,C1: Active Pipeline,,70.78704,70.78702913637514,,
acd19428a6e48725,6befd145c261113d,6b7e1f5b521de19b,,Open,425133.9459730765,300.85106481481483,3,C3: Large Open,0.368,316.14795,15.296884403935167,156449.29211809215,268684.6538549844
acee511b598a89a2,ac2a5ee6878db2c2,6b7e1f5b521de19b,6f9a9c5f2856c8b3,Open,512.3129655610909,2.3148148148148147e-05,1,C1: Active Pipeline,,22.643387,22.643363692672164,,
aceeec1aac84ee04,9387d1da6d5967e1,6b7e1f5b521de19b,,Open,9648.963805727815,0.0,3,C3: Large Open,0.482,192.11266,192.11265563964844,4650.800554360807,4998.163251367008
acf40494201160d5,9387d1da6d5967e1,6b7e1f5b521de19b,d4f34f97b6d22a81,Open,2.4198904513070483,1.1574074074074072e-05,1,C1: Active Pipeline,,138.92778,138.9277685772931,,
acf6a5d79d51eb51,9387d1da6d5967e1,6b7e1f5b521de19b,,Open,2.4198904513070483,1.1574074074074072e-05,1,C1: Active Pipeline,,149.37099,149.37097536440248,,
acf9f5e9192e9a85,4928d3c96935fb3f,6b7e1f5b521de19b,6f9a9c5f2856c8b3,Open,1967.2343651870071,556.9415740740741,3,C3: Large Open,0.25,94.582664,0.0,491.8085912967518,1475.4257738902554
acfa5f61e4c8e5cf,1cdd086394501fee,6b7e1f5b521de19b,6f9a9c5f2856c8b3,Open,7356.749947688528,0.0385648148148148,3,C3: Large Open,0.386,245.61731,245.5787447554977,2839.705479807772,4517.044467880756
ad0840470aa4311d,6befd145c261113d,6b7e1f5b521de19b,6f9a9c5f2856c8b3,Open,1.170863568534039,1.1574074074074072e-05,1,C1: Active Pipeline,,56.2672,56.26718889589663,,
ad0f41522fb0f7a9,6befd145c261113d,6b7e1f5b521de19b,6f9a9c5f2856c8b3,Open,98.49392076768088,30.880601851851853,1,C1: Active Pipeline,0.66,48.925865,18.04526332148799,65.00598770666939,33.487933061011496
ad274d55aed40a73,6befd145c261113d,6b7e1f5b521de19b,6f9a9c5f2856c8b3,Open,98.49392076768088,2.3148148148148147e-05,1,C1: Active Pipeline,,66.974174,66.97415135136357,,
ad277698701e4976,9387d1da6d5967e1,6b7e1f5b521de19b,d4f34f97b6d22a81,Open,98327.581364427,5.133055555555556,0,C0: High-Win,0.648,70.12601,64.99295152452257,63716.272724148694,34611.3086402783
ad27a5dcec3c8959,6befd145c261113d,6b7e1f5b521de19b,6f9a9c5f2856c8b3,Open,98.49392076768088,76.0902662037037,1,C1: Active Pipeline,0.452,64.6542,0.0,44.51925218699176,53.974668580689126
ad33aa0ab473d424,ac2a5ee6878db2c2,6b7e1f5b521de19b,6f9a9c5f2856c8b3,Open,1.170863568534039,1.1574074074074072e-05,1,C1: Active Pipeline,,51.661552,51.661540855125146,,
ad3a94c39ee5f6a3,1cdd086394501fee,6b7e1f5b521de19b,6f9a9c5f2856c8b3,Open,1.170863568534039,1.1574074074074072e-05,1,C1: Active Pipeline,,53.22865,53.228637565330224,,
ad4baa27c10da4fa,ef9b14cf5a29c54a,6b7e1f5b521de19b,,Open,5424449.002805787,370.5619560185185,3,C3: Large Open,0.302,965.2765,594.714533239294,1638183.5988473478,3786265.4039584394
ad53237c52a09bf7,9387d1da6d5967e1,6b7e1f5b521de19b,d4f34f97b6d22a81,Open,146852.78021332907,0.0016666666666666,3,C3: Large Open,,85.169876,85.16820943196615,,
ad5ea3d98c992f0c,9387d1da6d5967e1,6b7e1f5b521de19b,,Open,35845.270270304114,0.0,3,C3: Large Open,,124.567795,124.56779479980469,,
ad6a25348ce8dce2,ac2a5ee6878db2c2,6b7e1f5b521de19b,6f9a9c5f2856c8b3,Open,12451041.371737773,25.71304398148148,3,C3: Large Open,0.55,206.98038,181.26733321578413,6848072.754455775,5602968.617281998
ad71195514d40882,6befd145c261113d,6b7e1f5b521de19b,6f9a9c5f2856c8b3,Open,98.49392076768088,20.968391203703703,1,C1: Active Pipeline,,48.524582,27.556190705475984,,
ad82fd4b83fb5142,1cdd086394501fee,6b7e1f5b521de19b,6f9a9c5f2856c8b3,Open,1.170863568534039,0.0,1,C1: Active Pipeline,,77.90783,77.90782928466797,,
ad893e9f29cd7b68,a66943a59bca7bfd,6ab36d9b02cbcf6b,28c9c64e5918b06e,Open,19655.98654235185,489.72010416666666,3,C3: Large Open,0.526,80.8366,0.0,10339.048921277074,9316.937621074776
adbf7ddab6107c6d,1cdd086394501fee,6b7e1f5b521de19b,6f9a9c5f2856c8b3,Open,62415.76344741998,3.472222222222222e-05,3,C3: Large Open,,352.29034,352.29030951605904,,
adc2046fd8598a9f,6befd145c261113d,6b7e1f5b521de19b,6f9a9c5f2856c8b3,Open,1.170863568534039,1.1574074074074072e-05,1,C1: Active Pipeline,,57.614037,57.61402498598452,,
ade1f2d4083eb537,9387d1da6d5967e1,6b7e1f5b521de19b,,Open,29889.51427805743,193.22671296296292,3,C3: Large Open,0.348,357.77414,164.54742644133395,10401.550968763986,19487.963309293445
ade2b67a306f6e35,9387d1da6d5967e1,6d74405afdbc85ba,,Open,21175.29965797991,1.1574074074074072e-05,0,C0: High-Win,0.716,57.59517,57.59515749330874,15161.514555113616,6013.785102866295
ae02797eb857fe7f,9387d1da6d5967e1,6b7e1f5b521de19b,,Open,35845.270270304114,0.0,3,C3: Large Open,,263.59924,263.5992431640625,,
ae07aace15c38244,1cdd086394501fee,6b7e1f5b521de19b,6f9a9c5f2856c8b3,Open,2674.015532288598,49.77229166666667,1,C1: Active Pipeline,0.474,45.568176,0.0,1267.4833623047955,1406.5321699838025
ae15a6ebf2c01a4d,a66943a59bca7bfd,75c64824a2a4e380,28c9c64e5918b06e,Open,250240.56686429237,2.3148148148148147e-05,0,C0: High-Win,,93.784706,93.78468296757451,,
ae1cf3fc66379a5f,ac2a5ee6878db2c2,6b7e1f5b521de19b,,Open,1.170863568534039,0.0,1,C1: Active Pipeline,,377.28723,377.2872314453125,,
ae1dcd6c3875c5da,6befd145c261113d,6b7e1f5b521de19b,6f9a9c5f2856c8b3,Open,3036.43737111411,360.1503587962963,3,C3: Large Open,0.154,47.009533,0.0,467.611355151573,2568.826015962537
ae2f0f5063f1c1a6,9387d1da6d5967e1,6b7e1f5b521de19b,,Open,1.170863568534039,1.1574074074074072e-05,1,C1: Active Pipeline,,109.1123,109.11228548403139,,
ae408fef1514e943,9387d1da6d5967e1,6b7e1f5b521de19b,,Open,2347197.8629358048,2.3148148148148147e-05,3,C3: Large Open,,830.67096,830.6709363245081,,
ae4dc70b8366f02e,9387d1da6d5967e1,6b7e1f5b521de19b,,Open,1.170863568534039,15.65986111111111,1,C1: Active Pipeline,0.31,397.8365,382.1766257052951,0.3629677062455521,0.8078958622884868
ae5194dce79c00b1,6befd145c261113d,6b7e1f5b521de19b,6f9a9c5f2856c8b3,Open,1.170863568534039,0.0010763888888888,1,C1: Active Pipeline,,44.589706,44.58863003200955,,
ae66e26581bd3e07,ac2a5ee6878db2c2,6b7e1f5b521de19b,6f9a9c5f2856c8b3,Open,1.170863568534039,1.1574074074074072e-05,1,C1: Active Pipeline,,290.9965,290.9964789044416,,
ae6ad6c6c1eefe6d,ac2a5ee6878db2c2,6b7e1f5b521de19b,6f9a9c5f2856c8b3,Open,8345.747103271866,1.1574074074074072e-05,0,C0: High-Win,0.736,44.565887,44.5658758770978,6142.469868008093,2203.2772352637726
ae83eb24fb041989,6befd145c261113d,6b7e1f5b521de19b,6f9a9c5f2856c8b3,Open,1.170863568534039,1.1574074074074072e-05,1,C1: Active Pipeline,,40.670013,40.6700018536603,,
ae84eddbdab6e2f2,9387d1da6d5967e1,6b7e1f5b521de19b,d4f34f97b6d22a81,Open,4517.797135638614,1.8288194444444448,3,C3: Large Open,0.67,86.4122,84.58338148328993,3026.924080877872,1490.8730547607424
ae86d296610c8e67,a66943a59bca7bfd,9cd083484517be1d,28c9c64e5918b06e,Open,24323.541534880354,4.031296296296296,3,C3: Large Open,0.574,98.97372,94.94242043954355,13961.712841021323,10361.828693859032
aea9816686f6f7f6,9387d1da6d5967e1,6b7e1f5b521de19b,d4f34f97b6d22a81,Open,75837.41233830822,20.171261574074077,0,C0: High-Win,0.592,117.45761,97.2863495099103,44895.748104278464,30941.664234029755
aeb24cf961aa9adf,1cdd086394501fee,6b7e1f5b521de19b,6f9a9c5f2856c8b3,Open,1452.583504351996,219.80015046296296,3,C3: Large Open,0.16,33.218536,0.0,232.41336069631936,1220.1701436556766
aebe7f63e5e92dd5,6befd145c261113d,6b7e1f5b521de19b,6f9a9c5f2856c8b3,Open,1.170863568534039,0.0,1,C1: Active Pipeline,,224.4867,224.4866943359375,,
aecb42a188510c8c,a66943a59bca7bfd,38080774be85927f,28c9c64e5918b06e,Open,1.170863568534039,1.1574074074074072e-05,1,C1: Active Pipeline,,62.34038,62.34037004824038,,
aeccc2c411213d9c,a66943a59bca7bfd,6828ce51082c111b,28c9c64e5918b06e,Open,1.170863568534039,0.0,1,C1: Active Pipeline,,90.86645,90.86644744873047,,
aecfd405bae51907,9387d1da6d5967e1,6b7e1f5b521de19b,,Open,121130.27981900204,1.1574074074074072e-05,3,C3: Large Open,,98.43097,98.43095766420717,,
aee8f7af1398f095,6befd145c261113d,6b7e1f5b521de19b,,Open,47342.09020576726,0.0,3,C3: Large Open,,52.13394,52.133941650390625,,
aef17b865af6c8a6,a66943a59bca7bfd,4dcb7378104041b8,28c9c64e5918b06e,Open,183646.7025174401,360.29052083333335,3,C3: Large Open,0.066,268.68527,0.0,12120.682366151048,171526.02015128903
af08762d349388b4,ac2a5ee6878db2c2,6b7e1f5b521de19b,d4f34f97b6d22a81,Open,1.170863568534039,0.0,1,C1: Active Pipeline,,62.528294,62.52829360961914,,
af215956cce44307,ac2a5ee6878db2c2,6b7e1f5b521de19b,6f9a9c5f2856c8b3,Open,1.170863568534039,1.1574074074074072e-05,1,C1: Active Pipeline,,70.01007,70.01005922670717,,
af231cddc2da8cba,ac2a5ee6878db2c2,6b7e1f5b521de19b,6f9a9c5f2856c8b3,Open,1.170863568534039,0.0,1,C1: Active Pipeline,,52.12026,52.12025833129883,,
af455bc9aa426feb,4928d3c96935fb3f,6b7e1f5b521de19b,6f9a9c5f2856c8b3,Open,6866094.606235647,318.8442939814815,3,C3: Large Open,0.374,1214.5385,895.694158166956,2567919.382732132,4298175.223503515
af4fbe7961c66b72,9387d1da6d5967e1,6b7e1f5b521de19b,,Open,35845.270270304114,0.0,3,C3: Large Open,,325.74478,325.7447814941406,,
af53fe8d10bb9eee,1cdd086394501fee,6b7e1f5b521de19b,6f9a9c5f2856c8b3,Open,77086.00158348514,40.99836805555555,0,C0: High-Win,0.604,74.650276,33.65190812852648,46559.944956425024,30526.056627060116
af606d7547e81b17,4928d3c96935fb3f,6b7e1f5b521de19b,,Open,35845.270270304114,140.77226851851853,4,C4: Mid-Range,,254.5044,113.73212601273147,,
af76b6402af3a948,a66943a59bca7bfd,77c27bf8a409b6bb,28c9c64e5918b06e,Open,106467.67942181468,72.8792824074074,3,C3: Large Open,0.368,106.04461,33.16532666241682,39180.106027227805,67287.57339458689
af7e4d5d6bd62ac5,6befd145c261113d,6b7e1f5b521de19b,6f9a9c5f2856c8b3,Open,99926.8025726217,118.18800925925926,3,C3: Large Open,0.28,120.108376,1.9203662900571459,27979.50472033408,71947.29785228762
af8664b12d618da5,6befd145c261113d,6b7e1f5b521de19b,,Open,677621.2944541872,1.1574074074074072e-05,0,C0: High-Win,0.36,539.0322,539.032214988426,243943.66600350736,433677.62845067977
af9422abd6cb3905,6befd145c261113d,6b7e1f5b521de19b,6f9a9c5f2856c8b3,Open,1.170863568534039,1.1574074074074072e-05,1,C1: Active Pipeline,,68.7848,68.78478609438295,,
af95a22875ad6beb,ac2a5ee6878db2c2,6b7e1f5b521de19b,6f9a9c5f2856c8b3,Open,1.170863568534039,1.1574074074074072e-05,1,C1: Active Pipeline,,150.3456,150.34558473940248,,
afa93a40c2dccc61,6befd145c261113d,6b7e1f5b521de19b,,Open,3008748.934256463,0.0,3,C3: Large Open,,1283.5774,1283.577392578125,,
afac1d10e76e5569,9387d1da6d5967e1,6b7e1f5b521de19b,,Open,1.170863568534039,1.1574074074074072e-05,1,C1: Active Pipeline,,349.38684,349.38682924623845,,
afc9c0d595b857f5,9387d1da6d5967e1,6b7e1f5b521de19b,,Open,76339.41680639292,21.7921875,0,C0: High-Win,0.7555652173913043,44.71552,22.923331451416015,57679.40805484766,18660.00875154526
afdffe7e8bf58f76,6befd145c261113d,6b7e1f5b521de19b,6f9a9c5f2856c8b3,Open,322773.0976777879,8.101851851851852e-05,0,C0: High-Win,,555.7649,555.7648115596065,,
afe07fa595e8010e,6befd145c261113d,6b7e1f5b521de19b,6f9a9c5f2856c8b3,Open,98.49392076768088,21.789965277777775,1,C1: Active Pipeline,,48.808777,27.018811577690975,,
aff4a213c17901d7,ac2a5ee6878db2c2,6b7e1f5b521de19b,6f9a9c5f2856c8b3,Open,695835.041914466,118.47274305555555,3,C3: Large Open,0.176,403.18668,284.71393296983507,122466.967376946,573368.07453752
b0035efb16e96e54,9387d1da6d5967e1,6b7e1f5b521de19b,,Open,14005.20233155016,544.0077314814815,3,C3: Large Open,0.63,276.70105,0.0,8823.2774688766,5181.924862673559
b01327cb2a135f28,6befd145c261113d,6b7e1f5b521de19b,6f9a9c5f2856c8b3,Open,98.49392076768088,20.97414351851852,1,C1: Active Pipeline,0.686,46.25925,25.28510712235062,67.56682964662909,30.92709112105179
b02362ba8958c5fe,1cdd086394501fee,6b7e1f5b521de19b,6f9a9c5f2856c8b3,Open,9134.575282606507,5.787037037037037e-05,0,C0: High-Win,,83.65216,83.65210277416088,,
b025c583760589d3,9387d1da6d5967e1,6b7e1f5b521de19b,,Open,25102.753943361105,1.1574074074074072e-05,3,C3: Large Open,,97.87635,97.87633882875795,,
b03ccbb0cb128f3b,ac2a5ee6878db2c2,6b7e1f5b521de19b,d4f34f97b6d22a81,Open,4288.944922523833,37.91767361111111,3,C3: Large Open,0.386,83.20335,45.285672641330294,1655.5327400941997,2633.4121824296335
b0562744c1a126da,6befd145c261113d,6b7e1f5b521de19b,6f9a9c5f2856c8b3,Open,203670.88722572604,0.0002546296296296,0,C0: High-Win,,65.66365,65.66339588306569,,
b05ea2721e4d504a,1cdd086394501fee,6b7e1f5b521de19b,6f9a9c5f2856c8b3,Open,137337.18186434289,0.0033564814814814,3,C3: Large Open,0.366,97.32133,97.31797072799118,50265.4085623495,87071.7733019934
b06073e55e475a36,9387d1da6d5967e1,6b7e1f5b521de19b,d4f34f97b6d22a81,Open,41658.881378801256,0.0005208333333333,0,C0: High-Win,0.656,46.179962,46.17944132486979,27328.226184493626,14330.65519430763
b07da8619a6316c8,9387d1da6d5967e1,6b7e1f5b521de19b,,Open,5126.849721354915,1.1574074074074072e-05,2,C2: High-Win,,25.734587,25.73457514162417,,
b0874e6d8f20da19,9387d1da6d5967e1,6b7e1f5b521de19b,d4f34f97b6d22a81,Open,4854.049577612525,93.9670601851852,3,C3: Large Open,0.17,150.43639,56.46932592321323,825.1884281941294,4028.861149418396
b09456d06e9281af,9387d1da6d5967e1,6b7e1f5b521de19b,,Open,35845.270270304114,8.922604166666666,3,C3: Large Open,0.368,341.53146,332.60885945638023,13191.059459471913,22654.2108108322
b0a74fcdde4dead5,ac2a5ee6878db2c2,6b7e1f5b521de19b,d4f34f97b6d22a81,Open,1.170863568534039,1.1574074074074072e-05,1,C1: Active Pipeline,,43.103767,43.10375582094546,,
b0af1aa2cad911db,ac2a5ee6878db2c2,6b7e1f5b521de19b,6f9a9c5f2856c8b3,Open,1224809.514802823,0.0003819444444444,0,C0: High-Win,,528.7254,528.7250208875868,,
b0ceebc0eaddb894,9387d1da6d5967e1,6b7e1f5b521de19b,,Open,5126.849721354915,1.1574074074074072e-05,0,C0: High-Win,,29.359215,29.35920320864077,,
b0d7981d30f6736a,ac2a5ee6878db2c2,6b7e1f5b521de19b,6f9a9c5f2856c8b3,Open,381230.3616317718,84.77407407407408,0,C0: High-Win,0.65,81.24921,0.0,247799.73506065167,133430.6265711201
b0d930a2298f6b27,9387d1da6d5967e1,6b7e1f5b521de19b,d4f34f97b6d22a81,Open,149749.78085444597,209.21934027777775,3,C3: Large Open,,418.86496,209.64561943901913,,
b0dbbc2e26fef8a3,4928d3c96935fb3f,6b7e1f5b521de19b,6f9a9c5f2856c8b3,Open,51795.421351033205,96.87247685185186,3,C3: Large Open,0.266,361.50537,264.63289424189816,13777.582079374833,38017.83927165837
b0dfe7cf72f949ec,9387d1da6d5967e1,062b9e5a52eb6d8e,28c9c64e5918b06e,Open,18906.98660217459,13.814004629629627,0,C0: High-Win,0.6208333333333332,45.526043,31.712038308602793,11738.087515516723,7168.899086657868
b1141d6c90ee9810,6befd145c261113d,6b7e1f5b521de19b,6f9a9c5f2856c8b3,Open,299986.9560510547,0.0033796296296296,3,C3: Large Open,,96.93655,96.93316669605396,,
b14cde2029854e03,6befd145c261113d,6b7e1f5b521de19b,6f9a9c5f2856c8b3,Open,1122070.9154585346,6.944444444444444e-05,3,C3: Large Open,,435.9556,435.9555274793837,,
b157bad4b2af7568,6befd145c261113d,6b7e1f5b521de19b,6f9a9c5f2856c8b3,Open,636.7111308302542,37.044641203703705,0,C0: High-Win,0.662,59.228977,22.184335999665436,421.50276860962833,215.2083622206259
b16e5fe49e161258,6befd145c261113d,6b7e1f5b521de19b,6f9a9c5f2856c8b3,Open,36800.65182889506,4.629629629629629e-05,3,C3: Large Open,,32.526672,32.52662606698495,,
b17c343e129f00c1,4928d3c96935fb3f,6b7e1f5b521de19b,,Open,11675.99327727772,3.472222222222222e-05,3,C3: Large Open,,41.32579,41.32575568305121,,
b17cc9e15794cb43,ef9b14cf5a29c54a,6b7e1f5b521de19b,,Open,88724.25999587397,1.1574074074074072e-05,2,C2: High-Win,,18.936563,18.936551917747217,,
b183dc15bf1cbbd7,6befd145c261113d,6b7e1f5b521de19b,6f9a9c5f2856c8b3,Open,98.49392076768088,0.0078819444444444,1,C1: Active Pipeline,,67.76387,67.75598829481336,,
b1bb019e6e1fccd5,1cdd086394501fee,6b7e1f5b521de19b,6f9a9c5f2856c8b3,Open,155770.28103874103,10.013969907407407,3,C3: Large Open,0.376,143.8941,133.88013409649884,58569.625670566624,97200.6553681744
b1c48a08348ea6ee,4928d3c96935fb3f,6b7e1f5b521de19b,6f9a9c5f2856c8b3,Open,35476.13271726912,92.0777199074074,3,C3: Large Open,0.158,206.51544,114.43772198712385,5605.228969328522,29870.9037479406
b1c7292c3449d55c,ac2a5ee6878db2c2,6b7e1f5b521de19b,6f9a9c5f2856c8b3,Open,4386.532748246311,0.0059027777777777,3,C3: Large Open,0.716,58.460163,58.4542603386773,3140.7574477443586,1245.7753005019524
b1c8a957de0b72a5,9387d1da6d5967e1,6b7e1f5b521de19b,,Open,2.4198904513070483,2.3148148148148147e-05,1,C1: Active Pipeline,,83.64075,83.64072392216436,,
b1cbfd77cc11aeee,1cdd086394501fee,3a0b5f22d7e66ffc,,Open,19325.975207809148,1.1574074074074072e-05,3,C3: Large Open,,43.048122,43.04811083193179,,
b1e9236a0fa9178e,1cdd086394501fee,6b7e1f5b521de19b,d4f34f97b6d22a81,Open,1.170863568534039,1.1574074074074072e-05,1,C1: Active Pipeline,,57.226692,57.22668062563296,,
b1ebe1f031b0a588,6befd145c261113d,6b7e1f5b521de19b,6f9a9c5f2856c8b3,Open,91223.7745198181,0.0008217592592592,0,C0: High-Win,,58.09959,58.09876854225441,,
b1f8599ee3772dad,6befd145c261113d,6b7e1f5b521de19b,6f9a9c5f2856c8b3,Open,1.170863568534039,1.1574074074074072e-05,1,C1: Active Pipeline,,57.171078,57.17106615419741,,
b23341b63691772b,1cdd086394501fee,6b7e1f5b521de19b,6f9a9c5f2856c8b3,Open,1.170863568534039,0.0,1,C1: Active Pipeline,,63.121986,63.121986389160156,,
b24a5d412cc7574a,1cdd086394501fee,6b7e1f5b521de19b,6f9a9c5f2856c8b3,Open,164014.7619895941,2.7941087962962965,3,C3: Large Open,0.44,497.49057,494.69646127206306,72166.4952754214,91848.2667141727
b24e746b7c5d0d0b,ac2a5ee6878db2c2,6b7e1f5b521de19b,d4f34f97b6d22a81,Open,1.170863568534039,0.0,1,C1: Active Pipeline,,62.424084,62.4240837097168,,
b25ea0cbd5df410e,9387d1da6d5967e1,6b7e1f5b521de19b,,Open,11264.189824104717,0.0,3,C3: Large Open,0.47,123.25722,123.25721740722656,5294.169217329217,5970.0206067755
b2626f56a70338d7,1cdd086394501fee,062b9e5a52eb6d8e,,Open,1073254.2132918406,1.1574074074074072e-05,0,C0: High-Win,,151.05455,151.05453859682436,,
b263fd81fa53d3dd,9387d1da6d5967e1,6b7e1f5b521de19b,,Open,89664.46366676311,0.0,3,C3: Large Open,,350.05588,350.0558776855469,,
b2966ea2e3186b0b,1cdd086394501fee,6b7e1f5b521de19b,6f9a9c5f2856c8b3,Open,68329.83053035871,1178.8121643518518,3,C3: Large Open,0.118,287.51538,0.0,8062.9200025823275,60266.91052777638
b2c104457294ea84,a66943a59bca7bfd,ddbd249e57ed6b40,28c9c64e5918b06e,Open,20526.845930356747,4.629629629629629e-05,0,C0: High-Win,,48.892227,48.892180876555265,,
b2d3f54c0351273c,1cdd086394501fee,6b7e1f5b521de19b,6f9a9c5f2856c8b3,Open,156338.04001093865,112.16202546296296,3,C3: Large Open,0.152,161.12793,48.96590422453704,23763.382081662676,132574.65792927597
b337460a5529a542,6befd145c261113d,6b7e1f5b521de19b,6f9a9c5f2856c8b3,Open,98.49392076768088,20.88914351851852,1,C1: Active Pipeline,0.63,47.35026,26.461118169713902,62.05117008363895,36.442750684041926
b342d14feecdd0e7,1cdd086394501fee,6b7e1f5b521de19b,6f9a9c5f2856c8b3,Open,10687.04963623444,1.1574074074074072e-05,3,C3: Large Open,0.702,59.589172,59.58916078920718,7502.308844636576,3184.740791597864
b34863628c193d90,9387d1da6d5967e1,6b7e1f5b521de19b,,Open,3391.863497755878,55.99746527777778,3,C3: Large Open,,220.07683,164.0793627251519,,
b34b9ef9c7c2e8e8,1cdd086394501fee,6b7e1f5b521de19b,6f9a9c5f2856c8b3,Open,1.170863568534039,1.1574074074074072e-05,1,C1: Active Pipeline,,60.927433,60.92742143984194,,
b35b827b8aa9d6cf,6befd145c261113d,6b7e1f5b521de19b,6f9a9c5f2856c8b3,Open,1.170863568534039,1.1574074074074072e-05,1,C1: Active Pipeline,,65.507,65.50699221010561,,
b360ec54b3c4579c,6befd145c261113d,6b7e1f5b521de19b,6f9a9c5f2856c8b3,Open,98.49392076768088,38.019872685185184,1,C1: Active Pipeline,0.678,50.868435,12.848562220820675,66.77887828048763,31.715042487193237
b378728db46b9e84,6befd145c261113d,6b7e1f5b521de19b,,Open,30405.58043486053,0.0003356481481481,3,C3: Large Open,0.39,101.46876,101.46842198124638,11858.176369595607,18547.404065264924
b3853945fed518c3,ef9b14cf5a29c54a,6b7e1f5b521de19b,,Open,1.170863568534039,346.0153356481481,1,C1: Active Pipeline,0.296,80.77541,0.0,0.3465756162860755,0.8242879522479634
b38ed11f26303cbd,ac2a5ee6878db2c2,6b7e1f5b521de19b,6f9a9c5f2856c8b3,Open,314834.9409066588,367.7936226851852,3,C3: Large Open,0.352,413.65195,45.85832433629918,110821.8991991439,204013.04170751493
b39205ddb8d71b8a,9387d1da6d5967e1,674ec33189ed753c,,Open,3103.566479547996,0.0018634259259259,3,C3: Large Open,,214.8819,214.88003354673032,,
b398e4d93d59a6e2,6befd145c261113d,6b7e1f5b521de19b,6f9a9c5f2856c8b3,Open,131506.73413106918,3.472222222222222e-05,3,C3: Large Open,,86.570984,86.57094916449653,,
b3b4443c04d8baa3,6befd145c261113d,6b7e1f5b521de19b,6f9a9c5f2856c8b3,Open,1.170863568534039,0.0,1,C1: Active Pipeline,,65.12957,65.12957000732422,,
b3c0a168af35e330,ef9b14cf5a29c54a,6b7e1f5b521de19b,,Open,138229.9699494759,1.1574074074074072e-05,2,C2: High-Win,,42.52901,42.528999198631006,,
b3c44ec87ce4febb,6befd145c261113d,6b7e1f5b521de19b,6f9a9c5f2856c8b3,Open,833.4257918913213,3.472222222222222e-05,0,C0: High-Win,,27.624378,27.624343482123482,,
b3cea7b2b688010a,ac2a5ee6878db2c2,6b7e1f5b521de19b,6f9a9c5f2856c8b3,Open,1.170863568534039,1.1574074074074072e-05,1,C1: Active Pipeline,,63.4119,63.41188799257632,,
b3d67343b6b6342a,1cdd086394501fee,6b7e1f5b521de19b,6f9a9c5f2856c8b3,Open,2674.015532288598,342.9052893518519,3,C3: Large Open,0.37,61.527718,0.0,989.3857469467813,1684.6297853418168
b3f6a72ca225f4dc,9387d1da6d5967e1,6b7e1f5b521de19b,,Open,89664.46366676311,1.1574074074074072e-05,3,C3: Large Open,,405.716,405.7159918438947,,
b3faf32baa4d871a,ac2a5ee6878db2c2,6b7e1f5b521de19b,d4f34f97b6d22a81,Open,26123.58130464877,1.1574074074074072e-05,3,C3: Large Open,0.282,148.57368,148.57367311830873,7366.849927910953,18756.73137673782
b3ff5da3404c2540,6befd145c261113d,6b7e1f5b521de19b,6f9a9c5f2856c8b3,Open,334.84946210706454,1.1574074074074072e-05,1,C1: Active Pipeline,,24.556595,24.55658327455874,,
b40100908a67a352,9387d1da6d5967e1,6b7e1f5b521de19b,,Open,25374.47858608714,40.740462962962965,0,C0: High-Win,0.48,296.77606,256.0355990487558,12179.749721321827,13194.728864765315
b403f44bdac599b9,9387d1da6d5967e1,6b7e1f5b521de19b,d4f34f97b6d22a81,Open,4517.797135638614,71.96214120370371,3,C3: Large Open,0.302,129.75002,57.787874055085354,1364.3747349628616,3153.4224006757527
b412fb0df69415c9,a66943a59bca7bfd,38080774be85927f,28c9c64e5918b06e,Open,8237918.356559792,0.9066319444444444,3,C3: Large Open,0.534,772.0717,771.1650843641493,4399048.402402929,3838869.9541568626
b4149d003c2d935f,ac2a5ee6878db2c2,6b7e1f5b521de19b,6f9a9c5f2856c8b3,Open,230.3854878118702,2.3148148148148147e-05,1,C1: Active Pipeline,,22.954252,22.954229094893844,,
b41505b2e831f4a9,9387d1da6d5967e1,6b7e1f5b521de19b,,Open,2350.780250772081,8.077372685185185,1,C1: Active Pipeline,,37.65277,29.575398310908565,,
b4228aaa629f7429,ac2a5ee6878db2c2,6b7e1f5b521de19b,6f9a9c5f2856c8b3,Open,75565.3538218023,167.21739583333334,3,C3: Large Open,0.574,120.08633,0.0,43374.513093714515,32190.840728087784
b429933f2527c19f,6befd145c261113d,6b7e1f5b521de19b,6f9a9c5f2856c8b3,Open,3009.275501817926,0.0137962962962962,0,C0: High-Win,,61.0948,61.08100274545175,,
b44368a17e2e1a7e,1cdd086394501fee,674ec33189ed753c,,Open,8218.295302307157,0.0272800925925925,3,C3: Large Open,,89.75927,89.73198962176288,,
b44429f13b1ba6f4,6befd145c261113d,6b7e1f5b521de19b,,Open,1.170863568534039,0.0,1,C1: Active Pipeline,,285.16882,285.1688232421875,,
b46c2261cfe1df73,1cdd086394501fee,6b7e1f5b521de19b,,Open,1.170863568534039,1.1574074074074072e-05,1,C1: Active Pipeline,,40.66631,40.66629778261538,,
b4738d9e4408d1ef,ac2a5ee6878db2c2,6b7e1f5b521de19b,6f9a9c5f2856c8b3,Open,1.170863568534039,0.0,1,C1: Active Pipeline,,71.25075,71.25074768066406,,
b483459631129708,6befd145c261113d,6b7e1f5b521de19b,6f9a9c5f2856c8b3,Open,98.49392076768088,21.92333333333333,1,C1: Active Pipeline,,48.808777,26.88544352213542,,
b496e319432320e2,1cdd086394501fee,6b7e1f5b521de19b,6f9a9c5f2856c8b3,Open,1.170863568534039,1.1574074074074072e-05,1,C1: Active Pipeline,,78.398735,78.39872347231264,,
b4a08abe336b8785,9387d1da6d5967e1,6b7e1f5b521de19b,6f9a9c5f2856c8b3,Open,8127.3495162051295,8.038101851851852,0,C0: High-Win,0.788,38.388714,30.35061198481807,6404.351418769642,1722.9980974354871
b4a7e6b6d17d8a62,1cdd086394501fee,6b7e1f5b521de19b,6f9a9c5f2856c8b3,Open,1.170863568534039,1.1574074074074072e-05,1,C1: Active Pipeline,,52.12662,52.12660967226382,,
b4afaa51741298db,a66943a59bca7bfd,d94a77dffd98d647,28c9c64e5918b06e,Open,136209.21885887592,119.32475694444445,3,C3: Large Open,0.08,164.35793,45.03316847059462,10896.737508710074,125312.48135016585
b4be61bdea7abf81,4928d3c96935fb3f,6b7e1f5b521de19b,,Open,26123.58130464877,0.0,3,C3: Large Open,,201.24576,201.24575805664062,,
b4bfc7c969d78a55,ac2a5ee6878db2c2,6b7e1f5b521de19b,6f9a9c5f2856c8b3,Open,1.170863568534039,0.0,1,C1: Active Pipeline,,62.480904,62.48090362548828,,
b4e360a319c625aa,ac2a5ee6878db2c2,6b7e1f5b521de19b,6f9a9c5f2856c8b3,Open,34707.664237155994,86.92658564814815,0,C0: High-Win,0.338,57.552643,0.0,11731.190512158726,22976.473724997264
b4e48d600e79173e,ac2a5ee6878db2c2,6b7e1f5b521de19b,,Open,1.170863568534039,313.23284722222223,1,C1: Active Pipeline,0.056,99.72996,0.0,0.06556835983790618,1.1052952086961327
b4ebe41e14433c07,9387d1da6d5967e1,6b7e1f5b521de19b,,Open,174827.5652787984,232.8515625,3,C3: Large Open,0.074,53.48748,0.0,12937.23983063108,161890.32544816734
b4ee28579363f6b7,1cdd086394501fee,e43bc3ffd79e75b6,,Open,427322.1913763346,61.21034722222223,3,C3: Large Open,0.322,255.86917,194.6588239203559,137597.74562317974,289724.4457531548
b4f262e874c3c092,ef9b14cf5a29c54a,6b7e1f5b521de19b,,Open,18987.89016295744,19.10152777777778,2,C2: High-Win,0.58,39.395954,20.2944263543023,11012.976294515314,7974.913868442125
b4f88c758f1a141e,6befd145c261113d,6b7e1f5b521de19b,6f9a9c5f2856c8b3,Open,1845240.0868962973,1.1574074074074072e-05,3,C3: Large Open,,89.47574,89.47572695131655,,
b5037a803d6ab995,6befd145c261113d,6b7e1f5b521de19b,,Open,4048.562438442638,0.0,0,C0: High-Win,,36.34196,36.34196090698242,,
b512deedc598bdd7,a66943a59bca7bfd,75c64824a2a4e380,28c9c64e5918b06e,Open,68676.1351119207,113.0354398148148,3,C3: Large Open,0.298,97.349174,0.0,20465.488263352367,48210.64684856833
b53624e007a6ac8f,1cdd086394501fee,6b7e1f5b521de19b,6f9a9c5f2856c8b3,Open,39567.13485177574,137.31931712962964,3,C3: Large Open,0.21,387.73492,250.4156071867766,8309.098318872906,31258.03653290284
b5514491d0f7b1fd,6befd145c261113d,6b7e1f5b521de19b,6f9a9c5f2856c8b3,Open,19623.72126185764,1.1574074074074072e-05,0,C0: High-Win,,29.863008,29.862996925071435,,
b559db6b05c5e65f,4928d3c96935fb3f,6b7e1f5b521de19b,6f9a9c5f2856c8b3,Open,475396.5674753439,88.21729166666667,3,C3: Large Open,0.21,131.7138,43.49651448567708,99833.27916982221,375563.2883055217
b55f13ac5ec560c8,ac2a5ee6878db2c2,6b7e1f5b521de19b,d4f34f97b6d22a81,Open,1.170863568534039,1.1574074074074072e-05,1,C1: Active Pipeline,,109.37003,109.37002169008608,,
b57ad24e1bbef9f2,a66943a59bca7bfd,6b7e1f5b521de19b,28c9c64e5918b06e,Open,1.170863568534039,0.0,1,C1: Active Pipeline,,59.341347,59.341346740722656,,
b580c0b123d4d6fc,ac2a5ee6878db2c2,6b7e1f5b521de19b,6f9a9c5f2856c8b3,Open,1562016.1939623794,769.8080092592593,3,C3: Large Open,0.68,156.09743,0.0,1062171.011894418,499845.1820679613
b59f867c4c5ebb1c,ac2a5ee6878db2c2,6b7e1f5b521de19b,6f9a9c5f2856c8b3,Open,4094562.1997242793,0.0003703703703703,0,C0: High-Win,,886.8902,886.8898273835359,,
b5a91815f9f837a8,9387d1da6d5967e1,6b7e1f5b521de19b,2095e0b55fdf3180,Open,77757.88391521083,29.82011574074074,3,C3: Large Open,,84.24299,54.42287284568504,,
b5c8fbf11394353e,6befd145c261113d,6b7e1f5b521de19b,,Open,592830.8550628978,369.9752893518519,3,C3: Large Open,0.192,414.3488,44.3734960485387,113823.52417207637,479007.33089082147
b5c90d2aecaaf62d,a66943a59bca7bfd,38080774be85927f,28c9c64e5918b06e,Open,1.170863568534039,1.1574074074074072e-05,1,C1: Active Pipeline,,54.642765,54.64275347109194,,
b5cc3ae566393f9f,1cdd086394501fee,6b7e1f5b521de19b,6f9a9c5f2856c8b3,Open,280145.4312084903,2.3148148148148147e-05,3,C3: Large Open,0.32,477.6932,477.6931836389612,89646.5379867169,190498.89322177338
b5d827a9f70774fd,ac2a5ee6878db2c2,6b7e1f5b521de19b,6f9a9c5f2856c8b3,Open,282122.9545953158,20.98630787037037,3,C3: Large Open,0.55,331.92444,310.93813060619215,155167.6250274237,126955.3295678921
b5dab4b13686c1e8,1cdd086394501fee,6b7e1f5b521de19b,6f9a9c5f2856c8b3,Open,1.170863568534039,1.1574074074074072e-05,1,C1: Active Pipeline,,80.37652,80.37650667543764,,
b5dc0bd920a64995,6befd145c261113d,6b7e1f5b521de19b,6f9a9c5f2856c8b3,Open,805854.6675466232,212.96328703703705,3,C3: Large Open,0.278,600.3913,387.4280093496817,224027.59757796125,581827.0699686619
b5ee246d1c4461ad,6befd145c261113d,6b7e1f5b521de19b,6f9a9c5f2856c8b3,Open,15726.535176556545,83.22209490740741,0,C0: High-Win,0.482,47.895344,0.0,7580.189955100254,8146.34522145629
b5fe97aca14026ea,9387d1da6d5967e1,6b7e1f5b521de19b,d4f34f97b6d22a81,Open,13725.376200415716,7.808715277777778,3,C3: Large Open,0.244,350.00464,342.19592339409724,3348.9917929014346,10376.38440751428
b610a39f610859e6,1cdd086394501fee,6b7e1f5b521de19b,6f9a9c5f2856c8b3,Open,262580.75744332006,2.3148148148148147e-05,3,C3: Large Open,,118.99879,118.99876377812139,,
b610b83008c96c6a,ac2a5ee6878db2c2,7b7c16a1b24ec3b8,28c9c64e5918b06e,Open,12483.414223318268,0.8086226851851852,3,C3: Large Open,0.6107142857142858,71.165215,70.35659185338903,7623.799400669372,4859.614822648897
b6194b38030755a7,ac2a5ee6878db2c2,6b7e1f5b521de19b,6f9a9c5f2856c8b3,Open,1.170863568534039,1.1574074074074072e-05,1,C1: Active Pipeline,,50.727596,50.72758470888491,,
b630c07fcb0b5967,6befd145c261113d,6b7e1f5b521de19b,,Open,847123.4219777703,300.85510416666665,3,C3: Large Open,0.396,405.11517,104.2600691731771,335460.87510319706,511662.5468745732
b63340f907bd3aa2,a66943a59bca7bfd,38080774be85927f,d4f34f97b6d22a81,Open,1.170863568534039,0.0119212962962962,1,C1: Active Pipeline,,66.80201,66.79008828622324,,
b63fa0e8b16577b8,1cdd086394501fee,6b7e1f5b521de19b,6f9a9c5f2856c8b3,Open,259.74565791528755,0.0011574074074074,1,C1: Active Pipeline,,48.30574,48.30458294903791,,
b654e816b979b963,6befd145c261113d,6b7e1f5b521de19b,6f9a9c5f2856c8b3,Open,818.7108011956634,265.0878587962963,1,C1: Active Pipeline,0.49,32.12126,0.0,401.16829258587507,417.54250860978834
b65a90aca15d5225,a66943a59bca7bfd,255414ab73601d72,28c9c64e5918b06e,Open,1.170863568534039,0.0,1,C1: Active Pipeline,,53.972046,53.9720458984375,,
b6632c086906d969,9387d1da6d5967e1,6b7e1f5b521de19b,,Open,2.4198904513070483,29.692303240740745,1,C1: Active Pipeline,0.662,149.4738,119.78149741843895,1.601967478765266,0.8179229725417823
b69e7aa4dab72ab8,ac2a5ee6878db2c2,6b7e1f5b521de19b,6f9a9c5f2856c8b3,Open,1687803.3942400438,54.60501157407408,3,C3: Large Open,0.406,1384.206,1329.601043113426,685248.1780614578,1002555.216178586
b6c896e97bc3af72,9387d1da6d5967e1,6b7e1f5b521de19b,,Open,2.4198904513070483,0.0,1,C1: Active Pipeline,,146.32501,146.32501220703125,,
b6d291d54ee4368d,9387d1da6d5967e1,6b7e1f5b521de19b,d4f34f97b6d22a81,Open,48679.81416164372,265.0568402777778,3,C3: Large Open,0.328,49.326763,0.0,15966.979045019141,32712.835116624577
b6dd4c89759103c3,6befd145c261113d,6b7e1f5b521de19b,d4f34f97b6d22a81,Open,4104.248099473855,53.09126157407408,3,C3: Large Open,,59.082268,5.991006187156387,,
b6fbeb5bc95b8480,a66943a59bca7bfd,38080774be85927f,28c9c64e5918b06e,Open,1.170863568534039,1.0453356481481482,1,C1: Active Pipeline,,52.34848,51.30314457646123,,
b70165a7113509b2,9387d1da6d5967e1,6b7e1f5b521de19b,,Open,1.170863568534039,1.1574074074074072e-05,1,C1: Active Pipeline,,129.46518,129.4651678692853,,
b71091c58297e4ab,ac2a5ee6878db2c2,6b7e1f5b521de19b,d4f34f97b6d22a81,Open,110610.0269803144,1.795474537037037,0,C0: High-Win,0.312,311.19534,309.3998684805411,34510.328417858094,76099.69856245631
b72acdbdee2b5573,6befd145c261113d,6b7e1f5b521de19b,,Open,19076.38979057932,1.1574074074074072e-05,3,C3: Large Open,,37.33793,37.337917197898584,,
b75feed8c8e705b7,6befd145c261113d,6b7e1f5b521de19b,,Open,4271.355885203606,0.0,3,C3: Large Open,,34.559803,34.5598030090332,,
b7613cb4826abaed,ef9b14cf5a29c54a,6b7e1f5b521de19b,d4f34f97b6d22a81,Open,10296.95817738307,45.7872800925926,2,C2: High-Win,,92.99534,47.2080583473488,,
b768ad2d81bc4d03,a66943a59bca7bfd,c2397d14e54a98b9,28c9c64e5918b06e,Open,205064.99071350237,515.7466435185186,3,C3: Large Open,0.034,74.27593,0.0,6972.209684259081,198092.78102924328
b77342d0d6467761,6befd145c261113d,6b7e1f5b521de19b,6f9a9c5f2856c8b3,Open,1.170863568534039,0.0,1,C1: Active Pipeline,,119.31885,119.31884765625,,
b7899983a4165ad2,ac2a5ee6878db2c2,6b7e1f5b521de19b,6f9a9c5f2856c8b3,Open,368818.1172035961,152.20835648148147,3,C3: Large Open,0.512,315.6495,163.4411491337529,188834.8760082412,179983.2411953549
b78bd403e5ae9ff4,1cdd086394501fee,6b7e1f5b521de19b,6f9a9c5f2856c8b3,Open,89071.05663641635,1799.7430787037038,3,C3: Large Open,0.218,448.5818,0.0,19417.490346738767,69653.56628967759
b79e0b8ce8d7105b,9387d1da6d5967e1,6b7e1f5b521de19b,,Open,35845.270270304114,1.1574074074074072e-05,3,C3: Large Open,,84.68582,84.68580995912905,,
b7aa96b8db8f60a1,6befd145c261113d,6b7e1f5b521de19b,6f9a9c5f2856c8b3,Open,106914.55167044088,305.9961689814815,3,C3: Large Open,0.088,444.93768,138.94151412398725,9408.480546998797,97506.07112344209
b7b77bd89ec0e385,1cdd086394501fee,6b7e1f5b521de19b,6f9a9c5f2856c8b3,Open,263790.60322538915,0.0001041666666666,0,C0: High-Win,,511.15793,511.1578243001302,,
b7c487a85bd6c744,6befd145c261113d,6b7e1f5b521de19b,6f9a9c5f2856c8b3,Open,54394.15102447757,0.0018981481481481,0,C0: High-Win,0.69,104.78387,104.78196873417608,37531.96420688952,16862.186817588048
b7ec649d4b5f1251,1cdd086394501fee,6b7e1f5b521de19b,6f9a9c5f2856c8b3,Open,185794.66734031943,139.07378472222223,3,C3: Large Open,0.272,536.9062,397.8324042426215,50536.14951656689,135258.51782375254
b80defba4bda507d,6befd145c261113d,6b7e1f5b521de19b,6f9a9c5f2856c8b3,Open,9648.963805727815,0.0018518518518518,3,C3: Large Open,,53.895073,53.893221085159865,,
b821544864758d8e,9387d1da6d5967e1,6b7e1f5b521de19b,d4f34f97b6d22a81,Open,2581.018322439318,47.93721064814815,3,C3: Large Open,0.22,79.24246,31.305251510054973,567.82403093665,2013.1942915026682
b8224388fd662176,a66943a59bca7bfd,bd661df59343798b,28c9c64e5918b06e,Open,21715.904173705767,0.0095601851851851,3,C3: Large Open,,42.953064,42.94350377965856,,
b82d7938e145f124,ac2a5ee6878db2c2,6b7e1f5b521de19b,d4f34f97b6d22a81,Open,4854.049577612525,233.95435185185184,0,C0: High-Win,0.272,73.71123,0.0,1320.301485110607,3533.7480925019186
b83521c9bc8f9168,6befd145c261113d,6b7e1f5b521de19b,6f9a9c5f2856c8b3,Open,501.2004610651016,6.944444444444444e-05,1,C1: Active Pipeline,,28.033834,28.033765012953015,,
b845da62d26b6721,ac2a5ee6878db2c2,75c64824a2a4e380,d4f34f97b6d22a81,Open,6091.577363923724,0.0034722222222222,3,C3: Large Open,,151.11737,151.11389838324652,,
b864068939a5422f,ac2a5ee6878db2c2,6b7e1f5b521de19b,6f9a9c5f2856c8b3,Open,51334.81749861585,4.629629629629629e-05,0,C0: High-Win,,268.88623,268.8861841724537,,
b86882fb9d4dabe9,a66943a59bca7bfd,e366e0e543d0c5cd,d4f34f97b6d22a81,Open,79441.34658164282,437.9202199074074,3,C3: Large Open,0.144,46.292603,0.0,11439.553907756566,68001.79267388626
b86a59a7df113b98,6befd145c261113d,6b7e1f5b521de19b,6f9a9c5f2856c8b3,Open,5528363.911186377,148.03850694444444,3,C3: Large Open,0.358,1028.9838,880.9452577039931,1979154.2802047227,3549209.630981654
b89bdec2e11292ac,6befd145c261113d,6b7e1f5b521de19b,6f9a9c5f2856c8b3,Open,98.49392076768088,20.754155092592597,1,C1: Active Pipeline,,47.341694,26.58753878558123,,
b89e56c0ad5319f6,1cdd086394501fee,6b7e1f5b521de19b,6f9a9c5f2856c8b3,Open,1.170863568534039,2.3148148148148147e-05,1,C1: Active Pipeline,,52.25308,52.253055312545214,,
b8a6c383b42750a7,6befd145c261113d,6b7e1f5b521de19b,,Open,334572.7778549476,0.0,3,C3: Large Open,,344.4037,344.4036865234375,,
b8ca4001c89f07d5,6befd145c261113d,6b7e1f5b521de19b,6f9a9c5f2856c8b3,Open,1.170863568534039,0.0,1,C1: Active Pipeline,,71.94575,71.94574737548828,,
b8ca9ef8ec04a98c,ef9b14cf5a29c54a,6b7e1f5b521de19b,,Open,214869.7806568632,1.1574074074074072e-05,3,C3: Large Open,,281.77234,281.77232729311345,,
b8cac7fa9fc8972b,1cdd086394501fee,6b7e1f5b521de19b,,Open,1.170863568534039,1.1574074074074072e-05,1,C1: Active Pipeline,,59.267258,59.267246116355615,,
b8ccd5e3f5a3f9d2,4928d3c96935fb3f,6b7e1f5b521de19b,6f9a9c5f2856c8b3,Open,685172.6880975167,132.04631944444444,3,C3: Large Open,0.492,1390.3309,1258.284613172743,337104.9625439782,348067.7255535385
b8f5618db946a253,6befd145c261113d,6b7e1f5b521de19b,,Open,7369.351110629336,1.1574074074074072e-05,3,C3: Large Open,,40.055065,40.055053580955224,,
b90795a75a7ef4fd,6befd145c261113d,6b7e1f5b521de19b,6f9a9c5f2856c8b3,Open,89893.06695192067,4.208240740740741,3,C3: Large Open,0.3,135.1827,130.97445274070458,26967.9200855762,62925.14686634447
b90a5afa32f06e2d,4928d3c96935fb3f,6b7e1f5b521de19b,,Open,6618.183435287425,1.1574074074074072e-05,3,C3: Large Open,,211.95415,211.9541357647931,,
b90e7d75b0ab41b0,1cdd086394501fee,6b7e1f5b521de19b,6f9a9c5f2856c8b3,Open,1.170863568534039,3.472222222222222e-05,1,C1: Active Pipeline,,61.486717,61.48668250189887,,
b92d10514cc61932,1cdd086394501fee,52838e14fa2f9ca3,,Open,1287.0828528119127,1.1574074074074072e-05,1,C1: Active Pipeline,,35.41987,35.41985689516421,,
b935b289cd9ccc13,6befd145c261113d,6b7e1f5b521de19b,6f9a9c5f2856c8b3,Open,250589.66290091572,354.20304398148147,3,C3: Large Open,,446.9152,92.71214766890915,,
b9455b887b0f8748,6befd145c261113d,6b7e1f5b521de19b,,Open,47145353.89406107,0.0,3,C3: Large Open,,1481.567,1481.5670166015625,,
b94a6311cccd9aa8,ac2a5ee6878db2c2,cca8e68b78e095c5,28c9c64e5918b06e,Open,25734.02264059242,630.1137384259259,3,C3: Large Open,0.324,279.42776,0.0,8337.823335551944,17396.199305040474
b961d9b9fccce4e1,1cdd086394501fee,6b7e1f5b521de19b,,Open,97333.73600799122,14.985243055555555,3,C3: Large Open,0.628,61.496246,46.51100328233507,61125.58621301848,36208.149794972735
b96f3e3453488cdb,a66943a59bca7bfd,6ab36d9b02cbcf6b,28c9c64e5918b06e,Open,194421.19398113817,4.785983796296296,3,C3: Large Open,0.756,87.33763,82.55164742928964,146982.42264974047,47438.771331397715
b9a333a892d02177,9387d1da6d5967e1,6b7e1f5b521de19b,d4f34f97b6d22a81,Open,14700.526173316806,1.1574074074074072e-05,0,C0: High-Win,0.88,40.195408,40.19539629335757,12936.46303251879,1764.0631407980168
b9ac005885a01fd7,9387d1da6d5967e1,6b7e1f5b521de19b,d4f34f97b6d22a81,Open,90968.29041568557,3.472222222222222e-05,3,C3: Large Open,,123.89768,123.89764746771918,,
b9adae397b357bcc,9387d1da6d5967e1,6b7e1f5b521de19b,,Open,1.170863568534039,1.1574074074074072e-05,1,C1: Active Pipeline,0.622,88.26956,88.26955019350405,0.7282771396281722,0.44258642890586675
b9bc182172f2402a,6befd145c261113d,6b7e1f5b521de19b,6f9a9c5f2856c8b3,Open,10348.85927884322,288.7995486111111,3,C3: Large Open,0.088,264.6388,0.0,910.6996165382033,9438.159662305017
b9cd4b69aa3f486f,9387d1da6d5967e1,6b7e1f5b521de19b,,Open,35845.270270304114,0.0,3,C3: Large Open,,234.20288,234.202880859375,,
b9de2df3e3a5720d,9387d1da6d5967e1,6b7e1f5b521de19b,d4f34f97b6d22a81,Open,24970.07397513264,1.1574074074074072e-05,3,C3: Large Open,,43.372185,43.372173179343896,,
b9fd9bfb5f2c177f,6befd145c261113d,6b7e1f5b521de19b,,Open,35845.270270304114,1.1574074074074072e-05,3,C3: Large Open,,57.467686,57.46767412538882,,
ba0e174a79da9d61,6befd145c261113d,6b7e1f5b521de19b,6f9a9c5f2856c8b3,Open,144646.6946076307,4.820428240740741,0,C0: High-Win,0.602,36.432747,31.612318646466292,87077.31015379367,57569.38445383702
ba19ba4584ee78e8,6befd145c261113d,6b7e1f5b521de19b,,Open,10079.533693765128,0.0,3,C3: Large Open,,42.52895,42.52894973754883,,
ba327c29e53a382c,ac2a5ee6878db2c2,6b7e1f5b521de19b,d4f34f97b6d22a81,Open,81.43217479245789,1.1574074074074072e-05,1,C1: Active Pipeline,0.574,43.480774,43.48076235170718,46.74206833087082,34.690106461587064
ba3d3ed9f92d6184,1cdd086394501fee,6b7e1f5b521de19b,,Open,1.170863568534039,0.0,1,C1: Active Pipeline,,62.13466,62.13465881347656,,
ba4720d90a549624,6befd145c261113d,6b7e1f5b521de19b,6f9a9c5f2856c8b3,Open,44247.52028167909,0.1605208333333333,3,C3: Large Open,0.558,65.06138,64.90085764567057,24690.116317176937,19557.403964502155
ba4e8f6ad72a0fef,6befd145c261113d,6b7e1f5b521de19b,6f9a9c5f2856c8b3,Open,39239.22761907742,2.3148148148148147e-05,0,C0: High-Win,,50.254063,50.254039504439746,,
ba5357fcf82e1658,9387d1da6d5967e1,6b7e1f5b521de19b,,Open,29889.51427805743,1370.8167476851852,3,C3: Large Open,0.308,62.347397,0.0,9205.97039764169,20683.543880415742
ba58e7317c7f8db8,a66943a59bca7bfd,7545e34e09ae9cad,28c9c64e5918b06e,Open,25890.069407835526,0.0095833333333333,3,C3: Large Open,,116.20189,116.1923057047526,,
ba7c9fdf75ef4bae,9387d1da6d5967e1,6b7e1f5b521de19b,,Open,1088.314643477383,1.1574074074074072e-05,0,C0: High-Win,,225.09897,225.0989569317853,,
ba7f2c42d7661168,ac2a5ee6878db2c2,6b7e1f5b521de19b,d4f34f97b6d22a81,Open,5061879.379735205,15.951226851851851,4,C4: Mid-Range,,284.74164,268.7904113317419,,
ba82b0da1691bc99,9387d1da6d5967e1,6b7e1f5b521de19b,d4f34f97b6d22a81,Open,6622.980138906791,579.7101273148148,3,C3: Large Open,0.09,151.4396,0.0,596.0682125016111,6026.91192640518
ba87b734bb97938c,9387d1da6d5967e1,6b7e1f5b521de19b,,Open,13296.1338160633,0.0006481481481481,3,C3: Large Open,0.7766666666666666,46.06136,46.06071125736943,10326.66393047583,2969.4698855874713
ba8e260a18cd43c3,1cdd086394501fee,6b7e1f5b521de19b,6f9a9c5f2856c8b3,Open,9752.593994379096,0.0046412037037037,3,C3: Large Open,,175.37155,175.36691030996818,,
ba9ebecfcc865e23,ef9b14cf5a29c54a,6b7e1f5b521de19b,,Open,59449.927159389554,1.1574074074074072e-05,3,C3: Large Open,,121.63107,121.6310614239728,,
ba9f2a8c3fa8bca8,a66943a59bca7bfd,7545e34e09ae9cad,28c9c64e5918b06e,Open,1.170863568534039,1.1574074074074072e-05,1,C1: Active Pipeline,,110.74451,110.74449526186342,,
baa17a20ea434f54,1cdd086394501fee,6b7e1f5b521de19b,6f9a9c5f2856c8b3,Open,5040.418523328714,0.2777083333333333,3,C3: Large Open,0.738,76.53609,76.25837870279948,3719.828870216591,1320.5896531121232
bab3e1f9c7047a0c,6befd145c261113d,6b7e1f5b521de19b,6f9a9c5f2856c8b3,Open,66254.8314008098,2.3148148148148147e-05,0,C0: High-Win,,53.418125,53.418102004439746,,
babc69f7163a7190,4928d3c96935fb3f,6b7e1f5b521de19b,,Open,7702.185155073742,18.963402777777777,3,C3: Large Open,,81.48988,62.52648064507379,,
bacc185e0c818520,6befd145c261113d,6b7e1f5b521de19b,6f9a9c5f2856c8b3,Open,7462.80698704363,2.3148148148148147e-05,3,C3: Large Open,,30.343632,30.343608596236617,,
bad4aff70588de75,6befd145c261113d,6b7e1f5b521de19b,6f9a9c5f2856c8b3,Open,814.1848226322935,0.0001041666666666,1,C1: Active Pipeline,,32.881622,32.88151814778646,,
bad8ed7bf5445583,9387d1da6d5967e1,6b7e1f5b521de19b,,Open,1.170863568534039,0.0001967592592592,1,C1: Active Pipeline,0.3360243902439024,201.43018,201.42997902199073,0.39343871667545005,0.7774248518585889
bae7de95f354be71,6befd145c261113d,6b7e1f5b521de19b,6f9a9c5f2856c8b3,Open,11389.885287738178,0.0151736111111111,0,C0: High-Win,,33.398487,33.383313479953344,,
bae81a46b6cea7fb,1cdd086394501fee,6b7e1f5b521de19b,6f9a9c5f2856c8b3,Open,814194.7473451227,2.6883101851851854,3,C3: Large Open,0.402,647.0704,644.3820633499711,327306.2884327394,486888.45891238336
baee162e43e907ff,6befd145c261113d,6b7e1f5b521de19b,,Open,1.170863568534039,412.1053819444445,1,C1: Active Pipeline,,227.85915,0.0,,
baf5e8af66ebed50,ac2a5ee6878db2c2,6b7e1f5b521de19b,6f9a9c5f2856c8b3,Open,1.170863568534039,645.9759953703704,3,C3: Large Open,,373.92316,0.0,,
bafb569e8b9525d8,9387d1da6d5967e1,6b7e1f5b521de19b,6f9a9c5f2856c8b3,Open,52571.80087209224,40.81615740740741,0,C0: High-Win,0.766,81.182205,40.3660477927879,40269.99946802265,12301.801404069583
bb014d4764621b60,9387d1da6d5967e1,6b7e1f5b521de19b,d4f34f97b6d22a81,Open,1.170863568534039,1.1574074074074072e-05,1,C1: Active Pipeline,,90.834694,90.83468233461733,,
bb1b30b742f982af,a66943a59bca7bfd,255414ab73601d72,28c9c64e5918b06e,Open,89864.11417526547,0.2550694444444444,3,C3: Large Open,0.712,52.468624,52.21355467054579,63983.249292789005,25880.864882476457
bb206ca501910ae3,9387d1da6d5967e1,6b7e1f5b521de19b,,Open,1734819.175387825,22.99357638888889,3,C3: Large Open,0.26033333333333336,780.34686,757.3532864040799,451631.25865929713,1283187.9167285278
bb328b91f8f087f9,6befd145c261113d,6b7e1f5b521de19b,,Open,557021.7052568932,0.0,3,C3: Large Open,0.402,421.09003,421.09002685546875,223922.72551327109,333098.9797436221
bb4238feaaef79e9,1cdd086394501fee,6b7e1f5b521de19b,6f9a9c5f2856c8b3,Open,37894.58255210034,1.1574074074074072e-05,3,C3: Large Open,,333.5911,333.5910833966291,,
bb4872741da321a6,6befd145c261113d,6b7e1f5b521de19b,,Open,869711.3941640588,2.3148148148148147e-05,3,C3: Large Open,,185.48064,185.48061344853153,,
bb502a478e9afbda,1cdd086394501fee,062b9e5a52eb6d8e,,Open,17314.42813536475,1.1574074074074072e-05,0,C0: High-Win,,25.936754,25.936742652610498,,
bba9cf7e0847a3e6,9387d1da6d5967e1,6b7e1f5b521de19b,6f9a9c5f2856c8b3,Open,5655.969519442425,1.1574074074074072e-05,3,C3: Large Open,,29.447617,29.447605003074365,,
bbb8a8b63e7ccce5,9387d1da6d5967e1,6b7e1f5b521de19b,d4f34f97b6d22a81,Open,13707.11230296319,0.0393287037037037,0,C0: High-Win,0.634,80.29581,80.25647818106192,8690.309200078664,5016.803102884528
bbdca71d1c6d7417,a66943a59bca7bfd,38080774be85927f,,Open,1.170863568534039,1.1574074074074072e-05,1,C1: Active Pipeline,,66.80201,66.80199800844545,,
bbffaabc823a168d,6befd145c261113d,6b7e1f5b521de19b,6f9a9c5f2856c8b3,Open,301.94614676356866,0.0030555555555555,1,C1: Active Pipeline,0.706,53.84202,53.83896257188585,213.17397961507947,88.7721671484892
bc0cae56c40b3eef,6befd145c261113d,6b7e1f5b521de19b,6f9a9c5f2856c8b3,Open,1.170863568534039,0.0,1,C1: Active Pipeline,,72.29187,72.2918701171875,,
bc235974e193fcab,9387d1da6d5967e1,6b7e1f5b521de19b,,Open,89664.46366676311,170.07716435185185,3,C3: Large Open,0.142,251.6827,81.60552912959346,12732.35384068036,76932.10982608276
bc3700f381906505,ac2a5ee6878db2c2,6b7e1f5b521de19b,d4f34f97b6d22a81,Open,432898.4273457084,77.9870486111111,4,C4: Mid-Range,,382.92688,304.9398312717014,,
bc3a19504052a2a0,a66943a59bca7bfd,bd661df59343798b,28c9c64e5918b06e,Open,1.170863568534039,2.3148148148148147e-05,1,C1: Active Pipeline,,71.46381,71.46379063359014,,
bc48b62cefe53b89,a66943a59bca7bfd,b6bf95545ecbafbf,28c9c64e5918b06e,Open,16444.64169778268,37.01271990740741,3,C3: Large Open,0.648,50.52036,13.507639131899232,10656.127820163178,5788.513877619504
bc4c57843dbcce78,6befd145c261113d,6b7e1f5b521de19b,6f9a9c5f2856c8b3,Open,98.49392076768088,1.1574074074074072e-05,1,C1: Active Pipeline,,77.93718,77.93716799135561,,
bc501695d157171b,1cdd086394501fee,062b9e5a52eb6d8e,,Open,44536.416049044215,1.1574074074074072e-05,3,C3: Large Open,,50.05995,50.05994020815249,,
bc50ab27b13e31c5,9387d1da6d5967e1,6b7e1f5b521de19b,,Open,11264.189824104717,1.1574074074074072e-05,3,C3: Large Open,,198.87746,198.87744509096498,,
bc6588093a6750fb,6befd145c261113d,6b7e1f5b521de19b,6f9a9c5f2856c8b3,Open,390.0995045130273,310.1112847222222,1,C1: Active Pipeline,0.538,23.030844,0.0,209.8735334280087,180.22597108501859
bc6c44683ec05d1e,9387d1da6d5967e1,6b7e1f5b521de19b,,Open,368869.1381210446,1.1574074074074072e-05,3,C3: Large Open,0.554,247.2601,247.2600897442853,204353.50251905873,164515.63560198588
bc6e814156606e6f,ac2a5ee6878db2c2,6b7e1f5b521de19b,6f9a9c5f2856c8b3,Open,98.49392076768088,0.0003125,1,C1: Active Pipeline,,58.101055,58.10074264526367,,
bc72605f5d39d105,9387d1da6d5967e1,6b7e1f5b521de19b,,Open,1.170863568534039,677.9983101851852,1,C1: Active Pipeline,0.052,129.56682,0.0,0.06088490556377002,1.1099786629702688
bc72cba3843dbc1c,1cdd086394501fee,6b7e1f5b521de19b,,Open,8290.869253090716,1.1574074074074072e-05,3,C3: Large Open,,37.234104,37.23409258242007,,
bc80a1c3fd728bd7,9387d1da6d5967e1,6b7e1f5b521de19b,,Open,11264.189824104717,1.1574074074074072e-05,3,C3: Large Open,,81.75848,81.75846468325014,,
bc8d0cf800f384af,6befd145c261113d,6b7e1f5b521de19b,6f9a9c5f2856c8b3,Open,98.49392076768088,33.13033564814815,1,C1: Active Pipeline,0.688,37.896404,4.766068618209275,67.76381748816443,30.730103279516438
bcac85303002866d,1cdd086394501fee,6b7e1f5b521de19b,6f9a9c5f2856c8b3,Open,1.170863568534039,1.1574074074074072e-05,1,C1: Active Pipeline,,58.0172,58.01718889589663,,
bcd1eef951ca00b9,ac2a5ee6878db2c2,6b7e1f5b521de19b,6f9a9c5f2856c8b3,Open,1.170863568534039,1.1574074074074072e-05,1,C1: Active Pipeline,,62.480904,62.48089205141421,,
bce5082105b30921,6befd145c261113d,6b7e1f5b521de19b,,Open,226241.71147143983,1.1574074074074072e-05,0,C0: High-Win,0.322,599.51904,599.519031394676,72849.83109380363,153391.8803776362
bd11809a56dbfcb9,1cdd086394501fee,6b7e1f5b521de19b,6f9a9c5f2856c8b3,Open,98.49392076768088,5.882546296296296,1,C1: Active Pipeline,0.524952380952381,77.555336,71.67278970223886,51.70461821632924,46.78930255135164
bd14c30d17ef2054,4928d3c96935fb3f,6b7e1f5b521de19b,,Open,222.37747696614647,0.0087268518518518,1,C1: Active Pipeline,,24.15204,24.143313629715532,,
bd27426855516115,1cdd086394501fee,6b7e1f5b521de19b,6f9a9c5f2856c8b3,Open,1.170863568534039,1.1574074074074072e-05,1,C1: Active Pipeline,,64.411385,64.41137300844545,,
bd2e26418c061769,a66943a59bca7bfd,fd10c5543bdbcbc9,d4f34f97b6d22a81,Open,92863.35122060702,585.8982407407408,3,C3: Large Open,0.15,50.813175,0.0,13929.502683091052,78933.84853751597
bd32d44df4b1de30,a66943a59bca7bfd,75c64824a2a4e380,28c9c64e5918b06e,Open,574461.96467564,3.472222222222222e-05,3,C3: Large Open,,404.231,404.2309528266059,,
bd5355abea6d2fc6,ac2a5ee6878db2c2,6b7e1f5b521de19b,d4f34f97b6d22a81,Open,7611551.463232672,120.20892361111112,3,C3: Large Open,0.15,804.4911,684.2821652560764,1141732.7194849008,6469818.743747771
bd57a2bcd477f88a,6befd145c261113d,6b7e1f5b521de19b,6f9a9c5f2856c8b3,Open,82470.41553248063,80.92541666666666,3,C3: Large Open,0.702,48.8093,0.0,57894.2317038014,24576.183828679234
bd6efc71a578cdf0,9387d1da6d5967e1,6b7e1f5b521de19b,d4f34f97b6d22a81,Open,3303.290441942712,1.1574074074074072e-05,0,C0: High-Win,,115.88798,115.88796602602358,,
bd71d6b4f318a197,9387d1da6d5967e1,6b7e1f5b521de19b,2095e0b55fdf3180,Open,253703.23397240776,49.78173611111111,3,C3: Large Open,,275.1964,225.41467502170138,,
bd830d47f8a66e61,a66943a59bca7bfd,e43bc3ffd79e75b6,28c9c64e5918b06e,Open,56323.71333404005,283.9152662037037,3,C3: Large Open,0.258,129.5273,0.0,14531.518040182333,41792.195293857716
bd8aff3ba1d25d81,6befd145c261113d,6b7e1f5b521de19b,6f9a9c5f2856c8b3,Open,614958.1099106147,3.472222222222222e-05,3,C3: Large Open,,97.589,97.5889621649848,,
bd90cf2173f7b1ef,1cdd086394501fee,4e40b1753336bf63,,Open,1187910.3043156844,1.1574074074074072e-05,3,C3: Large Open,,141.39253,141.39252077455873,,
bda7a16fa4f05520,ef9b14cf5a29c54a,6b7e1f5b521de19b,,Open,1.170863568534039,0.0127662037037037,1,C1: Active Pipeline,,121.79445,121.78168264883536,,
bdb1a05a9851f1bf,9387d1da6d5967e1,6b7e1f5b521de19b,6f9a9c5f2856c8b3,Open,6286.512539781899,2.3148148148148147e-05,3,C3: Large Open,,43.417343,43.41731999150029,,
bdba520e797eb3c6,a66943a59bca7bfd,b4d1bda83fb7745f,28c9c64e5918b06e,Open,20355.321562998502,241.8075231481481,3,C3: Large Open,0.112,40.185623,0.0,2279.7960150558324,18075.52554794267
bdc768cfdea98940,6befd145c261113d,6b7e1f5b521de19b,6f9a9c5f2856c8b3,Open,13707.11230296319,74.00731481481482,3,C3: Large Open,0.194,59.212116,0.0,2659.179786774859,11047.932516188332
bdd95c036e52d733,6befd145c261113d,6b7e1f5b521de19b,6f9a9c5f2856c8b3,Open,31212.078198851057,0.0006481481481481,0,C0: High-Win,,53.602158,53.601509444625286,,
bddb1964531b894b,9387d1da6d5967e1,6b7e1f5b521de19b,,Open,2.4198904513070483,0.8311458333333334,1,C1: Active Pipeline,,106.42961,105.59846537272135,,
bde50d04abdaa90c,ac2a5ee6878db2c2,6b7e1f5b521de19b,d4f34f97b6d22a81,Open,168632.66953805738,152.21644675925927,3,C3: Large Open,0.414,386.82874,234.61228859230323,69813.92518875575,98818.74434930163
bdf039c8e81f4c98,1cdd086394501fee,6b7e1f5b521de19b,6f9a9c5f2856c8b3,Open,12688.705330777142,113.91457175925926,3,C3: Large Open,0.386,86.41615,0.0,4897.840257679977,7790.865073097165
bdf27790c906f5b7,9387d1da6d5967e1,6b7e1f5b521de19b,,Open,8304.689797280567,1.1574074074074072e-05,3,C3: Large Open,,53.10849,53.1084784161603,,
bdfaeb50ecd324d4,6befd145c261113d,6b7e1f5b521de19b,6f9a9c5f2856c8b3,Open,1.170863568534039,1.1574074074074072e-05,1,C1: Active Pipeline,,55.07748,55.07746874208804,,
be19ebe7571888bb,6befd145c261113d,6b7e1f5b521de19b,d4f34f97b6d22a81,Open,1256.3421066376063,56.032800925925926,0,C0: High-Win,0.568,202.9199,146.887105690285,713.6023165701604,542.7397900674459
be1a9b4e567611fb,ac2a5ee6878db2c2,6b7e1f5b521de19b,,Open,54608.54408792734,1.1574074074074072e-05,3,C3: Large Open,,76.183304,76.18329225893373,,
be20b2591bc9d15b,9387d1da6d5967e1,6b7e1f5b521de19b,,Open,8342.688652667997,3.933530092592593,3,C3: Large Open,0.7534617715617715,41.85412,37.92058825457538,6285.896971827518,2056.7916808404793
be2d0d721f00529b,ac2a5ee6878db2c2,6b7e1f5b521de19b,6f9a9c5f2856c8b3,Open,38012.72997541478,2.3148148148148147e-05,0,C0: High-Win,,42.44013,42.44010517826787,,
be3c4eb21fdc43c5,9387d1da6d5967e1,6b7e1f5b521de19b,,Open,25102.753943361105,5.787037037037037e-05,3,C3: Large Open,,55.334587,55.3345292267976,,
be54045dd4e1b2ba,1cdd086394501fee,062b9e5a52eb6d8e,28c9c64e5918b06e,Open,1.170863568534039,0.0,1,C1: Active Pipeline,,90.10856,90.10855865478516,,
be63d798586b5ddf,6befd145c261113d,6b7e1f5b521de19b,6f9a9c5f2856c8b3,Open,50238.381732418726,104.20596064814816,3,C3: Large Open,0.374,366.28577,262.07980595341434,18789.154767924603,31449.226964494123
be694d211b205ad0,6befd145c261113d,6b7e1f5b521de19b,6f9a9c5f2856c8b3,Open,262.2931122345503,2.3148148148148147e-05,1,C1: Active Pipeline,,24.956112,24.956088759810836,,
be6aa185b0468128,ac2a5ee6878db2c2,6b7e1f5b521de19b,d4f34f97b6d22a81,Open,256870.9471971433,155.2692361111111,3,C3: Large Open,,148.73523,0.0,,
be6e54260eaf8a2a,1cdd086394501fee,6b7e1f5b521de19b,6f9a9c5f2856c8b3,Open,71953.6184708905,561.9363888888889,3,C3: Large Open,0.15,79.3766,0.0,10793.042770633576,61160.57570025693
be7359786cba9eee,9387d1da6d5967e1,6b7e1f5b521de19b,,Open,27964.446350806866,1.1574074074074072e-05,3,C3: Large Open,,82.349594,82.34958254213686,,
be7960ff6cb7a593,ef9b14cf5a29c54a,6b7e1f5b521de19b,,Open,8342.688652667997,1.1574074074074072e-05,0,C0: High-Win,,37.12934,37.12932955141421,,
be93bd0d6ec355f5,6befd145c261113d,6b7e1f5b521de19b,6f9a9c5f2856c8b3,Open,1.170863568534039,1.1574074074074072e-05,1,C1: Active Pipeline,,53.07531,53.075298179343896,,
bea8dfb11c11bcd1,6befd145c261113d,6b7e1f5b521de19b,,Open,35845.270270304114,336.7402777777778,3,C3: Large Open,0.142,254.28749,0.0,5090.028378383184,30755.24189192093
bea9dda34ad81268,9387d1da6d5967e1,6b7e1f5b521de19b,d4f34f97b6d22a81,Open,11656.755479887492,90.7317013888889,3,C3: Large Open,0.49,148.6079,57.876193508572044,5711.810185144871,5944.945294742621
beaba58ad67a434f,4928d3c96935fb3f,6b7e1f5b521de19b,6f9a9c5f2856c8b3,Open,1.170863568534039,1.1574074074074072e-05,1,C1: Active Pipeline,,73.52592,73.52590547914858,,
beadd1258f01c7d1,9387d1da6d5967e1,6b7e1f5b521de19b,,Open,1.170863568534039,0.0001504629629629,1,C1: Active Pipeline,,95.950806,95.95065520109954,,
beb2ff2fbe5fbb3b,4928d3c96935fb3f,6b7e1f5b521de19b,,Open,9134.575282606507,75.77348379629629,3,C3: Large Open,,45.721706,0.0,,
bec39efcf8271c7b,9387d1da6d5967e1,6b7e1f5b521de19b,,Open,107673.31262801727,42.06619212962963,3,C3: Large Open,0.23,70.60528,28.53908588550709,24764.861904443973,82908.4507235733
bed5831338c333d6,1cdd086394501fee,6b7e1f5b521de19b,,Open,1.170863568534039,1.1574074074074072e-05,1,C1: Active Pipeline,,257.1709,257.17088686342595,,
bed6421d7256bc86,ac2a5ee6878db2c2,6b7e1f5b521de19b,d4f34f97b6d22a81,Open,1.170863568534039,1.1574074074074072e-05,1,C1: Active Pipeline,,46.653934,46.65392290468569,,
bed9b7ab6314c50a,6befd145c261113d,6b7e1f5b521de19b,6f9a9c5f2856c8b3,Open,98.49392076768088,29.07341435185185,1,C1: Active Pipeline,0.712,47.341694,18.26827952632198,70.12767158658878,28.366249181092094
bedf1b316aeaa840,6befd145c261113d,6b7e1f5b521de19b,6f9a9c5f2856c8b3,Open,44893.2429865961,2.3148148148148147e-05,3,C3: Large Open,,67.242905,67.24288151493779,,
bf216d5de8b2c251,6befd145c261113d,6b7e1f5b521de19b,,Open,1.170863568534039,412.0921643518519,1,C1: Active Pipeline,,109.93148,0.0,,
bf23dfe432a17339,9387d1da6d5967e1,6b7e1f5b521de19b,,Open,36095.37719582366,64.03193287037037,3,C3: Large Open,0.422,43.155396,0.0,15232.249176637584,20863.12801918608
bf403131ef16bf81,6befd145c261113d,6b7e1f5b521de19b,,Open,13121.811050396169,1.1574074074074072e-05,3,C3: Large Open,,39.0703,39.07028948183413,,
bf4a855ccff82456,6befd145c261113d,6b7e1f5b521de19b,6f9a9c5f2856c8b3,Open,1.170863568534039,1.1574074074074072e-05,1,C1: Active Pipeline,,57.614037,57.61402498598452,,
bf56e35ec6593790,1cdd086394501fee,6b7e1f5b521de19b,6f9a9c5f2856c8b3,Open,30440.61877547848,1.1574074074074072e-05,3,C3: Large Open,,312.6191,312.6190985333478,,
bf57eb1ab7ccf3cc,9387d1da6d5967e1,6b7e1f5b521de19b,,Open,2357482.063301993,578.9427314814815,3,C3: Large Open,,1125.7616,546.818865198206,,
bf58fbd8ee6ddd48,9387d1da6d5967e1,6b7e1f5b521de19b,d4f34f97b6d22a81,Open,5083.8994500666495,1.1574074074074072e-05,0,C0: High-Win,,310.24014,310.2401312481916,,
bf5ff01c4cbab7b3,9387d1da6d5967e1,6b7e1f5b521de19b,,Open,10473.765053251393,3.0185416666666667,3,C3: Large Open,0.63,133.20338,130.1848427327474,6598.4719835483775,3875.293069703015
bf88b3f17f57bc78,6befd145c261113d,6b7e1f5b521de19b,d4f34f97b6d22a81,Open,19044.08525693258,5.787037037037037e-05,3,C3: Large Open,,42.353016,42.352958029287834,,
bf8b97fd9a37de57,9387d1da6d5967e1,6b7e1f5b521de19b,d4f34f97b6d22a81,Open,8011.081300734269,40.78803240740741,3,C3: Large Open,0.21,88.77744,47.9894105247215,1682.3270731541963,6328.754227580072
bfab3c9721b2c6cb,9387d1da6d5967e1,6b7e1f5b521de19b,d4f34f97b6d22a81,Open,1223.024129746237,4.629629629629629e-05,1,C1: Active Pipeline,,36.17907,36.17902322274667,,
bfc6938c845cf8ac,1cdd086394501fee,6b7e1f5b521de19b,6f9a9c5f2856c8b3,Open,162.58892276000725,72.94793981481482,1,C1: Active Pipeline,0.294,40.333424,0.0,47.80114329144213,114.7877794685651
bfc69ea6ac7b875d,ac2a5ee6878db2c2,6b7e1f5b521de19b,6f9a9c5f2856c8b3,Open,98.49392076768088,20.85184027777778,1,C1: Active Pipeline,0.634,38.527157,17.675316552056206,62.44514576670968,36.0487750009712
bfd97b55c7239c1c,a66943a59bca7bfd,506023b3e03cfab3,28c9c64e5918b06e,Open,1.170863568534039,1.1574074074074072e-05,1,C1: Active Pipeline,,54.714283,54.71427141542788,,
bfdc4ac273982b64,1cdd086394501fee,52838e14fa2f9ca3,,Open,41926.96627349031,1.1574074074074072e-05,0,C0: High-Win,,23.08818,23.088168967918115,,
bfdd2b225f20e10b,6befd145c261113d,6b7e1f5b521de19b,6f9a9c5f2856c8b3,Open,98.49392076768088,20.623935185185186,1,C1: Active Pipeline,0.716,44.96834,24.344406642207392,70.52164726965951,27.972273498021373
c003431073fc3649,6befd145c261113d,6b7e1f5b521de19b,6f9a9c5f2856c8b3,Open,17071833.149338674,3.472222222222222e-05,3,C3: Large Open,,1543.8916,1543.8915668402778,,
c006a7e92b87532d,9387d1da6d5967e1,6b7e1f5b521de19b,,Open,35845.270270304114,1.1574074074074072e-05,3,C3: Large Open,,84.562584,84.56257234926576,,
c01fff8b261e51b1,9387d1da6d5967e1,6b7e1f5b521de19b,d4f34f97b6d22a81,Open,86909.64622425994,1.1574074074074072e-05,0,C0: High-Win,,89.51133,89.51131807680483,,
c02f4cd9a4569c56,6befd145c261113d,6b7e1f5b521de19b,6f9a9c5f2856c8b3,Open,4271.355885203606,3.472222222222222e-05,3,C3: Large Open,,39.99038,39.99034461127387,,
c0357fdbaa76d099,9387d1da6d5967e1,6b7e1f5b521de19b,,Open,9648.963805727815,51.9290162037037,3,C3: Large Open,0.108,98.190155,46.26113882559317,1042.088091018604,8606.875714709211
c04a5eaf20be964b,6befd145c261113d,6b7e1f5b521de19b,d4f34f97b6d22a81,Open,634.3345668274252,4.629629629629629e-05,1,C1: Active Pipeline,,24.430882,24.430835203947844,,
c05e9265ae05d565,6befd145c261113d,6b7e1f5b521de19b,6f9a9c5f2856c8b3,Open,737.4802775607949,0.0001736111111111,0,C0: High-Win,,29.61734,29.617166476779513,,
c07217dccd9a957c,1cdd086394501fee,6b7e1f5b521de19b,,Open,4271.355885203606,1.1574074074074072e-05,3,C3: Large Open,,27.729038,27.729026664451318,,
c088ae5bf6165ba8,1cdd086394501fee,fc3655a0b667e091,,Open,36095.37719582366,1.1574074074074072e-05,3,C3: Large Open,,57.330124,57.330112327293115,,
c08b40db0c03ebd6,1cdd086394501fee,6b7e1f5b521de19b,6f9a9c5f2856c8b3,Open,2278109.6583754187,0.9036111111111113,4,C4: Mid-Range,,85.12229,84.21868045383029,,
c08c545c4bbd999d,1cdd086394501fee,6b7e1f5b521de19b,6f9a9c5f2856c8b3,Open,142469.60630825118,0.0015046296296296,3,C3: Large Open,0.186,93.84787,93.84636524341724,26499.34677333472,115970.25953491648
c09c06b8894a5ade,ac2a5ee6878db2c2,6b7e1f5b521de19b,d4f34f97b6d22a81,Open,1.170863568534039,1.1574074074074072e-05,1,C1: Active Pipeline,,61.92259,61.9225767743146,,
c0a0994d86dd834d,4928d3c96935fb3f,255414ab73601d72,6f9a9c5f2856c8b3,Open,2854602.6566189914,64.03233796296297,3,C3: Large Open,0.124,331.29874,267.26639860930266,353970.72942075494,2500631.9271982363
c0b0fca95a0e7d16,1cdd086394501fee,6b7e1f5b521de19b,6f9a9c5f2856c8b3,Open,1.170863568534039,0.0,1,C1: Active Pipeline,,56.401485,56.401485443115234,,
c0dc4a81df6b8629,a66943a59bca7bfd,e366e0e543d0c5cd,28c9c64e5918b06e,Open,69724.73083759527,80.01855324074074,0,C0: High-Win,0.662,74.607185,0.0,46157.77181448807,23566.9590231072
c0dd0e0c6b9b7f17,ac2a5ee6878db2c2,6b7e1f5b521de19b,,Open,1.170863568534039,1.1574074074074072e-05,1,C1: Active Pipeline,,60.374184,60.374172080711084,,
c0f0aa4fc39770cd,9387d1da6d5967e1,6b7e1f5b521de19b,,Open,121130.27981900204,1.1574074074074072e-05,3,C3: Large Open,,96.90517,96.90515505190248,,
c0fbb77725956aef,ac2a5ee6878db2c2,6b7e1f5b521de19b,6f9a9c5f2856c8b3,Open,1.170863568534039,1.1574074074074072e-05,1,C1: Active Pipeline,,69.821945,69.82193361635561,,
c106deac097e5d6b,9387d1da6d5967e1,6b7e1f5b521de19b,d4f34f97b6d22a81,Open,180927.6393031778,3.472222222222222e-05,3,C3: Large Open,,121.00659,121.00655707465278,,
c10b2d3a7428f56d,a66943a59bca7bfd,6b7e1f5b521de19b,,Open,978123.8390316071,1.1574074074074072e-05,3,C3: Large Open,,683.89044,683.8904303204572,,
c11d9b1b6ee6d3f2,9387d1da6d5967e1,6b7e1f5b521de19b,,Open,25102.753943361105,0.0,0,C0: High-Win,,72.93001,72.93000793457031,,
c135549e954464c4,ac2a5ee6878db2c2,6b7e1f5b521de19b,28c9c64e5918b06e,Open,1.170863568534039,0.0008449074074074,4,C4: Mid-Range,,301.9262,301.92536358868637,,
c137df3851f297a8,1cdd086394501fee,6b7e1f5b521de19b,6f9a9c5f2856c8b3,Open,293635.3272312708,258.17295138888886,3,C3: Large Open,0.224,65.34132,0.0,65774.31329980466,227861.01393146615
c14f4f2495ec93f8,6befd145c261113d,6b7e1f5b521de19b,6f9a9c5f2856c8b3,Open,7045.211152236175,19.93177083333333,3,C3: Large Open,0.664,69.12,49.1882319132487,4678.02020508482,2367.1909471513545
c15533ba2525f958,6befd145c261113d,6b7e1f5b521de19b,6f9a9c5f2856c8b3,Open,1.170863568534039,1.1574074074074072e-05,1,C1: Active Pipeline,,57.614037,57.61402498598452,,
c156c85658a2e132,9387d1da6d5967e1,6b7e1f5b521de19b,,Open,1.170863568534039,2.3148148148148147e-05,1,C1: Active Pipeline,,62.689716,62.68969319096318,,
c1592c179467dc31,6befd145c261113d,6b7e1f5b521de19b,6f9a9c5f2856c8b3,Open,147782.212188992,0.0008217592592592,3,C3: Large Open,0.476,80.462036,80.46121437355325,70344.3330019602,77437.87918703181
c15ea1b31b7e693f,ac2a5ee6878db2c2,6b7e1f5b521de19b,6f9a9c5f2856c8b3,Open,46580.41091813584,0.8913541666666667,3,C3: Large Open,0.718,68.213005,67.3216508992513,33444.73503922154,13135.67587891431
c16532c2bf1dd098,1cdd086394501fee,6b7e1f5b521de19b,6f9a9c5f2856c8b3,Open,1.170863568534039,1.1574074074074072e-05,1,C1: Active Pipeline,,67.9774,67.97739015932436,,
c16628f058e39ef7,9387d1da6d5967e1,6b7e1f5b521de19b,,Open,2703.457314450213,42.95497685185185,3,C3: Large Open,0.24033333333333334,73.81858,30.863603775589553,649.7309079062012,2053.7264065440118
c175ab98f70c4cee,6befd145c261113d,6b7e1f5b521de19b,6f9a9c5f2856c8b3,Open,260872.325045877,287.9662152777778,3,C3: Large Open,0.386,99.28867,0.0,100696.71746770853,160175.60757816848
c176ca97761ee7a8,a66943a59bca7bfd,bd661df59343798b,d4f34f97b6d22a81,Open,1.170863568534039,1.1574074074074072e-05,1,C1: Active Pipeline,,71.46381,71.4638022076642,,
c1889aabcd0dd763,6befd145c261113d,6b7e1f5b521de19b,,Open,334572.7778549476,0.0,3,C3: Large Open,,45.723484,45.72348403930664,,
c18d0b314a8a0a44,ac2a5ee6878db2c2,6b7e1f5b521de19b,6f9a9c5f2856c8b3,Open,1.170863568534039,1.1574074074074072e-05,1,C1: Active Pipeline,,68.9484,68.94839083071108,,
c18f86dc0f42c475,a66943a59bca7bfd,47dc86e9ce418791,28c9c64e5918b06e,Open,36739.61151655595,3.8847453703703705,3,C3: Large Open,0.694,62.36217,58.477425802725335,25497.29039248983,11242.321124066124
c1bde03ecdf1665f,6befd145c261113d,6b7e1f5b521de19b,,Open,1.170863568534039,733.045636574074,1,C1: Active Pipeline,,401.65195,0.0,,
c1c94cd118a55387,6befd145c261113d,6b7e1f5b521de19b,6f9a9c5f2856c8b3,Open,19914.157415682886,154.12287037037038,3,C3: Large Open,,552.689,398.56615550853587,,
c1cd8c38472384b8,9387d1da6d5967e1,6b7e1f5b521de19b,,Open,5126.849721354915,0.0,0,C0: High-Win,,22.110596,22.110595703125,,
c1eaa9d177da123e,9387d1da6d5967e1,6b7e1f5b521de19b,d4f34f97b6d22a81,Open,11648.67702167627,8.061631944444445,3,C3: Large Open,0.612,53.300488,45.238855573866104,7128.990337265877,4519.686684410393
c1ec00ff07cda088,9387d1da6d5967e1,062b9e5a52eb6d8e,28c9c64e5918b06e,Open,105764.9719947007,45.99961805555556,3,C3: Large Open,0.17,118.86314,72.86351823594835,17980.04523909912,87784.92675560157
c20894a00ffb2fbb,1cdd086394501fee,e43bc3ffd79e75b6,,Open,1845240.0868962973,7.207719907407407,3,C3: Large Open,0.45,817.02167,809.8139475730613,830358.0391033338,1014882.0477929636
c2100b4120abb2a1,4928d3c96935fb3f,6b7e1f5b521de19b,,Open,4947.891911494577,97.91711805555556,3,C3: Large Open,,85.01987,0.0,,
c2208afc555dcf4e,9387d1da6d5967e1,6b7e1f5b521de19b,,Open,5083.8994500666495,0.0014814814814814,3,C3: Large Open,,32.687603,32.68612151534469,,
c2333b59b359bfa0,9387d1da6d5967e1,6b7e1f5b521de19b,6f9a9c5f2856c8b3,Open,239334.7116857018,2.3148148148148147e-05,3,C3: Large Open,,64.63561,64.63558933964482,,
c23426e99e8339b4,6befd145c261113d,6b7e1f5b521de19b,,Open,1.170863568534039,1.1574074074074072e-05,1,C1: Active Pipeline,,67.43737,67.43735872621889,,
c2411566430a6b16,9387d1da6d5967e1,6b7e1f5b521de19b,d4f34f97b6d22a81,Open,38019.97120731995,666.1663310185185,3,C3: Large Open,,192.07344,0.0,,
c2473265a0598685,6befd145c261113d,6b7e1f5b521de19b,6f9a9c5f2856c8b3,Open,85869.50411400758,4.629629629629629e-05,0,C0: High-Win,,123.32024,123.3201899097584,,
c24e1d840cae921b,4928d3c96935fb3f,6b7e1f5b521de19b,,Open,2.4198904513070483,1.1574074074074072e-05,1,C1: Active Pipeline,,163.1639,163.16388307924623,,
c25fc9168085cdf6,6befd145c261113d,6b7e1f5b521de19b,,Open,1.170863568534039,404.33510416666667,1,C1: Active Pipeline,0.056,75.35831,0.0,0.06556835983790618,1.1052952086961327
c2687b4970fc499f,6befd145c261113d,6b7e1f5b521de19b,6f9a9c5f2856c8b3,Open,507.8161000568855,1.1574074074074072e-05,1,C1: Active Pipeline,0.82,29.830645,29.830633033469873,416.4092020466461,91.40689801023942
c26fb6840b8760cf,4928d3c96935fb3f,6b7e1f5b521de19b,,Open,2.4198904513070483,1.1574074074074072e-05,1,C1: Active Pipeline,,114.76067,114.76066194887514,,
c2710fa8239aa37f,6befd145c261113d,6b7e1f5b521de19b,6f9a9c5f2856c8b3,Open,1.170863568534039,1.1574074074074072e-05,1,C1: Active Pipeline,,57.614037,57.61402498598452,,
c2933148d5250870,6befd145c261113d,6b7e1f5b521de19b,6f9a9c5f2856c8b3,Open,7713.820124479206,3.472222222222222e-05,0,C0: High-Win,,44.67706,44.67702445136176,,
c29c31a4564cdded,ac2a5ee6878db2c2,6b7e1f5b521de19b,6f9a9c5f2856c8b3,Open,1060.8669669680155,1.1574074074074072e-05,1,C1: Active Pipeline,,27.337881,27.337869514182763,,
c2a2893c7544a6f4,9387d1da6d5967e1,6b7e1f5b521de19b,d4f34f97b6d22a81,Open,2581.018322439318,0.0147569444444444,1,C1: Active Pipeline,0.6363571428571428,74.1088,74.09404585096571,1642.4494453294203,938.5688771098978
c2a9e62bb81b530c,9387d1da6d5967e1,6b7e1f5b521de19b,,Open,147782.212188992,1.1574074074074072e-05,3,C3: Large Open,,350.49332,350.4933050763166,,
c2abe145441aeb98,ac2a5ee6878db2c2,6b7e1f5b521de19b,6f9a9c5f2856c8b3,Open,1060.8669669680155,0.0014583333333333,1,C1: Active Pipeline,,29.115778,29.11431963602702,,
c2b7ef7e6329c263,a66943a59bca7bfd,d1650c60f1f48b67,28c9c64e5918b06e,Open,28286.385657589064,182.99153935185183,3,C3: Large Open,0.144,68.14756,0.0,4073.2395346928247,24213.14612289624
c2ce31817753700a,9387d1da6d5967e1,6b7e1f5b521de19b,,Open,1.170863568534039,0.0,1,C1: Active Pipeline,,109.12884,109.12883758544922,,
c2d2b930d5c6cff5,ac2a5ee6878db2c2,6b7e1f5b521de19b,d4f34f97b6d22a81,Open,1.170863568534039,0.0,1,C1: Active Pipeline,,51.04405,51.04404830932617,,
c2dca91e3fc4ada8,ac2a5ee6878db2c2,6b7e1f5b521de19b,6f9a9c5f2856c8b3,Open,317962.8272866891,322.97641203703705,3,C3: Large Open,0.17,361.6257,38.649289867259824,54053.68063873715,263909.1466479519
c2e35dd37c07ec9d,6befd145c261113d,6b7e1f5b521de19b,6f9a9c5f2856c8b3,Open,75565.3538218023,84.14552083333334,0,C0: High-Win,0.698,59.704105,0.0,52744.61696761801,22820.7368541843
c2f0574322ab3226,1cdd086394501fee,6b7e1f5b521de19b,6f9a9c5f2856c8b3,Open,1.170863568534039,1.1574074074074072e-05,1,C1: Active Pipeline,,54.5722,54.57218920107241,,
c2f2bae37e322697,1cdd086394501fee,674ec33189ed753c,,Open,5459750.127724096,0.0,3,C3: Large Open,,1531.7068,1531.706787109375,,
c2fa284044c674f5,6befd145c261113d,6b7e1f5b521de19b,6f9a9c5f2856c8b3,Open,130175.6594542954,75.82983796296297,0,C0: High-Win,0.568,64.55254,0.0,73939.77457003978,56235.88488425562
c30b8fb48b14db58,ac2a5ee6878db2c2,6b7e1f5b521de19b,d4f34f97b6d22a81,Open,1167559.3625932876,353.7391203703704,3,C3: Large Open,0.15,57.908413,0.0,175133.90438899313,992425.4582042944
c33e7e1ea9571f5a,a66943a59bca7bfd,16450d61eee679f5,28c9c64e5918b06e,Open,17830.89515679183,307.8038773148148,3,C3: Large Open,0.17,41.908848,0.0,3031.2521766546115,14799.642980137218
c371611f11c2eff6,ac2a5ee6878db2c2,6b7e1f5b521de19b,6f9a9c5f2856c8b3,Open,1.170863568534039,1.1574074074074072e-05,1,C1: Active Pipeline,,310.80383,310.80382143373845,,
c385bbb52e9722df,6befd145c261113d,6b7e1f5b521de19b,d4f34f97b6d22a81,Open,1306.543520671814,3.472222222222222e-05,0,C0: High-Win,,27.659986,27.65995177374946,,
c39108b1d4ccc6e5,6befd145c261113d,6b7e1f5b521de19b,6f9a9c5f2856c8b3,Open,9961.259242249833,266.11766203703706,3,C3: Large Open,0.29,60.93734,0.0,2888.7651802524515,7072.494061997381
c397399eceeee936,6befd145c261113d,6b7e1f5b521de19b,,Open,1947.7864758271053,1.1574074074074072e-05,0,C0: High-Win,,41.22516,41.22514711733218,,
c3aee874efbf07f3,ac2a5ee6878db2c2,7b7c16a1b24ec3b8,,Open,1.170863568534039,0.0,1,C1: Active Pipeline,,77.987335,77.98733520507812,,
c3b246e4a50bc626,6befd145c261113d,6b7e1f5b521de19b,6f9a9c5f2856c8b3,Open,37318.18321479846,101.13085648148147,3,C3: Large Open,0.206,210.84561,109.71475509078415,7687.545742248482,29630.63747254998
c3bca6813f3fa03b,1cdd086394501fee,6b7e1f5b521de19b,,Open,1.170863568534039,1.1574074074074072e-05,1,C1: Active Pipeline,,79.95023,79.95022188539858,,
c3bf994422f0e52a,4928d3c96935fb3f,6b7e1f5b521de19b,,Open,40623.28627109482,252.9419328703704,3,C3: Large Open,0.176,289.75644,36.81450633861397,7149.698383712687,33473.587887382135
c3c4d3be0153fb88,ac2a5ee6878db2c2,6b7e1f5b521de19b,d4f34f97b6d22a81,Open,2607415.025367419,66.05137731481481,3,C3: Large Open,0.354,912.6773,846.6259298140915,923024.9189800662,1684390.1063873526
c3dd554a512635fd,1cdd086394501fee,6b7e1f5b521de19b,,Open,16319.41753810596,403.8512615740741,2,C2: High-Win,0.562,63.564083,0.0,9171.51265641555,7147.90488169041
c3e48bb5b17fb6a2,9387d1da6d5967e1,6b7e1f5b521de19b,,Open,35845.270270304114,1.1574074074074072e-05,3,C3: Large Open,,132.58395,132.5839422833478,,
c3e5f4c19d2abbcb,6befd145c261113d,6b7e1f5b521de19b,6f9a9c5f2856c8b3,Open,1.170863568534039,1.1574074074074072e-05,1,C1: Active Pipeline,,109.975204,109.97519289369936,,
c425b419b17e3b08,ac2a5ee6878db2c2,6b7e1f5b521de19b,d4f34f97b6d22a81,Open,1.170863568534039,1.1574074074074072e-05,1,C1: Active Pipeline,,41.16409,41.16407762880679,,
c4279a66b51c8fb3,9387d1da6d5967e1,6b7e1f5b521de19b,d4f34f97b6d22a81,Open,5904.211328949516,1.1574074074074072e-05,3,C3: Large Open,,38.54702,38.54700838442202,,
c42950d5e0cd3666,9387d1da6d5967e1,6b7e1f5b521de19b,,Open,9648.963805727815,1.1574074074074072e-05,3,C3: Large Open,,61.94778,61.94776903505679,,
c42a043336d59970,4928d3c96935fb3f,6b7e1f5b521de19b,,Open,1.170863568534039,2.3148148148148147e-05,4,C4: Mid-Range,,121.83546,121.83543369999639,,
c4339f78651ddbbb,9387d1da6d5967e1,6b7e1f5b521de19b,,Open,1.170863568534039,316.1889351851852,1,C1: Active Pipeline,0.1,270.44662,0.0,0.1170863568534039,1.053777211680635
c4465ce6a58b39d3,9387d1da6d5967e1,6b7e1f5b521de19b,d4f34f97b6d22a81,Open,13029.255426668886,0.0,3,C3: Large Open,,60.55808,60.55807876586914,,
c44cd6a14de2ea7a,a66943a59bca7bfd,16450d61eee679f5,28c9c64e5918b06e,Open,1.170863568534039,0.0,1,C1: Active Pipeline,,50.49425,50.4942512512207,,
c45fd3ab6354ddd5,6befd145c261113d,6b7e1f5b521de19b,6f9a9c5f2856c8b3,Open,45688.18102924914,16.924108796296295,3,C3: Large Open,0.648,57.04206,40.117952055754486,29605.941306953446,16082.239722295697
c46510a168e3334d,6befd145c261113d,6b7e1f5b521de19b,6f9a9c5f2856c8b3,Open,264.11418569428724,1.1574074074074072e-05,1,C1: Active Pipeline,,24.956112,24.956100333884912,,
c46f1abd0e228145,1cdd086394501fee,6b7e1f5b521de19b,6f9a9c5f2856c8b3,Open,4854.049577612525,31.97306712962963,0,C0: High-Win,0.692,31.558758,0.0,3359.002307707867,1495.0472699046582
c47c3ece9a4433a6,6befd145c261113d,6b7e1f5b521de19b,6f9a9c5f2856c8b3,Open,70333.95149062105,0.0741898148148148,3,C3: Large Open,,73.922806,73.848615971318,,
c47d489faf084a2e,6befd145c261113d,6b7e1f5b521de19b,6f9a9c5f2856c8b3,Open,361.29574083874047,2.3148148148148147e-05,1,C1: Active Pipeline,,19.922993,19.92296955815068,,
c48690856812c4fa,6befd145c261113d,6b7e1f5b521de19b,6f9a9c5f2856c8b3,Open,267.8896201904232,2.3148148148148147e-05,1,C1: Active Pipeline,,22.75606,22.756036498458297,,
c4be66941a223964,a66943a59bca7bfd,6b7e1f5b521de19b,28c9c64e5918b06e,Open,1.170863568534039,2.3148148148148147e-05,1,C1: Active Pipeline,,57.613297,57.61327336064092,,
c4c09f5e91550214,ac2a5ee6878db2c2,6b7e1f5b521de19b,d4f34f97b6d22a81,Open,47940.7774749856,227.1028472222222,3,C3: Large Open,0.448,56.7663,0.0,21477.468308793552,26463.309166192055
c4c9ccb5c4e52ca6,ef9b14cf5a29c54a,6b7e1f5b521de19b,,Open,1.170863568534039,1.1574074074074072e-05,1,C1: Active Pipeline,,331.89926,331.8992499005353,,
c4d464a51ea1ef6c,9387d1da6d5967e1,6b7e1f5b521de19b,,Open,2.4198904513070483,436.7349421296296,1,C1: Active Pipeline,0.144,334.0075,0.0,0.34846422498821494,2.071426226318833
c4d9462e873aa60f,6befd145c261113d,6b7e1f5b521de19b,6f9a9c5f2856c8b3,Open,148265.090952088,3.472222222222222e-05,3,C3: Large Open,,61.318012,61.317977515326604,,
c4f3e2f51eb66185,ac2a5ee6878db2c2,6b7e1f5b521de19b,6f9a9c5f2856c8b3,Open,1060.8669669680155,1.1574074074074072e-05,1,C1: Active Pipeline,,22.618788,22.618776191428857,,
c4f580f951c6f3d5,9387d1da6d5967e1,6b7e1f5b521de19b,d4f34f97b6d22a81,Open,26100.43344296827,30.021574074074078,3,C3: Large Open,0.384,111.72619,81.70461458559389,10022.566442099816,16077.867000868455
c50302ddc02deab6,4928d3c96935fb3f,6b7e1f5b521de19b,,Open,2.4198904513070483,0.0,1,C1: Active Pipeline,,158.33394,158.3339385986328,,
c506425984f58e0b,1cdd086394501fee,6b7e1f5b521de19b,6f9a9c5f2856c8b3,Open,1.170863568534039,1.1574074074074072e-05,1,C1: Active Pipeline,,38.28166,38.28164659853335,,
c5086ee109136176,6befd145c261113d,6b7e1f5b521de19b,,Open,5569549.845960992,0.0,3,C3: Large Open,,1139.9978,1139.997802734375,,
c5143c24dff99849,6befd145c261113d,6b7e1f5b521de19b,6f9a9c5f2856c8b3,Open,1.170863568534039,1.1574074074074072e-05,1,C1: Active Pipeline,,49.587154,49.58714281435366,,
c515f3122495be3a,1cdd086394501fee,674ec33189ed753c,,Open,379080.7034122335,1644.9283333333333,3,C3: Large Open,0.246,772.17,0.0,93253.85303940944,285826.85037282406
c5366b4e54d2c913,a66943a59bca7bfd,e366e0e543d0c5cd,d4f34f97b6d22a81,Open,1.170863568534039,1.1574074074074072e-05,1,C1: Active Pipeline,,42.610756,42.610744346336084,,
c53c8bacd939553d,a66943a59bca7bfd,7b7c16a1b24ec3b8,28c9c64e5918b06e,Open,1.170863568534039,1.1574074074074072e-05,1,C1: Active Pipeline,,60.428017,60.428005088523584,,
c544b2f778ecf171,1cdd086394501fee,674ec33189ed753c,,Open,524417.177630072,0.0001504629629629,3,C3: Large Open,,249.18204,249.18188689055268,,
c547a7b32d3d8e83,6befd145c261113d,6b7e1f5b521de19b,d4f34f97b6d22a81,Open,1.170863568534039,1.1574074074074072e-05,1,C1: Active Pipeline,,51.329033,51.329021323875146,,
c553de20461aca07,6befd145c261113d,6b7e1f5b521de19b,6f9a9c5f2856c8b3,Open,98.49392076768088,3.472222222222222e-05,1,C1: Active Pipeline,,57.0187,57.01866492377387,,
c55c47495dc5f625,a66943a59bca7bfd,95a23e7fbcc5841e,28c9c64e5918b06e,Open,1.170863568534039,1.1574074074074072e-05,1,C1: Active Pipeline,,55.36758,55.36756883974429,,
c5615c642d8b16b1,1cdd086394501fee,fc3655a0b667e091,,Open,1287.0828528119127,119.89184027777776,1,C1: Active Pipeline,0.134,222.28879,102.39694756401911,172.46910227679632,1114.6137505351164
c561ef8eb8d6e5cb,9387d1da6d5967e1,6b7e1f5b521de19b,d4f34f97b6d22a81,Open,1533.613143677902,0.0,1,C1: Active Pipeline,,83.22489,83.22489166259766,,
c575fdee82fbf6de,1cdd086394501fee,6b7e1f5b521de19b,,Open,80872.05936290111,0.0,3,C3: Large Open,,306.8561,306.8561096191406,,
c58a239d9b4c9acf,6befd145c261113d,6b7e1f5b521de19b,d4f34f97b6d22a81,Open,1028.3146841294915,3.472222222222222e-05,0,C0: High-Win,,22.940716,22.9406810675727,,
c58f67b737fb25f7,ac2a5ee6878db2c2,6b7e1f5b521de19b,d4f34f97b6d22a81,Open,1.170863568534039,0.0,1,C1: Active Pipeline,,71.34179,71.34178924560547,,
c59a010fb7e7700f,ac2a5ee6878db2c2,255414ab73601d72,28c9c64e5918b06e,Open,4854.049577612525,0.015162037037037,3,C3: Large Open,0.716,60.941,60.92583985505281,3475.499497570568,1378.5500800419572
c5a58efa0175daf7,6befd145c261113d,6b7e1f5b521de19b,6f9a9c5f2856c8b3,Open,98.49392076768088,0.0051041666666666,1,C1: Active Pipeline,0.47,68.41021,68.40510548909505,46.29214276081001,52.20177800687087
c5b18ef26be72e5b,a66943a59bca7bfd,e366e0e543d0c5cd,d4f34f97b6d22a81,Open,33674.2230102896,5.1194444444444445,2,C2: High-Win,0.914,19.956099,14.836654112074111,30778.239831404695,2895.983178884904
c5b96181308de3a5,a66943a59bca7bfd,bb25152d8e0211c1,28c9c64e5918b06e,Open,199000.5051171355,1089.6836689814816,3,C3: Large Open,0.388,101.99504,0.0,77212.19598544858,121788.30913168692
c5ecb1818511e65e,4928d3c96935fb3f,6b7e1f5b521de19b,6f9a9c5f2856c8b3,Open,5640.478316443186,174.15056712962962,4,C4: Mid-Range,,66.337296,0.0,,
c606f91f64a04486,1cdd086394501fee,6b7e1f5b521de19b,,Open,1.170863568534039,1.1574074074074072e-05,1,C1: Active Pipeline,,95.00249,95.00247560854311,,
c60987985f6f5e36,ac2a5ee6878db2c2,6b7e1f5b521de19b,6f9a9c5f2856c8b3,Open,5738686.826296861,154.08443287037036,3,C3: Large Open,0.5,1110.9364,956.8519684968171,2869343.4131484306,2869343.4131484306
c61628d21c724a00,1cdd086394501fee,bd661df59343798b,,Open,13320.16120667974,0.0,3,C3: Large Open,,32.291904,32.29190444946289,,
c62534f60edc6677,a66943a59bca7bfd,ac6153076817c20f,28c9c64e5918b06e,Open,237316.8303598452,0.0002893518518518,3,C3: Large Open,0.482,96.95111,96.9508214879919,114386.71223344537,122930.11812639982
c6361166741ce738,ac2a5ee6878db2c2,6b7e1f5b521de19b,6f9a9c5f2856c8b3,Open,130935.58300754396,287.0671180555556,3,C3: Large Open,0.334,487.65332,200.58620225694438,43732.48472451969,87203.09828302427
c63f16d76e9127de,6befd145c261113d,6b7e1f5b521de19b,6f9a9c5f2856c8b3,Open,1.170863568534039,0.0,1,C1: Active Pipeline,,58.955853,58.95585250854492,,
c63f65b8a149afef,9387d1da6d5967e1,6b7e1f5b521de19b,,Open,33891.25144510754,1.1574074074074072e-05,3,C3: Large Open,,127.735565,127.7355536114728,,
c6426ad93b666d3b,9387d1da6d5967e1,6b7e1f5b521de19b,,Open,2.4198904513070483,3.472222222222222e-05,1,C1: Active Pipeline,,313.00635,313.0063129340278,,
c6434da21add7d3a,9387d1da6d5967e1,6b7e1f5b521de19b,,Open,21273.147061594493,195.7580324074074,3,C3: Large Open,,277.13376,81.37572613751448,,
c6493760b99f7da8,6befd145c261113d,6b7e1f5b521de19b,,Open,1064506.8667509402,1.1574074074074072e-05,3,C3: Large Open,0.338,858.2678,858.267810691551,359803.3209618178,704703.5457891223
c64c8ce78b5bb30c,4928d3c96935fb3f,6b7e1f5b521de19b,,Open,5083.8994500666495,293.90167824074075,4,C4: Mid-Range,,71.902466,0.0,,
c658cb088fe4d976,1cdd086394501fee,6ab36d9b02cbcf6b,,Open,524417.177630072,1.1574074074074072e-05,3,C3: Large Open,,480.85086,480.8508490216291,,
c6728a3cf1f267d5,6befd145c261113d,6b7e1f5b521de19b,6f9a9c5f2856c8b3,Open,38249.3506508764,82.89630787037036,3,C3: Large Open,0.37,107.04729,24.150979116934323,14152.259740824267,24097.09091005213
c699c45bc40ca0dc,9387d1da6d5967e1,6b7e1f5b521de19b,,Open,37820.4743961143,0.0126041666666666,3,C3: Large Open,,74.0233,74.01069600423178,,
c69ee0c0930c102a,ac2a5ee6878db2c2,6b7e1f5b521de19b,d4f34f97b6d22a81,Open,10094.494388306392,4.036099537037037,3,C3: Large Open,0.6110833333333334,67.93492,63.8988217276114,6168.577279120898,3925.9171091854932
c6b5b7034df0fa90,6befd145c261113d,6b7e1f5b521de19b,6f9a9c5f2856c8b3,Open,1077.9932931851934,6.944444444444444e-05,0,C0: High-Win,,54.28095,54.280879194471574,,
c6df9156a6e4ea96,9387d1da6d5967e1,6b7e1f5b521de19b,,Open,5083.8994500666495,1.1574074074074072e-05,3,C3: Large Open,,104.485405,104.48539339418764,,
c6e16df9403296be,6befd145c261113d,6b7e1f5b521de19b,6f9a9c5f2856c8b3,Open,331.9676552828154,2.3148148148148147e-05,1,C1: Active Pipeline,,27.790464,27.79044125309697,,
c6e6a0f6da61ce26,9387d1da6d5967e1,6b7e1f5b521de19b,,Open,21273.147061594493,1.1574074074074072e-05,2,C2: High-Win,,23.215778,23.215766776756006,,
c6ed2291828ca718,9387d1da6d5967e1,6b7e1f5b521de19b,,Open,1.170863568534039,1.1574074074074072e-05,1,C1: Active Pipeline,,65.15095,65.1509359967267,,
c6f06535759323a3,6befd145c261113d,6b7e1f5b521de19b,6f9a9c5f2856c8b3,Open,520.9083467957248,52.020810185185184,1,C1: Active Pipeline,,26.367292,0.0,,
c6f30890868e97f9,1cdd086394501fee,062b9e5a52eb6d8e,,Open,104601.22875404885,283.7754050925926,3,C3: Large Open,0.054,114.446724,0.0,5648.466352718638,98952.7624013302
c6f4cc277b25ae5c,6befd145c261113d,6b7e1f5b521de19b,6f9a9c5f2856c8b3,Open,1.170863568534039,1.1574074074074072e-05,1,C1: Active Pipeline,,48.716442,48.716430534080224,,
c6fc009225259d1c,6befd145c261113d,6b7e1f5b521de19b,6f9a9c5f2856c8b3,Open,98.49392076768088,0.0022222222222222,1,C1: Active Pipeline,,62.39745,62.39522727118598,,
c70aff09beefb0c4,9387d1da6d5967e1,6b7e1f5b521de19b,,Open,2.4198904513070483,0.0,1,C1: Active Pipeline,,318.6213,318.6213073730469,,
c70eb45984f679a1,6befd145c261113d,6b7e1f5b521de19b,6f9a9c5f2856c8b3,Open,1872.244724770325,0.0,1,C1: Active Pipeline,0.612,38.547768,38.547767639160156,1145.813771559439,726.4309532108862
c71f539ea8b6c619,9387d1da6d5967e1,6b7e1f5b521de19b,,Open,25102.753943361105,147.94633101851852,3,C3: Large Open,0.296,189.31892,41.37259293167679,7430.415167234887,17672.338776126217
c7210437ea8753c5,9387d1da6d5967e1,6b7e1f5b521de19b,,Open,26069.09305135493,66.08091435185185,3,C3: Large Open,,76.63995,10.559039261429405,,
c72811861d26c565,9387d1da6d5967e1,6b7e1f5b521de19b,,Open,368869.1381210446,116.04114583333332,3,C3: Large Open,0.164,340.2947,224.25356241861982,60494.53865185132,308374.59946919326
c7294e4429b410b7,1cdd086394501fee,6b7e1f5b521de19b,6f9a9c5f2856c8b3,Open,32922.755211626274,2.3148148148148147e-05,3,C3: Large Open,,322.65146,322.6514355920862,,
c72c4fad364c0101,6befd145c261113d,6b7e1f5b521de19b,6f9a9c5f2856c8b3,Open,331.9676552828154,2.3148148148148147e-05,1,C1: Active Pipeline,,23.757164,23.757140853316695,,
c73a759878858f35,ef9b14cf5a29c54a,6b7e1f5b521de19b,,Open,446407.1708514415,121.02363425925924,3,C3: Large Open,0.102,132.69078,11.667146380389198,45533.53142684703,400873.63942459447
c748110453718b3f,9387d1da6d5967e1,6b7e1f5b521de19b,1e1439736d3ae4c5,Open,1.170863568534039,1.1574074074074072e-05,1,C1: Active Pipeline,,87.550156,87.55014406557436,,
c75f8f00c3e58b73,9387d1da6d5967e1,6b7e1f5b521de19b,,Open,89664.46366676311,0.0,3,C3: Large Open,,113.688614,113.68861389160156,,
c76de09debad0d1b,ac2a5ee6878db2c2,6b7e1f5b521de19b,6f9a9c5f2856c8b3,Open,6339312.355787864,3.472222222222222e-05,0,C0: High-Win,,1098.4634,1098.4633441840278,,
c778fe940316e82a,1cdd086394501fee,062b9e5a52eb6d8e,,Open,7495.264905653416,1.1574074074074072e-05,3,C3: Large Open,,35.537743,35.53773104067202,,
c780d9abc605280e,1cdd086394501fee,fc3655a0b667e091,,Open,40882.78265293119,1.1574074074074072e-05,3,C3: Large Open,,148.60669,148.60667787905092,,
c785f209bb5e4925,9387d1da6d5967e1,6b7e1f5b521de19b,,Open,21273.147061594493,1.1574074074074072e-05,3,C3: Large Open,,250.75145,250.75143801088686,,
c7885f7d50f5d9f8,6befd145c261113d,6b7e1f5b521de19b,6f9a9c5f2856c8b3,Open,1.170863568534039,1.1574074074074072e-05,1,C1: Active Pipeline,,57.614037,57.61402498598452,,
c78ecef356667e48,6befd145c261113d,6b7e1f5b521de19b,6f9a9c5f2856c8b3,Open,1.170863568534039,0.0,1,C1: Active Pipeline,,48.287453,48.287452697753906,,
c7c779bd230b7cdf,6befd145c261113d,6b7e1f5b521de19b,6f9a9c5f2856c8b3,Open,455.427302732939,1.1574074074074072e-05,1,C1: Active Pipeline,0.77,23.55515,23.555137504295068,350.679023104363,104.74827962857596
c7d58cdcf84d1bb3,a66943a59bca7bfd,e366e0e543d0c5cd,28c9c64e5918b06e,Open,1.170863568534039,2.3148148148148147e-05,1,C1: Active Pipeline,,57.805756,57.80573246708623,,
c7dbfdf1e20272a8,ac2a5ee6878db2c2,6b7e1f5b521de19b,6f9a9c5f2856c8b3,Open,3247437.2860405147,102.93782407407409,3,C3: Large Open,0.41,1514.2965,1411.3586847149884,1331449.287276611,1915987.998763904
c7f0fab864a89da0,1cdd086394501fee,7b7c16a1b24ec3b8,,Open,41091.77310445576,1.1574074074074072e-05,0,C0: High-Win,,37.65848,37.65847002382632,,
c7fa02ddc03b8426,1cdd086394501fee,062b9e5a52eb6d8e,,Open,3020.346162491937,1.1574074074074072e-05,3,C3: Large Open,,46.621464,46.62145220156069,,
c7fa198f0f53638a,9387d1da6d5967e1,6b7e1f5b521de19b,,Open,36077.87700023642,0.0,0,C0: High-Win,,31.556095,31.556095123291016,,
c7fb1b79fc71e5f1,9387d1da6d5967e1,6b7e1f5b521de19b,,Open,275957.8919334273,2.3148148148148147e-05,3,C3: Large Open,,91.50409,91.5040662073206,,
c8044634358699c2,ac2a5ee6878db2c2,6b7e1f5b521de19b,6f9a9c5f2856c8b3,Open,1.170863568534039,1.1574074074074072e-05,1,C1: Active Pipeline,,63.43579,63.43577944155093,,
c811d4ce03edb90c,ac2a5ee6878db2c2,6b7e1f5b521de19b,6f9a9c5f2856c8b3,Open,1014611.5544572102,271.7815972222222,3,C3: Large Open,0.102,446.1959,174.41429511176216,103490.37855463543,911121.1759025748
c814d3fe89637a05,6befd145c261113d,6b7e1f5b521de19b,6f9a9c5f2856c8b3,Open,98.49392076768088,25.305335648148148,1,C1: Active Pipeline,,48.799946,23.49461018315068,,
c8192988a04b76c5,6befd145c261113d,6b7e1f5b521de19b,,Open,1.170863568534039,42.21918981481482,1,C1: Active Pipeline,,173.08559,130.86639673303674,,
c81cc9c0ba069416,ac2a5ee6878db2c2,6b7e1f5b521de19b,6f9a9c5f2856c8b3,Open,98.49392076768088,1.1574074074074072e-05,1,C1: Active Pipeline,,51.480343,51.48033129091616,,
c82959f575be8253,a66943a59bca7bfd,6b7e1f5b521de19b,28c9c64e5918b06e,Open,113064.6099097512,286.9247453703704,3,C3: Large Open,0.396,62.393703,0.0,44773.58552426148,68291.02438548973
c8351f4201cd8334,9387d1da6d5967e1,6b7e1f5b521de19b,,Open,2.4198904513070483,1.1574074074074072e-05,1,C1: Active Pipeline,,94.75163,94.75162111635561,,
c835cadab0318732,9387d1da6d5967e1,6b7e1f5b521de19b,,Open,1.170863568534039,0.0,1,C1: Active Pipeline,,56.79183,56.79182815551758,,
c8527e27dbc8d968,9387d1da6d5967e1,6b7e1f5b521de19b,,Open,18356.117055075065,0.0535069444444444,0,C0: High-Win,0.694,53.366966,53.31345930311415,12739.145236222093,5616.9718188529705
c861bd50d28e052d,4928d3c96935fb3f,255414ab73601d72,6f9a9c5f2856c8b3,Open,860345.2341691502,1.1574074074074072e-05,3,C3: Large Open,0.302,670.33026,670.3302496563947,259824.26071908337,600520.9734500669
c87304d308d2d34c,ac2a5ee6878db2c2,6b7e1f5b521de19b,6f9a9c5f2856c8b3,Open,220903.98917562133,835.4139351851852,3,C3: Large Open,0.136,510.11215,0.0,30042.942527884505,190861.04664773683
c87721591ae96a7a,1cdd086394501fee,6b7e1f5b521de19b,6f9a9c5f2856c8b3,Open,1.170863568534039,1.1574074074074072e-05,1,C1: Active Pipeline,,32.754547,32.75453554506655,,
c88088d509b72e87,6befd145c261113d,6b7e1f5b521de19b,6f9a9c5f2856c8b3,Open,34.049530754318994,3.472222222222222e-05,1,C1: Active Pipeline,,53.889652,53.88961752997504,,
c8832bf1f03adbeb,a66943a59bca7bfd,6d74405afdbc85ba,28c9c64e5918b06e,Open,1.170863568534039,0.0,1,C1: Active Pipeline,,50.45905,50.459049224853516,,
c8833498622054e7,9387d1da6d5967e1,6b7e1f5b521de19b,,Open,4271.355885203606,1.1574074074074072e-05,0,C0: High-Win,,129.37193,129.37192140932436,,
c891053a1dde20ea,9387d1da6d5967e1,6b7e1f5b521de19b,,Open,1.170863568534039,100.04398148148148,1,C1: Active Pipeline,0.12,367.48868,267.44469649703416,0.14050362822408466,1.0303599403099544
c8a186c6168763ca,6befd145c261113d,6b7e1f5b521de19b,,Open,1.170863568534039,878.079837962963,1,C1: Active Pipeline,0.122,112.11374,0.0,0.14284535536115275,1.028018213172886
c8a45af424782c4a,9387d1da6d5967e1,6b7e1f5b521de19b,,Open,35845.270270304114,1.1574074074074072e-05,3,C3: Large Open,,277.13376,277.1337469708478,,
c8adce26179946e2,9387d1da6d5967e1,6b7e1f5b521de19b,,Open,68142.01203259786,1.1574074074074072e-05,3,C3: Large Open,,34.024994,34.0249823224103,,
c8b021b1158759e5,ac2a5ee6878db2c2,6b7e1f5b521de19b,6f9a9c5f2856c8b3,Open,417466.6314942096,979.7800462962964,3,C3: Large Open,0.256,297.5648,0.0,106871.45766251766,310595.1738316919
c8b25b9c609d4f8c,1cdd086394501fee,6b7e1f5b521de19b,,Open,270801.9611719012,1.1574074074074072e-05,3,C3: Large Open,,218.79295,218.79294191713686,,
c8dd6b976e9c1a52,1cdd086394501fee,e43bc3ffd79e75b6,,Open,48820.0312060709,0.0020023148148148,3,C3: Large Open,,44.850746,44.84874383997034,,
c8e7f8b80f498450,a66943a59bca7bfd,cca8e68b78e095c5,28c9c64e5918b06e,Open,3988.677712440629,50.97857638888889,3,C3: Large Open,,91.275,40.29642513699002,,
c8eab94cd0124b40,a66943a59bca7bfd,75c64824a2a4e380,,Open,4133283.218289957,2.3148148148148147e-05,3,C3: Large Open,,1106.4253,1106.425269820602,,
c8f237dc5dfa1d70,6befd145c261113d,6b7e1f5b521de19b,,Open,4338.549308971583,0.0,0,C0: High-Win,,39.164196,39.1641960144043,,
c8ff23466e7cdd29,1cdd086394501fee,6b7e1f5b521de19b,,Open,147782.212188992,857.2171412037037,3,C3: Large Open,0.226,321.46255,0.0,33398.7799547122,114383.43223427981
c9045687e2a1aeef,6befd145c261113d,6b7e1f5b521de19b,6f9a9c5f2856c8b3,Open,30405.58043486053,0.1882060185185185,3,C3: Large Open,0.556,69.1652,68.97699326126664,16905.502721782457,13500.077713078073
c91fe962f246e4c0,9387d1da6d5967e1,6b7e1f5b521de19b,,Open,9648.963805727815,1.1574074074074072e-05,3,C3: Large Open,,93.669174,93.66916262026186,,
c92223cb25647e55,a66943a59bca7bfd,d1650c60f1f48b67,28c9c64e5918b06e,Open,975372.7457987468,209.10480324074075,3,C3: Large Open,,67.30954,0.0,,
c928fb5bad386976,1cdd086394501fee,6b7e1f5b521de19b,,Open,29324.531411075328,0.0433564814814814,3,C3: Large Open,0.33,77.79045,77.7470945683232,9677.095365654859,19647.43604542047
c92a4d242fdd1578,6befd145c261113d,6b7e1f5b521de19b,6f9a9c5f2856c8b3,Open,1341.2957330072938,51.14300925925926,1,C1: Active Pipeline,,69.769554,18.626544878924335,,
c9361a1d8ac524dd,1cdd086394501fee,6b7e1f5b521de19b,6f9a9c5f2856c8b3,Open,98.49392076768088,88.13443287037038,1,C1: Active Pipeline,0.412,99.83149,11.697056692617906,40.57949535628452,57.914425411396365
c93f6b1cd80ae79d,9387d1da6d5967e1,6b7e1f5b521de19b,,Open,1.170863568534039,1.1574074074074072e-05,1,C1: Active Pipeline,,105.37933,105.37932192201967,,
c951c0cc04c53883,9387d1da6d5967e1,6b7e1f5b521de19b,,Open,315.6120452626753,1.1574074074074072e-05,1,C1: Active Pipeline,,111.41666,111.41664492006655,,
c95a0bf518aed95e,1cdd086394501fee,4dcb7378104041b8,,Open,557021.7052568932,0.0,3,C3: Large Open,,309.45,309.45001220703125,,
c95ae742128ee710,9387d1da6d5967e1,6b7e1f5b521de19b,d4f34f97b6d22a81,Open,22025.10283016406,81.29225694444445,3,C3: Large Open,0.57,66.15379,0.0,12554.308613193514,9470.794216970547
c967a07a4faf510a,9387d1da6d5967e1,062b9e5a52eb6d8e,28c9c64e5918b06e,Open,10484.066083294983,0.9897222222222222,3,C3: Large Open,0.58,133.62535,132.63562872992622,6080.75832831109,4403.307754983894
c98891f087fdad25,a66943a59bca7bfd,6828ce51082c111b,28c9c64e5918b06e,Open,1.170863568534039,0.0,1,C1: Active Pipeline,,53.567547,53.56754684448242,,
c988b801a65fdd33,6befd145c261113d,6b7e1f5b521de19b,6f9a9c5f2856c8b3,Open,98.49392076768088,30.860150462962963,1,C1: Active Pipeline,0.68,48.474052,17.613901966236256,66.975866122023,31.518054645657877
c9a8b6d1403dfaf9,1cdd086394501fee,6b7e1f5b521de19b,6f9a9c5f2856c8b3,Open,85310.81114042184,2.686342592592593,3,C3: Large Open,0.43,454.17154,451.485196714048,36683.64879038139,48627.16235004045
c9b8f0ff335dff6e,6befd145c261113d,6b7e1f5b521de19b,6f9a9c5f2856c8b3,Open,5423.476709762424,3.472222222222222e-05,3,C3: Large Open,,65.400856,65.40082129584418,,
c9b8fa89330cc5f9,1cdd086394501fee,a0d28553c7be77f0,,Open,9270.864526233152,1.1574074074074072e-05,0,C0: High-Win,0.398,269.31955,269.3195379864728,3689.8040814407946,5581.060444792357
c9cbe069870d4ef4,4928d3c96935fb3f,6b7e1f5b521de19b,,Open,54895.43461839132,494.129212962963,3,C3: Large Open,,156.62791,0.0,,
c9e09eb6af2435a1,6befd145c261113d,6b7e1f5b521de19b,d4f34f97b6d22a81,Open,6091.577363923724,3.472222222222222e-05,0,C0: High-Win,,24.57761,24.57757529364692,,
c9eb3b242979bb5d,9387d1da6d5967e1,6b7e1f5b521de19b,,Open,68247.69430016697,3.989189814814815,3,C3: Large Open,0.216,315.4536,311.46442346643516,14741.501968836066,53506.19233133091
ca064374fabdcff6,ac2a5ee6878db2c2,6b7e1f5b521de19b,d4f34f97b6d22a81,Open,1.170863568534039,0.0,1,C1: Active Pipeline,,56.56117,56.5611686706543,,
ca142b2c44179071,1cdd086394501fee,6b7e1f5b521de19b,d4f34f97b6d22a81,Open,1.170863568534039,2.3148148148148147e-05,1,C1: Active Pipeline,,55.484795,55.484771468551074,,
ca18c711e96bc1d2,ac2a5ee6878db2c2,6b7e1f5b521de19b,6f9a9c5f2856c8b3,Open,33175.95572256765,2.3148148148148147e-05,0,C0: High-Win,,42.700596,42.700572707564746,,
ca396cd066bc0cd3,6befd145c261113d,6b7e1f5b521de19b,6f9a9c5f2856c8b3,Open,293637.65790705744,5.787037037037037e-05,0,C0: High-Win,,33.060024,33.05996639110424,,
ca40dcf76846294d,ef9b14cf5a29c54a,6b7e1f5b521de19b,,Open,279006.18782730825,1.1574074074074072e-05,2,C2: High-Win,,20.343115,20.3431032788312,,
ca5075089685a3d3,9387d1da6d5967e1,6b7e1f5b521de19b,,Open,65064.44409714713,0.0,3,C3: Large Open,,227.1098,227.10980224609375,,
ca62e1abfb3a6934,6befd145c261113d,6b7e1f5b521de19b,6f9a9c5f2856c8b3,Open,1306.543520671814,27.017233796296296,3,C3: Large Open,0.318,39.898575,12.881341032805267,415.48083957363684,891.062681098177
ca63800c92175487,9387d1da6d5967e1,6b7e1f5b521de19b,,Open,5186.502594949308,1.1574074074074072e-05,3,C3: Large Open,0.164,92.817604,92.81759249086733,850.5864255716866,4335.916169377621
ca6b9ce3e6562386,ac2a5ee6878db2c2,6b7e1f5b521de19b,6f9a9c5f2856c8b3,Open,1.170863568534039,0.0,1,C1: Active Pipeline,,51.3882,51.38819885253906,,
ca6d6376776aa203,9387d1da6d5967e1,6b7e1f5b521de19b,,Open,65798.13803746978,2.3148148148148147e-05,3,C3: Large Open,,69.89106,69.89103672734014,,
ca767b3c5e136044,6befd145c261113d,6b7e1f5b521de19b,6f9a9c5f2856c8b3,Open,271714.27236091055,3.472222222222222e-05,3,C3: Large Open,0.27,428.24512,428.2450824652778,73362.85353744586,198351.4188234647
ca76f7764f38d7c8,4928d3c96935fb3f,6b7e1f5b521de19b,6f9a9c5f2856c8b3,Open,255926.8606591946,47.93846064814815,3,C3: Large Open,0.376,48.433296,0.49483555546513003,96228.49960785717,159698.36105133742
ca7cf50a3142df31,6befd145c261113d,6b7e1f5b521de19b,6f9a9c5f2856c8b3,Open,31048.20261338586,122.92878472222222,3,C3: Large Open,0.48619999999999997,41.61699,0.0,15095.636110628204,15952.566502757656
ca9087795ad5fb1e,a66943a59bca7bfd,e366e0e543d0c5cd,d4f34f97b6d22a81,Open,1.170863568534039,0.0114583333333333,1,C1: Active Pipeline,,42.921318,42.90985972086589,,
ca9abfe644a94ac1,6befd145c261113d,6b7e1f5b521de19b,6f9a9c5f2856c8b3,Open,239.9674542220373,1.1574074074074072e-05,1,C1: Active Pipeline,0.538,29.326273,29.326261390403467,129.10249037145607,110.86496385058123
caa9c41287715ba3,6befd145c261113d,6b7e1f5b521de19b,,Open,870350.122287474,128.02548611111112,3,C3: Large Open,0.27,97.78883,0.0,234994.533017618,635355.589269856
cab50930aabb8c58,6befd145c261113d,6b7e1f5b521de19b,d4f34f97b6d22a81,Open,280.87906864983785,21.13087962962963,1,C1: Active Pipeline,0.628,21.243784,0.11290432117603544,176.39205511209818,104.48701353773968
cab6a411cb3bed4d,6befd145c261113d,6b7e1f5b521de19b,6f9a9c5f2856c8b3,Open,64.10035007555453,0.0446643518518518,1,C1: Active Pipeline,,43.407646,43.36298182734737,,
cab90acda7de2225,1cdd086394501fee,6b7e1f5b521de19b,6f9a9c5f2856c8b3,Open,19287.201017212104,8.41511574074074,3,C3: Large Open,0.426,343.0551,334.639999005353,8216.347633332356,11070.853383879748
cabbb0474c8a42b1,9387d1da6d5967e1,6b7e1f5b521de19b,,Open,2357482.063301993,84.76493055555555,3,C3: Large Open,,1570.4867,1485.721763780382,,
cad2df986d49735f,6befd145c261113d,6b7e1f5b521de19b,6f9a9c5f2856c8b3,Open,1.170863568534039,1.1574074074074072e-05,1,C1: Active Pipeline,,63.809032,63.809020866111474,,
cadad4b9e72478f4,6befd145c261113d,6b7e1f5b521de19b,6f9a9c5f2856c8b3,Open,98.49392076768088,25.291909722222226,1,C1: Active Pipeline,,48.799946,23.508036109076603,,
cadb5ac59aeac224,ac2a5ee6878db2c2,6b7e1f5b521de19b,6f9a9c5f2856c8b3,Open,65189.6001558036,9.25925925925926e-05,3,C3: Large Open,,51.409435,51.4093426796242,,
cadc9d7f9a6e3795,9387d1da6d5967e1,6b7e1f5b521de19b,,Open,25102.753943361105,1.1574074074074072e-05,3,C3: Large Open,,68.11858,68.11857210512514,,
cae71ce73b602f87,9387d1da6d5967e1,6b7e1f5b521de19b,,Open,123632.27375479307,0.0003935185185185,3,C3: Large Open,0.284,505.61752,505.61712967484084,35111.56574636123,88520.70800843184
caf6158517834506,ac2a5ee6878db2c2,6b7e1f5b521de19b,d4f34f97b6d22a81,Open,6564.35932651408,221.1272337962963,3,C3: Large Open,0.53,50.110634,0.0,3479.1104430524624,3085.2488834616174
cb0e7a42a5e902fb,6befd145c261113d,6b7e1f5b521de19b,6f9a9c5f2856c8b3,Open,98.49392076768088,1.1574074074074072e-05,1,C1: Active Pipeline,,65.1772,65.17718874330873,,
cb0e96763d3080e1,6befd145c261113d,6b7e1f5b521de19b,6f9a9c5f2856c8b3,Open,1.170863568534039,0.0,4,C4: Mid-Range,,100.03916,100.0391616821289,,
cb114a4c16a9fafd,ac2a5ee6878db2c2,6b7e1f5b521de19b,d4f34f97b6d22a81,Open,7683.65937932051,1.1878356481481482,0,C0: High-Win,0.672,71.45932,70.27148442021122,5163.419102903383,2520.240276417127
cb2b95b8a91667ce,ef9b14cf5a29c54a,6b7e1f5b521de19b,,Open,12161.80535851691,0.0,0,C0: High-Win,,197.7133,197.7133026123047,,
cb2fceeb16e88ef6,1cdd086394501fee,6b7e1f5b521de19b,,Open,54608.54408792734,1.1574074074074072e-05,0,C0: High-Win,,36.48825,36.4882391583478,,
cb4242013c17ba82,6befd145c261113d,6b7e1f5b521de19b,6f9a9c5f2856c8b3,Open,485893.0223526556,1535.714525462963,3,C3: Large Open,0.32,193.48401,0.0,155485.7671528498,330407.2551998058
cb6053767a7d2a14,6befd145c261113d,255414ab73601d72,28c9c64e5918b06e,Open,354.19658060731194,2.3148148148148147e-05,1,C1: Active Pipeline,,21.019783,21.019759871871383,,
cb64706c6766830c,ac2a5ee6878db2c2,6b7e1f5b521de19b,d4f34f97b6d22a81,Open,1831.3315201273049,0.0029861111111111,1,C1: Active Pipeline,,29.679178,29.67619212680393,,
cb6e9eeaa531204d,ac2a5ee6878db2c2,6b7e1f5b521de19b,d4f34f97b6d22a81,Open,1.170863568534039,1.1574074074074072e-05,1,C1: Active Pipeline,,55.829247,55.82923494692202,,
cb787645d170bc45,6befd145c261113d,6b7e1f5b521de19b,6f9a9c5f2856c8b3,Open,740947.2497819713,1.1574074074074072e-05,0,C0: High-Win,,378.66583,378.6658209454572,,
cb78c587d947bf78,1cdd086394501fee,6b7e1f5b521de19b,,Open,270801.9611719012,0.000162037037037,3,C3: Large Open,0.496,119.68023,119.68006714997468,134317.772741263,136484.1884306382
cb9650084254c8d8,6befd145c261113d,6b7e1f5b521de19b,,Open,8607.258751608544,0.0134606481481481,3,C3: Large Open,,33.640354,33.626893508345994,,
cb99daf8fd362049,1cdd086394501fee,ca98f50aee8e1814,,Open,2940320.756356726,1.1574074074074072e-05,3,C3: Large Open,,822.41724,822.417224754051,,
cb9cb7ccb6cbf11b,a66943a59bca7bfd,bb25152d8e0211c1,28c9c64e5918b06e,Open,489854.3756367309,10.870451388888888,3,C3: Large Open,0.212,175.81296,164.942506374783,103849.12763498696,386005.248001744
cba798f82e2a0d7b,6befd145c261113d,6b7e1f5b521de19b,6f9a9c5f2856c8b3,Open,75179.45578565139,392.04939814814816,3,C3: Large Open,0.054,286.90375,0.0,4059.690612425175,71119.7651732262
cbad46a7d8cae1e9,4928d3c96935fb3f,6b7e1f5b521de19b,,Open,14038.740800698542,0.0031712962962962,3,C3: Large Open,0.444,99.67253,99.66935983163339,6233.200915510153,7805.53988518839
cbaf1e1245977605,9387d1da6d5967e1,6b7e1f5b521de19b,,Open,65064.44409714713,0.0,0,C0: High-Win,,73.65291,73.65290832519531,,
cbb1ffab6e8494dd,6befd145c261113d,6b7e1f5b521de19b,6f9a9c5f2856c8b3,Open,629.9599660161665,37.88620370370371,1,C1: Active Pipeline,0.548,65.61332,27.72711569326895,345.2180613768593,284.7419046393072
cbd43be6270c6754,6befd145c261113d,6b7e1f5b521de19b,6f9a9c5f2856c8b3,Open,443.6556984904009,0.001574074074074,1,C1: Active Pipeline,0.744,26.291561,26.28998705263491,330.0798396768582,113.57585881354262
cbd839fc68f37d10,4928d3c96935fb3f,6b7e1f5b521de19b,,Open,1893.7888334569147,315.123287037037,2,C2: High-Win,,74.94759,0.0,,
cbf709d036fcc61e,6befd145c261113d,6b7e1f5b521de19b,6f9a9c5f2856c8b3,Open,142469.60630825118,0.0,0,C0: High-Win,0.908,26.797737,26.79773712158203,129362.40252789207,13107.203780359105
cc01e12bdf23e9d7,6befd145c261113d,6b7e1f5b521de19b,6f9a9c5f2856c8b3,Open,98.49392076768088,2.3148148148148147e-05,1,C1: Active Pipeline,,69.764534,69.76451084843389,,
cc1270f93e5482c7,ac2a5ee6878db2c2,6b7e1f5b521de19b,d4f34f97b6d22a81,Open,6091.577363923724,1.1574074074074072e-05,2,C2: High-Win,,29.11502,29.115009177879053,,
cc13c1470994e742,6befd145c261113d,6b7e1f5b521de19b,6f9a9c5f2856c8b3,Open,412.7635997837326,2.3148148148148147e-05,1,C1: Active Pipeline,,25.744492,25.74446842900029,,
cc18f876996aaf86,6befd145c261113d,6b7e1f5b521de19b,6f9a9c5f2856c8b3,Open,3875.214455494816,28.22173611111111,0,C0: High-Win,0.614,56.0438,27.822064242892797,2379.381675673817,1495.832779820999
cc1e1c78ab7b0667,4928d3c96935fb3f,6b7e1f5b521de19b,6f9a9c5f2856c8b3,Open,599859.915784524,62.99526620370371,3,C3: Large Open,0.474,359.47632,296.4810521556713,284333.6000818644,315526.31570265966
cc21a6485955e037,9387d1da6d5967e1,6b7e1f5b521de19b,d4f34f97b6d22a81,Open,67053.75271347474,675.6708796296297,3,C3: Large Open,0.654,124.52824,0.0,43853.154274612476,23200.598438862256
cc49a973b664daeb,4928d3c96935fb3f,6b7e1f5b521de19b,,Open,54608.54408792734,0.0151967592592592,3,C3: Large Open,0.39,104.311615,104.29641823097512,21297.332194291663,33311.21189363568
cc984060d89530a7,ac2a5ee6878db2c2,6b7e1f5b521de19b,6f9a9c5f2856c8b3,Open,398997.2100101989,2.3148148148148147e-05,3,C3: Large Open,,81.068634,81.06861088505498,,
cc9e503cf6793226,1cdd086394501fee,6b7e1f5b521de19b,,Open,89664.46366676311,31.219780092592597,3,C3: Large Open,0.438,320.93658,289.71680438006365,39273.03508604224,50391.42858072087
ccb178e64f718b85,6befd145c261113d,6b7e1f5b521de19b,6f9a9c5f2856c8b3,Open,32.484953280249805,0.0001041666666666,1,C1: Active Pipeline,,43.533478,43.53337361653646,,
ccc7bac5d94afb52,ac2a5ee6878db2c2,6b7e1f5b521de19b,d4f34f97b6d22a81,Open,1.170863568534039,1.1574074074074072e-05,1,C1: Active Pipeline,,53.135277,53.13526522035952,,
ccda326bcf4fc915,a66943a59bca7bfd,75c64824a2a4e380,d4f34f97b6d22a81,Open,266990.700416723,0.0651273148148148,3,C3: Large Open,,124.04571,123.9805803878219,,
ccda6a6ecd3d5277,6befd145c261113d,6b7e1f5b521de19b,6f9a9c5f2856c8b3,Open,3734087.976123444,419.9171064814815,3,C3: Large Open,0.146,132.13937,0.0,545176.8445140228,3188911.1316094208
cce1f2f0ddbe5c5d,6befd145c261113d,6b7e1f5b521de19b,6f9a9c5f2856c8b3,Open,98.49392076768088,1.1574074074074072e-05,1,C1: Active Pipeline,0.578,50.755722,50.755710471824365,56.92948620371954,41.564434563961335
cce1faa7771a3186,6befd145c261113d,6b7e1f5b521de19b,,Open,1.170863568534039,1.1574074074074072e-05,1,C1: Active Pipeline,0.258,356.48315,356.48314272280095,0.30208280068178206,0.8687807678522569
cce33717d8b9cffa,6befd145c261113d,6b7e1f5b521de19b,6f9a9c5f2856c8b3,Open,98.49392076768088,20.98009259259259,1,C1: Active Pipeline,0.574,49.663433,28.68334048235858,56.53551052064882,41.958410247032056
ccf2615493b3e643,6befd145c261113d,6b7e1f5b521de19b,6f9a9c5f2856c8b3,Open,64.10035007555453,8.101851851851852e-05,0,C0: High-Win,,37.660122,37.66004089920609,,
cd1639416fcf24d2,ac2a5ee6878db2c2,6b7e1f5b521de19b,6f9a9c5f2856c8b3,Open,338.4791605241916,20.900810185185183,1,C1: Active Pipeline,,38.871864,17.971054133662474,,
cd2142bcbb576257,6befd145c261113d,6b7e1f5b521de19b,6f9a9c5f2856c8b3,Open,1.170863568534039,1.1574074074074072e-05,1,C1: Active Pipeline,,54.812992,54.81298052187319,,
cd257dafba44f2c5,9387d1da6d5967e1,6b7e1f5b521de19b,,Open,35845.270270304114,0.0,3,C3: Large Open,,124.567795,124.56779479980469,,
cd365079a534b9b3,9387d1da6d5967e1,6b7e1f5b521de19b,2095e0b55fdf3180,Open,278787.4963550995,434.1262962962963,3,C3: Large Open,0.286,374.35846,0.0,79733.22395755845,199054.27239754103
cd39920180ed707e,a66943a59bca7bfd,75c64824a2a4e380,28c9c64e5918b06e,Open,1.170863568534039,1.1574074074074072e-05,1,C1: Active Pipeline,,62.527847,62.52783571596499,,
cd3cfe325f8da9a8,ac2a5ee6878db2c2,6b7e1f5b521de19b,d4f34f97b6d22a81,Open,20811.92873517088,1.1574074074074072e-05,0,C0: High-Win,0.812,67.64123,67.64121614809389,16899.286132958758,3912.6426022121245
cd45e82302fef70f,ef9b14cf5a29c54a,6b7e1f5b521de19b,,Open,16255.489958198485,1.1574074074074072e-05,0,C0: High-Win,,208.90186,208.90184389467592,,
cd48942ce682fb20,9387d1da6d5967e1,6b7e1f5b521de19b,,Open,80872.05936290111,174.7754050925926,3,C3: Large Open,0.24,70.1715,0.0,19409.294247096266,61462.76511580485
cd6ca6bcef35d69a,6befd145c261113d,6b7e1f5b521de19b,,Open,1.170863568534039,1.1574074074074072e-05,1,C1: Active Pipeline,,401.65195,401.6519354474103,,
cd6e1bf076dcc6bc,9387d1da6d5967e1,6b7e1f5b521de19b,d4f34f97b6d22a81,Open,674.0391154906182,0.0017013888888888,1,C1: Active Pipeline,,33.85947,33.85776897854275,,
cd85da4e5d8c3d55,9387d1da6d5967e1,6b7e1f5b521de19b,,Open,186555.16774733728,0.0,3,C3: Large Open,,51.379623,51.37962341308594,,
cd8e6e3ecdf058b0,6befd145c261113d,6b7e1f5b521de19b,6f9a9c5f2856c8b3,Open,264.11418569428724,1.1574074074074072e-05,1,C1: Active Pipeline,,22.75468,22.75466905947085,,
cd9e6c0ccb33236f,9387d1da6d5967e1,6b7e1f5b521de19b,d4f34f97b6d22a81,Open,124077.19866694364,32.09178240740741,3,C3: Large Open,0.4563333333333333,81.84905,49.75727002179181,56620.56165834861,67456.63700859503
cdbab5589f8b6ace,ac2a5ee6878db2c2,6b7e1f5b521de19b,6f9a9c5f2856c8b3,Open,299.52746386053104,1.1574074074074072e-05,1,C1: Active Pipeline,0.774,22.948862,22.94885050173159,231.83425702805104,67.69320683248002
cdbbba6c0219ddda,1cdd086394501fee,6b7e1f5b521de19b,,Open,524417.177630072,1.1574074074074072e-05,3,C3: Large Open,,493.96872,493.9687079083478,,
cdd618cff8304e84,a66943a59bca7bfd,ac07a4f1ad9a4f67,,Open,509198.7501851264,491.1240162037037,3,C3: Large Open,0.21,91.21078,0.0,106931.73753887654,402267.01264624984
cdfc69ae8c06ac6c,ac2a5ee6878db2c2,6b7e1f5b521de19b,6f9a9c5f2856c8b3,Open,1060.8669669680155,2.3148148148148147e-05,1,C1: Active Pipeline,,27.337881,27.337857940108687,,
ce22ecac3d2f7b9e,ac2a5ee6878db2c2,6b7e1f5b521de19b,d4f34f97b6d22a81,Open,1.170863568534039,1.1574074074074072e-05,1,C1: Active Pipeline,,61.44445,61.444438804343896,,
ce27536dece76597,1cdd086394501fee,6b7e1f5b521de19b,d4f34f97b6d22a81,Open,1.170863568534039,0.0069097222222222,1,C1: Active Pipeline,,58.60429,58.5973802863227,,
ce28ab6308d257a8,9387d1da6d5967e1,6b7e1f5b521de19b,,Open,9648.963805727815,0.0,3,C3: Large Open,,100.01154,100.01154327392578,,
ce2d2b8f57e2efd0,6befd145c261113d,6b7e1f5b521de19b,6f9a9c5f2856c8b3,Open,1.170863568534039,2.3148148148148147e-05,1,C1: Active Pipeline,,32.776188,32.77616474858037,,
ce398063c210df82,9387d1da6d5967e1,6b7e1f5b521de19b,d4f34f97b6d22a81,Open,33161.7052344102,6.807037037037037,0,C0: High-Win,0.802,20.686123,13.879085857250072,26595.68759799698,6566.017636413218
ce48132c8db4545b,ac2a5ee6878db2c2,6b7e1f5b521de19b,6f9a9c5f2856c8b3,Open,441521.51984061097,151.07357638888888,3,C3: Large Open,0.382,261.84628,110.7727065700955,168661.2205791134,272860.29926149757
ce4c3bd879af9d3c,6befd145c261113d,6b7e1f5b521de19b,6f9a9c5f2856c8b3,Open,36395.42591498517,5.787037037037037e-05,3,C3: Large Open,,25.85594,25.855881994741935,,
ce4fd94a955f497c,6befd145c261113d,6b7e1f5b521de19b,6f9a9c5f2856c8b3,Open,21560.78067091673,0.0022222222222222,3,C3: Large Open,0.478,86.83053,86.82830603705513,10306.053160698197,11254.727510218534
ce51093c6344f86f,9387d1da6d5967e1,6b7e1f5b521de19b,,Open,1516.994814448473,1.1574074074074072e-05,0,C0: High-Win,,46.192867,46.19285570497866,,
ce60053721dd5d93,4928d3c96935fb3f,6b7e1f5b521de19b,,Open,2472.949006922998,2.3148148148148147e-05,3,C3: Large Open,,22.857176,22.85715267887822,,
ce7637092246c92f,6befd145c261113d,6b7e1f5b521de19b,6f9a9c5f2856c8b3,Open,98.49392076768088,29.883773148148148,1,C1: Active Pipeline,0.712,47.341694,17.45792073002568,70.12767158658878,28.366249181092094
ce8b47ee680c954f,ac2a5ee6878db2c2,062b9e5a52eb6d8e,28c9c64e5918b06e,Open,111282.64735383428,3.3340277777777776,3,C3: Large Open,0.144,285.538,282.2039666069878,16024.701218952136,95257.94613488215
cea91e8853ffbf12,6befd145c261113d,6b7e1f5b521de19b,6f9a9c5f2856c8b3,Open,1.170863568534039,1.1574074074074072e-05,1,C1: Active Pipeline,,63.08705,63.08703981752749,,
cebb7f34a8900afd,6befd145c261113d,6b7e1f5b521de19b,d4f34f97b6d22a81,Open,634.3345668274252,0.0001041666666666,1,C1: Active Pipeline,,25.883492,25.883387349446615,,
cec1841b0d892f79,6befd145c261113d,6b7e1f5b521de19b,6f9a9c5f2856c8b3,Open,5658.7759425677,2.3148148148148147e-05,3,C3: Large Open,,36.426018,36.425994613082324,,
ceca29ec2f37746d,ac2a5ee6878db2c2,6b7e1f5b521de19b,6f9a9c5f2856c8b3,Open,154001.16904064678,442.47819444444445,3,C3: Large Open,0.122,496.11777,53.63957288953992,18788.14262295891,135213.02641768788
cecaca291b19b128,ac2a5ee6878db2c2,6b7e1f5b521de19b,6f9a9c5f2856c8b3,Open,1060.8669669680155,1.1574074074074072e-05,1,C1: Active Pipeline,,27.337881,27.337869514182763,,
ced29e1cab619e02,1cdd086394501fee,6b7e1f5b521de19b,6f9a9c5f2856c8b3,Open,300086.9760165169,0.014224537037037,3,C3: Large Open,,52.12662,52.11239670930085,,
cee8b8702a6f4a86,6befd145c261113d,6b7e1f5b521de19b,6f9a9c5f2856c8b3,Open,34111.44067538681,5.787037037037037e-05,3,C3: Large Open,,29.663742,29.663684195059318,,
ceeb344c8f38fa64,ac2a5ee6878db2c2,6b7e1f5b521de19b,d4f34f97b6d22a81,Open,1.170863568534039,1.1574074074074072e-05,1,C1: Active Pipeline,,57.8148,57.8147886883771,,
ceef29258f39a1c0,9387d1da6d5967e1,6b7e1f5b521de19b,,Open,85310.81114042184,40.84797453703704,3,C3: Large Open,0.216,461.96164,421.11366486725984,18427.135206331117,66883.67593409072
cef150b278c25f2c,1cdd086394501fee,bd661df59343798b,,Open,9648.963805727815,1.1574074074074072e-05,3,C3: Large Open,,117.753876,117.7538641583478,,
cef6f486f3122f65,6befd145c261113d,6b7e1f5b521de19b,6f9a9c5f2856c8b3,Open,26587.561100418254,2.3148148148148147e-05,3,C3: Large Open,,98.40234,98.40232060185186,,
cf12480280c62464,9387d1da6d5967e1,6b7e1f5b521de19b,6f9a9c5f2856c8b3,Open,9953.27988636463,6.944444444444444e-05,3,C3: Large Open,,33.271156,33.271086866590714,,
cf16ced71ef828a0,6befd145c261113d,6b7e1f5b521de19b,6f9a9c5f2856c8b3,Open,1.170863568534039,1.1574074074074072e-05,1,C1: Active Pipeline,,41.6431,41.64308916445132,,
cf17579e4f0783c0,6befd145c261113d,6b7e1f5b521de19b,6f9a9c5f2856c8b3,Open,356658.8588159797,489.0305902777778,3,C3: Large Open,0.15,90.123,0.0,53498.82882239695,303160.0299935827
cf3c7a5ba2b884c3,1cdd086394501fee,6b7e1f5b521de19b,6f9a9c5f2856c8b3,Open,98.49392076768088,0.000324074074074,1,C1: Active Pipeline,,54.976696,54.976371940330225,,
cf44e7569ff47edd,6befd145c261113d,6b7e1f5b521de19b,,Open,13121.811050396169,0.0,3,C3: Large Open,,30.469868,30.469867706298828,,
cf582faa6e1dae3e,1cdd086394501fee,6b7e1f5b521de19b,6f9a9c5f2856c8b3,Open,110510.57900984008,1.1574074074074072e-05,3,C3: Large Open,,425.6811,425.6810797345197,,
cf6b13a22eb98087,9387d1da6d5967e1,6b7e1f5b521de19b,d4f34f97b6d22a81,Open,47672.130776183,61.13767361111111,3,C3: Large Open,0.292,100.764854,39.62718082004123,13920.262186645436,33751.86858953757
cf6b63a085908627,6befd145c261113d,6b7e1f5b521de19b,6f9a9c5f2856c8b3,Open,33410.72804667852,3.29556712962963,3,C3: Large Open,0.334,131.9525,128.6569322600188,11159.183167590627,22251.544879087895
cf6cc803bb9c8f29,ac2a5ee6878db2c2,cca8e68b78e095c5,28c9c64e5918b06e,Open,149447.51333373057,543.6883449074074,3,C3: Large Open,0.676,132.83131,0.0,101026.51901360188,48420.9943201287
cf78a661d8ea08b1,6befd145c261113d,6b7e1f5b521de19b,6f9a9c5f2856c8b3,Open,223.08698509528145,2.3148148148148147e-05,1,C1: Active Pipeline,,27.749058,27.749034621627242,,
cf9808bf6b5f7be3,6befd145c261113d,6b7e1f5b521de19b,6f9a9c5f2856c8b3,Open,98.49392076768088,24.14380787037037,1,C1: Active Pipeline,0.688,48.515804,24.371996420401114,67.76381748816443,30.730103279516438
cf990a47341996a9,1cdd086394501fee,cca8e68b78e095c5,,Open,1.170863568534039,3.472222222222222e-05,1,C1: Active Pipeline,,101.890915,101.89088019476996,,
cf9d575b9b4db429,9387d1da6d5967e1,6b7e1f5b521de19b,6f9a9c5f2856c8b3,Open,10564.501135650771,0.2587268518518518,0,C0: High-Win,0.666,43.7065,43.447774155228224,7035.957756343414,3528.543379307357
cfa0b369c791139b,9387d1da6d5967e1,6b7e1f5b521de19b,,Open,263999.29512211593,3.472222222222222e-05,3,C3: Large Open,,234.58669,234.58665045844185,,
cfb0a29b805e1543,ac2a5ee6878db2c2,6b7e1f5b521de19b,d4f34f97b6d22a81,Open,1.170863568534039,1.1574074074074072e-05,1,C1: Active Pipeline,,54.10822,54.10820757265444,,
cfb8fb4472879c1c,6befd145c261113d,6b7e1f5b521de19b,d4f34f97b6d22a81,Open,7429.024710037881,0.0061226851851851,0,C0: High-Win,,30.104145,30.098022364863642,,
cfbcab5fdf9a0d79,6befd145c261113d,6b7e1f5b521de19b,6f9a9c5f2856c8b3,Open,1.170863568534039,0.7803125,1,C1: Active Pipeline,,105.79844,105.01812652587891,,
cfbcc9557055d1d7,1cdd086394501fee,6b7e1f5b521de19b,6f9a9c5f2856c8b3,Open,1.170863568534039,1.1574074074074072e-05,1,C1: Active Pipeline,,65.60988,65.60986696596498,,
cfc0a58d753a2cf5,4928d3c96935fb3f,6b7e1f5b521de19b,6f9a9c5f2856c8b3,Open,796493.7010915865,114.90974537037036,3,C3: Large Open,0.264,362.1826,247.27284129955152,210274.33708817884,586219.3640034077
cfc838820a473ed6,6befd145c261113d,6b7e1f5b521de19b,,Open,32971.184487757266,1.1574074074074072e-05,3,C3: Large Open,,45.026928,45.026916373923974,,
cfd9fe3efdb5caf0,4928d3c96935fb3f,6b7e1f5b521de19b,6f9a9c5f2856c8b3,Open,87295.2649710134,136.79100694444443,4,C4: Mid-Range,,133.80013,0.0,,
cfe1b24efe5e9625,6befd145c261113d,6b7e1f5b521de19b,6f9a9c5f2856c8b3,Open,12998.865303855764,490.07560185185184,3,C3: Large Open,0.24,39.339123,0.0,3119.727672925383,9879.137630930381
cffc537e9a252041,9387d1da6d5967e1,6b7e1f5b521de19b,,Open,2.4198904513070483,62.80059027777778,1,C1: Active Pipeline,0.182,97.56718,34.76658654106988,0.44042006213788276,1.9794703891691656
d012e49af8226c3e,6befd145c261113d,6b7e1f5b521de19b,6f9a9c5f2856c8b3,Open,98.49392076768088,1.1574074074074072e-05,1,C1: Active Pipeline,,88.73677,88.73675905580873,,
d026f96648cb3e6a,ef9b14cf5a29c54a,6b7e1f5b521de19b,,Open,35845.270270304114,1.1574074074074072e-05,3,C3: Large Open,,173.606,173.6059912335431,,
d0370733c4de347f,6befd145c261113d,6b7e1f5b521de19b,6f9a9c5f2856c8b3,Open,1.170863568534039,1.1574074074074072e-05,1,C1: Active Pipeline,,57.614037,57.61402498598452,,
d045c78611b664b4,9387d1da6d5967e1,6b7e1f5b521de19b,,Open,2.4198904513070483,410.21314814814815,1,C1: Active Pipeline,,95.292404,0.0,,
d0648a5440d8d4fd,9387d1da6d5967e1,6b7e1f5b521de19b,,Open,9648.963805727815,184.66996527777775,3,C3: Large Open,,265.7635,81.0935234917535,,
d064b53a852042fe,4928d3c96935fb3f,6b7e1f5b521de19b,,Open,89664.46366676311,0.0,3,C3: Large Open,,47.272125,47.272125244140625,,
d06547dcd949bb20,9387d1da6d5967e1,6b7e1f5b521de19b,d4f34f97b6d22a81,Open,133909.93513617528,664.7931365740741,4,C4: Mid-Range,,821.9256,157.13246157045717,,
d0679c8965d5aef0,1cdd086394501fee,6b7e1f5b521de19b,6f9a9c5f2856c8b3,Open,382.1577334421973,2.3148148148148147e-05,1,C1: Active Pipeline,,21.401236,21.401212432296187,,
d067b1c1a40c3e9e,9387d1da6d5967e1,6b7e1f5b521de19b,,Open,20485.706559264447,0.0131712962962962,3,C3: Large Open,0.562,318.45697,318.44379891854743,11512.96708630662,8972.739472957826
d0686adc699e2193,1cdd086394501fee,fc3655a0b667e091,,Open,303285.95849559025,0.0,3,C3: Large Open,,274.06287,274.0628662109375,,
d06a37bc041375a3,9387d1da6d5967e1,6b7e1f5b521de19b,,Open,26632.282638880053,1.1574074074074072e-05,2,C2: High-Win,,20.59191,20.591897834495263,,
d07c109a20b9f338,6befd145c261113d,6b7e1f5b521de19b,6f9a9c5f2856c8b3,Open,1628.5851646517813,0.0001041666666666,1,C1: Active Pipeline,,39.23411,39.234007619222005,,
d0837a0b9fffe5d5,6befd145c261113d,6b7e1f5b521de19b,6f9a9c5f2856c8b3,Open,6592.943568823602,4.629629629629629e-05,0,C0: High-Win,,27.505098,27.50505204659921,,
d0896c86282d84e2,9387d1da6d5967e1,6b7e1f5b521de19b,d4f34f97b6d22a81,Open,1.170863568534039,2.3148148148148147e-05,1,C1: Active Pipeline,,94.99556,94.99553654423467,,
d08a8cac8b9d20a2,6befd145c261113d,6b7e1f5b521de19b,6f9a9c5f2856c8b3,Open,98.49392076768088,29.844166666666663,1,C1: Active Pipeline,0.712,47.341694,17.497527211507165,70.12767158658878,28.366249181092094
d0a4dfb3aca09e02,6befd145c261113d,6b7e1f5b521de19b,d4f34f97b6d22a81,Open,1.170863568534039,0.0010185185185185,1,C1: Active Pipeline,,76.94652,76.94549942581742,,
d0b8c549be8a101c,a66943a59bca7bfd,062b9e5a52eb6d8e,28c9c64e5918b06e,Open,5392.712757159889,3.737349537037037,3,C3: Large Open,0.5016,52.896442,49.159092876293045,2704.9847189914008,2687.7280381684886
d0c765c42c43825a,1cdd086394501fee,fc3655a0b667e091,,Open,21273.147061594493,1.1574074074074072e-05,3,C3: Large Open,,48.390877,48.39086519594546,,
d0d74422c8ca5eaa,6befd145c261113d,6b7e1f5b521de19b,6f9a9c5f2856c8b3,Open,12347.164795450495,16.845844907407407,3,C3: Large Open,0.558,50.670662,33.82481701886212,6889.717955861377,5457.446839589118
d0d8a30bb2303e98,9387d1da6d5967e1,6b7e1f5b521de19b,d4f34f97b6d22a81,Open,96255.12127410324,60.61844907407407,3,C3: Large Open,0.484,88.142494,27.524045127586085,46587.47869666597,49667.64257743727
d0eefc6785b6f37d,9387d1da6d5967e1,6b7e1f5b521de19b,,Open,76211.40369331678,1.1574074074074072e-05,3,C3: Large Open,,276.8305,276.8304937970197,,
d0fa5d5aa6e7d31d,1cdd086394501fee,6b7e1f5b521de19b,6f9a9c5f2856c8b3,Open,120703.62625676538,175.08158564814815,3,C3: Large Open,0.32,132.00914,0.0,38625.16040216492,82078.46585460045
d11072d10bd38189,6befd145c261113d,6b7e1f5b521de19b,6f9a9c5f2856c8b3,Open,210734.31905097075,1.1574074074074072e-05,3,C3: Large Open,0.598,291.73993,291.7399176251447,126019.1227924805,84715.19625849025
d1203b75cdedac5e,6befd145c261113d,6b7e1f5b521de19b,,Open,29902.60332687084,1.1574074074074072e-05,0,C0: High-Win,,41.16937,41.16935716982241,,
d1219682f19f05ec,6befd145c261113d,6b7e1f5b521de19b,,Open,10079.533693765128,1.1574074074074072e-05,3,C3: Large Open,,49.22492,49.22490679140444,,
d126de257549487f,1cdd086394501fee,062b9e5a52eb6d8e,,Open,39525.54218849992,1.1574074074074072e-05,2,C2: High-Win,,22.568346,22.568334449485498,,
d12942dd12609222,9387d1da6d5967e1,6b7e1f5b521de19b,1e1439736d3ae4c5,Open,9648.963805727815,0.0,3,C3: Large Open,,432.84647,432.8464660644531,,
d12d0ce8946361c0,ac2a5ee6878db2c2,6b7e1f5b521de19b,,Open,99926.8025726217,2.3148148148148147e-05,0,C0: High-Win,,21.968992,21.96896908512822,,
d1329772c3bf7116,ac2a5ee6878db2c2,6b7e1f5b521de19b,d4f34f97b6d22a81,Open,1.170863568534039,0.0,1,C1: Active Pipeline,,57.110783,57.110782623291016,,
d13a80a2465326b4,9387d1da6d5967e1,6b7e1f5b521de19b,d4f34f97b6d22a81,Open,6842.499079699599,0.0014351851851851,0,C0: High-Win,,40.933514,40.932078456172235,,
d1572741e8b12f32,ac2a5ee6878db2c2,6b7e1f5b521de19b,d4f34f97b6d22a81,Open,11934.05600592161,0.0789351851851851,3,C3: Large Open,0.758,60.94164,60.862703761348016,9046.01445248858,2888.0415534330295
d164ef517945a4c0,4928d3c96935fb3f,6b7e1f5b521de19b,,Open,8304.689797280567,1.1574074074074072e-05,3,C3: Large Open,,55.539032,55.5390204083478,,
d17b195e789acc75,6befd145c261113d,6b7e1f5b521de19b,6f9a9c5f2856c8b3,Open,98.49392076768088,39.988680555555554,1,C1: Active Pipeline,0.272,67.14771,27.159032151963977,26.7903464488092,71.70357431887167
d187ef84ae43b025,9387d1da6d5967e1,6b7e1f5b521de19b,,Open,2.4198904513070483,364.1103935185185,1,C1: Active Pipeline,0.04,112.07301,0.0,0.09679561805228193,2.3230948332547663
d1a23300ba20c5e8,6befd145c261113d,6b7e1f5b521de19b,,Open,13121.811050396169,0.0,3,C3: Large Open,,41.839252,41.83925247192383,,
d1b4b52d272a0e8d,9387d1da6d5967e1,6b7e1f5b521de19b,,Open,35845.270270304114,0.0,3,C3: Large Open,,87.95768,87.95767974853516,,
d1b69a92f56dd755,6befd145c261113d,6b7e1f5b521de19b,6f9a9c5f2856c8b3,Open,2391339.889666516,212.97096064814812,3,C3: Large Open,0.316,1344.2529,1131.281969039352,755663.405134619,1635676.4845318967
d1b97ec6061d2bc8,9387d1da6d5967e1,6b7e1f5b521de19b,,Open,2462.8786076146102,23.73372685185185,3,C3: Large Open,0.364,158.30887,134.57514155635127,896.4878131717181,1566.3907944428922
d1c4a1fb7a10e78e,6befd145c261113d,6b7e1f5b521de19b,,Open,1.170863568534039,431.9995023148148,1,C1: Active Pipeline,,109.93148,0.0,,
d1c75ad3bdb0a35a,ac2a5ee6878db2c2,6b7e1f5b521de19b,d4f34f97b6d22a81,Open,2909.8283139303107,0.1204861111111111,3,C3: Large Open,0.756,60.94164,60.82115283542209,2199.830205331315,709.9981085989958
d1dd7a0bf369256c,6befd145c261113d,6b7e1f5b521de19b,6f9a9c5f2856c8b3,Open,236873.20511217517,0.0905324074074074,3,C3: Large Open,,87.794716,87.70418347394025,,
d1f858b1d5ed45ca,6befd145c261113d,6b7e1f5b521de19b,6f9a9c5f2856c8b3,Open,1.170863568534039,0.0019097222222222,1,C1: Active Pipeline,,96.810814,96.80890418158637,,
d20980b8f7887e84,ac2a5ee6878db2c2,6b7e1f5b521de19b,d4f34f97b6d22a81,Open,25883.29366892879,259.9471643518518,3,C3: Large Open,,51.852486,0.0,,
d20c38d01e06c8c4,9387d1da6d5967e1,6b7e1f5b521de19b,,Open,2.4198904513070483,0.0,1,C1: Active Pipeline,,315.38052,315.3805236816406,,
d2153d4e53d2b96a,ac2a5ee6878db2c2,6b7e1f5b521de19b,6f9a9c5f2856c8b3,Open,1.170863568534039,1.1574074074074072e-05,1,C1: Active Pipeline,,49.329563,49.32955156679507,,
d2194ba231d4a953,ef9b14cf5a29c54a,6b7e1f5b521de19b,,Open,919992.7682228223,9.25925925925926e-05,3,C3: Large Open,,31.376598,31.376505765561703,,
d2213152c21f578c,ef9b14cf5a29c54a,6b7e1f5b521de19b,,Open,1.170863568534039,237.0588888888889,1,C1: Active Pipeline,0.128,149.22263,0.0,0.14987053677235698,1.020993031761682
d231721812a80aa8,6befd145c261113d,6b7e1f5b521de19b,6f9a9c5f2856c8b3,Open,1060.8669669680155,1.8394097222222223,1,C1: Active Pipeline,,29.352203,27.512793646918404,,
d235489740e96183,9387d1da6d5967e1,6b7e1f5b521de19b,,Open,35845.270270304114,12.12920138888889,3,C3: Large Open,0.128,167.60918,155.4799752468533,4588.194594598926,31257.075675705186
d23841f48dc02a19,ac2a5ee6878db2c2,6b7e1f5b521de19b,d4f34f97b6d22a81,Open,12490.225604804098,22.01775462962963,3,C3: Large Open,0.686,101.46629,79.44853870533132,8568.294764895612,3921.930839908486
d238e5d6ac1c96c2,9387d1da6d5967e1,6b7e1f5b521de19b,2095e0b55fdf3180,Open,1.170863568534039,1.1574074074074072e-05,1,C1: Active Pipeline,,262.88202,262.8820074688947,,
d241fb1f6b167d0b,ef9b14cf5a29c54a,6b7e1f5b521de19b,,Open,638299.2742739582,220.9841203703704,3,C3: Large Open,0.2,155.18192,0.0,127659.85485479164,510639.4194191666
d24f5470c12b3ca1,6befd145c261113d,6b7e1f5b521de19b,6f9a9c5f2856c8b3,Open,11882.113093508357,1.1574074074074072e-05,0,C0: High-Win,,238.22578,238.22577272768373,,
d2553e219bc3ef18,6befd145c261113d,6b7e1f5b521de19b,6f9a9c5f2856c8b3,Open,1124332.9123435305,866.7339814814815,3,C3: Large Open,0.254,244.81366,0.0,285580.5597352567,838752.3526082737
d2620b07352ba437,ac2a5ee6878db2c2,6b7e1f5b521de19b,6f9a9c5f2856c8b3,Open,1.170863568534039,0.0,1,C1: Active Pipeline,,68.44101,68.44100952148438,,
d28050050f9c958a,6befd145c261113d,6b7e1f5b521de19b,6f9a9c5f2856c8b3,Open,98.49392076768088,0.0029398148148148,1,C1: Active Pipeline,0.538,62.022438,62.01949823450159,52.98972937301232,45.50419139466856
d28243b052844bb9,1cdd086394501fee,6b7e1f5b521de19b,,Open,50514.34784109151,1.1574074074074072e-05,3,C3: Large Open,,352.29456,352.29454408998845,,
d282fd3650edb43b,1cdd086394501fee,6b7e1f5b521de19b,6f9a9c5f2856c8b3,Open,67419.47856689343,2.651990740740741,3,C3: Large Open,0.304,455.04752,452.39552512839987,20495.521484335604,46923.95708255783
d2863d4c32327264,4928d3c96935fb3f,6b7e1f5b521de19b,,Open,583759.7387824531,280.9120717592593,4,C4: Mid-Range,,357.15387,76.24179786964697,,
d292e97ac584e83a,a66943a59bca7bfd,16450d61eee679f5,28c9c64e5918b06e,Open,199878.2058057764,0.0006712962962962,3,C3: Large Open,0.318,126.42481,126.42414102059824,63561.269446236896,136316.9363595395
d2957278d20b6651,1cdd086394501fee,6ab36d9b02cbcf6b,,Open,147782.212188992,1.1574074074074072e-05,3,C3: Large Open,,259.83124,259.8312262188947,,
d297c291be3a6017,ac2a5ee6878db2c2,6b7e1f5b521de19b,6f9a9c5f2856c8b3,Open,9365.397967750005,0.002974537037037,0,C0: High-Win,0.732,63.7545,63.751526805736404,6855.471312393003,2509.9266553570014
d2aefdc0c8b80d9d,9387d1da6d5967e1,6b7e1f5b521de19b,,Open,18935.137298213707,1.1574074074074072e-05,3,C3: Large Open,,52.730774,52.73076235170718,,
d2bb20ca42f0c829,9387d1da6d5967e1,6b7e1f5b521de19b,,Open,2.4198904513070483,268.93313657407407,1,C1: Active Pipeline,0.246,184.83372,0.0,0.5952930510215338,1.8245974002855143
d2bbd9c358f117f4,1cdd086394501fee,6b7e1f5b521de19b,,Open,24446.827808853774,365.14297453703705,3,C3: Large Open,0.12,275.56354,0.0,2933.619337062453,21513.20847179132
d2c4e4fbccb9b3a7,6befd145c261113d,6b7e1f5b521de19b,,Open,2351791.856538048,0.0525347222222222,3,C3: Large Open,,1422.1395,1422.0869916449653,,
d2cff08054a83233,6befd145c261113d,6b7e1f5b521de19b,6f9a9c5f2856c8b3,Open,98.49392076768088,20.959363425925925,1,C1: Active Pipeline,,50.93272,29.973356758400246,,
d2d7cf42caeb2c10,9387d1da6d5967e1,6b7e1f5b521de19b,d4f34f97b6d22a81,Open,46305.77920739435,15.595219907407408,3,C3: Large Open,0.238,148.50356,132.90833539044417,11020.775451359854,35285.00375603449
d2e2fbc0737bbbca,ac2a5ee6878db2c2,6b7e1f5b521de19b,6f9a9c5f2856c8b3,Open,664.2949115443329,2.3148148148148147e-05,1,C1: Active Pipeline,,33.51437,33.514346816451464,,
d30b1f7e7a41a9c4,1cdd086394501fee,6b7e1f5b521de19b,6f9a9c5f2856c8b3,Open,1.170863568534039,1.1574074074074072e-05,4,C4: Mid-Range,,92.6551,92.6550863873517,,
d30b2a8103cdfc9d,ac2a5ee6878db2c2,6b7e1f5b521de19b,d4f34f97b6d22a81,Open,1111086.5652749983,147.15444444444444,3,C3: Large Open,0.122,547.20026,400.0458119032118,135552.5609635498,975534.0043114485
d30c2625fc8242e6,6befd145c261113d,6b7e1f5b521de19b,6f9a9c5f2856c8b3,Open,98.49392076768088,0.0,1,C1: Active Pipeline,0.500357142857143,73.40257,73.40257263183594,49.28213678411462,49.21178398356626
d3199d58f004b2f1,9387d1da6d5967e1,6b7e1f5b521de19b,,Open,11264.189824104717,0.0,3,C3: Large Open,,48.75237,48.75236892700195,,
d319a73d9f8f16ae,1cdd086394501fee,062b9e5a52eb6d8e,,Open,1845240.0868962973,159.1967361111111,3,C3: Large Open,0.22,1229.963,1070.7662765842015,405952.8191171854,1439287.2677791119
d31d9dd54e264528,9387d1da6d5967e1,6b7e1f5b521de19b,,Open,9648.963805727815,1.1574074074074072e-05,3,C3: Large Open,,48.938675,48.93866335268374,,
d31f1e7d6145459d,9387d1da6d5967e1,6b7e1f5b521de19b,,Open,2.4198904513070483,1.1574074074074072e-05,1,C1: Active Pipeline,,103.63206,103.63204561586733,,
d32938d876f77339,9387d1da6d5967e1,6b7e1f5b521de19b,,Open,4517.797135638614,120.04140046296295,3,C3: Large Open,0.122,124.99048,4.9490780526620455,551.171250547911,3966.6258850907034
d338b90e7153d9d8,6befd145c261113d,6b7e1f5b521de19b,6f9a9c5f2856c8b3,Open,7350.028691773547,3.472222222222222e-05,0,C0: High-Win,,38.02386,38.02382620917426,,
d34aee168491aeed,ac2a5ee6878db2c2,6b7e1f5b521de19b,,Open,121130.27981900204,0.0,3,C3: Large Open,,68.08767,68.0876693725586,,
d3760f6c900c2e0f,9387d1da6d5967e1,6b7e1f5b521de19b,,Open,5083.8994500666495,1.1574074074074072e-05,3,C3: Large Open,,329.41205,329.4120367657697,,
d385e3cde152def6,6befd145c261113d,6b7e1f5b521de19b,6f9a9c5f2856c8b3,Open,59262.66383217926,0.0007407407407407,0,C0: High-Win,0.436,87.512344,87.51160361961082,25838.52143083016,33424.142401349105
d38c7ac2f99b1f95,6befd145c261113d,6b7e1f5b521de19b,6f9a9c5f2856c8b3,Open,134847.53741428064,0.0029513888888888,0,C0: High-Win,,67.3226,67.31964992947049,,
d3a3d11f2c42d7ef,9387d1da6d5967e1,6b7e1f5b521de19b,,Open,35845.270270304114,1.1574074074074072e-05,3,C3: Large Open,,76.65424,76.6542318951642,,
d3a56a477822bb97,9387d1da6d5967e1,6b7e1f5b521de19b,,Open,3319.8866673557245,2.3148148148148147e-05,3,C3: Large Open,,51.74361,51.74358723393193,,
d3b6f87f1554abd0,6befd145c261113d,6b7e1f5b521de19b,6f9a9c5f2856c8b3,Open,6098.717241092897,6.944444444444444e-05,3,C3: Large Open,,37.171547,37.171477491590714,,
d3c3c63e1459cebb,9387d1da6d5967e1,6b7e1f5b521de19b,,Open,2.4198904513070483,198.98542824074076,0,C0: High-Win,,370.6306,171.64518699363424,,
d3cad651bdd1deae,6befd145c261113d,6b7e1f5b521de19b,,Open,89664.46366676311,2.3148148148148147e-05,3,C3: Large Open,,121.89839,121.89836857548467,,
d3d433575f0d81d5,1cdd086394501fee,fc3655a0b667e091,,Open,1984430.4468597248,267.0235763888889,3,C3: Large Open,0.318,1674.3672,1407.3436111111112,631048.8821013925,1353381.5647583322
d3e22cdfdffcf4d9,4928d3c96935fb3f,6b7e1f5b521de19b,6f9a9c5f2856c8b3,Open,90372.43024497671,256.92398148148146,4,C4: Mid-Range,,260.01852,3.094542688440413,,
d3f534b1c3ee6d66,ef9b14cf5a29c54a,6b7e1f5b521de19b,,Open,1.0608520127326513,1.1574074074074072e-05,1,C1: Active Pipeline,,139.0138,139.01378237123842,,
d3f59a3402809ce8,9387d1da6d5967e1,062b9e5a52eb6d8e,28c9c64e5918b06e,Open,36209.16771936587,107.95277777777778,3,C3: Large Open,0.44,109.26573,1.3129540337456547,15932.033796520982,20277.13392284489
d3fac5060122db57,9387d1da6d5967e1,6b7e1f5b521de19b,,Open,54608.54408792734,2.3148148148148147e-05,0,C0: High-Win,,36.512497,36.51247380009404,,
d41b4e14e5c418cc,9387d1da6d5967e1,6b7e1f5b521de19b,,Open,524417.177630072,0.0,3,C3: Large Open,0.5,132.65314,132.65313720703125,262208.588815036,262208.588815036
d4324c9616aa5e04,6befd145c261113d,6b7e1f5b521de19b,6f9a9c5f2856c8b3,Open,1.170863568534039,0.0,1,C1: Active Pipeline,,227.85728,227.85728454589844,,
d4335ec36e27d74a,6befd145c261113d,6b7e1f5b521de19b,,Open,11264.189824104717,0.0,3,C3: Large Open,0.218,267.8663,267.8663024902344,2455.593381654828,8808.596442449889
d439dcc522574b99,6befd145c261113d,6b7e1f5b521de19b,6f9a9c5f2856c8b3,Open,361.29574083874047,2.3148148148148147e-05,1,C1: Active Pipeline,,23.432402,23.432378508956344,,
d43a769cb86ac90e,9387d1da6d5967e1,6b7e1f5b521de19b,d4f34f97b6d22a81,Open,19619.847409183643,1.1403587962962962,3,C3: Large Open,0.72,62.371838,61.2314788196705,14126.290134612223,5493.557274571421
d44c06679ed7e368,ac2a5ee6878db2c2,6b7e1f5b521de19b,6f9a9c5f2856c8b3,Open,64.92779610970092,20.90303240740741,1,C1: Active Pipeline,,76.47447,55.57143963849103,,
d44d3f4a3ca60ea6,9387d1da6d5967e1,6b7e1f5b521de19b,,Open,2.4198904513070483,61.070219907407406,1,C1: Active Pipeline,,101.72106,40.65084179913556,,
d462bfcf6d67f327,9387d1da6d5967e1,6b7e1f5b521de19b,,Open,97448.11793908857,235.0225810185185,3,C3: Large Open,0.468,150.76442,0.0,45605.71919549345,51842.39874359512
d4799a95fe2a01dd,a66943a59bca7bfd,48deb34ff5cdd785,28c9c64e5918b06e,Open,1.170863568534039,120.84006944444444,1,C1: Active Pipeline,0.112,105.399086,0.0,0.13113671967581236,1.0397268488582265
d4a0c5eee5978167,6befd145c261113d,6b7e1f5b521de19b,6f9a9c5f2856c8b3,Open,1.170863568534039,0.0,1,C1: Active Pipeline,,250.86662,250.8666229248047,,
d4abfbcac29d719e,a66943a59bca7bfd,77c27bf8a409b6bb,28c9c64e5918b06e,Open,263422.11422197946,18.95275462962963,3,C3: Large Open,0.268,134.58519,115.63243518970631,70597.1266114905,192824.98761048896
d4aff7d0f9c38ce6,9387d1da6d5967e1,6b7e1f5b521de19b,,Open,2.4198904513070483,1.1574074074074072e-05,1,C1: Active Pipeline,,243.44862,243.44861208315248,,
d4e4c04b0ac8a35a,6befd145c261113d,6b7e1f5b521de19b,6f9a9c5f2856c8b3,Open,325.3216003955088,2.3148148148148147e-05,1,C1: Active Pipeline,,21.175297,21.175273635299117,,
d4ec05158fe8a9a7,1cdd086394501fee,6b7e1f5b521de19b,,Open,17020.755679593403,0.0,3,C3: Large Open,0.272,269.23804,269.238037109375,4629.645544849406,12391.110134743998
d4fbcc2a559c6af7,6befd145c261113d,6b7e1f5b521de19b,,Open,1.170863568534039,0.1566087962962963,1,C1: Active Pipeline,0.3240243902439024,80.08798,79.93137338143808,0.3793883538530416,0.7914752146809974
d4fcbbc88c850868,6befd145c261113d,6b7e1f5b521de19b,6f9a9c5f2856c8b3,Open,98.49392076768088,0.0,1,C1: Active Pipeline,0.63,50.755722,50.75572204589844,62.05117008363895,36.442750684041926
d50390878ce52367,1cdd086394501fee,6b7e1f5b521de19b,,Open,1064506.8667509402,0.000636574074074,3,C3: Large Open,,456.42746,456.4268231427228,,
d5189ef0dd62a693,9387d1da6d5967e1,6b7e1f5b521de19b,,Open,11338.365398214037,0.0557407407407407,3,C3: Large Open,0.89,38.21455,38.15880927756981,10091.145204410494,1247.220193803544
d52262e37c1570bf,6befd145c261113d,6b7e1f5b521de19b,6f9a9c5f2856c8b3,Open,1.170863568534039,0.0,1,C1: Active Pipeline,,63.779465,63.77946472167969,,
d5494e494388c3a4,6befd145c261113d,6b7e1f5b521de19b,d4f34f97b6d22a81,Open,1206.0482706228593,3.472222222222222e-05,1,C1: Active Pipeline,,27.29642,27.296384421454537,,
d54c6a8d06824051,9387d1da6d5967e1,6b7e1f5b521de19b,,Open,1.170863568534039,1.1574074074074072e-05,1,C1: Active Pipeline,,158.56128,158.56126772280092,,
d54fcb48d2aeaa55,6befd145c261113d,6b7e1f5b521de19b,6f9a9c5f2856c8b3,Open,687785.8072442344,66.22649305555555,3,C3: Large Open,0.63,58.398952,0.0,433305.05856386764,254480.74868036673
d57f241b76d8a21e,ac2a5ee6878db2c2,6b7e1f5b521de19b,6f9a9c5f2856c8b3,Open,4233.726856735189,4.79238425925926,3,C3: Large Open,0.646,24.587158,19.794773943865742,2734.9875494509324,1498.739307284257
d58f0ff6a1417fc4,9387d1da6d5967e1,6b7e1f5b521de19b,d4f34f97b6d22a81,Open,1.170863568534039,0.0,1,C1: Active Pipeline,,45.33049,45.33049011230469,,
d5beb535dd84ec9e,9387d1da6d5967e1,6b7e1f5b521de19b,,Open,14005.20233155016,0.0,3,C3: Large Open,0.7032,143.06625,143.06625366210938,9848.458279546072,4156.744052004086
d5cba71b0785be54,a66943a59bca7bfd,9cd083484517be1d,28c9c64e5918b06e,Open,1.170863568534039,0.0,1,C1: Active Pipeline,,59.490543,59.490543365478516,,
d5d6bc62f3841fc4,6befd145c261113d,6b7e1f5b521de19b,d4f34f97b6d22a81,Open,6745.476669391392,6.944444444444444e-05,3,C3: Large Open,,89.85344,89.85336988661024,,
d5ebdd8dfecd2850,a66943a59bca7bfd,fd10c5543bdbcbc9,d4f34f97b6d22a81,Open,259197.8600052209,228.0549074074074,3,C3: Large Open,0.24,347.65433,119.59941998517073,62207.48640125301,196990.3736039679
d5ed1771da9b88e7,6befd145c261113d,6b7e1f5b521de19b,,Open,151056.98154331456,0.0,3,C3: Large Open,,31.578793,31.578792572021484,,
d60d7a51d16ed53f,1cdd086394501fee,6b7e1f5b521de19b,,Open,8290.869253090716,0.0,3,C3: Large Open,,46.929317,46.929317474365234,,
d615dac62f601409,ac2a5ee6878db2c2,6b7e1f5b521de19b,6f9a9c5f2856c8b3,Open,38843.941510716206,0.0003819444444444,0,C0: High-Win,,53.73964,53.73925733778212,,
d62de76d42fe7de4,9387d1da6d5967e1,6b7e1f5b521de19b,d4f34f97b6d22a81,Open,6009.906030357736,1.1574074074074072e-05,0,C0: High-Win,0.722,41.55825,41.55823885317202,4339.152153918285,1670.7538764394508
d63037843015ce97,6befd145c261113d,6b7e1f5b521de19b,6f9a9c5f2856c8b3,Open,98.49392076768088,56.06523148148148,1,C1: Active Pipeline,0.424,68.190956,12.125724634241173,41.76142240549669,56.73249836218419
d634b7d3ac53dd52,6befd145c261113d,6b7e1f5b521de19b,6f9a9c5f2856c8b3,Open,1.170863568534039,1.1574074074074072e-05,1,C1: Active Pipeline,,68.96227,68.96226106996889,,
d635bbb4ad3c621e,6befd145c261113d,6b7e1f5b521de19b,6f9a9c5f2856c8b3,Open,727.33834588959,1.1574074074074072e-05,1,C1: Active Pipeline,,34.825054,34.8250425946271,,
d67663f2e186df96,ef9b14cf5a29c54a,6b7e1f5b521de19b,,Open,286920.02942277264,1.1574074074074072e-05,0,C0: High-Win,,252.55779,252.5577734601056,,
d684d0a4f8b63173,1cdd086394501fee,6b7e1f5b521de19b,6f9a9c5f2856c8b3,Open,104799.15596807786,593.2014236111111,3,C3: Large Open,0.126,510.77783,0.0,13204.69365197781,91594.46231610005
d68cfe9a97bd63cf,9387d1da6d5967e1,6b7e1f5b521de19b,,Open,35845.270270304114,126.77988425925926,3,C3: Large Open,0.102,303.5876,176.8077011899595,3656.2175675710196,32189.052702733094
d68dfa830666db26,6befd145c261113d,6b7e1f5b521de19b,,Open,58971176.19754814,0.0026273148148148,3,C3: Large Open,,1497.1083,1497.1056490523727,,
d6925b7d30db941f,9387d1da6d5967e1,6b7e1f5b521de19b,,Open,2.4198904513070483,0.0,1,C1: Active Pipeline,,130.69722,130.6972198486328,,
d697bf289a970fac,6befd145c261113d,6b7e1f5b521de19b,6f9a9c5f2856c8b3,Open,7195.827616430679,1.1574074074074072e-05,0,C0: High-Win,,35.405186,35.40517412538882,,
d69cd29ef2b29f97,6befd145c261113d,6b7e1f5b521de19b,6f9a9c5f2856c8b3,Open,387.213790880707,2.3148148148148147e-05,1,C1: Active Pipeline,,26.046091,26.046067931563766,,
d6cdac4316511bb2,6befd145c261113d,6b7e1f5b521de19b,,Open,89664.46366676311,1.1574074074074072e-05,3,C3: Large Open,,116.16915,116.16913973207826,,
d6cdffcdcab54ac6,9387d1da6d5967e1,674ec33189ed753c,,Open,5186.502594949308,1.1574074074074072e-05,3,C3: Large Open,0.178,153.40515,153.40513979311342,923.1974619009768,4263.305133048332
d6faf14d8c7e67eb,1cdd086394501fee,6ab36d9b02cbcf6b,,Open,895040.1574346115,1291.204050925926,3,C3: Large Open,,99.26681,0.0,,
d707ba9325022a3e,1cdd086394501fee,6b7e1f5b521de19b,6f9a9c5f2856c8b3,Open,1.170863568534039,1.1574074074074072e-05,1,C1: Active Pipeline,,53.441143,53.4411314618146,,
d7121903dfe62275,9387d1da6d5967e1,6b7e1f5b521de19b,d4f34f97b6d22a81,Open,130254.06673700528,222.6903703703704,3,C3: Large Open,0.316,156.40723,0.0,41160.28508889367,89093.7816481116
d71a6b3bf93e10f0,a66943a59bca7bfd,38080774be85927f,d4f34f97b6d22a81,Open,63694.31503984934,0.0034027777777777,0,C0: High-Win,,63.152996,63.14959328545464,,
d724f879c6ce662e,9387d1da6d5967e1,6b7e1f5b521de19b,d4f34f97b6d22a81,Open,75796.37468471809,78.99310185185185,3,C3: Large Open,0.64,108.13038,29.137276871292684,48509.67979821958,27286.69488649851
d72c707f7d18c6f8,9387d1da6d5967e1,6b7e1f5b521de19b,,Open,31441.363393509106,1.9132638888888889,3,C3: Large Open,0.592,81.05186,79.13859310574001,18613.28712895739,12828.076264551715
d72dc2217e489cd4,4928d3c96935fb3f,6b7e1f5b521de19b,,Open,11675.99327727772,1.1574074074074072e-05,3,C3: Large Open,,96.53883,96.53882204408998,,
d7371cfbb6cde37c,9387d1da6d5967e1,6b7e1f5b521de19b,,Open,263999.29512211593,0.0,3,C3: Large Open,,408.24014,408.2401428222656,,
d73dee79a1aa7d39,ac2a5ee6878db2c2,6b7e1f5b521de19b,d4f34f97b6d22a81,Open,1.170863568534039,1.1574074074074072e-05,1,C1: Active Pipeline,,59.621315,59.621303428367334,,
d7442ac4dc008396,ac2a5ee6878db2c2,6b7e1f5b521de19b,6f9a9c5f2856c8b3,Open,1.170863568534039,1.1574074074074072e-05,1,C1: Active Pipeline,,290.58273,290.5827215802228,,
d74530c1e793a11e,6befd145c261113d,6b7e1f5b521de19b,6f9a9c5f2856c8b3,Open,1665.262579200221,2.3148148148148147e-05,1,C1: Active Pipeline,,32.448658,32.44863484135381,,
d745ea78827a8602,9387d1da6d5967e1,6b7e1f5b521de19b,,Open,25102.753943361105,1.1574074074074072e-05,3,C3: Large Open,,54.361065,54.3610533368146,,
d746611be62f1869,ef9b14cf5a29c54a,6b7e1f5b521de19b,,Open,1.170863568534039,176.44797453703703,1,C1: Active Pipeline,0.244,50.024994,0.0,0.2856907107223055,0.8851728578117335
d748c5c5481c6f41,1cdd086394501fee,6b7e1f5b521de19b,,Open,1.170863568534039,1.1574074074074072e-05,1,C1: Active Pipeline,,53.22865,53.228637565330224,,
d74cea5f869c4040,ac2a5ee6878db2c2,6b7e1f5b521de19b,6f9a9c5f2856c8b3,Open,10373460.710529229,599.0762731481482,3,C3: Large Open,0.218,1508.9359,909.8596399377893,2261414.434895372,8112046.275633857
d76659085c7241ab,9387d1da6d5967e1,6b7e1f5b521de19b,d4f34f97b6d22a81,Open,58064.0458043066,15.986585648148148,3,C3: Large Open,0.61,163.31934,147.33275028935185,35419.06794062703,22644.977863679575
d77e855ddca031a0,ac2a5ee6878db2c2,6b7e1f5b521de19b,,Open,1904.2663165543504,360.1664351851852,4,C4: Mid-Range,,26.928797,0.0,,
d782323e7b956963,ac2a5ee6878db2c2,6b7e1f5b521de19b,6f9a9c5f2856c8b3,Open,12070.245074636312,24.984733796296297,0,C0: High-Win,0.624,83.61053,58.62579324227792,7531.832926573059,4538.412148063253
d794c90b1071e709,4928d3c96935fb3f,6b7e1f5b521de19b,6f9a9c5f2856c8b3,Open,106005.91497948274,28.258078703703703,4,C4: Mid-Range,,326.64117,298.38309561270256,,
d79948574590ea38,6befd145c261113d,6b7e1f5b521de19b,6f9a9c5f2856c8b3,Open,1.170863568534039,2.3148148148148147e-05,1,C1: Active Pipeline,,63.779465,63.77944157353154,,
d7a9a0c6033bdb17,6befd145c261113d,6b7e1f5b521de19b,6f9a9c5f2856c8b3,Open,13707.11230296319,3.966689814814815,3,C3: Large Open,0.66,57.14941,53.18272043298792,9046.694119955706,4660.418183007484
d7b0262ae26b1dd5,9387d1da6d5967e1,6b7e1f5b521de19b,,Open,1.170863568534039,2.3148148148148147e-05,1,C1: Active Pipeline,,133.05731,133.0572888635706,,
d7b76b1ea20e512e,9387d1da6d5967e1,6b7e1f5b521de19b,,Open,29090.31011051791,1.908414351851852,3,C3: Large Open,0.744,78.54654,76.63812495478878,21643.190722225325,7447.1193882925845
d7b81baa5514bf0c,9387d1da6d5967e1,6b7e1f5b521de19b,,Open,2.4198904513070483,3.1434837962962963,1,C1: Active Pipeline,,292.36172,289.2182410572193,,
d7bf0961f32c29cd,9387d1da6d5967e1,6b7e1f5b521de19b,d4f34f97b6d22a81,Open,89664.46366676311,1.1574074074074072e-05,0,C0: High-Win,,42.925575,42.925563682273584,,
d7d85894cb528591,4928d3c96935fb3f,6b7e1f5b521de19b,,Open,813.1455864945308,0.0,1,C1: Active Pipeline,,23.753494,23.753494262695312,,
d7df63d3c8ca1bc4,9387d1da6d5967e1,6b7e1f5b521de19b,d4f34f97b6d22a81,Open,3793.645188856447,0.0455208333333333,3,C3: Large Open,,76.36541,76.31988901774089,,
d7f3b06d92358ae9,9387d1da6d5967e1,062b9e5a52eb6d8e,,Open,5655.969519442425,6.676898148148148,3,C3: Large Open,0.16,371.97055,365.2936523889612,904.955123110788,4751.014396331637
d7f3cac0875c1341,6befd145c261113d,6b7e1f5b521de19b,6f9a9c5f2856c8b3,Open,128366.43527018194,32.76063657407408,3,C3: Large Open,0.342,348.8538,316.09315370912907,43901.32086240223,84465.1144077797
d7f55cccf1159c2a,9387d1da6d5967e1,6b7e1f5b521de19b,,Open,106.50980251571036,0.0010069444444444,1,C1: Active Pipeline,,110.53569,110.53468336317275,,
d8110d7923b2c22e,ac2a5ee6878db2c2,6b7e1f5b521de19b,d4f34f97b6d22a81,Open,26023.50351062529,65.79313657407407,3,C3: Large Open,0.278,242.39836,176.6052246319806,7234.533975953832,18788.969534671458
d83b9434c142c97d,4928d3c96935fb3f,6b7e1f5b521de19b,,Open,17410.708987955546,0.0,3,C3: Large Open,,158.99457,158.99456787109375,,
d8408a9dcc1cc598,9387d1da6d5967e1,6b7e1f5b521de19b,,Open,5655.969519442425,1.1574074074074072e-05,3,C3: Large Open,,69.801605,69.8015936505353,,
d84770ed06ae8419,ef9b14cf5a29c54a,6b7e1f5b521de19b,,Open,5156.0434447079615,1.1574074074074072e-05,0,C0: High-Win,,204.09448,204.09447084780092,,
d8577c81583647e6,ac2a5ee6878db2c2,6b7e1f5b521de19b,,Open,1.170863568534039,1.1574074074074072e-05,1,C1: Active Pipeline,,113.6114,113.6113852154767,,
d86a9044dd6fce7f,9387d1da6d5967e1,6b7e1f5b521de19b,,Open,7495.264905653416,1.1574074074074072e-05,0,C0: High-Win,,21.627323,21.627311576560693,,
d873c740109e740a,6befd145c261113d,6b7e1f5b521de19b,6f9a9c5f2856c8b3,Open,2981601.165407066,2.3148148148148147e-05,3,C3: Large Open,,1309.5442,1309.544166304977,,
d879b51e43ffc992,ac2a5ee6878db2c2,cca8e68b78e095c5,28c9c64e5918b06e,Open,26365.415373079573,11.088773148148148,3,C3: Large Open,0.356,134.28467,123.19589482060185,9386.087872816328,16979.327500263247
d8987a7656afe67b,6befd145c261113d,6b7e1f5b521de19b,6f9a9c5f2856c8b3,Open,98.49392076768088,1.1574074074074072e-05,1,C1: Active Pipeline,0.616,50.868435,50.86842333193179,60.67225519289142,37.821665574789456
d8b1b91e5edfc0b3,a66943a59bca7bfd,75c64824a2a4e380,28c9c64e5918b06e,Open,239053.66187843552,17.061203703703704,3,C3: Large Open,0.814,29.511314,12.45011068838614,194589.6807690465,44463.981109389024
d8b5e1ad4dce9c9f,1cdd086394501fee,6b7e1f5b521de19b,6f9a9c5f2856c8b3,Open,1.170863568534039,0.0,1,C1: Active Pipeline,,54.174686,54.174686431884766,,
d8ba1566ebc98a14,6befd145c261113d,6b7e1f5b521de19b,6f9a9c5f2856c8b3,Open,162068.98690307676,2.3148148148148147e-05,0,C0: High-Win,0.64,233.76964,233.76961491337528,103724.15161796912,58344.835285107634
d8c0b164abc5d0b6,1cdd086394501fee,062b9e5a52eb6d8e,,Open,68130.33408842972,1.1574074074074072e-05,3,C3: Large Open,,30.727406,30.72739397402163,,
d8c399714b6fae5c,9387d1da6d5967e1,6b7e1f5b521de19b,d4f34f97b6d22a81,Open,28258.20210595448,6.809212962962963,0,C0: High-Win,0.844,38.644085,31.83487196745696,23849.92257742558,4408.279528528899
d8d2355a0e84f4c5,6befd145c261113d,6b7e1f5b521de19b,6f9a9c5f2856c8b3,Open,789.4777702126203,27.0121875,0,C0: High-Win,0.63,63.21753,36.205341796875004,497.3709952339508,292.1067749786695
d8d3afd651e32400,ac2a5ee6878db2c2,6b7e1f5b521de19b,6f9a9c5f2856c8b3,Open,410419.7735791248,1770.8069328703705,3,C3: Large Open,,408.1148,0.0,,
d8e60709336984a1,ac2a5ee6878db2c2,6b7e1f5b521de19b,6f9a9c5f2856c8b3,Open,1060.8669669680155,1.1574074074074072e-05,1,C1: Active Pipeline,,29.808817,29.808805335715967,,
d8eced6545bb5826,6befd145c261113d,6b7e1f5b521de19b,,Open,4048.562438442638,1.1574074074074072e-05,0,C0: High-Win,,36.34196,36.34194933290835,,
d8edd749b36d4c7a,6befd145c261113d,6b7e1f5b521de19b,6f9a9c5f2856c8b3,Open,91224.61612068256,0.0020486111111111,0,C0: High-Win,,44.589706,44.58765780978732,,
d90bb87274d1f944,6befd145c261113d,6b7e1f5b521de19b,,Open,1.170863568534039,0.0,1,C1: Active Pipeline,0.148,351.101,351.10101318359375,0.17328780814303776,0.9975757603910012
d9111b8ead57960e,6befd145c261113d,6b7e1f5b521de19b,,Open,9001229.400599582,20.89988425925926,3,C3: Large Open,0.216,703.4739,682.5739926938658,1944265.5505295098,7056963.850070072
d914abce6f7526cb,9387d1da6d5967e1,6b7e1f5b521de19b,,Open,11264.189824104717,22.03710648148148,3,C3: Large Open,0.692,74.28542,52.248316797327114,7794.819358280463,3469.370465824253
d917eea3b35fe56e,1cdd086394501fee,6b7e1f5b521de19b,6f9a9c5f2856c8b3,Open,148204.74037875893,2.3148148148148147e-05,3,C3: Large Open,,434.84714,434.8471143030237,,
d938a2ea0a395e74,4928d3c96935fb3f,6b7e1f5b521de19b,,Open,13009.243977218044,0.0,0,C0: High-Win,,159.29364,159.29364013671875,,
d93fc2e77f68c3d2,1cdd086394501fee,6b7e1f5b521de19b,6f9a9c5f2856c8b3,Open,1.170863568534039,0.0,1,C1: Active Pipeline,,55.716618,55.716617584228516,,
d95c9dd04e52cb68,6befd145c261113d,6b7e1f5b521de19b,6f9a9c5f2856c8b3,Open,98.49392076768088,0.0224537037037037,1,C1: Active Pipeline,,63.809032,63.78657873648184,,
d95cfb31d16a3b93,6befd145c261113d,6b7e1f5b521de19b,6f9a9c5f2856c8b3,Open,345509.2743545238,5.186631944444445,3,C3: Large Open,0.544,62.622406,57.43577406141493,187957.04524886096,157552.22910566285
d95d5b5c622f52ee,9387d1da6d5967e1,6b7e1f5b521de19b,,Open,21273.147061594493,1.1574074074074072e-05,3,C3: Large Open,,30.283249,30.283237327293115,,
d96315ff9ec7025d,ac2a5ee6878db2c2,6b7e1f5b521de19b,6f9a9c5f2856c8b3,Open,1.170863568534039,0.0,1,C1: Active Pipeline,,52.12026,52.12025833129883,,
d96d1ebcf02d25fb,9387d1da6d5967e1,674ec33189ed753c,,Open,5557.286621374345,1.1574074074074072e-05,3,C3: Large Open,,111.67479,111.67477785463686,,
d970f83d2562393c,6befd145c261113d,6b7e1f5b521de19b,6f9a9c5f2856c8b3,Open,1.170863568534039,28.16443287037037,1,C1: Active Pipeline,,487.86057,459.6961323151765,,
d97eed7848384e0d,6befd145c261113d,6b7e1f5b521de19b,,Open,13347.402500248763,10.96931712962963,3,C3: Large Open,0.408,126.842186,115.87286884449146,5445.740220101495,7901.662280147269
d999b97174a46dff,ef9b14cf5a29c54a,6b7e1f5b521de19b,,Open,3555257.481029086,92.68934027777776,3,C3: Large Open,0.178,288.76788,196.07854302300348,632835.8316231773,2922421.649405909
d9b16081e0ee0a05,6befd145c261113d,6b7e1f5b521de19b,6f9a9c5f2856c8b3,Open,860345.2341691502,2.3148148148148147e-05,3,C3: Large Open,,96.82434,96.82431767216436,,
d9bef4ddc6ba3379,1cdd086394501fee,6b7e1f5b521de19b,6f9a9c5f2856c8b3,Open,1.170863568534039,1.1574074074074072e-05,1,C1: Active Pipeline,0.481028901734104,64.763336,64.76332460756655,0.5632192164524026,0.6076443520816363
d9d7334c206a6512,1cdd086394501fee,6b7e1f5b521de19b,6f9a9c5f2856c8b3,Open,98.49392076768088,1.1574074074074072e-05,1,C1: Active Pipeline,,45.110497,45.11048494692202,,
d9e1596a57ad9781,6befd145c261113d,6b7e1f5b521de19b,6f9a9c5f2856c8b3,Open,15940.107517960609,580.9437037037037,0,C0: High-Win,0.304,247.6091,0.0,4845.792685460025,11094.314832500582
d9ebd242a27516bb,1cdd086394501fee,6b7e1f5b521de19b,6f9a9c5f2856c8b3,Open,98.49392076768088,1.1574074074074072e-05,1,C1: Active Pipeline,,63.838432,63.838420737937646,,
da127d5112914225,9387d1da6d5967e1,6b7e1f5b521de19b,,Open,63065.43046534744,0.0,0,C0: High-Win,,351.94498,351.9449768066406,,
da12d49b4df959d8,6befd145c261113d,6b7e1f5b521de19b,,Open,97448.11793908857,1.1574074074074072e-05,3,C3: Large Open,,97.65421,97.65420137758608,,
da13e932c4999bf6,ac2a5ee6878db2c2,6b7e1f5b521de19b,d4f34f97b6d22a81,Open,13707.11230296319,1.1832060185185185,0,C0: High-Win,0.718,43.765427,42.58222061722367,9841.70663352757,3865.40566943562
da2210e2d36592d9,6befd145c261113d,6b7e1f5b521de19b,6f9a9c5f2856c8b3,Open,452.3750935109554,0.0069328703703703,1,C1: Active Pipeline,,72.90991,72.90297923900464,,
da24e7a6feb54c92,9387d1da6d5967e1,6b7e1f5b521de19b,,Open,5863.460546876247,1.1574074074074072e-05,0,C0: High-Win,,23.48898,23.488967765525537,,
da2f80d731913776,ef9b14cf5a29c54a,6b7e1f5b521de19b,d4f34f97b6d22a81,Open,74789.8556939744,6.932314814814815,3,C3: Large Open,,150.25493,143.32261377405237,,
da3c9c0c2fb6b668,1cdd086394501fee,6b7e1f5b521de19b,,Open,7021298.880091253,154.98006944444444,3,C3: Large Open,0.49,1595.467,1440.4869715711807,3440436.4512447137,3580862.428846539
da4b30bac262dd25,1cdd086394501fee,6b7e1f5b521de19b,,Open,9270.864526233152,0.0025810185185185,3,C3: Large Open,0.626,280.2205,280.2179084834346,5803.561193421953,3467.3033328111987
da4d7df86bc5518b,ef9b14cf5a29c54a,6b7e1f5b521de19b,,Open,89664.46366676311,1.1574074074074072e-05,0,C0: High-Win,,67.30514,67.30512606020326,,
da54c70c7c5309e4,ac2a5ee6878db2c2,6b7e1f5b521de19b,d4f34f97b6d22a81,Open,1.170863568534039,1.1574074074074072e-05,1,C1: Active Pipeline,,33.833874,33.833862174705224,,
da6cf310d847989d,1cdd086394501fee,6b7e1f5b521de19b,6f9a9c5f2856c8b3,Open,36142.35302411345,62.90563657407407,3,C3: Large Open,0.27,99.98299,37.07734987612124,9758.435316510633,26383.917707602817
da6db34e9c273c2d,ac2a5ee6878db2c2,062b9e5a52eb6d8e,28c9c64e5918b06e,Open,2980.375190480625,2.3148148148148147e-05,0,C0: High-Win,,65.46291,65.46289036503545,,
da6eb2dd28b11369,9387d1da6d5967e1,6b7e1f5b521de19b,,Open,4786.163932679293,1.1574074074074072e-05,3,C3: Large Open,,40.239487,40.239475120261865,,
da794f164f51e206,4928d3c96935fb3f,6b7e1f5b521de19b,d4f34f97b6d22a81,Open,1.170863568534039,2.3148148148148147e-05,1,C1: Active Pipeline,,64.44425,64.44422886601201,,
da8cda34bf1f0c3c,ac2a5ee6878db2c2,6b7e1f5b521de19b,,Open,1.170863568534039,2.3148148148148147e-05,1,C1: Active Pipeline,,66.81383,66.81380436650029,,
da8f0633b1b32e72,9387d1da6d5967e1,6b7e1f5b521de19b,,Open,5904.211328949516,1.1574074074074072e-05,0,C0: High-Win,,26.907759,26.907747138694482,,
da94b328c9aeb68c,6befd145c261113d,6b7e1f5b521de19b,,Open,425133.9459730765,265.9160185185185,3,C3: Large Open,0.324,255.2102,0.0,137743.39849527678,287390.5474777997
daa7ab37aee2bc3d,9387d1da6d5967e1,6b7e1f5b521de19b,,Open,1.170863568534039,93.8178125,1,C1: Active Pipeline,,221.73544,127.91763061523437,,
dab499a5ce3f1a19,ac2a5ee6878db2c2,6b7e1f5b521de19b,6f9a9c5f2856c8b3,Open,524313.090811537,3.472222222222222e-05,3,C3: Large Open,,498.57846,498.57842597113716,,
dace190c68ac37dd,9387d1da6d5967e1,6b7e1f5b521de19b,,Open,1.170863568534039,1.1574074074074072e-05,1,C1: Active Pipeline,,128.9445,128.9444922101056,,
dad3ec2d3f2de6d3,9387d1da6d5967e1,6b7e1f5b521de19b,,Open,125269.05530137332,48.04686342592593,0,C0: High-Win,0.792,107.74056,59.693699013038916,99213.09179868767,26055.963502685645
dae349f200951113,6befd145c261113d,6b7e1f5b521de19b,,Open,11164.548352985035,1.1574074074074072e-05,3,C3: Large Open,,85.80423,85.80421816225405,,
daeb676692749df2,9387d1da6d5967e1,6b7e1f5b521de19b,,Open,1.170863568534039,0.0,1,C1: Active Pipeline,,95.73601,95.73600769042969,,
db0d1150d6e50392,1cdd086394501fee,6b7e1f5b521de19b,6f9a9c5f2856c8b3,Open,10103.168967816006,0.0047106481481481,0,C0: High-Win,,55.690987,55.68627598515263,,
db0d8b220582edd1,ac2a5ee6878db2c2,6b7e1f5b521de19b,6f9a9c5f2856c8b3,Open,507.41135048779154,2.3148148148148147e-05,1,C1: Active Pipeline,,21.491232,21.491208770186812,,
db2267502609cef8,9387d1da6d5967e1,6b7e1f5b521de19b,,Open,11264.189824104717,992.9580787037036,3,C3: Large Open,0.136,335.90048,0.0,1531.9298160782416,9732.260008026475
db238c82e49b177f,a66943a59bca7bfd,255414ab73601d72,28c9c64e5918b06e,Open,1.170863568534039,1.1574074074074072e-05,1,C1: Active Pipeline,,57.151047,57.151035178855615,,
db35667a5db374ab,9387d1da6d5967e1,6b7e1f5b521de19b,,Open,2.4198904513070483,1.1574074074074072e-05,1,C1: Active Pipeline,,176.49704,176.4970282208478,,
db3b59f2dab60a4d,9387d1da6d5967e1,6b7e1f5b521de19b,,Open,25102.753943361105,1.1574074074074072e-05,3,C3: Large Open,,75.04519,75.04517732973451,,
db63652042437f59,6befd145c261113d,6b7e1f5b521de19b,6f9a9c5f2856c8b3,Open,98.49392076768088,20.803993055555555,1,C1: Active Pipeline,0.644,49.064526,28.260532548692492,63.43008497438649,35.06383579329439
db68c53017008ecd,1cdd086394501fee,6b7e1f5b521de19b,6f9a9c5f2856c8b3,Open,19968.38671997984,2.611296296296296,3,C3: Large Open,0.318,368.64316,366.0318616626881,6349.946976953589,13618.43974302625
db6a09f41d5b59d6,6befd145c261113d,6b7e1f5b521de19b,,Open,270801.9611719012,2.3148148148148147e-05,3,C3: Large Open,,58.163372,58.16334889164678,,
db760e95fc903b79,6befd145c261113d,6b7e1f5b521de19b,6f9a9c5f2856c8b3,Open,98.49392076768088,1.1574074074074072e-05,1,C1: Active Pipeline,,59.808136,59.80812441225405,,
db77c2df947879a9,1cdd086394501fee,6b7e1f5b521de19b,6f9a9c5f2856c8b3,Open,13358.89584683677,2.3148148148148147e-05,0,C0: High-Win,,48.975643,48.97562000981084,,
db7c8aae966daa8c,6befd145c261113d,6b7e1f5b521de19b,6f9a9c5f2856c8b3,Open,119715.07969252608,15.79949074074074,3,C3: Large Open,0.508,89.221176,73.4216854067202,60815.26048380325,58899.81920872283
db836925fc85ca78,6befd145c261113d,6b7e1f5b521de19b,6f9a9c5f2856c8b3,Open,2088.3697760257346,1.1574074074074072e-05,1,C1: Active Pipeline,,37.597485,37.597473014548974,,
db93848d9e08b02a,1cdd086394501fee,52838e14fa2f9ca3,,Open,5479.120830957844,1.1574074074074072e-05,3,C3: Large Open,,34.021194,34.02118288393374,,
db95c8fcdbb501e2,6befd145c261113d,6b7e1f5b521de19b,6f9a9c5f2856c8b3,Open,5817.509814766553,4.629629629629629e-05,2,C2: High-Win,,21.147047,21.147000746550383,,
dbb558f6d2913be2,4928d3c96935fb3f,6b7e1f5b521de19b,,Open,19774.79549531557,19.75465277777778,3,C3: Large Open,,214.72784,194.97319146050347,,
dbc85b343badd2de,6befd145c261113d,6b7e1f5b521de19b,,Open,9648.963805727815,1.1574074074074072e-05,3,C3: Large Open,,49.178337,49.178325523093896,,
dbd2a65e84078caf,ef9b14cf5a29c54a,6b7e1f5b521de19b,,Open,5156.0434447079615,1.1574074074074072e-05,0,C0: High-Win,,130.79167,130.7916601788556,,
dbd34f51e28999be,9387d1da6d5967e1,6b7e1f5b521de19b,d4f34f97b6d22a81,Open,465231.493683589,315.0051388888889,3,C3: Large Open,0.278,548.12964,233.1244997829861,129334.35524403775,335897.1384395512
dbdd99d3c639a85e,6befd145c261113d,6b7e1f5b521de19b,6f9a9c5f2856c8b3,Open,98.49392076768088,0.0004629629629629,1,C1: Active Pipeline,,65.20294,65.2024789315683,,
dbee05c005c9e7f8,1cdd086394501fee,6b7e1f5b521de19b,,Open,7622.275919791999,0.0001967592592592,3,C3: Large Open,0.698,253.02306,253.02285927101417,5320.348592014815,2301.927327777184
dbf043d99f1f4903,ac2a5ee6878db2c2,6b7e1f5b521de19b,6f9a9c5f2856c8b3,Open,368869.1381210446,1.1574074074074072e-05,3,C3: Large Open,,94.20696,94.20695101137514,,
dbf04ff7ba5e937c,ef9b14cf5a29c54a,6b7e1f5b521de19b,,Open,234554.616683702,218.03854166666667,3,C3: Large Open,0.162,150.57991,0.0,37997.84790275973,196556.76878094228
dbf2ebe9411c9588,1cdd086394501fee,94168341f8d9633e,,Open,266260.8990813679,1213.0738657407408,3,C3: Large Open,,487.5171,0.0,,
dbf89a48b2b9cd5b,1cdd086394501fee,062b9e5a52eb6d8e,,Open,1009.2107328123442,1.1574074074074072e-05,0,C0: High-Win,,22.622087,22.622075904563623,,
dbfac93c0fc0ce0a,6befd145c261113d,6b7e1f5b521de19b,6f9a9c5f2856c8b3,Open,415.3892283045608,2.3148148148148147e-05,1,C1: Active Pipeline,,25.744492,25.74446842900029,,
dc040661bb3f005f,4928d3c96935fb3f,6b7e1f5b521de19b,,Open,36077.87700023642,1.1574074074074072e-05,2,C2: High-Win,,18.95183,18.951818336204248,,
dc21191e25a7f839,6befd145c261113d,6b7e1f5b521de19b,6f9a9c5f2856c8b3,Open,21273.147061594493,1.1574074074074072e-05,3,C3: Large Open,,32.023056,32.023044456199365,,
dc31df9c79fbb17d,9387d1da6d5967e1,6b7e1f5b521de19b,,Open,2.4198904513070483,1077.0385185185185,1,C1: Active Pipeline,0.144,285.20624,0.0,0.34846422498821494,2.071426226318833
dc40f5ba8714cb77,9387d1da6d5967e1,6b7e1f5b521de19b,6f9a9c5f2856c8b3,Open,1.170863568534039,2.3148148148148147e-05,1,C1: Active Pipeline,,45.975803,45.975780227095996,,
dc4c5d71134950f4,1cdd086394501fee,fc3655a0b667e091,,Open,1064506.8667509402,627.0320717592592,3,C3: Large Open,0.268,758.9516,131.91952736183453,285287.840289252,779219.0264616882
dc4e4e2106587d9c,a66943a59bca7bfd,75c64824a2a4e380,28c9c64e5918b06e,Open,1.170863568534039,1.1574074074074072e-05,1,C1: Active Pipeline,,57.113533,57.11352144594546,,
dc5cbc3c54b935a1,1cdd086394501fee,6b7e1f5b521de19b,6f9a9c5f2856c8b3,Open,78.90766699718716,225.5325347222222,1,C1: Active Pipeline,0.244,69.03594,0.0,19.253470747313667,59.65419624987349
dc78d48c2b5bd189,9387d1da6d5967e1,6b7e1f5b521de19b,,Open,6590.9859511915865,0.0,0,C0: High-Win,,21.864225,21.864225387573242,,
dc7bed6abf06a5bf,1cdd086394501fee,6b7e1f5b521de19b,,Open,171076.20712173736,898.9841782407408,3,C3: Large Open,0.244,363.63327,0.0,41742.59453770392,129333.61258403344
dc90552123fe9f1c,4928d3c96935fb3f,6b7e1f5b521de19b,,Open,9505.078210184982,0.0,3,C3: Large Open,,203.57817,203.5781707763672,,
dcdaebb209d0329a,6befd145c261113d,6b7e1f5b521de19b,6f9a9c5f2856c8b3,Open,96033.70588575554,644.8894907407407,3,C3: Large Open,0.352,70.942245,0.0,33803.86447178595,62229.84141396959
dceb78e47e382924,9387d1da6d5967e1,6b7e1f5b521de19b,,Open,2.4198904513070483,1.1574074074074072e-05,1,C1: Active Pipeline,,88.150696,88.15068422670717,,
dced9b5b9ac5e85c,9387d1da6d5967e1,6b7e1f5b521de19b,d4f34f97b6d22a81,Open,524.1075465093295,187.0383101851852,1,C1: Active Pipeline,0.504,23.822084,0.0,264.15020344070206,259.95734306862744
dd10efd98f8c1b08,1cdd086394501fee,cca8e68b78e095c5,,Open,155239.08665771675,1.1574074074074072e-05,3,C3: Large Open,,98.6037,98.60368715639467,,
dd1c9cc533c73d54,6befd145c261113d,6b7e1f5b521de19b,6f9a9c5f2856c8b3,Open,3826638.9138281774,265.2203125,4,C4: Mid-Range,,258.08118,0.0,,
dd20509dfb439e49,6befd145c261113d,6b7e1f5b521de19b,,Open,29324.531411075328,256.9208912037037,3,C3: Large Open,0.12,225.27066,0.0,3518.9437693290392,25805.58764174629
dd313e781c1b6f7b,4928d3c96935fb3f,6b7e1f5b521de19b,,Open,777760.6524679924,200.1097337962963,3,C3: Large Open,,83.296,0.0,,
dd34bac6aa71258d,1cdd086394501fee,506023b3e03cfab3,,Open,1845240.0868962973,1.1574074074074072e-05,3,C3: Large Open,,653.81213,653.8121222149884,,
dd388f5756c1b227,a66943a59bca7bfd,ac6153076817c20f,28c9c64e5918b06e,Open,14681.803869642836,809.0469791666667,3,C3: Large Open,0.082,133.4491,0.0,1203.9079173107125,13477.895952332125
dd52b046f69a9661,6befd145c261113d,6b7e1f5b521de19b,6f9a9c5f2856c8b3,Open,3357.8283884528246,77.22851851851851,3,C3: Large Open,0.494,54.77568,0.0,1658.7672238956952,1699.0611645571294
dd647fd83e4884fb,1cdd086394501fee,6b7e1f5b521de19b,,Open,3303.290441942712,0.0002777777777777,3,C3: Large Open,,28.229675,28.22939751519097,,
dd7496319b028cc2,ef9b14cf5a29c54a,6b7e1f5b521de19b,,Open,60463.50329600173,1.1574074074074072e-05,2,C2: High-Win,,38.953133,38.95312105532046,,
dd99014c36f128c4,ac2a5ee6878db2c2,6b7e1f5b521de19b,6f9a9c5f2856c8b3,Open,1.170863568534039,1.1574074074074072e-05,4,C4: Mid-Range,,355.61627,355.6162603985822,,
dddee93b8d7d29cd,6befd145c261113d,6b7e1f5b521de19b,6f9a9c5f2856c8b3,Open,1.170863568534039,1.1574074074074072e-05,1,C1: Active Pipeline,,57.614037,57.61402498598452,,
dde4c87924364c47,9387d1da6d5967e1,6b7e1f5b521de19b,,Open,1.170863568534039,0.0,1,C1: Active Pipeline,,82.09616,82.09616088867188,,
ddf32fc7b99b9051,6befd145c261113d,6b7e1f5b521de19b,,Open,27408.52076378947,0.0,3,C3: Large Open,,49.57316,49.573158264160156,,
de11bcd1465c3d80,9387d1da6d5967e1,6b7e1f5b521de19b,,Open,2.4198904513070483,455.8593287037037,1,C1: Active Pipeline,0.106,107.729774,0.0,0.2565083878385471,2.163382063468501
de2e3a410fec3cc0,1cdd086394501fee,6b7e1f5b521de19b,,Open,387867.1651535003,1.1574074074074072e-05,3,C3: Large Open,,471.6356,471.6355780255353,,
de310f4cb6c3809a,6befd145c261113d,6b7e1f5b521de19b,6f9a9c5f2856c8b3,Open,307.1332733086347,1.1574074074074072e-05,1,C1: Active Pipeline,,19.54264,19.542629111961084,,
de36aad64e176437,6befd145c261113d,6b7e1f5b521de19b,6f9a9c5f2856c8b3,Open,98.49392076768088,2.3148148148148147e-05,1,C1: Active Pipeline,,59.65103,59.65100834599248,,
de5648409ff995b5,1cdd086394501fee,6b7e1f5b521de19b,,Open,1026.0738474975408,1.1574074074074072e-05,2,C2: High-Win,,20.46196,20.461948264793115,,
de5a6b0a17047080,9387d1da6d5967e1,6b7e1f5b521de19b,d4f34f97b6d22a81,Open,1.170863568534039,1.1574074074074072e-05,1,C1: Active Pipeline,,262.58948,262.58946596498845,,
de5c27ffda2c75a4,6befd145c261113d,6b7e1f5b521de19b,6f9a9c5f2856c8b3,Open,275.53074248920234,0.0015972222222222,1,C1: Active Pipeline,0.658,67.10485,67.10325354682075,181.29922855789513,94.23151393130719
de7146e6dbbc51a8,6befd145c261113d,6b7e1f5b521de19b,,Open,28671.39474498784,286.3985069444444,3,C3: Large Open,0.074,107.50824,0.0,2121.6832111291,26549.71153385874
de79dbeb5c43685d,9387d1da6d5967e1,6b7e1f5b521de19b,,Open,25102.753943361105,1.1574074074074072e-05,3,C3: Large Open,,112.019745,112.0197332989728,,
de8a3e04686bfde5,1cdd086394501fee,674ec33189ed753c,,Open,1.170863568534039,1.1574074074074072e-05,1,C1: Active Pipeline,,92.72329,92.72327791567201,,
de96c9177c7254e5,6befd145c261113d,6b7e1f5b521de19b,6f9a9c5f2856c8b3,Open,5290227.3968924405,2.3148148148148147e-05,3,C3: Large Open,0.448,177.82077,177.82074711552372,2370021.8738078135,2920205.5230846275
dea00017ee395466,1cdd086394501fee,6b7e1f5b521de19b,6f9a9c5f2856c8b3,Open,62415.76344741998,1.1574074074074072e-05,3,C3: Large Open,,347.50467,347.5046576153791,,
deb9135291ff8012,9387d1da6d5967e1,6b7e1f5b521de19b,,Open,120292.46982447834,8.925914351851851,3,C3: Large Open,0.49064285714285716,67.65316,58.72724574336299,59020.64108745298,61271.82873702535
debdebbe16771afa,9387d1da6d5967e1,6b7e1f5b521de19b,d4f34f97b6d22a81,Open,45884.096999189125,222.71729166666665,3,C3: Large Open,0.312,98.22551,0.0,14315.838263747008,31568.258735442116
debfc17613c2fb43,4928d3c96935fb3f,6b7e1f5b521de19b,6f9a9c5f2856c8b3,Open,721391.1250254059,81.9546412037037,3,C3: Large Open,0.344,228.14192,146.1872807933666,248158.5470087396,473232.5780166663
dec3ac076b171d01,6befd145c261113d,6b7e1f5b521de19b,,Open,870350.122287474,1.1574074074074072e-05,3,C3: Large Open,,141.51408,141.5140722882306,,
dec3df2e3f3a423a,6befd145c261113d,6b7e1f5b521de19b,6f9a9c5f2856c8b3,Open,14207.0605983268,187.85722222222225,0,C0: High-Win,,329.73218,141.87495551215275,,
decd37f9cd4ec314,1cdd086394501fee,a0d28553c7be77f0,,Open,512694.38075749215,265.7536111111111,3,C3: Large Open,0.536,387.03983,121.286214328342,274804.1880860158,237890.19267147634
ded0a5119ed90aef,ac2a5ee6878db2c2,6b7e1f5b521de19b,d4f34f97b6d22a81,Open,1.170863568534039,1.1574074074074072e-05,1,C1: Active Pipeline,,59.782845,59.78283296938296,,
defba1cfad030041,6befd145c261113d,6b7e1f5b521de19b,6f9a9c5f2856c8b3,Open,30155.009645862563,284.95979166666666,3,C3: Large Open,0.15,128.7182,0.0,4523.251446879384,25631.758198983178
df07502fe6a56bf3,6befd145c261113d,6b7e1f5b521de19b,6f9a9c5f2856c8b3,Open,25234.81584804484,4.629629629629629e-05,0,C0: High-Win,,23.969875,23.969829039397062,,
df4c060beac08077,6befd145c261113d,6b7e1f5b521de19b,6f9a9c5f2856c8b3,Open,64296.501116601474,4.629629629629629e-05,0,C0: High-Win,,38.314293,38.31424661141855,,
df4e8ee7c1373b88,ac2a5ee6878db2c2,6b7e1f5b521de19b,d4f34f97b6d22a81,Open,47010.40343887122,0.0001041666666666,3,C3: Large Open,,290.2522,290.2520930989583,,
df6e88f6ae768126,a66943a59bca7bfd,ac6153076817c20f,28c9c64e5918b06e,Open,2727665.306416676,62.56837962962963,3,C3: Large Open,0.132,258.3587,195.7903239836516,360051.82044700126,2367613.485969675
df9654922f7bb345,9387d1da6d5967e1,6b7e1f5b521de19b,,Open,1.170863568534039,1.1574074074074072e-05,1,C1: Active Pipeline,,110.47341,110.47339998598451,,
dfb5aed13971e0a0,ac2a5ee6878db2c2,6b7e1f5b521de19b,6f9a9c5f2856c8b3,Open,1.170863568534039,0.0,1,C1: Active Pipeline,,52.12026,52.12025833129883,,
dfd5916bc683f3b8,9387d1da6d5967e1,6b7e1f5b521de19b,,Open,2.4198904513070483,33.66730324074074,1,C1: Active Pipeline,0.51,102.31014,68.6428392763491,1.2341441301665947,1.1857463211404535
dfdc6663a1d1d83f,9387d1da6d5967e1,6b7e1f5b521de19b,,Open,25177.181736988998,1.1574074074074072e-05,0,C0: High-Win,,22.310688,22.310676444724756,,
dfe0f83d29bc26da,6befd145c261113d,6b7e1f5b521de19b,6f9a9c5f2856c8b3,Open,1.170863568534039,1.1574074074074072e-05,1,C1: Active Pipeline,,57.516594,57.516582359031396,,
dfe5158be4cc8597,6befd145c261113d,6b7e1f5b521de19b,6f9a9c5f2856c8b3,Open,1.170863568534039,0.0,1,C1: Active Pipeline,,51.921417,51.921417236328125,,
dff3598255685290,6befd145c261113d,6b7e1f5b521de19b,,Open,47342.09020576726,1.1574074074074072e-05,3,C3: Large Open,,57.69533,57.695319999412256,,
e00a07154bb1292c,a66943a59bca7bfd,fc3655a0b667e091,28c9c64e5918b06e,Open,2088471.4336413376,19.95489583333333,3,C3: Large Open,0.264,156.4772,136.5223075358073,551356.4584813132,1537114.9751600244
e01d50998eb8535a,ac2a5ee6878db2c2,6b7e1f5b521de19b,6f9a9c5f2856c8b3,Open,1.170863568534039,1.1574074074074072e-05,1,C1: Active Pipeline,,53.505577,53.50556551332827,,
e024f68a5b806c3d,ef9b14cf5a29c54a,6b7e1f5b521de19b,,Open,9296.113678496506,1.1574074074074072e-05,0,C0: High-Win,,58.548374,58.54836260195132,,
e030c8767bdf8669,6befd145c261113d,6b7e1f5b521de19b,6f9a9c5f2856c8b3,Open,212.02522749452675,3.472222222222222e-05,1,C1: Active Pipeline,,29.789984,29.789949027167427,,
e052698df3bf71d6,9387d1da6d5967e1,6b7e1f5b521de19b,,Open,3391.863497755878,1.1574074074074072e-05,0,C0: High-Win,,62.212894,62.21288286562319,,
e0661ca8b4bdd388,6befd145c261113d,6b7e1f5b521de19b,6f9a9c5f2856c8b3,Open,36754.75787348106,42.96171296296296,0,C0: High-Win,,58.530285,15.568571918628834,,
e08ba44317d87131,9387d1da6d5967e1,6b7e1f5b521de19b,,Open,2.4198904513070483,1.1574074074074072e-05,1,C1: Active Pipeline,,96.94533,96.94531618471498,,
e0d1ac1e8e82a2de,1cdd086394501fee,6b7e1f5b521de19b,6f9a9c5f2856c8b3,Open,12932.87881763806,0.0091550925925925,0,C0: High-Win,0.448,97.32133,97.31217211688006,5793.929710301851,7138.94910733621
e0dcc5d181e055ec,ac2a5ee6878db2c2,6b7e1f5b521de19b,6f9a9c5f2856c8b3,Open,1.170863568534039,0.0,1,C1: Active Pipeline,,67.79279,67.79279327392578,,
e0de919a865813bd,6befd145c261113d,6b7e1f5b521de19b,,Open,2351791.856538048,0.0544212962962962,3,C3: Large Open,,1422.1395,1422.0851050708911,,
e0ee34bfa27a8f38,1cdd086394501fee,6b7e1f5b521de19b,,Open,9270.864526233152,297.8000578703704,3,C3: Large Open,0.638,296.86157,0.0,5914.811567736751,3356.052958496401
e1035354f2e6e1ec,9387d1da6d5967e1,6b7e1f5b521de19b,,Open,5083.8994500666495,224.7780555555556,3,C3: Large Open,0.262,69.351,0.0,1331.9816559174621,3751.917794149187
e107cabc565aaa41,a66943a59bca7bfd,77c27bf8a409b6bb,28c9c64e5918b06e,Open,147939.9301382573,1.9922453703703704,3,C3: Large Open,0.468,105.441864,103.4496186433015,69235.88730470442,78704.04283355288
e1154db10d02dc0d,a66943a59bca7bfd,ddbd249e57ed6b40,28c9c64e5918b06e,Open,366.1536318758629,0.0347800925925925,1,C1: Active Pipeline,,59.990135,59.9553551002785,,
e117ad6a47a86b37,6befd145c261113d,6b7e1f5b521de19b,6f9a9c5f2856c8b3,Open,66274.96248588935,17.282685185185183,3,C3: Large Open,,236.85118,219.56849584508825,,
e11acd701eba727e,6befd145c261113d,6b7e1f5b521de19b,6f9a9c5f2856c8b3,Open,1.170863568534039,1.1574074074074072e-05,1,C1: Active Pipeline,,71.48699,71.48698030825014,,
e12b4b5cf5645b9f,6befd145c261113d,6b7e1f5b521de19b,,Open,23783.64824935763,0.0,3,C3: Large Open,,31.049143,31.049142837524414,,
e13a404b1cbc38f1,9387d1da6d5967e1,6b7e1f5b521de19b,d4f34f97b6d22a81,Open,3303.290441942712,0.0,1,C1: Active Pipeline,,359.1727,359.1726989746094,,
e13bec3b480c0db1,1cdd086394501fee,6b7e1f5b521de19b,6f9a9c5f2856c8b3,Open,2625.6206839997444,64.87069444444444,3,C3: Large Open,0.404,72.466644,7.595949842664936,1060.7507563358968,1564.8699276638476
e13d19ad566420de,1cdd086394501fee,6b7e1f5b521de19b,6f9a9c5f2856c8b3,Open,1.170863568534039,1.1574074074074072e-05,1,C1: Active Pipeline,,84.24219,84.24217592592592,,
e1451f7d6da53b59,ac2a5ee6878db2c2,6b7e1f5b521de19b,6f9a9c5f2856c8b3,Open,1556722.6361786912,0.0002083333333333,3,C3: Large Open,,1433.2579,1433.2577262369791,,
e1537ca817142445,6befd145c261113d,6b7e1f5b521de19b,6f9a9c5f2856c8b3,Open,98.49392076768088,29.168576388888887,1,C1: Active Pipeline,0.712,47.341694,18.17311748928494,70.12767158658878,28.366249181092094
e15c8a1043dd6ae0,ac2a5ee6878db2c2,6b7e1f5b521de19b,6f9a9c5f2856c8b3,Open,1.170863568534039,0.0,1,C1: Active Pipeline,,50.32413,50.32413101196289,,
e18380994edc2d0b,9387d1da6d5967e1,6b7e1f5b521de19b,,Open,29324.531411075328,1.1574074074074072e-05,3,C3: Large Open,,130.22685,130.2268408429181,,
e189937268b4eb4f,6befd145c261113d,6b7e1f5b521de19b,6f9a9c5f2856c8b3,Open,22956429.03404737,293.8352199074074,3,C3: Large Open,0.532,288.115,0.0,12212820.246113202,10743608.787934167
e18ef694db389534,ac2a5ee6878db2c2,6b7e1f5b521de19b,,Open,1.170863568534039,70.023125,1,C1: Active Pipeline,0.106,121.121124,51.09799926757813,0.12411153826460812,1.0467520302694309
e1ac00b39273d16b,6befd145c261113d,6b7e1f5b521de19b,,Open,1601794.3525755194,245.7410648148148,3,C3: Large Open,0.356,989.7896,744.0485470015915,570238.7895168848,1031555.5630586345
e1c681830495c2f0,9387d1da6d5967e1,6b7e1f5b521de19b,d4f34f97b6d22a81,Open,37.169431562248754,1.1574074074074072e-05,1,C1: Active Pipeline,,48.717373,48.71736132021304,,
e1c9dd78341fc629,9387d1da6d5967e1,6b7e1f5b521de19b,,Open,35845.270270304114,0.0,3,C3: Large Open,,87.95768,87.95767974853516,,
e1d3533a7b1a055f,6befd145c261113d,6b7e1f5b521de19b,,Open,147782.212188992,1.1574074074074072e-05,3,C3: Large Open,,71.0374,71.03738771791811,,
e1e01f9b8eaa7929,6befd145c261113d,6b7e1f5b521de19b,6f9a9c5f2856c8b3,Open,132487.55310767834,3.472222222222222e-05,0,C0: High-Win,,40.818127,40.81809195624457,,
e1e57930b0f9debe,6befd145c261113d,6b7e1f5b521de19b,,Open,1.170863568534039,77.20016203703703,1,C1: Active Pipeline,0.328,103.28801,26.087847606517656,0.38404325047916477,0.7868203180548741
e1fc71b84c4fe079,9387d1da6d5967e1,6b7e1f5b521de19b,,Open,54608.54408792734,63.83251157407408,0,C0: High-Win,,52.272465,0.0,,
e20ad634d8733d57,9387d1da6d5967e1,6b7e1f5b521de19b,,Open,2.4198904513070483,7.028194444444445,1,C1: Active Pipeline,,137.29507,130.2668800184462,,
e212d8ddb44ef000,6befd145c261113d,6b7e1f5b521de19b,6f9a9c5f2856c8b3,Open,921406.0420554528,6.944444444444444e-05,0,C0: High-Win,,528.7216,528.7215492078993,,
e2132048c83d667e,6befd145c261113d,6b7e1f5b521de19b,6f9a9c5f2856c8b3,Open,895404.2178522843,0.0001504629629629,3,C3: Large Open,,77.79995,77.79979918303313,,
e226e6e050aa835f,a66943a59bca7bfd,062b9e5a52eb6d8e,28c9c64e5918b06e,Open,12405.253844863722,491.7526273148148,3,C3: Large Open,0.212,72.28377,0.0,2629.913815111109,9775.340029752613
e2360547b2d48c44,1cdd086394501fee,6b7e1f5b521de19b,6f9a9c5f2856c8b3,Open,478.8605393603744,0.7802083333333333,0,C0: High-Win,0.778,23.443096,22.662887827555338,372.5534996223713,106.3070397380031
e23e05d0f22d0c99,6befd145c261113d,6b7e1f5b521de19b,6f9a9c5f2856c8b3,Open,415.3892283045608,2.3148148148148147e-05,1,C1: Active Pipeline,,18.679026,18.679002501876266,,
e23fba7ceef73664,6befd145c261113d,6b7e1f5b521de19b,d4f34f97b6d22a81,Open,1206.0482706228593,0.0001967592592592,0,C0: High-Win,,41.282352,41.282155688250505,,
e23fc0214b3cff62,9387d1da6d5967e1,6b7e1f5b521de19b,,Open,5186.502594949308,2.3148148148148147e-05,3,C3: Large Open,0.166,92.817604,92.81758091679326,860.9594307615853,4325.543164187723
e24b1e81723458b8,1cdd086394501fee,6b7e1f5b521de19b,6f9a9c5f2856c8b3,Open,1.170863568534039,1.1574074074074072e-05,1,C1: Active Pipeline,,57.032894,57.03288256044741,,
e24c2d2f80d2c976,6befd145c261113d,6b7e1f5b521de19b,,Open,10065.192201816126,1.1574074074074072e-05,3,C3: Large Open,,107.68088,107.6808661114728,,
e26fd752de8fb12d,ac2a5ee6878db2c2,6b7e1f5b521de19b,6f9a9c5f2856c8b3,Open,14726.474679499686,0.0122800925925925,3,C3: Large Open,0.372,342.16278,342.15050066912613,5478.248580773883,9248.226098725803
e271d71e2c79b752,1cdd086394501fee,6b7e1f5b521de19b,6f9a9c5f2856c8b3,Open,1.170863568534039,0.0,1,C1: Active Pipeline,,105.62559,105.6255874633789,,
e277dd043c801567,ef9b14cf5a29c54a,6b7e1f5b521de19b,,Open,2.4198904513070483,657.0986574074074,2,C2: High-Win,0.628,363.07846,0.0,1.5196912034208263,0.900199247886222
e280b0f208fb4bb5,6befd145c261113d,6b7e1f5b521de19b,6f9a9c5f2856c8b3,Open,365.2326909546836,1.1574074074074072e-05,1,C1: Active Pipeline,,20.69143,20.69141756410952,,
e29a3dbe7d29c281,6befd145c261113d,6b7e1f5b521de19b,6f9a9c5f2856c8b3,Open,98.49392076768088,57.86775462962963,1,C1: Active Pipeline,0.321,67.75298,9.885228463632089,31.61654856642556,66.87737220125533
e29ae0fe74abf912,6befd145c261113d,6b7e1f5b521de19b,d4f34f97b6d22a81,Open,84.08580196246166,2.3148148148148147e-05,1,C1: Active Pipeline,,51.204395,51.20437214604131,,
e2a5a3d3d5de2987,9387d1da6d5967e1,6b7e1f5b521de19b,,Open,1190804.539479899,274.1764351851852,3,C3: Large Open,0.52,830.67096,556.494524287471,619218.3605295474,571586.1789503515
e2ab1ded44c16104,a66943a59bca7bfd,75c64824a2a4e380,28c9c64e5918b06e,Open,108900.21860561076,1.1574074074074072e-05,3,C3: Large Open,,78.92055,78.92053591127748,,
e2ae9c05a09af8fa,ac2a5ee6878db2c2,6b7e1f5b521de19b,6f9a9c5f2856c8b3,Open,363720.41349962575,300.0738078703704,2,C2: High-Win,0.684,20.535131,0.0,248784.76283374403,114935.65066588172
e2b77495819b265e,1cdd086394501fee,674ec33189ed753c,,Open,2997767.3059456446,1.1574074074074072e-05,3,C3: Large Open,,1643.6411,1643.641101707176,,
e2b7b314e4e9e7cb,a66943a59bca7bfd,75c64824a2a4e380,28c9c64e5918b06e,Open,227201.4077257852,126.20607638888887,0,C0: High-Win,0.616,186.1676,59.961526150173626,139956.06715908367,87245.34056670152
e2ccf6f09c16367e,9387d1da6d5967e1,6b7e1f5b521de19b,28c9c64e5918b06e,Open,338.4791605241916,34.97576388888889,4,C4: Mid-Range,,134.25496,99.27919521755642,,
e2dc45e1890292a2,ac2a5ee6878db2c2,6b7e1f5b521de19b,6f9a9c5f2856c8b3,Open,16235.8331145881,20.982256944444444,3,C3: Large Open,,232.50832,211.52605909559463,,
e2f333d90747aed7,ef9b14cf5a29c54a,6b7e1f5b521de19b,,Open,5655.969519442425,1.1574074074074072e-05,2,C2: High-Win,,23.758099,23.75808702822085,,
e2fbc67e07e73a4a,ac2a5ee6878db2c2,6b7e1f5b521de19b,6f9a9c5f2856c8b3,Open,174435.68867018775,414.72903935185184,3,C3: Large Open,0.688,72.35753,0.0,120011.75380508916,54423.934865098585
e2fc7b390daacaf8,9387d1da6d5967e1,6b7e1f5b521de19b,,Open,79232.27559614163,0.0144444444444444,3,C3: Large Open,0.648,32.36935,32.354905988905166,51342.514586299774,27889.76100984185
e320ca0cb357b76f,4928d3c96935fb3f,6b7e1f5b521de19b,,Open,6341.968499316983,0.0,3,C3: Large Open,0.64,64.92654,64.9265365600586,4058.859839562869,2283.108659754114
e3344fb4b576f314,1cdd086394501fee,6b7e1f5b521de19b,6f9a9c5f2856c8b3,Open,17661.176610564533,2.3148148148148147e-05,2,C2: High-Win,,30.015463,30.015439727218062,,
e362d036b6210bdb,a66943a59bca7bfd,cca8e68b78e095c5,28c9c64e5918b06e,Open,1.170863568534039,1.1574074074074072e-05,1,C1: Active Pipeline,,56.90666,56.90664659853335,,
e3631fae1b1cd2a5,6befd145c261113d,6b7e1f5b521de19b,,Open,6095.016392785702,1.1574074074074072e-05,3,C3: Large Open,,92.59022,92.59020601625795,,
e36bde472cd0bd7c,6befd145c261113d,6b7e1f5b521de19b,6f9a9c5f2856c8b3,Open,26001.011127649384,0.968287037037037,0,C0: High-Win,0.794,47.936127,46.96783967194734,20644.802835353614,5356.2082922957725
e3775446fd3daaba,6befd145c261113d,6b7e1f5b521de19b,6f9a9c5f2856c8b3,Open,2771.895993202253,1.1574074074074072e-05,1,C1: Active Pipeline,,48.211723,48.211711753562646,,
e3862bb017b75420,ac2a5ee6878db2c2,6b7e1f5b521de19b,6f9a9c5f2856c8b3,Open,98.49392076768088,20.88234953703704,1,C1: Active Pipeline,0.658,37.01361,16.13126130280671,64.80899986513401,33.68492090254686
e39acdd13883135f,a66943a59bca7bfd,6b7e1f5b521de19b,28c9c64e5918b06e,Open,24696.398741469373,476.6166435185185,3,C3: Large Open,0.208,51.87823,0.0,5136.85093822563,19559.547803243746
e3b03f1a2584e2f3,ac2a5ee6878db2c2,6b7e1f5b521de19b,6f9a9c5f2856c8b3,Open,1.170863568534039,1.1574074074074072e-05,1,C1: Active Pipeline,,50.487957,50.48794542665835,,
e3b39a0cb74dae0f,6befd145c261113d,6b7e1f5b521de19b,6f9a9c5f2856c8b3,Open,429.44263108864567,2.3148148148148147e-05,1,C1: Active Pipeline,,19.359554,19.359531142623336,,
e3b3a3c1ef38a2bd,ac2a5ee6878db2c2,6b7e1f5b521de19b,6f9a9c5f2856c8b3,Open,109164.83501514448,0.0071296296296296,3,C3: Large Open,,259.16232,259.15519336841726,,
e3ba2049b38d1ae7,6befd145c261113d,6b7e1f5b521de19b,6f9a9c5f2856c8b3,Open,1.170863568534039,2.3148148148148147e-05,1,C1: Active Pipeline,,73.76418,73.76415989628545,,
e3bad05f3b32ba10,ef9b14cf5a29c54a,6b7e1f5b521de19b,,Open,2.4198904513070483,1.1574074074074072e-05,1,C1: Active Pipeline,,95.78889,95.7888754498517,,
e3ef2b8f894901ae,a66943a59bca7bfd,75c64824a2a4e380,28c9c64e5918b06e,Open,85275.51026704961,0.0147800925925925,0,C0: High-Win,0.67,88.04357,88.02879137957538,57134.591878923246,28140.918388126367
e40afc8e124c8f1d,9387d1da6d5967e1,6b7e1f5b521de19b,,Open,35845.270270304114,0.0,3,C3: Large Open,,72.93578,72.93578338623047,,
e4146adf4912a17b,9387d1da6d5967e1,6b7e1f5b521de19b,,Open,25102.753943361105,110.02226851851852,3,C3: Large Open,0.266,85.43817,0.0,6677.332548934054,18425.421394427052
e41fc08ab1578f91,ac2a5ee6878db2c2,6b7e1f5b521de19b,6f9a9c5f2856c8b3,Open,1584582.6782558926,760.668599537037,3,C3: Large Open,0.314,1305.803,545.134378978588,497558.96097235027,1087023.7172835423
e4217718fae437b9,9387d1da6d5967e1,6b7e1f5b521de19b,,Open,1.170863568534039,2.3148148148148147e-05,1,C1: Active Pipeline,,105.39054,105.39051792851201,,
e4404e56c4cbd18e,ac2a5ee6878db2c2,6b7e1f5b521de19b,6f9a9c5f2856c8b3,Open,975310.492707754,318.0617824074074,3,C3: Large Open,0.312,549.3186,231.2568211082176,304296.8737248193,671013.6189829347
e441719e50b1da28,9387d1da6d5967e1,6b7e1f5b521de19b,d4f34f97b6d22a81,Open,13347.402500248763,231.94483796296296,3,C3: Large Open,0.072,34.970184,0.0,961.0129800179109,12386.389520230852
e44507968272cfe5,a66943a59bca7bfd,38080774be85927f,28c9c64e5918b06e,Open,515051.67209898937,2.3148148148148147e-05,3,C3: Large Open,,481.17493,481.17490360966434,,
e45d17a9f319c647,6befd145c261113d,6b7e1f5b521de19b,,Open,11488.074437613845,1.1574074074074072e-05,3,C3: Large Open,,61.678616,61.67860399599429,,
e461af35a456fef3,9387d1da6d5967e1,6b7e1f5b521de19b,,Open,44221.55023492643,0.011724537037037,3,C3: Large Open,,80.73686,80.72513764558015,,
e46458cd4e78ad05,9387d1da6d5967e1,6b7e1f5b521de19b,,Open,1.170863568534039,139.0363888888889,1,C1: Active Pipeline,0.196,320.17462,181.13823269314236,0.22948925943267165,0.9413743091013673
e47ca96be76ae0ee,1cdd086394501fee,6b7e1f5b521de19b,,Open,1.170863568534039,2.3148148148148147e-05,1,C1: Active Pipeline,,72.14331,72.14328739872686,,
e481439a4ea04904,6befd145c261113d,6b7e1f5b521de19b,6f9a9c5f2856c8b3,Open,201.84424621216476,0.0001273148148148,1,C1: Active Pipeline,,127.591965,127.59183740686487,,
e48208c388c3dcc8,ac2a5ee6878db2c2,6b7e1f5b521de19b,6f9a9c5f2856c8b3,Open,1589202.6235374336,0.0003703703703703,0,C0: High-Win,,867.05664,867.0562702546297,,
e498c937a1e88fc9,ac2a5ee6878db2c2,6b7e1f5b521de19b,d4f34f97b6d22a81,Open,53704.65332939547,0.010474537037037,3,C3: Large Open,,77.335205,77.32473054108796,,
e4a52288aee29cc2,6befd145c261113d,6b7e1f5b521de19b,,Open,860345.2341691502,1.1574074074074072e-05,0,C0: High-Win,0.374,139.60327,139.60325991030092,321769.1175792622,538576.116589888
e4c71f8f77a28c09,ac2a5ee6878db2c2,6b7e1f5b521de19b,d4f34f97b6d22a81,Open,1.170863568534039,0.0,1,C1: Active Pipeline,,89.16925,89.16925048828125,,
e4cc3f39994ea14f,1cdd086394501fee,6b7e1f5b521de19b,6f9a9c5f2856c8b3,Open,259462.56037987492,3.472222222222222e-05,0,C0: High-Win,,56.55437,56.55433615790473,,
e4d433c54aa6ae70,ac2a5ee6878db2c2,6b7e1f5b521de19b,6f9a9c5f2856c8b3,Open,1.170863568534039,0.0,1,C1: Active Pipeline,,77.59725,77.59725189208984,,
e4d4a3f45ff86fc8,a66943a59bca7bfd,7608f4f5fafe9b10,28c9c64e5918b06e,Open,1.170863568534039,52.861921296296295,1,C1: Active Pipeline,0.318,97.13551,44.27359200936777,0.3723346147938244,0.7985289537402145
e4d4fd53e756ca65,ac2a5ee6878db2c2,6b7e1f5b521de19b,d4f34f97b6d22a81,Open,93614.85951999087,0.0698958333333333,3,C3: Large Open,0.212,348.00015,347.9302567545573,19846.350218238065,73768.50930175281
e4db00f9d6777889,a66943a59bca7bfd,bb25152d8e0211c1,28c9c64e5918b06e,Open,1.170863568534039,1.1574074074074072e-05,1,C1: Active Pipeline,,51.713013,51.71300112123843,,
e4dea5d1842e336d,ac2a5ee6878db2c2,6b7e1f5b521de19b,d4f34f97b6d22a81,Open,1.170863568534039,2.3148148148148147e-05,1,C1: Active Pipeline,,138.04791,138.0478894495081,,
e4eaf43bc8642440,9387d1da6d5967e1,6b7e1f5b521de19b,d4f34f97b6d22a81,Open,8301.906035085305,2.3148148148148147e-05,3,C3: Large Open,,39.04178,39.04175541630498,,
e5076f49b533eb35,9387d1da6d5967e1,6b7e1f5b521de19b,,Open,2.4198904513070483,0.0,1,C1: Active Pipeline,,86.21826,86.21826171875,,
e51bd25871b7f73c,ac2a5ee6878db2c2,6b7e1f5b521de19b,d4f34f97b6d22a81,Open,44849.547227641175,85.15863425925926,3,C3: Large Open,0.076,131.31284,46.154201434100116,3408.5655893007292,41440.98163834045
e521ef5c57e27df0,1cdd086394501fee,6b7e1f5b521de19b,6f9a9c5f2856c8b3,Open,2659.944631809295,410.0711111111111,3,C3: Large Open,0.24,54.174686,0.0,638.3867116342308,2021.5579201750643
e53d43a558f8aa23,9387d1da6d5967e1,6b7e1f5b521de19b,,Open,5186.502594949308,1.1574074074074072e-05,3,C3: Large Open,0.19,92.817604,92.81759249086733,985.4354930403686,4201.0671019089405
e5423777581deee0,6befd145c261113d,6b7e1f5b521de19b,,Open,40882.78265293119,0.0,3,C3: Large Open,,309.22195,309.2219543457031,,
e5532e8c70ecf50c,ac2a5ee6878db2c2,6b7e1f5b521de19b,d4f34f97b6d22a81,Open,7609.39733685162,0.0047453703703703,0,C0: High-Win,,51.266422,51.26167690135814,,
e56ae7fc3b9935a7,9387d1da6d5967e1,6b7e1f5b521de19b,d4f34f97b6d22a81,Open,2581.018322439318,42.297858796296296,3,C3: Large Open,0.456,75.951416,33.653557219328704,1176.9443550323292,1404.0739674069891
e58fffbd5454bb63,9387d1da6d5967e1,6b7e1f5b521de19b,,Open,16666.174154029697,99.20866898148148,3,C3: Large Open,0.328,120.39445,21.185778345178676,5466.505122521741,11199.669031507956
e5a67430e0ad2a68,6befd145c261113d,6b7e1f5b521de19b,,Open,11535.556033799405,2.3148148148148147e-05,3,C3: Large Open,,121.481125,121.48110172978154,,
e5acbfbd1b75bd14,9387d1da6d5967e1,6b7e1f5b521de19b,,Open,38810.176158293565,0.0,0,C0: High-Win,,325.8234,325.8233947753906,,
e5c34fe761c57571,a66943a59bca7bfd,38080774be85927f,d4f34f97b6d22a81,Open,1.170863568534039,1.1574074074074072e-05,1,C1: Active Pipeline,,64.63638,64.63637148256655,,
e5c6f8b981449d90,6befd145c261113d,6b7e1f5b521de19b,6f9a9c5f2856c8b3,Open,98.49392076768088,0.0010532407407407,1,C1: Active Pipeline,,62.414978,62.41392478660301,,
e5e15292594e49fe,4928d3c96935fb3f,6b7e1f5b521de19b,,Open,30405.58043486053,2.3148148148148147e-05,3,C3: Large Open,,27.303228,27.30320523014775,,
e5e95b9a14d9310c,ac2a5ee6878db2c2,6b7e1f5b521de19b,,Open,1.170863568534039,1.1574074074074072e-05,1,C1: Active Pipeline,,85.51252,85.5125082623517,,
e5fac9cb33deaf6a,ac2a5ee6878db2c2,6b7e1f5b521de19b,6f9a9c5f2856c8b3,Open,234831.1076762228,423.9353009259259,3,C3: Large Open,0.5,426.3114,2.376100441261599,117415.5538381114,117415.5538381114
e5ff926501d9d936,6befd145c261113d,6b7e1f5b521de19b,6f9a9c5f2856c8b3,Open,1.170863568534039,0.0,1,C1: Active Pipeline,,58.07718,58.077178955078125,,
e606ac0c86937a95,6befd145c261113d,6b7e1f5b521de19b,6f9a9c5f2856c8b3,Open,297873.1712994173,166.9247685185185,4,C4: Mid-Range,,118.02016,0.0,,
e6162e2eb02dc957,4928d3c96935fb3f,6b7e1f5b521de19b,,Open,9648.963805727815,1.1574074074074072e-05,3,C3: Large Open,,32.126633,32.126621116355615,,
e63ed98648c711ba,ef9b14cf5a29c54a,6b7e1f5b521de19b,,Open,470311.68177415984,1.1574074074074072e-05,0,C0: High-Win,,237.94594,237.94592653627748,,
e640c2973f5b2a2c,9387d1da6d5967e1,6b7e1f5b521de19b,,Open,89664.46366676311,1.1574074074074072e-05,3,C3: Large Open,,84.838394,84.83838259096498,,
e645a7f8a10e99fd,ef9b14cf5a29c54a,6b7e1f5b521de19b,,Open,205338.18697697617,1.1574074074074072e-05,0,C0: High-Win,,60.799534,60.79952226992007,,
e6601875ab5e8b4c,1cdd086394501fee,6b7e1f5b521de19b,6f9a9c5f2856c8b3,Open,50266.15348121485,83.27630787037037,3,C3: Large Open,0.096,126.54785,43.271543692129626,4825.550734196626,45440.60274701823
e6644af325646a89,1cdd086394501fee,6b7e1f5b521de19b,6f9a9c5f2856c8b3,Open,1.170863568534039,1.1574074074074072e-05,1,C1: Active Pipeline,,51.844067,51.844055045798974,,
e66542f0a266a588,a66943a59bca7bfd,6b7e1f5b521de19b,28c9c64e5918b06e,Open,22754.51045725277,402.08197916666666,3,C3: Large Open,0.294,336.1732,0.0,6689.826074432314,16064.684382820455
e669671029eac0b5,9387d1da6d5967e1,6b7e1f5b521de19b,,Open,28573.483992041623,19.1421875,3,C3: Large Open,0.458,94.0675,74.92530975341796,13086.655668355064,15486.82832368656
e6b084fca174f754,6befd145c261113d,6b7e1f5b521de19b,6f9a9c5f2856c8b3,Open,220114.68612241832,3.057372685185185,0,C0: High-Win,,49.268986,46.21161306310583,,
e6b1bdcfc96eafd4,9387d1da6d5967e1,6b7e1f5b521de19b,d4f34f97b6d22a81,Open,43155.222259031856,13.906863425925923,3,C3: Large Open,0.22,142.10054,128.19367673520688,9494.148896987008,33661.07336204485
e6d4642ef497cf68,9387d1da6d5967e1,6b7e1f5b521de19b,,Open,25102.753943361105,50.40150462962963,3,C3: Large Open,0.2750909090909091,85.70111,35.29960621021412,6905.53940296461,18197.214540396497
e712f9ae34469fa7,6befd145c261113d,6b7e1f5b521de19b,6f9a9c5f2856c8b3,Open,1.170863568534039,1.1574074074074072e-05,1,C1: Active Pipeline,,57.614037,57.61402498598452,,
e71770d557f3e6e1,4928d3c96935fb3f,6b7e1f5b521de19b,,Open,9648.963805727815,1.1574074074074072e-05,3,C3: Large Open,,31.383638,31.383626807883935,,
e717b77942ca0f45,6befd145c261113d,6b7e1f5b521de19b,cd39fc3b76d2fe33,Open,11497240.65896303,594.9021412037036,3,C3: Large Open,0.576,1526.9929,932.0907787181714,6622410.619562705,4874830.039400325
e728040c304e3198,9387d1da6d5967e1,6b7e1f5b521de19b,,Open,1.170863568534039,265.7668287037037,1,C1: Active Pipeline,0.088,148.9279,0.0,0.10303599403099542,1.0678275745030437
e73857a7adfe27ff,1cdd086394501fee,6b7e1f5b521de19b,,Open,1.170863568534039,1.1574074074074072e-05,1,C1: Active Pipeline,,59.267258,59.267246116355615,,
e73a8bac842a2f52,a66943a59bca7bfd,3a0b5f22d7e66ffc,28c9c64e5918b06e,Open,1.170863568534039,1.1574074074074072e-05,1,C1: Active Pipeline,,153.05151,153.05150209780092,,
e741da903e64dfe9,9387d1da6d5967e1,6b7e1f5b521de19b,d4f34f97b6d22a81,Open,7289.423754136412,99.00508101851852,3,C3: Large Open,0.218,133.93015,34.92506424515335,1589.0943784017377,5700.329375734675
e746dbee8bf988b5,9387d1da6d5967e1,6b7e1f5b521de19b,,Open,11264.189824104717,2.3148148148148147e-05,3,C3: Large Open,,111.5428,111.54277775517217,,
e74f71322d2a9e77,1cdd086394501fee,6b7e1f5b521de19b,6f9a9c5f2856c8b3,Open,1014495.6558850628,35.905462962962964,3,C3: Large Open,0.41,69.78942,33.883958118580004,415943.2189128757,598552.4369721871
e75116dfe3c0760b,4928d3c96935fb3f,6b7e1f5b521de19b,,Open,23283.866037275693,1.1574074074074072e-05,3,C3: Large Open,,32.465572,32.46556078310366,,
e75f3023bc4461e9,a66943a59bca7bfd,7545e34e09ae9cad,28c9c64e5918b06e,Open,1407827.0849780522,7.944699074074074,3,C3: Large Open,,119.59443,111.6497299420392,,
e762429c89d95c30,6befd145c261113d,6b7e1f5b521de19b,,Open,50266.15348121485,632.871712962963,3,C3: Large Open,0.228,98.964325,0.0,11460.682993716988,38805.47048749787
e7837f49b683267b,1cdd086394501fee,6b7e1f5b521de19b,,Open,1.170863568534039,0.0,1,C1: Active Pipeline,,50.414932,50.41493225097656,,
e7864cf1404b5fef,ac2a5ee6878db2c2,6b7e1f5b521de19b,6f9a9c5f2856c8b3,Open,429477.9996324568,25.85068287037037,3,C3: Large Open,,238.3535,212.50281749584056,,
e78ec8d94bd9ab11,9387d1da6d5967e1,6b7e1f5b521de19b,,Open,61896.72392434676,0.0016782407407407,3,C3: Large Open,0.49,424.36212,424.36044334129053,30329.394722929912,31567.32920141685
e791dbfd27011cf1,ef9b14cf5a29c54a,6b7e1f5b521de19b,,Open,302484.1738486751,1.1574074074074072e-05,0,C0: High-Win,,62.24435,62.24433885927554,,
e79e4c69c7d8221a,ac2a5ee6878db2c2,6b7e1f5b521de19b,6f9a9c5f2856c8b3,Open,450205.6605778044,13.922986111111111,3,C3: Large Open,0.844,49.334316,35.411330142550995,379973.5775276669,70232.08305013749
e7bbb3420693fbd4,6befd145c261113d,6b7e1f5b521de19b,6f9a9c5f2856c8b3,Open,1.170863568534039,1.1574074074074072e-05,1,C1: Active Pipeline,,52.566452,52.566440452293115,,
e7d057a6184c2178,9387d1da6d5967e1,6b7e1f5b521de19b,d4f34f97b6d22a81,Open,33674.2230102896,246.9562962962963,3,C3: Large Open,0.358,75.4691,0.0,12055.371837683677,21618.851172605922
e7d68389dcad2fcf,ac2a5ee6878db2c2,6b7e1f5b521de19b,6f9a9c5f2856c8b3,Open,1.170863568534039,0.0,1,C1: Active Pipeline,,46.25714,46.25714111328125,,
e7d6cad2c7529afd,ac2a5ee6878db2c2,6b7e1f5b521de19b,,Open,1.170863568534039,1.1574074074074072e-05,1,C1: Active Pipeline,,60.99269,60.99267946596499,,
e7ee0128193718be,1cdd086394501fee,6b7e1f5b521de19b,6f9a9c5f2856c8b3,Open,110168.72503494096,0.007199074074074,3,C3: Large Open,0.338,122.05735,122.05015108461733,37237.02906181005,72931.6959731309
e7ef951371fdf459,1cdd086394501fee,6b7e1f5b521de19b,6f9a9c5f2856c8b3,Open,1.170863568534039,1.1574074074074072e-05,1,C1: Active Pipeline,,55.323902,55.32389055605288,,
e7f78cc38f06760e,ac2a5ee6878db2c2,6b7e1f5b521de19b,6f9a9c5f2856c8b3,Open,13707.11230296319,72.91578703703703,3,C3: Large Open,0.494,87.766174,14.850387279369215,6771.313477663816,6935.798825299375
e800a1a25714c439,6befd145c261113d,6b7e1f5b521de19b,6f9a9c5f2856c8b3,Open,11994.1659192336,61.79409722222222,3,C3: Large Open,0.512,112.59103,50.796929083930124,6141.012950647603,5853.152968585996
e8044a653a9cc842,6befd145c261113d,6b7e1f5b521de19b,6f9a9c5f2856c8b3,Open,2046.6148673782125,1.1574074074074072e-05,1,C1: Active Pipeline,,35.09516,35.09514986391421,,
e80a7fe347db3b28,1cdd086394501fee,062b9e5a52eb6d8e,,Open,1.170863568534039,1.1574074074074072e-05,1,C1: Active Pipeline,,61.30804,61.30802904482241,,
e81dcb814675a863,a66943a59bca7bfd,e43bc3ffd79e75b6,28c9c64e5918b06e,Open,1.170863568534039,1.1574074074074072e-05,1,C1: Active Pipeline,,56.626556,56.6265448224103,,
e82f93264b2aa657,6befd145c261113d,6b7e1f5b521de19b,6f9a9c5f2856c8b3,Open,5655.969519442425,1.1574074074074072e-05,0,C0: High-Win,,29.926756,29.926744331077295,,
e8321f2ea7ec2b8b,9387d1da6d5967e1,6b7e1f5b521de19b,,Open,54608.54408792734,1.1574074074074072e-05,3,C3: Large Open,,52.272465,52.27245317812319,,
e8345336d178e549,9387d1da6d5967e1,6b7e1f5b521de19b,,Open,2.4198904513070483,0.0277199074074074,1,C1: Active Pipeline,,88.150696,88.12297589337385,,
e8433a84d69310d2,4928d3c96935fb3f,6b7e1f5b521de19b,6f9a9c5f2856c8b3,Open,29531.58368897921,216.8700231481481,3,C3: Large Open,0.544,260.04407,43.17404423466439,16065.181526804692,13466.40216217452
e848e03f5d5eea86,9387d1da6d5967e1,6b7e1f5b521de19b,,Open,2.4198904513070483,426.68480324074073,1,C1: Active Pipeline,0.214,381.94852,0.0,0.5178565565797083,1.90203389472734
e8590cae846820e5,6befd145c261113d,6b7e1f5b521de19b,6f9a9c5f2856c8b3,Open,98.49392076768088,1.1574074074074072e-05,1,C1: Active Pipeline,0.462,58.81706,58.81704698915835,45.50419139466857,52.98972937301232
e86df7b1e8fbc358,ac2a5ee6878db2c2,6b7e1f5b521de19b,6f9a9c5f2856c8b3,Open,349429.7287323436,37.187777777777775,3,C3: Large Open,0.272,479.7879,442.60012505425345,95044.88621519746,254384.8425171461
e8849e53626b046d,ac2a5ee6878db2c2,cca8e68b78e095c5,28c9c64e5918b06e,Open,39314.217789593786,5.787037037037037e-05,0,C0: High-Win,,92.61512,92.61506206371166,,
e8892d1885939c0c,a66943a59bca7bfd,3a0b5f22d7e66ffc,28c9c64e5918b06e,Open,438098.2009624438,1.1574074074074072e-05,0,C0: High-Win,,387.68094,387.6809271466291,,
e890467b94f52d38,a66943a59bca7bfd,d94a77dffd98d647,28c9c64e5918b06e,Open,657907.9342239817,540.1212152777778,3,C3: Large Open,0.02,160.23967,0.0,13158.158684479635,644749.775539502
e8aff66965e1b17d,6befd145c261113d,6b7e1f5b521de19b,6f9a9c5f2856c8b3,Open,1.170863568534039,1.1574074074074072e-05,1,C1: Active Pipeline,,57.614037,57.61402498598452,,
e8b8947655d00591,6befd145c261113d,6b7e1f5b521de19b,,Open,31724.089776364966,1.1574074074074072e-05,3,C3: Large Open,,49.929554,49.92954241152163,,
e8c1845bcbba7fec,6befd145c261113d,6b7e1f5b521de19b,6f9a9c5f2856c8b3,Open,1.170863568534039,0.0,1,C1: Active Pipeline,,61.73105,61.731048583984375,,
e8d1b74bfe7e7b8a,9387d1da6d5967e1,6b7e1f5b521de19b,,Open,186555.16774733728,1.1574074074074072e-05,3,C3: Large Open,0.518,467.80084,467.8008307110822,96635.57689312071,89919.59085421657
e8dc9f4b0e02673b,6befd145c261113d,6b7e1f5b521de19b,,Open,7369.351110629336,0.0,0,C0: High-Win,,41.800148,41.800148010253906,,
e8eb772866a4cd7f,ac2a5ee6878db2c2,6b7e1f5b521de19b,6f9a9c5f2856c8b3,Open,21894.49520682991,26.068101851851853,3,C3: Large Open,0.396,295.07797,269.0098705602575,8670.220101904644,13224.275104925266
e8f50d9c71892fea,9387d1da6d5967e1,6b7e1f5b521de19b,,Open,35845.270270304114,0.1846643518518518,3,C3: Large Open,,146.83517,146.650510208695,,
e8f6a58976c4eebc,6befd145c261113d,6b7e1f5b521de19b,6f9a9c5f2856c8b3,Open,1.170863568534039,1.1574074074074072e-05,1,C1: Active Pipeline,,49.587154,49.58714281435366,,
e90c38f14fb35de8,a66943a59bca7bfd,6b7e1f5b521de19b,28c9c64e5918b06e,Open,24787.47916419369,310.6671412037037,3,C3: Large Open,0.114,128.06697,0.0,2825.772624718081,21961.70653947561
e910e96a6c9b88ec,1cdd086394501fee,bd661df59343798b,,Open,176281.1971037052,0.0,3,C3: Large Open,,90.52752,90.52751922607422,,
e91f105ee9e60a63,a66943a59bca7bfd,ac6153076817c20f,28c9c64e5918b06e,Open,2771714.5816111625,908.7304976851852,3,C3: Large Open,0.396,251.98099,0.0,1097598.9743180205,1674115.607293142
e948bd086d68c691,a66943a59bca7bfd,e366e0e543d0c5cd,d4f34f97b6d22a81,Open,1.170863568534039,1.1574074074074072e-05,1,C1: Active Pipeline,,55.156193,55.15618120546694,,
e94e8ffa8d42588c,ac2a5ee6878db2c2,7b7c16a1b24ec3b8,28c9c64e5918b06e,Open,26365.415373079573,142.8801736111111,0,C0: High-Win,0.49,90.96239,0.0,12919.05353280899,13446.361840270583
e953d5a256843a1b,1cdd086394501fee,6b7e1f5b521de19b,6f9a9c5f2856c8b3,Open,103524.3620576872,471.1135532407407,3,C3: Large Open,0.198,59.27458,0.0,20497.823687422067,83026.53837026515
e9579243ec6865e6,a66943a59bca7bfd,e366e0e543d0c5cd,d4f34f97b6d22a81,Open,1.170863568534039,0.0,1,C1: Active Pipeline,,42.530563,42.53056335449219,,
e96382cb5dd6fd21,6befd145c261113d,6b7e1f5b521de19b,6f9a9c5f2856c8b3,Open,1665.262579200221,1.1574074074074072e-05,1,C1: Active Pipeline,,44.14204,44.142028678611474,,
e96899c925c58d0e,6befd145c261113d,6b7e1f5b521de19b,6f9a9c5f2856c8b3,Open,1.170863568534039,1.1574074074074072e-05,1,C1: Active Pipeline,,51.289738,51.28972612734194,,
e97d2799ac35066a,6befd145c261113d,6b7e1f5b521de19b,6f9a9c5f2856c8b3,Open,98.49392076768088,21.902685185185184,1,C1: Active Pipeline,0.648,49.807068,27.904382685908566,63.82406065745721,34.66986011022367
e97f852234691aa7,9387d1da6d5967e1,6b7e1f5b521de19b,,Open,155239.08665771675,25.10798611111111,3,C3: Large Open,,128.08499,102.97700534396702,,
e997af8335a6c3ce,ac2a5ee6878db2c2,6b7e1f5b521de19b,6f9a9c5f2856c8b3,Open,1148501.4565710947,0.0018171296296296,3,C3: Large Open,0.522,556.26733,556.2655168547453,599517.7603301115,548983.6962409832
e9ad4d656c8b18cf,ac2a5ee6878db2c2,6b7e1f5b521de19b,6f9a9c5f2856c8b3,Open,8832324.539677106,32.789907407407405,3,C3: Large Open,,69.821945,37.03203778302228,,
ea0303a8601e58d0,9387d1da6d5967e1,6b7e1f5b521de19b,d4f34f97b6d22a81,Open,31182.37569885197,134.23446759259258,3,C3: Large Open,0.514,77.492905,0.0,16027.741109209914,15154.634589642057
ea3bb133972161ab,9387d1da6d5967e1,6b7e1f5b521de19b,,Open,1.170863568534039,1.1574074074074072e-05,1,C1: Active Pipeline,,56.79183,56.791816581443506,,
ea3eede7eb47cf46,ef9b14cf5a29c54a,6b7e1f5b521de19b,,Open,1.170863568534039,238.7771527777778,1,C1: Active Pipeline,,170.63948,0.0,,
ea54f198a2ea3884,ac2a5ee6878db2c2,6b7e1f5b521de19b,d4f34f97b6d22a81,Open,1.170863568534039,1.1574074074074072e-05,1,C1: Active Pipeline,,71.47537,71.47536074037905,,
ea73f5c81dbeb917,6befd145c261113d,6b7e1f5b521de19b,,Open,3341536.2742739813,0.0,3,C3: Large Open,,1060.395,1060.39501953125,,
ead7d9f4b0d732ef,9387d1da6d5967e1,6b7e1f5b521de19b,,Open,2.4198904513070483,2.3148148148148147e-05,1,C1: Active Pipeline,,134.38376,134.38373539677372,,
ead852af8548dc0d,1cdd086394501fee,6b7e1f5b521de19b,6f9a9c5f2856c8b3,Open,1.170863568534039,0.0,1,C1: Active Pipeline,0.522,78.107574,78.10757446289062,0.6111907827747683,0.5596727857592706
eae08e874432c920,9387d1da6d5967e1,6b7e1f5b521de19b,,Open,1.170863568534039,2.3148148148148147e-05,1,C1: Active Pipeline,,72.79791,72.7978894495081,,
eae74728e106c3d5,6befd145c261113d,6b7e1f5b521de19b,6f9a9c5f2856c8b3,Open,1383023.1815045336,290.91037037037034,3,C3: Large Open,0.548,1375.9506,1085.040191153067,757896.7034644845,625126.4780400491
eae7df26c8dc1d5e,a66943a59bca7bfd,75c64824a2a4e380,28c9c64e5918b06e,Open,45100.67277839504,0.5692361111111112,0,C0: High-Win,0.618,70.30895,69.73971622043186,27872.215777048135,17228.457001346906
eaf149e0d4a9a3d9,9387d1da6d5967e1,6b7e1f5b521de19b,,Open,2.4198904513070483,1.1574074074074072e-05,1,C1: Active Pipeline,,93.62818,93.62816988344545,,
eb03cb71fbf80f35,6befd145c261113d,6b7e1f5b521de19b,6f9a9c5f2856c8b3,Open,1669.9082851707149,1.1574074074074072e-05,1,C1: Active Pipeline,,38.683353,38.68334184999819,,
eb192249e584ed29,ac2a5ee6878db2c2,6b7e1f5b521de19b,6f9a9c5f2856c8b3,Open,1370250.4260730536,0.0001967592592592,3,C3: Large Open,0.422,912.0269,912.026719744647,578245.6798028286,792004.746270225
eb25ee49c970cdfa,a66943a59bca7bfd,255414ab73601d72,28c9c64e5918b06e,Open,510839.33306320285,4.629629629629629e-05,3,C3: Large Open,,274.59735,274.59730477792243,,
eb341bd2d164e92f,ac2a5ee6878db2c2,6b7e1f5b521de19b,6f9a9c5f2856c8b3,Open,96302.61540849852,798.0953472222222,3,C3: Large Open,0.09,277.22086,0.0,8667.235386764867,87635.38002173365
eb3d01e7b4461c77,ef9b14cf5a29c54a,6b7e1f5b521de19b,,Open,1.170863568534039,1.1574074074074072e-05,1,C1: Active Pipeline,,61.975197,61.975185264304834,,
eb4ad451f16d95df,6befd145c261113d,6b7e1f5b521de19b,6f9a9c5f2856c8b3,Open,98.49392076768088,3.472222222222222e-05,1,C1: Active Pipeline,,65.355934,65.35589942084418,,
eb4efe066fa92d59,9387d1da6d5967e1,6b7e1f5b521de19b,d4f34f97b6d22a81,Open,165233.5908122018,699.1293171296296,3,C3: Large Open,0.638,572.7507,0.0,105419.03093818475,59814.559874017046
eb51ec8d8cebc447,9387d1da6d5967e1,674ec33189ed753c,d4f34f97b6d22a81,Open,11248.38305546661,0.0081134259259259,3,C3: Large Open,,100.420555,100.41244168882017,,
eb550de3d8fe962f,a66943a59bca7bfd,255414ab73601d72,,Open,1.170863568534039,1.1574074074074072e-05,1,C1: Active Pipeline,,55.796406,55.796394218162256,,
eb5ce62ae8257fef,6befd145c261113d,6b7e1f5b521de19b,6f9a9c5f2856c8b3,Open,98.49392076768088,1.1574074074074072e-05,1,C1: Active Pipeline,0.606,67.254135,67.25412355776186,59.68731598521461,38.806604782466266
eb63afd498c608cb,1cdd086394501fee,6b7e1f5b521de19b,6f9a9c5f2856c8b3,Open,1.170863568534039,1.1574074074074072e-05,1,C1: Active Pipeline,,55.74274,55.74272905702944,,
eb8e9abe7c060cb0,9387d1da6d5967e1,6b7e1f5b521de19b,,Open,2.4198904513070483,1.1574074074074072e-05,1,C1: Active Pipeline,,166.98033,166.98031984682436,,
eb932cd885d92c54,ac2a5ee6878db2c2,cca8e68b78e095c5,28c9c64e5918b06e,Open,220402.4087189625,0.0001388888888888,3,C3: Large Open,,440.50388,440.503736843533,,
eb99e387dd2c3083,ef9b14cf5a29c54a,6b7e1f5b521de19b,,Open,703485.6871202264,1.1574074074074072e-05,0,C0: High-Win,,257.18732,257.1873053204572,,
ebabab8bdf72ec92,6befd145c261113d,6b7e1f5b521de19b,6f9a9c5f2856c8b3,Open,1.170863568534039,1.1574074074074072e-05,1,C1: Active Pipeline,,303.2457,303.2456854474103,,
ebb1a3f590187b7f,1cdd086394501fee,6b7e1f5b521de19b,,Open,1.170863568534039,0.0,1,C1: Active Pipeline,,56.32376,56.323760986328125,,
ebf5ad91b7b92b4c,9387d1da6d5967e1,6b7e1f5b521de19b,,Open,2.4198904513070483,1.1574074074074072e-05,1,C1: Active Pipeline,,122.83254,122.83253084535951,,
ebf8b5a04822bac0,a66943a59bca7bfd,fc3655a0b667e091,28c9c64e5918b06e,Open,190.4160296647816,3.472222222222222e-05,1,C1: Active Pipeline,,38.01477,38.014735785590275,,
ebfceb4bfa7366dd,6befd145c261113d,6b7e1f5b521de19b,,Open,40882.78265293119,1.1574074074074072e-05,3,C3: Large Open,,50.935635,50.93562303896304,,
ec1964f3bb8c398f,6befd145c261113d,6b7e1f5b521de19b,6f9a9c5f2856c8b3,Open,572.3269399675881,1.2306134259259258,0,C0: High-Win,0.432,77.28404,76.05342893247251,247.24523806599808,325.0817019015901
ec1c4ae29bd6e6e4,6befd145c261113d,6b7e1f5b521de19b,6f9a9c5f2856c8b3,Open,98.49392076768088,27.485,1,C1: Active Pipeline,,41.51345,14.028450622558594,,
ec25334863ea4c94,1cdd086394501fee,6b7e1f5b521de19b,6f9a9c5f2856c8b3,Open,125290.3743818114,633.050787037037,3,C3: Large Open,0.254,499.35196,0.0,31823.755092980096,93466.61928883131
ec259fcb73caad54,6befd145c261113d,6b7e1f5b521de19b,6f9a9c5f2856c8b3,Open,1.170863568534039,1.1574074074074072e-05,1,C1: Active Pipeline,,55.093395,55.093383659080224,,
ec28c5a304d44918,1cdd086394501fee,6b7e1f5b521de19b,6f9a9c5f2856c8b3,Open,2046.6148673782125,0.0011458333333333,1,C1: Active Pipeline,,43.27475,43.27360392252604,,
ec4477a2944f3904,1cdd086394501fee,6b7e1f5b521de19b,6f9a9c5f2856c8b3,Open,30405.58043486053,2.657800925925926,3,C3: Large Open,0.294,400.30493,397.6471307146991,8939.240647848996,21466.339787011533
ec4c1ab477114304,9387d1da6d5967e1,6b7e1f5b521de19b,,Open,1.170863568534039,203.07922453703705,1,C1: Active Pipeline,,65.65648,0.0,,
ec541744c712ffad,4928d3c96935fb3f,6b7e1f5b521de19b,,Open,48968.33625761659,0.0,3,C3: Large Open,0.216,285.49945,285.49945068359375,10577.160631645183,38391.17562597141
ec546d4f35b45265,ef9b14cf5a29c54a,6b7e1f5b521de19b,,Open,767.4627551854461,2.3148148148148147e-05,2,C2: High-Win,,15.758483,15.758459784896285,,
ec6b07830edd2a83,1cdd086394501fee,6b7e1f5b521de19b,6f9a9c5f2856c8b3,Open,1.170863568534039,0.0,1,C1: Active Pipeline,,54.56234,54.562339782714844,,
ec7cb05d62ec5dac,6befd145c261113d,6b7e1f5b521de19b,,Open,69355.71339060226,1.1574074074074072e-05,3,C3: Large Open,,37.469303,37.46929155702944,,
ec91ea1fe9b6f8e9,a66943a59bca7bfd,062b9e5a52eb6d8e,28c9c64e5918b06e,Open,2388.361505566673,2.3148148148148147e-05,1,C1: Active Pipeline,,49.378773,49.37874958744756,,
ec92462059631544,ac2a5ee6878db2c2,6b7e1f5b521de19b,6f9a9c5f2856c8b3,Open,58100920.46676021,432.93385416666666,3,C3: Large Open,0.512,314.10107,0.0,29747671.278981227,28353249.187778983
eca8af19fb2817e9,a66943a59bca7bfd,bd661df59343798b,d4f34f97b6d22a81,Open,1.170863568534039,1.1574074074074072e-05,1,C1: Active Pipeline,,110.10696,110.10694490785951,,
ecab43daf5503c26,ac2a5ee6878db2c2,6b7e1f5b521de19b,,Open,1.170863568534039,2.3148148148148147e-05,1,C1: Active Pipeline,,54.061684,54.06166050663701,,
ecb5b04b613413e3,ac2a5ee6878db2c2,6b7e1f5b521de19b,d4f34f97b6d22a81,Open,159167.10637756166,2.3148148148148147e-05,0,C0: High-Win,,39.029987,39.02996418705693,,
ecbe170acd2c214c,9387d1da6d5967e1,6b7e1f5b521de19b,d4f34f97b6d22a81,Open,6054.179881284606,0.982824074074074,0,C0: High-Win,0.764,79.35125,78.36842562075014,4625.393429301439,1428.7864519831671
ecc17e10b251d727,9387d1da6d5967e1,6b7e1f5b521de19b,,Open,35845.270270304114,1.1574074074074072e-05,3,C3: Large Open,,105.73322,105.7332113873517,,
ecc37efb814e6160,a66943a59bca7bfd,95a23e7fbcc5841e,28c9c64e5918b06e,Open,1.170863568534039,1.1574074074074072e-05,1,C1: Active Pipeline,,55.81,55.80998979921694,,
ecccaf7fd657af58,9387d1da6d5967e1,6b7e1f5b521de19b,,Open,8510.551032505591,19.233715277777776,3,C3: Large Open,,26.501312,7.267596978081599,,
ecd0bfba3cd201d2,9387d1da6d5967e1,6b7e1f5b521de19b,,Open,16667.353119741078,0.0,0,C0: High-Win,,36.48244,36.48244094848633,,
ecd2a47e6298b0bc,6befd145c261113d,6b7e1f5b521de19b,d4f34f97b6d22a81,Open,4138.645878342867,0.0007291666666666,0,C0: High-Win,,88.29334,88.29261342366536,,
ecd3d1941e54d724,9387d1da6d5967e1,6b7e1f5b521de19b,d4f34f97b6d22a81,Open,64490.738750492,1.8561689814814812,0,C0: High-Win,0.69,46.511696,44.655526880334925,44498.60973783948,19992.129012652524
ecd75b0f2b4b1cb3,ac2a5ee6878db2c2,6b7e1f5b521de19b,d4f34f97b6d22a81,Open,8398.437734554864,94.04881944444443,0,C0: High-Win,0.404,113.84306,19.794243910047754,3392.968844760165,5005.468889794699
ece31cf516c1a53f,6befd145c261113d,6b7e1f5b521de19b,6f9a9c5f2856c8b3,Open,98.49392076768088,1.1574074074074072e-05,1,C1: Active Pipeline,,61.689705,61.68969332094546,,
ed0fbdcbb0794052,ac2a5ee6878db2c2,6b7e1f5b521de19b,6f9a9c5f2856c8b3,Open,2332744.0512692286,68.76516203703704,0,C0: High-Win,,867.05664,798.291478587963,,
ed2086ff504b2a05,6befd145c261113d,6b7e1f5b521de19b,6f9a9c5f2856c8b3,Open,98.49392076768088,1.1574074074074072e-05,1,C1: Active Pipeline,,57.97121,57.971198905662256,,
ed31abd4fe3b7226,9387d1da6d5967e1,6b7e1f5b521de19b,,Open,2.4198904513070483,0.0003935185185185,1,C1: Active Pipeline,,73.38151,73.38111435501663,,
ed43dcb45d9fb981,a66943a59bca7bfd,68fc9303c4a97b8a,28c9c64e5918b06e,Open,1951126.5141021304,202.9865625,3,C3: Large Open,0.09,276.9944,74.00782226562501,175601.38626919175,1775525.1278329387
ed45cb66d2922b07,9387d1da6d5967e1,6b7e1f5b521de19b,,Open,21273.147061594493,0.0,3,C3: Large Open,,226.10403,226.10403442382812,,
ed5678544a3d51aa,6befd145c261113d,6b7e1f5b521de19b,,Open,11164.548352985035,1.1574074074074072e-05,0,C0: High-Win,,30.422215,30.422202933982568,,
ed602c24b648af0b,9387d1da6d5967e1,6b7e1f5b521de19b,,Open,7495.264905653416,0.0,3,C3: Large Open,,88.04743,88.04743194580078,,
ed7cd3d5cc77352c,6befd145c261113d,6b7e1f5b521de19b,,Open,11228808.024036212,286.01769675925925,3,C3: Large Open,0.488,236.4489,0.0,5479658.315729671,5749149.708306541
edb6c01df960f1d0,a66943a59bca7bfd,e366e0e543d0c5cd,d4f34f97b6d22a81,Open,3895.768572421459,0.1111111111111111,3,C3: Large Open,,58.678978,58.56786685519748,,
edbcc7ba6ed7a7fe,9387d1da6d5967e1,6b7e1f5b521de19b,,Open,3910.775451613183,637.9223032407407,3,C3: Large Open,0.172,66.740875,0.0,672.6533776774675,3238.122073935716
edbfc12713b9c884,ac2a5ee6878db2c2,6b7e1f5b521de19b,,Open,1.170863568534039,1.1574074074074072e-05,1,C1: Active Pipeline,,306.78674,306.78673158998845,,
edc01ca1629e29a8,1cdd086394501fee,6b7e1f5b521de19b,6f9a9c5f2856c8b3,Open,1.170863568534039,1.1574074074074072e-05,1,C1: Active Pipeline,,73.990166,73.99015413637514,,
edd12e280687bc6d,6befd145c261113d,6b7e1f5b521de19b,6f9a9c5f2856c8b3,Open,1.170863568534039,0.0,1,C1: Active Pipeline,,69.85348,69.85347747802734,,
edef86af9c2897ce,1cdd086394501fee,6b7e1f5b521de19b,6f9a9c5f2856c8b3,Open,1.170863568534039,1.1574074074074072e-05,1,C1: Active Pipeline,,70.790855,70.79084383364076,,
ee0054332b8776f6,4928d3c96935fb3f,6b7e1f5b521de19b,6f9a9c5f2856c8b3,Open,1255740.7732663858,175.75578703703704,3,C3: Large Open,0.272,534.02985,358.2740591543692,341561.490328457,914179.2829379288
ee085521b504a584,9387d1da6d5967e1,6b7e1f5b521de19b,,Open,9648.963805727815,235.69677083333332,3,C3: Large Open,,325.02765,89.33087809244793,,
ee0e75cbfe1385d7,6befd145c261113d,6b7e1f5b521de19b,6f9a9c5f2856c8b3,Open,1.170863568534039,1.1574074074074072e-05,1,C1: Active Pipeline,,57.950043,57.9500311505353,,
ee11ee06390b88a8,9387d1da6d5967e1,6b7e1f5b521de19b,,Open,2.4198904513070483,1.1574074074074072e-05,1,C1: Active Pipeline,,277.9124,277.9124029767072,,
ee1cc93235ae380d,9387d1da6d5967e1,6b7e1f5b521de19b,,Open,1287.0828528119127,0.0,1,C1: Active Pipeline,0.272,275.73837,275.7383728027344,350.08653596484027,936.9963168470724
ee3ba961e2c3f4e8,9387d1da6d5967e1,6b7e1f5b521de19b,,Open,182510.3696515704,193.2282523148148,3,C3: Large Open,0.444,490.08887,296.86061487268523,81034.60412529725,101475.76552627314
ee40709396e1731e,ac2a5ee6878db2c2,6b7e1f5b521de19b,6f9a9c5f2856c8b3,Open,67233.10954695717,54.92880787037037,3,C3: Large Open,0.564,40.618694,0.0,37919.473784483846,29313.635762473332
ee4d539e3cb60dd9,6befd145c261113d,6b7e1f5b521de19b,6f9a9c5f2856c8b3,Open,5655.969519442425,3.472222222222222e-05,0,C0: High-Win,,35.852734,35.85269888983832,,
ee55db481c03be05,6befd145c261113d,6b7e1f5b521de19b,,Open,1845240.0868962973,244.81431712962964,3,C3: Large Open,0.328,1272.1871,1027.3728166594328,605238.7485019856,1240001.3383943117
ee72510bc48099f5,9387d1da6d5967e1,6b7e1f5b521de19b,d4f34f97b6d22a81,Open,4854.049577612525,2.3148148148148147e-05,3,C3: Large Open,,81.21074,81.21071598759404,,
ee80e23a5697a18c,6befd145c261113d,6b7e1f5b521de19b,6f9a9c5f2856c8b3,Open,98.49392076768088,1.1574074074074072e-05,1,C1: Active Pipeline,0.5023571428571428,59.942696,59.94268404360171,49.479124625649966,49.01479614203091
ee8c3ba30db43947,9387d1da6d5967e1,6b7e1f5b521de19b,,Open,1.170863568534039,1.1574074074074072e-05,1,C1: Active Pipeline,,61.340675,61.340663779929834,,
ee94497368db8563,a66943a59bca7bfd,75c64824a2a4e380,28c9c64e5918b06e,Open,1.170863568534039,1.1574074074074072e-05,1,C1: Active Pipeline,,53.72264,53.722629417136865,,
ee9ce57c8d0ef22f,ef9b14cf5a29c54a,6b7e1f5b521de19b,,Open,21273.147061594493,94.18927083333334,3,C3: Large Open,0.376,50.95955,0.0,7998.703295159529,13274.443766434963
ee9e2b55811694c7,ac2a5ee6878db2c2,6b7e1f5b521de19b,d4f34f97b6d22a81,Open,74185.34721244311,73.17011574074074,3,C3: Large Open,0.774,79.57321,6.403095929181134,57419.45874243097,16765.88847001214
eeb0a90b1ffc85d1,1cdd086394501fee,6b7e1f5b521de19b,,Open,26534.76383683977,2.8946064814814814,3,C3: Large Open,0.382,301.94507,299.0504618778935,10136.279785672792,16398.48405116698
eeb37c130adc9ae1,1cdd086394501fee,4dcb7378104041b8,,Open,1845240.0868962973,178.9952199074074,3,C3: Large Open,0.338,429.7595,250.76427105938947,623691.1493709486,1221548.9375253487
eebe3a4c618972ee,6befd145c261113d,6b7e1f5b521de19b,6f9a9c5f2856c8b3,Open,64.10035007555453,3.472222222222222e-05,1,C1: Active Pipeline,,33.12188,33.121844855414494,,
eebf2314cd813fe5,6befd145c261113d,6b7e1f5b521de19b,,Open,18179.73727059817,1.1574074074074072e-05,3,C3: Large Open,,98.08949,98.08948122377748,,
eed297c3944e44b8,9387d1da6d5967e1,6b7e1f5b521de19b,,Open,9548.177348327425,0.0,3,C3: Large Open,,102.59677,102.59677124023438,,
eedd55db940b3b26,9387d1da6d5967e1,6b7e1f5b521de19b,,Open,71851.41760785309,12.781018518518518,3,C3: Large Open,0.556,123.84547,111.06444809525101,39949.38818996632,31902.029417886766
eedfb459e7d482f8,a66943a59bca7bfd,75c64824a2a4e380,28c9c64e5918b06e,Open,337136.1232851324,2.3148148148148147e-05,0,C0: High-Win,,191.36075,191.36072514286747,,
eef39cdd4b8a3772,6befd145c261113d,6b7e1f5b521de19b,6f9a9c5f2856c8b3,Open,98.49392076768088,20.79614583333333,1,C1: Active Pipeline,,48.2341,27.437954508463545,,
eef7af3e94829b38,6befd145c261113d,6b7e1f5b521de19b,6f9a9c5f2856c8b3,Open,365.2326909546836,1.1574074074074072e-05,1,C1: Active Pipeline,,19.922993,19.922981132224756,,
eef8afbaa313b560,6befd145c261113d,6b7e1f5b521de19b,6f9a9c5f2856c8b3,Open,212.02522749452675,1.1574074074074072e-05,1,C1: Active Pipeline,,24.143244,24.14323221559878,,
ef0164bf84b2ee44,ac2a5ee6878db2c2,6b7e1f5b521de19b,d4f34f97b6d22a81,Open,2786.403823325963,1.1574074074074072e-05,0,C0: High-Win,,52.311737,52.3117254864728,,
ef040a3ee43bc3e1,1cdd086394501fee,674ec33189ed753c,,Open,1.170863568534039,1.1574074074074072e-05,1,C1: Active Pipeline,,104.76803,104.76801668520326,,
ef1274d3503f94f1,9387d1da6d5967e1,6b7e1f5b521de19b,,Open,1.170863568534039,1.1574074074074072e-05,1,C1: Active Pipeline,,199.32643,199.32641970033998,,
ef23fae8e08b4bf7,ac2a5ee6878db2c2,6b7e1f5b521de19b,d4f34f97b6d22a81,Open,81.43217479245789,2.3148148148148147e-05,1,C1: Active Pipeline,0.5383571428571429,51.55175,51.551727034957324,43.83959295791108,37.592581834546806
ef2f255124403678,9387d1da6d5967e1,6b7e1f5b521de19b,,Open,76057.68653515907,1.1574074074074072e-05,3,C3: Large Open,,326.2049,326.2048834454572,,
ef3f6daa7f4d6d90,1cdd086394501fee,6b7e1f5b521de19b,6f9a9c5f2856c8b3,Open,799673.4867883786,131.0407291666667,3,C3: Large Open,0.296,1439.5394,1308.4986995442707,236703.35208936004,562970.1346990184
ef446be8aab82c4b,4928d3c96935fb3f,6b7e1f5b521de19b,,Open,555117.7933282302,1037.0325462962962,4,C4: Mid-Range,,391.27045,0.0,,
ef8155db27a42196,6befd145c261113d,6b7e1f5b521de19b,6f9a9c5f2856c8b3,Open,121.22331520907996,2.3148148148148147e-05,1,C1: Active Pipeline,,42.88104,42.88101551762334,,
ef90309f47c99f92,1cdd086394501fee,6b7e1f5b521de19b,6f9a9c5f2856c8b3,Open,3042.6854134591463,0.0001157407407407,1,C1: Active Pipeline,,40.610405,40.61028922752098,,
ef97656f097fceb7,ac2a5ee6878db2c2,6b7e1f5b521de19b,6f9a9c5f2856c8b3,Open,48502.8796948733,0.0002662037037037,0,C0: High-Win,,75.25748,75.25721060293692,,
ef9ae455c152e600,9387d1da6d5967e1,6b7e1f5b521de19b,d4f34f97b6d22a81,Open,61534.52195472854,209.8958449074074,3,C3: Large Open,0.288,208.6282,0.0,17721.94232296182,43812.57963176672
efbe66083475329c,4928d3c96935fb3f,6b7e1f5b521de19b,,Open,6618.183435287425,19.33019675925926,3,C3: Large Open,,248.70496,229.37475929542825,,
efc2881619b769c9,1cdd086394501fee,6b7e1f5b521de19b,6f9a9c5f2856c8b3,Open,361.29574083874047,0.004074074074074,1,C1: Active Pipeline,,50.992363,50.98828890200014,,
efe3d5365945efd3,9387d1da6d5967e1,6b7e1f5b521de19b,,Open,54608.54408792734,19.80351851851852,3,C3: Large Open,0.612,73.710175,53.90665604202836,33420.42898181153,21188.11510611581
efec4fa865a4aec8,ef9b14cf5a29c54a,6b7e1f5b521de19b,,Open,703485.6871202264,1.1574074074074072e-05,0,C0: High-Win,,165.57143,165.57141481752748,,
efefc6b52a1a7215,ac2a5ee6878db2c2,6b7e1f5b521de19b,d4f34f97b6d22a81,Open,517040.3264927201,209.0527546296296,2,C2: High-Win,0.804,129.17288,0.0,415700.422500147,101339.90399257312
eff41277bc0dbdc9,1cdd086394501fee,6b7e1f5b521de19b,,Open,1.170863568534039,1.1574074074074072e-05,1,C1: Active Pipeline,,68.3303,68.33028780336733,,
effc06a1ea53e2f9,1cdd086394501fee,6b7e1f5b521de19b,6f9a9c5f2856c8b3,Open,1.170863568534039,1.1574074074074072e-05,1,C1: Active Pipeline,,63.299183,63.29917131777163,,
f00733f01d12c7ce,9387d1da6d5967e1,6b7e1f5b521de19b,,Open,2.4198904513070483,85.16501157407407,1,C1: Active Pipeline,,76.9139,0.0,,
f00a50db1da15282,6befd145c261113d,6b7e1f5b521de19b,,Open,1.170863568534039,0.0,1,C1: Active Pipeline,,130.42683,130.4268341064453,,
f00ba7f3ec49734e,6befd145c261113d,6b7e1f5b521de19b,6f9a9c5f2856c8b3,Open,89664.46366676311,1.1574074074074072e-05,0,C0: High-Win,,42.30551,42.3054999005353,,
f01bd187b632c584,9387d1da6d5967e1,6b7e1f5b521de19b,,Open,1287.0828528119127,0.0,1,C1: Active Pipeline,0.228,275.73837,275.7383728027344,293.4548904411161,993.6279623707967
f022b9cb10bfe6a5,4928d3c96935fb3f,6b7e1f5b521de19b,,Open,39784.827995240434,252.0164351851852,4,C4: Mid-Range,,29.08828,0.0,,
f023356547533b78,6befd145c261113d,6b7e1f5b521de19b,6f9a9c5f2856c8b3,Open,135411.3787635855,1.1574074074074072e-05,0,C0: High-Win,0.91,26.797737,26.79772554750796,123224.3546748628,12187.02408872269
f023f6af577b9d2d,ac2a5ee6878db2c2,6b7e1f5b521de19b,d4f34f97b6d22a81,Open,81.43217479245789,1.1574074074074072e-05,1,C1: Active Pipeline,,53.44889,53.448879111961084,,
f02a2927b1ac1618,6befd145c261113d,6b7e1f5b521de19b,6f9a9c5f2856c8b3,Open,1642006.066213091,211.8900462962963,3,C3: Large Open,0.288,94.62083,0.0,472897.7470693701,1169108.3191437207
f041110401eaae96,9387d1da6d5967e1,6b7e1f5b521de19b,,Open,25102.753943361105,1.1574074074074072e-05,3,C3: Large Open,,76.70535,76.70534120912905,,
f04ec90ed23dfc78,ef9b14cf5a29c54a,6b7e1f5b521de19b,,Open,106163.16092076048,2.3148148148148147e-05,2,C2: High-Win,,12.286868,12.2868449472498,,
f06d648b1c758bdf,1cdd086394501fee,062b9e5a52eb6d8e,,Open,2015.641071153861,1.1574074074074072e-05,1,C1: Active Pipeline,,31.35862,31.358608115867334,,
f0988b0cff8c2ab4,9387d1da6d5967e1,6b7e1f5b521de19b,d4f34f97b6d22a81,Open,542.5015893177103,2.3148148148148147e-05,1,C1: Active Pipeline,,104.5653,104.56527683964482,,
f0c26a7e04aae555,9387d1da6d5967e1,6b7e1f5b521de19b,,Open,35845.270270304114,0.0,3,C3: Large Open,,72.93578,72.93578338623047,,
f0d1d1b60280f786,1cdd086394501fee,6b7e1f5b521de19b,6f9a9c5f2856c8b3,Open,631.0857066337956,209.7707638888889,0,C0: High-Win,,140.29744,0.0,,
f0ece753ee6d9e67,1cdd086394501fee,6b7e1f5b521de19b,6f9a9c5f2856c8b3,Open,98.49392076768088,9.814675925925926,1,C1: Active Pipeline,0.572,58.047695,48.233019233986184,56.33852267911346,42.155398088567416
f0edc422ae8bfcd6,6befd145c261113d,6b7e1f5b521de19b,6f9a9c5f2856c8b3,Open,418.4393213237048,0.0022222222222222,0,C0: High-Win,,62.49378,62.49155600653754,,
f0f02c14a25f2663,6befd145c261113d,6b7e1f5b521de19b,6f9a9c5f2856c8b3,Open,314875.9090480672,297.18200231481484,3,C3: Large Open,0.26,369.0512,71.86920618127891,81867.73635249746,233008.1726955697
f1030b8703442658,9387d1da6d5967e1,6b7e1f5b521de19b,,Open,97109.27790783095,3.990046296296296,3,C3: Large Open,0.48,117.689545,113.69949838143808,46612.45339575886,50496.8245120721
f1066ce7a45a31e0,6befd145c261113d,6b7e1f5b521de19b,6f9a9c5f2856c8b3,Open,2046.6148673782125,0.0002777777777777,0,C0: High-Win,,28.9664,28.966122368706596,,
f112f006924e9aa4,9387d1da6d5967e1,6b7e1f5b521de19b,,Open,1.170863568534039,0.0,1,C1: Active Pipeline,,86.018524,86.01852416992188,,
f115bc740326adde,9387d1da6d5967e1,6b7e1f5b521de19b,,Open,1.170863568534039,18.091030092592597,1,C1: Active Pipeline,,68.96425,50.873218564633966,,
f12328e39ab78de1,9387d1da6d5967e1,6b7e1f5b521de19b,,Open,65064.44409714713,179.02387731481485,3,C3: Large Open,0.104,147.99297,0.0,6766.702186103301,58297.74191104383
f12e0c269f98c0e9,ac2a5ee6878db2c2,6b7e1f5b521de19b,d4f34f97b6d22a81,Open,1.170863568534039,0.0,1,C1: Active Pipeline,,87.08143,87.08142852783203,,
f14cc3e233e686a1,6befd145c261113d,6b7e1f5b521de19b,6f9a9c5f2856c8b3,Open,10473.765053251393,192.3581597222222,3,C3: Large Open,,37.124428,0.0,,
f154e43849dc1721,1cdd086394501fee,6b7e1f5b521de19b,6f9a9c5f2856c8b3,Open,1.170863568534039,0.0,1,C1: Active Pipeline,,52.48207,52.48207092285156,,
f16ed3d82a35d785,6befd145c261113d,6b7e1f5b521de19b,6f9a9c5f2856c8b3,Open,6712.237104422919,958.9420949074074,3,C3: Large Open,0.032,42.527897,0.0,214.79158734153341,6497.445517081386
f17415fb2cc0ab98,9387d1da6d5967e1,6b7e1f5b521de19b,d4f34f97b6d22a81,Open,1150.1366394260142,2.3148148148148147e-05,0,C0: High-Win,,31.430145,31.430122115523726,,
f174af8b8c1e5155,ac2a5ee6878db2c2,6b7e1f5b521de19b,6f9a9c5f2856c8b3,Open,1.170863568534039,0.0005092592592592,1,C1: Active Pipeline,,313.76517,313.76465797706885,,
f17f5db7ab27aa0c,a66943a59bca7bfd,ac07a4f1ad9a4f67,,Open,393312.47793447,512.0538425925926,3,C3: Large Open,0.27,416.61188,0.0,106194.3690423069,287118.1088921631
f192bb430f432713,9387d1da6d5967e1,6b7e1f5b521de19b,,Open,21273.147061594493,0.0,3,C3: Large Open,,261.50116,261.50115966796875,,
f198f9c116d90ab4,ac2a5ee6878db2c2,6b7e1f5b521de19b,6f9a9c5f2856c8b3,Open,68773.53041741606,287.1780324074074,3,C3: Large Open,0.134,511.097,223.91895245587386,9215.653075933751,59557.8773414823
f1a8bd1809557797,6befd145c261113d,6b7e1f5b521de19b,6f9a9c5f2856c8b3,Open,4474.800816218781,0.0001388888888888,0,C0: High-Win,,17.80821,17.808071484035917,,
f1acd744c2a34b87,9387d1da6d5967e1,6b7e1f5b521de19b,,Open,4786.163932679293,0.0,3,C3: Large Open,,83.576004,83.57600402832031,,
f1aee08457aa8a4d,1cdd086394501fee,52838e14fa2f9ca3,,Open,6825.920575393989,1.1574074074074072e-05,3,C3: Large Open,,28.49182,28.491807807639795,,
f1b0fe95a5d43ce5,ef9b14cf5a29c54a,6b7e1f5b521de19b,,Open,3670.681160310161,1.1574074074074072e-05,0,C0: High-Win,,124.80085,124.8008383404767,,
f1c9f20ecb5edd5a,1cdd086394501fee,6b7e1f5b521de19b,6f9a9c5f2856c8b3,Open,1.170863568534039,5.787037037037037e-05,1,C1: Active Pipeline,,59.266552,59.26649410106518,,
f1cf699de82e3d78,9387d1da6d5967e1,6b7e1f5b521de19b,,Open,5126.849721354915,231.9278587962963,0,C0: High-Win,,25.063543,0.0,,
f1d13b85f49ec18f,ac2a5ee6878db2c2,6b7e1f5b521de19b,28c9c64e5918b06e,Open,1.170863568534039,0.0,1,C1: Active Pipeline,,54.337868,54.337867736816406,,
f1df6d952f75c465,1cdd086394501fee,6b7e1f5b521de19b,6f9a9c5f2856c8b3,Open,1.170863568534039,2.3148148148148147e-05,1,C1: Active Pipeline,,57.48435,57.484325148970996,,
f1f27100a10bdb46,6befd145c261113d,6b7e1f5b521de19b,6f9a9c5f2856c8b3,Open,274582.5663460315,212.88429398148148,3,C3: Large Open,0.316,289.68695,76.80265670211227,86768.09096534595,187814.47538068553
f1ff25582dd66a2d,1cdd086394501fee,6b7e1f5b521de19b,6f9a9c5f2856c8b3,Open,467015.81419022416,622.0382986111111,3,C3: Large Open,0.37,429.91507,0.0,172795.85125038293,294219.9629398412
f2003bef64049657,ac2a5ee6878db2c2,6b7e1f5b521de19b,6f9a9c5f2856c8b3,Open,1.170863568534039,1.1574074074074072e-05,1,C1: Active Pipeline,,50.52549,50.525478233054834,,
f208d07a11a81690,1cdd086394501fee,6b7e1f5b521de19b,6f9a9c5f2856c8b3,Open,115819.60805984016,0.002824074074074,3,C3: Large Open,,55.311134,55.30831026430483,,
f210de76a15e7989,1cdd086394501fee,6b7e1f5b521de19b,6f9a9c5f2856c8b3,Open,278959.05059227353,1.1574074074074072e-05,0,C0: High-Win,,108.23509,108.23508058901186,,
f213f4d121953acb,6befd145c261113d,6b7e1f5b521de19b,d4f34f97b6d22a81,Open,1.170863568534039,1.1574074074074072e-05,1,C1: Active Pipeline,,80.505745,80.50573336000795,,
f232ad73a9f394a6,6befd145c261113d,6b7e1f5b521de19b,,Open,65802.6605360047,1.1574074074074072e-05,3,C3: Large Open,,81.399,81.39899050112123,,
f236d0a1495a727f,6befd145c261113d,6b7e1f5b521de19b,6f9a9c5f2856c8b3,Open,267.8896201904232,1.1574074074074072e-05,1,C1: Active Pipeline,,22.584213,22.584201682761865,,
f245cabab58196ba,6befd145c261113d,6b7e1f5b521de19b,,Open,425133.9459730765,266.02900462962964,3,C3: Large Open,0.364,228.12941,0.0,154748.75633419983,270385.18963887665
f24bfcb7eae560bb,9387d1da6d5967e1,6b7e1f5b521de19b,d4f34f97b6d22a81,Open,7660.581780490207,6.944444444444444e-05,0,C0: High-Win,,50.60409,50.60402219984267,,
f274717b78aaf7de,9387d1da6d5967e1,6b7e1f5b521de19b,,Open,19623.72126185764,0.0,3,C3: Large Open,,41.558144,41.558143615722656,,
f27d30b51252e2d0,ac2a5ee6878db2c2,6b7e1f5b521de19b,d4f34f97b6d22a81,Open,1.170863568534039,1.1574074074074072e-05,1,C1: Active Pipeline,,41.786148,41.78613649721499,,
f2840cce1d40ca4a,9387d1da6d5967e1,6b7e1f5b521de19b,,Open,3202.7203213536054,1.1574074074074072e-05,3,C3: Large Open,,147.33679,147.33678041811342,,
f29752a1cd04f8a8,ac2a5ee6878db2c2,6b7e1f5b521de19b,6f9a9c5f2856c8b3,Open,1060.8669669680155,1.1574074074074072e-05,1,C1: Active Pipeline,,23.300014,23.300002921775537,,
f2994747ba87f3d7,a66943a59bca7bfd,6828ce51082c111b,28c9c64e5918b06e,Open,1.170863568534039,0.0,1,C1: Active Pipeline,,57.374317,57.37431716918945,,
f2a1790d25723a0d,6befd145c261113d,6b7e1f5b521de19b,6f9a9c5f2856c8b3,Open,1306.543520671814,958.391574074074,3,C3: Large Open,0.028,51.921417,0.0,36.583218578810786,1269.960302093003
f2b8a527d4fe0835,6befd145c261113d,6b7e1f5b521de19b,,Open,35845.270270304114,338.0089814814815,3,C3: Large Open,0.142,95.76523,0.0,5090.028378383184,30755.24189192093
f2bbc44ed992e054,4928d3c96935fb3f,6b7e1f5b521de19b,6f9a9c5f2856c8b3,Open,48615.20615323649,13.260891203703704,4,C4: Mid-Range,,53.54806,40.2871701671459,,
f2bc7a91fe278386,9387d1da6d5967e1,6b7e1f5b521de19b,d4f34f97b6d22a81,Open,10473.765053251393,2.3148148148148147e-05,3,C3: Large Open,,39.38558,39.38555500736943,,
f2c112cbbf784b2c,6befd145c261113d,6b7e1f5b521de19b,6f9a9c5f2856c8b3,Open,546152.7884906246,3.472222222222222e-05,0,C0: High-Win,,220.01398,220.01394232855904,,
f2c9f383e578cdde,9387d1da6d5967e1,6b7e1f5b521de19b,,Open,2.4198904513070483,682.9287731481481,1,C1: Active Pipeline,0.15,337.97626,0.0,0.3629835676960572,2.056906883610991
f2ce4f2f7f97b6cb,1cdd086394501fee,6b7e1f5b521de19b,6f9a9c5f2856c8b3,Open,39105.036086486834,2.9099421296296297,3,C3: Large Open,0.834,35.71913,32.809189340096935,32613.60009613002,6491.435990356816
f2edab0d8e7f988a,1cdd086394501fee,6b7e1f5b521de19b,e72348f2c1467542,Open,12.08550221646412,0.0,4,C4: Mid-Range,,82.52861,82.52861022949219,,
f2fb9072d4d94f9d,6befd145c261113d,6b7e1f5b521de19b,,Open,89664.46366676311,1.1574074074074072e-05,3,C3: Large Open,,58.55974,58.559726585105615,,
f30c1e6e120fd9e7,9387d1da6d5967e1,6b7e1f5b521de19b,,Open,9648.963805727815,0.0,3,C3: Large Open,,268.49445,268.49444580078125,,
f3152142ff23ad52,9387d1da6d5967e1,6b7e1f5b521de19b,,Open,29324.531411075328,0.0,3,C3: Large Open,,55.278732,55.27873229980469,,
f31b4d5e8125b17b,9387d1da6d5967e1,6b7e1f5b521de19b,,Open,89664.46366676311,2.3148148148148147e-05,3,C3: Large Open,,148.67686,148.67684147587528,,
f3259c27002e80ce,6befd145c261113d,6b7e1f5b521de19b,6f9a9c5f2856c8b3,Open,270.4411873165172,1.1574074074074072e-05,1,C1: Active Pipeline,,62.37758,62.37756716127749,,
f3280dde5376f0fc,ac2a5ee6878db2c2,6b7e1f5b521de19b,6f9a9c5f2856c8b3,Open,4094562.1997242793,0.0003587962962962,0,C0: High-Win,,886.8902,886.88983895761,,
f337cf5b5ad5e558,9387d1da6d5967e1,6b7e1f5b521de19b,d4f34f97b6d22a81,Open,3554.6445803419124,0.7242708333333333,1,C1: Active Pipeline,0.7365714285714285,40.495872,39.77160166422526,2618.2496366061287,936.3949437357838
f340af096ae5bedd,ac2a5ee6878db2c2,6b7e1f5b521de19b,d4f34f97b6d22a81,Open,38234.67334502552,89.03695601851852,3,C3: Large Open,0.444,35.185158,0.0,16976.19496519133,21258.478379834192
f34b9b86dde01455,6befd145c261113d,6b7e1f5b521de19b,,Open,11485.134609700684,0.0,3,C3: Large Open,,101.09023,101.0902328491211,,
f354170de281f9d0,6befd145c261113d,6b7e1f5b521de19b,,Open,1.170863568534039,376.9670023148148,1,C1: Active Pipeline,,401.65195,24.68494470666957,,
f38a5346cddad483,9387d1da6d5967e1,6b7e1f5b521de19b,,Open,9648.963805727815,381.7421990740741,3,C3: Large Open,0.026,105.46977,0.0,250.8730589489232,9398.090746778891
f3a19a89c254f352,4928d3c96935fb3f,6b7e1f5b521de19b,d4f34f97b6d22a81,Open,37548.2802005653,1.1574074074074072e-05,2,C2: High-Win,,27.602139,27.602126945213037,,
f3a870b9dac3a772,a66943a59bca7bfd,38080774be85927f,28c9c64e5918b06e,Open,283.2325490853655,0.1190856481481481,1,C1: Active Pipeline,0.694,75.78601,75.66692509403936,196.56338906524365,86.66916002012186
f3aa0692d82ec2b1,6befd145c261113d,6b7e1f5b521de19b,6f9a9c5f2856c8b3,Open,98.49392076768088,33.74047453703704,1,C1: Active Pipeline,0.636,49.272366,15.531891033031322,62.64213360824504,35.85178715943584
f3b7627b9b5c153c,6befd145c261113d,6b7e1f5b521de19b,,Open,18179.73727059817,4.629629629629629e-05,3,C3: Large Open,,46.43067,46.430625395598234,,
f3b856a5804aa806,ac2a5ee6878db2c2,7b7c16a1b24ec3b8,28c9c64e5918b06e,Open,46736.66439367049,46.91719907407408,0,C0: High-Win,0.646,35.4095,0.0,30191.885198311138,16544.779195359355
f3ca98c518e3d986,6befd145c261113d,6b7e1f5b521de19b,6f9a9c5f2856c8b3,Open,1.170863568534039,1.1574074074074072e-05,1,C1: Active Pipeline,,62.948223,62.9482115399396,,
f3d5a83077b86526,6befd145c261113d,6b7e1f5b521de19b,6f9a9c5f2856c8b3,Open,139453.23795462475,74.83607638888888,3,C3: Large Open,0.468,72.246864,0.0,65264.11536276439,74189.12259186037
f3ffde4f20e958cb,4928d3c96935fb3f,6b7e1f5b521de19b,,Open,6766.394130610287,1.1574074074074072e-05,3,C3: Large Open,,86.95288,86.95286928530092,,
f40bee6d9b0c45ba,6befd145c261113d,6b7e1f5b521de19b,6f9a9c5f2856c8b3,Open,322.19821203079925,1.1574074074074072e-05,1,C1: Active Pipeline,0.836,26.708948,26.708936561301904,269.3577052577482,52.84050677305109
f422bb091c3b67b1,ef9b14cf5a29c54a,6b7e1f5b521de19b,,Open,767.4627551854461,1.1574074074074072e-05,2,C2: High-Win,,15.417297,15.417285789207176,,
f42cc4a0e1eb8a45,1cdd086394501fee,6b7e1f5b521de19b,6f9a9c5f2856c8b3,Open,4451.045132996835,0.0047222222222222,0,C0: High-Win,,52.12662,52.12189902411567,,
f42fdd0ca62eb006,9387d1da6d5967e1,6b7e1f5b521de19b,d4f34f97b6d22a81,Open,89651.35127364936,369.88138888888886,3,C3: Large Open,0.24,53.842224,0.0,21516.324305675844,68135.0269679735
f45380d451e8f278,9387d1da6d5967e1,6b7e1f5b521de19b,,Open,30590.18023479304,20.123784722222226,3,C3: Large Open,0.596,88.96017,68.83638220893012,18231.74741993665,12358.432814856389
f45c35fc672c6e71,9387d1da6d5967e1,6b7e1f5b521de19b,,Open,54608.54408792734,2.3148148148148147e-05,3,C3: Large Open,,62.013893,62.01386997929326,,
f4647f5053ca2ae3,9387d1da6d5967e1,6b7e1f5b521de19b,,Open,1.170863568534039,2.3148148148148147e-05,1,C1: Active Pipeline,,110.47341,110.47338841191045,,
f46761b2c3b50bc5,a66943a59bca7bfd,6828ce51082c111b,28c9c64e5918b06e,Open,1.170863568534039,1.1574074074074072e-05,1,C1: Active Pipeline,,62.0094,62.00938783998843,,
f473d8b03ee81fd2,1cdd086394501fee,674ec33189ed753c,,Open,6231775.0330267055,44.04944444444445,3,C3: Large Open,0.398,1040.3604,996.3109071180555,2480246.463144629,3751528.5698820767
f477e0a5eda052f5,9387d1da6d5967e1,6b7e1f5b521de19b,,Open,35845.270270304114,5.0547106481481485,3,C3: Large Open,0.1,165.2419,160.18718693485965,3584.527027030412,32260.743243273704
f48512ee5a6cb1c0,9387d1da6d5967e1,6b7e1f5b521de19b,,Open,4786.163932679293,0.0,3,C3: Large Open,,70.41518,70.41517639160156,,
f4869d7ee058c364,6befd145c261113d,6b7e1f5b521de19b,6f9a9c5f2856c8b3,Open,87301.76813805189,0.0016898148148148,3,C3: Large Open,,64.26415,64.26246271204066,,
f488db2bae805ef6,1cdd086394501fee,6b7e1f5b521de19b,,Open,1.170863568534039,3.472222222222222e-05,1,C1: Active Pipeline,,286.92755,286.92751654730904,,
f4d702fe1588b627,ac2a5ee6878db2c2,6b7e1f5b521de19b,6f9a9c5f2856c8b3,Open,187060.7024774128,120.7537037037037,3,C3: Large Open,0.514,491.46515,370.71144522207754,96149.20107339018,90911.50140402261
f4da1fa67b11c05e,4928d3c96935fb3f,6b7e1f5b521de19b,,Open,5111.753231356417,71.18311342592592,3,C3: Large Open,0.318,132.68129,61.49817624692564,1625.5375275713407,3486.215703785076
f4e25e4f56b73382,6befd145c261113d,6b7e1f5b521de19b,6f9a9c5f2856c8b3,Open,84057.4669200855,0.0003009259259259,3,C3: Large Open,,38.634483,38.63418241147642,,
f4fa3eeedbb7f258,6befd145c261113d,6b7e1f5b521de19b,,Open,9460658.651200624,0.0005324074074074,3,C3: Large Open,,407.1872,407.1866624168113,,
f5177ef63bece0f1,6befd145c261113d,38080774be85927f,28c9c64e5918b06e,Open,2388.361505566673,1.1574074074074072e-05,0,C0: High-Win,,44.096264,44.096252311423974,,
f527d0360ef4cfe7,9387d1da6d5967e1,6b7e1f5b521de19b,,Open,2.4198904513070483,2.3148148148148147e-05,1,C1: Active Pipeline,,207.1912,207.19116947880497,,
f53417fe8a68ed31,ac2a5ee6878db2c2,6b7e1f5b521de19b,6f9a9c5f2856c8b3,Open,112317.00731183944,2.835613425925926,3,C3: Large Open,,354.3819,351.5462835467303,,
f53932424f2c519d,6befd145c261113d,6b7e1f5b521de19b,6f9a9c5f2856c8b3,Open,402.3099026941368,1.1574074074074072e-05,1,C1: Active Pipeline,,37.33938,37.33936678285952,,
f53ac414b8fa414d,a66943a59bca7bfd,4dcb7378104041b8,28c9c64e5918b06e,Open,1.170863568534039,0.0,1,C1: Active Pipeline,,54.463264,54.46326446533203,,
f54df80b5cc122c3,1cdd086394501fee,6b7e1f5b521de19b,6f9a9c5f2856c8b3,Open,1.170863568534039,1.1574074074074072e-05,1,C1: Active Pipeline,,60.749252,60.749240745261865,,
f55e9df905c7795a,4928d3c96935fb3f,6b7e1f5b521de19b,,Open,55492.25906620081,252.0267476851852,4,C4: Mid-Range,,174.82425,0.0,,
f5947374e86cd9f1,1cdd086394501fee,6b7e1f5b521de19b,,Open,9052.165828557914,52.918125,3,C3: Large Open,0.6053333333333334,73.41626,20.498134765624997,5479.5777148870575,3572.5881136708563
f59f6e2095a19ed2,6befd145c261113d,6b7e1f5b521de19b,6f9a9c5f2856c8b3,Open,23827.00773874796,0.1102314814814814,0,C0: High-Win,,48.99288,48.88265029342086,,
f5b407e5732f9fab,ac2a5ee6878db2c2,6b7e1f5b521de19b,6f9a9c5f2856c8b3,Open,382963.3105655866,673.1126851851852,3,C3: Large Open,0.378,149.93286,0.0,144760.13139379173,238203.17917179488
f5c3f39a126097d2,9387d1da6d5967e1,6b7e1f5b521de19b,,Open,5083.8994500666495,76.96335648148148,3,C3: Large Open,0.156,54.821697,0.0,793.0883142103974,4290.811135856252
f5d71634854bf31d,1cdd086394501fee,6b7e1f5b521de19b,,Open,487480.5206381472,0.0793518518518518,3,C3: Large Open,0.376,446.4468,446.36745600947626,183292.67575994335,304187.8448782039
f5e816ce117b0245,6befd145c261113d,6b7e1f5b521de19b,6f9a9c5f2856c8b3,Open,1705808.8466495008,248.95614583333327,3,C3: Large Open,0.276,56.16622,0.0,470803.2416752623,1235005.6049742384
f5f1652d369afea2,ac2a5ee6878db2c2,6b7e1f5b521de19b,6f9a9c5f2856c8b3,Open,98.49392076768088,0.0003587962962962,1,C1: Active Pipeline,,60.622364,60.622005247893156,,
f5fd8af998fe1794,6befd145c261113d,6b7e1f5b521de19b,,Open,1.170863568534039,1.1574074074074072e-05,1,C1: Active Pipeline,,401.65195,401.6519354474103,,
f5fe5e525a420eeb,1cdd086394501fee,e43bc3ffd79e75b6,,Open,26534.76383683977,16.100011574074074,3,C3: Large Open,0.536,81.19893,65.09891725893374,14222.633416546118,12312.130420293654
f61e5cebef5f84fc,ef9b14cf5a29c54a,6b7e1f5b521de19b,,Open,1.170863568534039,0.0006944444444444,1,C1: Active Pipeline,,99.803215,99.80252058241102,,
f626633685999e6e,ac2a5ee6878db2c2,6b7e1f5b521de19b,d4f34f97b6d22a81,Open,33775.03923359714,16.086979166666666,3,C3: Large Open,0.5787391304347826,80.07198,63.98500417073568,19546.936836452678,14228.102397144465
f650ab66031e7010,6befd145c261113d,6b7e1f5b521de19b,6f9a9c5f2856c8b3,Open,98.49392076768088,2.3148148148148147e-05,1,C1: Active Pipeline,,61.63863,61.63860676518193,,
f659b19d0f7ee46a,6befd145c261113d,6b7e1f5b521de19b,6f9a9c5f2856c8b3,Open,468372.26782045857,0.2278703703703703,3,C3: Large Open,0.316,423.40872,423.1808515534577,148005.6366312649,320366.63118919363
f678ba02f5f6429f,a66943a59bca7bfd,062b9e5a52eb6d8e,28c9c64e5918b06e,Open,159182.70963999128,184.0998726851852,3,C3: Large Open,0.51,108.021996,0.0,81183.18191639555,77999.52772359573
f693b8253ce471e8,a66943a59bca7bfd,e366e0e543d0c5cd,d4f34f97b6d22a81,Open,1.170863568534039,1.1574074074074072e-05,1,C1: Active Pipeline,,57.73843,57.73841844911929,,
f69636a627bc0a08,1cdd086394501fee,6b7e1f5b521de19b,6f9a9c5f2856c8b3,Open,126444.7545941906,355.06532407407406,3,C3: Large Open,0.42,326.04068,0.0,53106.79692956005,73337.95766463055
f6972aa6c69ae43b,9387d1da6d5967e1,062b9e5a52eb6d8e,,Open,1.170863568534039,1.1574074074074072e-05,1,C1: Active Pipeline,,137.06398,137.06396852846498,,
f698325760c8b487,9387d1da6d5967e1,6b7e1f5b521de19b,d4f34f97b6d22a81,Open,1351.32831267334,4.629629629629629e-05,1,C1: Active Pipeline,,62.61981,62.61976190072519,,
f69fa4037b56be65,ef9b14cf5a29c54a,6b7e1f5b521de19b,,Open,927348.730252386,250.1372685185185,3,C3: Large Open,0.284,95.41198,0.0,263367.0393916776,663981.6908607084
f6a43c1dfbe267ae,9387d1da6d5967e1,6b7e1f5b521de19b,,Open,19623.72126185764,8.063333333333333,3,C3: Large Open,0.29,112.65864,104.59530466715495,5690.879165938715,13932.842095918924
f6bd917d954e93ae,1cdd086394501fee,9cd083484517be1d,,Open,8290.869253090716,0.0,0,C0: High-Win,,271.9213,271.9212951660156,,
f6c43580dccac10b,9387d1da6d5967e1,6b7e1f5b521de19b,,Open,147782.212188992,1.1574074074074072e-05,3,C3: Large Open,,140.64192,140.64191042299623,,
f6ebedf7d7077d17,9387d1da6d5967e1,6b7e1f5b521de19b,d4f34f97b6d22a81,Open,53912.01539425735,449.03246527777776,3,C3: Large Open,0.33,565.02594,115.99347466362849,17790.96508010493,36121.050314152424
f6f0cb26d2793536,6befd145c261113d,6b7e1f5b521de19b,6f9a9c5f2856c8b3,Open,361.29574083874047,0.0033333333333333,1,C1: Active Pipeline,,71.669014,71.66568064371745,,
f7227134b7b14a2d,6befd145c261113d,6b7e1f5b521de19b,6f9a9c5f2856c8b3,Open,1.170863568534039,0.0,1,C1: Active Pipeline,,213.79883,213.798828125,,
f72284175aaef247,a66943a59bca7bfd,7b7c16a1b24ec3b8,28c9c64e5918b06e,Open,1223.523716952242,5.787037037037037e-05,1,C1: Active Pipeline,,80.20825,80.20819408275463,,
f727434553e30ef3,6befd145c261113d,6b7e1f5b521de19b,,Open,5655.969519442425,0.0,3,C3: Large Open,,91.78486,91.78485870361328,,
f7399f253e8cc614,ac2a5ee6878db2c2,6b7e1f5b521de19b,d4f34f97b6d22a81,Open,351627.12953203905,38.18490740740741,3,C3: Large Open,0.244,410.28494,372.1000352195457,85797.01960581752,265830.10992622154
f75d6a5ed95d3bde,6befd145c261113d,6b7e1f5b521de19b,6f9a9c5f2856c8b3,Open,1832.7101424712496,0.0143171296296296,1,C1: Active Pipeline,,39.85618,39.841861154061775,,
f7672e5d4f122799,1cdd086394501fee,6828ce51082c111b,,Open,1064506.8667509402,2.3148148148148147e-05,3,C3: Large Open,,141.99915,141.99912235966434,,
f76a367c5f9475e8,ac2a5ee6878db2c2,cca8e68b78e095c5,28c9c64e5918b06e,Open,35323.80641959515,0.0121643518518518,0,C0: High-Win,0.744,46.79271,46.78054499873409,26280.91197617879,9042.894443416359
f76c5eadd84dde35,6befd145c261113d,6b7e1f5b521de19b,,Open,4666113.343469918,0.6536111111111111,3,C3: Large Open,0.306,1389.8271,1389.173537326389,1427830.683101795,3238282.6603681226
f77188b1185be9c8,ac2a5ee6878db2c2,6b7e1f5b521de19b,d4f34f97b6d22a81,Open,1.170863568534039,0.0,1,C1: Active Pipeline,,51.495773,51.49577331542969,,
f773d6a65b666585,6befd145c261113d,6b7e1f5b521de19b,6f9a9c5f2856c8b3,Open,98.49392076768088,34.73444444444444,1,C1: Active Pipeline,0.716,50.868435,16.133990461561417,70.52164726965951,27.972273498021373
f77ed55071929234,9387d1da6d5967e1,6b7e1f5b521de19b,d4f34f97b6d22a81,Open,120208.22079270924,36.83013888888889,3,C3: Large Open,0.586,59.977005,23.146866115993923,70442.01738452761,49766.20340818163
f77f45ffda2b27a1,9387d1da6d5967e1,6b7e1f5b521de19b,,Open,2.4198904513070483,1.1574074074074072e-05,1,C1: Active Pipeline,,227.67429,227.6742743145978,,
f79b98681cab2a34,4928d3c96935fb3f,6b7e1f5b521de19b,,Open,3417.1203705856933,2.3148148148148147e-05,0,C0: High-Win,,208.86012,208.8600995325159,,
f79d66b9e74211df,6befd145c261113d,6b7e1f5b521de19b,6f9a9c5f2856c8b3,Open,264.11418569428724,2.3148148148148147e-05,1,C1: Active Pipeline,,24.956112,24.956088759810836,,
f79fef6a73809145,9387d1da6d5967e1,6b7e1f5b521de19b,d4f34f97b6d22a81,Open,20294.979748195467,2.3148148148148147e-05,3,C3: Large Open,0.822,47.82127,47.82124684086553,16682.473353016674,3612.506395178794
f7aa2204e7459ccb,1cdd086394501fee,fd10c5543bdbcbc9,,Open,263999.29512211593,1.1574074074074072e-05,3,C3: Large Open,,169.53098,169.5309637677228,,
f7c55f6a27efe4a6,ef9b14cf5a29c54a,6b7e1f5b521de19b,,Open,160135.51540490508,1.1574074074074072e-05,0,C0: High-Win,,243.39095,243.39093386049623,,
f7d30e48188e35a0,9387d1da6d5967e1,6b7e1f5b521de19b,,Open,27512.41339013049,0.0,0,C0: High-Win,,220.90826,220.90826416015625,,
f7f59541adde6b61,6befd145c261113d,6b7e1f5b521de19b,6f9a9c5f2856c8b3,Open,1671.408764877286,4.629629629629629e-05,0,C0: High-Win,,26.397408,26.397361235441984,,
f804a42e9b02d383,6befd145c261113d,6b7e1f5b521de19b,6f9a9c5f2856c8b3,Open,2471.5584261267168,0.0,0,C0: High-Win,0.646,37.18423,37.18423080444336,1596.626743277859,874.9316828488577
f81ad0ce032e2162,ac2a5ee6878db2c2,6b7e1f5b521de19b,,Open,1.170863568534039,0.0,1,C1: Active Pipeline,0.104,325.37888,325.3788757324219,0.12176981112754004,1.049093757406499
f81d6b67d7b2bfad,1cdd086394501fee,6b7e1f5b521de19b,6f9a9c5f2856c8b3,Open,1.170863568534039,0.0,1,C1: Active Pipeline,,52.319233,52.31923294067383,,
f823adc023a0db97,9387d1da6d5967e1,6b7e1f5b521de19b,,Open,50743.49206519612,1.1574074074074072e-05,3,C3: Large Open,,65.3083,65.3082846295392,,
f836f0adfb69c15b,9387d1da6d5967e1,6b7e1f5b521de19b,,Open,11576.129437233363,0.0,0,C0: High-Win,,50.600895,50.600894927978516,,
f839224076fc0574,9387d1da6d5967e1,6b7e1f5b521de19b,,Open,506967.59952288936,2.3148148148148147e-05,3,C3: Large Open,,378.63605,378.6360242151331,,
f858e20785598b63,9387d1da6d5967e1,6b7e1f5b521de19b,,Open,2.4198904513070483,1.1574074074074072e-05,1,C1: Active Pipeline,,98.94602,98.94601045961733,,
f85a2fe3bba35c6c,ef9b14cf5a29c54a,6b7e1f5b521de19b,,Open,613075.7543652449,207.80847222222224,0,C0: High-Win,0.716,123.27026,0.0,438962.2401255153,174113.51423972956
f863791e88ff4a2e,ac2a5ee6878db2c2,6b7e1f5b521de19b,6f9a9c5f2856c8b3,Open,1.170863568534039,0.0003472222222222,1,C1: Active Pipeline,,60.258564,60.258216773139104,,
f86d23364b3e1303,ac2a5ee6878db2c2,6b7e1f5b521de19b,6f9a9c5f2856c8b3,Open,1183415.278081473,1053.952824074074,3,C3: Large Open,0.466,498.57846,0.0,551471.5195859665,631943.7584955066
f8755861970225b2,9387d1da6d5967e1,6b7e1f5b521de19b,,Open,1.170863568534039,0.0,1,C1: Active Pipeline,,162.2084,162.20840454101562,,
f87cecb3dc713e5d,6befd145c261113d,6b7e1f5b521de19b,,Open,271714.27236091055,196.03527777777776,3,C3: Large Open,,91.88851,0.0,,
f88e6b3fbd40bd6e,9387d1da6d5967e1,6b7e1f5b521de19b,d4f34f97b6d22a81,Open,25057.983364846477,2.3148148148148147e-05,3,C3: Large Open,,92.12182,92.12179539433232,,
f8a0e4c69bdc2c40,ef9b14cf5a29c54a,6b7e1f5b521de19b,6f9a9c5f2856c8b3,Open,78849.88064113903,213.7151388888889,3,C3: Large Open,,43.4945,0.0,,
f8b1ae3ccfafe4be,6befd145c261113d,6b7e1f5b521de19b,6f9a9c5f2856c8b3,Open,1.170863568534039,87.30143518518518,1,C1: Active Pipeline,0.448,55.845383,0.0,0.5245468787032495,0.6463166898307896
f8b46f9c49f1cfc3,a66943a59bca7bfd,255414ab73601d72,28c9c64e5918b06e,Open,1.170863568534039,0.0132175925925925,1,C1: Active Pipeline,,88.22294,88.20972094500506,,
f8b791bf30016e24,9387d1da6d5967e1,6b7e1f5b521de19b,6f9a9c5f2856c8b3,Open,667188.932432704,0.0620717592592592,3,C3: Large Open,,107.23668,107.17460731788918,,
f8c0b1c60144d445,1cdd086394501fee,6b7e1f5b521de19b,6f9a9c5f2856c8b3,Open,1.170863568534039,1.1574074074074072e-05,1,C1: Active Pipeline,,69.81455,69.81454073305483,,
f8c607159ae25932,1cdd086394501fee,6b7e1f5b521de19b,6f9a9c5f2856c8b3,Open,1.170863568534039,1.1574074074074072e-05,1,C1: Active Pipeline,,67.25801,67.25799929018373,,
f8d576ca81b0f9bd,a66943a59bca7bfd,6ab36d9b02cbcf6b,28c9c64e5918b06e,Open,718459.9479446962,1.1574074074074072e-05,3,C3: Large Open,0.558,163.69974,163.69972597475405,400900.6509531405,317559.29699155566
f8dba527346dc5b4,6befd145c261113d,6b7e1f5b521de19b,6f9a9c5f2856c8b3,Open,1.170863568534039,1.1574074074074072e-05,1,C1: Active Pipeline,,59.733833,59.73382173891421,,
f8eef089e3105010,ac2a5ee6878db2c2,6b7e1f5b521de19b,6f9a9c5f2856c8b3,Open,1060.8669669680155,1.1574074074074072e-05,1,C1: Active Pipeline,,27.337881,27.337869514182763,,
f908a9d34c2ba256,6befd145c261113d,6b7e1f5b521de19b,d4f34f97b6d22a81,Open,1.170863568534039,0.0,1,C1: Active Pipeline,,103.4624,103.46240234375,,
f90f628a340e6d82,9387d1da6d5967e1,6b7e1f5b521de19b,,Open,1.170863568534039,0.0,1,C1: Active Pipeline,,89.49601,89.49600982666016,,
f913db47e28f7e0c,9387d1da6d5967e1,6b7e1f5b521de19b,d4f34f97b6d22a81,Open,22962.31400177536,49.926631944444445,3,C3: Large Open,0.452,52.846085,2.9194526502821176,10378.965928802463,12583.348072972898
f920f2b4614b0de0,1cdd086394501fee,6b7e1f5b521de19b,6f9a9c5f2856c8b3,Open,110632.447126631,0.026886574074074,3,C3: Large Open,0.348,245.61731,245.59042299623843,38500.091600067586,72132.35552656342
f927aa5bebba2858,9387d1da6d5967e1,6b7e1f5b521de19b,d4f34f97b6d22a81,Open,1533.613143677902,1.1574074074074072e-05,1,C1: Active Pipeline,,37.689064,37.689052451804834,,
f93642e4252212d8,6befd145c261113d,6b7e1f5b521de19b,6f9a9c5f2856c8b3,Open,98.49392076768088,20.97828703703704,1,C1: Active Pipeline,,47.35026,26.371974651195384,,
f937aa408ebaf2a7,1cdd086394501fee,6b7e1f5b521de19b,6f9a9c5f2856c8b3,Open,1.170863568534039,1.1574074074074072e-05,1,C1: Active Pipeline,,51.549232,51.549220908836084,,
f93b1a69acd5ccd3,9387d1da6d5967e1,6b7e1f5b521de19b,d4f34f97b6d22a81,Open,77359.1375582819,64.51600694444444,3,C3: Large Open,0.338,185.04706,120.53105116102431,26147.388494699284,51211.74906358261
f94cd30a063b3779,ac2a5ee6878db2c2,6b7e1f5b521de19b,d4f34f97b6d22a81,Open,1.170863568534039,1.1574074074074072e-05,1,C1: Active Pipeline,,69.27855,69.27853762026186,,
f94df520f9365740,6befd145c261113d,6b7e1f5b521de19b,d4f34f97b6d22a81,Open,796.4699066600575,5.787037037037037e-05,0,C0: High-Win,,33.739014,33.73895580150463,,
f95021df006dc8b7,1cdd086394501fee,6b7e1f5b521de19b,,Open,263999.29512211593,448.0254861111111,3,C3: Large Open,0.21,352.86264,0.0,55439.85197564434,208559.4431464716
f96ea65212393d84,6befd145c261113d,6b7e1f5b521de19b,6f9a9c5f2856c8b3,Open,89274.76886326922,6.944444444444444e-05,3,C3: Large Open,,51.91478,51.914710218641495,,
f97bd3a79b4805d9,ac2a5ee6878db2c2,6b7e1f5b521de19b,6f9a9c5f2856c8b3,Open,746710.0243694199,63.95462962962963,3,C3: Large Open,0.432,308.1961,244.2414763274016,322578.7305275894,424131.2938418306
f98db0e904782fea,9387d1da6d5967e1,6b7e1f5b521de19b,,Open,1.170863568534039,1.1574074074074072e-05,1,C1: Active Pipeline,,114.04583,114.04581819887514,,
f99b1a6bc10dc4e3,ac2a5ee6878db2c2,6b7e1f5b521de19b,d4f34f97b6d22a81,Open,1.170863568534039,1.1574074074074072e-05,1,C1: Active Pipeline,,43.103767,43.10375582094546,,
f9baa5979f31e3c8,a66943a59bca7bfd,6b7e1f5b521de19b,d4f34f97b6d22a81,Open,42677.99379534832,2.3148148148148147e-05,3,C3: Large Open,,60.541912,60.54188893070928,,
f9c066c49e1920f9,1cdd086394501fee,6b7e1f5b521de19b,6f9a9c5f2856c8b3,Open,534.5463080854963,0.0040393518518518,1,C1: Active Pipeline,,65.85282,65.8487819982458,,
f9fac5987562d127,6befd145c261113d,6b7e1f5b521de19b,6f9a9c5f2856c8b3,Open,1.170863568534039,1.1574074074074072e-05,1,C1: Active Pipeline,,55.092846,55.092834342673974,,
fa09386da9991233,6befd145c261113d,6b7e1f5b521de19b,6f9a9c5f2856c8b3,Open,865437.8840283368,293.7506481481482,3,C3: Large Open,0.334,374.2844,80.5337451623987,289056.2532654645,576381.6307628723
fa106b5e07a26a64,ac2a5ee6878db2c2,6b7e1f5b521de19b,6f9a9c5f2856c8b3,Open,1.170863568534039,0.0,1,C1: Active Pipeline,,52.12026,52.12025833129883,,
fa1c67319e94a5a7,a66943a59bca7bfd,ac6153076817c20f,28c9c64e5918b06e,Open,283551.344504511,58.73807870370371,3,C3: Large Open,0.2,154.95595,96.21786917227286,56710.2689009022,226841.0756036088
fa29cd2c9cf478ca,4928d3c96935fb3f,6b7e1f5b521de19b,6f9a9c5f2856c8b3,Open,2860033.8389475136,294.6670023148148,3,C3: Large Open,0.118,559.492,264.82500207971646,337483.99299580656,2522549.845951707
fa4b871e382862f3,1cdd086394501fee,6b7e1f5b521de19b,6f9a9c5f2856c8b3,Open,1.170863568534039,1.1574074074074072e-05,1,C1: Active Pipeline,,59.156944,59.15693270082827,,
fa73a32cdf06c95f,9387d1da6d5967e1,6b7e1f5b521de19b,,Open,5655.969519442425,272.9954976851852,0,C0: High-Win,,37.206615,0.0,,
fa9c63c421476b1a,9387d1da6d5967e1,6b7e1f5b521de19b,d4f34f97b6d22a81,Open,36913.28280334344,5.787037037037037e-05,3,C3: Large Open,,38.22937,38.22931224681713,,
faa965f618bac4da,6befd145c261113d,6b7e1f5b521de19b,,Open,13121.811050396169,2.3148148148148147e-05,3,C3: Large Open,,35.413795,35.41377232304326,,
fac08fd8bc03c586,6befd145c261113d,6b7e1f5b521de19b,,Open,30509.682944394142,1.1574074074074072e-05,3,C3: Large Open,,28.361658,28.361646522239404,,
fb0f8732452514f4,6befd145c261113d,6b7e1f5b521de19b,6f9a9c5f2856c8b3,Open,432554.1732847176,2.3148148148148147e-05,0,C0: High-Win,,35.86472,35.864696242720996,,
fb144df77db9552e,a66943a59bca7bfd,6828ce51082c111b,28c9c64e5918b06e,Open,158646.32247147386,558.1485995370371,3,C3: Large Open,0.582,58.507626,0.0,92332.15967839779,66314.16279307607
fb170860714ccfab,1cdd086394501fee,6b7e1f5b521de19b,6f9a9c5f2856c8b3,Open,40882.78265293119,1.1574074074074072e-05,0,C0: High-Win,,343.46954,343.4695318829572,,
fb1eb516d5e9ab19,ef9b14cf5a29c54a,6b7e1f5b521de19b,,Open,262190.543180081,0.0050694444444444,3,C3: Large Open,,121.79445,121.78937940809462,,
fb5bcc223283830c,6befd145c261113d,6b7e1f5b521de19b,6f9a9c5f2856c8b3,Open,1.170863568534039,1.1574074074074072e-05,1,C1: Active Pipeline,,66.00709,66.00707613344545,,
fb6f0eb99b67d48f,1cdd086394501fee,062b9e5a52eb6d8e,,Open,1028.3146841294915,1.1574074074074072e-05,1,C1: Active Pipeline,,24.338396,24.338384498313623,,
fb71463028195d60,ac2a5ee6878db2c2,6b7e1f5b521de19b,6f9a9c5f2856c8b3,Open,1.170863568534039,0.0090625,1,C1: Active Pipeline,,32.647766,32.63870361328125,,
fba6740adc1a4978,1cdd086394501fee,6b7e1f5b521de19b,6f9a9c5f2856c8b3,Open,1.170863568534039,0.0335532407407407,1,C1: Active Pipeline,0.476,82.80861,82.77505576804832,0.5573310586222026,0.6135325099118364
fbb30cb9e5e7fbcf,ac2a5ee6878db2c2,6b7e1f5b521de19b,6f9a9c5f2856c8b3,Open,1984.4818169065072,3.472222222222222e-05,1,C1: Active Pipeline,,31.491127,31.491092291937935,,
fbc3f6c8c8dfc468,1cdd086394501fee,bd661df59343798b,,Open,9648.963805727815,1.1574074074074072e-05,3,C3: Large Open,,59.09974,59.09972750063296,,
fbc7822bbb4b28de,a66943a59bca7bfd,ac07a4f1ad9a4f67,28c9c64e5918b06e,Open,23015.63858680752,5.787037037037037e-05,3,C3: Large Open,,56.861362,56.86130458690502,,
fbd3f248f7f88e42,1cdd086394501fee,6b7e1f5b521de19b,6f9a9c5f2856c8b3,Open,1.170863568534039,1.1574074074074072e-05,1,C1: Active Pipeline,,60.23136,60.231349815086084,,
fbdf163ba81149e0,a66943a59bca7bfd,75c64824a2a4e380,28c9c64e5918b06e,Open,1.170863568534039,1.1574074074074072e-05,1,C1: Active Pipeline,,58.756424,58.75641237612124,,
fbe971796da8a83b,9387d1da6d5967e1,6b7e1f5b521de19b,,Open,160971.91614520777,40.73011574074074,3,C3: Large Open,0.324,432.17166,391.44154563621237,52154.90083104732,108817.01531416044
fbf5cea669bc23b1,9387d1da6d5967e1,6b7e1f5b521de19b,,Open,2357482.063301993,84.76618055555555,3,C3: Large Open,,1151.513,1066.7467588975694,,
fc16343084b682b0,ac2a5ee6878db2c2,6b7e1f5b521de19b,6f9a9c5f2856c8b3,Open,1.170863568534039,0.0,1,C1: Active Pipeline,,235.37764,235.3776397705078,,
fc16592d2df77953,1cdd086394501fee,062b9e5a52eb6d8e,,Open,2521022.25580936,1668.249849537037,3,C3: Large Open,0.316,773.66705,0.0,796643.0328357578,1724379.2229736021
fc1f09274068e5c4,1cdd086394501fee,062b9e5a52eb6d8e,,Open,4729.803160858096,1.1574074074074072e-05,0,C0: High-Win,,30.193462,30.1934507977521,,
fc2707e711db6f49,9387d1da6d5967e1,6b7e1f5b521de19b,,Open,108237.84289206556,40.74811342592593,3,C3: Large Open,0.322,451.08755,410.3394415057147,34852.58541124511,73385.25748082044
fc2ca9a2860be756,ef9b14cf5a29c54a,6b7e1f5b521de19b,,Open,4455954.241386304,0.0277199074074074,3,C3: Large Open,0.088,199.97017,199.9424491599754,392123.9732419947,4063830.268144309
fc3d48ee75f0c62c,6befd145c261113d,6b7e1f5b521de19b,6f9a9c5f2856c8b3,Open,119269.40040045764,0.0599305555555555,3,C3: Large Open,,72.52659,72.46665788438585,,
fc3e3a0eaa2d833a,a66943a59bca7bfd,e366e0e543d0c5cd,d4f34f97b6d22a81,Open,1.170863568534039,1.1574074074074072e-05,1,C1: Active Pipeline,,56.48258,56.48256670351382,,
fc4a10c967cc7ab0,ac2a5ee6878db2c2,6b7e1f5b521de19b,6f9a9c5f2856c8b3,Open,22392.97358458024,4.629629629629629e-05,0,C0: High-Win,,57.12895,57.128901915373625,,
fc4ae6954d8d1a02,6befd145c261113d,6b7e1f5b521de19b,6f9a9c5f2856c8b3,Open,33410.72804667852,46.10203703703704,3,C3: Large Open,0.1,303.6572,257.5551590078848,3341.0728046678523,30069.65524201067
fc4b45efee475ca7,9387d1da6d5967e1,6b7e1f5b521de19b,,Open,25102.753943361105,1.1574074074074072e-05,3,C3: Large Open,,146.13417,146.13415895815248,,
fc4e95a3e081f5dd,ef9b14cf5a29c54a,6b7e1f5b521de19b,,Open,346406.33538893465,146.7977662037037,0,C0: High-Win,0.69,96.612976,0.0,239020.3714183649,107385.96397056976
fc7c5fe4e515a551,1cdd086394501fee,674ec33189ed753c,,Open,1903037.2145069144,1.1574074074074072e-05,3,C3: Large Open,,1319.1708,1319.1707647931134,,
fc8164837673a261,ef9b14cf5a29c54a,6b7e1f5b521de19b,,Open,48502.8796948733,307.9213310185185,3,C3: Large Open,0.13,245.80606,0.0,6305.374360333529,42197.50533453977
fc83d97b56489bef,6befd145c261113d,6b7e1f5b521de19b,,Open,1187910.3043156844,0.2352662037037037,3,C3: Large Open,0.256,810.91254,810.67727041739,304105.0379048152,883805.2664108692
fc897eb7dbbbc00f,6befd145c261113d,6b7e1f5b521de19b,6f9a9c5f2856c8b3,Open,78357.18724264146,4.629629629629629e-05,0,C0: High-Win,,55.033794,55.033748106779875,,
fc8a488a9746a829,9387d1da6d5967e1,6b7e1f5b521de19b,,Open,76057.68653515907,0.0,3,C3: Large Open,,198.659,198.65899658203125,,
fc8f7f9747b1f15e,ac2a5ee6878db2c2,6b7e1f5b521de19b,6f9a9c5f2856c8b3,Open,64421.72423056767,57.05923611111111,3,C3: Large Open,0.252,72.35753,15.298292575412326,16234.274506103053,48187.44972446462
fc909fb5e256e8b1,9387d1da6d5967e1,6b7e1f5b521de19b,,Open,1287.0828528119127,0.0,1,C1: Active Pipeline,0.272,275.73837,275.7383728027344,350.08653596484027,936.9963168470724
fc943478c1b25325,9387d1da6d5967e1,6b7e1f5b521de19b,,Open,11675.99327727772,755.0425578703704,3,C3: Large Open,0.258,44.093803,0.0,3012.4062655376515,8663.587011740068
fc9a3a2792261162,ac2a5ee6878db2c2,6b7e1f5b521de19b,6f9a9c5f2856c8b3,Open,8719442.463525467,4.122627314814815,4,C4: Mid-Range,,196.95058,192.82794946741174,,
fc9cd404891ab2e5,1cdd086394501fee,6b7e1f5b521de19b,6f9a9c5f2856c8b3,Open,625.526894089311,2.3148148148148147e-05,1,C1: Active Pipeline,,47.328274,47.328250625045214,,
fcac2d26c3cc823c,6befd145c261113d,6b7e1f5b521de19b,6f9a9c5f2856c8b3,Open,140831.76995593755,4.629629629629629e-05,0,C0: High-Win,0.546,200.1205,200.12045236093027,76894.1463959419,63937.62355999564
fcacfdc1a97ce459,9387d1da6d5967e1,6b7e1f5b521de19b,,Open,19623.72126185764,1.1574074074074072e-05,0,C0: High-Win,,48.0261,48.026088584617334,,
fcaef9397306e075,ac2a5ee6878db2c2,6b7e1f5b521de19b,6f9a9c5f2856c8b3,Open,1.170863568534039,0.0,1,C1: Active Pipeline,,313.06412,313.0641174316406,,
fcdcce3b476cec0d,9387d1da6d5967e1,6b7e1f5b521de19b,d4f34f97b6d22a81,Open,289294.5112739741,130.87025462962964,3,C3: Large Open,0.77,83.532455,0.0,222756.77368096006,66537.73759301404
fce78a68296dcbdc,6befd145c261113d,6b7e1f5b521de19b,,Open,40966.8423659283,1.1574074074074072e-05,3,C3: Large Open,,127.92428,127.92426668520326,,
fce83bc482a2bc41,9387d1da6d5967e1,6b7e1f5b521de19b,,Open,21273.147061594493,0.0,3,C3: Large Open,,101.905106,101.90510559082031,,
fcea35dca02a5657,1cdd086394501fee,674ec33189ed753c,,Open,870350.122287474,1.1574074074074072e-05,3,C3: Large Open,,543.3348,543.3347662579572,,
fcf010f20be4b5ea,a66943a59bca7bfd,1bb1bb990c53f4fc,28c9c64e5918b06e,Open,1.170863568534039,2.3148148148148147e-05,1,C1: Active Pipeline,,79.66391,79.66388676396123,,
fd0104711136c293,9387d1da6d5967e1,6b7e1f5b521de19b,,Open,80872.05936290111,82.91170138888889,3,C3: Large Open,0.2,102.34513,19.43342953152127,16174.411872580224,64697.647490320895
fd0deaa3a2c47ef5,6befd145c261113d,6b7e1f5b521de19b,6f9a9c5f2856c8b3,Open,75598.54238248529,20.87270833333333,3,C3: Large Open,0.68,73.77987,52.907160746256515,51407.00882009,24191.53356239529
fd19af9e62a88351,6befd145c261113d,6b7e1f5b521de19b,6f9a9c5f2856c8b3,Open,427.1264910408245,1.1574074074074072e-05,1,C1: Active Pipeline,,22.73188,22.73186861391421,,
fd1ab4c99d7c77d8,9387d1da6d5967e1,6b7e1f5b521de19b,d4f34f97b6d22a81,Open,16928.446291798304,1.1574074074074072e-05,3,C3: Large Open,,47.913677,47.9136656415021,,
fd1eef79c93351f8,ef9b14cf5a29c54a,6b7e1f5b521de19b,,Open,1.170863568534039,1102.1626157407406,3,C3: Large Open,0.256,281.86533,0.0,0.29974107354471397,0.8711224949893249
fd2e9be36e0bce09,a66943a59bca7bfd,8f36933a863ddaa7,28c9c64e5918b06e,Open,665734.6916195512,202.8890046296296,2,C2: High-Win,0.56,91.29872,0.0,372811.4273069487,292923.26431260246
fd376c529a47be81,6befd145c261113d,6b7e1f5b521de19b,d4f34f97b6d22a81,Open,2325.2978958944414,506.9546990740741,3,C3: Large Open,0.186,39.73209,0.0,432.5054086363661,1892.7924872580754
fd3a986910365057,9387d1da6d5967e1,6b7e1f5b521de19b,,Open,1.170863568534039,2.3148148148148147e-05,1,C1: Active Pipeline,,75.668655,75.66863224735967,,
fd3ede2b147540bb,4928d3c96935fb3f,6b7e1f5b521de19b,6f9a9c5f2856c8b3,Open,796493.7010915865,59.596377314814816,4,C4: Mid-Range,,194.90067,135.3042879683883,,
fd41fc014ad26b05,9387d1da6d5967e1,6b7e1f5b521de19b,,Open,5083.8994500666495,1.1574074074074072e-05,3,C3: Large Open,,45.33892,45.338909019187646,,
fd5f73de25ab0af1,a66943a59bca7bfd,e366e0e543d0c5cd,28c9c64e5918b06e,Open,18887.88392060843,2.9385648148148147,3,C3: Large Open,0.6154305882352942,70.857086,67.91852136682581,11624.181511780002,7263.70240882843
fd6dd77a242f5784,4928d3c96935fb3f,6b7e1f5b521de19b,6f9a9c5f2856c8b3,Open,1111818.1044947596,96.99368055555556,4,C4: Mid-Range,,213.4014,116.40771714952257,,
fd835040eb2be339,6befd145c261113d,6b7e1f5b521de19b,6f9a9c5f2856c8b3,Open,141262.38554008558,0.0009259259259259,0,C0: High-Win,,29.662249,29.66132268552427,,
fd8e78c8d071d490,1cdd086394501fee,062b9e5a52eb6d8e,,Open,1.170863568534039,1.1574074074074072e-05,1,C1: Active Pipeline,,53.129196,53.129184592918115,,
fde33d54dbc6513b,6befd145c261113d,6b7e1f5b521de19b,6f9a9c5f2856c8b3,Open,1513.303966626723,1.1574074074074072e-05,1,C1: Active Pipeline,0.466,44.14204,44.142028678611474,705.1996484480529,808.1043181786702
fde7b0d230a9ec5c,ac2a5ee6878db2c2,6b7e1f5b521de19b,d4f34f97b6d22a81,Open,1.170863568534039,0.0,1,C1: Active Pipeline,,66.096344,66.09634399414062,,
fdeb2bd69f7e7220,ac2a5ee6878db2c2,6b7e1f5b521de19b,d4f34f97b6d22a81,Open,227381.06794614773,128.8805787037037,3,C3: Large Open,0.18,110.47757,0.0,40928.59223030659,186452.47571584114
fdee7d7942183a5c,a66943a59bca7bfd,75c64824a2a4e380,28c9c64e5918b06e,Open,712082.7439525853,126.06528935185185,0,C0: High-Win,0.744,183.89896,57.83366694697628,529789.5615007235,182293.18245186182
fe13ec789543429b,9387d1da6d5967e1,6b7e1f5b521de19b,,Open,65798.13803746978,3.472222222222222e-05,3,C3: Large Open,,106.676895,106.67686041937934,,
fe2d8090efb9b7f8,9387d1da6d5967e1,6b7e1f5b521de19b,,Open,30405.58043486053,90.93939814814814,3,C3: Large Open,0.696,114.61302,23.673623702437794,21162.283982662928,9243.296452197603
fe2e85ee3fe2e5ae,ac2a5ee6878db2c2,6b7e1f5b521de19b,,Open,1.170863568534039,19.067858796296296,1,C1: Active Pipeline,,68.93942,49.87156381112558,,
fe35a2335fd94ec3,ef9b14cf5a29c54a,6b7e1f5b521de19b,,Open,106993.00296756322,1.1574074074074072e-05,0,C0: High-Win,,60.367565,60.367553580955224,,
fe3f0825cd399e08,1cdd086394501fee,6b7e1f5b521de19b,,Open,150228753.08131316,41.98347222222223,2,C2: High-Win,0.628,198.2879,156.304430609809,94343656.93506467,55885096.1462485
fe48c6a36176d496,9387d1da6d5967e1,6b7e1f5b521de19b,,Open,35845.270270304114,1.1574074074074072e-05,3,C3: Large Open,,284.10068,284.1006659161603,,
fe502621a6af295c,1cdd086394501fee,6b7e1f5b521de19b,6f9a9c5f2856c8b3,Open,19173.860793981083,0.0030671296296296,0,C0: High-Win,0.628,69.74295,69.7398833098235,12041.18457862012,7132.6762153609625
fe593fdb93bd7942,4928d3c96935fb3f,6b7e1f5b521de19b,,Open,4535.253625562195,0.0017013888888888,3,C3: Large Open,,32.910824,32.909122433132595,,
fe5a5da4d2ce8c07,a66943a59bca7bfd,e366e0e543d0c5cd,d4f34f97b6d22a81,Open,114434.53124771116,3.0413194444444445,3,C3: Large Open,0.61,171.98177,168.94044630262587,69805.06406110381,44629.467186607355
fe5d7013e9cdef45,ef9b14cf5a29c54a,6b7e1f5b521de19b,,Open,9887.041589348042,1.1574074074074072e-05,3,C3: Large Open,,64.38148,64.38146578188295,,
fe68e7220b51dd2d,4928d3c96935fb3f,6b7e1f5b521de19b,,Open,5686.154365797639,0.0,0,C0: High-Win,,205.23581,205.23580932617188,,
fe791fb4ccff79dc,9387d1da6d5967e1,6b7e1f5b521de19b,,Open,2.4198904513070483,0.0023263888888888,1,C1: Active Pipeline,,157.76787,157.7655416531033,,
fe84d766406a282c,1cdd086394501fee,6b7e1f5b521de19b,6f9a9c5f2856c8b3,Open,1299118.3089626457,255.84734953703705,3,C3: Large Open,0.166,583.5781,327.7307754629629,215653.6392877992,1083464.6696748466
fe9da491e03de23f,6befd145c261113d,6b7e1f5b521de19b,,Open,1845240.0868962973,3.943912037037037,3,C3: Large Open,,1064.922,1060.9780850332754,,
fe9f08b35b2cadf7,4928d3c96935fb3f,6b7e1f5b521de19b,,Open,3792.916709923468,109.0974537037037,2,C2: High-Win,,39.680515,0.0,,
fea43bb5650d7c27,6befd145c261113d,6b7e1f5b521de19b,6f9a9c5f2856c8b3,Open,1.170863568534039,1.1574074074074072e-05,1,C1: Active Pipeline,,68.42564,68.42562471742983,,
feb27d0c8f706064,ac2a5ee6878db2c2,6b7e1f5b521de19b,6f9a9c5f2856c8b3,Open,1.170863568534039,1.1574074074074072e-05,1,C1: Active Pipeline,,52.58993,52.58991991396304,,
feb9b4b397188bef,6befd145c261113d,6b7e1f5b521de19b,6f9a9c5f2856c8b3,Open,587181.4799761365,116.09613425925926,3,C3: Large Open,0.418,207.50185,91.4057120542173,245441.85863002503,341739.62134611147
febf953582441153,6befd145c261113d,6b7e1f5b521de19b,6f9a9c5f2856c8b3,Open,1.170863568534039,1.1574074074074072e-05,1,C1: Active Pipeline,,263.91745,263.9174383770978,,
fed8f354cbad9436,1cdd086394501fee,6b7e1f5b521de19b,6f9a9c5f2856c8b3,Open,7395.089439090942,6.944444444444444e-05,0,C0: High-Win,,50.587746,50.587676222059464,,
fee3088b49ba4a37,ac2a5ee6878db2c2,6b7e1f5b521de19b,6f9a9c5f2856c8b3,Open,1.170863568534039,1.1574074074074072e-05,1,C1: Active Pipeline,,61.3728,61.37278734560366,,
fef208b8e3fa0709,1cdd086394501fee,6b7e1f5b521de19b,,Open,21273.147061594493,0.0,3,C3: Large Open,,52.640434,52.64043426513672,,
ff14e8c6beb61699,6befd145c261113d,6b7e1f5b521de19b,6f9a9c5f2856c8b3,Open,3794632.992415393,8.101851851851852e-05,3,C3: Large Open,,177.925,177.92492203323928,,
ff2963432be38cef,9387d1da6d5967e1,6b7e1f5b521de19b,d4f34f97b6d22a81,Open,430283.0993701844,3.472222222222222e-05,3,C3: Large Open,,117.84335,117.84331854926215,,
ff415bebe58e0ffd,9387d1da6d5967e1,6b7e1f5b521de19b,,Open,89664.46366676311,0.0,3,C3: Large Open,,122.50685,122.50685119628906,,
ff482565517f9685,6befd145c261113d,6b7e1f5b521de19b,6f9a9c5f2856c8b3,Open,98.49392076768088,4.629629629629629e-05,1,C1: Active Pipeline,0.58,50.755722,50.75567574960214,57.1264740452549,41.367446722425974
ff5c2ec079c25634,a66943a59bca7bfd,e366e0e543d0c5cd,d4f34f97b6d22a81,Open,1.170863568534039,1.1574074074074072e-05,1,C1: Active Pipeline,,58.678978,58.67896639223452,,
ff7c20a8dc0ffb6e,ac2a5ee6878db2c2,6b7e1f5b521de19b,6f9a9c5f2856c8b3,Open,725756.3988294683,535.0435763888889,3,C3: Large Open,0.388,191.87782,0.0,281593.4827458337,444162.9160836346
ff8610d0faf4c0ac,1cdd086394501fee,6b7e1f5b521de19b,6f9a9c5f2856c8b3,Open,173794.39714130643,0.0931481481481481,3,C3: Large Open,,99.084496,98.99134739628545,,
ff956d8131f04213,ac2a5ee6878db2c2,6b7e1f5b521de19b,6f9a9c5f2856c8b3,Open,200.51354745541371,0.0026041666666666,1,C1: Active Pipeline,0.682,46.136856,46.1342519124349,136.75023936459218,63.76330809082155
ffbbe7216a6e404d,ac2a5ee6878db2c2,6b7e1f5b521de19b,6f9a9c5f2856c8b3,Open,1.170863568534039,1.1574074074074072e-05,1,C1: Active Pipeline,,133.25656,133.2565497052228,,
ffbe81a3147fda1e,6befd145c261113d,6b7e1f5b521de19b,6f9a9c5f2856c8b3,Open,1.170863568534039,1.1574074074074072e-05,1,C1: Active Pipeline,,109.975204,109.97519289369936,,
ffd5f339eca0cc71,a66943a59bca7bfd,062b9e5a52eb6d8e,28c9c64e5918b06e,Open,636983.2059117419,54.46038194444444,3,C3: Large Open,0.242,95.32144,40.86105970594618,154149.93583064154,482833.2700811004
fff12fecbd6e9afe,a66943a59bca7bfd,7b7c16a1b24ec3b8,28c9c64e5918b06e,Open,1.170863568534039,1.1574074074074072e-05,1,C1: Active Pipeline,,60.428017,60.428005088523584,,
