chance_id,business_unit,org_country,pricelist,amount,deal_age,seq_win_prob,seq_prob_slope,seq_prob_acceleration,seq_prob_momentum,seq_prob_max_drawdown,seq_prob_turning_pts,seq_prob_final_trend,seq_prob_vol_ratio,seq_stage_range,seq_stage_reversals,seq_stage_velocity,seq_amt_cv,seq_amt_trend,seq_max_gap,seq_gap_cv,seq_burst,seq_recent_frac
001e303a87a7e2be,5,6b7e1f5b521de19b,d4f34f97b6d22a81,1831.3315201273049,0,0.05550301,0.0,0.0,0.0,0.0,0,0,1.0,0.0,0,0.0,0.0,0.0,0.0,0.0,1,1.0
001e7a5151ff24c0,5,6b7e1f5b521de19b,d4f34f97b6d22a81,15972.889957950816,0,0.3349696,0.0,9.0,9.0,0.0,0,1,1.0,2.0,0,0.0,0.6455172537625747,15.721437087500501,0.0,0.0,3,1.0
003ba2054d7d12e2,3,6b7e1f5b521de19b,,5904.2113289495155,0,0.0037388129,0.0,0.0,0.0,0.0,0,0,1.0,0.0,0,0.0,0.0,0.0,0.0,0.0,1,1.0
003c407f17a994b6,2,6b7e1f5b521de19b,6f9a9c5f2856c8b3,1.170863568534039,197,0.012239309,1.0538608525755087e-16,0.0,0.0,0.0,0,0,1.0,0.0,0,0.0,0.0,0.0,162.0,1.8018874612051736,3,0.2857142857142857
00431ebe041c5df6,4,38080774be85927f,28c9c64e5918b06e,1.170863568534039,0,0.09774353,0.0,0.0,0.0,0.0,0,0,1.0,0.0,0,0.0,0.0,0.0,0.0,0.0,1,1.0
00498009cd467686,5,6b7e1f5b521de19b,6f9a9c5f2856c8b3,4528.9743595906375,0,0.9989273,0.0,-80.0,80.0,0.0,0,1,1.0,0.0,0,0.0,0.0,0.0,0.0,0.0,2,1.0
004ddea55262ae2c,4,b4d1bda83fb7745f,28c9c64e5918b06e,59820.408923654235,0,0.004379342,0.0,0.0,0.0,0.0,0,0,1.0,0.0,0,0.0,0.0,0.0,0.0,0.0,1,1.0
0064bd4b26020ee8,3,6b7e1f5b521de19b,,25102.753943361105,0,0.0012609427,0.0,0.0,0.0,0.0,0,0,1.0,0.0,0,0.0,0.0,0.0,0.0,0.0,1,1.0
0070efc1485bb975,5,6b7e1f5b521de19b,6f9a9c5f2856c8b3,48317.27233820542,290,0.0006651458,-0.15606588612831265,-0.1724137931034483,-50.0,50.0,0,-1,1.0206207261588158,0.0,0,0.0,0.10716080034166564,-0.24771547086871187,248.0,1.4174553072677567,3,0.2
007595db7bd39f16,4,75c64824a2a4e380,28c9c64e5918b06e,1317635.614295442,0,0.7639529,0.0,0.0,0.0,0.0,0,0,1.0,0.0,0,0.0,0.0,0.0,0.0,0.0,1,1.0
009f69464f862cc7,3,6b7e1f5b521de19b,d4f34f97b6d22a81,76633.73658175819,0,0.04628284,0.0,0.0,0.0,0.0,0,0,1.0,0.0,0,0.0,0.0,0.0,0.0,0.0,1,1.0
00a32d492f662e26,2,6b7e1f5b521de19b,d4f34f97b6d22a81,8436.024219032613,0,0.30380738,0.0,0.0,0.0,0.0,0,0,1.0,0.0,0,0.0,0.0,0.0,0.0,0.0,1,1.0
00a71a2e37b27bfd,3,6b7e1f5b521de19b,d4f34f97b6d22a81,9548.177348327423,570,0.97461534,0.009211404894556904,0.7670821965300493,17.0,97.0,2,0,3.777705084203378e-11,5.0,0,0.008771929824561403,0.2767435058572731,-0.7582815418158857,211.0,1.872979366666762,6,0.36363636363636365
00c3cd238d17934c,2,6b7e1f5b521de19b,,1.170863568534039,0,0.00077374466,0.0,0.0,0.0,0.0,0,0,1.0,0.0,0,0.0,0.0,0.0,0.0,0.0,1,1.0
00e228ee65aea17e,2,6b7e1f5b521de19b,6f9a9c5f2856c8b3,98.49392076768089,13,0.071901985,-1.546086143163771e-16,0.0,0.0,0.0,0,0,1.0,0.0,0,0.0,0.4925922193963385,83.12074934656873,13.0,1.7320508070359384,3,0.4
00e65fc58d537ad8,2,6b7e1f5b521de19b,d4f34f97b6d22a81,2786.403823325963,0,0.64460206,0.0,0.0,0.0,0.0,0,0,1.0,0.0,0,0.0,0.9991599410232573,2378.785227082123,0.0,0.0,2,1.0
00ea9a17f341e152,3,6b7e1f5b521de19b,,21273.147061594493,0,0.8409383,0.0,0.0,0.0,0.0,0,0,1.0,0.0,0,0.0,0.0,0.0,0.0,0.0,1,1.0
00f1e37e810a271a,2,6b7e1f5b521de19b,6f9a9c5f2856c8b3,1.170863568534039,0,0.58180207,0.0,0.0,0.0,0.0,0,0,1.0,0.0,0,0.0,0.0,0.0,0.0,0.0,1,1.0
00f2665ec46579df,4,c2397d14e54a98b9,28c9c64e5918b06e,2556.49962952868,0,0.2142955,0.0,0.0,0.0,0.0,0,0,1.0,0.0,0,0.0,0.12792580604597226,0.29836046891556606,0.0,0.0,3,1.0
00f8be2260929821,3,6b7e1f5b521de19b,,10655.425849350459,0,0.87247443,0.0,0.0,0.0,0.0,0,0,1.0,0.0,0,0.0,0.0,0.0,0.0,0.0,1,1.0
010892986982669c,2,6b7e1f5b521de19b,6f9a9c5f2856c8b3,9721.332606136886,0,0.40555847,0.0,0.0,0.0,0.0,0,0,1.0,0.0,0,0.0,0.0,0.0,0.0,0.0,1,1.0
010978d972a1937f,0,6b7e1f5b521de19b,6f9a9c5f2856c8b3,426820.3246512218,0,0.17732334,0.0,0.0,0.0,0.0,0,0,1.0,0.0,0,0.0,0.0,0.0,0.0,0.0,1,1.0
010c6e0b9ae07253,3,6b7e1f5b521de19b,,2.4198904513070483,0,9.662988e-05,0.0,0.0,0.0,0.0,0,0,1.0,0.0,0,0.0,0.0,0.0,0.0,0.0,1,1.0
013825ce6d9ea318,0,6b7e1f5b521de19b,6f9a9c5f2856c8b3,1.170863568534039,0,0.8071544,0.0,0.0,0.0,0.0,0,0,1.0,0.0,0,0.0,0.0,0.0,0.0,0.0,1,1.0
0148e465addc6420,3,6b7e1f5b521de19b,,4143.3804614791225,677,0.00030164298,1.9055403711378912e-18,0.0,0.0,0.0,0,0,1.0,0.0,0,0.0,0.0,0.0,127.0,0.7152406589900252,3,0.38461538461538464
014df8fc397fef8d,3,6b7e1f5b521de19b,d4f34f97b6d22a81,634.3345668274252,0,0.00068957865,0.0,0.0,0.0,0.0,0,0,1.0,0.0,0,0.0,0.0,0.0,0.0,0.0,1,1.0
0151caf751624411,6,6b7e1f5b521de19b,,88724.25999587397,0,0.9991079,0.0,0.0,0.0,0.0,0,0,1.0,0.0,0,0.0,0.0,0.0,0.0,0.0,1,1.0
015ed8eacd574ff6,3,6b7e1f5b521de19b,,2.4198904513070483,0,0.0027842831,0.0,0.0,0.0,0.0,0,0,1.0,0.0,0,0.0,0.0,0.0,0.0,0.0,1,1.0
017062c1d7d96fef,0,062b9e5a52eb6d8e,,211886.93573359575,468,0.49915457,-1.7422383876160618e-17,0.0,0.0,0.0,0,0,1.0,0.0,0,0.0,0.0,0.0,169.0,0.844857852353557,2,0.4444444444444444
018634d792cf9f2e,0,6b7e1f5b521de19b,d4f34f97b6d22a81,2964.505440627761,34,0.010515949,-2.6782871116858915e-16,0.0,0.0,0.0,0,0,1.0,0.0,0,0.0,0.03316064570037436,-0.031248775949576042,31.0,1.2317877405602495,2,0.5
018c7eea8a1f3f67,0,6b7e1f5b521de19b,,9136393.74559947,736,0.002285808,0.0026995632599661327,-0.030303030303030304,5.0,0.0,0,0,5.715476063227417e-10,0.0,0,0.0,0.4279332427407896,0.26958186456757155,374.0,1.0082107682409651,2,0.2857142857142857
019b79cf05783dd6,0,674ec33189ed753c,,3163431.287434749,1216,0.00027125547,-2.6277602777538543e-18,0.0,0.0,0.0,0,0,1.0,0.0,0,0.0,0.0,0.0,816.0,0.0,2,1.0
01a1531aa45cd621,2,6b7e1f5b521de19b,d4f34f97b6d22a81,1.170863568534039,0,0.15676898,0.0,0.0,0.0,0.0,0,0,1.0,0.0,0,0.0,0.0,0.0,0.0,0.0,1,1.0
01ad8b4e3734244d,6,6b7e1f5b521de19b,,34210.72522011173,432,3.509972e-05,0.004187024704085852,-0.02631578947368421,-5.0,25.0,4,0,1.592158636560492,0.0,0,0.0,0.8302948272465144,29217.370217927884,82.0,1.0434655249228943,3,0.17647058823529413
01b50064c9ac61d4,2,6b7e1f5b521de19b,6f9a9c5f2856c8b3,1119646.8813839448,0,0.07529551,0.0,0.0,0.0,0.0,0,0,1.0,0.0,0,0.0,1.7320435624673631,956256.3398588025,0.0,0.0,4,1.0
01b66362be913fb5,0,6b7e1f5b521de19b,,2496199.0774283707,2,0.50542563,-1.6239695141939146e-15,0.0,0.0,0.0,0,0,1.0,0.0,0,0.0,0.5195874414322172,2.1630885045188006,2.0,0.0,2,1.0
01d5306772786690,2,6b7e1f5b521de19b,,121130.27981900205,0,0.03803968,0.0,0.0,0.0,0.0,0,0,1.0,0.0,0,0.0,0.0,0.0,0.0,0.0,1,1.0
01e648f75557b90c,0,6b7e1f5b521de19b,6f9a9c5f2856c8b3,1.170863568534039,0,0.06717388,0.0,0.0,0.0,0.0,0,0,1.0,0.0,0,0.0,0.0,0.0,0.0,0.0,1,1.0
01ee9d1503620002,0,6b7e1f5b521de19b,6f9a9c5f2856c8b3,362.56163530896134,0,0.084705494,0.0,0.0,0.0,0.0,0,0,1.0,0.0,0,0.0,0.0,0.0,0.0,0.0,1,1.0
01f27197cd7e304c,2,6b7e1f5b521de19b,6f9a9c5f2856c8b3,1.170863568534039,0,0.32202145,0.0,0.0,0.0,0.0,0,0,1.0,0.0,0,0.0,0.0,0.0,0.0,0.0,1,1.0
01f7b12471766591,0,6b7e1f5b521de19b,6f9a9c5f2856c8b3,368869.1381210446,0,0.061051168,0.0,0.0,0.0,0.0,0,0,1.0,0.0,0,0.0,0.0,0.0,0.0,0.0,1,1.0
01fee37a4ba63472,2,6b7e1f5b521de19b,,25875.21886714959,336,0.0019567227,-8.781021821736213e-20,0.0,0.0,0.0,0,0,1.0,3.0,1,-0.008928571428571428,0.0,0.0,285.0,1.3948652597739313,2,0.6
020544cf12d9a272,0,6b7e1f5b521de19b,6f9a9c5f2856c8b3,822942.0430264678,1,0.09192316,22.499999999999996,-45.0,45.0,0.0,0,0,5.555555555246914e-11,0.0,0,0.0,0.5108246298993733,702849.4986766471,1.0,1.7320508006406738,5,0.6
02062e7e2f8e9ef6,5,6b7e1f5b521de19b,d4f34f97b6d22a81,1.170863568534039,63,0.015617955,-5.1554587752187763e-17,0.0,0.0,0.0,0,0,1.0,0.0,0,0.0,0.0,0.0,63.0,0.0,2,1.0
0221790856832d6f,2,6b7e1f5b521de19b,6f9a9c5f2856c8b3,98.49392076768089,31,0.0008676808,-3.924699502003613e-17,0.0,0.0,0.0,0,0,1.0,0.0,0,0.0,0.694572501109144,83.12074934656873,31.0,0.9999999999354838,2,0.3333333333333333
022c1555f7383c21,2,6b7e1f5b521de19b,d4f34f97b6d22a81,584.9082808398963,58,0.4140735,8.168248809515595e-17,0.0,0.0,0.0,0,0,1.0,0.0,0,0.0,0.26291816445413174,-0.410751976127592,26.0,1.6994788314210192,10,0.07692307692307693
0239b597d1184004,0,6b7e1f5b521de19b,6f9a9c5f2856c8b3,240892.17276956938,863,0.0005151331,-0.03540771053571562,-0.2865389576883385,-9.999999999999998,60.0,4,1,0.10895645179772831,0.0,0,0.0,0.3362297344883887,205737.89156972797,284.0,1.3695991233191394,5,0.47058823529411764
024350fd0cda0a27,3,6b7e1f5b521de19b,,2046.6148673782125,0,0.04237075,0.0,0.0,0.0,0.0,0,0,1.0,0.0,0,0.0,0.0,0.0,0.0,0.0,1,1.0
0247b695f12ace0a,4,fd10c5543bdbcbc9,d4f34f97b6d22a81,1.170863568534039,0,0.0028979531,0.0,0.0,0.0,0.0,0,0,1.0,0.0,0,0.0,0.0,0.0,0.0,0.0,1,1.0
025bdcf0cad7221f,5,6b7e1f5b521de19b,6f9a9c5f2856c8b3,1.170863568534039,0,0.13362844,0.0,0.0,0.0,0.0,0,0,1.0,0.0,0,0.0,0.0,0.0,0.0,0.0,1,1.0
02656a5f48cb6e7c,2,6b7e1f5b521de19b,6f9a9c5f2856c8b3,98.49392076768089,0,0.013956111,0.0,0.0,0.0,0.0,0,0,1.0,0.0,0,0.0,0.0,0.0,0.0,0.0,1,1.0
02656d4b0f32298a,3,6b7e1f5b521de19b,,5083.8994500666495,0,0.0028459392,0.0,0.0,0.0,0.0,0,0,1.0,0.0,0,0.0,0.0,0.0,0.0,0.0,1,1.0
0271c24df2a4d339,5,6b7e1f5b521de19b,6f9a9c5f2856c8b3,1196.2046564002223,46,0.009642601,-2.3678417117072003e-16,0.0,0.0,0.0,0,0,1.0,0.0,0,0.0,0.7060690984992896,1020.6430748613276,46.0,0.9999999999565218,2,0.3333333333333333
0276686e3d1f6652,2,6b7e1f5b521de19b,6f9a9c5f2856c8b3,139296.57210737836,0,0.028254602,0.0,0.0,0.0,0.0,0,0,1.0,0.0,0,0.0,0.0,0.0,0.0,0.0,1,1.0
02e9f09e00f64192,0,6b7e1f5b521de19b,6f9a9c5f2856c8b3,26274.495673199377,143,0.0013356406,0.03496503496503494,-0.03496503496503497,5.0,0.0,0,1,1.0,0.0,0,0.0,0.40749985548094314,-0.5790407066744697,143.0,0.0,2,1.0
02eb81b82109e78f,3,6b7e1f5b521de19b,,29324.531411075328,0,0.0022668075,0.0,0.0,0.0,0.0,0,0,1.0,0.0,0,0.0,0.0,0.0,0.0,0.0,1,1.0
02eee8275282a416,3,6b7e1f5b521de19b,,2.4198904513070483,0,0.00065893884,0.0,0.0,0.0,0.0,0,0,1.0,0.0,0,0.0,0.0,0.0,0.0,0.0,1,1.0
02f2ac7475cc6524,3,6b7e1f5b521de19b,,6590.9859511915865,0,0.0034957326,0.0,0.0,0.0,0.0,0,0,1.0,0.0,0,0.0,0.0,0.0,0.0,0.0,1,1.0
02ffdbf29ae16985,2,6b7e1f5b521de19b,6f9a9c5f2856c8b3,1.170863568534039,0,0.0021434024,0.0,0.0,0.0,0.0,0,0,1.0,0.0,0,0.0,0.0,0.0,0.0,0.0,1,1.0
0320249ad7e61803,4,75c64824a2a4e380,28c9c64e5918b06e,32123.5031933916,0,0.017811462,0.0,0.0,0.0,0.0,0,0,1.0,0.0,0,0.0,0.9999271050303914,27434.735517513214,0.0,0.0,2,1.0
0327fc52f3c40a25,5,6b7e1f5b521de19b,d4f34f97b6d22a81,13707.11230296319,16,0.099910356,1.171874999999999,-50.0,50.0,0.0,0,0,4.9999999997500004e-11,0.0,0,0.0,0.49994661354720665,11705.83986702649,8.0,0.99999999975,3,0.2
032bdb741257e6a6,5,6b7e1f5b521de19b,d4f34f97b6d22a81,4271.355885203606,0,0.023945818,0.0,0.0,0.0,0.0,0,0,1.0,0.0,0,0.0,0.0,0.0,0.0,0.0,1,1.0
036ab6cc1f62aff3,2,6b7e1f5b521de19b,6f9a9c5f2856c8b3,1969.696260680227,0,0.85741615,0.0,0.0,0.0,0.0,0,0,1.0,0.0,0,0.0,0.0,0.0,0.0,0.0,1,1.0
0375f4dbcc121905,5,6b7e1f5b521de19b,6f9a9c5f2856c8b3,300237.6949211697,333,0.12226669,0.1273594721100306,-1.3513513513513513,50.0,0.0,0,0,4.0824829044719636e-11,2.0,0,0.006006006006006006,0.07390714602108481,-0.008808711811746322,131.0,1.3492476116962413,4,0.2
0379a682af30080e,5,6b7e1f5b521de19b,d4f34f97b6d22a81,6091.577363923724,0,0.99905914,0.0,-20.0,0.0,10.0,1,-1,1.0206207261554485,0.0,0,0.0,0.816235049429104,5201.636351176753,0.0,0.0,5,1.0
037a3d5a21c266d7,0,6b7e1f5b521de19b,6f9a9c5f2856c8b3,871978.111616442,0,0.062311385,0.0,0.0,0.0,0.0,0,0,1.0,0.0,0,0.0,0.0,0.0,0.0,0.0,1,1.0
03884f17e5d0db68,5,6b7e1f5b521de19b,6f9a9c5f2856c8b3,423339.22595788236,0,0.1387921,0.0,0.0,0.0,0.0,0,0,1.0,0.0,0,0.0,0.0,0.0,0.0,0.0,3,1.0
03a009d02272bfe3,2,6b7e1f5b521de19b,d4f34f97b6d22a81,484442.1588981625,0,0.048144955,0.0,0.0,0.0,0.0,0,0,1.0,0.0,0,0.0,0.0,0.0,0.0,0.0,1,1.0
03bddecc9d08f381,3,6b7e1f5b521de19b,d4f34f97b6d22a81,586011.7479713127,1241,0.00199022,-0.008299027164975643,-0.056818181818181816,5.0,50.0,2,1,1.3483997249076929,0.0,0,0.0,0.39628335235122597,500494.3298743588,258.0,1.1506770314410242,5,0.25
03c3c1cd7409f1f9,2,6b7e1f5b521de19b,6f9a9c5f2856c8b3,382412.1699915014,0,0.49457282,0.0,0.0,0.0,0.0,0,0,1.0,0.0,0,0.0,0.0,0.0,0.0,0.0,1,1.0
03cfd79221248841,3,6b7e1f5b521de19b,,7462.80698704363,4,0.0001913098,-1.9626155733547187e-17,0.0,0.0,0.0,0,0,1.0,0.0,0,0.0,0.0,0.0,4.0,0.0,2,1.0
03dd6dfefc04ac70,3,6b7e1f5b521de19b,,1.170863568534039,0,0.0049778535,0.0,0.0,0.0,0.0,0,0,1.0,0.0,0,0.0,0.0,0.0,0.0,0.0,2,1.0
03edf963b73890aa,4,6d74405afdbc85ba,28c9c64e5918b06e,225612.24480950585,100,0.6016542,0.47335806689494714,-1.2433155080213905,41.0,35.0,2,0,0.33290801587720603,0.0,0,0.0,0.2988911335666834,-0.36502758119942585,34.0,1.932614808525615,10,0.15384615384615385
0412df1b35c081f4,4,062b9e5a52eb6d8e,28c9c64e5918b06e,42215.01463907364,387,0.000949015,1.685803966263552e-18,0.0,0.0,0.0,0,0,1.0,0.0,0,0.0,0.17384916756628757,-0.31648278015307746,143.0,1.334084278593495,2,0.0625
041948f4a103d6f9,2,6b7e1f5b521de19b,,631.5711510151842,0,0.005974069,0.0,0.0,0.0,0.0,0,0,1.0,0.0,0,0.0,0.0,0.0,0.0,0.0,1,1.0
0428dcad09f0ba51,2,6b7e1f5b521de19b,6f9a9c5f2856c8b3,350226.3013874244,88,0.19460635,8.43951584972753e-17,0.0,0.0,0.0,0,0,1.0,0.0,0,0.0,0.0,0.0,88.0,0.9999999999772728,2,0.6666666666666666
0433ebb507928e28,0,6b7e1f5b521de19b,6f9a9c5f2856c8b3,11768.777709593114,2,0.022210531,-1.0721261933235726e-15,0.0,0.0,0.0,0,0,1.0,0.0,0,0.0,0.0,0.0,2.0,0.0,2,1.0
043fd8f8d10d08c0,4,75c64824a2a4e380,28c9c64e5918b06e,1.170863568534039,0,0.002906663,0.0,0.0,0.0,0.0,0,0,1.0,0.0,0,0.0,0.0,0.0,0.0,0.0,1,1.0
044079ac77db8215,3,6b7e1f5b521de19b,,11485.134609700683,0,0.4300115,0.0,0.0,0.0,0.0,0,0,1.0,0.0,0,0.0,0.0,0.0,0.0,0.0,1,1.0
044328c63b05b6b0,2,6b7e1f5b521de19b,,35845.270270304114,128,0.9172528,5.558698486279393e-16,0.0,0.0,0.0,0,0,1.0,0.0,0,0.0,0.0,0.0,89.0,0.39062499999389644,1,0.3333333333333333
044b0f0c2b5703bf,2,6b7e1f5b521de19b,6f9a9c5f2856c8b3,14328.370274130277,0,0.6151626,0.0,0.0,0.0,0.0,0,0,1.0,0.0,0,0.0,0.4502377934169012,12236.437955363053,0.0,0.0,6,1.0
0454cc9dfdb125f9,5,6b7e1f5b521de19b,,346767.03813750326,0,0.51010233,0.0,0.0,0.0,0.0,0,0,1.0,0.0,0,0.0,0.0,0.0,0.0,0.0,1,1.0
046ea1701cbba93f,2,6b7e1f5b521de19b,6f9a9c5f2856c8b3,1.170863568534039,0,0.18110558,0.0,0.0,0.0,0.0,0,0,1.0,0.0,0,0.0,0.0,0.0,0.0,0.0,1,1.0
048247b97e8f70de,3,6b7e1f5b521de19b,d4f34f97b6d22a81,1.170863568534039,0,0.102115266,0.0,0.0,0.0,0.0,0,0,1.0,0.0,0,0.0,0.0,0.0,0.0,0.0,1,1.0
0492156d33f1006a,2,6b7e1f5b521de19b,6f9a9c5f2856c8b3,404830.0236023727,0,0.31742388,0.0,-30.0,30.0,0.0,0,1,1.0,0.0,0,0.0,0.0,0.0,0.0,0.0,2,1.0
049f851f322e218a,0,6b7e1f5b521de19b,6f9a9c5f2856c8b3,98.49392076768089,0,0.021086754,0.0,0.0,0.0,0.0,0,0,1.0,0.0,0,0.0,0.0,0.0,0.0,0.0,2,1.0
04abfd466d6ba111,6,6b7e1f5b521de19b,,201842.35654069122,0,0.99551564,0.0,0.0,0.0,0.0,0,0,1.0,0.0,0,0.0,0.0,0.0,0.0,0.0,1,1.0
04baa2539420bbb7,6,6b7e1f5b521de19b,,2151777.955566335,233,4.0373052e-05,0.03391877448630628,-0.25,2.5,50.0,2,-1,1.3077457722831087,0.0,0,0.0,0.5318666237080549,1.892313605373546,91.0,1.2272276843792767,3,0.2
04d0609713507ec7,2,6b7e1f5b521de19b,6f9a9c5f2856c8b3,1536619.758403263,0,0.6124896,0.0,0.0,0.0,0.0,0,0,1.0,0.0,0,0.0,0.0,0.0,0.0,0.0,1,1.0
04e2ef3dbe1e4fa4,4,255414ab73601d72,28c9c64e5918b06e,49645.696104815484,474,0.0015701117,-0.004408492148032525,0.0,-2.5,9.0,3,0,0.844579905925849,0.0,0,0.0,0.4181255868532291,42399.92307848777,130.0,1.1015002094387027,3,0.21428571428571427
04e33ae8fef292a4,1,6b7e1f5b521de19b,,5863.460546876247,99,0.0014401397,-2.165911501663783e-17,0.0,0.0,0.0,0,0,1.0,0.0,0,0.0,0.0,0.0,99.0,0.0,2,1.0
04e4067488b99383,2,6b7e1f5b521de19b,,1.170863568534039,397,7.862399e-05,-0.011449505480840965,4.5,-9.0,9.0,0,-1,1.0,0.0,0,0.0,0.0,0.0,395.0,0.9899244332443833,2,0.3333333333333333
04f698295229f879,5,6b7e1f5b521de19b,6f9a9c5f2856c8b3,97838.09054714767,509,0.002440346,0.07460171304772027,-0.199203187250996,50.0,0.0,0,0,5.09324812550358e-11,1.0,0,0.0019646365422396855,0.07599704218908593,-0.12891116947669534,110.0,1.309661260314591,3,0.38095238095238093
04fe7ab59d736dba,2,6b7e1f5b521de19b,6f9a9c5f2856c8b3,268769.313465648,0,0.098150864,0.0,0.0,0.0,0.0,0,0,1.0,0.0,0,0.0,0.0,0.0,0.0,0.0,1,1.0
053059bf0910eaa8,3,6b7e1f5b521de19b,d4f34f97b6d22a81,37323.751632094485,0,0.5332161,0.0,-40.0,40.0,0.0,0,1,1.0,0.0,0,0.0,0.0,0.0,0.0,0.0,3,1.0
0543007fabd4c7ac,3,6b7e1f5b521de19b,,611336.7278744653,0,0.027364912,0.0,0.0,0.0,0.0,0,0,1.0,0.0,0,0.0,0.0,0.0,0.0,0.0,1,1.0
0551ce5de4e1f79b,5,6b7e1f5b521de19b,d4f34f97b6d22a81,1.170863568534039,0,0.0024468773,0.0,0.0,0.0,0.0,0,0,1.0,0.0,0,0.0,0.0,0.0,0.0,0.0,1,1.0
055a01ae35d1a28e,5,6b7e1f5b521de19b,,184324.9300538383,0,0.53770214,0.0,0.0,0.0,0.0,0,0,1.0,0.0,0,0.0,0.0,0.0,0.0,0.0,2,1.0
055db1cc254c7137,4,7608f4f5fafe9b10,,44609.03985997288,871,0.0002008396,-0.005579183415187273,-0.08835352127773609,-6.0,24.0,1,-1,1.343657787028688,0.0,0,0.0,0.2672537259983051,38098.26370484386,246.0,1.1121303983364084,3,0.13333333333333333
0562c84dd7721a83,3,6b7e1f5b521de19b,d4f34f97b6d22a81,11912.799727048252,180,0.10942093,0.06508046121330065,0.7692307692307693,20.0,0.0,0,0,0.972271824134616,1.0,0,0.005555555555555556,0.4152826570277788,1.343240625440001,90.0,1.5928079095594496,6,0.7272727272727273
057029df536002e3,5,6b7e1f5b521de19b,6f9a9c5f2856c8b3,98.49392076768089,50,0.0012675939,-2.43331369124224e-17,0.0,0.0,0.0,0,0,1.0,0.0,0,0.0,0.694572501109144,83.12074934656873,50.0,0.99999999996,2,0.3333333333333333
0575b7c6729c446b,2,6b7e1f5b521de19b,,185782.2846614419,0,0.447492,0.0,0.0,0.0,0.0,0,0,1.0,0.0,0,0.0,0.0,0.0,0.0,0.0,1,1.0
0576d1b0bdea888c,3,6b7e1f5b521de19b,,4270.878534760398,0,0.98972857,0.0,0.0,0.0,0.0,0,0,1.0,0.0,0,0.0,0.0,0.0,0.0,0.0,1,1.0
0596bc7e00415f54,5,6b7e1f5b521de19b,d4f34f97b6d22a81,1.170863568534039,0,0.019768747,0.0,0.0,0.0,0.0,0,0,1.0,0.0,0,0.0,0.0,0.0,0.0,0.0,1,1.0
059c0be58aec5029,4,7545e34e09ae9cad,28c9c64e5918b06e,1.170863568534039,0,0.0009893798,0.0,0.0,0.0,0.0,0,0,1.0,0.0,0,0.0,0.0,0.0,0.0,0.0,1,1.0
05b934aeb51c43e5,2,6b7e1f5b521de19b,,1.170863568534039,0,0.3824334,0.0,0.0,0.0,0.0,0,0,1.0,0.0,0,0.0,0.0,0.0,0.0,0.0,1,1.0
05b9ef5bb0a00487,2,6b7e1f5b521de19b,6f9a9c5f2856c8b3,1.170863568534039,0,0.06609081,0.0,0.0,0.0,0.0,0,0,1.0,0.0,0,0.0,0.0,0.0,0.0,0.0,1,1.0
05d20a16c0f9b24d,2,6b7e1f5b521de19b,6f9a9c5f2856c8b3,6009.906030357736,226,0.0004083344,-6.187325969899813e-17,0.0,0.0,0.0,0,0,1.0,0.0,0,0.0,0.0,0.0,108.0,0.7264726766416747,2,0.2
05e613787e70ac3e,4,fc3655a0b667e091,28c9c64e5918b06e,307.1332733086347,180,3.9850005e-05,-0.023563163290140337,-0.5294117647058824,-9.0,9.0,0,-1,1.1618950038139573,0.0,0,0.0,0.0,0.0,91.0,0.8501996860342174,2,0.5
05ff4e014164b243,1,6b7e1f5b521de19b,,89664.46366676311,0,0.006493051,0.0,0.0,0.0,0.0,0,0,1.0,0.0,0,0.0,0.0,0.0,0.0,0.0,1,1.0
06142c408f89c7b1,2,6b7e1f5b521de19b,6f9a9c5f2856c8b3,48085.57018410644,91,0.0010537684,-1.13010019823132e-16,0.0,0.0,0.0,0,0,1.0,0.0,0,0.0,0.4472005282062621,41067.46559784178,48.0,1.1485488026141606,4,0.16666666666666666
0618ea4f10b537b9,4,38080774be85927f,d4f34f97b6d22a81,2126322.5522180246,0,0.31155974,0.0,0.0,0.0,0.0,0,0,1.0,0.0,0,0.0,0.0,0.0,0.0,0.0,1,1.0
061a3f76d803f056,3,6b7e1f5b521de19b,d4f34f97b6d22a81,1.170863568534039,0,0.015421077,0.0,0.0,0.0,0.0,0,0,1.0,0.0,0,0.0,0.0,0.0,0.0,0.0,1,1.0
064b151e7c69c1d5,3,6b7e1f5b521de19b,,1.170863568534039,0,0.0014815227,0.0,0.0,0.0,0.0,0,0,1.0,0.0,0,0.0,0.0,0.0,0.0,0.0,2,1.0
064dad834f895d49,2,6b7e1f5b521de19b,6f9a9c5f2856c8b3,98.49392076768089,0,0.06610688,0.0,0.0,0.0,0.0,0,0,1.0,0.0,0,0.0,0.0,0.0,0.0,0.0,1,1.0
067edfd8aecd43ce,0,6b7e1f5b521de19b,,4271.355885203606,0,0.20180893,0.0,0.0,0.0,0.0,0,0,1.0,0.0,0,0.0,0.0,0.0,0.0,0.0,1,1.0
068def42c743e4e3,0,6b7e1f5b521de19b,6f9a9c5f2856c8b3,1.170863568534039,0,0.011972804,0.0,0.0,0.0,0.0,0,0,1.0,0.0,0,0.0,0.0,0.0,0.0,0.0,1,1.0
0690c5285e3178d4,3,6b7e1f5b521de19b,,11485.134609700683,0,0.0022568463,0.0,0.0,0.0,0.0,0,0,1.0,0.0,0,0.0,0.0,0.0,0.0,0.0,2,1.0
0692f6d82a206a16,0,6b7e1f5b521de19b,,89530.01680955871,173,0.0005844922,-0.13046881795250928,0.31746031746031744,-20.0,20.0,0,0,0.8660254037978362,0.0,0,0.0,0.0,0.0,109.0,1.2837836673022898,3,0.16666666666666666
069b8a80bd8013ef,3,6b7e1f5b521de19b,,29324.531411075328,107,0.003689358,-2.359273750954937e-17,0.0,0.0,0.0,0,0,1.0,0.0,0,0.0,0.0,0.0,63.0,0.559031642180146,1,0.5
06a1027a7ec72a63,5,6b7e1f5b521de19b,d4f34f97b6d22a81,33009230.704332188,0,0.00013419769,0.0,9.0,-9.0,9.0,0,-1,1.0,0.0,0,0.0,0.0,0.0,0.0,0.0,2,1.0
06bd6d4d5fa992e3,4,6828ce51082c111b,28c9c64e5918b06e,1.170863568534039,0,0.020855999,0.0,0.0,0.0,0.0,0,0,1.0,0.0,0,0.0,0.0,0.0,0.0,0.0,1,1.0
06cf05966c654289,2,6b7e1f5b521de19b,,25654.101903090123,0,0.14270149,0.0,0.0,0.0,0.0,0,0,1.0,0.0,0,0.0,0.0,0.0,0.0,0.0,1,1.0
06dfa6a6f8f0d0ce,2,6b7e1f5b521de19b,6f9a9c5f2856c8b3,5126.849721354915,0,0.64386576,0.0,0.0,0.0,0.0,0,0,1.0,0.0,0,0.0,0.0,0.0,0.0,0.0,1,1.0
06f86606e794ba85,3,6b7e1f5b521de19b,,41819.55434883915,0,0.12108928,0.0,0.0,0.0,0.0,0,0,1.0,0.0,0,0.0,0.0,0.0,0.0,0.0,1,1.0
070094c4902361d1,2,6b7e1f5b521de19b,6f9a9c5f2856c8b3,149258.9478504504,0,0.08608569,0.0,0.0,0.0,0.0,0,0,1.0,0.0,0,0.0,0.4547403067667292,-0.27520375758454946,0.0,0.0,5,1.0
0722c063c973e0e5,2,6b7e1f5b521de19b,6f9a9c5f2856c8b3,1.170863568534039,0,0.25975093,0.0,0.0,0.0,0.0,0,0,1.0,0.0,0,0.0,0.0,0.0,0.0,0.0,1,1.0
07264f9e5aa471ff,5,6b7e1f5b521de19b,6f9a9c5f2856c8b3,1.170863568534039,0,0.1092408,0.0,0.0,0.0,0.0,0,0,1.0,0.0,0,0.0,0.0,0.0,0.0,0.0,1,1.0
073ef51872542b69,6,6b7e1f5b521de19b,,100296.84348946,120,0.4629709,0.3836317135549872,-0.32902467685076375,40.0,0.0,0,1,0.9682458365536294,3.0,0,0.025,1.2247091278928024,85659.57240557503,63.0,1.4089002802548694,3,0.1
075bc094265199eb,0,6b7e1f5b521de19b,,1.170863568534039,0,0.013398092,0.0,0.0,0.0,0.0,0,0,1.0,0.0,0,0.0,0.0,0.0,0.0,0.0,1,1.0
07786cfb7f4dcdf4,3,6b7e1f5b521de19b,,2.4198904513070483,0,0.04450774,0.0,0.0,0.0,0.0,0,0,1.0,0.0,0,0.0,0.0,0.0,0.0,0.0,1,1.0
077e958c818f9f1b,2,6b7e1f5b521de19b,6f9a9c5f2856c8b3,35845.270270304114,0,0.04523956,0.0,0.0,0.0,0.0,0,0,1.0,0.0,0,0.0,0.0,0.0,0.0,0.0,1,1.0
078dc0f4796ff688,5,6b7e1f5b521de19b,d4f34f97b6d22a81,7869.581244316273,3,0.14218415,1.4814814814814847,-40.0,20.0,0.0,0,0,8.333333332638889e-11,0.0,0,0.0,0.3063544065694288,-0.4554063202902082,3.0,2.8284271162609085,10,0.1
0790fdbbfdebb460,2,6b7e1f5b521de19b,6f9a9c5f2856c8b3,346518.70857232093,0,0.8440283,0.0,0.0,0.0,0.0,0,0,1.0,0.0,0,0.0,0.9999932421564302,295950.39680208353,0.0,0.0,2,1.0
07a2dd78d977f460,4,d94a77dffd98d647,28c9c64e5918b06e,1.170863568534039,0,0.0025692228,0.0,0.0,0.0,0.0,0,0,1.0,0.0,0,0.0,0.0,0.0,0.0,0.0,1,1.0
07b06b4d9df8efff,3,6b7e1f5b521de19b,,6202.200918213573,0,0.00039210456,0.0,0.0,0.0,0.0,0,0,1.0,0.0,0,0.0,0.0,0.0,0.0,0.0,1,1.0
07b4d50b18a0ce0f,0,4dcb7378104041b8,,2940320.756356726,0,0.00010946787,0.0,0.0,0.0,0.0,0,0,1.0,0.0,0,0.0,0.0,0.0,0.0,0.0,1,1.0
07df59f8a05e0f24,3,6b7e1f5b521de19b,,6647.0030299813125,60,0.99766636,0.8214285714285714,7.462962962962963,67.0,0.0,0,1,1.0,5.0,0,0.08333333333333333,0.0555827630042369,-0.10931596629507581,54.0,0.7999999999733334,2,0.6666666666666666
07eefefcee6c790a,4,bd661df59343798b,d4f34f97b6d22a81,1.170863568534039,0,0.01952185,0.0,0.0,0.0,0.0,0,0,1.0,0.0,0,0.0,0.0,0.0,0.0,0.0,1,1.0
07f935fcc4b84499,3,6b7e1f5b521de19b,,9648.963805727817,2,0.0022897131,-1.0721261933235726e-15,0.0,0.0,0.0,0,0,1.0,0.0,0,0.0,0.0,0.0,2.0,0.0,2,1.0
07fe10f6203bd5bc,0,c5340170d170e6cd,,27685.304717477007,0,0.014824558,0.0,0.0,0.0,0.0,0,0,1.0,0.0,0,0.0,0.0,0.0,0.0,0.0,1,1.0
0803cd8bff44b6cc,4,e9943875f43f341e,28c9c64e5918b06e,18196.923990996405,109,0.004096214,2.423544136760722e-17,0.0,0.0,0.0,0,0,1.0,0.0,0,0.0,0.1870753434966024,0.9920217341152592,106.0,2.1630568448504492,6,0.14285714285714285
081217b2cef84c9e,3,6b7e1f5b521de19b,,2.4198904513070483,0,0.0027998723,0.0,0.0,0.0,0.0,0,0,1.0,0.0,0,0.0,0.0,0.0,0.0,0.0,1,1.0
081aa0259c9e34b1,3,6b7e1f5b521de19b,d4f34f97b6d22a81,39105.036086486834,12,0.10780968,0.48872180451127917,-10.0,10.0,0.0,0,1,1.0,0.0,0,0.0,0.0,0.0,11.0,0.8333333331944445,2,0.3333333333333333
082e6742351505fe,2,6b7e1f5b521de19b,6f9a9c5f2856c8b3,1.170863568534039,0,0.46054703,0.0,0.0,0.0,0.0,0,0,1.0,0.0,0,0.0,0.0,0.0,0.0,0.0,1,1.0
083021bba86025e3,2,6b7e1f5b521de19b,6f9a9c5f2856c8b3,31.029374596165976,0,0.017997634,0.0,0.0,0.0,0.0,0,0,1.0,0.0,0,0.0,0.0,0.0,0.0,0.0,1,1.0
0830391fbcdbad80,3,6b7e1f5b521de19b,,89664.46366676311,0,0.12640056,0.0,0.0,0.0,0.0,0,0,1.0,0.0,0,0.0,0.0,0.0,0.0,0.0,1,1.0
086976cdd0f5db65,5,6b7e1f5b521de19b,6f9a9c5f2856c8b3,56998.957076965635,0,0.004408759,0.0,0.0,0.0,0.0,0,0,1.0,0.0,0,0.0,0.9999589171599489,48680.12614378315,0.0,0.0,2,1.0
086c080b9a9f22d1,0,6b7e1f5b521de19b,6f9a9c5f2856c8b3,1.170863568534039,0,0.014826014,0.0,0.0,0.0,0.0,0,0,1.0,0.0,0,0.0,0.0,0.0,0.0,0.0,1,1.0
0871e2344869c356,3,6b7e1f5b521de19b,,89664.46366676311,0,0.13451338,0.0,0.0,0.0,0.0,0,0,1.0,0.0,0,0.0,0.0,0.0,0.0,0.0,2,1.0
0872db900d50d054,2,6b7e1f5b521de19b,6f9a9c5f2856c8b3,35016.62746951248,0,0.3655367,0.0,0.0,0.0,0.0,0,0,1.0,0.0,0,0.0,0.0,0.0,0.0,0.0,1,1.0
08755430fc92b1bf,3,6b7e1f5b521de19b,,1.170863568534039,0,0.05343706,0.0,0.0,0.0,0.0,0,0,1.0,0.0,0,0.0,0.0,0.0,0.0,0.0,1,1.0
087d9b717e0de01c,3,6b7e1f5b521de19b,,21273.147061594493,0,0.0029307294,0.0,0.0,0.0,0.0,0,0,1.0,0.0,0,0.0,0.0,0.0,0.0,0.0,1,1.0
088100c7405dac96,2,6b7e1f5b521de19b,6f9a9c5f2856c8b3,2481.008599933977,0,0.3415448,0.0,0.0,0.0,0.0,0,0,1.0,0.0,0,0.0,0.0,0.0,0.0,0.0,1,1.0
089fdbb7aecc435b,2,6b7e1f5b521de19b,,146879.65024670112,153,0.0012520988,-1.401472148135389e-17,0.0,0.0,0.0,0,0,1.0,0.0,0,0.0,0.0,0.0,153.0,0.0,2,1.0
08a8ab244c65eea5,3,6b7e1f5b521de19b,d4f34f97b6d22a81,983829.6863193655,6,0.037406713,-3.9898276165272333e-16,0.0,0.0,0.0,0,0,1.0,0.0,0,0.0,0.02839601810183734,-0.05791144125347546,6.0,0.9999999996666666,3,0.3333333333333333
08bdd7228ab21b91,4,fd10c5543bdbcbc9,d4f34f97b6d22a81,217392.03481405092,118,0.015165571,-2.391163878240776e-16,0.0,0.0,0.0,0,0,1.0,0.0,0,0.0,0.0016153651326345183,0.004041677223818674,57.0,0.5799979197182602,1,0.2
08d4bbea8c9e4101,2,6b7e1f5b521de19b,6f9a9c5f2856c8b3,1.0608520127326513,0,0.17939146,0.0,0.0,0.0,0.0,0,0,1.0,0.0,0,0.0,0.0,0.0,0.0,0.0,1,1.0
08de444e170190a5,3,6b7e1f5b521de19b,,21273.147061594493,0,0.0027632364,0.0,0.0,0.0,0.0,0,0,1.0,0.0,0,0.0,0.0,0.0,0.0,0.0,1,1.0
08f68b1c3b84d82b,2,6b7e1f5b521de19b,6f9a9c5f2856c8b3,6681.014348309619,125,0.011198741,7.711538965355858e-17,0.0,0.0,0.0,0,0,1.0,0.0,0,0.0,1.3613123013317664e-16,0.0,51.0,1.2121518055872453,3,0.4
090ba48997d16f61,3,6b7e1f5b521de19b,,65064.44409714713,0,0.3133336,0.0,0.0,0.0,0.0,0,0,1.0,0.0,0,0.0,0.0,0.0,0.0,0.0,1,1.0
090e7d40ee891f4f,4,7545e34e09ae9cad,28c9c64e5918b06e,1.170863568534039,0,0.0007879156,0.0,0.0,0.0,0.0,0,0,1.0,0.0,0,0.0,1.4142049565706645,0.0,0.0,0.0,3,1.0
0914f2da87d23fb5,2,6b7e1f5b521de19b,6f9a9c5f2856c8b3,98.49392076768089,70,0.0013669332,-1.225287078084083e-16,0.0,0.0,0.0,0,0,1.0,0.0,0,0.0,0.0,0.0,70.0,0.0,2,1.0
091ea39b23b4c995,3,6b7e1f5b521de19b,d4f34f97b6d22a81,19454.620778615666,0,0.0002229278,0.0,0.0,0.0,0.0,0,0,1.0,0.0,0,0.0,0.0,0.0,0.0,0.0,1,1.0
09353be0e46d3c45,6,6b7e1f5b521de19b,,3198866.786907041,34,0.21625316,0.29411764705882354,-15.0,15.0,0.0,0,0,0.8838834764989859,1.0,0,0.029411764705882353,1.9030520600855614,2732056.6648499975,34.0,1.7320508073651066,3,0.4
0936664d2919f61e,3,6b7e1f5b521de19b,,61423.86349827489,0,0.89530885,0.0,0.0,0.0,0.0,0,0,1.0,0.0,0,0.0,0.0,0.0,0.0,0.0,1,1.0
0937195a7628061d,4,fd10c5543bdbcbc9,28c9c64e5918b06e,1.170863568534039,0,0.9980862,0.0,0.0,0.0,0.0,0,0,1.0,0.0,0,0.0,0.0,0.0,0.0,0.0,1,1.0
094335f2f21ce750,6,6b7e1f5b521de19b,,97590.18948082578,0,0.99424344,0.0,-9.0,9.0,0.0,0,1,1.0,0.0,0,0.0,0.0,0.0,0.0,0.0,2,1.0
09558d43a0d44bef,2,6b7e1f5b521de19b,6f9a9c5f2856c8b3,263999.29512211593,80,5.8247035e-05,-0.03301847362701662,-0.45454545454545453,-5.0,5.0,0,-1,1.0825317546892825,0.0,0,0.0,0.0,0.0,45.0,0.8374067111803409,2,0.6
095a4208c1fb999c,2,6b7e1f5b521de19b,6f9a9c5f2856c8b3,1489522.8243351975,0,0.026944809,0.0,0.0,0.0,0.0,0,0,1.0,0.0,0,0.0,0.0,0.0,0.0,0.0,1,1.0
0964a0f1c0373f70,0,6b7e1f5b521de19b,6f9a9c5f2856c8b3,48124.406148691996,14,0.089977376,1.3542319749216303,-32.0,32.0,0.0,0,0,6.454972243262361e-11,0.0,0,0.0,0.9999654294282544,41100.634248425195,13.0,2.251983251793215,7,0.125
0978ec63e8beae9e,3,6b7e1f5b521de19b,,12875.383388087805,83,0.00050695764,-9.458388305323945e-19,0.0,0.0,0.0,0,0,1.0,0.0,0,0.0,0.0,0.0,83.0,0.0,2,1.0
098a7e009682c3ac,3,6b7e1f5b521de19b,,1.170863568534039,0,0.0063264603,0.0,0.0,0.0,0.0,0,0,1.0,0.0,0,0.0,0.0,0.0,0.0,0.0,1,1.0
098d1bb6ab8d7c2c,3,6b7e1f5b521de19b,d4f34f97b6d22a81,142544.88904851745,287,0.0009140679,0.06450868488554765,-0.21052631578947367,20.0,0.0,0,0,1.0910894510609144e-10,2.0,1,0.003484320557491289,0.37488349821145767,121742.38059470798,49.0,1.1796779469324385,6,0.23333333333333334
09aa329044787e56,3,6b7e1f5b521de19b,,2.4198904513070483,0,0.0011327313,0.0,0.0,0.0,0.0,0,0,1.0,0.0,0,0.0,0.0,0.0,0.0,0.0,1,1.0
09abae1f197e1b55,6,6b7e1f5b521de19b,,257521.66226855287,0,0.7569903,0.0,0.0,0.0,0.0,0,0,1.0,0.0,0,0.0,0.0,0.0,0.0,0.0,1,1.0
09aee6a439dfd814,5,6b7e1f5b521de19b,6f9a9c5f2856c8b3,1060.8669669680157,0,0.090110295,0.0,0.0,0.0,0.0,0,0,1.0,0.0,0,0.0,0.0,0.0,0.0,0.0,1,1.0
09c799f56cfc7bde,3,6b7e1f5b521de19b,d4f34f97b6d22a81,31803.627579699045,0,0.5137052,0.0,40.0,40.0,0.0,0,1,1.0,1.0,0,0.0,0.707067733266879,27161.5392013164,0.0,0.0,3,1.0
09caf91da0d779ae,3,6b7e1f5b521de19b,,9648.963805727817,0,0.06910207,0.0,0.0,0.0,0.0,0,0,1.0,0.0,0,0.0,0.0,0.0,0.0,0.0,1,1.0
09e9c6c6eb4ff483,0,6b7e1f5b521de19b,6f9a9c5f2856c8b3,98.49392076768089,0,0.015619326,0.0,0.0,0.0,0.0,0,0,1.0,0.0,0,0.0,0.0,0.0,0.0,0.0,1,1.0
09f7d50caeeb166e,2,6b7e1f5b521de19b,d4f34f97b6d22a81,932.076578471861,0,0.1498022,0.0,0.0,0.0,0.0,0,0,1.0,0.0,0,0.0,0.0,0.0,0.0,0.0,1,1.0
09fb7bbf6d74ba1f,2,6b7e1f5b521de19b,,1.170863568534039,412,6.141061e-05,1.1844692932522007e-18,0.0,0.0,0.0,0,0,1.0,0.0,0,0.0,0.0,0.0,395.0,1.3276454977160081,2,0.25
0a0d69e9377b8e90,6,6b7e1f5b521de19b,,1668.50010033425,0,0.9979855,0.0,0.0,0.0,0.0,0,0,1.0,0.0,0,0.0,0.0,0.0,0.0,0.0,1,1.0
0a14f4b34ed5cc6b,3,6b7e1f5b521de19b,,89664.46366676311,0,0.5439551,0.0,0.0,0.0,0.0,0,0,1.0,0.0,0,0.0,0.0,0.0,0.0,0.0,1,1.0
0a1d9ba5f40cb758,3,6b7e1f5b521de19b,,2.4198904513070483,0,0.02773918,0.0,0.0,0.0,0.0,0,0,1.0,0.0,0,0.0,0.0,0.0,0.0,0.0,1,1.0
0a26ca73f823906a,6,6b7e1f5b521de19b,,1.170863568534039,0,0.057838358,0.0,0.0,0.0,0.0,0,0,1.0,1.0,0,0.0,0.0,0.0,0.0,0.0,4,1.0
0a37ff10e44780d9,5,6b7e1f5b521de19b,6f9a9c5f2856c8b3,270.85141900529356,140,0.001373195,5.266464196568047e-17,0.0,0.0,0.0,0,0,1.0,0.0,0,0.0,0.0,0.0,109.0,0.557142857134898,1,0.6666666666666666
0a514e8e77feb051,2,6b7e1f5b521de19b,6f9a9c5f2856c8b3,16852.090274124945,219,0.007329246,0.04842670226525144,-0.16791979949874686,17.5,30.0,2,1,1.2535663410348266,1.0,0,0.0045662100456621,0.7309567874610509,14391.872685606175,49.0,1.3716882815501914,6,0.4090909090909091
0a59d213cf8ac3a3,2,6b7e1f5b521de19b,6f9a9c5f2856c8b3,1.170863568534039,0,0.68762994,0.0,0.0,0.0,0.0,0,0,1.0,0.0,0,0.0,0.0,0.0,0.0,0.0,1,1.0
0a6abfc56e3e8d30,0,6b7e1f5b521de19b,6f9a9c5f2856c8b3,1.170863568534039,0,0.0031089126,0.0,0.0,0.0,0.0,0,0,1.0,0.0,0,0.0,0.0,0.0,0.0,0.0,1,1.0
0a7b65dccbda28aa,1,6b7e1f5b521de19b,,5863.460546876247,0,0.09317532,0.0,0.0,0.0,0.0,0,0,1.0,0.0,0,0.0,0.0,0.0,0.0,0.0,1,1.0
0a838c6aa6385300,5,6b7e1f5b521de19b,d4f34f97b6d22a81,28200.86685142718,174,4.8351958e-05,-0.060659860926172496,-0.05747126436781609,-10.0,10.0,0,-1,1.1067971810352921,0.0,0,0.0,0.6324187704125932,24084.527647542767,154.0,1.9440244529988497,5,0.2857142857142857
0a8b4d0749341c18,2,6b7e1f5b521de19b,6f9a9c5f2856c8b3,1.170863568534039,0,0.005569275,0.0,0.0,0.0,0.0,0,0,1.0,0.0,0,0.0,0.0,0.0,0.0,0.0,1,1.0
0a8ef8e13f6a1c0c,4,b4d1bda83fb7745f,28c9c64e5918b06e,9986.870404040961,0,0.0041293846,0.0,0.0,0.0,0.0,0,0,1.0,0.0,0,0.0,0.0,0.0,0.0,0.0,1,1.0
0a91d8353e19910c,6,6b7e1f5b521de19b,,60190.83490491557,0,0.9962806,0.0,0.0,0.0,0.0,0,0,1.0,0.0,0,0.0,0.0,0.0,0.0,0.0,1,1.0
0a93c4141fa262c3,6,6b7e1f5b521de19b,,1.170863568534039,15,0.9998203,-3.146347478250272e-16,0.0,0.0,0.0,0,0,1.0,0.0,0,0.0,0.0,0.0,15.0,0.0,2,1.0
0a94d0f9019cb7cf,3,6b7e1f5b521de19b,,2.4198904513070483,0,0.0007712756,0.0,0.0,0.0,0.0,0,0,1.0,0.0,0,0.0,0.0,0.0,0.0,0.0,2,1.0
0aa3b4f9cf0100b5,0,6b7e1f5b521de19b,,2606243.9231851483,1051,0.0004671292,-0.02653009255650311,0.09523809523809523,-30.0,30.0,0,0,7.484551991277303e-11,0.0,0,0.0,1.786714141240641e-16,0.0,301.0,0.9011671812173399,3,0.2727272727272727
0aba4abb36dab6e3,2,6b7e1f5b521de19b,6f9a9c5f2856c8b3,519979.40075206774,0,0.0025998806,0.0,0.0,0.0,0.0,0,0,1.0,0.0,0,0.0,0.0,0.0,0.0,0.0,2,1.0
0ac2091a47ed395e,2,6b7e1f5b521de19b,,59525.158824369595,0,0.43419036,0.0,20.0,20.0,0.0,0,1,1.0,0.0,0,0.0,0.7070859181403091,50837.68046120618,0.0,0.0,3,1.0
0ac5b295cd11d58d,0,674ec33189ed753c,,9548.177348327423,0,0.4031336,0.0,0.0,0.0,0.0,0,0,1.0,0.0,0,0.0,0.0,0.0,0.0,0.0,1,1.0
0addabc93003ac4e,2,6b7e1f5b521de19b,6f9a9c5f2856c8b3,3517722.4306660444,76,3.3312786e-05,-0.06732911577680571,-0.09090909090909091,-5.0,5.0,0,-1,1.249999999875,0.0,0,0.0,0.36009628202745936,3004381.8548447816,23.0,0.8596043667961561,4,0.1
0aef246d9440b4ad,2,6b7e1f5b521de19b,6f9a9c5f2856c8b3,1.170863568534039,0,0.10264209,0.0,0.0,0.0,0.0,0,0,1.0,0.0,0,0.0,0.0,0.0,0.0,0.0,1,1.0
0af4a6f86788139a,3,6b7e1f5b521de19b,6f9a9c5f2856c8b3,11234.78067478462,0,0.10331551,0.0,0.0,0.0,0.0,0,0,1.0,0.0,0,0.0,0.0,0.0,0.0,0.0,1,1.0
0af6df4f5f32eb82,0,6b7e1f5b521de19b,6f9a9c5f2856c8b3,98.49392076768089,0,0.021086754,0.0,0.0,0.0,0.0,0,0,1.0,0.0,0,0.0,0.0,0.0,0.0,0.0,2,1.0
0af6fc8db9044f3e,2,6b7e1f5b521de19b,6f9a9c5f2856c8b3,46039.18840007971,68,0.0011281526,6.238297739047047e-17,0.0,0.0,0.0,0,0,1.0,0.0,0,0.0,0.0,0.0,68.0,1.732050807466992,4,0.2
0b135f157f81db08,2,6b7e1f5b521de19b,,260878.74252957353,0,0.6032712,0.0,0.0,0.0,0.0,0,0,1.0,0.0,0,0.0,0.0,0.0,0.0,0.0,1,1.0
0b1a0d835fab54c9,2,6b7e1f5b521de19b,6f9a9c5f2856c8b3,98.49392076768089,0,0.060164727,0.0,0.0,0.0,0.0,0,0,1.0,0.0,0,0.0,0.0,0.0,0.0,0.0,1,1.0
0b33c49e5b45d4d8,5,6b7e1f5b521de19b,,1.170863568534039,0,0.65046126,0.0,0.0,0.0,0.0,0,0,1.0,0.0,0,0.0,0.0,0.0,0.0,0.0,1,1.0
0b3ac903067ca4e5,5,6b7e1f5b521de19b,d4f34f97b6d22a81,1.170863568534039,0,0.022936998,0.0,0.0,0.0,0.0,0,0,1.0,0.0,0,0.0,0.0,0.0,0.0,0.0,1,1.0
0b3d2fb0fa12be77,3,6b7e1f5b521de19b,,2.4198904513070483,168,0.0002485849,-1.831519771838193e-17,0.0,0.0,0.0,0,0,1.0,0.0,0,0.0,0.0,0.0,61.0,1.0064981612781787,2,0.1111111111111111
0b44de6e566af3e3,2,6b7e1f5b521de19b,6f9a9c5f2856c8b3,98.49392076768089,29,0.00079147157,-7.393973747059121e-17,0.0,0.0,0.0,0,0,1.0,0.0,0,0.0,0.0,0.0,29.0,0.0,2,1.0
0b6b2a178f65547d,5,6b7e1f5b521de19b,6f9a9c5f2856c8b3,1.170863568534039,0,0.06823974,0.0,0.0,0.0,0.0,0,0,1.0,0.0,0,0.0,0.0,0.0,0.0,0.0,1,1.0
0b774aeb0d7c9ed6,0,6b7e1f5b521de19b,6f9a9c5f2856c8b3,286383.5653747958,0,0.45741776,0.0,0.0,0.0,0.0,0,0,1.0,0.0,0,0.0,0.0,0.0,0.0,0.0,1,1.0
0b9300ed4cab3b46,0,532ef57d231b606f,,63294.706476599706,115,0.0026679083,0.1253347616497054,-0.18518518518518517,15.0,0.0,0,0,1.377060745128563e-10,0.0,0,0.0,0.31616293751592206,4.16503541321956,60.0,1.1438005827055828,3,0.375
0b98ea6b9dcfaa1e,3,6b7e1f5b521de19b,,25102.753943361105,0,0.11522757,0.0,0.0,0.0,0.0,0,0,1.0,0.0,0,0.0,0.0,0.0,0.0,0.0,1,1.0
0ba22fa95e837398,5,6b7e1f5b521de19b,d4f34f97b6d22a81,81.43217479245789,0,0.13301922,0.0,0.0,0.0,0.0,0,0,1.0,0.0,0,0.0,0.9716508353024792,68.54881591748024,0.0,0.0,2,1.0
0ba6fa89455351aa,4,e366e0e543d0c5cd,d4f34f97b6d22a81,1.170863568534039,0,0.025689486,0.0,0.0,0.0,0.0,0,0,1.0,0.0,0,0.0,0.0,0.0,0.0,0.0,1,1.0
0bb31f044be806dc,2,6b7e1f5b521de19b,6f9a9c5f2856c8b3,98.49392076768089,0,0.06946861,0.0,0.0,0.0,0.0,0,0,1.0,0.0,0,0.0,0.0,0.0,0.0,0.0,1,1.0
0bc95cf99a55d19f,6,6b7e1f5b521de19b,,17910202.105633996,0,0.26694602,0.0,0.0,0.0,0.0,0,0,1.0,0.0,0,0.0,0.0,0.0,0.0,0.0,1,1.0
0bcda5e559f54098,2,6b7e1f5b521de19b,,1845240.0868962975,3,0.18394363,-2.8590031821961934e-15,0.0,0.0,0.0,0,0,1.0,0.0,0,0.0,0.0,0.0,3.0,0.0,2,1.0
0beeb97262b48631,5,6b7e1f5b521de19b,d4f34f97b6d22a81,1.170863568534039,0,0.08270217,0.0,0.0,0.0,0.0,0,0,1.0,0.0,0,0.0,0.0,0.0,0.0,0.0,1,1.0
0c004a3917fbcc07,2,6b7e1f5b521de19b,6f9a9c5f2856c8b3,6677.608641046631,564,0.004063384,0.018453375268862628,-0.11976047904191617,13.333333333333336,0.0,0,0,1.4708710133200342e-10,0.0,0,0.0,0.3921529170033913,5702.148360322822,148.0,1.1553483184167856,3,0.13333333333333333
0c11b01582e5005c,2,6b7e1f5b521de19b,,13372544.472792422,0,0.067721315,0.0,0.0,0.0,0.0,0,0,1.0,0.0,0,0.0,0.0,0.0,0.0,0.0,1,1.0
0c185d1b61c10972,3,6b7e1f5b521de19b,,76057.68653515907,0,0.08770778,0.0,0.0,0.0,0.0,0,0,1.0,0.0,0,0.0,0.0,0.0,0.0,0.0,1,1.0
0c1dbf790f243001,4,b6bf95545ecbafbf,28c9c64e5918b06e,96859.29234967509,165,0.20720707,0.1442651049850021,-0.12195121951219512,20.0,0.0,0,0,1.032795558881978e-10,0.0,0,0.0,0.025562667022551458,0.0,91.0,1.3577380854755605,5,0.625
0c2d54de1eea2b50,2,6b7e1f5b521de19b,6f9a9c5f2856c8b3,321.69331825567855,0,0.057225544,0.0,0.0,0.0,0.0,0,0,1.0,0.0,0,0.0,0.0,0.0,0.0,0.0,1,1.0
0c491849526be125,0,6b7e1f5b521de19b,,73363.66700873936,0,0.37699232,0.0,0.0,0.0,0.0,0,0,1.0,0.0,0,0.0,0.0,0.0,0.0,0.0,1,1.0
0c55a91cc177f914,2,6b7e1f5b521de19b,6f9a9c5f2856c8b3,63910.304787312656,0,0.2831639,0.0,0.0,0.0,0.0,0,0,1.0,0.0,0,0.0,0.0,0.0,0.0,0.0,1,1.0
0c58e521a395d3b8,2,6b7e1f5b521de19b,6f9a9c5f2856c8b3,1.170863568534039,0,0.23777822,0.0,0.0,0.0,0.0,0,0,1.0,0.0,0,0.0,0.0,0.0,0.0,0.0,1,1.0
0c6f9f276646d510,3,6b7e1f5b521de19b,,11264.189824104717,20,0.009053236,-5.446035936926561e-16,0.0,0.0,0.0,0,0,1.0,0.0,0,0.0,0.7069965359018807,9619.411913753424,20.0,0.9999999999,2,0.3333333333333333
0c78a634d733b70c,2,6b7e1f5b521de19b,6f9a9c5f2856c8b3,2711.48861281579,0,0.29481038,0.0,0.0,0.0,0.0,0,0,1.0,0.0,0,0.0,0.0,0.0,0.0,0.0,1,1.0
0c78e872399f6a93,3,6b7e1f5b521de19b,,89664.46366676311,0,0.020012384,0.0,0.0,0.0,0.0,0,0,1.0,0.0,0,0.0,0.0,0.0,0.0,0.0,1,1.0
0c79660af5e79281,5,6b7e1f5b521de19b,6f9a9c5f2856c8b3,1.170863568534039,0,0.0032573985,0.0,0.0,0.0,0.0,0,0,1.0,0.0,0,0.0,0.0,0.0,0.0,0.0,1,1.0
0c952c476ce3e555,4,fd10c5543bdbcbc9,d4f34f97b6d22a81,1.170863568534039,0,0.040775094,0.0,0.0,0.0,0.0,0,0,1.0,0.0,0,0.0,0.0,0.0,0.0,0.0,1,1.0
0c96647e0ff66e39,2,6b7e1f5b521de19b,6f9a9c5f2856c8b3,36936.14343579192,160,0.0015073373,-0.059485213272814426,-1.0962658444672833,0.0,20.0,1,0,0.8976656234075221,0.0,0,0.0,0.07537497334974949,0.17715775143446139,44.0,1.6006346395800457,9,0.15789473684210525
0c98641776b63219,2,6b7e1f5b521de19b,d4f34f97b6d22a81,1206.0482706228593,0,0.6267545,0.0,0.0,0.0,0.0,0,0,1.0,0.0,0,0.0,0.0,0.0,0.0,0.0,1,1.0
0ce0c8dd1d2a9c8a,6,6b7e1f5b521de19b,,1.170863568534039,0,0.17202252,0.0,0.0,0.0,0.0,0,0,1.0,0.0,0,0.0,0.0,0.0,0.0,0.0,1,1.0
0cf114f0b06741b9,2,6b7e1f5b521de19b,,7369.351110629336,0,0.06248713,0.0,0.0,0.0,0.0,0,0,1.0,0.0,0,0.0,0.0,0.0,0.0,0.0,1,1.0
0cf5ef2a8a7361ca,2,6b7e1f5b521de19b,6f9a9c5f2856c8b3,1071929.859046037,369,0.00349762,0.0002025587217734356,0.16106503710170234,0.0,10.0,1,0,3.181980514326964e-10,0.0,0,0.0,1.1144806245247612,11.154736271480834,250.0,1.7553759934429511,4,0.1111111111111111
0cf6b61ec6cd678c,2,6b7e1f5b521de19b,6f9a9c5f2856c8b3,328.99723005017677,0,0.8309641,0.0,0.0,0.0,0.0,0,0,1.0,0.0,0,0.0,0.0,0.0,0.0,0.0,1,1.0
0cff742224a330cd,3,6b7e1f5b521de19b,,36077.87700023642,0,0.8357783,0.0,0.0,0.0,0.0,0,0,1.0,0.0,0,0.0,0.0,0.0,0.0,0.0,1,1.0
0d003354535ed46d,3,6b7e1f5b521de19b,,2.4198904513070483,97,0.0035871132,5.601761256733791e-17,0.0,0.0,0.0,0,0,1.0,0.0,0,0.0,0.0,0.0,71.0,0.8590790373342413,2,0.5
0d08f1595d4f776d,5,6b7e1f5b521de19b,6f9a9c5f2856c8b3,1.170863568534039,3,0.002376952,-7.147507955490484e-16,0.0,0.0,0.0,0,0,1.0,0.0,0,0.0,0.0,0.0,3.0,0.0,2,1.0
0d1686c1560ab3a4,2,6b7e1f5b521de19b,cd39fc3b76d2fe33,7490440.242261104,244,0.10333533,6.970684524503075e-17,0.0,0.0,0.0,0,0,1.0,0.0,0,0.0,0.019701003798860913,0.045012160738917874,159.0,1.4766160824620207,3,0.14285714285714285
0d2213e5c31fe345,2,6b7e1f5b521de19b,6f9a9c5f2856c8b3,1601794.3525755194,293,0.10872237,5.246604100402155e-18,0.0,0.0,0.0,0,0,1.0,0.0,0,0.0,0.0,0.0,179.0,0.6813469840485552,1,0.25
0d26df31a0969949,2,6b7e1f5b521de19b,6f9a9c5f2856c8b3,11195771.770696174,626,0.09445749,0.017248732952183553,-0.01818181818181818,5.0,0.0,0,0,3.3333333322222223e-10,1.0,0,0.001597444089456869,0.21457657182925405,0.2124906355877056,314.0,2.8243859577642967,11,0.8
0d2b728d7d8d57e0,4,38080774be85927f,28c9c64e5918b06e,2961926.4376853653,241,0.0637407,-3.6596712300115114e-17,0.0,0.0,0.0,0,0,1.0,2.0,2,0.004149377593360996,0.32146213819345404,0.13667402971136128,53.0,1.5978875449046674,7,0.32
0d30fac6cfd9e1c5,5,6b7e1f5b521de19b,6f9a9c5f2856c8b3,1.170863568534039,0,0.078255445,0.0,0.0,0.0,0.0,0,0,1.0,1.0,0,0.0,0.0,0.0,0.0,0.0,3,1.0
0d3960beb5bcec86,2,6b7e1f5b521de19b,6f9a9c5f2856c8b3,1.170863568534039,0,0.6717872,0.0,0.0,0.0,0.0,0,0,1.0,0.0,0,0.0,0.0,0.0,0.0,0.0,1,1.0
0d6aabef0a45e244,4,cca8e68b78e095c5,28c9c64e5918b06e,4953.675250906242,0,0.025776222,0.0,0.0,0.0,0.0,0,0,1.0,0.0,0,0.0,0.0,0.0,0.0,0.0,1,1.0
0d6babbe761ffca8,5,6b7e1f5b521de19b,d4f34f97b6d22a81,60079.53247392403,17,0.85095364,0.756533700137554,-50.0,50.0,0.0,0,0,5.366563145711496e-11,2.0,1,-0.058823529411764705,0.4474806739391344,51311.15462544936,16.0,1.856439274519812,4,0.3333333333333333
0d6cf3eccd0c0844,2,6b7e1f5b521de19b,6f9a9c5f2856c8b3,156311.85792661796,0,0.17491004,0.0,0.0,0.0,0.0,0,0,1.0,0.0,0,0.0,0.0,0.0,0.0,0.0,1,1.0
0d6dc7421372158c,5,6b7e1f5b521de19b,6f9a9c5f2856c8b3,1958.351700209153,0,0.2611906,0.0,0.0,0.0,0.0,0,0,1.0,0.0,0,0.0,0.0,0.0,0.0,0.0,4,1.0
0d7732f392c9587f,2,6b7e1f5b521de19b,6f9a9c5f2856c8b3,79648.81703313315,0,0.7197579,0.0,0.0,0.0,0.0,0,0,1.0,0.0,0,0.0,0.0,0.0,0.0,0.0,1,1.0
0d79da41c0cf1e6e,2,6b7e1f5b521de19b,,17619.443865595513,0,0.13747026,0.0,0.0,0.0,0.0,0,0,1.0,0.0,0,0.0,0.0,0.0,0.0,0.0,1,1.0
0d810a3d74f8a23f,1,6b7e1f5b521de19b,,5083.8994500666495,0,0.06424822,0.0,0.0,0.0,0.0,0,0,1.0,0.0,0,0.0,0.0,0.0,0.0,0.0,1,1.0
0d8346fae530d478,4,bb25152d8e0211c1,28c9c64e5918b06e,124081.61365347443,167,0.00092981633,-9.20854520948642e-18,0.0,0.0,0.0,0,0,1.0,0.0,0,0.0,0.0,0.0,63.0,0.09429949549545344,1,0.25
0d88fb755a37eae9,2,6b7e1f5b521de19b,6f9a9c5f2856c8b3,61790.848272001596,0,0.8067632,0.0,0.0,0.0,0.0,0,0,1.0,0.0,0,0.0,0.0,0.0,0.0,0.0,1,1.0
0d926b00ad05b1f7,2,6b7e1f5b521de19b,,89664.46366676311,0,0.02159736,0.0,0.0,0.0,0.0,0,0,1.0,0.0,0,0.0,0.0,0.0,0.0,0.0,1,1.0
0da291f421dadb7b,5,6b7e1f5b521de19b,6f9a9c5f2856c8b3,63270.50661173364,6,0.78521,0.8333333333333344,1.6666666666666667,5.0,0.0,0,1,1.5666989033962413,0.0,0,0.0,0.15265015782764554,0.7479052476070903,6.0,3.1622776543708704,12,0.16666666666666666
0dac9374668a1357,3,6b7e1f5b521de19b,,16219.981898940578,154,0.0017415563,-5.319291360417018e-17,0.0,0.0,0.0,0,0,1.0,0.0,0,0.0,0.0,0.0,77.0,1.185558516635437,3,0.5
0db08e22e4bd4285,0,6b7e1f5b521de19b,,5182695.33770518,0,0.7875337,0.0,0.0,0.0,0.0,0,0,1.0,0.0,0,0.0,0.0,0.0,0.0,0.0,1,1.0
0db8abe8cee02750,3,6b7e1f5b521de19b,,2.4198904513070483,89,0.00021171935,3.0423755049194295e-17,0.0,0.0,0.0,0,0,1.0,0.0,0,0.0,1.835162453022127e-16,0.0,38.0,0.8058616213947766,3,0.16666666666666666
0dc75f3237075786,3,6b7e1f5b521de19b,d4f34f97b6d22a81,21273.147061594493,0,0.0002051469,0.0,0.0,0.0,0.0,0,0,1.0,0.0,0,0.0,0.999772519298051,8789.9545864377,0.0,0.0,2,1.0
0deb51c4cd6f278f,2,6b7e1f5b521de19b,6f9a9c5f2856c8b3,136370.24427687816,35,0.017047115,-6.3024262075681795e-16,0.0,0.0,0.0,0,0,1.0,0.0,0,0.0,0.1308057028804905,0.0,23.0,1.6869245047055303,6,0.125
0e049bbd3ae384ec,6,6b7e1f5b521de19b,,262190.543180081,0,0.3546855,0.0,-65.0,65.0,0.0,0,1,1.0,1.0,0,0.0,0.9999910686455231,223928.20082768693,0.0,0.0,2,1.0
0e08a0a25059a062,3,6b7e1f5b521de19b,,5655.969519442425,0,0.0021606127,0.0,0.0,0.0,0.0,0,0,1.0,0.0,0,0.0,0.0,0.0,0.0,0.0,1,1.0
0e1798e57a69faf1,2,6b7e1f5b521de19b,6f9a9c5f2856c8b3,1386388.4008613944,3,0.9142801,9.999999999999998,10.0,30.0,0.0,0,1,1.1547005383673425,0.0,0,0.0,0.021911656969484647,0.052599048721518014,3.0,2.4494897370677022,8,0.25
0e2f052a74de1c56,4,75c64824a2a4e380,28c9c64e5918b06e,29324.531411075328,0,0.9393984,0.0,60.0,60.0,0.0,0,1,1.0,0.0,0,0.0,1.4140441766565965,25044.216367770874,0.0,0.0,3,1.0
0e3b8796fdb1f6ed,4,255414ab73601d72,,1.170863568534039,0,0.014124931,0.0,0.0,0.0,0.0,0,0,1.0,0.0,0,0.0,0.0,0.0,0.0,0.0,1,1.0
0e41091c78849957,4,38080774be85927f,d4f34f97b6d22a81,2735562.6826096154,0,0.31155974,0.0,0.0,0.0,0.0,0,0,1.0,0.0,0,0.0,0.0,0.0,0.0,0.0,1,1.0
0e41da2276efd8c2,2,6b7e1f5b521de19b,d4f34f97b6d22a81,1.170863568534039,0,0.23777822,0.0,0.0,0.0,0.0,0,0,1.0,0.0,0,0.0,0.0,0.0,0.0,0.0,1,1.0
0e6900a5f5b04e0b,1,6b7e1f5b521de19b,,12725.664477286175,0,0.9975259,0.0,0.0,0.0,0.0,0,0,1.0,0.0,0,0.0,0.0,0.0,0.0,0.0,1,1.0
0e6fba7a6a74bd6a,0,6b7e1f5b521de19b,6f9a9c5f2856c8b3,1.170863568534039,0,0.11894877,0.0,0.0,0.0,0.0,0,0,1.0,0.0,0,0.0,0.0,0.0,0.0,0.0,1,1.0
0e75987950f306e5,3,6b7e1f5b521de19b,d4f34f97b6d22a81,9648.963805727817,0,0.00020897572,0.0,0.0,0.0,0.0,0,0,1.0,0.0,0,0.0,0.0,0.0,0.0,0.0,1,1.0
0e796974bd0d9878,2,6b7e1f5b521de19b,,1845240.0868962975,0,0.33268318,0.0,0.0,0.0,0.0,0,0,1.0,0.0,0,0.0,0.0,0.0,0.0,0.0,1,1.0
0e7b8d159bf1ae66,2,6b7e1f5b521de19b,6f9a9c5f2856c8b3,581624.2695190914,0,0.9915958,0.0,0.0,0.0,0.0,0,0,1.0,0.0,0,0.0,0.0,0.0,0.0,0.0,1,1.0
0e7fba23daeadd3d,2,6b7e1f5b521de19b,6f9a9c5f2856c8b3,1.170863568534039,0,0.5667353,0.0,0.0,0.0,0.0,0,0,1.0,0.0,0,0.0,0.0,0.0,0.0,0.0,1,1.0
0e8446eedb91479e,2,6b7e1f5b521de19b,,28573.483992041623,0,0.01318836,0.0,0.0,0.0,0.0,0,0,1.0,0.0,0,0.0,0.0,0.0,0.0,0.0,1,1.0
0e8c62441c520994,2,6b7e1f5b521de19b,6f9a9c5f2856c8b3,1835.8687749276912,0,0.061591487,0.0,0.0,0.0,0.0,0,0,1.0,0.0,0,0.0,0.0,0.0,0.0,0.0,1,1.0
0e8c99d096ef4492,6,6b7e1f5b521de19b,,1.170863568534039,133,0.013149061,-1.2210297099202365e-17,0.0,0.0,0.0,0,0,1.0,0.0,0,0.0,0.0,0.0,133.0,0.0,2,1.0
0e90245978335aae,3,6b7e1f5b521de19b,,2.4198904513070483,0,0.0026361446,0.0,0.0,0.0,0.0,0,0,1.0,0.0,0,0.0,0.0,0.0,0.0,0.0,1,1.0
0e90efa2b115e7ab,2,6b7e1f5b521de19b,d4f34f97b6d22a81,501.20046106510154,0,0.0684949,0.0,0.0,0.0,0.0,0,0,1.0,0.0,0,0.0,0.0,0.0,0.0,0.0,1,1.0
0e922c39c2e75225,3,6b7e1f5b521de19b,,19774.79549531557,43,0.0009786125,3.5125505667812577e-16,0.0,0.0,0.0,0,0,1.0,0.0,0,0.0,0.0,0.0,26.0,0.6843692543504932,2,0.25
0e98e15b50dc5e52,2,6b7e1f5b521de19b,6f9a9c5f2856c8b3,61787.73606990534,368,0.00094399153,0.0038541752260659733,0.0,0.0,10.0,1,0,3.3333333322222223e-10,0.0,0,0.0,0.08963829673964024,0.1830536898467761,203.0,1.6356212796881124,4,0.5
0e99dceb51a68d00,5,6b7e1f5b521de19b,,1.170863568534039,0,0.002741728,0.0,0.0,0.0,0.0,0,0,1.0,0.0,0,0.0,0.0,0.0,0.0,0.0,1,1.0
0ee4d901fb7eb71e,3,6b7e1f5b521de19b,d4f34f97b6d22a81,36262.19132149581,99,0.00065841724,0.02715795654726953,-0.18,3.0,0.0,0,0,4.5902024822869804e-10,1.0,0,0.010101010101010102,0.10584820357765014,0.4445503231762358,18.0,0.9531415038624896,5,0.25
0ef5e2b9b99bb18a,6,6b7e1f5b521de19b,,1.170863568534039,0,0.0038637049,0.0,-15.0,15.0,0.0,0,1,1.0,1.0,0,0.0,0.0,0.0,0.0,0.0,2,1.0
0efc04d9192319df,2,6b7e1f5b521de19b,6f9a9c5f2856c8b3,1.170863568534039,0,0.016323606,0.0,0.0,0.0,0.0,0,0,1.0,0.0,0,0.0,0.0,0.0,0.0,0.0,1,1.0
0efce3574dfa3f06,3,6b7e1f5b521de19b,,36077.87700023642,0,0.8636857,0.0,0.0,0.0,0.0,0,0,1.0,0.0,0,0.0,0.0,0.0,0.0,0.0,1,1.0
0eff6d739d98488d,0,6b7e1f5b521de19b,,7167801.987074186,264,0.005327925,-0.1572219599537827,-0.054453980467593976,-40.0,40.0,0,0,0.494934013225932,0.0,0,0.0,0.4566071163801046,-0.6311828058540139,154.0,1.5045080711430647,3,0.3333333333333333
0f07b56d531f6bff,3,6b7e1f5b521de19b,d4f34f97b6d22a81,1.170863568534039,0,0.002311941,0.0,0.0,0.0,0.0,0,0,1.0,0.0,0,0.0,0.0,0.0,0.0,0.0,1,1.0
0f087c93c6012e53,2,6b7e1f5b521de19b,6f9a9c5f2856c8b3,98.49392076768089,0,0.16660029,0.0,30.0,30.0,0.0,0,1,1.0,0.0,0,0.0,0.694572501109144,83.12074934656873,0.0,0.0,3,1.0
0f28282941d38e89,2,6b7e1f5b521de19b,6f9a9c5f2856c8b3,14993157.94869081,0,0.050531637,0.0,0.0,0.0,0.0,0,0,1.0,0.0,0,0.0,0.7266550625826158,12805212.477999622,0.0,0.0,3,1.0
0f3a53439280354f,5,6b7e1f5b521de19b,6f9a9c5f2856c8b3,284526.34079538845,163,0.0025506504,0.12464942349641633,0.12987012987012986,20.0,0.0,0,1,1.0,0.0,0,0.0,0.11245586201890644,0.3225273245833671,154.0,1.29884704673384,2,0.25
0f3e2d536ae429ee,3,6b7e1f5b521de19b,,9648.963805727817,0,0.0316977,0.0,0.0,0.0,0.0,0,0,1.0,0.0,0,0.0,0.0,0.0,0.0,0.0,1,1.0
0f726bd5b59063a4,5,6b7e1f5b521de19b,d4f34f97b6d22a81,1.170863568534039,0,0.06916256,0.0,0.0,0.0,0.0,0,0,1.0,0.0,0,0.0,0.0,0.0,0.0,0.0,1,1.0
0f849476de7a0051,3,6b7e1f5b521de19b,,155239.08665771675,0,0.9898425,0.0,0.0,0.0,0.0,0,0,1.0,0.0,0,0.0,0.0,0.0,0.0,0.0,1,1.0
0f9013106c137519,2,6b7e1f5b521de19b,d4f34f97b6d22a81,10295.115245609364,183,0.0042604273,0.020130071229482828,-5.0,10.0,0.0,0,0,1.7033249215828754e-10,0.0,0,0.0,0.3471661394114123,8791.753931612373,67.0,2.1803963447428107,11,0.14285714285714285
0f9343aae388d8ee,0,6b7e1f5b521de19b,6f9a9c5f2856c8b3,1.170863568534039,0,0.060217783,0.0,0.0,0.0,0.0,0,0,1.0,0.0,0,0.0,0.0,0.0,0.0,0.0,1,1.0
0fafd29c2a1a88b3,3,6b7e1f5b521de19b,,5083.8994500666495,0,0.23241489,0.0,0.0,0.0,0.0,0,0,1.0,0.0,0,0.0,0.0,0.0,0.0,0.0,1,1.0
0fbbb54bad15037a,3,6b7e1f5b521de19b,,35845.270270304114,0,0.045239717,0.0,0.0,0.0,0.0,0,0,1.0,0.0,0,0.0,0.0,0.0,0.0,0.0,1,1.0
10151ca882eb261b,3,6b7e1f5b521de19b,,121130.27981900205,54,0.0114889415,-2.7116006631715884e-17,0.0,0.0,0.0,0,0,1.0,0.0,0,0.0,1.201344143686518e-16,0.0,26.0,0.9771041449667807,2,0.3333333333333333
1016dc4d75485a8d,3,6b7e1f5b521de19b,d4f34f97b6d22a81,6981.346099385708,0,0.4640239,0.0,0.0,0.0,0.0,0,0,1.0,0.0,0,0.0,0.010469350371681018,0.022374483076419642,0.0,0.0,3,1.0
101d6d7268dd2d79,6,6b7e1f5b521de19b,,89310.3867280836,0,0.99856085,0.0,0.0,0.0,0.0,0,0,1.0,0.0,0,0.0,0.0,0.0,0.0,0.0,1,1.0
101ef019311df748,2,6b7e1f5b521de19b,,110376.06659127772,336,0.00023336691,-7.007942780193964e-18,0.0,0.0,0.0,0,0,1.0,0.0,0,0.0,0.0,0.0,285.0,1.099653045149377,1,0.75
103cd337d48f658a,3,6b7e1f5b521de19b,,94622.54669754872,0,0.17006005,0.0,0.0,0.0,0.0,0,0,1.0,0.0,0,0.0,0.0,0.0,0.0,0.0,1,1.0
103fcc46817a026b,2,6b7e1f5b521de19b,,181833.88467912178,0,0.7263927,0.0,0.0,0.0,0.0,0,0,1.0,0.0,0,0.0,0.0,0.0,0.0,0.0,1,1.0
10450823f45ce0c2,6,6b7e1f5b521de19b,,767.4627551854461,0,0.9977875,0.0,0.0,0.0,0.0,0,0,1.0,0.0,0,0.0,0.0,0.0,0.0,0.0,1,1.0
1050db80843e3c3e,1,6b7e1f5b521de19b,,9648.963805727817,0,0.00017004322,0.0,0.0,0.0,0.0,0,0,1.0,0.0,0,0.0,0.0,0.0,0.0,0.0,1,1.0
10578cc5c4126a65,2,6b7e1f5b521de19b,6f9a9c5f2856c8b3,1124332.9123435305,866,0.00015733797,-0.053376170721048666,0.05225166106143876,-45.0,45.0,0,0,6.401962988511919e-11,0.0,0,0.0,0.437221609716643,960258.5405297591,203.0,1.4043032772684811,5,0.09523809523809523
106ce48dca59f9da,5,6b7e1f5b521de19b,6f9a9c5f2856c8b3,27747.371557826624,69,0.00017880226,-0.016408775413090777,-1.1616161616161618,0.0,20.0,1,-1,1.0,0.0,0,0.0,0.0,0.0,36.0,1.3397764924924358,3,0.375
107c8845ace7eb6c,2,6b7e1f5b521de19b,,28033.352531405413,0,0.26717275,0.0,0.0,0.0,0.0,0,0,1.0,0.0,0,0.0,0.0,0.0,0.0,0.0,1,1.0
108307cdb635631a,3,6b7e1f5b521de19b,,1.170863568534039,0,0.04972772,0.0,0.0,0.0,0.0,0,0,1.0,0.0,0,0.0,0.0,0.0,0.0,0.0,1,1.0
108ad49d7a5ebe38,2,6b7e1f5b521de19b,,870350.122287474,244,0.25550872,-3.7542677524082106e-17,0.0,0.0,0.0,0,0,1.0,0.0,0,0.0,0.0,0.0,244.0,0.0,2,1.0
10922bb338678fe8,3,6b7e1f5b521de19b,d4f34f97b6d22a81,1.170863568534039,0,0.0023383542,0.0,0.0,0.0,0.0,0,0,1.0,0.0,0,0.0,0.0,0.0,0.0,0.0,1,1.0
10b69efe040fe8f2,1,6ab36d9b02cbcf6b,6f9a9c5f2856c8b3,6987.781758561951,33,0.9847311,1.971460758542997,1.4615384615384617,85.0,0.0,0,1,0.7010740719652896,5.0,0,0.15151515151515152,0.0,0.0,19.0,0.9748913903148866,2,0.4
10c348992f55334a,0,062b9e5a52eb6d8e,,8290.869253090716,0,0.9998828,0.0,0.0,0.0,0.0,0,0,1.0,0.0,0,0.0,0.0,0.0,0.0,0.0,1,1.0
10e9d7c9e1c2b25c,1,6b7e1f5b521de19b,,9648.963805727817,0,0.5162383,0.0,0.0,0.0,0.0,0,0,1.0,0.0,0,0.0,0.0,0.0,0.0,0.0,1,1.0
10eabb31b1db1fd3,2,6b7e1f5b521de19b,6f9a9c5f2856c8b3,124276.27032109273,0,0.71432215,0.0,0.0,0.0,0.0,0,0,1.0,0.0,0,0.0,0.0,0.0,0.0,0.0,1,1.0
1106c41e63532431,2,6b7e1f5b521de19b,6f9a9c5f2856c8b3,22827.20679931028,600,0.0009834877,-0.009168661266304393,20.0,-20.0,20.0,0,0,1.2963624320072816e-10,2.0,1,-0.0033333333333333335,0.060829403692098626,-0.04164346132699335,364.0,1.86064504940749,8,0.18181818181818182
1108c5dd73bcfe89,2,6b7e1f5b521de19b,6f9a9c5f2856c8b3,1.170863568534039,0,0.017324327,0.0,0.0,0.0,0.0,0,0,1.0,0.0,0,0.0,0.0,0.0,0.0,0.0,1,1.0
1139d4064c9ce257,4,062b9e5a52eb6d8e,28c9c64e5918b06e,253685.65573120333,63,0.0074796886,0.21541655852582398,-2.857142857142857,20.0,0.0,0,0,1.1067971809364327e-10,3.0,0,0.047619047619047616,0.41161067518267364,216664.4275944604,25.0,1.009029528495192,4,0.2857142857142857
113f5982ba9ea9ed,5,6b7e1f5b521de19b,6f9a9c5f2856c8b3,66841.55433599779,0,0.021201286,0.0,-29.0,29.0,0.0,0,1,1.0,0.0,0,0.0,0.9999649666118179,57086.39782525277,0.0,0.0,2,1.0
116a78654cb907f9,2,6b7e1f5b521de19b,,2496199.0774283707,1162,8.582966e-05,-0.0054728592727585675,0.009541984732824428,-5.0,5.0,0,0,4.0824829029719637e-10,0.0,0,0.0,0.0,0.0,227.0,0.6556992841982834,2,0.3
117fa4024d9fac79,3,6b7e1f5b521de19b,,9648.963805727817,0,0.0009997216,0.0,0.0,0.0,0.0,0,0,1.0,0.0,0,0.0,0.0,0.0,0.0,0.0,1,1.0
1197c6aea349f19c,5,6b7e1f5b521de19b,d4f34f97b6d22a81,1.170863568534039,0,0.019092554,0.0,0.0,0.0,0.0,0,0,1.0,0.0,0,0.0,0.0,0.0,0.0,0.0,1,1.0
11a6f87be0eb6ed3,2,6b7e1f5b521de19b,6f9a9c5f2856c8b3,98.49392076768089,0,0.021086754,0.0,0.0,0.0,0.0,0,0,1.0,0.0,0,0.0,0.0,0.0,0.0,0.0,2,1.0
11ac0e80cabfbc8b,3,6b7e1f5b521de19b,,110510.57900984009,0,0.0021249903,0.0,0.0,0.0,0.0,0,0,1.0,0.0,0,0.0,0.0,0.0,0.0,0.0,1,1.0
11bc597977eda3d4,4,cca8e68b78e095c5,28c9c64e5918b06e,1.170863568534039,0,0.0360776,0.0,0.0,0.0,0.0,0,0,1.0,0.0,0,0.0,0.0,0.0,0.0,0.0,1,1.0
11cbf7b56e17ecac,2,6b7e1f5b521de19b,6f9a9c5f2856c8b3,115143.71679776887,0,0.5586599,0.0,0.0,0.0,0.0,0,0,1.0,0.0,0,0.0,0.0,0.0,0.0,0.0,1,1.0
11de6602f0412cd5,5,6b7e1f5b521de19b,6f9a9c5f2856c8b3,202912.73584305227,230,0.76335084,0.1857798171429762,1.3546099290780143,32.2,89.0,1,0,3.719820103980606e-11,1.0,0,0.004347826086956522,0.10175966745915442,0.3121042353744072,55.0,1.5574444676234118,11,0.3448275862068966
11df7eb5197f3ba1,2,6b7e1f5b521de19b,6f9a9c5f2856c8b3,5658.7759425676995,0,0.12573405,0.0,0.0,0.0,0.0,0,0,1.0,0.0,0,0.0,0.0,0.0,0.0,0.0,1,1.0
11e1708bab9c7e99,6,6b7e1f5b521de19b,,1940496.0813235685,31,0.99646866,1.938964241676942,14.166666666666666,85.0,0.0,0,1,1.0,0.0,0,0.0,0.017500950171638243,0.03759030315632457,25.0,0.6129032257669095,2,0.6666666666666666
11e34e4bacb1b090,5,6b7e1f5b521de19b,,1.170863568534039,406,4.961228e-05,-0.02925434680815877,-0.02976190476190476,-10.0,10.0,0,0,1.0,0.0,0,0.0,1.8964174025279222e-16,0.0,266.0,1.9978725125020347,3,0.08333333333333333
11f01ca824afef6d,3,6b7e1f5b521de19b,,5083.8994500666495,0,0.27071345,0.0,0.0,0.0,0.0,0,0,1.0,0.0,0,0.0,0.0,0.0,0.0,0.0,1,1.0
11f2a2766721dfe0,2,6b7e1f5b521de19b,6f9a9c5f2856c8b3,1.170863568534039,0,0.22206426,0.0,0.0,0.0,0.0,0,0,1.0,0.0,0,0.0,0.0,0.0,0.0,0.0,1,1.0
120182d690e415fc,3,6b7e1f5b521de19b,d4f34f97b6d22a81,4315.129959735757,47,0.0006852562,0.3234425537899031,-1.6666666666666667,20.0,0.0,0,0,1.1067971809364327e-10,0.0,0,0.0,0.0,0.0,19.0,1.032956263182036,3,0.14285714285714285
1201d83608e153c1,3,6b7e1f5b521de19b,,2.4198904513070483,335,0.00012273964,0.009175479006016849,0.0,0.0,10.0,1,0,2.8577380324303744e-10,0.0,0,0.0,1.835162453022127e-16,0.0,163.0,1.0268179440303773,2,0.2857142857142857
1203d5d88130b121,2,6b7e1f5b521de19b,6f9a9c5f2856c8b3,1.170863568534039,0,0.017324327,0.0,0.0,0.0,0.0,0,0,1.0,0.0,0,0.0,0.0,0.0,0.0,0.0,1,1.0
1211709a050c6042,5,6b7e1f5b521de19b,6f9a9c5f2856c8b3,343567.22002999386,232,0.00024987495,-0.0531059921342551,-0.08733624454148471,-20.0,20.0,0,-1,1.2374368670425318,0.0,0,0.0,0.0,0.0,137.0,1.3013244419140342,4,0.14285714285714285
121a15e439117865,5,6b7e1f5b521de19b,6f9a9c5f2856c8b3,1193881.5426775909,55,0.021133812,0.19761637974941443,-20.0,20.0,0.0,0,0,1.1067971809364327e-10,0.0,0,0.0,0.0017639139667987931,0.005044436604062908,23.0,1.0989100534264153,4,0.14285714285714285
122601fbbd690171,0,6b7e1f5b521de19b,,9648.963805727817,0,0.00021371448,0.0,0.0,0.0,0.0,0,0,1.0,0.0,0,0.0,0.0,0.0,0.0,0.0,2,1.0
1238411a209d206d,4,6b7e1f5b521de19b,d4f34f97b6d22a81,1.170863568534039,0,0.3092318,0.0,0.0,0.0,0.0,0,0,1.0,0.0,0,0.0,0.0,0.0,0.0,0.0,1,1.0
123c568171e0c479,2,6b7e1f5b521de19b,6f9a9c5f2856c8b3,5240.784640408875,78,0.001384782,-1.0661113091235595e-16,0.0,0.0,0.0,0,0,1.0,0.0,0,0.0,0.0,0.0,31.0,0.8075905511082225,2,0.125
124d2b404948d212,2,6b7e1f5b521de19b,d4f34f97b6d22a81,4208.334281155841,0,0.6915005,0.0,0.0,0.0,0.0,0,0,1.0,0.0,0,0.0,0.0,0.0,0.0,0.0,1,1.0
124d9c123aa03e60,1,6b7e1f5b521de19b,6f9a9c5f2856c8b3,1.170863568534039,0,0.008323351,0.0,0.0,0.0,0.0,0,0,1.0,0.0,0,0.0,0.0,0.0,0.0,0.0,1,1.0
1258abf21df41b17,6,6b7e1f5b521de19b,,1.170863568534039,89,0.0013345965,-1.3257082071279237e-17,0.0,0.0,0.0,0,0,1.0,0.0,0,0.0,0.0,0.0,89.0,0.0,2,1.0
125d50720a95fcb4,4,bb25152d8e0211c1,28c9c64e5918b06e,3645.4892904832395,0,0.9085019,0.0,0.0,0.0,0.0,0,0,1.0,0.0,0,0.0,0.0,0.0,0.0,0.0,1,1.0
1264af01fdf6ce64,4,506023b3e03cfab3,28c9c64e5918b06e,1.170863568534039,0,0.092002004,0.0,0.0,0.0,0.0,0,0,1.0,0.0,0,0.0,0.0,0.0,0.0,0.0,1,1.0
1278cee883c8f384,2,6b7e1f5b521de19b,6f9a9c5f2856c8b3,387.213790880707,0,0.058730435,0.0,0.0,0.0,0.0,0,0,1.0,0.0,0,0.0,0.0,0.0,0.0,0.0,1,1.0
127acf95d126e57f,2,6b7e1f5b521de19b,6f9a9c5f2856c8b3,1.170863568534039,311,0.03170511,-2.2262573885273297e-17,0.0,0.0,0.0,0,0,1.0,0.0,0,0.0,0.7070833450304334,-0.999977903936019,249.0,0.6012861736295738,1,0.3333333333333333
129658e6b30f700b,2,6b7e1f5b521de19b,6f9a9c5f2856c8b3,569.928738792806,0,0.060164727,0.0,0.0,0.0,0.0,0,0,1.0,0.0,0,0.0,0.0,0.0,0.0,0.0,1,1.0
129afdce6dd399d3,0,6b7e1f5b521de19b,6f9a9c5f2856c8b3,1.170863568534039,0,0.07324237,0.0,0.0,0.0,0.0,0,0,1.0,0.0,0,0.0,0.0,0.0,0.0,0.0,1,1.0
12a31caa0a1f3d9d,3,6b7e1f5b521de19b,,2.4198904513070483,0,0.026034895,0.0,0.0,0.0,0.0,0,0,1.0,0.0,0,0.0,0.0,0.0,0.0,0.0,1,1.0
12af0bcfd500287b,1,6b7e1f5b521de19b,6f9a9c5f2856c8b3,243027.69040833774,159,0.0005640534,-1.3485864066963177e-17,0.0,0.0,0.0,0,0,1.0,0.0,0,0.0,0.0,0.0,159.0,0.0,2,1.0
12b0c437be73f9df,3,255414ab73601d72,d4f34f97b6d22a81,11276.83878630661,267,0.0016228806,0.035412615777039025,0.2188034188034188,10.0,10.0,1,1,1.2978347351951225,1.0,1,-0.003745318352059925,0.4832534072209461,9630.215018864748,121.0,0.9370858368998137,2,0.14285714285714285
12b0da525743ed1f,4,38080774be85927f,28c9c64e5918b06e,1.170863568534039,0,0.01952185,0.0,0.0,0.0,0.0,0,0,1.0,0.0,0,0.0,0.0,0.0,0.0,0.0,1,1.0
12b37fe37738de1e,3,6b7e1f5b521de19b,,5459750.127724096,282,0.06400876,0.10558497226424612,0.17985611510791366,35.0,20.0,2,1,0.9019379488099899,1.0,0,0.0035460992907801418,0.0,0.0,234.0,2.3274300714618015,7,0.3
12ba6e88cf5af53d,2,6b7e1f5b521de19b,6f9a9c5f2856c8b3,98.49392076768089,37,0.0015092511,-5.79527672066796e-17,0.0,0.0,0.0,0,0,1.0,0.0,0,0.0,0.0,0.0,37.0,0.0,2,1.0
12dbad4b10b8c8cb,2,6b7e1f5b521de19b,6f9a9c5f2856c8b3,71754.25768015352,0,0.90376544,0.0,0.0,0.0,0.0,0,0,1.0,0.0,0,0.0,0.0,0.0,0.0,0.0,1,1.0
12e8bbe790c05399,3,6b7e1f5b521de19b,,2.4198904513070483,0,0.0010706369,0.0,0.0,0.0,0.0,0,0,1.0,0.0,0,0.0,0.0,0.0,0.0,0.0,1,1.0
12f30556e6b7ed9a,3,6b7e1f5b521de19b,d4f34f97b6d22a81,924905.793761616,133,0.0019802793,-5.807685656585926e-17,0.0,0.0,0.0,0,0,1.0,0.0,0,0.0,0.008455886011725488,-0.020247857865645796,74.0,1.4341600222805608,5,0.2222222222222222
131f7f18fe49f269,2,6b7e1f5b521de19b,6f9a9c5f2856c8b3,1.170863568534039,0,0.16939978,0.0,0.0,0.0,0.0,0,0,1.0,0.0,0,0.0,0.0,0.0,0.0,0.0,2,1.0
13271c0d2e7cec91,4,7545e34e09ae9cad,28c9c64e5918b06e,1.170863568534039,0,0.0009893798,0.0,0.0,0.0,0.0,0,0,1.0,0.0,0,0.0,0.0,0.0,0.0,0.0,1,1.0
134972adcd8afce7,3,6b7e1f5b521de19b,d4f34f97b6d22a81,27629.63681469765,291,0.9711798,0.1689349242334955,-0.053297801465689576,45.0,0.0,0,0,5.047830029923463e-11,6.0,0,0.020618556701030927,0.5037508334566504,23596.656940757748,46.0,1.0958589931519094,4,0.23076923076923078
13579b708996fc8f,2,6b7e1f5b521de19b,6f9a9c5f2856c8b3,98.49392076768089,46,0.0011748961,-2.6449061861328695e-17,0.0,0.0,0.0,0,0,1.0,0.0,0,0.0,0.694572501109144,83.12074934656873,46.0,0.9999999999565218,2,0.3333333333333333
138301d77451d870,1,6b7e1f5b521de19b,,441258.0860756521,19,0.022461733,-6.403457082216421e-17,0.0,0.0,0.0,0,0,1.0,1.0,0,0.05263157894736842,0.0,0.0,19.0,0.9999999998947369,2,0.3333333333333333
13834e8b1664c5ab,5,6b7e1f5b521de19b,d4f34f97b6d22a81,1.170863568534039,0,0.0030369686,0.0,0.0,0.0,0.0,0,0,1.0,0.0,0,0.0,0.0,0.0,0.0,0.0,1,1.0
138ec4107b5dd465,2,6b7e1f5b521de19b,6f9a9c5f2856c8b3,1642.7931776275777,0,0.8936799,0.0,0.0,0.0,0.0,0,0,1.0,0.0,0,0.0,0.6318246362304297,1402.061143737191,0.0,0.0,7,1.0
139288c6dc4d1fbf,3,6b7e1f5b521de19b,,5655.969519442425,0,0.8462324,0.0,0.0,0.0,0.0,0,0,1.0,0.0,0,0.0,0.0,0.0,0.0,0.0,1,1.0
13b1f6cfaae564ab,3,6b7e1f5b521de19b,,368869.1381210446,0,0.00018865963,0.0,0.0,0.0,0.0,0,0,1.0,0.0,0,0.0,0.0,0.0,0.0,0.0,2,1.0
13b63e5789e64a9c,2,6b7e1f5b521de19b,6f9a9c5f2856c8b3,2489.780729147692,78,0.0014794222,-6.239265874980103e-17,0.0,0.0,0.0,0,0,1.0,0.0,0,0.0,0.088043064501069,0.2133295704338049,78.0,0.9999999999743591,2,0.3333333333333333
13bd136028e9c1da,5,6b7e1f5b521de19b,6f9a9c5f2856c8b3,48637.90301070944,0,0.031219918,0.0,0.0,0.0,0.0,0,0,1.0,0.0,0,0.0,0.0,0.0,0.0,0.0,1,1.0
13c9160ce6b7825c,2,6b7e1f5b521de19b,,25102.753943361105,116,0.000578008,-5.432349852323018e-17,0.0,0.0,0.0,0,0,1.0,0.0,0,0.0,0.0,0.0,53.0,0.2723373965262554,1,0.25
13d442314074b99a,1,6ab36d9b02cbcf6b,,5956.363132024651,1213,0.0128572285,-3.0010685735073336e-17,0.0,0.0,0.0,0,0,1.0,0.0,0,0.0,1.5269295736568458e-16,0.0,287.0,0.9385160409318161,3,0.5
13e52bc55f96a007,3,6b7e1f5b521de19b,d4f34f97b6d22a81,1.170863568534039,1154,0.000110838504,-0.01905293891018994,0.0,-12.0,25.0,1,0,9.792166502052359e-11,0.0,0,0.0,0.5195640786276038,-0.5161501761777588,139.0,1.1330910665176968,3,0.34615384615384615
13e9f5b12ca52255,4,255414ab73601d72,28c9c64e5918b06e,3303.290441942712,0,0.99765223,0.0,0.0,0.0,0.0,0,0,1.0,0.0,0,0.0,0.9992913437554372,2820.242825138495,0.0,0.0,2,1.0
142046eb87149ead,2,6b7e1f5b521de19b,6f9a9c5f2856c8b3,1417057.76710956,0,0.6891191,0.0,0.0,0.0,0.0,0,0,1.0,0.0,0,0.0,0.0,0.0,0.0,0.0,1,1.0
1423f9f97fa0afcd,5,6b7e1f5b521de19b,6f9a9c5f2856c8b3,566176.1388676785,0,0.31289628,0.0,0.0,0.0,0.0,0,0,1.0,0.0,0,0.0,0.0,0.0,0.0,0.0,1,1.0
142f3313f62da80b,1,6b7e1f5b521de19b,6f9a9c5f2856c8b3,1.170863568534039,0,0.99845386,0.0,0.0,0.0,0.0,0,0,1.0,0.0,0,0.0,0.0,0.0,0.0,0.0,1,1.0
143e129b4760b3a8,2,6b7e1f5b521de19b,6f9a9c5f2856c8b3,4507.698396942976,0,0.77431107,0.0,0.0,0.0,0.0,0,0,1.0,0.0,0,0.0,0.0,0.0,0.0,0.0,1,1.0
14474b19a5a52f4f,2,6b7e1f5b521de19b,6f9a9c5f2856c8b3,11264.189824104717,0,0.7388165,0.0,0.0,0.0,0.0,0,0,1.0,0.0,0,0.0,0.9997921303006632,9619.411913753424,0.0,0.0,2,1.0
14474ddc1588db0a,0,6b7e1f5b521de19b,,1.170863568534039,0,0.13945414,0.0,0.0,0.0,0.0,0,0,1.0,0.0,0,0.0,0.0,0.0,0.0,0.0,1,1.0
144d8665a6858777,2,6b7e1f5b521de19b,d4f34f97b6d22a81,84.08580196246166,0,0.8663962,0.0,0.0,0.0,0.0,0,0,1.0,0.0,0,0.0,0.0,0.0,0.0,0.0,1,1.0
1480d60ec30fcd63,3,6b7e1f5b521de19b,,147782.212188992,0,0.9912874,0.0,0.0,0.0,0.0,0,0,1.0,0.0,0,0.0,0.0,0.0,0.0,0.0,1,1.0
1492c2b5dba50263,2,6b7e1f5b521de19b,d4f34f97b6d22a81,84.08580196246166,0,0.03766709,0.0,0.0,0.0,0.0,0,0,1.0,0.0,0,0.0,0.0,0.0,0.0,0.0,1,1.0
14ba903faf250dcb,2,6b7e1f5b521de19b,6f9a9c5f2856c8b3,6985.219151138627,0,0.908064,0.0,0.0,0.0,0.0,0,0,1.0,0.0,0,0.0,0.0,0.0,0.0,0.0,6,1.0
14bb81f4357c711c,0,6b7e1f5b521de19b,6f9a9c5f2856c8b3,415.3892283045608,0,0.06333506,0.0,0.0,0.0,0.0,0,0,1.0,0.0,0,0.0,0.0,0.0,0.0,0.0,1,1.0
14ce529bf9942d9c,0,6b7e1f5b521de19b,,7827.2958077009425,36,0.07536259,-4.999219728919129e-16,0.0,0.0,0.0,0,0,1.0,0.0,0,0.0,0.43304066460587204,6684.062220785453,33.0,2.0138409952634553,5,0.2857142857142857
14da828d1ac58e26,0,6b7e1f5b521de19b,6f9a9c5f2856c8b3,1.170863568534039,0,0.11731471,0.0,0.0,0.0,0.0,0,0,1.0,0.0,0,0.0,0.0,0.0,0.0,0.0,1,1.0
14fad93f3d71e568,0,6b7e1f5b521de19b,6f9a9c5f2856c8b3,24904.198698953798,156,0.0059700436,0.04158735148413985,0.6192691029900332,2.0,23.0,1,1,1.0398629135063127,0.0,0,0.0,0.5167859851269473,-0.9192058522085003,56.0,1.02959973196257,3,0.375
14fc7c16ba9e0d4a,3,6b7e1f5b521de19b,d4f34f97b6d22a81,18753.016089742254,1,0.519544,25.000000000000025,-10.0,50.0,0.0,0,1,1.0,0.0,0,0.0,0.010421482023508804,0.024213068095150187,1.0,1.4142135581304542,4,0.5
14fcb8fc22d891f0,2,6b7e1f5b521de19b,6f9a9c5f2856c8b3,89664.46366676311,0,0.10491472,0.0,0.0,0.0,0.0,0,0,1.0,0.0,0,0.0,0.0,0.0,0.0,0.0,1,1.0
1513848815063a6f,2,6b7e1f5b521de19b,6f9a9c5f2856c8b3,1.170863568534039,0,0.18620154,0.0,0.0,0.0,0.0,0,0,1.0,0.0,0,0.0,0.0,0.0,0.0,0.0,1,1.0
151de09098e11cbb,2,6b7e1f5b521de19b,6f9a9c5f2856c8b3,1.170863568534039,0,0.00041305376,0.0,0.0,0.0,0.0,0,0,1.0,0.0,0,0.0,0.0,0.0,0.0,0.0,1,1.0
1527c0b24d0730d4,4,062b9e5a52eb6d8e,28c9c64e5918b06e,1.170863568534039,0,0.98446125,0.0,0.0,0.0,0.0,0,0,1.0,0.0,0,0.0,0.0,0.0,0.0,0.0,1,1.0
152dd1b4298cff1d,1,6b7e1f5b521de19b,d4f34f97b6d22a81,1.170863568534039,0,0.0010570326,0.0,0.0,0.0,0.0,0,0,1.0,0.0,0,0.0,0.0,0.0,0.0,0.0,1,1.0
1538bfc64f6c6a8d,0,674ec33189ed753c,,3344801.1418422326,0,0.015285175,0.0,0.0,0.0,0.0,0,0,1.0,0.0,0,0.0,0.0,0.0,0.0,0.0,1,1.0
154ca2f424f6e3d5,5,6b7e1f5b521de19b,d4f34f97b6d22a81,4286.748556449417,56,0.0007647623,7.5750758259857e-17,0.0,0.0,0.0,0,0,1.0,0.0,0,0.0,0.0,0.0,56.0,1.7320508074451593,4,0.2
1556aa59187db158,0,6b7e1f5b521de19b,6f9a9c5f2856c8b3,34.049530754318994,0,0.0096716685,0.0,0.0,0.0,0.0,0,0,1.0,0.0,0,0.0,0.9335121828146128,28.080698784530608,0.0,0.0,2,1.0
15616b1bd97eb8ae,0,6b7e1f5b521de19b,6f9a9c5f2856c8b3,98.49392076768089,3,0.23934262,3.3333333333333326,5.0,10.0,0.0,0,1,1.0825317547099154,0.0,0,0.0,0.4925922193963385,83.12074934656873,2.0,1.1055415953110779,5,0.2
1567973af7c03c29,2,6b7e1f5b521de19b,6f9a9c5f2856c8b3,1.170863568534039,0,0.94368356,0.0,0.0,0.0,0.0,0,0,1.0,0.0,0,0.0,0.0,0.0,0.0,0.0,1,1.0
156f3055419465f4,4,6b7e1f5b521de19b,28c9c64e5918b06e,2250063.3066378105,0,0.0027238335,0.0,0.0,0.0,0.0,0,0,1.0,0.0,0,0.0,0.0,0.0,0.0,0.0,1,1.0
157024f1e3127767,2,6b7e1f5b521de19b,6f9a9c5f2856c8b3,75086.53269896151,0,0.28640607,0.0,0.0,0.0,0.0,0,0,1.0,0.0,0,0.0,0.0,0.0,0.0,0.0,3,1.0
1570dbedb633ae4f,0,6b7e1f5b521de19b,6f9a9c5f2856c8b3,1.170863568534039,0,0.18243243,0.0,0.0,0.0,0.0,0,0,1.0,0.0,0,0.0,0.0,0.0,0.0,0.0,1,1.0
157776bc628aaaee,2,6b7e1f5b521de19b,,35845.270270304114,502,8.4819854e-05,-0.002623241595678063,-0.043305728088336784,0.0,5.0,1,-1,0.9185586535782446,1.0,0,0.00199203187250996,2.235629810402283,30613.38687957779,190.0,0.6708919661262732,2,0.16666666666666666
157905900defd1f1,5,6b7e1f5b521de19b,d4f34f97b6d22a81,3228.770236528937,0,0.032892138,0.0,0.0,0.0,0.0,0,0,1.0,0.0,0,0.0,0.0,0.0,0.0,0.0,1,1.0
157d055cb658162e,5,6b7e1f5b521de19b,d4f34f97b6d22a81,422246.0096223643,0,0.5289882,0.0,0.0,0.0,0.0,0,0,1.0,0.0,0,0.0,0.0,0.0,0.0,0.0,1,1.0
15b5d599d054db72,5,6b7e1f5b521de19b,6f9a9c5f2856c8b3,1589202.6235374336,0,0.51728654,0.0,0.0,0.0,0.0,0,0,1.0,0.0,0,0.0,0.0,0.0,0.0,0.0,1,1.0
15c3e13a39f8c1e2,2,6b7e1f5b521de19b,,1348.7192102922918,0,0.9987478,0.0,0.0,0.0,0.0,0,0,1.0,0.0,0,0.0,0.0,0.0,0.0,0.0,1,1.0
15ccada5a1bc0d53,0,6b7e1f5b521de19b,6f9a9c5f2856c8b3,4386.532748246311,114,0.0138336085,-1.981958606596188e-16,0.0,0.0,0.0,0,0,1.0,0.0,0,0.0,0.0,0.0,49.0,1.0041465277544614,3,0.2857142857142857
15e129ac3c09a430,4,75c64824a2a4e380,28c9c64e5918b06e,1.170863568534039,0,0.018317813,0.0,0.0,0.0,0.0,0,0,1.0,0.0,0,0.0,0.0,0.0,0.0,0.0,1,1.0
15f0703d53cba9ae,3,6b7e1f5b521de19b,,3955.474242581648,0,0.0034957326,0.0,0.0,0.0,0.0,0,0,1.0,0.0,0,0.0,0.0,0.0,0.0,0.0,1,1.0
15f66e6cb3621b1f,2,6b7e1f5b521de19b,6f9a9c5f2856c8b3,443371.2065453849,0,0.024298007,0.0,0.0,0.0,0.0,0,0,1.0,0.0,0,0.0,0.0,0.0,0.0,0.0,1,1.0
15fe7be4913db0cb,1,6b7e1f5b521de19b,,55579.12272625689,0,0.10424196,0.0,0.0,0.0,0.0,0,0,1.0,0.0,0,0.0,0.0,0.0,0.0,0.0,1,1.0
160e73680df9a11a,3,6b7e1f5b521de19b,,1.170863568534039,0,0.075798534,0.0,0.0,0.0,0.0,0,0,1.0,0.0,0,0.0,0.0,0.0,0.0,0.0,1,1.0
161ebc79d8733c71,5,6b7e1f5b521de19b,6f9a9c5f2856c8b3,98.49392076768089,0,0.10412533,0.0,0.0,0.0,0.0,0,0,1.0,0.0,0,0.0,0.0,0.0,0.0,0.0,1,1.0
163f78d59be3ccac,0,6b7e1f5b521de19b,6f9a9c5f2856c8b3,25234.815848044836,0,0.021014998,0.0,0.0,0.0,0.0,0,0,1.0,0.0,0,0.0,0.9999072068326144,21551.311068692386,0.0,0.0,2,1.0
16510bf0e59406eb,4,7545e34e09ae9cad,28c9c64e5918b06e,1683989.4910996791,0,0.00090185273,0.0,0.0,0.0,0.0,0,0,1.0,0.0,0,0.0,0.9999986094179784,1438244.6986069619,0.0,0.0,2,1.0
1668c07c47f1ef6c,0,6b7e1f5b521de19b,6f9a9c5f2856c8b3,4854.049577612525,154,0.0021152806,-3.3471516356596745e-18,0.0,0.0,0.0,0,0,1.0,0.0,0,0.0,0.0,0.0,87.0,0.9088125733229351,2,0.4
166eea86a7a259b8,5,6b7e1f5b521de19b,,6091.577363923724,16,0.6851255,-9.321588667406245e-17,0.0,0.0,0.0,0,0,1.0,1.0,0,0.0625,0.7069029310275092,5201.636351176753,16.0,1.999999999375,5,0.16666666666666666
16777e490ae2f597,0,6b7e1f5b521de19b,6f9a9c5f2856c8b3,1.170863568534039,0,0.5391173,0.0,0.0,0.0,0.0,0,0,1.0,0.0,0,0.0,0.0,0.0,0.0,0.0,1,1.0
167c112fda99c4ee,2,6b7e1f5b521de19b,6f9a9c5f2856c8b3,98.49392076768089,0,0.013956111,0.0,0.0,0.0,0.0,0,0,1.0,0.0,0,0.0,0.0,0.0,0.0,0.0,1,1.0
167f92ecba6e46a1,3,6b7e1f5b521de19b,,35845.270270304114,14,0.009366268,0.0,0.0,0.0,0.0,0,0,1.0,0.0,0,0.0,0.0,0.0,0.0,0.0,1,1.0
16872422fc1968b1,3,6b7e1f5b521de19b,,35845.270270304114,0,0.0007464311,0.0,0.0,0.0,0.0,0,0,1.0,0.0,0,0.0,0.0,0.0,0.0,0.0,1,1.0
168a64fccf1f651d,3,6b7e1f5b521de19b,d4f34f97b6d22a81,175.77960801338187,0,0.022049882,0.0,0.0,0.0,0.0,0,0,1.0,0.0,0,0.0,0.0,0.0,0.0,0.0,1,1.0
16a86e0e907a7b35,0,6b7e1f5b521de19b,6f9a9c5f2856c8b3,1096985.0763761601,49,0.18870507,0.3370690473929147,-1.9333333333333333,29.0,0.0,0,0,9.34198732906555e-11,2.0,0,0.04081632653061224,0.03740259925454513,-0.09871057836501777,27.0,0.9383317495020191,3,0.16666666666666666
16aa074a6ab9478e,5,6b7e1f5b521de19b,d4f34f97b6d22a81,1.170863568534039,0,0.65319353,0.0,0.0,0.0,0.0,0,0,1.0,0.0,0,0.0,0.0,0.0,0.0,0.0,1,1.0
16b1e197828eb854,0,6b7e1f5b521de19b,6f9a9c5f2856c8b3,1.170863568534039,0,0.006282152,0.0,0.0,0.0,0.0,0,0,1.0,0.0,0,0.0,0.0,0.0,0.0,0.0,1,1.0
16b8899766e7515c,3,6b7e1f5b521de19b,6f9a9c5f2856c8b3,6852.59644268992,0,0.025242437,0.0,0.0,0.0,0.0,0,0,1.0,0.0,0,0.0,0.0,0.0,0.0,0.0,1,1.0
16c088faabaf9e1d,2,6b7e1f5b521de19b,6f9a9c5f2856c8b3,98.49392076768089,57,0.00074677943,-2.1344856940721404e-17,0.0,0.0,0.0,0,0,1.0,0.0,0,0.0,0.694572501109144,83.12074934656873,57.0,0.9999999999649123,2,0.3333333333333333
16c2d01fd9ed8724,0,6b7e1f5b521de19b,6f9a9c5f2856c8b3,50730.350360211196,0,0.09729839,0.0,0.0,0.0,0.0,0,0,1.0,0.0,0,0.0,0.0,0.0,0.0,0.0,1,1.0
16c9ebd0640f23c0,3,6b7e1f5b521de19b,,35845.270270304114,0,0.002039606,0.0,0.0,0.0,0.0,0,0,1.0,0.0,0,0.0,0.0,0.0,0.0,0.0,1,1.0
16d1cd1b3dc4c997,2,6b7e1f5b521de19b,6f9a9c5f2856c8b3,591340.4281124335,0,0.14948498,0.0,0.0,0.0,0.0,0,0,1.0,0.0,0,0.0,0.0,0.0,0.0,0.0,2,1.0
16d35556fc667b31,0,6b7e1f5b521de19b,,23400.261791934005,0,0.0034569944,0.0,0.0,0.0,0.0,0,0,1.0,0.0,0,0.0,0.0,0.0,0.0,0.0,1,1.0
16dc28a35be4619e,4,062b9e5a52eb6d8e,28c9c64e5918b06e,1.170863568534039,0,0.0023241928,0.0,0.0,0.0,0.0,0,0,1.0,0.0,0,0.0,0.0,0.0,0.0,0.0,1,1.0
16e8139bdfd441dc,0,6b7e1f5b521de19b,6f9a9c5f2856c8b3,1041.7986257683767,0,0.037924364,0.0,0.0,0.0,0.0,0,0,1.0,0.0,0,0.0,0.0,0.0,0.0,0.0,1,1.0
16ebbd2f200bbd38,2,6b7e1f5b521de19b,6f9a9c5f2856c8b3,98.49392076768089,21,0.0068469415,1.4456021237677883e-16,0.0,0.0,0.0,0,0,1.0,0.0,0,0.0,0.0,0.0,21.0,1.4142135621710645,3,0.25
16f4f113e6763881,1,6b7e1f5b521de19b,6f9a9c5f2856c8b3,243027.69040833774,159,0.00053024944,1.9092858238442487e-17,0.0,0.0,0.0,0,0,1.0,0.0,0,0.0,0.9999903644072278,207561.77412629442,159.0,1.4142135623464118,3,0.25
16fbb3852374e837,2,6b7e1f5b521de19b,,1.170863568534039,0,0.0145026585,0.0,0.0,0.0,0.0,0,0,1.0,0.0,0,0.0,0.0,0.0,0.0,0.0,1,1.0
1711bcdaa39f25e9,4,d94a77dffd98d647,28c9c64e5918b06e,51689.05721294546,950,3.8388138e-05,-0.002957011285454483,-0.016129032258064516,-2.0,8.0,0,-1,2.123328218704943,0.0,0,0.0,0.28776947916825024,-0.44977668445742885,186.0,1.1675520713321714,6,0.21739130434782608
17287abc9ca0b71a,3,6b7e1f5b521de19b,,4284.39609012459,0,0.8028036,0.0,0.0,0.0,0.0,0,0,1.0,0.0,0,0.0,0.0,0.0,0.0,0.0,1,1.0
17337d22dec0b6ed,3,6b7e1f5b521de19b,,159208.65214788017,0,0.011074974,0.0,0.0,0.0,0.0,0,0,1.0,0.0,0,0.0,0.0,0.0,0.0,0.0,1,1.0
1733a87cbacbd8a9,2,6b7e1f5b521de19b,6f9a9c5f2856c8b3,11618.05368446915,0,0.82309943,0.0,0.0,0.0,0.0,0,0,1.0,0.0,0,0.0,0.0,0.0,0.0,0.0,2,1.0
174c2d394d5e6bd1,3,6b7e1f5b521de19b,,1.170863568534039,0,0.001673757,0.0,0.0,0.0,0.0,0,0,1.0,0.0,0,0.0,0.0,0.0,0.0,0.0,1,1.0
1754b4cc1c126479,2,6b7e1f5b521de19b,,4866.2439698906965,0,0.0019334843,0.0,0.0,0.0,0.0,0,0,1.0,0.0,0,0.0,0.0,0.0,0.0,0.0,1,1.0
1764db3f9078dd5c,4,062b9e5a52eb6d8e,28c9c64e5918b06e,1.170863568534039,0,0.18345122,0.0,0.0,0.0,0.0,0,0,1.0,0.0,0,0.0,0.0,0.0,0.0,0.0,1,1.0
17670bd84642869e,3,6b7e1f5b521de19b,,25504.58668475133,0,0.63571525,0.0,0.0,0.0,0.0,0,0,1.0,0.0,0,0.0,0.0,0.0,0.0,0.0,1,1.0
178513829e0fb935,5,6b7e1f5b521de19b,6f9a9c5f2856c8b3,1.170863568534039,0,0.21493253,0.0,0.0,0.0,0.0,0,0,1.0,0.0,0,0.0,0.0,0.0,0.0,0.0,1,1.0
178fce3b440af16b,5,6b7e1f5b521de19b,d4f34f97b6d22a81,221126.11385565557,229,0.08004955,2.1710319699206986e-17,0.0,0.0,0.0,0,0,1.0,0.0,0,0.0,0.2972864356000261,-0.5378551484077682,111.0,1.7547522965249274,4,0.42857142857142855
1798f77ef685a500,3,6b7e1f5b521de19b,,9648.963805727817,0,0.0009997216,0.0,0.0,0.0,0.0,0,0,1.0,0.0,0,0.0,0.0,0.0,0.0,0.0,1,1.0
179e7b97c645701a,0,6b7e1f5b521de19b,6f9a9c5f2856c8b3,1096681.541053269,0,0.1017787,0.0,-30.0,30.0,0.0,0,1,1.0,0.0,0,0.0,0.7071056487815188,936642.3208152096,0.0,0.0,3,1.0
179ebdfb1156fc19,5,6b7e1f5b521de19b,d4f34f97b6d22a81,1.170863568534039,0,0.010790206,0.0,0.0,0.0,0.0,0,0,1.0,0.0,0,0.0,0.0,0.0,0.0,0.0,1,1.0
17a42c3cc72abe3d,0,062b9e5a52eb6d8e,,182915.91620557962,468,0.039373737,0.08940119949384304,-0.1891891891891892,70.0,0.0,0,0,4.213504857824386e-11,0.0,0,0.0,0.0,0.0,186.0,1.0309424950984372,2,0.5714285714285714
17b0b6f704c78118,2,6b7e1f5b521de19b,6f9a9c5f2856c8b3,98.49392076768089,0,0.078677684,0.0,0.0,0.0,0.0,0,0,1.0,0.0,0,0.0,0.0,0.0,0.0,0.0,1,1.0
17b1e22b82d9ea97,0,6b7e1f5b521de19b,,2521022.25580936,0,0.9988226,0.0,0.0,0.0,0.0,0,0,1.0,0.0,0,0.0,0.14686884781056417,0.3443054386975482,0.0,0.0,4,1.0
17dd8e8814539d3e,5,6b7e1f5b521de19b,,11264.189824104717,0,0.10251272,0.0,0.0,0.0,0.0,0,0,1.0,0.0,0,0.0,0.0,0.0,0.0,0.0,1,1.0
17ddb4d99b389754,2,6b7e1f5b521de19b,6f9a9c5f2856c8b3,654.7986671275198,0,0.037303105,0.0,0.0,0.0,0.0,0,0,1.0,0.0,0,0.0,0.0,0.0,0.0,0.0,1,1.0
17df2819050fed9b,2,6b7e1f5b521de19b,6f9a9c5f2856c8b3,2253.1771345233396,0,0.07703707,0.0,0.0,0.0,0.0,0,0,1.0,0.0,0,0.0,0.0,0.0,0.0,0.0,1,1.0
17fa530ebdb32f3a,2,6b7e1f5b521de19b,6f9a9c5f2856c8b3,760753.8886393537,0,0.089979306,0.0,0.0,0.0,0.0,0,0,1.0,0.0,0,0.0,0.0,0.0,0.0,0.0,1,1.0
17ffb7ece2a20b6c,5,6b7e1f5b521de19b,d4f34f97b6d22a81,27174.269379384634,0,0.014559717,0.0,0.0,0.0,0.0,0,0,1.0,0.0,0,0.0,0.0,0.0,0.0,0.0,1,1.0
1800daf5ec0be4b4,3,6b7e1f5b521de19b,,3391.863497755878,639,0.00018533316,-0.014395554585592628,-0.053763440860215055,-10.0,20.0,0,-1,1.5062370330511596,0.0,0,0.0,1.3407006242650968e-16,0.0,122.0,0.5305348970256387,1,0.2727272727272727
1803db8d1ec02979,2,6b7e1f5b521de19b,6f9a9c5f2856c8b3,1.170863568534039,0,0.51612407,0.0,0.0,0.0,0.0,0,0,1.0,0.0,0,0.0,0.0,0.0,0.0,0.0,1,1.0
1819cfe9b6b789b1,5,6b7e1f5b521de19b,6f9a9c5f2856c8b3,1.170863568534039,0,0.5458551,0.0,0.0,0.0,0.0,0,0,1.0,0.0,0,0.0,0.0,0.0,0.0,0.0,1,1.0
181d7243db152d4c,3,6b7e1f5b521de19b,,25102.753943361105,0,0.0027448705,0.0,0.0,0.0,0.0,0,0,1.0,0.0,0,0.0,0.0,0.0,0.0,0.0,1,1.0
18229f0a60a6595e,2,6b7e1f5b521de19b,6f9a9c5f2856c8b3,9721.332606136886,0,0.99176496,0.0,0.0,0.0,0.0,0,0,1.0,0.0,0,0.0,0.0,0.0,0.0,0.0,1,1.0
182c912b00e66c8a,3,6b7e1f5b521de19b,,89664.46366676311,32,0.0005967467,-7.5027982489789e-17,0.0,0.0,0.0,0,0,1.0,0.0,0,0.0,0.0,0.0,15.0,0.9611597810516749,3,0.3333333333333333
1839b0f19b582a1f,3,6b7e1f5b521de19b,,54608.54408792734,0,0.106308274,0.0,0.0,0.0,0.0,0,0,1.0,0.0,0,0.0,0.0,0.0,0.0,0.0,2,1.0
1843874439d2fb87,2,6b7e1f5b521de19b,6f9a9c5f2856c8b3,322.29444773385916,0,0.082884274,0.0,0.0,0.0,0.0,0,0,1.0,0.0,0,0.0,0.0,0.0,0.0,0.0,2,1.0
18445036bdbdb79c,5,6b7e1f5b521de19b,6f9a9c5f2856c8b3,112219.56174148555,0,0.28003427,0.0,0.0,0.0,0.0,0,0,1.0,0.0,0,0.0,0.0,0.0,0.0,0.0,1,1.0
186e8d004d5383e4,2,6b7e1f5b521de19b,6f9a9c5f2856c8b3,314958.705108167,221,0.052772958,6.0278812197021564e-18,0.0,0.0,0.0,0,0,1.0,2.0,1,0.004524886877828055,1.2373348854183195,7.786618226982471,105.0,1.722009298814048,4,0.36363636363636365
18702d0f3c9fa383,3,6b7e1f5b521de19b,d4f34f97b6d22a81,589746.0012516237,21,0.01169058,-1.0210725650700691e-16,0.0,0.0,0.0,0,0,1.0,0.0,0,0.0,0.0,0.0,21.0,0.0,2,1.0
18732553412483a4,2,6b7e1f5b521de19b,6f9a9c5f2856c8b3,25092.536550421097,0,0.8531995,0.0,0.0,0.0,0.0,0,0,1.0,0.0,0,0.0,0.9999066807028376,21429.794521891057,0.0,0.0,2,1.0
187ba45583d87db0,3,6b7e1f5b521de19b,,9648.963805727817,0,0.00020767408,0.0,0.0,0.0,0.0,0,0,1.0,0.0,0,0.0,0.0,0.0,0.0,0.0,1,1.0
188f08708a58f6d5,0,6b7e1f5b521de19b,6f9a9c5f2856c8b3,969.7093007421819,92,0.016936835,-1.8911625207454674e-17,0.0,0.0,0.0,0,0,1.0,2.0,0,0.021739130434782608,0.07140550799502152,0.16247191245927542,29.0,0.9143365584005653,4,0.125
18ae872cb24efbdf,5,6b7e1f5b521de19b,6f9a9c5f2856c8b3,1.170863568534039,0,0.16867363,0.0,0.0,0.0,0.0,0,0,1.0,0.0,0,0.0,0.0,0.0,0.0,0.0,1,1.0
18bd00025a0e45ac,2,6b7e1f5b521de19b,6f9a9c5f2856c8b3,64.10035007555453,0,0.9642976,0.0,0.0,0.0,0.0,0,0,1.0,0.0,0,0.0,0.0,0.0,0.0,0.0,1,1.0
18e5549c8597caef,3,6b7e1f5b521de19b,,5655.969519442425,0,0.7823178,0.0,0.0,0.0,0.0,0,0,1.0,0.0,0,0.0,0.0,0.0,0.0,0.0,1,1.0
18ec0d3fcbc525b2,3,6b7e1f5b521de19b,,183127.89167286997,0,0.08592886,0.0,0.0,0.0,0.0,0,0,1.0,0.0,0,0.0,0.0,0.0,0.0,0.0,1,1.0
19071416203c5c4a,2,6b7e1f5b521de19b,6f9a9c5f2856c8b3,98.49392076768089,0,0.013956111,0.0,0.0,0.0,0.0,0,0,1.0,0.0,0,0.0,0.0,0.0,0.0,0.0,1,1.0
190c280b4a558717,5,6b7e1f5b521de19b,d4f34f97b6d22a81,1.170863568534039,0,0.02147265,0.0,0.0,0.0,0.0,0,0,1.0,0.0,0,0.0,0.0,0.0,0.0,0.0,1,1.0
191275563c24f941,3,6b7e1f5b521de19b,,9648.963805727817,0,0.00022020497,0.0,0.0,0.0,0.0,0,0,1.0,0.0,0,0.0,0.0,0.0,0.0,0.0,1,1.0
192bab5f5655042a,0,6b7e1f5b521de19b,,15826603.332329372,736,0.0031575346,1.0573621962170199e-17,0.0,0.0,0.0,0,0,1.0,0.0,0,0.0,0.3612027050166016,-0.24807287771876838,374.0,1.3773408176548676,4,0.2
19391df917482279,3,6b7e1f5b521de19b,,20371.70242597519,0,0.42354378,0.0,-20.0,40.0,0.0,0,1,0.34718253746704875,0.0,0,0.0,0.44718275153354947,17397.869495513685,0.0,0.0,6,1.0
193d2973d4f633f9,4,255414ab73601d72,28c9c64e5918b06e,222219.5915572343,47,0.0020101345,-6.756829386570072e-17,0.0,0.0,0.0,0,0,1.0,0.0,0,0.0,0.21777546049566607,0.3580079745132913,22.0,1.0186135490896382,3,0.375
193f1e18656a165c,2,6b7e1f5b521de19b,6f9a9c5f2856c8b3,93879.49691870152,230,0.026085338,3.215116346358263e-17,0.0,0.0,0.0,0,0,1.0,0.0,0,0.0,0.0,0.0,214.0,1.8310491584466486,4,0.16666666666666666
194180032ed3211c,0,6b7e1f5b521de19b,6f9a9c5f2856c8b3,1124332.9123435305,47,0.0019899027,3.010849823517975e-16,0.0,0.0,0.0,0,0,1.0,0.0,0,0.0,0.12842039676783362,-0.24974245382102672,43.0,0.8297872340072431,2,0.3333333333333333
1945c2e6cd3eb615,3,6b7e1f5b521de19b,d4f34f97b6d22a81,9719.22415221512,16,0.3620513,0.6535269709543567,0.625,10.0,0.0,0,1,1.0206207261554485,1.0,0,0.0625,0.7802568481605049,8299.902353964195,11.0,1.1319231419841964,4,0.2
19504e729bcfbe91,2,6b7e1f5b521de19b,6f9a9c5f2856c8b3,501.20046106510154,0,0.01625788,0.0,0.0,0.0,0.0,0,0,1.0,0.0,0,0.0,0.0,0.0,0.0,0.0,1,1.0
19663bba9cbc7ca9,5,6b7e1f5b521de19b,d4f34f97b6d22a81,76949.53166074716,0,0.34977046,0.0,0.0,0.0,0.0,0,0,1.0,0.0,0,0.0,0.0,0.0,0.0,0.0,1,1.0
1973c1dc59dcc215,5,6b7e1f5b521de19b,6f9a9c5f2856c8b3,1.170863568534039,0,0.8819825,0.0,0.0,0.0,0.0,0,0,1.0,0.0,0,0.0,0.0,0.0,0.0,0.0,1,1.0
197cfa523078fa7f,2,6b7e1f5b521de19b,d4f34f97b6d22a81,745.839339765621,0,0.65954494,0.0,0.0,0.0,0.0,0,0,1.0,0.0,0,0.0,0.0,0.0,0.0,0.0,1,1.0
19af3c4064ac053c,4,fd10c5543bdbcbc9,28c9c64e5918b06e,1.170863568534039,0,0.0013153559,0.0,0.0,0.0,0.0,0,0,1.0,0.0,0,0.0,0.0,0.0,0.0,0.0,1,1.0
19b28b940ce40a7b,3,6b7e1f5b521de19b,d4f34f97b6d22a81,1.170863568534039,0,0.0996193,0.0,0.0,0.0,0.0,0,0,1.0,0.0,0,0.0,0.0,0.0,0.0,0.0,1,1.0
19b294cc64caafa6,3,75c64824a2a4e380,2095e0b55fdf3180,87952.80359536786,25,0.028962307,1.0666666666666667,40.0,40.0,0.0,0,1,1.0206207261586053,1.0,1,-0.04,1.195363774829716,67.33499755141311,25.0,1.732050807291749,3,0.6
19b49841824ce8a0,3,6b7e1f5b521de19b,,2.4198904513070483,0,0.013568159,0.0,0.0,0.0,0.0,0,0,1.0,0.0,0,0.0,0.0,0.0,0.0,0.0,2,1.0
19d3c117616f367b,3,6b7e1f5b521de19b,,35845.270270304114,0,0.0013741356,0.0,0.0,0.0,0.0,0,0,1.0,0.0,0,0.0,0.0,0.0,0.0,0.0,1,1.0
19f0dd4c00b94e22,0,6b7e1f5b521de19b,6f9a9c5f2856c8b3,1846.8922318328155,0,0.053631328,0.0,0.0,0.0,0.0,0,0,1.0,0.0,0,0.0,0.0,0.0,0.0,0.0,2,1.0
1a1501e0d498dadf,6,6b7e1f5b521de19b,,1.170863568534039,0,0.99848074,0.0,0.0,0.0,0.0,0,0,1.0,0.0,0,0.0,0.0,0.0,0.0,0.0,1,1.0
1a2313d53d35deb6,4,e366e0e543d0c5cd,28c9c64e5918b06e,1.170863568534039,0,0.010431659,0.0,0.0,0.0,0.0,0,0,1.0,0.0,0,0.0,0.0,0.0,0.0,0.0,1,1.0
1a29512e64091461,5,6b7e1f5b521de19b,,1.170863568534039,0,0.015195355,0.0,0.0,0.0,0.0,0,0,1.0,0.0,0,0.0,0.0,0.0,0.0,0.0,1,1.0
1a2c8b1941943b24,2,6b7e1f5b521de19b,6f9a9c5f2856c8b3,98.49392076768089,24,0.0005972221,-8.934384944363104e-17,0.0,0.0,0.0,0,0,1.0,0.0,0,0.0,0.0,0.0,24.0,0.0,2,1.0
1a33c46cd043cd4b,2,6b7e1f5b521de19b,6f9a9c5f2856c8b3,1328317.9961364814,0,0.06725328,0.0,0.0,0.0,0.0,0,0,1.0,0.0,0,0.0,0.0,0.0,0.0,0.0,1,1.0
1a4f66bd754acd6b,2,6b7e1f5b521de19b,6f9a9c5f2856c8b3,32.484953280249805,0,0.65853125,0.0,0.0,0.0,0.0,0,0,1.0,0.0,0,0.0,0.9304213251025717,26.744439363607558,0.0,0.0,2,1.0
1a7ec387dc21add0,3,6b7e1f5b521de19b,,2.4198904513070483,0,0.0020698179,0.0,0.0,0.0,0.0,0,0,1.0,0.0,0,0.0,0.0,0.0,0.0,0.0,1,1.0
1a8f491b5b20d195,6,6b7e1f5b521de19b,,1.170863568534039,13,0.026620708,-1.815200468221311e-16,0.0,0.0,0.0,0,0,1.0,0.0,0,0.0,0.0,0.0,13.0,0.0,2,1.0
1aa63a24b0ed75fe,3,6b7e1f5b521de19b,,1.170863568534039,0,0.048755948,0.0,0.0,0.0,0.0,0,0,1.0,0.0,0,0.0,0.0,0.0,0.0,0.0,1,1.0
1ae2f2354dc561e2,1,6b7e1f5b521de19b,,8510.551032505591,0,0.99879277,0.0,0.0,0.0,0.0,0,0,1.0,3.0,0,0.0,0.0,0.0,0.0,0.0,2,1.0
1b03a31f3a787d9c,3,6b7e1f5b521de19b,,557021.7052568932,0,0.0021927592,0.0,0.0,0.0,0.0,0,0,1.0,0.0,0,0.0,0.0,0.0,0.0,0.0,1,1.0
1b10a66dfd040b85,4,ddbd249e57ed6b40,28c9c64e5918b06e,1.170863568534039,0,0.002182811,0.0,0.0,0.0,0.0,0,0,1.0,0.0,0,0.0,0.0,0.0,0.0,0.0,1,1.0
1b1d1f8335b4aeca,2,6b7e1f5b521de19b,,263999.29512211593,10,0.07288702,-8.030989138966111e-16,0.0,0.0,0.0,0,0,1.0,0.0,0,0.0,0.0,0.0,10.0,0.9999999998,2,0.6666666666666666
1b206987817ad271,3,6b7e1f5b521de19b,,1.170863568534039,0,0.002864349,0.0,0.0,0.0,0.0,0,0,1.0,0.0,0,0.0,0.0,0.0,0.0,0.0,2,1.0
1b2dccd94b26b1e0,1,6b7e1f5b521de19b,,5083.8994500666495,0,0.074222915,0.0,0.0,0.0,0.0,0,0,1.0,0.0,0,0.0,0.0,0.0,0.0,0.0,1,1.0
1b3113ee66943864,5,6b7e1f5b521de19b,6f9a9c5f2856c8b3,3375.9648411895887,0,0.11471313,0.0,0.0,0.0,0.0,0,0,1.0,0.0,0,0.0,0.0,0.0,0.0,0.0,1,1.0
1b36562045596a6f,0,6b7e1f5b521de19b,6f9a9c5f2856c8b3,1209.3083576602414,0,0.083126046,0.0,0.0,0.0,0.0,0,0,1.0,0.0,0,0.0,0.9980654544927363,1031.8345591744192,0.0,0.0,2,1.0
1b44dd0b78f20512,2,6b7e1f5b521de19b,6f9a9c5f2856c8b3,1100.311736085542,39,0.0063460167,-2.7928389420136206e-16,0.0,0.0,0.0,0,0,1.0,0.0,0,0.0,0.7059787118345352,938.7437631979358,39.0,0.9999999999487179,2,0.3333333333333333
1b4a69df29ab4425,5,6b7e1f5b521de19b,,1.170863568534039,0,0.003411206,0.0,0.0,0.0,0.0,0,0,1.0,0.0,0,0.0,0.0,0.0,0.0,0.0,1,1.0
1b4c3b6f530c2f4d,5,6b7e1f5b521de19b,6f9a9c5f2856c8b3,175035.6008625834,0,0.2664886,0.0,0.0,0.0,0.0,0,0,1.0,1.0,0,0.0,0.0,0.0,0.0,0.0,5,1.0
1b503718e2e5435f,2,6b7e1f5b521de19b,6f9a9c5f2856c8b3,276968.13241797814,0,0.15638687,0.0,0.0,0.0,0.0,0,0,1.0,0.0,0,0.0,0.9999915451744603,236549.3034352257,0.0,0.0,2,1.0
1b5572e044c130cf,0,6b7e1f5b521de19b,6f9a9c5f2856c8b3,1.170863568534039,0,0.24061558,0.0,0.0,0.0,0.0,0,0,1.0,0.0,0,0.0,0.0,0.0,0.0,0.0,1,1.0
1b87dcfc8d130fff,6,6b7e1f5b521de19b,,645048.5952932263,0,0.014101172,0.0,0.0,0.0,0.0,0,0,1.0,0.0,0,0.0,0.0,0.0,0.0,0.0,2,1.0
1b8c03e0da33654a,3,6b7e1f5b521de19b,,2599.6232031936843,0,0.000846183,0.0,0.0,0.0,0.0,0,0,1.0,0.0,0,0.0,0.0,0.0,0.0,0.0,2,1.0
1b8d6240ba1e2008,2,6b7e1f5b521de19b,6f9a9c5f2856c8b3,98.49392076768089,0,0.053343173,0.0,0.0,0.0,0.0,0,0,1.0,0.0,0,0.0,0.0,0.0,0.0,0.0,1,1.0
1ba252c08474c80d,3,6b7e1f5b521de19b,,89664.46366676311,0,0.020004105,0.0,0.0,0.0,0.0,0,0,1.0,0.0,0,0.0,0.0,0.0,0.0,0.0,2,1.0
1ba3dc80a18b5917,1,6b7e1f5b521de19b,,1.170863568534039,0,0.0003691141,0.0,0.0,0.0,0.0,0,0,1.0,0.0,0,0.0,0.0,0.0,0.0,0.0,2,1.0
1bad2c10067b777d,3,6b7e1f5b521de19b,d4f34f97b6d22a81,17479.289930812254,62,0.20229599,0.5404180307227398,1.1153846153846154,29.0,0.0,0,1,1.060660171775384,3.0,0,0.04838709677419355,1.0170864100696215,14927.545392096295,14.0,0.14957449185077146,1,0.3333333333333333
1bbfb9fec9e4c1ac,4,255414ab73601d72,,1.170863568534039,0,0.06365437,0.0,0.0,0.0,0.0,0,0,1.0,0.0,0,0.0,0.0,0.0,0.0,0.0,1,1.0
1bcf4a9ca773bf6d,2,6b7e1f5b521de19b,6f9a9c5f2856c8b3,58815.20763973792,0,0.40552884,0.0,0.0,0.0,0.0,0,0,1.0,0.0,0,0.0,0.0,0.0,0.0,0.0,1,1.0
1be9bcd2abf17f92,3,6b7e1f5b521de19b,6f9a9c5f2856c8b3,11295.704559262174,10,0.46626624,4.347629110959063e-15,0.0,0.0,0.0,0,0,1.0,0.0,0,0.0,0.012285512746969311,0.02487664786843032,9.0,1.2083045969969657,3,0.25
1bf5e6810929350e,0,6b7e1f5b521de19b,6f9a9c5f2856c8b3,102987.27806999799,5,0.5448014,2.9781807281539906e-15,0.0,0.0,0.0,0,0,1.0,0.0,0,0.0,0.025714118212671513,-0.0535737701817313,3.0,0.19999999992,3,0.3333333333333333
1c131e94c30a5808,5,6b7e1f5b521de19b,d4f34f97b6d22a81,1.170863568534039,0,0.019092554,0.0,0.0,0.0,0.0,0,0,1.0,0.0,0,0.0,0.0,0.0,0.0,0.0,1,1.0
1c1d4634e329c65b,2,6b7e1f5b521de19b,6f9a9c5f2856c8b3,98.49392076768089,0,0.014675709,0.0,0.0,0.0,0.0,0,0,1.0,0.0,0,0.0,0.0,0.0,0.0,0.0,1,1.0
1c2aa23dd6fdc0eb,5,6b7e1f5b521de19b,,2351791.856538048,0,0.034455422,0.0,0.0,0.0,0.0,0,0,1.0,0.0,0,0.0,0.0,0.0,0.0,0.0,1,1.0
1c3b7e8f51f7c2be,5,6b7e1f5b521de19b,d4f34f97b6d22a81,1.170863568534039,0,0.06823974,0.0,0.0,0.0,0.0,0,0,1.0,0.0,0,0.0,0.0,0.0,0.0,0.0,1,1.0
1c423910ce4cb588,4,255414ab73601d72,28c9c64e5918b06e,409776.13308768405,0,0.09815401,0.0,0.0,0.0,0.0,0,0,1.0,0.0,0,0.0,0.0,0.0,0.0,0.0,1,1.0
1c582f212ec0c2f7,0,9cd083484517be1d,,7622.2759197919995,0,0.2069336,0.0,0.0,0.0,0.0,0,0,1.0,0.0,0,0.0,0.0,0.0,0.0,0.0,1,1.0
1c618a27ce71e1a0,2,6b7e1f5b521de19b,6f9a9c5f2856c8b3,5233.499748022433,0,0.40162292,0.0,0.0,0.0,0.0,0,0,1.0,0.0,0,0.0,0.4664536702095554,4468.777597209684,0.0,0.0,6,1.0
1c990783bdb0b5e0,0,6b7e1f5b521de19b,6f9a9c5f2856c8b3,13666.658159368695,0,0.00016585918,0.0,10.0,-10.0,10.0,0,0,1.0,0.0,0,0.0,0.5772843199688007,11671.289177533994,0.0,0.0,4,1.0
1c9d7fc42b7a82b5,2,6b7e1f5b521de19b,,2351791.856538048,0,0.0031078707,0.0,0.0,0.0,0.0,0,0,1.0,0.0,0,0.0,0.0,0.0,0.0,0.0,3,1.0
1cb07cdc892fb93f,0,94168341f8d9633e,,266260.8990813679,0,0.0017102723,0.0,0.0,0.0,0.0,0,0,1.0,0.0,0,0.0,0.0,0.0,0.0,0.0,1,1.0
1cb3dddfe8b1a71c,2,6b7e1f5b521de19b,6f9a9c5f2856c8b3,98.49392076768089,0,0.10540828,0.0,0.0,0.0,0.0,0,0,1.0,0.0,0,0.0,0.0,0.0,0.0,0.0,1,1.0
1cbc32779d5bb74b,2,6b7e1f5b521de19b,6f9a9c5f2856c8b3,704815.4777487947,175,0.005347277,-0.12407278452269238,0.2564102564102564,-20.0,20.0,0,0,1.0606601716673216e-10,0.0,0,0.0,0.36708009772582284,601961.0873773088,46.0,0.7782974615917282,3,0.3333333333333333
1cda4c5323e94d17,3,6b7e1f5b521de19b,d4f34f97b6d22a81,7462.80698704363,0,0.018306516,0.0,0.0,0.0,0.0,0,0,1.0,0.0,0,0.0,0.0,0.0,0.0,0.0,1,1.0
1cf255531288f77e,0,6b7e1f5b521de19b,6f9a9c5f2856c8b3,2974810.53047965,161,0.00910684,0.05848017435083034,0.0,11.5,23.0,1,0,1.0869565216209831e-10,0.0,0,0.0,0.47381982411358503,103.864971883323,91.0,1.603230602846081,6,0.1
1cfbcaca5ee6574a,2,6b7e1f5b521de19b,6f9a9c5f2856c8b3,5126.849721354915,0,0.744322,0.0,0.0,0.0,0.0,0,0,1.0,0.0,0,0.0,0.9995433467747864,4377.690958651917,0.0,0.0,2,1.0
1d0af070c4c2b30e,2,6b7e1f5b521de19b,6f9a9c5f2856c8b3,98.49392076768089,0,0.017072957,0.0,0.0,0.0,0.0,0,0,1.0,0.0,0,0.0,0.0,0.0,0.0,0.0,1,1.0
1d0d1fe936f826b4,3,6b7e1f5b521de19b,,36077.87700023642,0,0.042177185,0.0,0.0,0.0,0.0,0,0,1.0,0.0,0,0.0,0.0,0.0,0.0,0.0,1,1.0
1d15b0a89b6f17b6,3,6b7e1f5b521de19b,d4f34f97b6d22a81,4652.2583887045585,0,0.014386981,0.0,0.0,0.0,0.0,0,0,1.0,0.0,0,0.0,0.0,0.0,0.0,0.0,1,1.0
1d3b7904a9273c75,3,6b7e1f5b521de19b,d4f34f97b6d22a81,12180.56725936489,0,0.023733757,0.0,0.0,0.0,0.0,0,0,1.0,0.0,0,0.0,0.0,0.0,0.0,0.0,1,1.0
1d3f43b68fd18c96,3,6b7e1f5b521de19b,,9648.963805727817,0,0.01693675,0.0,0.0,0.0,0.0,0,0,1.0,0.0,0,0.0,0.0,0.0,0.0,0.0,1,1.0
1d51602f7cababc8,3,6b7e1f5b521de19b,d4f34f97b6d22a81,141465.269492634,49,0.000776418,-0.23264670244071345,-1.719298245614035,0.0,30.0,1,0,7.337993856514967e-11,1.0,1,0.0,0.7886928728954024,-0.8774053593750203,27.0,1.8677650915285602,7,0.07142857142857142
1d5c055f06008197,5,6b7e1f5b521de19b,d4f34f97b6d22a81,1.170863568534039,0,0.0013153559,0.0,0.0,0.0,0.0,0,0,1.0,0.0,0,0.0,0.0,0.0,0.0,0.0,1,1.0
1d740aeca960124d,2,6b7e1f5b521de19b,d4f34f97b6d22a81,1123.9154729207946,64,0.07541221,0.17710737881079355,-50.0,50.0,0.0,0,0,5.715476066167416e-11,0.0,0,0.0,0.4077669012385266,958.9030178451748,39.0,1.4640883467530514,5,0.14285714285714285
1d8063c7e4964a9c,2,6b7e1f5b521de19b,6f9a9c5f2856c8b3,98.49392076768089,0,0.07395872,0.0,0.0,0.0,0.0,0,0,1.0,0.0,0,0.0,0.0,0.0,0.0,0.0,1,1.0
1d911828814a4504,0,bd661df59343798b,,9270.864526233152,6,0.18672213,-7.979655233054467e-16,0.0,0.0,0.0,0,0,1.0,0.0,0,0.0,0.0,0.0,6.0,0.9999999996666666,3,0.3333333333333333
1d96772808746fba,6,6b7e1f5b521de19b,,1336429.0908269142,453,0.00032355275,1.750787227977822e-17,0.0,0.0,0.0,0,0,1.0,0.0,0,0.0,2.2360562232552152,1141403.623683158,189.0,0.8574560693754109,2,0.16666666666666666
1d97d1123cd7cb8b,5,6b7e1f5b521de19b,d4f34f97b6d22a81,503680.4898430675,0,0.0006090155,0.0,0.0,0.0,10.0,1,-1,1.0,1.0,0,0.0,0.9999953507794273,430177.63342839555,0.0,0.0,4,1.0
1d9dad55b503350d,2,6b7e1f5b521de19b,6f9a9c5f2856c8b3,21850.570928075176,703,0.0005454396,-2.3020003869448087e-18,0.0,0.0,0.0,0,0,1.0,0.0,0,0.0,0.11016623949092443,0.5092175937224412,223.0,0.8066512555689623,2,0.2222222222222222
1da151885d89746b,5,6b7e1f5b521de19b,6f9a9c5f2856c8b3,2658.527433878075,164,0.00023319655,-0.055924147150566914,0.10344827586206896,-9.0,9.0,0,-1,1.0,0.0,0,0.0,0.0,0.0,87.0,0.06097560975535395,1,0.3333333333333333
1db0b09f50eae4b5,0,6b7e1f5b521de19b,6f9a9c5f2856c8b3,1.170863568534039,0,0.26565263,0.0,0.0,0.0,0.0,0,0,1.0,0.0,0,0.0,0.0,0.0,0.0,0.0,1,1.0
1db18095233d1d24,0,6b7e1f5b521de19b,6f9a9c5f2856c8b3,2471.1807914916208,165,0.0006456437,0.06178638531579704,-0.18181818181818182,10.0,0.0,0,0,2.020725941755357e-10,0.0,0,0.0,0.0,0.0,90.0,1.2318545225098338,3,0.42857142857142855
1dc8c25180af66aa,3,6b7e1f5b521de19b,,22962.31400177536,0,0.31484717,0.0,0.0,0.0,0.0,0,0,1.0,0.0,0,0.0,0.0,0.0,0.0,0.0,1,1.0
1dd3fc3735bba219,5,255414ab73601d72,28c9c64e5918b06e,26365.415373079573,26,0.35660338,0.7692307692307696,-40.0,40.0,0.0,0,0,0.8838834764891101,0.0,0,0.0,0.8165678277753977,22516.922738077817,26.0,1.7320508073024077,4,0.2
1ddccbcdbcf8ad75,3,6b7e1f5b521de19b,,2.4198904513070483,0,0.147065,0.0,0.0,0.0,0.0,0,0,1.0,0.0,0,0.0,0.0,0.0,0.0,0.0,1,1.0
1de2fcef58f6189c,3,6b7e1f5b521de19b,,25102.753943361105,0,0.08475837,0.0,0.0,0.0,0.0,0,0,1.0,0.0,0,0.0,0.0,0.0,0.0,0.0,1,1.0
1de4802f0a185a46,5,6b7e1f5b521de19b,,25102.753943361105,0,0.32816398,0.0,0.0,0.0,0.0,0,0,1.0,0.0,0,0.0,0.0,0.0,0.0,0.0,1,1.0
1df1e74a9de174a9,5,6b7e1f5b521de19b,d4f34f97b6d22a81,5953.1110184180225,81,0.02737435,0.38014704037337216,-25.0,50.0,0.0,0,0,4.242640686939285e-11,0.0,0,0.0,0.5509099399482926,5083.3763341885515,38.0,1.3848638520311196,6,0.2222222222222222
1df92e3fa46a84a2,3,6b7e1f5b521de19b,,2.4198904513070483,0,0.35820714,0.0,0.0,0.0,0.0,0,0,1.0,0.0,0,0.0,0.0,0.0,0.0,0.0,1,1.0
1df9452edccf5243,2,6b7e1f5b521de19b,6f9a9c5f2856c8b3,6009.906030357736,132,0.002634112,-1.0609939617529467e-16,0.0,0.0,0.0,0,0,1.0,0.0,0,0.0,0.0,0.0,114.0,1.4345212579619389,3,0.2
1e01fb7a4295aa0b,2,6b7e1f5b521de19b,6f9a9c5f2856c8b3,65010.53776365624,0,0.7725236,0.0,0.0,0.0,0.0,0,0,1.0,0.0,0,0.0,0.0,0.0,0.0,0.0,1,1.0
1e23e59b3b21878e,3,6b7e1f5b521de19b,,5083.8994500666495,0,0.0316977,0.0,0.0,0.0,0.0,0,0,1.0,0.0,0,0.0,0.0,0.0,0.0,0.0,1,1.0
1e34c588d41ed5da,3,6b7e1f5b521de19b,,35845.270270304114,308,0.0018020655,1.9072774383860674e-17,0.0,0.0,0.0,0,0,1.0,0.0,0,0.0,0.0,0.0,82.0,0.5032572265271715,2,0.16666666666666666
1e37e72ad662dd7e,2,6b7e1f5b521de19b,6f9a9c5f2856c8b3,1.170863568534039,0,0.07102324,0.0,0.0,0.0,0.0,0,0,1.0,0.0,0,0.0,0.0,0.0,0.0,0.0,1,1.0
1e41d4722b5ceb56,2,6b7e1f5b521de19b,,218130.08395331344,307,0.0034558778,-3.343798747819729e-17,0.0,0.0,0.0,0,0,1.0,0.0,0,0.0,1.3342419316614155e-16,0.0,136.0,1.1109402149077854,3,0.42857142857142855
1e45c36051a68101,2,6b7e1f5b521de19b,6f9a9c5f2856c8b3,1.170863568534039,0,0.89264613,0.0,0.0,0.0,0.0,0,0,1.0,0.0,0,0.0,0.0,0.0,0.0,0.0,1,1.0
1e521f0225d27310,2,6b7e1f5b521de19b,6f9a9c5f2856c8b3,98.49392076768089,0,0.020781893,0.0,0.0,0.0,0.0,0,0,1.0,0.0,0,0.0,0.9765039662242045,83.12074934656873,0.0,0.0,2,1.0
1e5bc4a6bf9e332d,3,6b7e1f5b521de19b,,2.4198904513070483,756,0.00045384045,2.6834992532400667e-18,0.0,0.0,0.0,0,0,1.0,0.0,0,0.0,1.835162453022127e-16,0.0,355.0,1.3832715833027693,2,0.25
1e6954152edf69dd,6,6b7e1f5b521de19b,,260620.87531359465,0,0.6943079,0.0,15.0,-15.0,15.0,0,-1,1.0,1.0,1,0.0,0.5831437974714312,-0.736690878494826,0.0,0.0,2,1.0
1e70bbf60ff51743,4,42a0974a7fcfe59f,28c9c64e5918b06e,2388.361505566673,124,0.00040500853,2.6163550044212842e-17,0.0,0.0,0.0,0,0,1.0,0.0,0,0.0,0.0,0.0,90.0,0.4516129032185224,1,0.3333333333333333
1e803a4a31a86b96,0,6b7e1f5b521de19b,6f9a9c5f2856c8b3,15073.508667170068,0,0.3990347,0.0,0.0,0.0,0.0,0,0,1.0,0.0,0,0.0,0.5777110735864185,12872.838654013818,0.0,0.0,4,1.0
1e810cc7add24a3b,2,6b7e1f5b521de19b,6f9a9c5f2856c8b3,1.170863568534039,0,0.21062772,0.0,0.0,0.0,0.0,0,0,1.0,0.0,0,0.0,0.0,0.0,0.0,0.0,1,1.0
1e96e84cf2be7ffb,0,6b7e1f5b521de19b,,270801.9611719012,4,0.006924023,-5.360630966617863e-16,0.0,0.0,0.0,0,0,1.0,0.0,0,0.0,0.0,0.0,4.0,0.0,2,1.0
1eab635b1b6029bf,2,6b7e1f5b521de19b,6f9a9c5f2856c8b3,1.170863568534039,0,0.18110558,0.0,0.0,0.0,0.0,0,0,1.0,0.0,0,0.0,0.0,0.0,0.0,0.0,1,1.0
1edb0c69254ab918,3,6b7e1f5b521de19b,,524417.177630072,410,0.0019391461,0.02885500084332959,-0.5263157894736842,13.333333333333332,10.0,3,0,1.2688825369880245e-10,0.0,0,0.0,0.5290342619784228,447888.2261432817,211.0,2.0287640085616916,8,0.1875
1edbabc3c0b5f49f,3,6b7e1f5b521de19b,6f9a9c5f2856c8b3,281.3379399717625,0,0.21240905,0.0,0.0,0.0,0.0,0,0,1.0,0.0,0,0.0,0.0,0.0,0.0,0.0,1,1.0
1edfd98b60366667,3,6b7e1f5b521de19b,,2.4198904513070483,0,9.662988e-05,0.0,0.0,0.0,0.0,0,0,1.0,0.0,0,0.0,0.0,0.0,0.0,0.0,1,1.0
1ee09a0d5dce70a5,2,6b7e1f5b521de19b,6f9a9c5f2856c8b3,678165.8650140748,34,0.2373349,-5.91389297430395e-16,0.0,0.0,0.0,0,0,1.0,0.0,0,0.0,0.3695150140295042,579200.4400645854,12.0,1.1353093565005816,6,0.1
1eecb2e1575e21d3,1,6b7e1f5b521de19b,,10832.251138740728,71,0.0017112822,-3.0200737840100634e-17,0.0,0.0,0.0,0,0,1.0,0.0,0,0.0,0.0,0.0,71.0,0.0,2,1.0
1ef8cacc518f65f7,2,6b7e1f5b521de19b,,234240.1236026419,0,0.1410688,0.0,0.0,0.0,0.0,0,0,1.0,0.0,0,0.0,0.0,0.0,0.0,0.0,1,1.0
1efc5e7d9d479537,4,255414ab73601d72,28c9c64e5918b06e,3303.290441942712,0,0.0063711517,0.0,0.0,0.0,0.0,0,0,1.0,0.0,0,0.0,1.223660159687135,2820.242825138495,0.0,0.0,5,1.0
1eff979095e07fa8,5,7b7c16a1b24ec3b8,28c9c64e5918b06e,1260413.464999336,447,0.025516402,-1.8418699241760166e-17,0.0,0.0,0.0,0,0,1.0,0.0,0,0.0,0.07421889679380464,-0.16927233912325945,139.0,1.4579368740217515,4,0.3181818181818182
1effa885e33617d6,3,6b7e1f5b521de19b,d4f34f97b6d22a81,5707.592360299754,293,0.00085796445,-1.7176800785563312e-17,0.0,0.0,0.0,0,0,1.0,0.0,0,0.0,0.010353654050691722,-0.02049510883478041,167.0,0.5405867542121667,1,0.25
1f067321aebb84df,3,6b7e1f5b521de19b,,21273.147061594493,0,0.1425324,0.0,0.0,0.0,0.0,0,0,1.0,0.0,0,0.0,0.0,0.0,0.0,0.0,1,1.0
1f06a97e4ca28c34,3,6b7e1f5b521de19b,6f9a9c5f2856c8b3,10564.501135650773,0,0.0380758,0.0,-50.0,50.0,0.0,0,1,1.0,0.0,0,0.0,0.9997783645811416,9021.828465726274,0.0,0.0,2,1.0
1f1c9d3601b23a4f,2,6b7e1f5b521de19b,6f9a9c5f2856c8b3,2839.0883651181525,0,0.9954203,0.0,0.0,0.0,0.0,0,0,1.0,0.0,0,0.0,0.0,0.0,0.0,0.0,1,1.0
1f1dddd6a75724be,2,6b7e1f5b521de19b,6f9a9c5f2856c8b3,14488.660251669131,1,0.023403814,7.170905503477224e-15,0.0,0.0,0.0,0,0,1.0,0.0,0,0.0,0.014418144099703758,0.03415010669335823,1.0,1.4142135581304542,4,0.5
1f2044391147a957,2,6b7e1f5b521de19b,6f9a9c5f2856c8b3,246.72818425475256,0,0.053874053,0.0,-30.0,30.0,0.0,0,1,1.0,0.0,0,0.0,0.0,0.0,0.0,0.0,2,1.0
1f26530c2209386e,5,6b7e1f5b521de19b,d4f34f97b6d22a81,1188.3526214561175,0,0.028296594,0.0,0.0,0.0,0.0,0,0,1.0,0.0,0,0.0,0.0,0.0,0.0,0.0,2,1.0
1f4a34dc7778933f,3,6b7e1f5b521de19b,,80872.05936290111,0,0.0008184731,0.0,0.0,0.0,0.0,0,0,1.0,0.0,0,0.0,0.0,0.0,0.0,0.0,1,1.0
1f4cdefc4bf58563,2,6b7e1f5b521de19b,6f9a9c5f2856c8b3,98.49392076768089,0,0.01697926,0.0,0.0,0.0,0.0,0,0,1.0,0.0,0,0.0,0.0,0.0,0.0,0.0,1,1.0
1f4d6e9899dfd21e,3,6b7e1f5b521de19b,,5186.502594949308,0,0.00018013944,0.0,0.0,0.0,0.0,0,0,1.0,0.0,0,0.0,0.0,0.0,0.0,0.0,1,1.0
1f5ed184383096d6,5,6b7e1f5b521de19b,,1.170863568534039,0,0.1317648,0.0,0.0,0.0,0.0,0,0,1.0,0.0,0,0.0,0.0,0.0,0.0,0.0,1,1.0
1f6dc2c0aa489fc3,2,6b7e1f5b521de19b,6f9a9c5f2856c8b3,1.170863568534039,0,0.020194912,0.0,0.0,0.0,0.0,0,0,1.0,0.0,0,0.0,0.0,0.0,0.0,0.0,1,1.0
1f775ae41132a0cb,3,6b7e1f5b521de19b,,9648.963805727817,0,0.016668612,0.0,0.0,0.0,0.0,0,0,1.0,0.0,0,0.0,0.0,0.0,0.0,0.0,2,1.0
1f7ab39124f14415,1,6b7e1f5b521de19b,6f9a9c5f2856c8b3,199.48320579506156,18,0.9997613,4.946555819477434,6.538461538461538,85.0,0.0,0,1,1.0206207261591624,5.0,0,0.2777777777777778,0.7313265685541906,169.37271562289817,13.0,1.1811273122635995,3,0.4
1f7b611ac0965fba,4,255414ab73601d72,28c9c64e5918b06e,1.170863568534039,0,0.45596436,0.0,0.0,0.0,0.0,0,0,1.0,0.0,0,0.0,0.0,0.0,0.0,0.0,1,1.0
1f7c625eac76d0c2,3,6b7e1f5b521de19b,,80872.05936290111,91,0.08355767,-4.199464205724852e-17,0.0,0.0,0.0,0,0,1.0,0.0,0,0.0,0.0,0.0,83.0,1.5319721848988903,3,0.8
1f835ec2cd552107,2,6b7e1f5b521de19b,6f9a9c5f2856c8b3,98.49392076768089,24,0.0011810429,-5.069403523421333e-17,0.0,0.0,0.0,0,0,1.0,0.0,0,0.0,0.694572501109144,83.12074934656873,24.0,0.9999999999166667,2,0.3333333333333333
1f96029d37e961a9,5,6b7e1f5b521de19b,6f9a9c5f2856c8b3,1.170863568534039,0,0.0032573985,0.0,0.0,0.0,0.0,0,0,1.0,0.0,0,0.0,0.0,0.0,0.0,0.0,1,1.0
1fa0ab986456ff72,2,6b7e1f5b521de19b,6f9a9c5f2856c8b3,127097.7206686422,32,0.019114839,-0.9649122807017543,-1.7647058823529411,-30.0,30.0,0,-1,1.0,1.0,0,0.03125,0.13169789005408064,0.39402277416176035,17.0,0.7112379172296366,2,0.25
1fa35c55511b6299,5,6b7e1f5b521de19b,,1.170863568534039,0,0.00019274636,0.0,0.0,0.0,0.0,0,0,1.0,0.0,0,0.0,0.0,0.0,0.0,0.0,2,1.0
1faea251566d5efd,6,6b7e1f5b521de19b,,35845.270270304114,435,0.002775056,-9.798802594729228e-18,0.0,0.0,0.0,0,0,1.0,0.0,0,0.0,0.0,0.0,205.0,0.6968020490155548,2,0.2
1fc7fac577b54f1b,0,6b7e1f5b521de19b,6f9a9c5f2856c8b3,99457.2224276421,0,0.06498107,0.0,-30.0,30.0,0.0,0,1,1.0,0.0,0,0.0,0.9999764552084387,84942.47684945559,0.0,0.0,2,1.0
1fd8452d962e6d05,3,6b7e1f5b521de19b,,9648.963805727817,0,0.0021056382,0.0,0.0,0.0,0.0,0,0,1.0,0.0,0,0.0,0.0,0.0,0.0,0.0,1,1.0
1fdbac96cdbfd464,2,6b7e1f5b521de19b,6f9a9c5f2856c8b3,1.170863568534039,0,0.51612407,0.0,0.0,0.0,0.0,0,0,1.0,0.0,0,0.0,0.0,0.0,0.0,0.0,1,1.0
1ff5a34b3445264d,3,6b7e1f5b521de19b,,47968.19123133455,181,0.00044758667,-1.923443517606064e-17,0.0,0.0,0.0,0,0,1.0,1.0,0,0.0055248618784530384,0.3168304264310089,40967.21570030773,47.0,0.8778969016403066,3,0.36363636363636365
1ffa3e92eb403170,2,6b7e1f5b521de19b,6f9a9c5f2856c8b3,1.170863568534039,473,0.0037617951,0.01292690210130913,-0.45045045045045046,50.0,20.0,1,0,5.518254055060181e-11,1.0,0,0.0021141649048625794,0.35355206085893753,-0.9999966568371252,362.0,1.980184906154012,4,0.1111111111111111
2020152d83a9998b,3,6b7e1f5b521de19b,,11264.189824104717,0,0.03314437,0.0,0.0,0.0,0.0,0,0,1.0,0.0,0,0.0,0.0,0.0,0.0,0.0,1,1.0
2029b6f121627563,1,6b7e1f5b521de19b,,2472.949006922998,0,0.0099223135,0.0,0.0,0.0,0.0,0,0,1.0,0.0,0,0.0,0.0,0.0,0.0,0.0,1,1.0
202a890b2b714f93,0,6b7e1f5b521de19b,6f9a9c5f2856c8b3,98.49392076768089,0,0.025801538,0.0,0.0,0.0,0.0,0,0,1.0,0.0,0,0.0,0.694572501109144,83.12074934656873,0.0,0.0,3,1.0
202ab3297b80cee1,5,6b7e1f5b521de19b,,1.170863568534039,0,0.00066185166,0.0,100.0,-100.0,100.0,0,-1,1.0,0.0,0,0.0,0.9998980238777868,-0.999949009339022,0.0,0.0,2,1.0
20304b0eb6edf46d,2,6b7e1f5b521de19b,6f9a9c5f2856c8b3,21818.864028745327,223,0.030012844,0.13232887440135743,0.2097902097902098,30.0,0.0,0,1,1.2026755885896596,0.0,0,0.0,0.06532652175018423,-0.16530560080923737,140.0,1.7844096835909578,4,0.2222222222222222
2051a1a5750e83ad,2,6b7e1f5b521de19b,,6286.904435348422,0,0.15887806,0.0,0.0,0.0,0.0,0,0,1.0,0.0,0,0.0,0.0,0.0,0.0,0.0,1,1.0
205a7c2956b8da15,3,6b7e1f5b521de19b,d4f34f97b6d22a81,2031.5342814725693,0,0.025159363,0.0,0.0,0.0,0.0,0,0,1.0,0.0,0,0.0,0.0,0.0,0.0,0.0,1,1.0
207cc5d4fc6e21ae,3,6b7e1f5b521de19b,,40882.782652931186,0,0.06515691,0.0,0.0,0.0,0.0,0,0,1.0,0.0,0,0.0,0.0,0.0,0.0,0.0,1,1.0
209a3dfaa4c8dde0,5,6b7e1f5b521de19b,6f9a9c5f2856c8b3,361.29574083874047,0,0.090110295,0.0,0.0,0.0,0.0,0,0,1.0,0.0,0,0.0,0.0,0.0,0.0,0.0,1,1.0
209f07e3db7c9ea3,6,6b7e1f5b521de19b,,2084733.867157501,424,0.7640211,0.24907432301633842,-0.1831577396301481,88.0,0.0,0,0,2.852631002312109e-11,6.0,0,0.014150943396226415,0.20561616988449388,-0.4728626067224555,53.0,0.8988974595877933,3,0.3181818181818182
20cd6cb1d6926f12,4,fd10c5543bdbcbc9,d4f34f97b6d22a81,1881.1531940448554,0,0.19249913,0.0,0.0,0.0,0.0,0,0,1.0,0.0,0,0.0,0.0,0.0,0.0,0.0,1,1.0
20d54478435a58ab,4,255414ab73601d72,28c9c64e5918b06e,1.170863568534039,0,0.0033164867,0.0,0.0,0.0,0.0,0,0,1.0,0.0,0,0.0,0.0,0.0,0.0,0.0,1,1.0
20e80a65ca57505a,2,6b7e1f5b521de19b,6f9a9c5f2856c8b3,1372.3637727622167,0,0.020131249,0.0,0.0,0.0,0.0,0,0,1.0,0.0,0,0.0,0.0,0.0,0.0,0.0,1,1.0
20fafcfc8c1730ed,0,6b7e1f5b521de19b,,6332.838495128838,175,0.007509273,-4.5117002219784845e-17,0.0,0.0,0.0,0,0,1.0,0.0,0,0.0,0.31616345393967993,5407.690359251478,53.0,1.0197238521163654,3,0.36363636363636365
20fbe01017ea26bb,2,6b7e1f5b521de19b,d4f34f97b6d22a81,1.170863568534039,0,0.7261528,0.0,0.0,0.0,0.0,0,0,1.0,0.0,0,0.0,0.0,0.0,0.0,0.0,2,1.0
21003384b370f8ad,3,6b7e1f5b521de19b,,9648.963805727817,0,0.007325746,0.0,0.0,0.0,0.0,0,0,1.0,0.0,0,0.0,0.0,0.0,0.0,0.0,1,1.0
210c6258f3af0f42,1,6b7e1f5b521de19b,,36051.6631606101,20,0.064193256,0.0,30.0,-30.0,30.0,0,-1,1.0,0.0,0,0.0,0.0,0.0,0.0,0.0,2,1.0
2110b97cd5bdc4f7,3,6b7e1f5b521de19b,6f9a9c5f2856c8b3,10507.77752619721,0,0.4104009,0.0,0.0,0.0,0.0,0,0,1.0,0.0,0,0.0,0.0,0.0,0.0,0.0,1,1.0
21177dc2c19ff02d,2,6b7e1f5b521de19b,6f9a9c5f2856c8b3,1.170863568534039,0,0.15481524,0.0,0.0,0.0,0.0,0,0,1.0,0.0,0,0.0,0.0,0.0,0.0,0.0,1,1.0
211b785a05f70725,6,6b7e1f5b521de19b,,1.170863568534039,0,0.0033556966,0.0,0.0,0.0,0.0,0,0,1.0,0.0,0,0.0,0.0,0.0,0.0,0.0,1,1.0
211c1483f3de8292,4,ac07a4f1ad9a4f67,28c9c64e5918b06e,24696.398741469373,4,0.13806842,-3.0911241523687947e-15,0.0,0.0,0.0,0,0,1.0,0.0,0,0.0,0.5773232737127229,21091.464916634228,2.0,0.35355339032810873,4,0.5
213e1b8e6fb4ace7,5,6b7e1f5b521de19b,d4f34f97b6d22a81,1024634.5610048603,0,0.0970378,0.0,0.0,0.0,0.0,0,0,1.0,0.0,0,0.0,0.0,0.0,0.0,0.0,1,1.0
2146bc0b1d5013dc,3,6b7e1f5b521de19b,,2.4198904513070483,0,0.0016860217,0.0,0.0,0.0,0.0,0,0,1.0,0.0,0,0.0,0.0,0.0,0.0,0.0,1,1.0
2148d739e030023b,6,6b7e1f5b521de19b,,170616.6319366014,429,0.7967962,0.2791081637319917,-0.3357142857142857,94.0,0.0,0,0,2.8921120772152282e-11,8.0,1,0.011655011655011656,0.4365108636989238,0.40853824651890447,119.0,1.330869649072327,4,0.2222222222222222
215359ecc20e67d4,3,6b7e1f5b521de19b,,2.4198904513070483,0,0.0021258856,0.0,0.0,0.0,0.0,0,0,1.0,0.0,0,0.0,0.0,0.0,0.0,0.0,1,1.0
217e531af9bae4b0,2,6b7e1f5b521de19b,6f9a9c5f2856c8b3,5655.969519442425,0,0.18890482,0.0,0.0,0.0,0.0,0,0,1.0,0.0,0,0.0,0.0,0.0,0.0,0.0,1,1.0
21a3b3e99b2f12f4,5,6b7e1f5b521de19b,6f9a9c5f2856c8b3,57607.04822467067,0,0.055351824,0.0,-50.0,50.0,0.0,0,1,1.0,0.0,0,0.0,0.9999593508152806,49199.47883699777,0.0,0.0,2,1.0
21b99200e9808a63,2,6b7e1f5b521de19b,6f9a9c5f2856c8b3,415.3892283045608,0,0.055348173,0.0,0.0,0.0,0.0,0,0,1.0,0.0,0,0.0,0.0,0.0,0.0,0.0,1,1.0
21dbc6c6270e225b,2,6b7e1f5b521de19b,6f9a9c5f2856c8b3,501.20046106510154,0,0.85694253,0.0,0.0,0.0,0.0,0,0,1.0,0.0,0,0.0,0.0,0.0,0.0,0.0,1,1.0
21deadcbd0df218a,3,6b7e1f5b521de19b,,238.7723708846118,0,0.014032355,0.0,0.0,0.0,0.0,0,0,1.0,0.0,0,0.0,0.0,0.0,0.0,0.0,1,1.0
21f03eb10cf7c9a8,3,6b7e1f5b521de19b,,11264.189824104717,208,0.0021549095,-0.11200333856105325,-0.1694915254237288,-10.0,20.0,1,1,0.47259452841701494,0.0,0,0.0,0.7181256545681212,-0.8743739786815885,56.0,0.6916256725268147,2,0.4444444444444444
220c5c02a6a74dbd,3,6b7e1f5b521de19b,,4694.223952710472,0,0.1728944,0.0,30.0,30.0,0.0,0,1,1.0,0.0,0,0.0,1.4131558632461598,4008.198064457502,0.0,0.0,3,1.0
221b41383a9738d8,5,a0d28553c7be77f0,28c9c64e5918b06e,79015.68758869036,222,0.02545583,-1.7482596468636036e-17,0.0,0.0,0.0,0,0,1.0,0.0,0,0.0,1.841648876627571e-16,0.0,97.0,1.573149428136791,5,0.3
2247125d0c6280ea,0,062b9e5a52eb6d8e,,368869.1381210446,223,1.4469699e-05,-0.07945456347860569,-0.08823529411764706,-9.0,29.0,1,0,0.40884962873731057,0.0,0,0.0,1.5780030069733393e-16,0.0,121.0,1.1823692927542089,3,0.42857142857142855
2254e08cd0f9bccc,2,6b7e1f5b521de19b,,10309.642229151345,0,0.059488684,0.0,0.0,0.0,0.0,0,0,1.0,0.0,0,0.0,0.0,0.0,0.0,0.0,1,1.0
225facd14fe1e3b6,0,6b7e1f5b521de19b,6f9a9c5f2856c8b3,870350.122287474,0,0.016587857,0.0,0.0,0.0,0.0,0,0,1.0,0.0,0,0.0,0.0,0.0,0.0,0.0,1,1.0
22622574d49b372f,3,6b7e1f5b521de19b,,5655.969519442425,0,0.99741864,0.0,0.0,0.0,0.0,0,0,1.0,0.0,0,0.0,0.0,0.0,0.0,0.0,1,1.0
22663504ed4b1ab6,5,6b7e1f5b521de19b,d4f34f97b6d22a81,18795.265270024385,0,0.57154644,0.0,0.0,0.0,0.0,0,0,1.0,0.0,0,0.0,0.0,0.0,0.0,0.0,2,1.0
22a25213f8c3ee23,0,6b7e1f5b521de19b,6f9a9c5f2856c8b3,1958.2534382031313,2,0.036173236,-4.28850477329429e-15,0.0,0.0,0.0,0,0,1.0,0.0,0,0.0,0.0,0.0,2.0,0.0,2,1.0
22a8c3ad7b0f7c46,0,6b7e1f5b521de19b,6f9a9c5f2856c8b3,1.170863568534039,0,0.03129236,0.0,0.0,0.0,0.0,0,0,1.0,0.0,0,0.0,0.0,0.0,0.0,0.0,1,1.0
22aecb580c8c6755,5,6b7e1f5b521de19b,,1.170863568534039,224,0.00022367724,0.0,0.0,0.0,0.0,0,0,1.0,0.0,0,0.0,0.0,0.0,161.0,1.5098264445740186,2,0.7142857142857143
22bddec402bd6fed,5,7b7c16a1b24ec3b8,28c9c64e5918b06e,4952.499359328055,144,0.01277912,-1.3957722125784043e-17,0.0,0.0,0.0,0,0,1.0,0.0,0,0.0,0.49985224703160464,4228.783462755403,144.0,1.732050807520765,3,0.4
22c5e0f69c34369f,3,6b7e1f5b521de19b,,2.4198904513070483,756,0.00064759544,-7.840056274212722e-18,0.0,0.0,0.0,0,0,1.0,0.0,0,0.0,0.0,0.0,438.0,1.5221034596057457,2,0.1
22e304924167c961,3,6b7e1f5b521de19b,,89664.46366676311,0,0.039017342,0.0,0.0,0.0,0.0,0,0,1.0,0.0,0,0.0,0.0,0.0,0.0,0.0,1,1.0
22f462f3f3bbd7dd,5,6b7e1f5b521de19b,d4f34f97b6d22a81,63227.609644110315,16,0.009590012,-3.8988254711217524e-16,0.0,0.0,0.0,0,0,1.0,0.0,0,0.0,0.0,0.0,16.0,2.2360679766612646,6,0.14285714285714285
22ffef7cf21c303b,2,6b7e1f5b521de19b,6f9a9c5f2856c8b3,36846.529117819475,123,0.0014784406,1.3585487300747374e-16,0.0,0.0,0.0,0,0,1.0,0.0,0,0.0,0.0,0.0,83.0,1.1062588211940336,2,0.2
234068f5a6cbcce6,5,6b7e1f5b521de19b,d4f34f97b6d22a81,1.170863568534039,0,0.022936998,0.0,0.0,0.0,0.0,0,0,1.0,0.0,0,0.0,0.0,0.0,0.0,0.0,1,1.0
23445e9a05bebd71,0,6b7e1f5b521de19b,6f9a9c5f2856c8b3,1.170863568534039,0,0.06606272,0.0,0.0,0.0,0.0,0,0,1.0,0.0,0,0.0,0.0,0.0,0.0,0.0,1,1.0
234e50d1f237edc7,2,6b7e1f5b521de19b,6f9a9c5f2856c8b3,312092.12918388424,0,0.5321803,0.0,0.0,0.0,0.0,0,0,1.0,0.0,0,0.0,0.0,0.0,0.0,0.0,1,1.0
235dacb7a90acced,5,6b7e1f5b521de19b,6f9a9c5f2856c8b3,338286.9070871343,82,0.0001120553,0.0,0.0,0.0,0.0,0,0,1.0,0.0,0,0.0,0.0,0.0,80.0,0.9512195121719216,2,0.3333333333333333
236d177d3a8e1a40,4,062b9e5a52eb6d8e,d4f34f97b6d22a81,62540.825867402156,85,0.0009520094,-2.9767629380308636e-17,0.0,0.0,0.0,0,0,1.0,0.0,0,0.0,0.0,0.0,72.0,1.4012846305202045,2,0.4
2374d8eb74c067af,0,6b7e1f5b521de19b,6f9a9c5f2856c8b3,1.170863568534039,0,0.05837768,0.0,0.0,0.0,0.0,0,0,1.0,0.0,0,0.0,0.0,0.0,0.0,0.0,1,1.0
23a04d35499b52e5,5,6b7e1f5b521de19b,6f9a9c5f2856c8b3,1835.8687749276912,0,0.07475414,0.0,0.0,0.0,0.0,0,0,1.0,0.0,0,0.0,0.0,0.0,0.0,0.0,1,1.0
23d72a934800aa90,4,cca8e68b78e095c5,28c9c64e5918b06e,1.170863568534039,0,0.020203741,0.0,0.0,0.0,0.0,0,0,1.0,0.0,0,0.0,0.0,0.0,0.0,0.0,1,1.0
23ddfdee55e3474d,2,6b7e1f5b521de19b,,11917.439456077744,0,0.0019334843,0.0,0.0,0.0,0.0,0,0,1.0,0.0,0,0.0,0.0,0.0,0.0,0.0,1,1.0
23eb3dcccc63cd8a,2,6b7e1f5b521de19b,6f9a9c5f2856c8b3,4386.532748246311,82,0.004214765,-0.05998654507400198,-2.2948717948717947,-15.0,40.0,1,-1,1.0279924897337562,0.0,0,0.0,0.316134919415593,3745.4080923949145,41.0,1.5870535105379144,5,0.45454545454545453
23f2ce06bd505f8f,1,6b7e1f5b521de19b,,12704.983075923506,252,0.03846822,0.22167112095602698,-0.5445544554455446,55.0,0.0,0,0,4.0247170218704995e-11,0.0,0,0.0,0.3444465179283814,-0.5970937667189724,46.0,0.7642366760975787,3,0.14285714285714285
23fa3826a0837a24,2,6b7e1f5b521de19b,6f9a9c5f2856c8b3,351.1076362015929,4,0.024020951,-5.7366894142951305e-15,0.0,0.0,0.0,0,0,1.0,0.0,0,0.0,0.0,0.0,3.0,0.9354143459919245,4,0.25
23fc7d321d7984ea,3,6b7e1f5b521de19b,,89664.46366676311,0,0.0019880987,0.0,0.0,0.0,0.0,0,0,1.0,0.0,0,0.0,0.0,0.0,0.0,0.0,1,1.0
241433900818b64f,0,6b7e1f5b521de19b,6f9a9c5f2856c8b3,1.170863568534039,0,0.0508529,0.0,0.0,0.0,0.0,0,0,1.0,0.0,0,0.0,0.0,0.0,0.0,0.0,1,1.0
2441cf400d0aba57,3,6b7e1f5b521de19b,,4143.3804614791225,0,0.44708818,0.0,0.0,0.0,0.0,0,0,1.0,0.0,0,0.0,0.0,0.0,0.0,0.0,1,1.0
244d1c147615758d,3,6b7e1f5b521de19b,,9648.963805727817,236,0.00024663864,-1.0857383598816324e-17,0.0,0.0,0.0,0,0,1.0,0.0,0,0.0,0.0,0.0,133.0,1.4125875617158195,4,0.1111111111111111
24501bca35398579,4,9cd083484517be1d,28c9c64e5918b06e,24323.541534880354,4,0.0027553546,-1.305528500675419e-15,0.0,0.0,0.0,0,0,1.0,0.0,0,0.0,0.007153091504710424,-0.015097634699383479,4.0,0.9999999995,3,0.6666666666666666
2462ce5c5b1b71bc,3,6b7e1f5b521de19b,,35845.270270304114,0,0.037965305,0.0,-20.0,20.0,0.0,0,1,1.0,0.0,0,0.0,0.0,0.0,0.0,0.0,2,1.0
2475c265ae73a5d4,0,e9943875f43f341e,,7897468.885291627,187,0.000239345,-0.02217825028633621,0.04065040650406504,-5.0,5.0,0,0,4.9999999975e-10,0.0,0,0.0,0.1536978905282637,0.44648907011129035,64.0,1.1155854382697565,4,0.4
24895fc7a1d60894,3,6b7e1f5b521de19b,,2.4198904513070483,0,0.0019731112,0.0,0.0,0.0,0.0,0,0,1.0,0.0,0,0.0,0.0,0.0,0.0,0.0,2,1.0
2490a7d5e7ddbe61,2,6b7e1f5b521de19b,6f9a9c5f2856c8b3,1.170863568534039,0,0.21062772,0.0,0.0,0.0,0.0,0,0,1.0,0.0,0,0.0,0.0,0.0,0.0,0.0,1,1.0
2498cd4c809a6118,0,6b7e1f5b521de19b,6f9a9c5f2856c8b3,82019.9692325963,38,0.0027823998,-5.64276943854512e-17,0.0,0.0,0.0,0,0,1.0,0.0,0,0.0,0.0,0.0,38.0,0.0,2,1.0
249a074ce95a55b7,2,6b7e1f5b521de19b,6f9a9c5f2856c8b3,98.49392076768089,29,0.00079147157,-7.393973747059121e-17,0.0,0.0,0.0,0,0,1.0,0.0,0,0.0,0.0,0.0,29.0,0.0,2,1.0
249d98842b3916b3,2,6b7e1f5b521de19b,d4f34f97b6d22a81,46553.49342526177,46,0.005717552,2.299755558418401e-16,0.0,0.0,0.0,0,0,1.0,0.0,0,0.0,0.0,0.0,46.0,1.4142135622808636,3,0.25
24a27b835cca6c77,1,6b7e1f5b521de19b,6f9a9c5f2856c8b3,144256.09256740374,293,0.009339151,0.14751103156840692,0.5970149253731343,40.0,10.0,1,0,4.743416490027569e-11,1.0,0,0.0034129692832764505,0.7581346355225582,2.870675619511102,160.0,1.401758463485889,3,0.5555555555555556
24b1b7f01c309f34,3,6b7e1f5b521de19b,6f9a9c5f2856c8b3,179056.99381897645,295,0.0073633473,0.13825245650108842,0.24074074074074073,39.0,0.0,0,0,5.641221519855375e-11,1.0,1,-0.003389830508474576,0.018889798907826372,0.07291395036830882,51.0,0.9581054751705447,4,0.25
24c54c0ac0027381,2,6b7e1f5b521de19b,6f9a9c5f2856c8b3,1.170863568534039,0,0.3747344,0.0,0.0,0.0,0.0,0,0,1.0,0.0,0,0.0,0.0,0.0,0.0,0.0,1,1.0
24cca680d2d8ab4a,2,6b7e1f5b521de19b,6f9a9c5f2856c8b3,1.170863568534039,0,0.18620154,0.0,0.0,0.0,0.0,0,0,1.0,0.0,0,0.0,0.0,0.0,0.0,0.0,1,1.0
24dad1f12c85d47e,3,6b7e1f5b521de19b,,6766.394130610287,0,0.9980069,0.0,0.0,0.0,0.0,0,0,1.0,0.0,0,0.0,0.0,0.0,0.0,0.0,1,1.0
24dd0160f49bb6fc,2,6b7e1f5b521de19b,,263999.29512211593,233,0.0016249114,1.5888966828851997e-17,0.0,0.0,0.0,0,0,1.0,0.0,0,0.0,0.4506318272267487,11.409978380618984,206.0,1.4690091238406664,2,0.2
24e2fe96515fc894,5,6b7e1f5b521de19b,d4f34f97b6d22a81,2193801.7442508875,23,0.00019033618,-0.24279210925644912,10.0,-10.0,10.0,0,0,2.121320343109643e-10,0.0,0,0.0,0.9999989325717806,1873660.2900148581,14.0,1.2720642465345768,4,0.16666666666666666
24f85a3b58ec2e12,3,6b7e1f5b521de19b,d4f34f97b6d22a81,1.170863568534039,0,0.009279799,0.0,0.0,0.0,0.0,0,0,1.0,1.0,0,0.0,0.0,0.0,0.0,0.0,2,1.0
250408c10ebdc064,5,6b7e1f5b521de19b,6f9a9c5f2856c8b3,18208.274681837054,242,0.0013641143,6.078327411750154e-17,0.0,0.0,0.0,0,0,1.0,0.0,0,0.0,0.11847447891542981,-0.2680009575928088,78.0,0.9028712859119599,2,0.3333333333333333
25116771c0fbca98,2,6b7e1f5b521de19b,6f9a9c5f2856c8b3,1.170863568534039,0,0.5772684,0.0,0.0,0.0,0.0,0,0,1.0,0.0,0,0.0,0.0,0.0,0.0,0.0,1,1.0
251f2239d4d79dd2,2,6b7e1f5b521de19b,6f9a9c5f2856c8b3,21909.4346393966,96,0.00010042391,-0.052083333333333356,-0.10416666666666667,-10.0,10.0,0,-1,1.0825317547099154,0.0,0,0.0,0.4999665997792172,18711.201172018664,96.0,1.7320508074967085,3,0.4
2520aafc4e4f5833,0,6b7e1f5b521de19b,6f9a9c5f2856c8b3,8691.70306672421,0,0.8084197,0.0,-50.0,50.0,0.0,0,1,1.0,0.0,0,0.0,0.9997306153111335,7422.326936037919,0.0,0.0,2,1.0
252a87dd4aed654d,0,6b7e1f5b521de19b,6f9a9c5f2856c8b3,26396.718866699845,136,0.00339674,-1.5766561666523126e-17,0.0,0.0,0.0,0,0,1.0,0.0,0,0.0,0.00488755554228275,0.009823122139621904,136.0,0.0,2,1.0
253006b172ea3311,4,255414ab73601d72,28c9c64e5918b06e,91064.6539145475,0,0.29676053,0.0,0.0,0.0,0.0,0,0,1.0,0.0,0,0.0,0.0,0.0,0.0,0.0,1,1.0
2535491bda1c2e01,1,6ab36d9b02cbcf6b,6f9a9c5f2856c8b3,1534.3138552620949,33,0.9759774,2.173686947477899,2.5757575757575757,85.0,0.0,0,1,0.984355077212382,5.0,0,0.15151515151515152,0.280841821465652,0.0,20.0,1.4151872032379196,5,0.14285714285714285
25377891fd3279ef,5,6b7e1f5b521de19b,d4f34f97b6d22a81,105780.66429129704,22,0.0003167777,1.421699248510945e-17,0.0,0.0,0.0,0,0,1.0,0.0,0,0.0,0.577341748465384,90343.14182323396,22.0,1.4142135621802479,3,0.25
25380fad49b5dd3c,3,6b7e1f5b521de19b,d4f34f97b6d22a81,9648.963805727817,0,0.010334456,0.0,0.0,0.0,0.0,0,0,1.0,0.0,0,0.0,0.0,0.0,0.0,0.0,1,1.0
253b0f32ba9095e8,2,6b7e1f5b521de19b,6f9a9c5f2856c8b3,24177.935359266332,128,0.012546616,-8.091919953189375e-19,0.0,0.0,0.0,0,0,1.0,0.0,0,0.0,0.3558604301714373,20648.66065135832,77.0,1.6315971851738518,4,0.3333333333333333
253dc72ce6ab127d,5,6b7e1f5b521de19b,d4f34f97b6d22a81,24365.119801038454,182,0.0028969806,0.06101023836186212,0.10465116279069768,9.0,0.0,0,0,2.2314622708194012e-10,1.0,1,0.0,1.49310934516173e-16,0.0,96.0,1.7322599544656538,7,0.09090909090909091
255518ea98e134ae,2,6b7e1f5b521de19b,6f9a9c5f2856c8b3,64520.93016905135,0,0.024744077,0.0,0.0,0.0,0.0,0,0,1.0,0.0,0,0.0,0.0,0.0,0.0,0.0,1,1.0
2557964d74e0566d,2,6b7e1f5b521de19b,6f9a9c5f2856c8b3,1.170863568534039,0,0.2832999,0.0,0.0,0.0,0.0,0,0,1.0,0.0,0,0.0,0.0,0.0,0.0,0.0,1,1.0
2557ca97cbcf2a8d,2,6b7e1f5b521de19b,d4f34f97b6d22a81,81.43217479245789,0,0.07092756,0.0,0.0,0.0,0.0,0,0,1.0,0.0,0,0.0,0.0,0.0,0.0,0.0,1,1.0
255ad45baa42e317,4,e366e0e543d0c5cd,d4f34f97b6d22a81,29419.911583850386,277,0.0061221314,-1.045413761193653e-17,0.0,0.0,0.0,0,0,1.0,0.0,0,0.0,0.0,0.0,51.0,0.9460412622760451,3,0.3333333333333333
255d3af624e2d889,5,6b7e1f5b521de19b,6f9a9c5f2856c8b3,993734.4584810275,502,0.01580565,0.009933013323938554,-0.06535947712418301,5.0,0.0,0,0,3.3333333322222223e-10,0.0,0,0.0,0.04505108274306705,0.10681941930421787,134.0,1.23935764202517,3,0.15
25780e3ed144607b,5,6b7e1f5b521de19b,6f9a9c5f2856c8b3,1362622.3737509905,393,0.0081805205,0.0557210523018352,-0.11627906976744186,20.0,30.0,1,0,7.505553498901801e-11,0.0,0,0.0,0.7535985609488604,1163774.533179361,160.0,1.5033388113736137,4,0.15384615384615385
2589f1f2a47b0be2,2,6b7e1f5b521de19b,,71011.85246572345,274,0.0034523027,0.06657946524316238,-0.47619047619047616,33.33333333333333,0.0,0,0,6.20752231800655e-11,0.0,0,0.0,0.5739007463839713,60648.12631506052,51.0,0.9354179065079731,3,0.29411764705882354
25a9a909470b76d7,2,6b7e1f5b521de19b,6f9a9c5f2856c8b3,19623.72126185764,0,0.022589844,0.0,0.0,0.0,0.0,0,0,1.0,0.0,0,0.0,0.0,0.0,0.0,0.0,1,1.0
25d9c7909363522a,3,674ec33189ed753c,,89664.46366676311,0,0.0036464112,0.0,0.0,0.0,0.0,0,0,1.0,0.0,0,0.0,0.0,0.0,0.0,0.0,1,1.0
25eafa2d384c46fa,2,6b7e1f5b521de19b,6f9a9c5f2856c8b3,1.170863568534039,0,0.511189,0.0,0.0,0.0,0.0,0,0,1.0,0.0,0,0.0,0.0,0.0,0.0,0.0,1,1.0
25f68ad0debd74ad,2,6b7e1f5b521de19b,6f9a9c5f2856c8b3,2267.5054832878254,6,0.47241154,-1.8720790143813748e-16,0.0,0.0,0.0,0,0,1.0,0.0,0,0.0,0.23958871486499023,-0.40884109287353726,6.0,2.2360679752637216,7,0.42857142857142855
25f7d1548fe5d388,2,6b7e1f5b521de19b,6f9a9c5f2856c8b3,6009.906030357736,132,0.0023473788,-1.0609939617529467e-16,0.0,0.0,0.0,0,0,1.0,0.0,0,0.0,0.4998782420079844,5131.883276812809,114.0,1.4345212579619389,3,0.2
26010835545c7ea6,2,6b7e1f5b521de19b,6f9a9c5f2856c8b3,1.170863568534039,0,0.31980705,0.0,0.0,0.0,0.0,0,0,1.0,0.0,0,0.0,0.0,0.0,0.0,0.0,1,1.0
2604dc75d0f799de,3,6b7e1f5b521de19b,,11264.189824104717,0,0.0001825848,0.0,0.0,0.0,0.0,0,0,1.0,0.0,0,0.0,0.0,0.0,0.0,0.0,1,1.0
2616061f0c5f8d9e,2,6b7e1f5b521de19b,6f9a9c5f2856c8b3,1.170863568534039,0,0.21062772,0.0,0.0,0.0,0.0,0,0,1.0,0.0,0,0.0,0.0,0.0,0.0,0.0,1,1.0
2630e3ad483b06a5,3,6b7e1f5b521de19b,,35845.270270304114,0,0.0775572,0.0,0.0,0.0,0.0,0,0,1.0,0.0,0,0.0,0.0,0.0,0.0,0.0,1,1.0
26366425dc981367,2,6b7e1f5b521de19b,6f9a9c5f2856c8b3,1.170863568534039,0,0.21062772,0.0,0.0,0.0,0.0,0,0,1.0,0.0,0,0.0,0.0,0.0,0.0,0.0,1,1.0
2645fcdf8688f27b,2,6b7e1f5b521de19b,6f9a9c5f2856c8b3,20169.84338011234,51,0.002481356,-1.6817665777624668e-16,0.0,0.0,0.0,0,0,1.0,0.0,0,0.0,0.0,0.0,51.0,0.0,2,1.0
264906f9f4e08bd5,2,6b7e1f5b521de19b,6f9a9c5f2856c8b3,1.170863568534039,0,0.21062772,0.0,0.0,0.0,0.0,0,0,1.0,0.0,0,0.0,0.0,0.0,0.0,0.0,1,1.0
264b0a84d60dd79d,3,6b7e1f5b521de19b,1e1439736d3ae4c5,1.170863568534039,0,0.0032792496,0.0,0.0,0.0,0.0,0,0,1.0,0.0,0,0.0,0.0,0.0,0.0,0.0,2,1.0
26627c4a18bd7f0e,0,4e40b1753336bf63,,34168.569058411624,0,0.400857,0.0,0.0,0.0,0.0,0,0,1.0,0.0,0,0.0,0.0,0.0,0.0,0.0,1,1.0
266c7ae3cbd96bdd,5,6b7e1f5b521de19b,6f9a9c5f2856c8b3,179003.01218540355,0,0.6889262,0.0,0.0,0.0,0.0,0,0,1.0,0.0,0,0.0,0.0,0.0,0.0,0.0,1,1.0
2676c079af753735,3,6b7e1f5b521de19b,d4f34f97b6d22a81,4517.797135638614,1,0.017468598,4.7099142839692145e-15,0.0,0.0,0.0,0,0,1.0,0.0,0,0.0,2.013137541299019e-16,0.0,1.0,2.828427099290346,10,0.1
2690337a31bf9c89,5,6b7e1f5b521de19b,6f9a9c5f2856c8b3,168509.02042315467,790,0.012609796,0.02835966998630419,0.04914004914004914,20.0,0.0,0,0,1.0127034025865929e-10,1.0,0,0.0012658227848101266,0.17891076717097365,0.36353030194063773,351.0,1.8038076836963528,5,0.47368421052631576
269ed05dbdda953a,4,255414ab73601d72,d4f34f97b6d22a81,1.170863568534039,0,0.14585179,0.0,0.0,0.0,0.0,0,0,1.0,0.0,0,0.0,0.0,0.0,0.0,0.0,1,1.0
26a0bcc02bf50dd0,2,6b7e1f5b521de19b,6f9a9c5f2856c8b3,1.170863568534039,0,0.33052135,0.0,0.0,0.0,0.0,0,0,1.0,0.0,0,0.0,0.0,0.0,0.0,0.0,1,1.0
26aab5d5b1ca033d,5,6b7e1f5b521de19b,d4f34f97b6d22a81,1456.4483841744886,30,0.0017484839,-1.6222091274948267e-16,0.0,0.0,0.0,0,0,1.0,0.0,0,0.0,0.7062544410821593,1242.9095581375134,30.0,0.9999999999333333,2,0.3333333333333333
26ae092108ca5fb0,3,6b7e1f5b521de19b,,9648.963805727817,59,0.00012548077,-8.517812962685082e-18,0.0,0.0,0.0,0,0,1.0,0.0,0,0.0,1.2243733941502883,8239.895066714433,34.0,1.023004570325395,3,0.2
26b08386fc404101,1,6b7e1f5b521de19b,d4f34f97b6d22a81,1.170863568534039,0,0.9985049,0.0,0.0,0.0,0.0,0,0,1.0,0.0,0,0.0,0.0,0.0,0.0,0.0,1,1.0
26c6e49cb03d8fd7,5,6b7e1f5b521de19b,d4f34f97b6d22a81,133452.39454642526,77,0.0072877114,-1.7918493766997658e-16,0.0,0.0,0.0,0,0,1.0,0.0,0,0.0,0.15655592550612685,0.6594080503075896,36.0,1.6424849429522996,9,0.07692307692307693
26ce6305e5c33a35,3,6b7e1f5b521de19b,,9648.963805727817,0,0.0010431132,0.0,0.0,0.0,0.0,0,0,1.0,0.0,0,0.0,0.0,0.0,0.0,0.0,1,1.0
26e0296c05277efa,4,fc3655a0b667e091,28c9c64e5918b06e,426084.1798525235,0,0.28748932,0.0,0.0,0.0,0.0,0,0,1.0,0.0,0,0.0,0.0,0.0,0.0,0.0,2,1.0
26e485a4bc57c39c,3,6b7e1f5b521de19b,,22962.31400177536,20,0.9820455,3.7211221122112215,2.6666666666666665,40.0,50.0,1,0,1.0646592474506669,3.0,0,0.15,0.4645048531925232,19610.434345442107,13.0,1.624807680277269,7,0.2222222222222222
26e80bda77ec703c,2,6b7e1f5b521de19b,6f9a9c5f2856c8b3,832076.8053691668,151,0.429008,0.24365317167212516,0.6,30.0,0.0,0,0,6.88530372611689e-11,1.0,0,0.006622516556291391,0.13461664419245367,-0.26626175040161376,58.0,1.4763013962162117,4,0.375
26eee25c4b0d8e2c,3,6b7e1f5b521de19b,,30559.481337518984,0,0.080679625,0.0,0.0,0.0,0.0,0,0,1.0,0.0,0,0.0,0.0,0.0,0.0,0.0,1,1.0
2709c4547e5dc0b3,2,6b7e1f5b521de19b,,74529.76131529504,0,0.074421816,0.0,0.0,0.0,0.0,0,0,1.0,0.0,0,0.0,0.0,0.0,0.0,0.0,1,1.0
27124ab99f251f26,5,6b7e1f5b521de19b,6f9a9c5f2856c8b3,1.170863568534039,0,0.20652822,0.0,0.0,0.0,0.0,0,0,1.0,0.0,0,0.0,0.0,0.0,0.0,0.0,1,1.0
2719b23e7fcf1d8b,3,6b7e1f5b521de19b,,9648.963805727817,0,0.00017004322,0.0,0.0,0.0,0.0,0,0,1.0,0.0,0,0.0,0.0,0.0,0.0,0.0,1,1.0
271bc3e4f1ac35ff,3,6b7e1f5b521de19b,,262389.5861676333,0,0.00020529954,0.0,0.0,0.0,0.0,0,0,1.0,0.0,0,0.0,0.0,0.0,0.0,0.0,1,1.0
2736874eec5156ac,3,6b7e1f5b521de19b,2095e0b55fdf3180,278787.4963550995,0,0.00091694074,0.0,0.0,0.0,0.0,0,0,1.0,0.0,0,0.0,0.0,0.0,0.0,0.0,1,1.0
273e45dd6d324815,2,6b7e1f5b521de19b,6f9a9c5f2856c8b3,35074.3895460749,131,0.0047501926,-1.5388047851927853e-17,0.0,0.0,0.0,0,0,1.0,0.0,0,0.0,0.0,0.0,66.0,0.007633587786142999,1,0.3333333333333333
2744fa8dafd93d59,4,255414ab73601d72,,25102.753943361105,143,0.9886052,3.526244952893674,-8.181818181818182,90.0,10.0,1,0,0.10384339511345347,3.0,0,0.1111111111111111,1.1545748763496624,21438.52089549648,12.0,1.1457561699867223,3,0.2857142857142857
27456872de9364b6,4,cca8e68b78e095c5,28c9c64e5918b06e,798.4497435488216,0,0.02137739,0.0,0.0,0.0,0.0,0,0,1.0,0.0,0,0.0,0.9970714522384507,680.9323489144921,0.0,0.0,2,1.0
275def29b77715f5,2,6b7e1f5b521de19b,6f9a9c5f2856c8b3,8879.724894666122,426,0.0007824905,-0.046933331325221955,0.19704433497536947,-30.0,40.0,0,0,7.808688093820547e-11,0.0,0,0.0,0.6866969943707432,7582.91082727413,98.0,0.6589683135235196,3,0.2
27825483391dca10,0,6b7e1f5b521de19b,,29324.531411075328,0,0.07604187,0.0,0.0,0.0,0.0,0,0,1.0,0.0,0,0.0,0.0,0.0,0.0,0.0,1,1.0
27a15748e94df977,5,6b7e1f5b521de19b,d4f34f97b6d22a81,1.170863568534039,0,0.00017936953,0.0,0.0,0.0,0.0,0,0,1.0,0.0,0,0.0,0.0,0.0,0.0,0.0,1,1.0
27aa5ccf13eaac39,3,6b7e1f5b521de19b,,9648.963805727817,0,0.0013514316,0.0,0.0,0.0,0.0,0,0,1.0,0.0,0,0.0,0.0,0.0,0.0,0.0,1,1.0
27afa35778a91c36,3,6b7e1f5b521de19b,,5186.502594949308,3,0.0001913098,-2.616820764472958e-17,0.0,0.0,0.0,0,0,1.0,0.0,0,0.0,0.0,0.0,3.0,0.0,2,1.0
27b75a9c99496eaa,4,e366e0e543d0c5cd,d4f34f97b6d22a81,193235.94645019592,42,0.011616787,-0.19656019656019624,-6.666666666666667,-20.0,20.0,0,-1,1.082531754720232,0.0,0,0.0,0.0,0.0,24.0,0.914732033831861,3,0.6
27b9422076115a0f,6,6b7e1f5b521de19b,,972080.0196430965,79,0.021891173,0.31645569620253156,-0.31645569620253167,25.0,0.0,0,1,1.0,0.0,0,0.0,0.3195621158720943,-0.48434569624014545,79.0,0.0,2,1.0
27baec6dc043e58b,3,6b7e1f5b521de19b,,5083.8994500666495,0,0.00017004322,0.0,0.0,0.0,0.0,0,0,1.0,0.0,0,0.0,0.0,0.0,0.0,0.0,1,1.0
27bc603859fd8deb,3,6b7e1f5b521de19b,,1.170863568534039,0,0.046125498,0.0,0.0,0.0,0.0,0,0,1.0,0.0,0,0.0,0.0,0.0,0.0,0.0,1,1.0
27bd01bdd65639db,2,6b7e1f5b521de19b,,35845.270270304114,0,0.91197085,0.0,0.0,0.0,0.0,0,0,1.0,0.0,0,0.0,0.0,0.0,0.0,0.0,1,1.0
27beb173d9d98bf7,2,6b7e1f5b521de19b,6f9a9c5f2856c8b3,1.170863568534039,0,0.016323606,0.0,0.0,0.0,0.0,0,0,1.0,0.0,0,0.0,0.0,0.0,0.0,0.0,1,1.0
27c3011efb06df38,4,77c27bf8a409b6bb,28c9c64e5918b06e,31441.363393509106,0,0.4056918,0.0,-49.0,49.0,0.0,0,1,1.0,0.0,0,0.0,0.9999255235878914,26852.14005702198,0.0,0.0,2,1.0
27c4cd7b850e9b8e,2,6b7e1f5b521de19b,,1.170863568534039,77,0.00041132234,0.029083204930662555,0.0,0.0,9.0,2,0,1.3355836864416433,2.0,0,0.025974025974025976,0.0,0.0,36.0,1.1038197069581346,3,0.25
27e968cecdb02e06,2,6b7e1f5b521de19b,,26280.95777724916,0,0.07546766,0.0,0.0,0.0,0.0,0,0,1.0,0.0,0,0.0,0.0,0.0,0.0,0.0,1,1.0
27ee21bf6b0f911d,0,6b7e1f5b521de19b,6f9a9c5f2856c8b3,139665.70103702517,0,0.2163514,0.0,0.0,0.0,0.0,0,0,1.0,0.0,0,0.0,0.9999832334818758,119283.35113229409,0.0,0.0,2,1.0
27f7d29d79c85707,3,6b7e1f5b521de19b,d4f34f97b6d22a81,21131.297132648375,185,0.0011178982,0.1484343035481508,-0.18518518518518517,20.0,0.0,0,0,1.0606601716673216e-10,1.0,0,0.005405405405405406,0.6830325576229058,-0.4104857635805156,39.0,1.1324292071415558,7,0.16666666666666666
280c97761cb64792,6,6b7e1f5b521de19b,,88724.25999587397,0,0.9992174,0.0,0.0,0.0,0.0,0,0,1.0,0.0,0,0.0,0.0,0.0,0.0,0.0,1,1.0
281aa709f1054dc3,2,6b7e1f5b521de19b,6f9a9c5f2856c8b3,1.170863568534039,0,0.0020885973,0.0,0.0,0.0,0.0,0,0,1.0,0.0,0,0.0,0.0,0.0,0.0,0.0,1,1.0
2832d6e1ce02bea6,2,6b7e1f5b521de19b,6f9a9c5f2856c8b3,98.49392076768089,28,0.0006787608,-7.658044238025519e-17,0.0,0.0,0.0,0,0,1.0,0.0,0,0.0,0.0,0.0,28.0,0.0,2,1.0
2836daad17c4ba1e,1,6b7e1f5b521de19b,,34725.85282263778,369,0.5674174,0.21334576101148017,-0.19480519480519481,60.0,0.0,0,0,3.76889180708e-11,3.0,0,0.008130081300813009,0.24396823096362877,-0.22712178275453773,103.0,1.1592107263365967,3,0.6666666666666666
2844f058fc57d1b3,2,6b7e1f5b521de19b,6f9a9c5f2856c8b3,5655.969519442425,0,0.07086907,0.0,0.0,0.0,0.0,0,0,1.0,0.0,0,0.0,0.0,0.0,0.0,0.0,1,1.0
287d7a72f0cfaea3,4,7545e34e09ae9cad,28c9c64e5918b06e,245333.30429795306,0,0.000996236,0.0,0.0,0.0,0.0,0,0,1.0,0.0,0,0.0,0.0,0.0,0.0,0.0,1,1.0
287e1cecf0a0e019,3,6b7e1f5b521de19b,,5655.969519442425,0,0.027436843,0.0,0.0,0.0,0.0,0,0,1.0,0.0,0,0.0,0.0,0.0,0.0,0.0,1,1.0
2887b53863d7cba7,2,6b7e1f5b521de19b,6f9a9c5f2856c8b3,1997853.8120249866,293,0.090612076,7.099973711091851e-17,0.0,0.0,0.0,0,0,1.0,0.0,0,0.0,0.08947001496343591,-0.17626890213899044,179.0,1.098774704354667,2,0.3333333333333333
289cd30b0abe76cf,3,6b7e1f5b521de19b,,1.170863568534039,0,0.0030427682,0.0,0.0,0.0,0.0,0,0,1.0,0.0,0,0.0,0.0,0.0,0.0,0.0,1,1.0
28cdcbbf9e42cc3a,0,6b7e1f5b521de19b,6f9a9c5f2856c8b3,41.64093372938602,0,0.019545594,0.0,0.0,0.0,0.0,0,0,1.0,0.0,0,0.0,0.9453018259742053,34.56429190253301,0.0,0.0,2,1.0
28ce28e32292eb92,4,75c64824a2a4e380,28c9c64e5918b06e,24696.398741469373,237,0.029004881,0.18166244334201775,-0.6666666666666666,60.0,0.0,0,0,4.1666666664930555e-11,0.0,0,0.0,0.0,0.0,98.0,0.3793481263619609,1,0.2
28d9c79f1d278868,0,e43bc3ffd79e75b6,,73237.08878153896,150,0.0005595205,0.05454501081951737,-0.42857142857142855,15.0,0.0,0,0,1.9051586884683975e-10,0.0,0,0.0,0.36437210429268174,2.442701193645093,50.0,0.7411702458203423,3,0.2857142857142857
28e3d17287d997e0,5,255414ab73601d72,d4f34f97b6d22a81,129910.94465503005,305,0.00010617919,-1.1488473509154364e-18,0.0,0.0,0.0,0,0,1.0,0.0,0,0.0,0.722425150740082,110952.10175008944,174.0,1.4340992601208646,3,0.1111111111111111
28f66aab51493dd7,5,6b7e1f5b521de19b,6f9a9c5f2856c8b3,1.170863568534039,0,0.39830947,0.0,0.0,0.0,0.0,0,0,1.0,0.0,0,0.0,0.0,0.0,0.0,0.0,1,1.0
28fc1f8f01882289,2,6b7e1f5b521de19b,,1.170863568534039,0,0.0002270598,0.0,0.0,0.0,0.0,0,0,1.0,0.0,0,0.0,0.0,0.0,0.0,0.0,1,1.0
29087a8866fd717b,0,6b7e1f5b521de19b,,1.170863568534039,0,0.050247703,0.0,0.0,0.0,0.0,0,0,1.0,0.0,0,0.0,0.0,0.0,0.0,0.0,1,1.0
2912296a9008c2e6,2,6b7e1f5b521de19b,6f9a9c5f2856c8b3,98.49392076768089,0,0.016237743,0.0,0.0,0.0,0.0,0,0,1.0,0.0,0,0.0,0.0,0.0,0.0,0.0,1,1.0
291661bb1dd3e134,0,6b7e1f5b521de19b,6f9a9c5f2856c8b3,28364.580587104123,0,0.17887624,0.0,0.0,0.0,0.0,0,0,1.0,0.0,0,0.0,0.9999174452634142,24224.3507149578,0.0,0.0,2,1.0
291ba32a618e28fe,4,ca0404ddaade5726,28c9c64e5918b06e,17598.62744916758,0,0.0014829102,0.0,0.0,0.0,0.0,0,0,1.0,0.0,0,0.0,0.9998669457969085,15029.468042661587,0.0,0.0,2,1.0
292c58833fc37f37,3,6b7e1f5b521de19b,,65064.44409714713,176,0.045064468,0.2016957862281603,-1.7857142857142858,50.0,0.0,0,0,4.769990459801092e-11,0.0,0,0.0,0.540849451318999,55568.620445710876,118.0,1.7110482021693805,2,0.3333333333333333
293be0997ff96851,5,6b7e1f5b521de19b,,1.170863568534039,0,0.17441826,0.0,0.0,0.0,0.0,0,0,1.0,0.0,0,0.0,0.0,0.0,0.0,0.0,1,1.0
2962b2b3ef4b4131,5,7b7c16a1b24ec3b8,28c9c64e5918b06e,122603.18432470375,0,0.79168737,0.0,-50.0,50.0,0.0,0,1,1.0,0.0,0,0.0,0.0,0.0,0.0,0.0,3,1.0
298d9f96f99b2dd3,4,062b9e5a52eb6d8e,28c9c64e5918b06e,1.170863568534039,0,0.020944925,0.0,0.0,0.0,0.0,0,0,1.0,0.0,0,0.0,0.0,0.0,0.0,0.0,2,1.0
298ddb56a50c8d82,3,6b7e1f5b521de19b,d4f34f97b6d22a81,1.170863568534039,0,0.022049882,0.0,0.0,0.0,0.0,0,0,1.0,0.0,0,0.0,0.0,0.0,0.0,0.0,1,1.0
2991eb79e2a6d515,5,6b7e1f5b521de19b,6f9a9c5f2856c8b3,1.170863568534039,0,0.21873026,0.0,0.0,0.0,0.0,0,0,1.0,0.0,0,0.0,0.0,0.0,0.0,0.0,1,1.0
299c18a1b4c891bf,3,6b7e1f5b521de19b,,3764.819039818671,43,0.9267506,0.10279001468428749,-2.0833333333333335,0.0,10.0,1,0,1.0,0.0,0,0.0,0.0,0.0,21.0,0.787400787322441,2,0.5
29a37a20e63343a8,4,6828ce51082c111b,28c9c64e5918b06e,1.170863568534039,0,0.21892676,0.0,0.0,0.0,0.0,0,0,1.0,0.0,0,0.0,0.0,0.0,0.0,0.0,1,1.0
29a63a0220fb1819,5,6b7e1f5b521de19b,d4f34f97b6d22a81,1.170863568534039,0,0.76044905,0.0,0.0,0.0,0.0,0,0,1.0,0.0,0,0.0,0.0,0.0,0.0,0.0,1,1.0
29b920e687b912a0,2,6b7e1f5b521de19b,,25654.101903090123,0,0.18145566,0.0,0.0,0.0,0.0,0,0,1.0,0.0,0,0.0,0.0,0.0,0.0,0.0,1,1.0
29d156605258e645,2,6b7e1f5b521de19b,6f9a9c5f2856c8b3,6980.6575917369855,0,0.022656722,0.0,0.0,0.0,0.0,0,0,1.0,0.0,0,0.0,0.0,0.0,0.0,0.0,1,1.0
29d8b2f0a38ebf1e,2,6b7e1f5b521de19b,6f9a9c5f2856c8b3,98.49392076768089,0,0.014594979,0.0,0.0,0.0,0.0,0,0,1.0,0.0,0,0.0,0.0,0.0,0.0,0.0,1,1.0
29e14ed68ac4ec37,3,6b7e1f5b521de19b,,18286.99223841811,0,0.0033216763,0.0,0.0,0.0,0.0,0,0,1.0,0.0,0,0.0,0.0,0.0,0.0,0.0,1,1.0
29eb055caee6e69d,3,6b7e1f5b521de19b,,36095.37719582366,0,0.0001704822,0.0,0.0,0.0,0.0,0,0,1.0,0.0,0,0.0,0.0,0.0,0.0,0.0,1,1.0
29f697737a7618b5,2,6b7e1f5b521de19b,d4f34f97b6d22a81,280.87906864983785,41,0.0011652879,-2.967455721027122e-17,0.0,0.0,0.0,0,0,1.0,0.0,0,0.0,0.70269454322094,238.89051858664283,41.0,0.9999999999512195,2,0.3333333333333333
2a02e51ad12ddd0b,2,6b7e1f5b521de19b,6f9a9c5f2856c8b3,21632.96134516493,65,0.0008696039,-3.8536735754645736e-17,0.0,0.0,0.0,0,0,1.0,0.0,0,0.0,0.0,0.0,64.0,1.381706345740395,3,0.25
2a03a1f5d9bef215,3,6b7e1f5b521de19b,d4f34f97b6d22a81,1.170863568534039,0,0.0018513175,0.0,0.0,0.0,0.0,0,0,1.0,0.0,0,0.0,0.0,0.0,0.0,0.0,1,1.0
2a12e1f0b5cb89a7,2,6b7e1f5b521de19b,6f9a9c5f2856c8b3,98.49392076768089,20,0.0008697622,-1.0721261933235725e-16,0.0,0.0,0.0,0,0,1.0,0.0,0,0.0,0.0,0.0,20.0,0.0,2,1.0
2a1ef0fad043a056,2,6b7e1f5b521de19b,6f9a9c5f2856c8b3,1100.311736085542,360,0.0003546498,-7.175251799896847e-17,0.0,0.0,0.0,0,0,1.0,0.0,0,0.0,0.0,0.0,104.0,0.10686324478587564,1,0.2
2a1ef452a75ac978,3,6b7e1f5b521de19b,,76057.68653515907,44,0.0020229965,-3.8953612450719335e-17,0.0,0.0,0.0,0,0,1.0,0.0,0,0.0,0.0,0.0,36.0,1.0300244720774676,2,0.5
2a1f45f17e82480d,2,6b7e1f5b521de19b,,1875334.4167467572,0,0.73068076,0.0,0.0,0.0,0.0,0,0,1.0,0.0,0,0.0,0.0,0.0,0.0,0.0,1,1.0
2a25eb41c6576067,5,6b7e1f5b521de19b,6f9a9c5f2856c8b3,1478807.6585938425,1293,0.14379287,0.01814617665812068,0.14486864929909826,40.0,50.0,2,0,5.116541968799971e-11,0.0,0,0.0,0.4299883785358661,1263004.9541824844,250.0,1.7264968367394227,7,0.5384615384615384
2a2684039bab4d1d,5,6b7e1f5b521de19b,d4f34f97b6d22a81,2336.8948032689946,0,0.042873677,0.0,0.0,0.0,0.0,0,0,1.0,0.0,0,0.0,0.0,0.0,0.0,0.0,1,1.0
2a4b7305b252f40d,0,6b7e1f5b521de19b,6f9a9c5f2856c8b3,69383.15464138098,0,0.009209483,0.0,0.0,0.0,0.0,0,0,1.0,0.0,0,0.0,0.9999662499113161,59257.10359634902,0.0,0.0,2,1.0
2a6b5678c3e0f316,4,a0d28553c7be77f0,28c9c64e5918b06e,1.170863568534039,0,0.0034220484,0.0,0.0,0.0,0.0,0,0,1.0,0.0,0,0.0,0.0,0.0,0.0,0.0,1,1.0
2a762ed9606f8791,3,6b7e1f5b521de19b,d4f34f97b6d22a81,1.170863568534039,0,0.002651523,0.0,0.0,0.0,0.0,0,0,1.0,0.0,0,0.0,0.0,0.0,0.0,0.0,1,1.0
2a7efaff5a7bf4c2,6,6b7e1f5b521de19b,,2578984.1004083403,149,0.047196344,2.585894322653507e-17,0.0,0.0,0.0,0,0,1.0,0.0,0,0.0,0.4086240692726276,5.589875610840454,133.0,1.4943853900945716,2,0.8
2a82cf3dafe01276,4,674ec33189ed753c,28c9c64e5918b06e,1.170863568534039,0,0.0053707953,0.0,0.0,0.0,0.0,0,0,1.0,0.0,0,0.0,0.0,0.0,0.0,0.0,1,1.0
2a9b0a6cae1381e6,4,6828ce51082c111b,28c9c64e5918b06e,641313.366553259,37,0.005441654,1.1464979628518898e-16,0.0,0.0,0.0,0,0,1.0,0.0,0,0.0,0.49999885892071627,547725.8093294636,37.0,1.7320508073816288,4,0.2
2a9c4ddf905243db,5,6b7e1f5b521de19b,6f9a9c5f2856c8b3,5459750.127724096,0,0.12627473,0.0,0.0,0.0,0.0,0,0,1.0,0.0,0,0.0,0.0,0.0,0.0,0.0,1,1.0
2a9dbcc99deb2ac9,2,6b7e1f5b521de19b,,218130.08395331344,265,0.005288019,7.817383418345096e-17,0.0,0.0,0.0,0,0,1.0,0.0,0,0.0,0.0,0.0,135.0,0.978421509747459,3,0.2
2aa2238f7f32bf21,4,7545e34e09ae9cad,28c9c64e5918b06e,71011.85246572345,50,0.0002610121,-0.38,-20.58,-9.0,29.0,1,-1,1.0,0.0,0,0.0,0.7070892928649021,60648.12631506052,50.0,0.99999999996,2,0.3333333333333333
2ab73a89bed6401d,0,6b7e1f5b521de19b,,9648.963805727817,0,0.020674735,0.0,0.0,0.0,0.0,0,0,1.0,0.0,0,0.0,0.0,0.0,0.0,0.0,1,1.0
2acc39c10774ebf8,3,6b7e1f5b521de19b,,71334.4936587824,45,0.70848566,0.6780938029760781,6.410256410256411,50.0,0.0,0,1,1.055289706018804,3.0,0,0.06666666666666667,0.5771893841379286,1.8416999114811523,20.0,0.9034911710020288,4,0.5714285714285714
2ad7a3e9543d50b1,6,6b7e1f5b521de19b,,25102.753943361105,0,0.004246345,0.0,0.0,0.0,0.0,0,0,1.0,0.0,0,0.0,0.0,0.0,0.0,0.0,1,1.0
2ae29af42eae2e7a,3,6b7e1f5b521de19b,,1.170863568534039,756,0.005117911,-0.0931571648502383,-0.11647254575707154,-70.0,70.0,0,0,2.865633642071018e-11,0.0,0,0.0,1.8964174025279222e-16,0.0,499.0,2.1206868003329116,3,0.23076923076923078
2ae7ba1b57c4879e,3,6b7e1f5b521de19b,d4f34f97b6d22a81,10573.806471589558,18,0.30889416,2.8805970149253715,-4.0,50.0,0.0,0,0,0.8769651057032405,0.0,0,0.0,0.6913822780319588,-0.7050152951322732,11.0,1.8724777263322585,10,0.09090909090909091
2aeb7dec34915c40,2,6b7e1f5b521de19b,,1.170863568534039,397,7.862399e-05,-0.007684167718830578,4.5,-9.0,9.0,0,0,1.0,0.0,0,0.0,0.0,0.0,395.0,1.403540371804943,3,0.25
2aff9690d90bfe4f,5,6b7e1f5b521de19b,,115001.75177014514,0,0.84445244,0.0,0.0,0.0,0.0,0,0,1.0,0.0,0,0.0,0.0,0.0,0.0,0.0,1,1.0
2b041be9db644121,3,6b7e1f5b521de19b,,2.4198904513070483,0,0.025392879,0.0,0.0,0.0,0.0,0,0,1.0,0.0,0,0.0,0.0,0.0,0.0,0.0,1,1.0
2b07c3e23a5398a9,3,6b7e1f5b521de19b,,2.4198904513070483,0,0.0029947106,0.0,0.0,0.0,0.0,0,0,1.0,0.0,0,0.0,0.0,0.0,0.0,0.0,1,1.0
2b0d2b3d97e47fd6,5,6b7e1f5b521de19b,6f9a9c5f2856c8b3,173895.04769373764,620,0.0014748801,-5.51607304142298e-18,0.0,0.0,0.0,0,0,1.0,0.0,0,0.0,0.0034446017448852575,-0.007446204308349226,174.0,0.9793284878750883,2,0.5384615384615384
2b1ed5a6d4514358,2,6b7e1f5b521de19b,d4f34f97b6d22a81,924.2261469524384,114,0.009772246,0.14018198420601063,-0.7692307692307693,25.0,0.0,0,0,7.23627226934269e-11,0.0,0,0.0,0.30109469567100533,788.3542610686923,42.0,1.3193519024769649,4,0.16666666666666666
2b28b24d8639f917,0,6b7e1f5b521de19b,d4f34f97b6d22a81,70515.52562574956,0,0.110361844,0.0,0.0,0.0,0.0,0,0,1.0,0.0,0,0.0,0.1428183264048137,0.33699589796570406,0.0,0.0,3,1.0
2b3fb57ed63f21c6,0,6b7e1f5b521de19b,6f9a9c5f2856c8b3,15986.224449984467,619,0.021041894,4.716557097348424e-17,0.0,0.0,0.0,0,0,1.0,0.0,0,0.0,0.7386733231740144,13652.362252956393,195.0,1.2085086299113599,3,0.4375
2b4a05fc4b727a87,2,6b7e1f5b521de19b,6f9a9c5f2856c8b3,1.170863568534039,0,0.32202145,0.0,0.0,0.0,0.0,0,0,1.0,0.0,0,0.0,0.0,0.0,0.0,0.0,1,1.0
2b562303d6002993,2,6b7e1f5b521de19b,6f9a9c5f2856c8b3,98.49392076768089,64,0.0007951785,-3.3503943541361643e-17,0.0,0.0,0.0,0,0,1.0,0.0,0,0.0,0.0,0.0,64.0,0.0,2,1.0
2b70431262077140,2,6b7e1f5b521de19b,6f9a9c5f2856c8b3,1298773.038087794,0,0.26315787,0.0,0.0,0.0,0.0,0,0,1.0,0.0,0,0.0,0.0,0.0,0.0,0.0,1,1.0
2b74041eb3989bb8,0,6b7e1f5b521de19b,6f9a9c5f2856c8b3,141628.9740284729,0,0.08937243,0.0,0.0,0.0,0.0,0,0,1.0,0.0,0,0.0,0.0,0.0,0.0,0.0,1,1.0
2b91697bd5bf5331,3,6b7e1f5b521de19b,,36077.87700023642,0,0.8636857,0.0,0.0,0.0,0.0,0,0,1.0,0.0,0,0.0,0.0,0.0,0.0,0.0,1,1.0
2b9352ed6bcf65b5,0,6b7e1f5b521de19b,6f9a9c5f2856c8b3,186555.16774733728,633,0.01355732,0.08547049145881856,0.20253670228702686,45.0,10.0,1,0,1.0034756176495259,0.0,0,0.0,1.154683628460189,159330.26007235047,288.0,0.8604691445207965,1,0.14285714285714285
2ba99f88d4bf9291,2,6b7e1f5b521de19b,6f9a9c5f2856c8b3,210367.3586828628,0,0.35777113,0.0,0.0,0.0,0.0,0,0,1.0,0.0,0,0.0,0.0,0.0,0.0,0.0,1,1.0
2ba9a3741843d8ac,0,6ab36d9b02cbcf6b,,524417.177630072,0,0.26880884,0.0,0.0,0.0,0.0,0,0,1.0,0.0,0,0.0,0.0,0.0,0.0,0.0,1,1.0
2bd714f44ee32b4d,0,6b7e1f5b521de19b,6f9a9c5f2856c8b3,1.170863568534039,0,0.07987506,0.0,0.0,0.0,0.0,0,0,1.0,0.0,0,0.0,0.0,0.0,0.0,0.0,1,1.0
2be232aafbabb186,2,6b7e1f5b521de19b,6f9a9c5f2856c8b3,36653.82156469722,8,0.53743815,-7.115723606020911e-16,0.0,0.0,0.0,0,0,1.0,0.0,0,0.0,0.0,0.0,6.0,0.499999999875,2,0.3333333333333333
2be351a99b933d97,3,6b7e1f5b521de19b,,2.4198904513070483,724,0.00020039774,9.703555274558562e-19,0.0,0.0,0.0,0,0,1.0,2.0,1,-0.0027624309392265192,1.835162453022127e-16,0.0,287.0,1.470692911243728,4,0.2
2be5638f3746fb51,3,6b7e1f5b521de19b,,11264.189824104717,0,0.9958092,0.0,0.0,0.0,0.0,0,0,1.0,0.0,0,0.0,0.0,0.0,0.0,0.0,1,1.0
2be5f27ab424bf2f,2,6b7e1f5b521de19b,6f9a9c5f2856c8b3,187311.92835582033,0,0.73336405,0.0,0.0,0.0,0.0,0,0,1.0,0.0,0,0.0,0.0,0.0,0.0,0.0,2,1.0
2bf046345abb95cc,3,6b7e1f5b521de19b,d4f34f97b6d22a81,6091.577363923724,0,0.9800863,0.0,0.0,0.0,0.0,0,0,1.0,0.0,0,0.0,0.0,0.0,0.0,0.0,1,1.0
2bfe36643adf7fb0,0,6b7e1f5b521de19b,6f9a9c5f2856c8b3,91597.87417954733,8,0.04946116,1.8351063829787233,-23.0,23.0,0.0,0,0,8.785764965157193e-11,0.0,0,0.0,0.001687225969163743,-0.0034044467747665324,6.0,1.658312393933966,6,0.14285714285714285
2c071b7d9483f796,4,255414ab73601d72,,114404.83460086421,10,0.91956645,2.070737864187333e-15,0.0,0.0,0.0,0,0,1.0,0.0,0,0.0,0.06461794921696419,-0.04126831242532839,7.0,1.3784048745198196,4,0.3333333333333333
2c0f45cec796bf7a,1,6b7e1f5b521de19b,,27364.314495222257,0,0.045837153,0.0,0.0,0.0,0.0,0,0,1.0,0.0,0,0.0,0.0,0.0,0.0,0.0,1,1.0
2c1de5e5421e1121,3,6b7e1f5b521de19b,,52063.463584601035,0,0.08570868,0.0,0.0,0.0,0.0,0,0,1.0,0.0,0,0.0,0.0,0.0,0.0,0.0,2,1.0
2c28c43135e18b34,2,6b7e1f5b521de19b,6f9a9c5f2856c8b3,21790.08499961947,3,0.021180931,-7.147507955490484e-16,0.0,0.0,0.0,0,0,1.0,0.0,0,0.0,0.0,0.0,3.0,0.0,2,1.0
2c2e2a1628d737c4,3,6b7e1f5b521de19b,,36095.37719582366,0,0.0019704837,0.0,0.0,0.0,0.0,0,0,1.0,0.0,0,0.0,0.0,0.0,0.0,0.0,1,1.0
2c38d2e9b4691446,2,6b7e1f5b521de19b,6f9a9c5f2856c8b3,5313.4205480970195,0,0.76839304,0.0,0.0,0.0,0.0,0,0,1.0,0.0,0,0.0,0.0,0.0,0.0,0.0,1,1.0
2c46d220791f5abe,0,e43bc3ffd79e75b6,,32461.976723684023,1,0.063461356,-1.21665684562112e-15,0.0,0.0,0.0,0,0,1.0,1.0,0,1.0,0.0,0.0,1.0,0.9999999980000001,3,0.3333333333333333
2c4d3639e97a845a,3,6b7e1f5b521de19b,d4f34f97b6d22a81,147782.212188992,0,0.007263428,0.0,0.0,0.0,0.0,0,0,1.0,0.0,0,0.0,0.0,0.0,0.0,0.0,1,1.0
2c5782d526200807,5,6b7e1f5b521de19b,6f9a9c5f2856c8b3,1.170863568534039,0,0.2768242,0.0,0.0,0.0,0.0,0,0,1.0,0.0,0,0.0,0.0,0.0,0.0,0.0,1,1.0
2c5b16e015c70a41,0,062b9e5a52eb6d8e,,147782.212188992,525,2.4846307e-05,-0.07583996759643373,-0.2132435465768799,-35.0,55.0,4,-1,0.37303826409142427,0.0,0,0.0,0.2827407872800103,-0.1331852416031085,122.0,0.9972988461828877,3,0.2222222222222222
2c6e359aa0ed69b7,0,674ec33189ed753c,,449705.725200155,7,0.0015572811,-3.0632176952102076e-16,0.0,0.0,0.0,0,0,1.0,0.0,0,0.0,0.041268137062202476,-0.07926514908760204,7.0,0.0,2,1.0
2c80b4e343167927,5,6b7e1f5b521de19b,d4f34f97b6d22a81,3283.921133670182,0,6.9580274e-05,0.0,-10.0,-10.0,10.0,0,-1,1.0206207261554485,0.0,0,0.0,0.4997771796343117,2803.7000708902087,0.0,0.0,5,1.0
2ca30447709b5dc3,3,6b7e1f5b521de19b,,2.4198904513070483,475,0.00016439694,6.863060636234396e-19,0.0,0.0,0.0,0,0,1.0,0.0,0,0.0,1.835162453022127e-16,0.0,174.0,0.7215649351690511,2,0.14285714285714285
2ca377578bb2bbe2,3,6b7e1f5b521de19b,,35845.270270304114,0,0.00088719145,0.0,0.0,0.0,0.0,0,0,1.0,0.0,0,0.0,0.0,0.0,0.0,0.0,2,1.0
2ca6252d41e318fc,1,6b7e1f5b521de19b,,5083.8994500666495,0,0.58962685,0.0,0.0,0.0,0.0,0,0,1.0,0.0,0,0.0,0.0,0.0,0.0,0.0,1,1.0
2cad7b5a797ccd2b,2,6b7e1f5b521de19b,6f9a9c5f2856c8b3,98.49392076768089,27,0.0009040379,-7.941675506100537e-17,0.0,0.0,0.0,0,0,1.0,0.0,0,0.0,0.0,0.0,27.0,0.0,2,1.0
2cb4fac65a62e3d4,3,6b7e1f5b521de19b,,8342.688652667997,0,0.089291245,0.0,0.0,0.0,0.0,0,0,1.0,0.0,0,0.0,0.0,0.0,0.0,0.0,2,1.0
2cbd751785c6573e,3,6b7e1f5b521de19b,,65064.44409714713,0,0.13009365,0.0,0.0,0.0,0.0,0,0,1.0,0.0,0,0.0,0.0,0.0,0.0,0.0,1,1.0
2cbfe9e6eb20523e,2,6b7e1f5b521de19b,6f9a9c5f2856c8b3,1.170863568534039,0,0.016660469,0.0,0.0,0.0,0.0,0,0,1.0,0.0,0,0.0,0.0,0.0,0.0,0.0,1,1.0
2cc021d58a5c3b55,2,6b7e1f5b521de19b,6f9a9c5f2856c8b3,8829.468233956963,150,6.8115325e-05,-0.0674929830796121,0.35294117647058826,-18.0,18.0,0,0,1.3363062093835506e-10,0.0,0,0.0,0.07041369360158915,-0.18684329103574057,56.0,1.1042543989714104,4,0.2222222222222222
2cc4765d72320da5,1,6b7e1f5b521de19b,6f9a9c5f2856c8b3,306.4823686674905,11,0.9907293,-2.857940963144117e-15,0.0,0.0,0.0,0,0,1.0,5.0,0,0.45454545454545453,0.4976145724741425,260.75754110379984,6.0,0.8672174555182351,3,0.4
2ccc2274c22857a2,3,6b7e1f5b521de19b,,72858.2909415927,0,0.4839746,0.0,0.0,0.0,0.0,0,0,1.0,0.0,0,0.0,0.0,0.0,0.0,0.0,1,1.0
2cee0d6f6c8d0e95,4,fd10c5543bdbcbc9,28c9c64e5918b06e,1.170863568534039,0,0.025917487,0.0,0.0,0.0,0.0,0,0,1.0,0.0,0,0.0,0.0,0.0,0.0,0.0,1,1.0
2cee6fecf1b4aba0,0,6b7e1f5b521de19b,,5863.460546876247,0,0.19630735,0.0,0.0,0.0,0.0,0,0,1.0,0.0,0,0.0,0.0,0.0,0.0,0.0,1,1.0
2cf8259fb999898c,3,6b7e1f5b521de19b,d4f34f97b6d22a81,21939.176249266162,101,5.831829e-05,-1.3981083144996983e-17,0.0,0.0,0.0,0,0,1.0,0.0,0,0.0,0.0,0.0,37.0,0.5890048996889838,2,0.2
2d0959a427f2de65,5,6b7e1f5b521de19b,d4f34f97b6d22a81,1.170863568534039,0,0.0032573985,0.0,0.0,0.0,0.0,0,0,1.0,0.0,0,0.0,0.0,0.0,0.0,0.0,1,1.0
2d1397c35f1dec4e,2,6b7e1f5b521de19b,6f9a9c5f2856c8b3,412.7635997837326,0,0.06946861,0.0,0.0,0.0,0.0,0,0,1.0,0.0,0,0.0,0.0,0.0,0.0,0.0,1,1.0
2d1cf3740ca0dcfa,0,6b7e1f5b521de19b,6f9a9c5f2856c8b3,1.170863568534039,0,0.0019160294,0.0,43.0,-23.0,33.0,1,-1,1.0,0.0,0,0.0,0.0,0.0,0.0,0.0,3,1.0
2d1d7dd26f041a9c,2,6b7e1f5b521de19b,6f9a9c5f2856c8b3,164269.9714399476,0,0.20757006,0.0,0.0,0.0,0.0,0,0,1.0,0.0,0,0.0,0.0,0.0,0.0,0.0,1,1.0
2d3e9f502b007c94,2,6b7e1f5b521de19b,6f9a9c5f2856c8b3,1.170863568534039,0,0.34826,0.0,0.0,0.0,0.0,0,0,1.0,0.0,0,0.0,0.0,0.0,0.0,0.0,1,1.0
2d43fad13981cc90,4,38080774be85927f,28c9c64e5918b06e,1.170863568534039,0,0.36718607,0.0,0.0,0.0,0.0,0,0,1.0,0.0,0,0.0,0.0,0.0,0.0,0.0,1,1.0
2d4674fc857e20a9,5,6b7e1f5b521de19b,,1.170863568534039,0,0.7076967,0.0,0.0,0.0,0.0,0,0,1.0,0.0,0,0.0,0.0,0.0,0.0,0.0,1,1.0
2d57bcfa53420c87,2,6b7e1f5b521de19b,,1.170863568534039,0,0.0017796404,0.0,0.0,0.0,0.0,0,0,1.0,0.0,0,0.0,0.0,0.0,0.0,0.0,1,1.0
2d5acc5825aa6980,3,6b7e1f5b521de19b,,263999.29512211593,0,0.0001814271,0.0,0.0,0.0,0.0,0,0,1.0,0.0,0,0.0,0.0,0.0,0.0,0.0,1,1.0
2d73b8ebd9d6c9fd,2,6b7e1f5b521de19b,6f9a9c5f2856c8b3,28127.187762869016,0,0.8055316,0.0,0.0,0.0,0.0,0,0,1.0,0.0,0,0.0,0.7070626295096195,24021.600513640726,0.0,0.0,3,1.0
2d784d2110daa8b2,3,6b7e1f5b521de19b,,6825.920575393989,0,0.0035768661,0.0,0.0,0.0,0.0,0,0,1.0,0.0,0,0.0,0.0,0.0,0.0,0.0,1,1.0
2d7f18ed8575862e,2,6b7e1f5b521de19b,,159208.65214788017,0,0.045633685,0.0,0.0,0.0,0.0,0,0,1.0,0.0,0,0.0,0.0,0.0,0.0,0.0,1,1.0
2d842c2cb1e05df8,2,6b7e1f5b521de19b,6f9a9c5f2856c8b3,1.170863568534039,0,0.23777822,0.0,0.0,0.0,0.0,0,0,1.0,0.0,0,0.0,0.0,0.0,0.0,0.0,1,1.0
2d982d838e01f66b,2,6b7e1f5b521de19b,6f9a9c5f2856c8b3,98.49392076768089,20,0.00056283677,-1.0721261933235725e-16,0.0,0.0,0.0,0,0,1.0,0.0,0,0.0,0.0,0.0,20.0,0.0,2,1.0
2d9c9dd33d41fe92,2,6b7e1f5b521de19b,6f9a9c5f2856c8b3,411.38495102137347,0,0.8170744,0.0,0.0,0.0,0.0,0,0,1.0,0.0,0,0.0,0.0,0.0,0.0,0.0,1,1.0
2da27cdf73d969a4,2,6b7e1f5b521de19b,,5655.969519442425,0,0.3292184,0.0,0.0,0.0,0.0,0,0,1.0,0.0,0,0.0,0.0,0.0,0.0,0.0,1,1.0
2da3b761647a4d93,3,6b7e1f5b521de19b,,4966.308414472941,36,0.02374031,-3.7246209145030797e-16,0.0,0.0,0.0,0,0,1.0,0.0,0,0.0,0.0,0.0,34.0,1.2963624320673068,2,0.5
2db332b0946f30cf,5,75c64824a2a4e380,,45888537.05725525,640,4.649235e-05,-0.004419920169495636,-0.022443890274314215,-3.0,9.0,0,-1,1.8903781130059165,1.0,1,-0.0015625,3.058685051962068,51.724226586709676,147.0,1.147062314373156,4,0.2222222222222222
2dc1d4858008d3c4,0,6b7e1f5b521de19b,6f9a9c5f2856c8b3,16672.96342661008,0,0.84517866,0.0,0.0,0.0,0.0,0,0,1.0,0.0,0,0.0,0.5773085024465396,14238.885734496971,0.0,0.0,4,1.0
2dc41682825c2265,4,fe3d0016707df0ff,28c9c64e5918b06e,704536.8878871537,0,0.00014380239,0.0,0.0,0.0,0.0,0,0,1.0,0.0,0,0.0,0.0,0.0,0.0,0.0,1,1.0
2de7d011fbc0e0b9,2,6b7e1f5b521de19b,,11981.44005651322,11,0.29216895,4.672897196261681,-50.0,50.0,0.0,0,0,3.9999999998400004e-11,0.0,0,0.0,0.5055206044525714,10231.994157905512,5.0,1.6713432996189221,9,0.1
2dec0514bf6b98e2,3,6b7e1f5b521de19b,,35845.270270304114,253,5.6279234e-05,-0.03252634921595017,-0.06766917293233082,-9.0,9.0,0,-1,1.1067971810326656,0.0,0,0.0,0.0,0.0,112.0,1.0552571483903381,2,0.42857142857142855
2e2049f304b2b0c8,2,6b7e1f5b521de19b,d4f34f97b6d22a81,7556.819970406958,0,0.38752,0.0,0.0,0.0,0.0,0,0,1.0,0.0,0,0.0,0.0,0.0,0.0,0.0,1,1.0
2e60f47bba56d3f1,3,6b7e1f5b521de19b,,11264.189824104717,307,0.0124534415,0.0409544543357834,0.32786885245901637,20.0,9.0,1,1,1.2977846941829974,0.0,0,0.0,0.06440043245319381,0.16739890944746513,170.0,1.2301496027781709,2,0.5
2e76c1140c283e8b,2,6b7e1f5b521de19b,6f9a9c5f2856c8b3,3084.1983883033513,0,0.1937981,0.0,0.0,0.0,0.0,0,0,1.0,0.0,0,0.0,0.0,0.0,0.0,0.0,1,1.0
2e7a9933271a67c2,6,6b7e1f5b521de19b,,2919289.5458084517,0,0.6285903,0.0,0.0,0.0,0.0,0,0,1.0,0.0,0,0.0,0.0,0.0,0.0,0.0,1,1.0
2e991d29e68b2e41,2,6b7e1f5b521de19b,,5655.969519442425,0,0.32177326,0.0,0.0,0.0,0.0,0,0,1.0,0.0,0,0.0,0.0,0.0,0.0,0.0,1,1.0
2ea3f787f5cbdd2a,3,6b7e1f5b521de19b,,2.4198904513070483,0,0.00031111375,0.0,0.0,0.0,0.0,0,0,1.0,0.0,0,0.0,0.0,0.0,0.0,0.0,1,1.0
2ea52038c5986ca8,0,6b7e1f5b521de19b,6f9a9c5f2856c8b3,26396.718866699845,136,0.00491542,-1.5766561666523126e-17,0.0,0.0,0.0,0,0,1.0,0.0,0,0.0,0.00488755554228275,0.009823122139621904,136.0,0.0,2,1.0
2ea899792613e3d7,6,6b7e1f5b521de19b,,6817.407966200085,0,0.13192767,0.0,0.0,0.0,0.0,0,0,1.0,0.0,0,0.0,0.0,0.0,0.0,0.0,1,1.0
2ec5bdfd2eb58f43,0,6b7e1f5b521de19b,,10004224.408039277,780,3.817447e-05,-0.01337791835605776,-0.03474903474903475,-9.0,9.0,0,0,0.9449111825364251,0.0,0,0.0,1.86185862417696e-16,0.0,171.0,0.8178120615593186,2,0.3
2ecb2b0e0d055a0f,5,6b7e1f5b521de19b,d4f34f97b6d22a81,1.170863568534039,0,0.0023033044,0.0,0.0,0.0,0.0,0,0,1.0,0.0,0,0.0,0.0,0.0,0.0,0.0,1,1.0
2ed1686cbbbcc271,0,e43bc3ffd79e75b6,,21474.80466688851,20,0.002563158,-0.470588235294117,-21.11111111111111,20.0,20.0,1,-1,0.670820393272019,0.0,0,0.0,0.5187230240133491,18339.996546485512,18.0,1.7606816857257304,4,0.3333333333333333
2ee32d5fded5b343,3,6b7e1f5b521de19b,,35845.270270304114,54,0.0012981768,1.3279454636068934e-16,0.0,0.0,0.0,0,0,1.0,0.0,0,0.0,0.0,0.0,54.0,1.4142135622945275,2,0.5
2ee374e768162b8f,4,d1650c60f1f48b67,28c9c64e5918b06e,329575.0427115465,552,0.0005113232,0.029564034910623337,-0.08695652173913043,20.0,0.0,0,0,1.202675588461267e-10,0.0,0,0.0,0.07077525508352135,-0.13647684054298453,195.0,0.8402673082525042,2,0.1111111111111111
2ee959e08f3b53b9,2,bd661df59343798b,28c9c64e5918b06e,211.4574129138252,217,0.0002558615,-2.5905400398873053e-17,0.0,0.0,0.0,0,0,1.0,0.0,0,0.0,0.0,0.0,92.0,0.1923376659393613,1,0.25
2ef09c274180347f,4,ac07a4f1ad9a4f67,,509198.75018512644,0,0.078067474,0.0,0.0,0.0,0.0,0,0,1.0,0.0,0,0.0,0.0,0.0,0.0,0.0,1,1.0
2ef30f0f861e9298,3,6b7e1f5b521de19b,d4f34f97b6d22a81,35845.270270304114,0,0.00014481336,0.0,0.0,0.0,0.0,0,0,1.0,0.0,0,0.0,0.0,0.0,0.0,0.0,1,1.0
2f133197c855707b,3,6b7e1f5b521de19b,,9648.963805727817,0,0.0009987211,0.0,0.0,0.0,0.0,0,0,1.0,0.0,0,0.0,0.0,0.0,0.0,0.0,1,1.0
2f18cc040c444160,2,6b7e1f5b521de19b,,12563.393836840341,0,0.0025750066,0.0,0.0,0.0,0.0,0,0,1.0,0.0,0,0.0,0.0,0.0,0.0,0.0,1,1.0
2f308f7ea5bd43f1,5,6b7e1f5b521de19b,6f9a9c5f2856c8b3,1060.8669669680157,0,0.025831468,0.0,0.0,0.0,0.0,0,0,1.0,0.0,0,0.0,0.0,0.0,0.0,0.0,2,1.0
2f31bfb607e63577,0,6b7e1f5b521de19b,,10004224.408039277,684,8.89017e-05,-0.020317370136514256,-0.21630182636034995,-19.0,29.0,1,0,0.9599844307235041,1.0,0,0.0014619883040935672,1.86185862417696e-16,0.0,301.0,1.3594007192872324,4,0.6363636363636364
2f32805c6aba6987,2,6b7e1f5b521de19b,,40966.8423659283,0,0.003404804,0.0,0.0,0.0,0.0,0,0,1.0,0.0,0,0.0,0.0,0.0,0.0,0.0,1,1.0
2f51230b7cc01f98,2,6b7e1f5b521de19b,,1.170863568534039,0,0.00019189276,0.0,0.0,0.0,0.0,0,0,1.0,0.0,0,0.0,0.0,0.0,0.0,0.0,1,1.0
2f54c5cbd8be332c,3,6b7e1f5b521de19b,,9648.963805727817,0,0.197976,0.0,0.0,0.0,0.0,0,0,1.0,0.0,0,0.0,0.0,0.0,0.0,0.0,1,1.0
2f6e313e1502dbee,0,6b7e1f5b521de19b,6f9a9c5f2856c8b3,2674.015532288598,0,0.0007947959,0.0,0.0,0.0,0.0,0,0,1.0,0.0,0,0.0,0.0,0.0,0.0,0.0,1,1.0
2f76de042dd47d8d,0,6b7e1f5b521de19b,6f9a9c5f2856c8b3,16701.624862064935,8,0.45999056,0.4166666666666663,-5.0,10.0,0.0,0,0,2.6832815722797473e-10,0.0,0,0.0,0.06427267120020878,0.149974939572464,6.0,1.4577379728002389,5,0.16666666666666666
2f7a855e330f879c,3,95a23e7fbcc5841e,,89664.46366676311,0,0.03977584,0.0,0.0,0.0,0.0,0,0,1.0,0.0,0,0.0,0.0,0.0,0.0,0.0,1,1.0
2f8e34f682b12add,4,1bb1bb990c53f4fc,28c9c64e5918b06e,8366.924560638552,157,0.0016134668,8.65596620398713e-18,0.0,0.0,0.0,0,0,1.0,0.0,0,0.0,0.0,0.0,59.0,0.579092643685033,1,0.3333333333333333
2f91d1adcd6c0fe2,0,e43bc3ffd79e75b6,,177617.14935096703,0,0.015722906,0.0,0.0,0.0,0.0,0,0,1.0,0.0,0,0.0,0.0,0.0,0.0,0.0,1,1.0
2fa04f8b4507cc26,2,6b7e1f5b521de19b,6f9a9c5f2856c8b3,174827.5652787984,0,0.1811491,0.0,0.0,0.0,0.0,0,0,1.0,0.0,0,0.0,0.0,0.0,0.0,0.0,1,1.0
2fc1341fdc939444,4,d80899b211b3d52f,,1.170863568534039,0,0.0024317778,0.0,0.0,0.0,0.0,0,0,1.0,0.0,0,0.0,0.0,0.0,0.0,0.0,1,1.0
2fcec0d56884f8cc,2,6b7e1f5b521de19b,6f9a9c5f2856c8b3,760753.8886393537,83,0.10675735,8.267313193886024e-18,0.0,0.0,0.0,0,0,1.0,0.0,0,0.0,0.045003605164593605,-0.08975465433258083,59.0,1.3824480905088712,2,0.3333333333333333
2fd4ca3a999bd95a,3,6b7e1f5b521de19b,,3391.863497755878,89,0.010607172,2.4193259729596975e-16,0.0,0.0,0.0,0,0,1.0,0.0,0,0.0,0.0,0.0,65.0,0.4606741572930186,1,0.3333333333333333
2fd4cf5d80678ff4,4,ac6153076817c20f,28c9c64e5918b06e,886360.5780622122,409,0.007269244,0.0524670180454496,0.04950495049504951,20.0,0.0,0,0,1.082531754720232,0.0,0,0.0,0.2573215313661097,1.1677140755912538,197.0,1.9778621271649466,9,0.13333333333333333
2fd824b9ed8782ec,5,6b7e1f5b521de19b,d4f34f97b6d22a81,1.170863568534039,0,0.02147265,0.0,0.0,0.0,0.0,0,0,1.0,0.0,0,0.0,0.0,0.0,0.0,0.0,1,1.0
3004430e0486d470,3,6b7e1f5b521de19b,,5479.120830957844,0,0.006308707,0.0,0.0,0.0,0.0,0,0,1.0,0.0,0,0.0,0.0,0.0,0.0,0.0,1,1.0
3010a50c59c99909,2,6b7e1f5b521de19b,6f9a9c5f2856c8b3,13064.897216337125,25,0.0044878307,-4.24487142209259e-17,0.0,0.0,0.0,0,0,1.0,0.0,0,0.0,0.8876242155433338,11157.342925209316,14.0,2.5783715770546336,18,0.047619047619047616
301390897b9b4868,4,7608f4f5fafe9b10,,1.170863568534039,52,0.00015782632,-4.1235622820137405e-17,0.0,0.0,0.0,0,0,1.0,0.0,0,0.0,0.0,0.0,52.0,0.0,2,1.0
3025c03466928db9,0,6b7e1f5b521de19b,6f9a9c5f2856c8b3,10080.236977536448,0,0.09588998,0.0,0.0,0.0,0.0,0,0,1.0,0.0,0,0.0,0.99976771824174,8608.232747891583,0.0,0.0,2,1.0
302a0f07c5601d72,0,6b7e1f5b521de19b,6f9a9c5f2856c8b3,288.81090594675015,0,0.09008506,0.0,0.0,0.0,0.0,0,0,1.0,0.0,0,0.0,0.0,0.0,0.0,0.0,1,1.0
303175604a48d853,2,6b7e1f5b521de19b,6f9a9c5f2856c8b3,5829.658438600196,15,0.07630762,2.0237264480111663,-17.045454545454547,0.0,50.0,1,-1,1.0606601717772477,0.0,0,0.0,0.4471058145561193,4977.93913113987,11.0,1.4298407054918676,3,0.16666666666666666
30445791b1a748e2,0,6b7e1f5b521de19b,6f9a9c5f2856c8b3,450560.6691294054,91,0.00087251514,4.181602504653192e-17,0.0,0.0,0.0,0,0,1.0,0.0,0,0.0,0.0,0.0,70.0,0.5384615384497042,1,0.3333333333333333
30458d61184c597b,2,6b7e1f5b521de19b,6f9a9c5f2856c8b3,1.170863568534039,0,0.21062772,0.0,0.0,0.0,0.0,0,0,1.0,0.0,0,0.0,0.0,0.0,0.0,0.0,1,1.0
30649aecf56cb50c,5,6b7e1f5b521de19b,6f9a9c5f2856c8b3,223427.98552715077,0,0.44410986,0.0,0.0,0.0,0.0,0,0,1.0,0.0,0,0.0,0.0,0.0,0.0,0.0,1,1.0
307353e35a214e4c,3,6b7e1f5b521de19b,,35845.270270304114,40,0.023075065,-8.119847570969573e-17,0.0,0.0,0.0,0,0,1.0,0.0,0,0.0,0.0,0.0,40.0,0.0,2,1.0
3073b1a378033eea,4,255414ab73601d72,28c9c64e5918b06e,1.170863568534039,0,0.002195133,0.0,0.0,0.0,0.0,0,0,1.0,0.0,0,0.0,0.0,0.0,0.0,0.0,1,1.0
307ec92f493c2e56,2,6b7e1f5b521de19b,6f9a9c5f2856c8b3,98.49392076768089,21,0.0005452286,-1.0210725650700691e-16,0.0,0.0,0.0,0,0,1.0,0.0,0,0.0,0.0,0.0,21.0,0.0,2,1.0
30802739f783cc74,3,6b7e1f5b521de19b,,1.170863568534039,0,0.012477431,0.0,0.0,0.0,0.0,0,0,1.0,0.0,0,0.0,0.0,0.0,0.0,0.0,1,1.0
3082de22d730d1f6,0,6b7e1f5b521de19b,6f9a9c5f2856c8b3,194973.72890117686,421,0.000467165,-0.009322063466318656,-0.042682926829268296,-4.200000000000003,7.0,0,0,1.332504477076392,0.0,0,0.0,0.3530263379177562,1.0711367006848154,93.0,1.3557411585433443,4,0.32
30831766705681c9,2,6b7e1f5b521de19b,6f9a9c5f2856c8b3,13563176.270952508,15,0.00023924577,-5.233641528945916e-18,0.0,0.0,0.0,0,0,1.0,0.0,0,0.0,0.22900647469915342,0.5940555067820931,15.0,0.0,2,1.0
3084e9b46a3b443b,4,4dcb7378104041b8,28c9c64e5918b06e,1.170863568534039,0,0.0037861124,0.0,0.0,0.0,0.0,0,0,1.0,0.0,0,0.0,0.0,0.0,0.0,0.0,2,1.0
30a4b2409663ec0b,4,75c64824a2a4e380,,30484.238499855564,5,0.016001629,-4.28850477329429e-16,0.0,0.0,0.0,0,0,1.0,0.0,0,0.0,0.9214802827568125,-0.9591358194264007,5.0,0.0,2,1.0
30a9ad3c9b87f687,4,fc3655a0b667e091,28c9c64e5918b06e,1.170863568534039,0,0.038216464,0.0,0.0,0.0,0.0,0,0,1.0,0.0,0,0.0,0.0,0.0,0.0,0.0,1,1.0
30ad8384a1e73b99,3,6b7e1f5b521de19b,,80872.05936290111,0,0.082810014,0.0,0.0,0.0,0.0,0,0,1.0,0.0,0,0.0,0.0,0.0,0.0,0.0,1,1.0
30bf857ffea0650c,3,6b7e1f5b521de19b,,2.4198904513070483,0,9.662988e-05,0.0,0.0,0.0,0.0,0,0,1.0,0.0,0,0.0,0.0,0.0,0.0,0.0,1,1.0
30cfa4ff468683ef,2,6b7e1f5b521de19b,6f9a9c5f2856c8b3,1.170863568534039,0,0.20171684,0.0,0.0,0.0,0.0,0,0,1.0,0.0,0,0.0,0.0,0.0,0.0,0.0,1,1.0
30d427fdd2088760,5,6b7e1f5b521de19b,d4f34f97b6d22a81,2336.8948032689946,0,0.031663183,0.0,0.0,0.0,0.0,0,0,1.0,0.0,0,0.0,0.0,0.0,0.0,0.0,1,1.0
30d8c29707661f66,3,6b7e1f5b521de19b,,133.59468048332604,0,0.019837823,0.0,0.0,0.0,0.0,0,0,1.0,0.0,0,0.0,0.0,0.0,0.0,0.0,1,1.0
30df2c1f043f0817,2,6b7e1f5b521de19b,,1.170863568534039,0,0.0024432845,0.0,0.0,0.0,0.0,0,0,1.0,0.0,0,0.0,0.0,0.0,0.0,0.0,1,1.0
3104a2b3829cf401,2,6b7e1f5b521de19b,,1.170863568534039,412,4.5983423e-05,7.585143579340334e-19,0.0,0.0,0.0,0,0,1.0,0.0,0,0.0,0.0,0.0,395.0,1.3276454977160081,2,0.25
3112641d3362d77a,5,75c64824a2a4e380,d4f34f97b6d22a81,20728.290076792444,155,0.00011202453,2.606915744228727e-18,0.0,0.0,0.0,0,0,1.0,0.0,0,0.0,0.05893375831831622,-0.131799514345928,147.0,1.615056626962068,3,0.2
31165d4b506d8ef0,2,6b7e1f5b521de19b,,29324.531411075328,0,0.15887806,0.0,0.0,0.0,0.0,0,0,1.0,0.0,0,0.0,0.0,0.0,0.0,0.0,1,1.0
3116a20c215a8fc0,4,e9943875f43f341e,28c9c64e5918b06e,1.170863568534039,1,0.0019759282,-2.144252386647145e-15,0.0,0.0,0.0,0,0,1.0,0.0,0,0.0,0.0,0.0,1.0,0.0,2,1.0
3124b29efad662b4,3,6b7e1f5b521de19b,,1.170863568534039,0,0.00027161182,0.0,0.0,0.0,0.0,0,0,1.0,0.0,0,0.0,0.0,0.0,0.0,0.0,1,1.0
3141a155f4392933,1,6b7e1f5b521de19b,,289974.2319295856,0,0.33601552,0.0,0.0,0.0,0.0,0,0,1.0,0.0,0,0.0,0.0,0.0,0.0,0.0,1,1.0
3146d65c611058d7,6,6b7e1f5b521de19b,,63065.43046534744,0,0.002285385,0.0,0.0,0.0,0.0,0,0,1.0,0.0,0,0.0,0.0,0.0,0.0,0.0,1,1.0
314907c6b4d0d3e2,2,6b7e1f5b521de19b,,11385.741956336713,0,0.58962685,0.0,0.0,0.0,0.0,0,0,1.0,0.0,0,0.0,0.0,0.0,0.0,0.0,1,1.0
3151507c91d82197,5,6b7e1f5b521de19b,6f9a9c5f2856c8b3,149870.40845983682,2,0.727247,6.227452365137386e-16,0.0,0.0,0.0,0,0,1.0,0.0,0,0.0,0.06344596589888947,-0.11411252927332001,2.0,1.7320508041047757,5,0.6
317b6f281b6acdc4,5,6b7e1f5b521de19b,6f9a9c5f2856c8b3,1.170863568534039,0,0.5655367,0.0,0.0,0.0,0.0,0,0,1.0,0.0,0,0.0,0.0,0.0,0.0,0.0,1,1.0
3182888a55ac01a3,3,6b7e1f5b521de19b,,2.4198904513070483,0,0.00077374466,0.0,0.0,0.0,0.0,0,0,1.0,0.0,0,0.0,0.0,0.0,0.0,0.0,1,1.0
318399dade3a0715,4,ddbd249e57ed6b40,28c9c64e5918b06e,1.170863568534039,0,0.1099802,0.0,0.0,0.0,0.0,0,0,1.0,0.0,0,0.0,0.0,0.0,0.0,0.0,1,1.0
3196f4d5e8a4e6d3,6,6b7e1f5b521de19b,,201842.35654069122,0,0.99560505,0.0,0.0,0.0,0.0,0,0,1.0,0.0,0,0.0,0.0,0.0,0.0,0.0,1,1.0
319d91b02f004720,2,6b7e1f5b521de19b,6f9a9c5f2856c8b3,3155.177517767596,66,0.046515267,-3.687428660283755e-16,0.0,0.0,0.0,0,0,1.0,0.0,0,0.0,0.0,0.0,27.0,1.3846860190591626,5,0.2
319f7a2edc172498,5,6b7e1f5b521de19b,d4f34f97b6d22a81,4001.8218938220325,1,0.89287776,5.999999999999997,9.0,9.0,0.0,0,1,1.0206207261549807,3.0,0,3.0,1.4208762912005226,3416.837911578759,1.0,1.7320508006406738,5,0.6
319f9f432340ab2a,5,062b9e5a52eb6d8e,28c9c64e5918b06e,1684.898767285085,0,0.06964822,0.0,0.0,0.0,0.0,0,0,1.0,0.0,0,0.0,0.0,0.0,0.0,0.0,1,1.0
31bdb80530d4886d,2,6b7e1f5b521de19b,6f9a9c5f2856c8b3,60941.55256657486,0,0.06641091,0.0,0.0,0.0,0.0,0,0,1.0,0.0,0,0.0,0.0,0.0,0.0,0.0,1,1.0
31c7e0897ddb20e9,3,6b7e1f5b521de19b,,2.4198904513070483,0,0.0021258856,0.0,0.0,0.0,0.0,0,0,1.0,0.0,0,0.0,0.0,0.0,0.0,0.0,1,1.0
31ce357e72615d07,2,6b7e1f5b521de19b,,1.170863568534039,0,0.004155109,0.0,0.0,0.0,0.0,0,0,1.0,0.0,0,0.0,0.0,0.0,0.0,0.0,1,1.0
31edaa7af0b0f938,5,6b7e1f5b521de19b,d4f34f97b6d22a81,2440265.4822142487,147,0.00027586397,0.0,0.0,0.0,0.0,0,0,1.0,0.0,0,0.0,1.5888048039761151,2084157.6908964503,112.0,1.8601928555899536,6,0.125
31f366c02e74baec,2,6b7e1f5b521de19b,6f9a9c5f2856c8b3,17285.761249983836,0,0.2971024,0.0,0.0,0.0,0.0,0,0,1.0,0.0,0,0.0,0.5772981273815374,14762.258260419014,0.0,0.0,4,1.0
32013b06c6cc2763,4,48deb34ff5cdd785,28c9c64e5918b06e,1.170863568534039,52,0.00021047809,-6.485488922711093e-17,0.0,0.0,0.0,0,0,1.0,0.0,0,0.0,0.0,0.0,52.0,0.9999999999615384,2,0.6666666666666666
3238856c2af27c75,2,6b7e1f5b521de19b,,9648.963805727817,0,0.7852824,0.0,0.0,0.0,0.0,0,0,1.0,0.0,0,0.0,0.0,0.0,0.0,0.0,1,1.0
3267f9884c48465b,3,6b7e1f5b521de19b,,21273.147061594493,0,0.040024962,0.0,0.0,0.0,0.0,0,0,1.0,0.0,0,0.0,0.0,0.0,0.0,0.0,1,1.0
3272b83a471b2680,5,6b7e1f5b521de19b,,275.92792463156036,1494,2.181196e-05,-0.028219143896200064,-0.03826530612244898,-29.666666666666668,30.0,2,0,0.3352254589888273,0.0,0,0.0,0.2635504983825203,-0.9870292851437243,466.0,1.2523754375318519,4,0.06666666666666667
32736d8ef71019eb,5,6b7e1f5b521de19b,d4f34f97b6d22a81,28713.874839695327,0,0.024160473,0.0,0.0,0.0,0.0,0,0,1.0,0.0,0,0.0,0.0,0.0,0.0,0.0,1,1.0
327436b765f07412,2,6b7e1f5b521de19b,6f9a9c5f2856c8b3,1.170863568534039,0,0.061524913,0.0,0.0,0.0,0.0,0,0,1.0,0.0,0,0.0,0.0,0.0,0.0,0.0,1,1.0
3279da292c5eb611,0,6b7e1f5b521de19b,6f9a9c5f2856c8b3,1.170863568534039,0,0.36036348,0.0,0.0,0.0,0.0,0,0,1.0,0.0,0,0.0,0.0,0.0,0.0,0.0,1,1.0
32a540369e3b134b,2,6b7e1f5b521de19b,,16616.335180930364,0,0.16504058,0.0,0.0,0.0,0.0,0,0,1.0,0.0,0,0.0,0.0,0.0,0.0,0.0,1,1.0
32c04e4f895fa01f,2,6b7e1f5b521de19b,6f9a9c5f2856c8b3,1.170863568534039,0,0.058539905,0.0,0.0,0.0,0.0,0,0,1.0,0.0,0,0.0,0.0,0.0,0.0,0.0,1,1.0
32ec653abf3af45f,2,6b7e1f5b521de19b,6f9a9c5f2856c8b3,226968.84855125868,847,0.0019902484,0.025803350806007774,0.024011471395911962,20.0,0.0,0,0,1.0484448678833218e-10,0.0,0,0.0,0.43792553848274374,-0.6235965991255761,255.0,0.983090447073154,3,0.4166666666666667
32f2a2650688e542,5,6b7e1f5b521de19b,d4f34f97b6d22a81,2674.015532288598,0,0.8199065,0.0,30.0,30.0,0.0,0,1,1.0,3.0,0,0.0,0.0,0.0,0.0,0.0,3,1.0
3312b6fa889ebf96,4,c2397d14e54a98b9,28c9c64e5918b06e,386628.5775491113,496,0.0003444768,-0.052751996546514045,-0.1520912547528517,-33.333333333333336,40.0,0,-1,1.2161379841942699,0.0,0,0.0,0.2691247270457837,330207.0515095225,114.0,1.1287694106136508,3,0.3125
331e31f320d4bca2,0,6b7e1f5b521de19b,6f9a9c5f2856c8b3,98.49392076768089,69,0.00061542087,1.2091823429012118e-16,0.0,0.0,0.0,0,0,1.0,0.0,0,0.0,0.694572501109144,83.12074934656873,38.0,1.1192309898497845,4,0.16666666666666666
331ff5b4631e1c8d,2,6b7e1f5b521de19b,6f9a9c5f2856c8b3,367280.3313943387,480,0.264421,-7.77593588546116e-18,0.0,0.0,0.0,0,0,1.0,0.0,0,0.0,0.1829732277494707,0.5135562973908641,477.0,2.431675733897827,7,0.875
3330b73c6eb1fabd,2,6b7e1f5b521de19b,6f9a9c5f2856c8b3,22677.837526113533,0,0.12090788,0.0,0.0,0.0,0.0,0,0,1.0,0.0,0,0.0,0.0,0.0,0.0,0.0,3,1.0
33407f770d7729b1,2,6b7e1f5b521de19b,,7946.118452201146,0,0.0883489,0.0,0.0,0.0,0.0,0,0,1.0,0.0,0,0.0,0.0,0.0,0.0,0.0,1,1.0
334fbc7de229427b,3,6b7e1f5b521de19b,,121130.27981900205,0,0.001667783,0.0,0.0,0.0,0.0,0,0,1.0,0.0,0,0.0,0.0,0.0,0.0,0.0,1,1.0
33576bfa9879403a,3,6b7e1f5b521de19b,,8304.689797280567,0,0.0005967433,0.0,0.0,0.0,0.0,0,0,1.0,0.0,0,0.0,0.0,0.0,0.0,0.0,1,1.0
33592cbe0dc54be5,3,6b7e1f5b521de19b,,5083.8994500666495,358,7.054825e-05,3.027396032239152e-18,0.0,0.0,0.0,0,0,1.0,0.0,0,0.0,0.0,0.0,128.0,1.1069208950065257,3,0.2222222222222222
335d85006328f08e,3,6b7e1f5b521de19b,d4f34f97b6d22a81,1.170863568534039,0,0.0023935442,0.0,0.0,0.0,0.0,0,0,1.0,0.0,0,0.0,0.0,0.0,0.0,0.0,1,1.0
336418b611db59e1,0,6b7e1f5b521de19b,,4271.355885203606,0,0.07370644,0.0,0.0,0.0,0.0,0,0,1.0,0.0,0,0.0,0.0,0.0,0.0,0.0,1,1.0
3365885821a2c25c,3,6b7e1f5b521de19b,d4f34f97b6d22a81,1.170863568534039,0,0.0018513175,0.0,0.0,0.0,0.0,0,0,1.0,0.0,0,0.0,0.0,0.0,0.0,0.0,1,1.0
3375e55eda080bd7,4,2b2258f96816182d,28c9c64e5918b06e,1.170863568534039,0,0.0035946104,0.0,0.0,0.0,0.0,0,0,1.0,0.0,0,0.0,0.0,0.0,0.0,0.0,1,1.0
3382cef2b1900eea,2,6b7e1f5b521de19b,6f9a9c5f2856c8b3,1.170863568534039,0,0.017324327,0.0,0.0,0.0,0.0,0,0,1.0,0.0,0,0.0,0.0,0.0,0.0,0.0,1,1.0
33852ce366f77286,3,6b7e1f5b521de19b,d4f34f97b6d22a81,14991.633118874894,0,0.2144437,0.0,0.0,0.0,0.0,0,0,1.0,0.0,0,0.0,0.0,0.0,0.0,0.0,1,1.0
338635ff2baed822,0,6b7e1f5b521de19b,,1.170863568534039,0,0.042535774,0.0,0.0,0.0,0.0,0,0,1.0,0.0,0,0.0,0.0,0.0,0.0,0.0,1,1.0
33903db8541167a7,6,6b7e1f5b521de19b,,1.170863568534039,472,0.0012242707,9.257843262542316e-21,0.0,0.0,0.0,0,0,1.0,0.0,0,0.0,0.0,0.0,264.0,0.7218826928444576,2,0.5
3399c949396bef43,0,e6fa75510c120d22,,2046.6148673782125,0,0.097008,0.0,0.0,0.0,0.0,0,0,1.0,0.0,0,0.0,0.0,0.0,0.0,0.0,1,1.0
33a0f3fb9a8d400d,0,6b7e1f5b521de19b,6f9a9c5f2856c8b3,1.170863568534039,0,0.014465095,0.0,0.0,0.0,0.0,0,0,1.0,0.0,0,0.0,0.0,0.0,0.0,0.0,1,1.0
33a2b31ab4c65857,3,6b7e1f5b521de19b,,2.4198904513070483,0,0.0020203835,0.0,0.0,0.0,0.0,0,0,1.0,0.0,0,0.0,0.0,0.0,0.0,0.0,1,1.0
33c9c535b8a04538,2,6b7e1f5b521de19b,,11228808.024036212,0,0.18814172,0.0,0.0,0.0,0.0,0,0,1.0,0.0,0,0.0,0.0,0.0,0.0,0.0,1,1.0
33cbebb58900a4cc,0,6b7e1f5b521de19b,,40882.782652931186,0,0.2024134,0.0,0.0,0.0,0.0,0,0,1.0,0.0,0,0.0,0.0,0.0,0.0,0.0,1,1.0
33f0d456f7746bf7,3,6b7e1f5b521de19b,,29324.531411075328,558,0.008448427,-0.01206497087283642,0.2777777777777778,-15.0,30.0,0,0,1.1595018085939613e-10,2.0,1,0.0,0.7558309248743812,12117.12352713585,303.0,1.6523025366965247,4,0.36363636363636365
3421fe1b856adda3,2,6b7e1f5b521de19b,6f9a9c5f2856c8b3,13810.093578076621,0,0.72182506,0.0,0.0,0.0,0.0,0,0,1.0,0.0,0,0.0,0.0,0.0,0.0,0.0,2,1.0
3438c9376f4387ba,0,6b7e1f5b521de19b,6f9a9c5f2856c8b3,1.170863568534039,0,0.059996247,0.0,0.0,0.0,0.0,0,0,1.0,0.0,0,0.0,0.0,0.0,0.0,0.0,1,1.0
3446fed9f5a33680,5,6b7e1f5b521de19b,6f9a9c5f2856c8b3,5701.257941028675,0,0.64349705,0.0,-50.0,50.0,0.0,0,1,1.0,0.0,0,0.0,0.7068889764743533,4868.276057642518,0.0,0.0,3,1.0
34474dae69f3ab4d,5,6b7e1f5b521de19b,6f9a9c5f2856c8b3,73292.23743715519,0,0.00012579634,0.0,10.0,-10.0,10.0,0,-1,1.0,0.0,0,0.0,0.0,0.0,0.0,0.0,2,1.0
3447a55fdb7291c0,2,6b7e1f5b521de19b,6f9a9c5f2856c8b3,239.9674542220373,0,0.01813635,0.0,0.0,0.0,0.0,0,0,1.0,0.0,0,0.0,0.0,0.0,0.0,0.0,2,1.0
3449e7505376f5cf,2,6b7e1f5b521de19b,6f9a9c5f2856c8b3,1.170863568534039,0,0.601762,0.0,0.0,0.0,0.0,0,0,1.0,0.0,0,0.0,0.0,0.0,0.0,0.0,1,1.0
345776cd422ae66d,3,6b7e1f5b521de19b,,35845.270270304114,0,0.5019693,0.0,0.0,0.0,0.0,0,0,1.0,0.0,0,0.0,0.0,0.0,0.0,0.0,1,1.0
3473f1a755e64076,0,6b7e1f5b521de19b,6f9a9c5f2856c8b3,32087.322143773566,0,0.27706325,0.0,0.0,0.0,0.0,0,0,1.0,0.0,0,0.0,0.0,0.0,0.0,0.0,1,1.0
347485aaf1e3e351,3,6b7e1f5b521de19b,,49350.19023541798,0,0.38567406,0.0,0.0,0.0,0.0,0,0,1.0,0.0,0,0.0,0.0,0.0,0.0,0.0,1,1.0
34807d7efcaa7a51,3,6b7e1f5b521de19b,,89664.46366676311,0,0.07634394,0.0,0.0,0.0,0.0,0,0,1.0,0.0,0,0.0,0.0,0.0,0.0,0.0,1,1.0
34815807a52c919f,4,fe3d0016707df0ff,28c9c64e5918b06e,233302.56563193936,65,0.0014938725,-4.3628697915296643e-17,0.0,0.0,0.0,0,0,1.0,0.0,0,0.0,0.781340589590307,0.2800200327732005,42.0,1.238437648981542,4,0.6666666666666666
3485c59821d81996,3,6b7e1f5b521de19b,,1.170863568534039,0,0.0002496844,0.0,0.0,0.0,0.0,0,0,1.0,0.0,0,0.0,0.0,0.0,0.0,0.0,2,1.0
348d5b548faa0911,0,6b7e1f5b521de19b,6f9a9c5f2856c8b3,1.170863568534039,0,0.07747234,0.0,0.0,0.0,0.0,0,0,1.0,0.0,0,0.0,0.0,0.0,0.0,0.0,1,1.0
349228a99997e471,3,6b7e1f5b521de19b,,21273.147061594493,314,0.0027311603,-9.681268767080828e-17,0.0,0.0,0.0,0,0,1.0,0.0,0,0.0,0.29164317562897585,0.0,119.0,1.0159034810082126,2,0.5714285714285714
349d7c1a929b213f,5,6b7e1f5b521de19b,d4f34f97b6d22a81,1.170863568534039,0,0.2813356,0.0,0.0,0.0,0.0,0,0,1.0,0.0,0,0.0,0.0,0.0,0.0,0.0,1,1.0
34b6a770bc3bf0e7,5,6b7e1f5b521de19b,d4f34f97b6d22a81,1.170863568534039,0,0.15564688,0.0,0.0,0.0,0.0,0,0,1.0,0.0,0,0.0,0.0,0.0,0.0,0.0,1,1.0
34cab141d98aa3b9,2,6b7e1f5b521de19b,6f9a9c5f2856c8b3,865437.8840283368,293,0.04304405,2.8912074723316646e-17,0.0,0.0,0.0,0,0,1.0,2.0,1,-0.006825938566552901,0.10033264406470495,0.20105181469075858,179.0,1.2001622894787138,2,0.16666666666666666
34dd8bb7577ce135,2,6b7e1f5b521de19b,6f9a9c5f2856c8b3,1.170863568534039,13,0.00015875047,3.959077504600656e-18,0.0,0.0,0.0,0,0,1.0,0.0,0,0.0,0.0,0.0,13.0,0.9999999998461538,2,0.6666666666666666
34e484394c391b01,5,532ef57d231b606f,d4f34f97b6d22a81,35111607.32348774,1263,0.0016689474,0.021538304329507485,-0.03361344537815126,20.0,0.0,0,0,9.999999999000001e-11,0.0,0,0.0,0.7689505936000441,0.7992919806249451,271.0,0.9485887387883163,2,0.35714285714285715
34e5edf8e6414c21,6,6b7e1f5b521de19b,,105866.1042506972,0,0.99564606,0.0,0.0,0.0,0.0,0,0,1.0,0.0,0,0.0,0.0,0.0,0.0,0.0,1,1.0
34e65a08de184120,3,6b7e1f5b521de19b,,5655.969519442425,0,0.5202303,0.0,0.0,0.0,0.0,0,0,1.0,0.0,0,0.0,0.0,0.0,0.0,0.0,1,1.0
35142d13385f3345,2,6b7e1f5b521de19b,,23783.64824935763,0,0.14792484,0.0,0.0,0.0,0.0,0,0,1.0,0.0,0,0.0,0.0,0.0,0.0,0.0,1,1.0
35233481dabd8fc6,2,6b7e1f5b521de19b,6f9a9c5f2856c8b3,1239840.3175205085,0,0.06084926,0.0,0.0,0.0,0.0,0,0,1.0,0.0,0,0.0,0.4302940085778423,-0.6016860953024458,0.0,0.0,2,1.0
352c4c28f81cf49f,5,6b7e1f5b521de19b,6f9a9c5f2856c8b3,1.170863568534039,0,0.76044905,0.0,0.0,0.0,0.0,0,0,1.0,0.0,0,0.0,0.0,0.0,0.0,0.0,1,1.0
354866c8f8b437bb,2,6b7e1f5b521de19b,6f9a9c5f2856c8b3,1.170863568534039,0,0.21062772,0.0,0.0,0.0,0.0,0,0,1.0,0.0,0,0.0,0.0,0.0,0.0,0.0,1,1.0
35558dd81f31482f,3,6b7e1f5b521de19b,,25102.753943361105,339,0.00019556764,-1.8998950593238e-17,0.0,0.0,0.0,0,0,1.0,0.0,0,0.0,0.17625700694222118,-0.29969131899230256,83.0,0.7783587053703453,2,0.2
3578f02bf12adab1,4,062b9e5a52eb6d8e,d4f34f97b6d22a81,4447345.962813605,223,0.00029382267,0.08343374928121719,-0.40816326530612246,20.0,0.0,0,0,1.032795558881978e-10,0.0,0,0.0,0.7761553615548176,3798345.863231754,120.0,1.2688126653457075,3,0.125
35882ffefaf00de1,2,6b7e1f5b521de19b,6f9a9c5f2856c8b3,27869.714605203993,0,0.5548569,0.0,0.0,0.0,0.0,0,0,1.0,0.0,0,0.0,0.0,0.0,0.0,0.0,1,1.0
359a510f09303ebf,4,ddbd249e57ed6b40,28c9c64e5918b06e,7462.80698704363,0,0.7598169,0.0,0.0,0.0,0.0,0,0,1.0,0.0,0,0.0,0.9996862628499259,6372.763081882647,0.0,0.0,2,1.0
35aa698b823c1dac,5,6b7e1f5b521de19b,6f9a9c5f2856c8b3,1081354.963889575,0,0.6836183,0.0,0.0,0.0,0.0,0,0,1.0,0.0,0,0.0,0.0,0.0,0.0,0.0,1,1.0
35ac5a8e51a9c087,6,6b7e1f5b521de19b,,1.170863568534039,0,0.99987435,0.0,0.0,0.0,0.0,0,0,1.0,0.0,0,0.0,0.0,0.0,0.0,0.0,1,1.0
35b70f346df5681f,4,38080774be85927f,28c9c64e5918b06e,1.170863568534039,0,0.41940138,0.0,0.0,0.0,0.0,0,0,1.0,0.0,0,0.0,0.0,0.0,0.0,0.0,1,1.0
35c0c9e583e17290,1,6b7e1f5b521de19b,,2073.9304831351196,19,0.021097088,-0.7288629737609329,-25.0,-25.0,25.0,0,-1,1.0,0.0,0,0.0,0.0,0.0,18.0,0.8947368420110803,2,0.6666666666666666
35c8672c044ff947,2,6b7e1f5b521de19b,,115139.10047375581,0,0.051156268,0.0,0.0,0.0,0.0,0,0,1.0,0.0,0,0.0,0.0,0.0,0.0,0.0,1,1.0
35c9f17e4c08cea1,2,6b7e1f5b521de19b,,524417.177630072,18,0.058568187,-1.3702917149594712e-16,0.0,0.0,0.0,0,0,1.0,0.0,0,0.0,0.3155153881500782,0.9365338986492032,18.0,1.732050807183977,3,0.6
35fb8921b553d90c,2,6b7e1f5b521de19b,6f9a9c5f2856c8b3,578.939198063253,0,0.07089611,0.0,0.0,0.0,0.0,0,0,1.0,0.0,0,0.0,0.0,0.0,0.0,0.0,1,1.0
36030fe1521246a8,3,6b7e1f5b521de19b,d4f34f97b6d22a81,1.170863568534039,0,0.02348383,0.0,0.0,0.0,0.0,0,0,1.0,0.0,0,0.0,0.0,0.0,0.0,0.0,1,1.0
361e68fa6dee91ea,1,6b7e1f5b521de19b,,1.170863568534039,327,0.00013780422,-7.291840051932272e-18,0.0,0.0,0.0,0,0,1.0,0.0,0,0.0,0.0,0.0,215.0,1.3143302545888,4,0.16666666666666666
361fad75b60ab7c4,3,6b7e1f5b521de19b,,25102.753943361105,100,8.3061015e-05,-3.3935069393983294e-17,0.0,0.0,0.0,0,0,1.0,0.0,0,0.0,0.0,0.0,55.0,0.9923708983647274,2,0.2
361fed172b01fe19,5,6b7e1f5b521de19b,d4f34f97b6d22a81,1.170863568534039,0,0.13274597,0.0,0.0,0.0,0.0,0,0,1.0,0.0,0,0.0,0.0,0.0,0.0,0.0,1,1.0
362cf3ff3efdc4a6,5,6b7e1f5b521de19b,6f9a9c5f2856c8b3,1.170863568534039,0,0.00015310754,0.0,0.0,0.0,0.0,0,0,1.0,0.0,0,0.0,0.0,0.0,0.0,0.0,1,1.0
363cf9bed5d79337,2,6b7e1f5b521de19b,6f9a9c5f2856c8b3,1.170863568534039,0,0.568675,0.0,0.0,0.0,0.0,0,0,1.0,0.0,0,0.0,0.0,0.0,0.0,0.0,1,1.0
3659ef20fd0d6292,2,6b7e1f5b521de19b,6f9a9c5f2856c8b3,464509.6835778292,0,0.05716701,0.0,0.0,0.0,0.0,0,0,1.0,0.0,0,0.0,0.0,0.0,0.0,0.0,1,1.0
366618379c916d4f,3,6b7e1f5b521de19b,,8269.642544488683,0,0.00358687,0.0,0.0,0.0,0.0,0,0,1.0,0.0,0,0.0,0.0,0.0,0.0,0.0,1,1.0
366c389b8fe29239,0,6b7e1f5b521de19b,6f9a9c5f2856c8b3,361.29574083874047,0,0.28313154,0.0,0.0,0.0,0.0,0,0,1.0,0.0,0,0.0,0.0,0.0,0.0,0.0,1,1.0
366e5b9cf2c297ae,3,6b7e1f5b521de19b,,1.170863568534039,201,0.00019661506,-2.5632485256674784e-17,0.0,0.0,0.0,0,0,1.0,0.0,0,0.0,0.0,0.0,112.0,0.9261485009022689,1,0.5
36710880beb60b22,4,16450d61eee679f5,28c9c64e5918b06e,210223.65725789286,1,0.0015466433,-1.21665684562112e-15,0.0,0.0,0.0,0,0,1.0,0.0,0,0.0,0.01225023450933613,-0.025763502451536482,1.0,0.9999999980000001,3,0.3333333333333333
367460d4695b1597,6,6b7e1f5b521de19b,,1489732.2144455498,0,0.018023245,0.0,0.0,0.0,0.0,0,0,1.0,0.0,0,0.0,0.0,0.0,0.0,0.0,1,1.0
3687c73b816e6328,0,6b7e1f5b521de19b,6f9a9c5f2856c8b3,69250.61297043442,78,0.0009237151,8.06424013257937e-17,0.0,0.0,0.0,0,0,1.0,0.0,0,0.0,0.46515019441540195,59143.90366895482,48.0,1.4584988633966893,5,0.125
3699340f4f52d87c,0,6b7e1f5b521de19b,6f9a9c5f2856c8b3,38347.69299749703,8,0.27895865,1.4583333333333346,-6.666666666666667,20.0,0.0,0,1,0.3402069088096723,0.0,0,0.0,0.26893506592732885,-0.5926460169925934,6.0,1.2247448707792163,3,0.4
36b3c25768a71bed,3,6b7e1f5b521de19b,,11485.134609700683,0,0.99515414,0.0,0.0,0.0,0.0,0,0,1.0,0.0,0,0.0,0.0,0.0,0.0,0.0,1,1.0
36b8cb0cbd7e6bb7,3,6b7e1f5b521de19b,,3303.290441942712,0,0.9905896,0.0,0.0,0.0,0.0,0,0,1.0,0.0,0,0.0,0.0,0.0,0.0,0.0,1,1.0
36c47b4a1f004e76,4,062b9e5a52eb6d8e,28c9c64e5918b06e,101254.52429707606,87,0.00093766785,3.09600642460866e-17,0.0,0.0,0.0,0,0,1.0,0.0,0,0.0,0.1907918334296559,-0.3311745448818694,60.0,0.846058216962915,2,0.25
36c4d2d9ab62d3d0,0,6b7e1f5b521de19b,6f9a9c5f2856c8b3,1.170863568534039,0,0.06742534,0.0,0.0,0.0,0.0,0,0,1.0,0.0,0,0.0,0.0,0.0,0.0,0.0,1,1.0
36d0043156253bfc,3,6b7e1f5b521de19b,,2.4198904513070483,161,0.0003186833,-1.3318337805261772e-17,0.0,0.0,0.0,0,0,1.0,0.0,0,0.0,0.0,0.0,161.0,0.0,2,1.0
36e327c1904ec4e7,4,fe3d0016707df0ff,28c9c64e5918b06e,279429.49747672095,174,0.00026137292,9.324839113551515e-19,0.0,0.0,0.0,0,0,1.0,0.0,0,0.0,0.0,0.0,98.0,0.5208685085138792,1,0.5
36e55d2ca84a7e08,3,6b7e1f5b521de19b,,2.4198904513070483,0,0.46193492,0.0,0.0,0.0,0.0,0,0,1.0,0.0,0,0.0,0.0,0.0,0.0,0.0,1,1.0
36ee1f963a8edaae,2,6b7e1f5b521de19b,,9648.963805727817,487,0.0005418858,-0.005004811038069129,0.0,0.0,10.0,1,0,1.6813456146888552,1.0,0,0.002053388090349076,1.885165537117964e-16,0.0,84.0,0.6474329718076657,2,0.42857142857142855
3705ade0547ac9ac,2,6b7e1f5b521de19b,,1.170863568534039,0,0.0024432845,0.0,0.0,0.0,0.0,0,0,1.0,0.0,0,0.0,0.0,0.0,0.0,0.0,1,1.0
37076c9e351fc2a4,2,6b7e1f5b521de19b,6f9a9c5f2856c8b3,5140.622195863799,0,0.03028165,0.0,0.0,0.0,0.0,0,0,1.0,0.0,0,0.0,0.9995445699365962,4389.45362244897,0.0,0.0,2,1.0
370cd226501b72e7,3,6b7e1f5b521de19b,d4f34f97b6d22a81,1.170863568534039,0,0.024703713,0.0,0.0,0.0,0.0,0,0,1.0,0.0,0,0.0,0.0,0.0,0.0,0.0,1,1.0
37160bd70405d87d,3,6b7e1f5b521de19b,,1.170863568534039,404,0.00027622294,-8.497625633794286e-18,0.0,0.0,0.0,0,0,1.0,0.0,0,0.0,0.0,0.0,188.0,1.006242158727758,2,0.42857142857142855
37170e23931124c1,6,6b7e1f5b521de19b,,1.170863568534039,266,0.004882129,0.057156622284512994,0.05639097744360902,15.0,0.0,0,1,1.082531754716793,0.0,0,0.0,0.0,0.0,246.0,1.5632408922169747,3,0.2
3721863076250b2c,4,674ec33189ed753c,28c9c64e5918b06e,12511.468442126778,0,0.37503153,0.0,0.0,0.0,0.0,0,0,1.0,0.0,0,0.0,0.0,0.0,0.0,0.0,1,1.0
3722f965ac872364,3,6b7e1f5b521de19b,,2.4198904513070483,0,0.0020416114,0.0,0.0,0.0,0.0,0,0,1.0,0.0,0,0.0,0.0,0.0,0.0,0.0,1,1.0
372f3004593f1ada,1,6b7e1f5b521de19b,6f9a9c5f2856c8b3,1.170863568534039,0,0.089988604,0.0,0.0,0.0,0.0,0,0,1.0,0.0,0,0.0,0.0,0.0,0.0,0.0,1,1.0
3731c3b9d074dc8f,5,6b7e1f5b521de19b,f411344bcce5fae8,1.170863568534039,0,0.007064166,0.0,0.0,0.0,0.0,0,0,1.0,0.0,0,0.0,0.0,0.0,0.0,0.0,1,1.0
373ed971e79127de,3,6b7e1f5b521de19b,d4f34f97b6d22a81,1.170863568534039,0,0.9963076,0.0,0.0,0.0,0.0,0,0,1.0,0.0,0,0.0,0.0,0.0,0.0,0.0,1,1.0
3775f8ac52a4a555,3,6b7e1f5b521de19b,,4694.223952710472,0,0.12617613,0.0,0.0,0.0,0.0,0,0,1.0,0.0,0,0.0,0.0,0.0,0.0,0.0,1,1.0
3793ff5477bd8819,1,6b7e1f5b521de19b,d4f34f97b6d22a81,8269.642544488683,0,0.004133271,0.0,0.0,0.0,0.0,0,0,1.0,0.0,0,0.0,0.0,0.0,0.0,0.0,1,1.0
37a0c07d72655e5e,5,6b7e1f5b521de19b,d4f34f97b6d22a81,4271.355885203606,0,0.11489088,0.0,0.0,0.0,0.0,0,0,1.0,0.0,0,0.0,0.0,0.0,0.0,0.0,1,1.0
37a9ba3aa505d81b,3,674ec33189ed753c,d4f34f97b6d22a81,2242.4770551457004,0,0.0031690625,0.0,0.0,0.0,0.0,0,0,1.0,0.0,0,0.0,0.0,0.0,0.0,0.0,1,1.0
37b8f5e3b8f12b1b,5,6b7e1f5b521de19b,d4f34f97b6d22a81,1.170863568534039,0,0.0028081534,0.0,0.0,0.0,0.0,0,0,1.0,0.0,0,0.0,0.0,0.0,0.0,0.0,1,1.0
37b9c9f51292a63d,2,6b7e1f5b521de19b,6f9a9c5f2856c8b3,1846077.561901174,0,0.11454927,0.0,0.0,0.0,0.0,0,0,1.0,0.0,0,0.0,0.0,0.0,0.0,0.0,1,1.0
37f3e5b60fe1ce85,2,6b7e1f5b521de19b,6f9a9c5f2856c8b3,8269.642544488683,0,0.49000597,0.0,0.0,0.0,0.0,0,0,1.0,0.0,0,0.0,0.0,0.0,0.0,0.0,1,1.0
37fd8251c0ba2b11,1,6b7e1f5b521de19b,,49182.977423429606,0,0.808468,0.0,0.0,0.0,0.0,0,0,1.0,0.0,0,0.0,0.0,0.0,0.0,0.0,1,1.0
381964c12c7fb93e,3,6b7e1f5b521de19b,,13347.402500248763,0,0.027974712,0.0,0.0,0.0,0.0,0,0,1.0,0.0,0,0.0,0.0,0.0,0.0,0.0,1,1.0
3843d97375c7ed31,3,6b7e1f5b521de19b,,9648.963805727817,0,0.00018048639,0.0,0.0,0.0,0.0,0,0,1.0,0.0,0,0.0,0.630516464256086,3.4129610835670925,0.0,0.0,2,1.0
38533196855cbb11,1,6b7e1f5b521de19b,6f9a9c5f2856c8b3,318.154145021773,35,0.0050668926,-3.4761624160603427e-17,0.0,0.0,0.0,0,0,1.0,0.0,0,0.0,0.7032105334496604,270.72606063754534,35.0,0.9999999999428572,2,0.3333333333333333
3855753d1295eebe,5,6b7e1f5b521de19b,6f9a9c5f2856c8b3,36240.50749121476,71,0.06659005,0.23026014822043986,-6.25,50.0,0.0,0,0,5.366563145711496e-11,0.0,0,0.0,0.0,0.0,56.0,1.4908302672076026,2,0.3333333333333333
3859634dd6dcf40f,0,6b7e1f5b521de19b,6f9a9c5f2856c8b3,1.170863568534039,0,0.04228113,0.0,0.0,0.0,0.0,0,0,1.0,0.0,0,0.0,0.0,0.0,0.0,0.0,1,1.0
385a151387abfe56,3,6b7e1f5b521de19b,,9648.963805727817,0,0.00036829477,0.0,0.0,0.0,0.0,0,0,1.0,0.0,0,0.0,0.0,0.0,0.0,0.0,1,1.0
386363fa1a09f8fd,3,6b7e1f5b521de19b,,54608.54408792734,0,0.05082907,0.0,0.0,0.0,0.0,0,0,1.0,0.0,0,0.0,0.0,0.0,0.0,0.0,1,1.0
387c9111e213c5fc,2,6b7e1f5b521de19b,6f9a9c5f2856c8b3,878614.9349384613,25,0.9998981,2.6088390501319254,-12.892857142857142,91.5,0.0,0,1,0.25806028165277173,8.0,1,0.24,0.28867471784141713,750398.071719788,17.0,2.246775466118926,7,0.46153846153846156
38836c56cfabe32f,5,6b7e1f5b521de19b,6f9a9c5f2856c8b3,43088.8416863575,4,0.8757801,5.858901092360405e-16,0.0,0.0,0.0,0,0,1.0,0.0,0,0.0,1.0937933266331858,21.5083561038139,4.0,1.7320508058368262,5,0.4
389b802122f72e48,3,6b7e1f5b521de19b,,2.4198904513070483,0,0.0021460718,0.0,0.0,0.0,0.0,0,0,1.0,0.0,0,0.0,0.0,0.0,0.0,0.0,1,1.0
38a6892e38dd93fa,3,6b7e1f5b521de19b,,6577.814100006999,36,0.0031274818,-4.51102642831643e-17,0.0,0.0,0.0,0,0,1.0,0.0,0,0.0,0.0,0.0,36.0,0.0,2,1.0
38acab713904350d,6,6b7e1f5b521de19b,,160135.51540490508,0,0.99551564,0.0,0.0,0.0,0.0,0,0,1.0,0.0,0,0.0,0.0,0.0,0.0,0.0,1,1.0
38add1a67c561a04,2,6b7e1f5b521de19b,6f9a9c5f2856c8b3,154262.62046734383,0,0.9007469,0.0,-40.0,40.0,0.0,0,1,1.0,0.0,0,0.0,0.0,0.0,0.0,0.0,2,1.0
38bfa7062d6827e4,0,6b7e1f5b521de19b,,1.170863568534039,0,0.050247703,0.0,0.0,0.0,0.0,0,0,1.0,0.0,0,0.0,0.0,0.0,0.0,0.0,1,1.0
38c06b6ada9c8c26,5,6b7e1f5b521de19b,d4f34f97b6d22a81,1.170863568534039,0,0.072983176,0.0,0.0,0.0,0.0,0,0,1.0,0.0,0,0.0,0.0,0.0,0.0,0.0,1,1.0
38cbf9531e2207e2,6,6b7e1f5b521de19b,,1.170863568534039,0,0.99992514,0.0,0.0,0.0,0.0,0,0,1.0,0.0,0,0.0,0.0,0.0,0.0,0.0,5,1.0
38d7176393a9e3d4,4,bd661df59343798b,28c9c64e5918b06e,1.170863568534039,0,0.002709393,0.0,0.0,0.0,0.0,0,0,1.0,0.0,0,0.0,0.0,0.0,0.0,0.0,1,1.0
38e53ee082706a6c,5,6b7e1f5b521de19b,6f9a9c5f2856c8b3,2595975.9854985704,791,0.002783849,0.035006318051718464,1.4495357891584306,20.0,10.0,1,1,1.1163126112942199,0.0,0,0.0,0.6262290493677697,3.609133999354084,251.0,1.144025089992207,2,0.5
38e7786422a7e8da,4,95a23e7fbcc5841e,28c9c64e5918b06e,1.170863568534039,10,0.002427624,-2.144252386647145e-16,0.0,0.0,0.0,0,0,1.0,0.0,0,0.0,0.0,0.0,10.0,0.0,2,1.0
38eb7946f3eab34b,3,6b7e1f5b521de19b,6f9a9c5f2856c8b3,3009.275501817926,0,0.2430541,0.0,0.0,0.0,0.0,0,0,1.0,0.0,0,0.0,0.0,0.0,0.0,0.0,1,1.0
38fed08130e646cb,6,6b7e1f5b521de19b,,1.170863568534039,0,0.039082132,0.0,0.0,0.0,0.0,0,0,1.0,0.0,0,0.0,0.0,0.0,0.0,0.0,1,1.0
3907fc06894ffdb8,3,6b7e1f5b521de19b,,41585.31315611955,326,0.0014650737,-1.1638480729031954e-17,0.0,0.0,0.0,0,0,1.0,1.0,0,0.003067484662576687,0.22623945122997832,0.6566036240464989,126.0,1.1364771943089484,2,0.5454545454545454
391478e4092ecbb4,2,6b7e1f5b521de19b,6f9a9c5f2856c8b3,1.170863568534039,0,0.36705714,0.0,0.0,0.0,0.0,0,0,1.0,0.0,0,0.0,0.0,0.0,0.0,0.0,1,1.0
3918a7da0a52a561,3,6b7e1f5b521de19b,,89664.46366676311,454,0.0019277977,0.03693416446405993,-0.5263157894736842,16.0,10.0,1,0,1.0791370353030789e-10,0.0,0,0.0,0.6060726879902062,76578.7707576008,122.0,1.733137291135121,12,0.18518518518518517
39209b60e3c82a82,3,6b7e1f5b521de19b,,65064.44409714713,0,0.13009365,0.0,0.0,0.0,0.0,0,0,1.0,0.0,0,0.0,0.0,0.0,0.0,0.0,1,1.0
395ad076211d4081,2,6b7e1f5b521de19b,,1.170863568534039,412,4.9395127e-05,7.585143579340334e-19,0.0,0.0,0.0,0,0,1.0,0.0,0,0.0,0.0,0.0,395.0,1.3276454977160081,2,0.25
3975b071df12d7aa,2,6b7e1f5b521de19b,,44707.8413678455,0,0.751229,0.0,0.0,0.0,0.0,0,0,1.0,0.0,0,0.0,0.0,0.0,0.0,0.0,1,1.0
397d384a17060624,0,6b7e1f5b521de19b,6f9a9c5f2856c8b3,1.170863568534039,0,0.46349323,0.0,0.0,0.0,0.0,0,0,1.0,0.0,0,0.0,0.0,0.0,0.0,0.0,1,1.0
398eb42a120409e3,0,e43bc3ffd79e75b6,,869711.3941640588,11,0.07781882,5.1813223640168557e-17,0.0,0.0,0.0,0,0,1.0,0.0,0,0.0,0.5201458537891429,1.7453237001914488,8.0,0.4545454544628099,2,0.3333333333333333
39a49bac22462309,4,7b7c16a1b24ec3b8,28c9c64e5918b06e,1.170863568534039,0,0.014788089,0.0,0.0,0.0,0.0,0,0,1.0,0.0,0,0.0,0.0,0.0,0.0,0.0,1,1.0
39a83ac81a769c78,0,6b7e1f5b521de19b,6f9a9c5f2856c8b3,41600.57012732337,2,0.020051377,-1.0721261933235726e-15,0.0,0.0,0.0,0,0,1.0,0.0,0,0.0,0.0,0.0,2.0,0.0,2,1.0
39b5ae4cdeb84633,2,6b7e1f5b521de19b,6f9a9c5f2856c8b3,4834.065183261461,0,0.025160361,0.0,0.0,0.0,0.0,0,0,1.0,0.0,0,0.0,0.0,0.0,0.0,0.0,1,1.0
39c8bea39532c8f9,3,6b7e1f5b521de19b,,4143.3804614791225,677,0.000264824,1.4341177722568844e-18,0.0,0.0,0.0,0,0,1.0,0.0,0,0.0,0.0,0.0,127.0,0.5095498015253402,2,0.2727272727272727
39c98aacdf409a51,2,6b7e1f5b521de19b,6f9a9c5f2856c8b3,295.33926368176714,40,0.001366995,-5.3606309666178627e-17,0.0,0.0,0.0,0,0,1.0,0.0,0,0.0,0.0,0.0,40.0,0.0,2,1.0
39d10c845e0673a0,1,6b7e1f5b521de19b,d4f34f97b6d22a81,1.170863568534039,0,0.0022332028,0.0,0.0,0.0,0.0,0,0,1.0,0.0,0,0.0,0.0,0.0,0.0,0.0,1,1.0
39d21fc069242015,3,6b7e1f5b521de19b,,15312.945509384192,78,0.008126831,0.20380147835269247,-1.3071895424836601,20.0,10.0,1,-1,0.40147753432154176,2.0,0,0.02564102564102564,0.3180898138600993,0.587004140309255,40.0,1.146988166391003,3,0.2857142857142857
39d33866e0270a41,2,6b7e1f5b521de19b,6f9a9c5f2856c8b3,98.49392076768089,0,0.017670857,0.0,0.0,0.0,0.0,0,0,1.0,0.0,0,0.0,0.0,0.0,0.0,0.0,1,1.0
39dbf95d41f1227d,2,6b7e1f5b521de19b,6f9a9c5f2856c8b3,220276.93931361687,0,0.36430266,0.0,0.0,0.0,0.0,0,0,1.0,0.0,0,0.0,0.0,0.0,0.0,0.0,1,1.0
39e3340025c3d1eb,6,6b7e1f5b521de19b,,62975.328561983566,264,0.0011121373,-3.4132227537638186e-17,0.0,0.0,0.0,0,0,1.0,0.0,0,0.0,0.0,0.0,133.0,0.7071676520761567,2,0.25
3a0fbfd31c39b481,3,6b7e1f5b521de19b,,39364.676884914414,0,0.05415822,0.0,0.0,0.0,0.0,0,0,1.0,0.0,0,0.0,0.0,0.0,0.0,0.0,1,1.0
3a1237f72d2990ff,0,6b7e1f5b521de19b,6f9a9c5f2856c8b3,53713.08637400571,591,0.0039359718,-8.476615205336076e-17,0.0,0.0,0.0,0,0,1.0,0.0,0,0.0,0.5457721458092455,45873.761003330495,109.0,1.005386587697102,3,0.1
3a1508b7becf0e58,2,6b7e1f5b521de19b,6f9a9c5f2856c8b3,98.49392076768089,23,0.0011086821,-9.32283646368324e-17,0.0,0.0,0.0,0,0,1.0,0.0,0,0.0,0.0,0.0,23.0,0.0,2,1.0
3a1585e50931aab6,2,6b7e1f5b521de19b,6f9a9c5f2856c8b3,62138.06852236499,0,0.48313943,0.0,0.0,0.0,0.0,0,0,1.0,0.0,0,0.0,0.0,0.0,0.0,0.0,1,1.0
3a183d5a61673e06,2,6b7e1f5b521de19b,6f9a9c5f2856c8b3,19938.10335990601,0,0.32167333,0.0,0.0,0.0,0.0,0,0,1.0,3.0,0,0.0,0.12881803452389845,0.0,0.0,0.0,7,1.0
3a1b4c74385ce8d6,0,6b7e1f5b521de19b,6f9a9c5f2856c8b3,619166.2192931684,2,0.19227579,7.500000000000001,10.0,20.0,0.0,0,1,1.020620726157553,0.0,0,0.0,0.0,0.0,2.0,1.7320508041047757,5,0.2
3a63760b11944237,3,6b7e1f5b521de19b,d4f34f97b6d22a81,1.170863568534039,0,0.00061422604,0.0,0.0,0.0,0.0,0,0,1.0,0.0,0,0.0,0.0,0.0,0.0,0.0,1,1.0
3a67f5ef7da808a8,3,6b7e1f5b521de19b,,4271.355885203606,20,0.99931765,3.6435396759451586,14.901960784313726,80.0,10.0,1,1,0.7692526531588533,3.0,0,0.15,0.17826526293714232,0.4782985059719638,14.0,1.6355427228071724,7,0.625
3a75a916ad87e595,3,6b7e1f5b521de19b,d4f34f97b6d22a81,2299.6300822016,0,0.007343244,0.0,0.0,0.0,0.0,0,0,1.0,0.0,0,0.0,0.5769583895315992,1963.0461485028654,0.0,0.0,4,1.0
3a7bb1f525a622a1,0,95a23e7fbcc5841e,,7462.80698704363,0,0.0021056382,0.0,0.0,0.0,0.0,0,0,1.0,0.0,0,0.0,0.0,0.0,0.0,0.0,1,1.0
3a7debac7b542170,1,6b7e1f5b521de19b,,6655.4778329931305,134,0.0009127116,-8.805076898088448e-18,0.0,0.0,0.0,0,0,1.0,0.0,0,0.0,0.0,0.0,134.0,0.0,2,1.0
3a815acd7027b9d9,3,6b7e1f5b521de19b,6f9a9c5f2856c8b3,2864.41509483459,0,0.6301137,0.0,0.0,0.0,0.0,0,0,1.0,0.0,0,0.0,0.0,0.0,0.0,0.0,1,1.0
3a9497c84fc88f42,2,6b7e1f5b521de19b,6f9a9c5f2856c8b3,82459.6608040256,0,0.25034428,0.0,0.0,0.0,0.0,0,0,1.0,0.0,0,0.0,0.0,0.0,0.0,0.0,1,1.0
3a97281725e43eba,0,674ec33189ed753c,,89664.46366676311,0,0.020012384,0.0,0.0,0.0,0.0,0,0,1.0,0.0,0,0.0,0.0,0.0,0.0,0.0,1,1.0
3aaacaeb00d51fb7,4,e9943875f43f341e,28c9c64e5918b06e,1.170863568534039,0,0.00794018,0.0,0.0,0.0,0.0,0,0,1.0,0.0,0,0.0,0.0,0.0,0.0,0.0,1,1.0
3ac3bc51b78a192e,2,6b7e1f5b521de19b,6f9a9c5f2856c8b3,279.66776754371233,0,0.059951495,0.0,0.0,0.0,0.0,0,0,1.0,0.0,0,0.0,0.0,0.0,0.0,0.0,1,1.0
3ac75c51e2ef2324,5,6b7e1f5b521de19b,6f9a9c5f2856c8b3,263631.6080383504,0,0.000286713,0.0,0.0,0.0,0.0,0,0,1.0,0.0,0,0.0,0.9999911174659358,225158.9717706019,0.0,0.0,2,1.0
3ad3b4677aa5aa9b,2,6b7e1f5b521de19b,6f9a9c5f2856c8b3,379083.9536077385,518,0.0037960762,9.569765045155686e-17,0.0,0.0,0.0,0,0,1.0,0.0,0,0.0,0.36721595076817903,323763.410982882,77.0,0.5740573987779024,2,0.4
3ad4dd6469ce85df,5,6b7e1f5b521de19b,,1.170863568534039,0,0.0025340612,0.0,0.0,0.0,0.0,0,0,1.0,0.0,0,0.0,0.0,0.0,0.0,0.0,1,1.0
3ad97ed6ef6aecd1,2,6b7e1f5b521de19b,6f9a9c5f2856c8b3,1.170863568534039,0,0.078841,0.0,0.0,0.0,0.0,0,0,1.0,0.0,0,0.0,0.0,0.0,0.0,0.0,1,1.0
3af224b480c8a684,2,6b7e1f5b521de19b,,829161.2246373132,0,0.9774275,0.0,0.0,0.0,0.0,0,0,1.0,0.0,0,0.0,0.0,0.0,0.0,0.0,1,1.0
3b0ae80ea295aee9,2,6b7e1f5b521de19b,,89664.46366676311,0,0.0014516487,0.0,0.0,0.0,0.0,0,0,1.0,0.0,0,0.0,0.0,0.0,0.0,0.0,1,1.0
3b0d60283668e69f,3,6b7e1f5b521de19b,,35845.270270304114,0,0.0038970432,0.0,0.0,0.0,0.0,0,0,1.0,0.0,0,0.0,0.0,0.0,0.0,0.0,1,1.0
3b144f8bb7148cc3,6,6b7e1f5b521de19b,,90092.20966766455,0,0.99613416,0.0,0.0,0.0,0.0,0,0,1.0,0.0,0,0.0,0.0,0.0,0.0,0.0,1,1.0
3b188d59d8d9ef56,2,6b7e1f5b521de19b,,13121.811050396169,0,0.16504058,0.0,0.0,0.0,0.0,0,0,1.0,0.0,0,0.0,0.0,0.0,0.0,0.0,1,1.0
3b4a44c406276e2c,5,6b7e1f5b521de19b,6f9a9c5f2856c8b3,144682.77291450626,583,0.003488662,-0.012463839336305979,-0.734325794446035,3.799999999999997,70.0,3,0,1.2415585092412833,1.0,0,0.0017152658662092624,0.30868226536610616,-0.4884117451580034,123.0,1.4134862737495002,5,0.2
3b6b1ba15fff8919,3,6b7e1f5b521de19b,d4f34f97b6d22a81,139439.71862586087,0,0.080015495,0.0,-20.0,20.0,0.0,0,1,1.0,0.0,0,0.0,0.025997625408074713,-0.05319356664797108,0.0,0.0,3,1.0
3b8a5f6ec288452d,5,6b7e1f5b521de19b,6f9a9c5f2856c8b3,1.170863568534039,0,0.021177823,0.0,0.0,0.0,0.0,0,0,1.0,0.0,0,0.0,0.0,0.0,0.0,0.0,1,1.0
3b8bab67871fe04e,2,6b7e1f5b521de19b,6f9a9c5f2856c8b3,13372544.472792422,0,0.20029964,0.0,0.0,0.0,0.0,0,0,1.0,0.0,0,0.0,0.0,0.0,0.0,0.0,1,1.0
3b94ba594810ea0d,3,6b7e1f5b521de19b,,1287.0828528119127,0,0.0002969656,0.0,0.0,0.0,0.0,0,0,1.0,0.0,0,0.0,0.0,0.0,0.0,0.0,1,1.0
3b9d80fbdbeb0bcc,1,6b7e1f5b521de19b,,89664.46366676311,0,0.11591568,0.0,0.0,0.0,0.0,0,0,1.0,0.0,0,0.0,0.0,0.0,0.0,0.0,2,1.0
3bb659113b76d8c3,2,6b7e1f5b521de19b,,5186.502594949308,0,0.18145566,0.0,0.0,0.0,0.0,0,0,1.0,0.0,0,0.0,0.0,0.0,0.0,0.0,1,1.0
3bbb18b1e03295bf,2,6b7e1f5b521de19b,6f9a9c5f2856c8b3,47215.0144870959,58,0.37891763,0.5396848913963113,0.0,12.0,60.0,1,0,5.0031918289927234e-11,0.0,0,0.0,0.3743018426041496,-0.6185729940309398,20.0,1.8992144308713774,12,0.17857142857142858
3bcd563688ebbb84,0,6b7e1f5b521de19b,6f9a9c5f2856c8b3,98.49392076768089,1,0.009061243,-2.144252386647145e-15,0.0,0.0,0.0,0,0,1.0,0.0,0,0.0,0.0,0.0,1.0,0.0,2,1.0
3bde4d283b040bf6,2,6b7e1f5b521de19b,6f9a9c5f2856c8b3,133993.49087954816,51,0.0012799534,3.27767661172767e-17,0.0,0.0,0.0,0,0,1.0,0.0,0,0.0,0.5773435425302573,114438.88392884457,50.0,1.3728291029948763,3,0.25
3bdef2f908e91e56,2,6b7e1f5b521de19b,,5186.502594949308,0,0.16504058,0.0,0.0,0.0,0.0,0,0,1.0,0.0,0,0.0,0.0,0.0,0.0,0.0,1,1.0
3bea81245d7d7bee,2,6b7e1f5b521de19b,6f9a9c5f2856c8b3,1.170863568534039,0,0.02830997,0.0,0.0,0.0,0.0,0,0,1.0,0.0,0,0.0,0.0,0.0,0.0,0.0,1,1.0
3bfaac8a8a0036ed,0,6b7e1f5b521de19b,6f9a9c5f2856c8b3,1.170863568534039,0,0.014465095,0.0,0.0,0.0,0.0,0,0,1.0,0.0,0,0.0,0.0,0.0,0.0,0.0,1,1.0
3c071fff9607d2a0,2,6b7e1f5b521de19b,6f9a9c5f2856c8b3,617451.168457985,0,0.62162536,0.0,0.0,0.0,0.0,0,0,1.0,0.0,0,0.0,0.0,0.0,0.0,0.0,1,1.0
3c0725865737ed0f,2,6b7e1f5b521de19b,6f9a9c5f2856c8b3,361.29574083874047,0,0.07222084,0.0,0.0,0.0,0.0,0,0,1.0,0.0,0,0.0,0.0,0.0,0.0,0.0,1,1.0
3c0a7a29ffb4f982,3,6b7e1f5b521de19b,,9648.963805727817,0,0.0316977,0.0,0.0,0.0,0.0,0,0,1.0,0.0,0,0.0,0.0,0.0,0.0,0.0,1,1.0
3c135c3396c7dd11,3,6b7e1f5b521de19b,d4f34f97b6d22a81,9887.041589348042,0,0.0018940243,0.0,0.0,0.0,0.0,0,0,1.0,0.0,0,0.0,0.0,0.0,0.0,0.0,1,1.0
3c1fb9c12de71cdf,5,6b7e1f5b521de19b,6f9a9c5f2856c8b3,1.170863568534039,0,0.4100719,0.0,0.0,0.0,0.0,0,0,1.0,0.0,0,0.0,0.0,0.0,0.0,0.0,1,1.0
3c219a559911fdff,3,6b7e1f5b521de19b,,11264.189824104717,482,0.00013198482,-1.8869094253977985e-18,0.0,0.0,0.0,0,0,1.0,0.0,0,0.0,0.0,0.0,132.0,0.6414714988013764,2,0.25
3c22771e23a8adce,4,bd661df59343798b,d4f34f97b6d22a81,1.170863568534039,0,0.01952185,0.0,0.0,0.0,0.0,0,0,1.0,0.0,0,0.0,0.0,0.0,0.0,0.0,1,1.0
3c254ad9d6326663,0,6b7e1f5b521de19b,6f9a9c5f2856c8b3,1.170863568534039,0,0.0026904293,0.0,0.0,0.0,0.0,0,0,1.0,0.0,0,0.0,0.0,0.0,0.0,0.0,1,1.0
3c2caa1f2ca8271a,5,6b7e1f5b521de19b,6f9a9c5f2856c8b3,29685.415378143603,322,0.0018731386,6.6148628450101e-18,0.0,0.0,0.0,0,0,1.0,0.0,0,0.0,0.999921118342136,25352.436707669327,219.0,1.3265123613783651,3,0.5
3c2f08162ce66d10,2,6b7e1f5b521de19b,6f9a9c5f2856c8b3,98.49392076768089,23,0.0018338191,-9.32283646368324e-17,0.0,0.0,0.0,0,0,1.0,0.0,0,0.0,0.0,0.0,23.0,0.0,2,1.0
3c2fca12a4dd4962,1,6b7e1f5b521de19b,6f9a9c5f2856c8b3,165.25980211615976,15,0.9461201,-2.850288005016897e-16,0.0,0.0,0.0,0,0,1.0,0.0,0,0.0,0.0,0.0,15.0,0.0,2,1.0
3c354528ed9df2db,3,6b7e1f5b521de19b,d4f34f97b6d22a81,4517.797135638614,2,0.0017882397,-6.0832842281056e-16,0.0,0.0,0.0,0,0,1.0,0.0,0,0.0,0.0,0.0,2.0,0.9999999989999999,3,0.3333333333333333
3c4e068bbcf95db8,0,6b7e1f5b521de19b,6f9a9c5f2856c8b3,88623.59649983239,18,0.10676938,-1.3702917149594712e-16,0.0,0.0,0.0,0,0,1.0,0.0,0,0.0,0.8212594700124072,75689.796845607,18.0,1.732050807183977,3,0.6
3c500b3095c77823,5,6b7e1f5b521de19b,6f9a9c5f2856c8b3,2982583.666168043,61,0.16569623,-1.064872399976907e-16,0.0,0.0,0.0,0,0,1.0,0.0,0,0.0,0.1254459469233402,-0.33200008619947285,38.0,1.3491514446908959,5,0.14285714285714285
3c5c209adb193293,3,6b7e1f5b521de19b,,1.170863568534039,0,0.00020559375,0.0,0.0,0.0,0.0,0,0,1.0,0.0,0,0.0,0.0,0.0,0.0,0.0,1,1.0
3c6304d82728adb1,6,6b7e1f5b521de19b,,1.170863568534039,0,0.9961643,0.0,0.0,0.0,0.0,0,0,1.0,0.0,0,0.0,0.0,0.0,0.0,0.0,1,1.0
3c6f4696012438db,6,6b7e1f5b521de19b,,1.170863568534039,264,0.0004922201,6.000460635514335e-17,0.0,0.0,0.0,0,0,1.0,0.0,0,0.0,0.0,0.0,149.0,0.5163477643682068,1,0.25
3c861a79c724dbad,0,6b7e1f5b521de19b,6f9a9c5f2856c8b3,98.49392076768089,45,0.06648454,0.3443973047167456,-30.0,30.0,0.0,0,0,0.8838834764910851,0.0,0,0.0,0.0,0.0,44.0,1.6811224937534273,4,0.2
3ca86859e6ba6c28,5,6b7e1f5b521de19b,6f9a9c5f2856c8b3,202069.44164454433,305,0.00073885545,1.4959887557531366e-17,0.0,0.0,0.0,0,0,1.0,0.0,0,0.0,0.8937242431001432,-0.867160641300826,173.0,1.5475131978154788,3,0.3
3ca966d9e8ec97d8,2,6b7e1f5b521de19b,6f9a9c5f2856c8b3,1.170863568534039,0,0.004779428,0.0,0.0,0.0,0.0,0,0,1.0,0.0,0,0.0,0.0,0.0,0.0,0.0,1,1.0
3caa5c3ec08db311,2,6b7e1f5b521de19b,6f9a9c5f2856c8b3,98.49392076768089,0,0.013703855,0.0,0.0,0.0,0.0,0,0,1.0,0.0,0,0.0,0.0,0.0,0.0,0.0,1,1.0
3cae4522c7af16f4,6,6b7e1f5b521de19b,,1.170863568534039,0,0.019306527,0.0,0.0,0.0,0.0,0,0,1.0,0.0,0,0.0,0.0,0.0,0.0,0.0,1,1.0
3cb8b2d58fd3092e,2,6b7e1f5b521de19b,d4f34f97b6d22a81,2619.681698339552,0,0.6865303,0.0,0.0,0.0,0.0,0,0,1.0,0.0,0,0.0,0.0,0.0,0.0,0.0,1,1.0
3cc05f760360f83c,0,6b7e1f5b521de19b,6f9a9c5f2856c8b3,21181.026527915794,229,0.0042079086,6.942420917911268e-19,0.0,0.0,0.0,0,0,1.0,0.0,0,0.0,0.3779405949631062,18089.089312826734,84.0,0.8359680069723758,2,0.375
3ccabfb2ea1d7040,5,6b7e1f5b521de19b,d4f34f97b6d22a81,2801.6993528660396,0,0.99883,0.0,0.0,0.0,0.0,0,0,1.0,0.0,0,0.0,0.0,0.0,0.0,0.0,1,1.0
3ccf651d218e9851,4,062b9e5a52eb6d8e,28c9c64e5918b06e,2048530.9937409502,873,0.001850359,0.0540586936122862,-0.13870570649784578,27.5,30.0,4,0,5.747495790461384e-11,0.0,0,0.0,0.7165229474192385,39.528621038913975,90.0,1.212687894879826,5,0.5714285714285714
3cd23892337cfe74,0,6b7e1f5b521de19b,6f9a9c5f2856c8b3,188394.1711078588,0,0.04556971,0.0,0.0,0.0,0.0,0,0,1.0,0.0,0,0.0,0.0,0.0,0.0,0.0,1,1.0
3ce7954b0feb24a2,4,6b7e1f5b521de19b,d4f34f97b6d22a81,1.170863568534039,0,0.21324283,0.0,0.0,0.0,0.0,0,0,1.0,0.0,0,0.0,0.0,0.0,0.0,0.0,1,1.0
3cf6a5632fee792e,2,6b7e1f5b521de19b,6f9a9c5f2856c8b3,3391.863497755878,0,0.44001958,0.0,0.0,0.0,0.0,0,0,1.0,0.0,0,0.0,0.9993098427868108,2895.890456676013,0.0,0.0,2,1.0
3cfa815f5837707e,2,6b7e1f5b521de19b,6f9a9c5f2856c8b3,61882.34724593584,0,0.9194518,0.0,0.0,0.0,0.0,0,0,1.0,0.0,0,0.0,0.0,0.0,0.0,0.0,1,1.0
3cffeee2ae611b7e,0,6b7e1f5b521de19b,6f9a9c5f2856c8b3,77445.77519092569,0,0.33140287,0.0,0.0,0.0,0.0,0,0,1.0,0.0,0,0.0,0.0,0.0,0.0,0.0,1,1.0
3d064c2794340ea0,3,6b7e1f5b521de19b,,121130.27981900205,67,0.02574917,0.48845470692717596,-16.666666666666668,50.0,0.0,0,0,4.4271887240397313e-11,0.0,0,0.0,1.201344143686518e-16,0.0,35.0,1.2509742248312719,4,0.14285714285714285
3d0f0f6b1275ebad,2,6b7e1f5b521de19b,6f9a9c5f2856c8b3,1543.7473698731,0,0.06364747,0.0,0.0,0.0,0.0,0,0,1.0,0.0,0,0.0,0.0,0.0,0.0,0.0,1,1.0
3d232ce12ece88d8,1,6b7e1f5b521de19b,,1.170863568534039,0,0.05655863,0.0,0.0,0.0,0.0,0,0,1.0,0.0,0,0.0,0.0,0.0,0.0,0.0,1,1.0
3d3efa59607a5692,4,fd10c5543bdbcbc9,28c9c64e5918b06e,1.170863568534039,0,0.9903204,0.0,0.0,0.0,0.0,0,0,1.0,0.0,0,0.0,0.0,0.0,0.0,0.0,1,1.0
3d4860edb491f2ea,3,6b7e1f5b521de19b,d4f34f97b6d22a81,25102.753943361105,0,0.018796505,0.0,0.0,0.0,0.0,0,0,1.0,0.0,0,0.0,0.0,0.0,0.0,0.0,1,1.0
3d539d1951282956,3,6b7e1f5b521de19b,,25102.753943361105,0,0.027436843,0.0,0.0,0.0,0.0,0,0,1.0,0.0,0,0.0,0.0,0.0,0.0,0.0,1,1.0
3d5b30dbec52a1e3,2,6b7e1f5b521de19b,6f9a9c5f2856c8b3,5658.7759425676995,0,0.025500478,0.0,0.0,0.0,0.0,0,0,1.0,0.0,0,0.0,0.0,0.0,0.0,0.0,1,1.0
3d788bf730460371,3,6b7e1f5b521de19b,,89664.46366676311,319,0.0033296295,0.028717852215559787,0.06060606060606061,10.0,0.0,0,1,1.2499999999375,2.0,0,0.006269592476489028,0.8164788110156987,76578.7707576008,111.0,0.9356408429838948,3,0.2
3d95d6228de31482,6,062b9e5a52eb6d8e,,1.170863568534039,250,0.00020632251,-7.004425612645473e-18,0.0,0.0,0.0,0,0,1.0,0.0,0,0.0,0.0,0.0,175.0,1.3504962050768772,3,0.3333333333333333
3da6a1ee4e0140a0,2,6b7e1f5b521de19b,6f9a9c5f2856c8b3,27685.304717477007,0,0.16093594,0.0,0.0,0.0,0.0,0,0,1.0,0.0,0,0.0,0.0,0.0,0.0,0.0,3,1.0
3dadb7ccf887bab6,3,6b7e1f5b521de19b,,5186.502594949308,0,0.00011378673,0.0,0.0,0.0,0.0,0,0,1.0,0.0,0,0.0,0.0,0.0,0.0,0.0,1,1.0
3dae84edfa629619,0,6b7e1f5b521de19b,6f9a9c5f2856c8b3,690.669707946399,0,0.13307334,0.0,0.0,0.0,0.0,0,0,1.0,0.0,0,0.0,1.2329047032419094,588.8806030929298,0.0,0.0,3,1.0
3db682d326398d6d,1,6b7e1f5b521de19b,,84924.34296384055,0,0.00437044,0.0,0.0,0.0,0.0,0,0,1.0,0.0,0,0.0,0.0,0.0,0.0,0.0,1,1.0
3de1007c48127e6c,4,75c64824a2a4e380,28c9c64e5918b06e,69805.88964580093,70,0.14027068,-1.7054812919117285e-16,0.0,0.0,0.0,0,0,1.0,0.0,0,0.0,0.0,0.0,55.0,1.2857142856408164,3,0.4
3de49ec6eee3ad08,2,6b7e1f5b521de19b,,263999.29512211593,0,0.023700127,0.0,0.0,0.0,0.0,0,0,1.0,0.0,0,0.0,0.0,0.0,0.0,0.0,2,1.0
3de5ba8e3269b45c,0,6b7e1f5b521de19b,6f9a9c5f2856c8b3,1.170863568534039,0,0.059773464,0.0,0.0,0.0,0.0,0,0,1.0,0.0,0,0.0,0.0,0.0,0.0,0.0,1,1.0
3def8b8cc4a637a5,2,6b7e1f5b521de19b,6f9a9c5f2856c8b3,15507.251361753664,0,0.022656722,0.0,0.0,0.0,0.0,0,0,1.0,0.0,0,0.0,0.0,0.0,0.0,0.0,1,1.0
3df113a8f72c8e37,0,6b7e1f5b521de19b,6f9a9c5f2856c8b3,1.170863568534039,0,0.08617637,0.0,0.0,0.0,0.0,0,0,1.0,0.0,0,0.0,0.0,0.0,0.0,0.0,1,1.0
3dff8703b7cda29e,4,255414ab73601d72,28c9c64e5918b06e,1.170863568534039,0,0.010455717,0.0,0.0,0.0,0.0,0,0,1.0,0.0,0,0.0,0.0,0.0,0.0,0.0,1,1.0
3e0214e670b59660,5,6b7e1f5b521de19b,,1.170863568534039,0,0.018335285,0.0,0.0,0.0,0.0,0,0,1.0,0.0,0,0.0,0.0,0.0,0.0,0.0,1,1.0
3e506a9e1dcf2885,4,6b7e1f5b521de19b,28c9c64e5918b06e,19834.80648186362,0,0.003995125,0.0,0.0,0.0,0.0,0,0,1.0,0.0,0,0.0,0.0,0.0,0.0,0.0,1,1.0
3e739428e088a0de,2,6b7e1f5b521de19b,6f9a9c5f2856c8b3,31111.25003345067,280,0.0031384886,0.011587037966861084,0.7326007326007327,0.0,5.0,1,1,1.0,0.0,0,0.0,0.0,0.0,190.0,1.5920000896945838,5,0.125
3e767c312d65f25d,2,6b7e1f5b521de19b,,1.170863568534039,0,0.0002270598,0.0,0.0,0.0,0.0,0,0,1.0,0.0,0,0.0,0.0,0.0,0.0,0.0,1,1.0
3e7d788d84d225fa,5,6b7e1f5b521de19b,d4f34f97b6d22a81,216079.27304855105,398,0.0011017093,6.360063421893723e-17,0.0,0.0,0.0,0,0,1.0,0.0,0,0.0,0.044569070378169644,0.01740809912037183,116.0,1.1060871128539775,2,0.07692307692307693
3ed465fa6239d3d7,2,6b7e1f5b521de19b,,97448.11793908857,0,0.9890043,0.0,0.0,0.0,0.0,0,0,1.0,0.0,0,0.0,0.0,0.0,0.0,0.0,1,1.0
3efe914d86202c1b,5,6b7e1f5b521de19b,6f9a9c5f2856c8b3,1060.8669669680157,0,0.10412533,0.0,0.0,0.0,0.0,0,0,1.0,0.0,0,0.0,0.0,0.0,0.0,0.0,1,1.0
3f35d9ede8a11ad3,2,6b7e1f5b521de19b,6f9a9c5f2856c8b3,63889.839761729345,9,0.9609633,1.2854402046471969,1.4285714285714286,10.0,0.0,0,0,2.010075630114384e-10,0.0,0,0.0,0.337310396579521,54565.42556717483,3.0,1.8592444994839852,15,0.35
3f45ea9d08142d59,0,7b7c16a1b24ec3b8,,11128.745288695003,0,0.101612315,0.0,0.0,0.0,0.0,0,0,1.0,0.0,0,0.0,0.0,0.0,0.0,0.0,2,1.0
3f4e60e948e6cba5,3,e43bc3ffd79e75b6,,3829.8829000821474,363,0.08734314,0.02924716867224584,-0.056338028169014086,20.0,0.0,0,0,1.24999999984375e-10,1.0,1,0.0,0.0,0.0,259.0,2.031915287305564,4,0.5
3f62bac1ad4e83af,0,6b7e1f5b521de19b,6f9a9c5f2856c8b3,18763.316986663292,0,0.22040822,0.0,0.0,0.0,0.0,0,0,1.0,0.0,0,0.0,0.0,0.0,0.0,0.0,1,1.0
3f8f58d255dc0006,3,6b7e1f5b521de19b,,65064.44409714713,400,0.9953181,0.2020204328323761,0.5726961080863078,80.0,0.0,0,0,0.6087807775418517,3.0,0,0.0075,1.1182693889337852e-16,0.0,254.0,2.0254382241267828,2,0.6923076923076923
3f91a745239ad403,3,6b7e1f5b521de19b,d4f34f97b6d22a81,156541.17327282834,175,0.004873084,0.24885764804273633,-1.0515202702702702,37.142857142857146,30.0,1,0,0.6274950199185504,1.0,1,0.005714285714285714,0.27672414545509666,3.367136084966677,22.0,1.1819181916283759,7,0.2
3faaab95af1be682,1,6b7e1f5b521de19b,6f9a9c5f2856c8b3,64546.23234172824,119,0.0010993184,-1.7448428169655738e-17,0.0,0.0,0.0,0,0,1.0,1.0,1,-0.008403361344537815,0.4400877991876282,-0.7358289893714592,112.0,2.0822200022982917,6,0.14285714285714285
3fb3ab13eb03f71b,2,6b7e1f5b521de19b,6f9a9c5f2856c8b3,1.170863568534039,0,0.31305292,0.0,0.0,0.0,0.0,0,0,1.0,0.0,0,0.0,0.0,0.0,0.0,0.0,1,1.0
3fbd63d50f9df503,4,ddbd249e57ed6b40,28c9c64e5918b06e,47405.20481920666,0,0.70309484,0.0,0.0,0.0,0.0,0,0,1.0,0.0,0,0.0,0.0,0.0,0.0,0.0,1,1.0
3fc4f2d8379283e8,5,6b7e1f5b521de19b,6f9a9c5f2856c8b3,29543.967670058035,2,0.08862105,7.250000000000002,-29.0,29.0,0.0,0,0,0.8838834764913576,0.0,0,0.0,0.8328737698402218,25231.630396936926,2.0,1.7320508041047757,5,0.2
3fd8bee3c470e2ab,0,6b7e1f5b521de19b,6f9a9c5f2856c8b3,1.170863568534039,0,0.06676773,0.0,0.0,0.0,0.0,0,0,1.0,0.0,0,0.0,0.0,0.0,0.0,0.0,1,1.0
3fe75d9d0f6d055c,5,6b7e1f5b521de19b,6f9a9c5f2856c8b3,506763.7771619208,0,0.5677167,0.0,0.0,0.0,0.0,0,0,1.0,1.0,1,0.0,0.04297253460231157,-0.0859359810977804,0.0,0.0,3,1.0
3ff386fbf2a71558,3,6b7e1f5b521de19b,d4f34f97b6d22a81,9648.963805727817,0,0.00012332542,0.0,0.0,0.0,0.0,0,0,1.0,0.0,0,0.0,0.0,0.0,0.0,0.0,1,1.0
400d63a8a242d053,0,6b7e1f5b521de19b,6f9a9c5f2856c8b3,21893.046589583566,11,0.15812406,-1.216012930641557e-16,0.0,0.0,0.0,0,0,1.0,0.0,0,0.0,0.46678625507077703,18697.20462258844,6.0,1.3111095538798356,6,0.25
4047465c37392d4f,3,6b7e1f5b521de19b,6f9a9c5f2856c8b3,2958.600826128589,0,0.000116098665,0.0,-9.0,-9.0,9.0,0,-1,1.0,0.0,0,0.0,1.53703516496803e-16,0.0,0.0,0.0,3,1.0
404e1e7c5600b5ef,3,6b7e1f5b521de19b,d4f34f97b6d22a81,1.170863568534039,0,0.6872543,0.0,0.0,0.0,0.0,0,0,1.0,0.0,0,0.0,0.0,0.0,0.0,0.0,1,1.0
4063332afa349965,2,6b7e1f5b521de19b,6f9a9c5f2856c8b3,880.085618670939,0,0.68199956,0.0,0.0,0.0,0.0,0,0,1.0,0.0,0,0.0,0.9973427405230405,750.6551392685624,0.0,0.0,2,1.0
4089088b4b6fc161,3,6b7e1f5b521de19b,,2.4198904513070483,0,0.0010950033,0.0,0.0,0.0,0.0,0,0,1.0,0.0,0,0.0,0.0,0.0,0.0,0.0,1,1.0
408ef2d389e5ebda,3,6b7e1f5b521de19b,,9648.963805727817,0,0.00078443345,0.0,0.0,0.0,0.0,0,0,1.0,0.0,0,0.0,0.0,0.0,0.0,0.0,1,1.0
409fad26252c0525,0,6b7e1f5b521de19b,6f9a9c5f2856c8b3,1.170863568534039,0,0.014826014,0.0,0.0,0.0,0.0,0,0,1.0,0.0,0,0.0,0.0,0.0,0.0,0.0,1,1.0
40ae1a571df97d60,4,ca0404ddaade5726,28c9c64e5918b06e,1.170863568534039,0,0.00094543165,0.0,0.0,0.0,0.0,0,0,1.0,0.0,0,0.0,0.0,0.0,0.0,0.0,1,1.0
40b07c3a0b063499,4,fd10c5543bdbcbc9,d4f34f97b6d22a81,1499845.9725962055,38,0.039877232,-6.209896338651852e-17,0.0,0.0,0.0,0,0,1.0,0.0,0,0.0,0.0,0.0,38.0,0.0,2,1.0
40b10297cf6bea69,2,6b7e1f5b521de19b,d4f34f97b6d22a81,567913.18540228,0,0.022947567,0.0,0.0,0.0,0.0,0,0,1.0,0.0,0,0.0,0.0,0.0,0.0,0.0,1,1.0
40c4a61556e9c123,0,6b7e1f5b521de19b,6f9a9c5f2856c8b3,4386.532748246311,2,0.022210531,-1.0721261933235726e-15,0.0,0.0,0.0,0,0,1.0,0.0,0,0.0,0.0,0.0,2.0,0.0,2,1.0
40c52a66b3bbc367,5,6b7e1f5b521de19b,6f9a9c5f2856c8b3,961.6419532185737,26,0.99947363,3.882960413080894,-3.76,94.0,0.0,0,1,1.0,8.0,0,0.3076923076923077,0.0,0.0,22.0,1.091928428072346,2,0.5
40ce8306a5918439,3,6b7e1f5b521de19b,,2.4198904513070483,0,0.0016766238,0.0,0.0,0.0,0.0,0,0,1.0,0.0,0,0.0,0.0,0.0,0.0,0.0,1,1.0
40d5466e0952482c,2,6b7e1f5b521de19b,6f9a9c5f2856c8b3,1.170863568534039,0,0.0075670932,0.0,0.0,0.0,0.0,0,0,1.0,0.0,0,0.0,0.0,0.0,0.0,0.0,4,1.0
40d5530e40c5e4d5,0,6b7e1f5b521de19b,6f9a9c5f2856c8b3,4854.049577612525,50,0.045204654,0.7044364508393287,-51.0,0.0,50.0,1,-1,1.0206207261588158,0.0,0,0.0,0.21809436449722971,-0.49162553223178024,44.0,1.4680599441627606,3,0.6
40f6b195062b8e7b,3,6b7e1f5b521de19b,,2.4198904513070483,0,0.41735715,0.0,0.0,0.0,0.0,0,0,1.0,0.0,0,0.0,0.0,0.0,0.0,0.0,1,1.0
4102b710e95b495b,3,6b7e1f5b521de19b,,5083.8994500666495,0,0.08087141,0.0,0.0,0.0,0.0,0,0,1.0,0.0,0,0.0,0.0,0.0,0.0,0.0,1,1.0
41174792a32c2c62,3,6b7e1f5b521de19b,,5655.969519442425,0,0.69729453,0.0,0.0,0.0,0.0,0,0,1.0,0.0,0,0.0,0.0,0.0,0.0,0.0,1,1.0
41235ddb00f2de07,2,6b7e1f5b521de19b,6f9a9c5f2856c8b3,1.170863568534039,0,0.0121117225,0.0,0.0,0.0,0.0,0,0,1.0,0.0,0,0.0,0.0,0.0,0.0,0.0,1,1.0
4124098e4b02f13b,4,ddbd249e57ed6b40,28c9c64e5918b06e,1791747.6554711924,5,0.96634555,5.711626924908459e-15,0.0,0.0,0.0,0,0,1.0,0.0,0,0.0,0.7662386549821388,1530277.7648560298,4.0,1.9390719402518306,8,0.25
41385a6c1b650555,1,6b7e1f5b521de19b,,5584.062885786486,28,0.9574022,1.1607142857142854,-65.0,65.0,0.0,0,1,1.0,0.0,0,0.0,0.0,0.0,28.0,0.9999999999285715,2,0.3333333333333333
413b070045921310,3,6b7e1f5b521de19b,d4f34f97b6d22a81,4386.532748246311,197,0.0009963713,-0.05356459635250614,-1.4969604863221884,-6.666666666666664,90.0,1,-1,1.1717001988207087,1.0,0,0.005076142131979695,2.0733794866488283e-16,0.0,63.0,1.4743200198294566,6,0.05555555555555555
4145759cf9eeed44,2,6b7e1f5b521de19b,6f9a9c5f2856c8b3,64.10035007555453,0,0.9624993,0.0,0.0,0.0,0.0,0,0,1.0,0.0,0,0.0,0.0,0.0,0.0,0.0,1,1.0
41635c5dff5a5c59,3,6b7e1f5b521de19b,,15566.162911287942,0,0.68909377,0.0,0.0,0.0,0.0,0,0,1.0,0.0,0,0.0,0.0,0.0,0.0,0.0,1,1.0
41662488c08908b7,5,6b7e1f5b521de19b,,263999.29512211593,0,0.022508118,0.0,0.0,0.0,0.0,0,0,1.0,1.0,0,0.0,0.7071020770618631,225473.0024515854,0.0,0.0,3,1.0
4169b038e570368c,2,6b7e1f5b521de19b,6f9a9c5f2856c8b3,27673.46329647016,42,0.22306731,-2.265181504983021e-16,0.0,0.0,0.0,0,0,1.0,0.0,0,0.0,1.1354962038312435,23634.087844707883,35.0,3.0893717290506704,8,0.5
416c950f4de481c6,0,6b7e1f5b521de19b,6f9a9c5f2856c8b3,3091.400856224339,0,0.004950447,0.0,0.0,0.0,0.0,0,0,1.0,0.0,0,0.0,0.7130807024024187,2639.2741867653103,0.0,0.0,3,1.0
416fec2b4550ab7c,2,6b7e1f5b521de19b,6f9a9c5f2856c8b3,1.170863568534039,13,0.0001269659,-6.03881714878375e-18,0.0,0.0,0.0,0,0,1.0,0.0,0,0.0,0.0,0.0,13.0,0.0,2,1.0
417ac2f0e36f1f1b,1,6b7e1f5b521de19b,6f9a9c5f2856c8b3,1.170863568534039,0,0.53684866,0.0,0.0,0.0,0.0,0,0,1.0,0.0,0,0.0,0.0,0.0,0.0,0.0,1,1.0
417f46089c339ae3,5,6b7e1f5b521de19b,6f9a9c5f2856c8b3,32666.996050339076,0,0.13209473,0.0,0.0,0.0,0.0,0,0,1.0,0.0,0,0.0,0.0,0.0,0.0,0.0,3,1.0
419208b28099c070,5,6b7e1f5b521de19b,6f9a9c5f2856c8b3,278.2580555801657,0,0.030997757,0.0,0.0,0.0,0.0,0,0,1.0,0.0,0,0.0,0.0,0.0,0.0,0.0,2,1.0
419e2e28626206c2,2,6b7e1f5b521de19b,6f9a9c5f2856c8b3,770099.6287975291,2,0.31215292,-1.6239695141939146e-15,0.0,0.0,0.0,0,0,1.0,0.0,0,0.0,0.029374858733049774,0.06052771040879287,2.0,0.0,2,1.0
41acd6c6098b7183,2,6b7e1f5b521de19b,6f9a9c5f2856c8b3,6681.014348309619,0,0.22295588,0.0,0.0,0.0,0.0,0,0,1.0,0.0,0,0.0,0.7069209142690929,5705.057074330596,0.0,0.0,3,1.0
41c978c7fafa3cc5,2,6b7e1f5b521de19b,6f9a9c5f2856c8b3,8304.689797280567,0,0.7272022,0.0,0.0,0.0,0.0,0,0,1.0,0.0,0,0.0,0.9997180632766806,7091.790330540664,0.0,0.0,2,1.0
41cc32ddbf7690ea,5,6b7e1f5b521de19b,6f9a9c5f2856c8b3,37366.72288186757,0,0.00026569422,0.0,0.0,0.0,0.0,0,0,1.0,0.0,0,0.0,0.0,0.0,0.0,0.0,1,1.0
41dae1bb6f923cde,3,6b7e1f5b521de19b,,9973.897027973446,0,0.42572924,0.0,0.0,0.0,0.0,0,0,1.0,0.0,0,0.0,0.0,0.0,0.0,0.0,1,1.0
41db54541e35f4bd,4,6b7e1f5b521de19b,28c9c64e5918b06e,1.170863568534039,0,0.025859298,0.0,0.0,0.0,0.0,0,0,1.0,0.0,0,0.0,0.0,0.0,0.0,0.0,2,1.0
41e585133709a820,3,6b7e1f5b521de19b,,89664.46366676311,0,0.00062692905,0.0,0.0,0.0,0.0,0,0,1.0,0.0,0,0.0,0.0,0.0,0.0,0.0,1,1.0
41f88093b524823a,3,6b7e1f5b521de19b,d4f34f97b6d22a81,121154.2005075969,182,0.18598281,8.531465273864508e-17,0.0,0.0,0.0,0,0,1.0,0.0,0,0.0,0.08483654371714103,0.31844398349098324,36.0,0.9764773577940319,4,0.4
41f9c29a16f5f841,0,e43bc3ffd79e75b6,,1064506.8667509402,11,0.30934754,0.3896103896103908,-10.0,10.0,0.0,0,0,2.0655911175506224e-10,0.0,0,0.0,0.1484727814854953,0.47563066666983256,11.0,2.449489741224412,7,0.125
421107781b508469,0,6b7e1f5b521de19b,6f9a9c5f2856c8b3,655.4763241488417,2,0.09057088,2.121021231275996e-15,0.0,0.0,0.0,0,0,1.0,0.0,0,0.0,0.3231988377541295,-0.5074555813415051,2.0,1.7320508041047757,5,0.2
42243a55efe4dade,5,6b7e1f5b521de19b,6f9a9c5f2856c8b3,1.170863568534039,0,0.3825675,0.0,0.0,0.0,0.0,0,0,1.0,0.0,0,0.0,0.0,0.0,0.0,0.0,1,1.0
4228ad85c977d04f,6,6b7e1f5b521de19b,,1536396.5715196466,1564,0.001033396,-0.00848214411755679,0.0790601747007441,-15.8,49.0,3,1,1.6542080096533844,0.0,0,0.0,1.8349979064049262,7.269876615628236,223.0,0.9370766858102378,2,0.18518518518518517
422c8ad543257951,4,6b7e1f5b521de19b,,9548.177348327423,0,0.017546756,0.0,0.0,0.0,0.0,0,0,1.0,0.0,0,0.0,0.0,0.0,0.0,0.0,1,1.0
4232a98cfaf90d8c,3,6b7e1f5b521de19b,,37820.4743961143,0,0.003107949,0.0,0.0,0.0,0.0,0,0,1.0,0.0,0,0.0,0.0,0.0,0.0,0.0,1,1.0
423734d8663eaca3,5,6b7e1f5b521de19b,6f9a9c5f2856c8b3,252857.95171331312,265,0.011533688,0.3072389191848784,-0.5084745762711864,60.0,0.0,0,0,3.662335103689445e-11,0.0,0,0.0,0.39395822674414144,215957.51003366677,95.0,1.306875865622748,2,0.07692307692307693
423a2bdd9bd7b954,4,fc3655a0b667e091,28c9c64e5918b06e,5062.409427540058,0,0.030719105,0.0,0.0,0.0,0.0,0,0,1.0,0.0,0,0.0,0.0,0.0,0.0,0.0,1,1.0
4247d99b4555f067,2,6b7e1f5b521de19b,6f9a9c5f2856c8b3,415.3892283045608,0,0.06610688,0.0,0.0,0.0,0.0,0,0,1.0,0.0,0,0.0,0.0,0.0,0.0,0.0,1,1.0
425803efbb38f865,2,6b7e1f5b521de19b,6f9a9c5f2856c8b3,1.170863568534039,0,0.67867285,0.0,0.0,0.0,0.0,0,0,1.0,0.0,0,0.0,0.0,0.0,0.0,0.0,1,1.0
428c37741ec8edce,2,6b7e1f5b521de19b,,11164.548352985037,0,0.0034465052,0.0,0.0,0.0,0.0,0,0,1.0,0.0,0,0.0,0.0,0.0,0.0,0.0,1,1.0
428e6512417b8e30,3,6b7e1f5b521de19b,d4f34f97b6d22a81,4854.049577612525,84,0.049495224,2.1380955751941872e-16,0.0,0.0,0.0,0,0,1.0,0.0,0,0.0,0.5771645976763202,4144.700411269915,84.0,1.4142135623225873,2,0.5
429263ba2868cc83,1,6b7e1f5b521de19b,,1.170863568534039,0,0.09109861,0.0,0.0,0.0,0.0,0,0,1.0,0.0,0,0.0,0.0,0.0,0.0,0.0,1,1.0
429a6da98ce76826,3,6b7e1f5b521de19b,,5655.969519442425,0,0.006397386,0.0,0.0,0.0,0.0,0,0,1.0,0.0,0,0.0,0.0,0.0,0.0,0.0,1,1.0
429ad86fc09e4426,3,6b7e1f5b521de19b,,89664.46366676311,140,0.0025790893,5.352304605688383e-19,0.0,0.0,0.0,0,0,1.0,0.0,0,0.0,1.6229300475658565e-16,0.0,65.0,0.9862317481916306,2,0.42857142857142855
42ab1d1ae6bb5468,0,6b7e1f5b521de19b,6f9a9c5f2856c8b3,415.6520572837034,0,0.22365181,0.0,0.0,0.0,0.0,0,0,1.0,0.0,0,0.0,0.9119185280461876,353.9961485300238,0.0,0.0,3,1.0
42bec1342c710a33,2,6b7e1f5b521de19b,6f9a9c5f2856c8b3,98.49392076768089,0,0.05213025,0.0,0.0,0.0,0.0,0,0,1.0,0.0,0,0.0,0.0,0.0,0.0,0.0,1,1.0
42f74c4f4fc42550,1,062b9e5a52eb6d8e,,1411928.4051162004,953,0.0005387191,-0.045236317172447034,0.005980251263270127,-52.5,55.0,2,-1,0.09982359716312328,1.0,0,0.001049317943336831,0.0,0.0,284.0,0.9744859306735056,2,0.35714285714285715
4304179e423764cc,0,6b7e1f5b521de19b,,1.170863568534039,0,0.25225955,0.0,0.0,0.0,0.0,0,0,1.0,0.0,0,0.0,0.0,0.0,0.0,0.0,1,1.0
4307c2ed1812afc2,5,6b7e1f5b521de19b,6f9a9c5f2856c8b3,1060.8669669680157,0,0.09390327,0.0,0.0,0.0,0.0,0,0,1.0,0.0,0,0.0,0.0,0.0,0.0,0.0,1,1.0
43218a43254d59b9,0,bd661df59343798b,,6825.920575393989,615,0.00017909233,-0.07411006307942329,-0.10554089709762533,-45.0,50.0,1,-1,1.302479444236124,0.0,0,0.0,0.0,0.0,130.0,0.5508452574995484,2,0.18181818181818182
4328221e28927f10,2,6b7e1f5b521de19b,,25654.101903090123,0,0.106496714,0.0,0.0,0.0,0.0,0,0,1.0,0.0,0,0.0,0.0,0.0,0.0,0.0,1,1.0
43353ff4e18b7e0b,2,6b7e1f5b521de19b,6f9a9c5f2856c8b3,322.19821203079925,0,0.08188315,0.0,0.0,0.0,0.0,0,0,1.0,0.0,0,0.0,0.0,0.0,0.0,0.0,1,1.0
434be578eafaaba9,3,6b7e1f5b521de19b,,89664.46366676311,257,0.00055194733,-1.0692432350060285e-18,0.0,0.0,0.0,0,0,1.0,0.0,0,0.0,0.0,0.0,124.0,1.1510540534984448,3,0.25
4354382c5f0ae3d5,6,6b7e1f5b521de19b,,90092.20966766455,0,0.99605536,0.0,0.0,0.0,0.0,0,0,1.0,0.0,0,0.0,0.0,0.0,0.0,0.0,1,1.0
435834ce85e5f259,2,6b7e1f5b521de19b,6f9a9c5f2856c8b3,1.170863568534039,0,0.0035269526,0.0,0.0,0.0,0.0,0,0,1.0,0.0,0,0.0,0.0,0.0,0.0,0.0,2,1.0
4361679541e34834,3,6b7e1f5b521de19b,,25102.753943361105,0,0.068503834,0.0,0.0,0.0,0.0,0,0,1.0,0.0,0,0.0,0.0,0.0,0.0,0.0,1,1.0
436b09fccebff103,0,6b7e1f5b521de19b,6f9a9c5f2856c8b3,1.170863568534039,0,0.032175973,0.0,0.0,0.0,0.0,0,0,1.0,0.0,0,0.0,0.0,0.0,0.0,0.0,1,1.0
437633e78d9b257e,2,6b7e1f5b521de19b,,105527.34644643012,0,0.0958809,0.0,0.0,0.0,0.0,0,0,1.0,0.0,0,0.0,0.0,0.0,0.0,0.0,1,1.0
43861809ba1f4273,0,062b9e5a52eb6d8e,,37788.32338894414,0,0.56411564,0.0,0.0,0.0,0.0,0,0,1.0,0.0,0,0.0,0.0,0.0,0.0,0.0,1,1.0
43863c38281fc1e8,4,255414ab73601d72,28c9c64e5918b06e,1.170863568534039,0,0.9971105,0.0,0.0,0.0,0.0,0,0,1.0,0.0,0,0.0,0.0,0.0,0.0,0.0,1,1.0
43886a93b84e1924,4,fd10c5543bdbcbc9,28c9c64e5918b06e,1.170863568534039,0,0.9901292,0.0,0.0,0.0,0.0,0,0,1.0,0.0,0,0.0,0.0,0.0,0.0,0.0,1,1.0
43a218c8b9b287f0,0,7b7c16a1b24ec3b8,,1.170863568534039,0,0.3086958,0.0,0.0,0.0,0.0,0,0,1.0,0.0,0,0.0,0.0,0.0,0.0,0.0,1,1.0
43af4602232af082,3,6b7e1f5b521de19b,,11264.189824104717,482,0.00013198482,-1.8869094253977985e-18,0.0,0.0,0.0,0,0,1.0,0.0,0,0.0,0.0,0.0,132.0,0.6414714988013764,2,0.25
43affed691309e3f,3,6b7e1f5b521de19b,d4f34f97b6d22a81,16057.941059122853,5,0.04866006,-3.247939028387829e-16,0.0,0.0,0.0,0,0,1.0,0.0,0,0.0,0.0,0.0,5.0,0.0,2,1.0
43b53cf40dcb2e0a,6,6b7e1f5b521de19b,,7289.944028155866,0,0.9987955,0.0,-80.0,80.0,0.0,0,1,1.0,1.0,0,0.0,0.999678824545513,6225.125933086401,0.0,0.0,2,1.0
43c002aa50446044,2,6b7e1f5b521de19b,6f9a9c5f2856c8b3,270.4411873165172,0,0.064558744,0.0,0.0,0.0,0.0,0,0,1.0,0.0,0,0.0,0.0,0.0,0.0,0.0,1,1.0
43e32396d02b6ac2,2,6b7e1f5b521de19b,6f9a9c5f2856c8b3,98.49392076768089,21,0.011822782,-5.18670089231101e-16,0.0,0.0,0.0,0,0,1.0,0.0,0,0.0,0.0,0.0,21.0,0.9999999999047618,2,0.3333333333333333
4402af6a2b8ce1bc,2,6b7e1f5b521de19b,6f9a9c5f2856c8b3,1.170863568534039,0,0.6134589,0.0,0.0,0.0,0.0,0,0,1.0,0.0,0,0.0,0.0,0.0,0.0,0.0,1,1.0
4405b052a1576582,2,6b7e1f5b521de19b,6f9a9c5f2856c8b3,98.49392076768089,20,0.00050077913,-6.0832842281056e-17,0.0,0.0,0.0,0,0,1.0,0.0,0,0.0,0.0,0.0,20.0,0.9999999999,2,0.3333333333333333
4409adc1be0b40e9,2,6b7e1f5b521de19b,,2615826.4497860987,264,0.090231724,-4.383535525176778e-17,0.0,0.0,0.0,0,0,1.0,0.0,0,0.0,0.035176089789944166,0.07852615658208197,179.0,1.2337906790843478,2,0.5
441af2fd81020f68,3,6b7e1f5b521de19b,,36095.37719582366,0,0.002098142,0.0,0.0,0.0,0.0,0,0,1.0,0.0,0,0.0,0.0,0.0,0.0,0.0,1,1.0
442161677ccdd0e5,2,6b7e1f5b521de19b,6f9a9c5f2856c8b3,325.3216003955088,0,0.059951495,0.0,0.0,0.0,0.0,0,0,1.0,0.0,0,0.0,0.0,0.0,0.0,0.0,1,1.0
442a532e595fd140,0,6b7e1f5b521de19b,6f9a9c5f2856c8b3,104217.294202615,0,0.6539027,0.0,0.0,0.0,0.0,0,0,1.0,0.0,0,0.0,0.1578576407988583,0.37489538217411256,0.0,0.0,2,1.0
442ea25e33ffe714,3,6b7e1f5b521de19b,,147782.212188992,40,0.044467684,-8.119847570969573e-17,0.0,0.0,0.0,0,0,1.0,0.0,0,0.0,0.0,0.0,40.0,0.0,2,1.0
44449297d87afe62,2,6b7e1f5b521de19b,6f9a9c5f2856c8b3,944.1005318198369,0,0.15713568,0.0,0.0,0.0,0.0,0,0,1.0,0.0,0,0.0,0.0,0.0,0.0,0.0,1,1.0
444d5094d81f2037,2,6b7e1f5b521de19b,6f9a9c5f2856c8b3,98.49392076768089,29,0.00079147157,-7.393973747059121e-17,0.0,0.0,0.0,0,0,1.0,0.0,0,0.0,0.0,0.0,29.0,0.0,2,1.0
444f8603dac833fe,3,6b7e1f5b521de19b,,2.4198904513070483,0,0.0007890798,0.0,0.0,0.0,0.0,0,0,1.0,0.0,0,0.0,0.0,0.0,0.0,0.0,1,1.0
445245ead0a4479f,5,6b7e1f5b521de19b,d4f34f97b6d22a81,1.170863568534039,0,0.024735063,0.0,0.0,0.0,0.0,0,0,1.0,0.0,0,0.0,0.0,0.0,0.0,0.0,1,1.0
4453166befed9e91,3,6b7e1f5b521de19b,6f9a9c5f2856c8b3,237356.7852914512,57,0.00011246851,-2.6185587825548965e-18,0.0,0.0,0.0,0,0,1.0,0.0,0,0.0,0.1203791052570675,0.3077554805976208,57.0,0.9999999999649123,2,0.3333333333333333
445acf2bf02cbbc6,2,6b7e1f5b521de19b,6f9a9c5f2856c8b3,14700.526173316806,289,0.0040863,-3.10517220136966e-17,0.0,0.0,0.0,0,0,1.0,0.0,0,0.0,0.47731072423351373,-0.682424839047091,154.0,1.1507310468615306,3,0.7142857142857143
445fbcc67ecf3910,4,ac6153076817c20f,28c9c64e5918b06e,83996.07777595076,207,0.00028081326,1.0275456950102306e-17,0.0,0.0,0.0,0,0,1.0,0.0,0,0.0,0.0,0.0,113.0,0.09178743961263973,1,0.3333333333333333
4464e46e7b82b302,3,6b7e1f5b521de19b,,2186.505528376051,0,0.9228907,0.0,0.0,0.0,0.0,0,0,1.0,0.0,0,0.0,0.0,0.0,0.0,0.0,1,1.0
4481f36642f78d64,3,6b7e1f5b521de19b,,11264.189824104717,0,0.10214209,0.0,0.0,0.0,0.0,0,0,1.0,0.0,0,0.0,0.0,0.0,0.0,0.0,1,1.0
448d61b716c81427,3,6b7e1f5b521de19b,d4f34f97b6d22a81,1.170863568534039,0,0.0012184387,0.0,0.0,0.0,0.0,0,0,1.0,0.0,0,0.0,0.0,0.0,0.0,0.0,1,1.0
44c10453d9b99869,6,6b7e1f5b521de19b,,1.170863568534039,0,0.0028472466,0.0,-15.0,15.0,0.0,0,1,1.0,1.0,0,0.0,0.0,0.0,0.0,0.0,2,1.0
44d585ae0415495a,5,6b7e1f5b521de19b,6f9a9c5f2856c8b3,1395510.2741413682,507,0.0049083116,0.04584622019461889,-0.3482539070036658,8.0,30.0,3,0,5.946061598348971e-11,1.0,0,0.0019723865877712033,0.7742193823256083,-0.8728692714905889,88.0,1.2937202231672382,6,0.46153846153846156
44dd3cb52b473864,3,6b7e1f5b521de19b,,40882.782652931186,0,0.02335711,0.0,0.0,0.0,0.0,0,0,1.0,0.0,0,0.0,0.0,0.0,0.0,0.0,1,1.0
44e036c7c8090327,3,6b7e1f5b521de19b,6f9a9c5f2856c8b3,442.31453937079607,0,0.084817335,0.0,0.0,0.0,0.0,0,0,1.0,0.0,0,0.0,0.0,0.0,0.0,0.0,1,1.0
44f65b0987f42069,0,6b7e1f5b521de19b,6f9a9c5f2856c8b3,414861.3163009061,0,0.9332366,0.0,0.0,0.0,0.0,0,0,1.0,0.0,0,0.0,0.0,0.0,0.0,0.0,1,1.0
45086639752b3445,3,6b7e1f5b521de19b,,1.170863568534039,0,0.0021736212,0.0,0.0,0.0,0.0,0,0,1.0,0.0,0,0.0,0.0,0.0,0.0,0.0,1,1.0
450adab0aca6d2c8,0,6b7e1f5b521de19b,6f9a9c5f2856c8b3,1.170863568534039,209,0.017564718,0.11579641493025142,-0.24271844660194175,50.0,0.0,0,0,5.366563145711496e-11,0.0,0,0.0,0.6696130034181136,-0.9999551404456754,103.0,1.1957319763626268,3,0.5
45123b9ee1b9ed0c,3,6b7e1f5b521de19b,1e1439736d3ae4c5,1.170863568534039,0,0.57888633,0.0,0.0,0.0,0.0,0,0,1.0,0.0,0,0.0,0.0,0.0,0.0,0.0,1,1.0
4516de2f4455ee6c,5,6b7e1f5b521de19b,6f9a9c5f2856c8b3,5526447.443578921,4,0.00017310305,-1.2499999999999998,10.0,-10.0,10.0,0,-1,1.0,0.0,0,0.0,0.6918874239980485,68.19152235820806,4.0,0.9999999995,3,0.3333333333333333
45178ec9b88a995e,0,6b7e1f5b521de19b,6f9a9c5f2856c8b3,1554358.452082556,0,0.00015069869,0.0,10.0,-10.0,10.0,0,-1,1.0,0.0,0,0.0,0.9999984934457222,1327530.6559970055,0.0,0.0,2,1.0
452290e259068c46,5,6b7e1f5b521de19b,6f9a9c5f2856c8b3,1100.311736085542,0,0.10217967,0.0,0.0,0.0,0.0,0,0,1.0,0.0,0,0.0,0.0,0.0,0.0,0.0,2,1.0
452c2059f19b5581,3,6b7e1f5b521de19b,d4f34f97b6d22a81,7254.62894406636,125,0.0010509143,-3.229547030753206e-17,0.0,0.0,0.0,0,0,1.0,0.0,0,0.0,0.0,0.0,36.0,0.7605892452079194,2,0.2222222222222222
452e8e7dd0030970,5,6b7e1f5b521de19b,d4f34f97b6d22a81,5075.82325948797,0,0.00020130356,0.0,0.0,0.0,0.0,0,0,1.0,0.0,0,0.0,0.0,0.0,0.0,0.0,1,1.0
453edabcfa2b970b,0,062b9e5a52eb6d8e,,5147.637672143986,0,0.9049388,0.0,0.0,0.0,0.0,0,0,1.0,0.0,0,0.0,0.0,0.0,0.0,0.0,1,1.0
45450d9663101f97,0,6b7e1f5b521de19b,6f9a9c5f2856c8b3,1.170863568534039,0,0.014465095,0.0,0.0,0.0,0.0,0,0,1.0,0.0,0,0.0,0.0,0.0,0.0,0.0,1,1.0
4545a15fea834d9f,2,6b7e1f5b521de19b,2095e0b55fdf3180,1.170863568534039,320,0.0010743104,-3.0525155050263658e-18,0.0,0.0,0.0,0,0,1.0,0.0,0,0.0,0.0,0.0,236.0,1.7933198525665466,4,0.625
454f4b07a06ca453,3,6b7e1f5b521de19b,,2.4198904513070483,0,0.41735715,0.0,0.0,0.0,0.0,0,0,1.0,0.0,0,0.0,0.0,0.0,0.0,0.0,1,1.0
4556b53d4a07d527,2,6b7e1f5b521de19b,6f9a9c5f2856c8b3,98.49392076768089,23,0.0006610013,-9.32283646368324e-17,0.0,0.0,0.0,0,0,1.0,0.0,0,0.0,0.0,0.0,23.0,0.0,2,1.0
4557df33a63ac1b7,3,6b7e1f5b521de19b,,80872.05936290111,10,0.0011170013,-2.144252386647145e-16,0.0,0.0,0.0,0,0,1.0,0.0,0,0.0,0.0,0.0,10.0,0.0,2,1.0
456a5d6aef7b6a5d,4,255414ab73601d72,,898.0672933087098,0,0.054825667,0.0,0.0,0.0,0.0,0,0,1.0,0.0,0,0.0,0.0,0.0,0.0,0.0,1,1.0
458968995c2f7c46,3,6b7e1f5b521de19b,,41553.88251261787,352,0.00015881026,1.4416899190905928e-18,0.0,0.0,0.0,0,0,1.0,1.0,0,0.002840909090909091,0.4102505267471612,3.3065642435046403,108.0,1.0742168129812135,5,0.25
458c8b6cc13d70ce,3,6b7e1f5b521de19b,d4f34f97b6d22a81,1.170863568534039,0,0.02075379,0.0,0.0,0.0,0.0,0,0,1.0,0.0,0,0.0,0.0,0.0,0.0,0.0,1,1.0
459489db218673be,0,6b7e1f5b521de19b,6f9a9c5f2856c8b3,85310.81114042184,569,0.0011802495,0.05430562933481134,-0.06802721088435375,20.0,0.0,0,0,1.0103629709797617e-10,2.0,1,0.0017574692442882249,0.9662302087729384,72860.44469183021,183.0,1.280697153219997,3,0.07142857142857142
45b23d198af44332,0,062b9e5a52eb6d8e,,1.170863568534039,0,0.01170307,0.0,0.0,0.0,0.0,0,0,1.0,0.0,0,0.0,0.0,0.0,0.0,0.0,1,1.0
45b4eb9b7e1b126d,2,6b7e1f5b521de19b,6f9a9c5f2856c8b3,1.170863568534039,0,0.13247436,0.0,0.0,0.0,0.0,0,0,1.0,0.0,0,0.0,0.0,0.0,0.0,0.0,1,1.0
45c526698e416f03,2,6b7e1f5b521de19b,6f9a9c5f2856c8b3,76969.49683290807,0,0.9551877,0.0,0.0,0.0,0.0,0,0,1.0,0.0,0,0.0,0.0,0.0,0.0,0.0,1,1.0
45e3948a05380c18,2,6b7e1f5b521de19b,6f9a9c5f2856c8b3,271714.27236091055,0,0.36044666,0.0,0.0,0.0,0.0,0,0,1.0,0.0,0,0.0,0.03778549897574716,0.07853861885374956,0.0,0.0,2,1.0
45eba596088318c7,5,6b7e1f5b521de19b,d4f34f97b6d22a81,92571.77645502139,42,0.011472933,0.17857142857142858,10.238095238095237,0.0,10.0,1,1,0.8838834765068868,1.0,1,-0.023809523809523808,0.499992094918721,79061.82076136711,42.0,1.73205080740392,4,0.2
45edfb105d888088,3,6b7e1f5b521de19b,,1.170863568534039,0,0.00065893884,0.0,0.0,0.0,0.0,0,0,1.0,0.0,0,0.0,0.0,0.0,0.0,0.0,1,1.0
45ef6458d72f3242,3,6b7e1f5b521de19b,,22215.71817554351,0,0.21277404,0.0,0.0,0.0,0.0,0,0,1.0,0.0,0,0.0,1.4137515251141093,9179.464414636703,0.0,0.0,3,1.0
45efecf48d8d9454,0,6b7e1f5b521de19b,6f9a9c5f2856c8b3,1.170863568534039,0,0.01682852,0.0,0.0,0.0,0.0,0,0,1.0,0.0,0,0.0,0.0,0.0,0.0,0.0,1,1.0
45f98c71b3b34ae6,3,6b7e1f5b521de19b,2095e0b55fdf3180,118887.02774929522,29,0.50231916,1.7241379310344827,1.7241379310344827,50.0,0.0,0,1,1.0,0.0,0,0.0,0.7069271273501678,101536.89984100865,29.0,1.4142135622267973,3,0.25
4602c60eb77dead0,4,ddbd249e57ed6b40,28c9c64e5918b06e,363.5022704672653,0,0.09283373,0.0,0.0,0.0,0.0,0,0,1.0,0.0,0,0.0,0.0,0.0,0.0,0.0,1,1.0
46172a651d26c752,0,6b7e1f5b521de19b,6f9a9c5f2856c8b3,11025.386122928974,395,0.00070726074,3.669749999699229e-19,0.0,0.0,0.0,0,0,1.0,0.0,0,0.0,0.09205819168346634,0.20343850734152058,80.0,1.015259317637996,4,0.17647058823529413
461eaf283df44656,0,6b7e1f5b521de19b,6f9a9c5f2856c8b3,10015.007569980527,0,0.037150282,0.0,0.0,0.0,0.0,0,0,1.0,0.0,0,0.0,0.0,0.0,0.0,0.0,1,1.0
462007a8ab598165,5,6b7e1f5b521de19b,d4f34f97b6d22a81,3806.0616105356717,179,0.04307394,0.03281758429205813,-0.09009009009009009,10.0,0.0,0,0,2.499999999375e-10,0.0,0,0.0,1.194797660730307e-16,0.0,74.0,1.2592035015127634,3,0.3
46227cbb7f9ac820,2,6b7e1f5b521de19b,,18179.73727059817,0,0.11965331,0.0,0.0,0.0,0.0,0,0,1.0,0.0,0,0.0,0.0,0.0,0.0,0.0,1,1.0
4622c3b0c353ea21,3,6b7e1f5b521de19b,,8269.642544488683,0,0.05313702,0.0,0.0,0.0,0.0,0,0,1.0,0.0,0,0.0,0.0,0.0,0.0,0.0,1,1.0
464a1396d4b5f749,2,6b7e1f5b521de19b,,1.170863568534039,0,0.011678053,0.0,0.0,0.0,0.0,0,0,1.0,0.0,0,0.0,0.0,0.0,0.0,0.0,1,1.0
4653d78b571a50d1,2,6b7e1f5b521de19b,6f9a9c5f2856c8b3,1.170863568534039,0,0.00280605,0.0,0.0,0.0,0.0,0,0,1.0,0.0,0,0.0,0.0,0.0,0.0,0.0,1,1.0
465e614eebda2778,0,6b7e1f5b521de19b,6f9a9c5f2856c8b3,1.170863568534039,0,0.05208351,0.0,0.0,0.0,0.0,0,0,1.0,0.0,0,0.0,0.0,0.0,0.0,0.0,1,1.0
466a712150ef4063,0,6b7e1f5b521de19b,,17088.94487642747,182,0.9934941,0.48227793964342025,-0.8177860696517414,72.0,0.0,0,0,3.758654242229073e-11,3.0,0,0.016483516483516484,0.09508591395219507,0.8734278770499011,35.0,1.499969809899521,11,0.15384615384615385
466e04563712f163,0,6b7e1f5b521de19b,6f9a9c5f2856c8b3,1.170863568534039,0,0.15140763,0.0,0.0,0.0,0.0,0,0,1.0,0.0,0,0.0,0.0,0.0,0.0,0.0,1,1.0
467f7cea116f29d7,5,6b7e1f5b521de19b,6f9a9c5f2856c8b3,1.170863568534039,0,0.21493253,0.0,0.0,0.0,0.0,0,0,1.0,0.0,0,0.0,0.0,0.0,0.0,0.0,1,1.0
4681f6ea5c735467,0,cca8e68b78e095c5,,121529.78061548984,0,0.00018997247,0.0,0.0,0.0,0.0,0,0,1.0,0.0,0,0.0,0.0,0.0,0.0,0.0,1,1.0
468ecd16f21207f3,3,6b7e1f5b521de19b,6f9a9c5f2856c8b3,2864.41509483459,0,0.9958318,0.0,0.0,0.0,0.0,0,0,1.0,0.0,0,0.0,0.0,0.0,0.0,0.0,1,1.0
46a9313685a26629,5,6b7e1f5b521de19b,6f9a9c5f2856c8b3,29543.967670058035,0,0.8965214,0.0,-50.0,50.0,0.0,0,1,1.0,0.0,0,0.0,0.0564840745608012,0.13022310930494702,0.0,0.0,3,1.0
46a940c33e85083f,5,6b7e1f5b521de19b,d4f34f97b6d22a81,27505.233600127875,69,0.0023737147,1.533170372278934e-16,0.0,0.0,0.0,0,0,1.0,0.0,0,0.0,0.0,0.0,69.0,1.4142135623116074,3,0.25
46ae87dba7f8f46a,2,6b7e1f5b521de19b,d4f34f97b6d22a81,1.170863568534039,0,0.07273456,0.0,0.0,0.0,0.0,0,0,1.0,0.0,0,0.0,0.0,0.0,0.0,0.0,1,1.0
46bd8cbaaf362916,6,6b7e1f5b521de19b,,2.4198904513070483,0,0.023148505,0.0,0.0,0.0,0.0,0,0,1.0,0.0,0,0.0,0.0,0.0,0.0,0.0,1,1.0
46ce0f5e1233bab8,1,6b7e1f5b521de19b,,41408.65805672001,218,0.11192056,0.9302438550471195,1.2195121951219512,50.0,0.0,0,1,1.1067971810542045,1.0,0,0.015873015873015872,1.5808154754024266,17110.79034338272,23.0,1.0105266057702358,3,0.14285714285714285
46ce40642c39ee4f,2,6b7e1f5b521de19b,6f9a9c5f2856c8b3,262.2931122345503,0,0.07529263,0.0,0.0,0.0,0.0,0,0,1.0,0.0,0,0.0,0.0,0.0,0.0,0.0,2,1.0
46d9ef02b74bd802,2,6b7e1f5b521de19b,6f9a9c5f2856c8b3,12262.816124644813,0,0.064382955,0.0,0.0,0.0,0.0,0,0,1.0,0.0,0,0.0,0.0,0.0,0.0,0.0,2,1.0
46df6db17562898a,3,6b7e1f5b521de19b,,4176.674738255045,0,0.00017004322,0.0,0.0,0.0,0.0,0,0,1.0,0.0,0,0.0,0.0,0.0,0.0,0.0,1,1.0
46f5a90048adfcbe,3,6b7e1f5b521de19b,,7495.264905653416,137,0.000102972524,-2.92296800415718e-17,0.0,0.0,0.0,0,0,1.0,0.0,0,0.0,0.49990237020807426,6400.484431732506,61.0,0.710208100360325,2,0.2
4701fb6fb5aef421,2,6b7e1f5b521de19b,6f9a9c5f2856c8b3,760753.8886393537,59,0.060648672,-2.2427774676624707e-16,0.0,0.0,0.0,0,0,1.0,1.0,1,-0.01694915254237288,0.03995765189688315,-0.08975465433258083,59.0,2.44948974249256,5,0.625
470415f3a2f0b628,2,6b7e1f5b521de19b,6f9a9c5f2856c8b3,1.170863568534039,0,0.07560565,0.0,0.0,0.0,0.0,0,0,1.0,0.0,0,0.0,0.0,0.0,0.0,0.0,1,1.0
4707a135531acd1b,5,6b7e1f5b521de19b,6f9a9c5f2856c8b3,14113.888689804007,0,0.021344705,0.0,0.0,0.0,0.0,0,0,1.0,0.0,0,0.0,0.0,0.0,0.0,0.0,1,1.0
47099be398a05f05,6,6b7e1f5b521de19b,,1.170863568534039,120,0.00019949808,-0.09218662169758275,-20.0,-20.0,20.0,0,-1,1.0,0.0,0,0.0,0.0,0.0,85.0,0.8720187306638809,2,0.5
471325a1c8d40e26,2,6b7e1f5b521de19b,6f9a9c5f2856c8b3,244480.93109410699,8,0.28456056,-4.0599237854847866e-16,0.0,0.0,0.0,0,0,1.0,0.0,0,0.0,0.0,0.0,8.0,0.0,2,1.0
471cf124a1ead606,4,fc3655a0b667e091,28c9c64e5918b06e,1.170863568534039,0,0.003154366,0.0,0.0,0.0,0.0,0,0,1.0,0.0,0,0.0,0.0,0.0,0.0,0.0,1,1.0
4748a205c4ac504b,2,6b7e1f5b521de19b,6f9a9c5f2856c8b3,68943.69487490656,335,0.0037115174,-0.11634678636381232,0.3252032520325203,-50.0,70.0,1,1,0.6744867451816859,0.0,0,0.0,0.04734235130016614,-0.08153027748930072,55.0,0.9499059056487337,3,0.29411764705882354
475df06f536c7a4e,3,6b7e1f5b521de19b,6f9a9c5f2856c8b3,1.170863568534039,45,0.0010457973,-2.7036818791580443e-17,0.0,0.0,0.0,0,0,1.0,0.0,0,0.0,0.0,0.0,45.0,0.9999999999555556,2,0.3333333333333333
475edb121ec5f069,3,6b7e1f5b521de19b,,5083.8994500666495,0,0.0028562162,0.0,0.0,0.0,0.0,0,0,1.0,0.0,0,0.0,0.0,0.0,0.0,0.0,1,1.0
47729b0353b9619e,0,062b9e5a52eb6d8e,,869711.3941640588,325,0.0013806603,6.594956062036218e-18,0.0,0.0,0.0,0,0,1.0,0.0,0,0.0,0.23121976936468167,0.6584342223388421,129.0,0.45599750855189164,1,0.2
477b9640b8debdd1,5,6b7e1f5b521de19b,,1.170863568534039,0,0.0085232705,0.0,0.0,0.0,0.0,0,0,1.0,0.0,0,0.0,0.0,0.0,0.0,0.0,1,1.0
477facb83c7e2f7f,0,6b7e1f5b521de19b,6f9a9c5f2856c8b3,1052811.1590476718,181,0.012604079,-6.72186102553105e-18,0.0,0.0,0.0,0,0,1.0,0.0,0,0.0,0.04735759001532756,-0.0972055105314681,181.0,0.9999999999889503,2,0.3333333333333333
4795c15ef9320454,3,255414ab73601d72,d4f34f97b6d22a81,219582.77326747295,81,0.11378971,0.4514563106796116,-1.5789473684210527,40.0,0.0,0,0,5.919163483653516e-11,0.0,0,0.0,0.30150959069711847,187538.1626903193,20.0,0.9431323087501563,3,0.3333333333333333
479da6aa2f28b57a,1,6b7e1f5b521de19b,,4854.049577612525,0,0.0028562162,0.0,0.0,0.0,0.0,0,0,1.0,0.0,0,0.0,0.0,0.0,0.0,0.0,1,1.0
47b6a26f058e77d8,2,6b7e1f5b521de19b,6f9a9c5f2856c8b3,310741.7000277706,2,0.07493128,-8.119847570969573e-16,0.0,0.0,0.0,0,0,1.0,0.0,0,0.0,0.32206328889114605,-0.48721311846011645,2.0,0.0,2,1.0
47b77c5f339a7a1b,3,6b7e1f5b521de19b,,9648.963805727817,0,0.016964773,0.0,0.0,0.0,0.0,0,0,1.0,0.0,0,0.0,0.0,0.0,0.0,0.0,1,1.0
47c79887f3f8d0fe,2,6b7e1f5b521de19b,6f9a9c5f2856c8b3,325.3216003955088,0,0.057225544,0.0,0.0,0.0,0.0,0,0,1.0,0.0,0,0.0,0.0,0.0,0.0,0.0,1,1.0
47dc887f4f2cc319,1,6b7e1f5b521de19b,,11264.189824104717,114,0.03955566,0.0,0.0,0.0,0.0,0,0,1.0,0.0,0,0.0,0.0,0.0,0.0,0.0,2,1.0
47e5da3939bd972d,2,6b7e1f5b521de19b,6f9a9c5f2856c8b3,1645.1018281872764,0,0.060125362,0.0,0.0,0.0,0.0,0,0,1.0,0.0,0,0.0,0.0,0.0,0.0,0.0,1,1.0
47f801b4ed16c51c,2,6b7e1f5b521de19b,6f9a9c5f2856c8b3,88250.1203478151,0,0.19357283,0.0,0.0,0.0,0.0,0,0,1.0,0.0,0,0.0,0.0,0.0,0.0,0.0,1,1.0
47f971f138624369,4,7545e34e09ae9cad,28c9c64e5918b06e,1.170863568534039,0,0.0009893798,0.0,0.0,0.0,0.0,0,0,1.0,0.0,0,0.0,0.0,0.0,0.0,0.0,1,1.0
47f98b04d5ee8d7d,1,6b7e1f5b521de19b,6f9a9c5f2856c8b3,1.170863568534039,29,0.0001683759,0.0,0.0,0.0,0.0,0,0,1.0,0.0,0,0.0,0.0,0.0,0.0,0.0,1,1.0
480f69cfa3ecfe70,4,fd10c5543bdbcbc9,d4f34f97b6d22a81,1683684.2606129514,350,0.9912424,0.15381851823360232,0.021114864864864857,50.0,0.0,0,0,5.618006477020277e-11,3.0,1,0.002857142857142857,0.04108371971948002,0.04084042084547119,91.0,1.1241904116023986,3,0.42857142857142855
481d85c5dfe6c80b,2,6b7e1f5b521de19b,,16565.327114841417,0,0.1567313,0.0,0.0,0.0,0.0,0,0,1.0,0.0,0,0.0,0.0,0.0,0.0,0.0,1,1.0
4825070b239ae720,5,6b7e1f5b521de19b,d4f34f97b6d22a81,50849.954851771094,0,0.078817405,0.0,0.0,0.0,0.0,0,0,1.0,0.0,0,0.0,0.04938236027577984,-0.08140650532720123,0.0,0.0,4,1.0
48307bdf8b6c8cd9,2,6b7e1f5b521de19b,,1.170863568534039,0,0.0028157707,0.0,0.0,0.0,0.0,0,0,1.0,0.0,0,0.0,0.0,0.0,0.0,0.0,1,1.0
486b054fe5141388,3,6b7e1f5b521de19b,,21273.147061594493,0,0.03869905,0.0,0.0,0.0,0.0,0,0,1.0,0.0,0,0.0,0.0,0.0,0.0,0.0,1,1.0
48797b3d794dc679,2,6b7e1f5b521de19b,,194582.11350708478,0,0.08592886,0.0,0.0,0.0,0.0,0,0,1.0,0.0,0,0.0,0.0,0.0,0.0,0.0,1,1.0
487b89bc04d48414,3,6b7e1f5b521de19b,,25102.753943361105,0,0.014230798,0.0,0.0,0.0,0.0,0,0,1.0,0.0,0,0.0,0.0,0.0,0.0,0.0,1,1.0
488238066aaccf57,3,6b7e1f5b521de19b,,13315.01140132538,507,0.00073126744,-1.3963037768914537e-18,0.0,0.0,0.0,0,0,1.0,1.0,0,0.0019723865877712033,0.530523594112019,5501.319906313768,210.0,1.197063178223245,3,0.2727272727272727
48a68ca2ccacc898,0,6b7e1f5b521de19b,,7622.2759197919995,0,0.030587822,0.0,0.0,0.0,0.0,0,0,1.0,0.0,0,0.0,0.0,0.0,0.0,0.0,1,1.0
48bf3f0a6c6f3406,0,6b7e1f5b521de19b,6f9a9c5f2856c8b3,45726.19110307761,0,0.87465084,0.0,-79.0,79.0,0.0,0,1,1.0,0.0,0,0.0,0.9999487893672768,39052.38959374093,0.0,0.0,2,1.0
48c2ec7233fb49f9,2,6b7e1f5b521de19b,6f9a9c5f2856c8b3,137139.43247256704,0,0.21227169,0.0,0.0,0.0,0.0,0,0,1.0,0.0,0,0.0,0.0,0.0,0.0,0.0,1,1.0
48c3b7e56f3ca611,5,6b7e1f5b521de19b,d4f34f97b6d22a81,1.170863568534039,0,0.04348383,0.0,0.0,0.0,0.0,0,0,1.0,0.0,0,0.0,0.0,0.0,0.0,0.0,1,1.0
48ceffb5f9f72368,2,6b7e1f5b521de19b,d4f34f97b6d22a81,1011.9373225051188,0,0.020404803,0.0,0.0,0.0,0.0,0,0,1.0,0.0,0,0.0,0.0,0.0,0.0,0.0,1,1.0
49055099bf38efe1,0,6b7e1f5b521de19b,6f9a9c5f2856c8b3,1.170863568534039,0,0.05310981,0.0,0.0,0.0,0.0,0,0,1.0,0.0,0,0.0,0.0,0.0,0.0,0.0,1,1.0
490b848807d3a828,4,38080774be85927f,28c9c64e5918b06e,324.74120042631216,0,0.00371196,0.0,0.0,0.0,0.0,0,0,1.0,0.0,0,0.0,0.0,0.0,0.0,0.0,1,1.0
490bdc975a22d7a2,0,cca8e68b78e095c5,,121529.78061548984,0,0.0093394555,0.0,0.0,0.0,0.0,0,0,1.0,0.0,0,0.0,0.0,0.0,0.0,0.0,1,1.0
490d4824877d7314,2,6b7e1f5b521de19b,6f9a9c5f2856c8b3,1.170863568534039,0,0.57531565,0.0,0.0,0.0,0.0,0,0,1.0,0.0,0,0.0,0.0,0.0,0.0,0.0,1,1.0
4921068263116dfc,1,6b7e1f5b521de19b,d4f34f97b6d22a81,1.170863568534039,0,0.009784675,0.0,0.0,0.0,0.0,0,0,1.0,0.0,0,0.0,0.0,0.0,0.0,0.0,1,1.0
49334ad11997134b,4,bd661df59343798b,28c9c64e5918b06e,1.170863568534039,0,0.20760866,0.0,0.0,0.0,0.0,0,0,1.0,0.0,0,0.0,0.0,0.0,0.0,0.0,1,1.0
49363daf934c7ad4,2,6b7e1f5b521de19b,6f9a9c5f2856c8b3,256090.38021668003,0,0.36397827,0.0,0.0,0.0,0.0,0,0,1.0,0.0,0,0.0,0.0,0.0,0.0,0.0,1,1.0
493894d95edbb5f5,5,6b7e1f5b521de19b,6f9a9c5f2856c8b3,5904.2113289495155,0,0.92016965,0.0,60.0,60.0,0.0,0,1,1.161895003854985,0.0,0,0.0,1.540416917858854e-16,0.0,0.0,0.0,6,1.0
49400f29e189747a,5,6b7e1f5b521de19b,6f9a9c5f2856c8b3,308983.95905336767,25,0.341737,0.7999999999999996,-0.8,20.0,0.0,0,1,1.0,0.0,0,0.0,0.0,0.0,25.0,0.99999999992,2,0.6666666666666666
49481380be64d502,3,6b7e1f5b521de19b,,5655.969519442425,0,0.8307471,0.0,0.0,0.0,0.0,0,0,1.0,0.0,0,0.0,0.0,0.0,0.0,0.0,1,1.0
4951bef6d711e41a,3,6b7e1f5b521de19b,d4f34f97b6d22a81,1.170863568534039,0,0.007065695,0.0,0.0,0.0,0.0,0,0,1.0,0.0,0,0.0,0.0,0.0,0.0,0.0,1,1.0
4958b64f3e5ac104,0,e366e0e543d0c5cd,,5083.8994500666495,0,0.0616825,0.0,0.0,0.0,0.0,0,0,1.0,0.0,0,0.0,0.0,0.0,0.0,0.0,1,1.0
49663dea96cc140f,1,6b7e1f5b521de19b,,4617.932559522553,0,0.27741933,0.0,0.0,0.0,0.0,0,0,1.0,0.0,0,0.0,0.0,0.0,0.0,0.0,1,1.0
4999fea486176264,5,6b7e1f5b521de19b,6f9a9c5f2856c8b3,1.170863568534039,0,0.37226483,0.0,0.0,0.0,0.0,0,0,1.0,0.0,0,0.0,0.0,0.0,0.0,0.0,1,1.0
49a35b1cd35d5ffc,2,6b7e1f5b521de19b,6f9a9c5f2856c8b3,1.170863568534039,0,0.21062772,0.0,0.0,0.0,0.0,0,0,1.0,0.0,0,0.0,0.0,0.0,0.0,0.0,1,1.0
49a7406a497da3e4,3,532ef57d231b606f,,25102.753943361105,0,0.04342925,0.0,0.0,0.0,0.0,0,0,1.0,0.0,0,0.0,0.0,0.0,0.0,0.0,1,1.0
49ad9ff7190a4770,3,6b7e1f5b521de19b,,121323.49592159207,0,0.0018710063,0.0,0.0,0.0,0.0,0,0,1.0,0.0,0,0.0,0.0,0.0,0.0,0.0,2,1.0
49bb5747e172f96a,2,6b7e1f5b521de19b,6f9a9c5f2856c8b3,1185.674972700452,0,0.41850585,0.0,0.0,0.0,0.0,0,0,1.0,0.0,0,0.0,0.998026932338217,1011.6499829394788,0.0,0.0,2,1.0
49bfaaf724320c80,0,4dcb7378104041b8,,524.1075465093295,0,0.013392837,0.0,0.0,0.0,0.0,0,0,1.0,0.0,0,0.0,0.0,0.0,0.0,0.0,1,1.0
49cb7cbf9b64f1c4,3,6b7e1f5b521de19b,d4f34f97b6d22a81,36279.915214761066,6,0.06455586,-3.9898276165272333e-16,0.0,0.0,0.0,0,0,1.0,0.0,0,0.0,0.0,0.0,6.0,0.9999999996666666,3,0.3333333333333333
49ce765582171bcf,3,6b7e1f5b521de19b,,21233.35486720398,0,0.37407795,0.0,0.0,0.0,0.0,0,0,1.0,0.0,0,0.0,0.0,0.0,0.0,0.0,1,1.0
49d3239c60fbf258,3,6b7e1f5b521de19b,d4f34f97b6d22a81,9449.551670513421,0,0.046600275,0.0,0.0,0.0,0.0,0,0,1.0,0.0,0,0.0,0.0,0.0,0.0,0.0,3,1.0
49e2026bf4b6db0a,2,6b7e1f5b521de19b,,1875334.4167467572,350,0.0116611365,5.14785698933215e-17,0.0,0.0,0.0,0,0,1.0,0.0,0,0.0,0.10344317976548854,-0.20259337086601673,216.0,0.7631085727912955,2,0.5
49e259f30c058fb9,2,6b7e1f5b521de19b,,1.170863568534039,412,6.4040214e-05,6.544908141312325e-19,0.0,0.0,0.0,0,0,1.0,0.0,0,0.0,0.0,0.0,395.0,0.9174757281508861,1,0.3333333333333333
49fa6e3411dc3bac,2,6b7e1f5b521de19b,,4271.355885203606,0,0.009196583,0.0,0.0,0.0,0.0,0,0,1.0,0.0,0,0.0,0.0,0.0,0.0,0.0,1,1.0
49fceac02e2f33e3,3,6b7e1f5b521de19b,6f9a9c5f2856c8b3,8709.880466015842,0,0.022656722,0.0,0.0,0.0,0.0,0,0,1.0,0.0,0,0.0,0.0,0.0,0.0,0.0,1,1.0
4a0390834c7caff3,3,6b7e1f5b521de19b,,11264.189824104717,482,0.00013763613,1.3813573694587817e-17,0.0,0.0,0.0,0,0,1.0,0.0,0,0.0,0.0,0.0,132.0,0.45808827949612607,1,0.2857142857142857
4a0cf5f8be2e2b67,0,6b7e1f5b521de19b,,1.170863568534039,0,0.12341345,0.0,0.0,0.0,0.0,0,0,1.0,0.0,0,0.0,0.0,0.0,0.0,0.0,1,1.0
4a20278a31c98792,5,6b7e1f5b521de19b,6f9a9c5f2856c8b3,1.170863568534039,0,0.987955,0.0,0.0,0.0,0.0,0,0,1.0,0.0,0,0.0,0.0,0.0,0.0,0.0,1,1.0
4a301cdc1a7647b3,5,6b7e1f5b521de19b,6f9a9c5f2856c8b3,2881.557875235741,0,0.11344736,0.0,0.0,0.0,0.0,0,0,1.0,0.0,0,0.0,0.9991876699643832,2460.0534930585886,0.0,0.0,2,1.0
4a405c093cf296cf,3,6b7e1f5b521de19b,,36077.87700023642,0,0.9955674,0.0,0.0,0.0,0.0,0,0,1.0,0.0,0,0.0,0.0,0.0,0.0,0.0,1,1.0
4a42a676bdace7c9,3,6b7e1f5b521de19b,d4f34f97b6d22a81,81159.454505678,0,0.0254511,0.0,0.0,0.0,0.0,0,0,1.0,0.0,0,0.0,0.0,0.0,0.0,0.0,1,1.0
4a4c178e17d8b4f0,2,6b7e1f5b521de19b,6f9a9c5f2856c8b3,4271.355885203606,0,0.6911863,0.0,0.0,0.0,0.0,0,0,1.0,0.0,0,0.0,0.0,0.0,0.0,0.0,1,1.0
4a5506d3043710df,1,6b7e1f5b521de19b,,10595.603566529833,46,0.008637875,0.19565217391304343,-0.1956521739130435,9.0,0.0,0,1,1.0,2.0,0,0.043478260869565216,0.08316961947350612,0.18142858535240702,46.0,0.0,2,1.0
4a5dc848ef8c06a8,4,fd10c5543bdbcbc9,d4f34f97b6d22a81,1.170863568534039,0,0.020855999,0.0,0.0,0.0,0.0,0,0,1.0,0.0,0,0.0,0.0,0.0,0.0,0.0,1,1.0
4a62189a6593ceed,5,6b7e1f5b521de19b,d4f34f97b6d22a81,24149.8562098709,131,0.00033407405,-2.1835009439326852e-17,0.0,0.0,0.0,0,0,1.0,0.0,0,0.0,0.5562195288206997,20624.679078995807,125.0,1.6279957078859146,4,0.2
4a642f88c2d7ecd9,1,ddbd249e57ed6b40,6f9a9c5f2856c8b3,323484.79236440384,191,0.00013481487,-0.027520646600649734,-0.027472527472527472,-5.0,5.0,0,-1,1.1067971810116515,0.0,0,0.0,0.2689484342271669,2.2525017738128374,127.0,1.4700112544879511,3,0.14285714285714285
4a6ac3c900e1acbc,3,6b7e1f5b521de19b,d4f34f97b6d22a81,739193.6311765709,0,0.25444475,0.0,0.0,0.0,0.0,0,0,1.0,0.0,0,0.0,0.0,0.0,0.0,0.0,2,1.0
4a80588ffa8ab97c,5,6b7e1f5b521de19b,d4f34f97b6d22a81,166222.0808626077,171,0.00015386536,3.39550536432741e-19,0.0,0.0,0.0,0,0,1.0,0.0,0,0.0,0.8180311843274681,-0.9095386316368221,86.0,1.2526774443634625,2,0.2857142857142857
4aaf5bc10b297667,5,6b7e1f5b521de19b,6f9a9c5f2856c8b3,1.170863568534039,0,0.99991477,0.0,0.0,0.0,0.0,0,0,1.0,0.0,0,0.0,0.0,0.0,0.0,0.0,1,1.0
4ac591565a571c71,2,6b7e1f5b521de19b,6f9a9c5f2856c8b3,23408.651769377895,8,0.22652866,1.5434538965580992e-15,0.0,0.0,0.0,0,0,1.0,0.0,0,0.0,0.4471867530722711,19991.6382530514,4.0,0.8477912473607889,5,0.3333333333333333
4ad7d92d394e2637,3,6b7e1f5b521de19b,d4f34f97b6d22a81,4517.797135638614,67,0.99435765,1.639392850727501,2.4285714285714284,85.0,0.0,0,0,2.3896109891136943e-11,7.0,0,0.1044776119402985,0.05559279320108128,-0.12893186633356535,22.0,1.1600577641148,4,0.36363636363636365
4ae3f6e79ab0729e,4,255414ab73601d72,28c9c64e5918b06e,1.170863568534039,0,0.03474501,0.0,0.0,0.0,0.0,0,0,1.0,0.0,0,0.0,0.0,0.0,0.0,0.0,1,1.0
4af0db31f5495a79,2,6b7e1f5b521de19b,6f9a9c5f2856c8b3,98.49392076768089,0,0.035789948,0.0,0.0,0.0,0.0,0,0,1.0,0.0,0,0.0,0.9765039662242045,83.12074934656873,0.0,0.0,2,1.0
4af17b4d427b3fab,3,6b7e1f5b521de19b,,11485.134609700683,0,0.00033511684,0.0,0.0,0.0,0.0,0,0,1.0,0.0,0,0.0,0.0,0.0,0.0,0.0,1,1.0
4af53851f37229dc,0,6b7e1f5b521de19b,6f9a9c5f2856c8b3,1.170863568534039,0,0.8071544,0.0,0.0,0.0,0.0,0,0,1.0,0.0,0,0.0,0.0,0.0,0.0,0.0,1,1.0
4b02ca23839186a6,6,674ec33189ed753c,,976618.5275111411,497,0.12022686,-5.108329296293127e-18,0.0,0.0,0.0,0,0,1.0,0.0,0,0.0,0.917164365021936,4.23501192330321,448.0,1.5129540489840683,2,0.4
4b23f5b319b63c88,6,6b7e1f5b521de19b,,1110457.5568888315,0,0.08313828,0.0,-15.0,15.0,0.0,0,1,1.0,0.0,0,0.0,0.9999978912074077,948408.0091548088,0.0,0.0,2,1.0
4b2d2a3d5901d09f,2,6b7e1f5b521de19b,,1187910.3043156844,0,0.037226778,0.0,-20.0,-20.0,20.0,0,-1,1.0,0.0,0,0.0,0.0,0.0,0.0,0.0,4,1.0
4b4bc09f5716407c,3,6b7e1f5b521de19b,,1.170863568534039,0,0.00065893884,0.0,0.0,0.0,0.0,0,0,1.0,0.0,0,0.0,0.0,0.0,0.0,0.0,1,1.0
4b58509a371283b0,0,6b7e1f5b521de19b,6f9a9c5f2856c8b3,1.170863568534039,0,0.051919222,0.0,0.0,0.0,0.0,0,0,1.0,0.0,0,0.0,0.0,0.0,0.0,0.0,1,1.0
4b64568f651ac87e,1,6b7e1f5b521de19b,,4719.589194588503,0,0.6875329,0.0,0.0,0.0,0.0,0,0,1.0,0.0,0,0.0,0.0,0.0,0.0,0.0,1,1.0
4b719cdca6d12d34,2,6b7e1f5b521de19b,d4f34f97b6d22a81,19508.28213731301,236,0.0011545803,-7.297881168270084e-19,0.0,0.0,0.0,0,0,1.0,0.0,0,0.0,0.2721479820037147,16660.44772250284,33.0,1.2392600954754038,9,0.27586206896551724
4b797bceb5d5381f,2,6b7e1f5b521de19b,d4f34f97b6d22a81,692.7716514506209,0,0.9204628,0.0,0.0,0.0,0.0,0,0,1.0,0.0,0,0.0,0.0,0.0,0.0,0.0,1,1.0
4b7d9873f02d40c9,2,6b7e1f5b521de19b,6f9a9c5f2856c8b3,98.49392076768089,0,0.020781893,0.0,0.0,0.0,0.0,0,0,1.0,0.0,0,0.0,0.9765039662242045,83.12074934656873,0.0,0.0,2,1.0
4b8678e12a39937d,3,6b7e1f5b521de19b,,2.4198904513070483,0,0.021854749,0.0,0.0,0.0,0.0,0,0,1.0,0.0,0,0.0,0.0,0.0,0.0,0.0,1,1.0
4b907ac2c2c46122,0,a0d28553c7be77f0,,510044.4819514525,0,0.11385049,0.0,0.0,0.0,0.0,0,0,1.0,0.0,0,0.0,0.0,0.0,0.0,0.0,2,1.0
4b92350af79fa51a,1,6b7e1f5b521de19b,,25103.935739946908,67,0.04718735,0.4814474087703157,2.6666666666666665,40.0,0.0,0,1,1.0206207261586053,0.0,0,0.0,1.2244497662755767,10372.996775923304,48.0,1.1259509976964983,3,0.6
4ba46ea84827a3c8,0,062b9e5a52eb6d8e,6f9a9c5f2856c8b3,1.170863568534039,0,0.04753021,0.0,0.0,0.0,0.0,0,0,1.0,0.0,0,0.0,0.0,0.0,0.0,0.0,1,1.0
4ba532d1c899091d,3,6b7e1f5b521de19b,d4f34f97b6d22a81,26102.510176658587,0,0.010408304,0.0,0.0,0.0,0.0,0,0,1.0,0.0,0,0.0,0.0,0.0,0.0,0.0,1,1.0
4bb4d07afbbcc573,2,6b7e1f5b521de19b,,14310458.018893765,0,0.02327609,0.0,0.0,0.0,0.0,0,0,1.0,0.0,0,0.0,0.0,0.0,0.0,0.0,2,1.0
4bb6bed275780f7f,4,75c64824a2a4e380,28c9c64e5918b06e,80632.6108469564,414,0.00012906901,-1.8962469307775059e-19,0.0,0.0,0.0,0,0,1.0,0.0,0,0.0,0.0,0.0,414.0,0.0,2,1.0
4bc0c4eb501be342,5,6b7e1f5b521de19b,6f9a9c5f2856c8b3,699351.1059217529,0,0.107914984,0.0,0.0,0.0,0.0,0,0,1.0,0.0,0,0.0,0.0,0.0,0.0,0.0,1,1.0
4bc8c09197eeac72,5,6b7e1f5b521de19b,6f9a9c5f2856c8b3,1.170863568534039,0,0.010483955,0.0,0.0,0.0,0.0,0,0,1.0,0.0,0,0.0,0.0,0.0,0.0,0.0,1,1.0
4bcdcee7e25b05ec,2,6b7e1f5b521de19b,6f9a9c5f2856c8b3,38041.30543201368,0,0.06283063,0.0,0.0,0.0,0.0,0,0,1.0,0.0,0,0.0,0.0,0.0,0.0,0.0,1,1.0
4bf77c2f9fdd5353,2,6b7e1f5b521de19b,6f9a9c5f2856c8b3,1.170863568534039,0,0.18110558,0.0,0.0,0.0,0.0,0,0,1.0,0.0,0,0.0,0.0,0.0,0.0,0.0,1,1.0
4c080a68b313214c,3,6b7e1f5b521de19b,d4f34f97b6d22a81,1.170863568534039,0,0.99239665,0.0,0.0,0.0,0.0,0,0,1.0,0.0,0,0.0,0.0,0.0,0.0,0.0,1,1.0
4c133a8768257da8,4,255414ab73601d72,,1.170863568534039,0,0.081515916,0.0,0.0,0.0,0.0,0,0,1.0,0.0,0,0.0,0.0,0.0,0.0,0.0,1,1.0
4c158455c349c437,0,6b7e1f5b521de19b,6f9a9c5f2856c8b3,780477.9660902079,0,0.10747996,0.0,0.0,0.0,0.0,0,0,1.0,0.0,0,0.0,0.9999969996287816,666582.1844673355,0.0,0.0,2,1.0
4c1f6892348fae6c,2,6b7e1f5b521de19b,d4f34f97b6d22a81,9532.934339689546,529,0.0010264805,0.011122454657785191,-0.0684931506849315,5.0,0.0,0,0,2.400396792019726e-10,0.0,0,0.0,0.019765310002975572,0.044685417462242576,43.0,1.039267826562287,4,0.3409090909090909
4c21365947cffdcb,0,6b7e1f5b521de19b,6f9a9c5f2856c8b3,46782.3211871621,2,0.020051377,-1.0721261933235726e-15,0.0,0.0,0.0,0,0,1.0,0.0,0,0.0,0.0,0.0,2.0,0.0,2,1.0
4c2e984e2772e4be,3,6b7e1f5b521de19b,d4f34f97b6d22a81,10689.267558289563,146,0.0032347792,0.09418141256662385,-6.666666666666667,20.0,0.0,0,0,1.0606601716673216e-10,0.0,0,0.0,0.4535910314248164,9128.387783132488,77.0,1.736325011191303,7,0.08333333333333333
4c30927b4e1bea4c,3,6b7e1f5b521de19b,d4f34f97b6d22a81,121130.27981900205,151,0.014144353,-3.710399940700521e-19,0.0,0.0,0.0,0,0,1.0,1.0,1,-0.006622516556291391,0.38653853519445924,-0.49224539181357446,145.0,1.3308127864652568,2,0.5
4c3179a4f0939cf3,2,6b7e1f5b521de19b,6f9a9c5f2856c8b3,1240691.1674818152,72,0.015537608,-8.688637021802331e-17,0.0,0.0,0.0,0,0,1.0,0.0,0,0.0,0.4667482287412952,1059636.6903546522,38.0,2.066786137067189,12,0.17647058823529413
4c359311faa1c041,5,6b7e1f5b521de19b,d4f34f97b6d22a81,171129.8787806521,0,0.006189255,0.0,0.0,0.0,0.0,0,0,1.0,0.0,0,0.0,0.0,0.0,0.0,0.0,2,1.0
4c4cc054a7b7225b,0,6b7e1f5b521de19b,6f9a9c5f2856c8b3,1.170863568534039,0,0.06104582,0.0,0.0,0.0,0.0,0,0,1.0,0.0,0,0.0,0.0,0.0,0.0,0.0,1,1.0
4c4ff8fa9e8b0a45,3,6b7e1f5b521de19b,,186555.16774733728,9,0.12587473,3.070818466887329e-15,0.0,0.0,0.0,0,0,1.0,0.0,0,0.0,0.0,0.0,6.0,0.33333333325925923,2,0.3333333333333333
4c50d7b4eb5c984b,1,6b7e1f5b521de19b,d4f34f97b6d22a81,1.170863568534039,0,0.8287567,0.0,0.0,0.0,0.0,0,0,1.0,0.0,0,0.0,0.0,0.0,0.0,0.0,1,1.0
4c58a296d42f1e72,4,1bb1bb990c53f4fc,28c9c64e5918b06e,660810.8464537943,53,0.063882604,3.921163831694161e-16,0.0,0.0,0.0,0,0,1.0,0.0,0,0.0,0.21652880948261014,-0.3914689937370455,19.0,0.6131349738769466,3,0.16666666666666666
4c7d745be68fccea,4,6ab36d9b02cbcf6b,28c9c64e5918b06e,39731.24240878655,359,0.004736443,0.010923215845419488,-20.0,10.0,0.0,0,0,1.173935688049577e-10,0.0,0,0.0,0.30069055014653845,9.745690319577353,88.0,1.4660889821993015,12,0.23809523809523808
4c86ce8da7e675cf,0,6b7e1f5b521de19b,,3486.3671411101836,52,0.010788211,0.4452901998097051,-30.0,30.0,0.0,0,0,0.8660254037933703,0.0,0,0.0,0.9993285443381764,2976.603227910861,50.0,1.9043317172287575,4,0.3333333333333333
4cae0c3b5c5dc40a,3,6b7e1f5b521de19b,6f9a9c5f2856c8b3,9304.663367206951,0,0.10138901,0.0,0.0,0.0,0.0,0,0,1.0,0.0,0,0.0,0.0,0.0,0.0,0.0,1,1.0
4cbcf261c92bbba2,0,6b7e1f5b521de19b,6f9a9c5f2856c8b3,1.170863568534039,0,0.40102902,0.0,0.0,0.0,0.0,0,0,1.0,0.0,0,0.0,0.0,0.0,0.0,0.0,1,1.0
4cc29d62c95a6317,5,6b7e1f5b521de19b,6f9a9c5f2856c8b3,698223.6691064333,1780,0.01786462,0.02137303372931642,-0.019244830807978223,40.0,30.0,2,0,5.765522725494429e-11,0.0,0,0.0,1.5419633782846907,596331.2182623148,309.0,1.215205810100961,5,0.3684210526315789
4cd25e9d0d3b6b6a,2,6b7e1f5b521de19b,d4f34f97b6d22a81,159.2310023729206,0,0.92430556,0.0,0.0,0.0,0.0,0,0,1.0,0.0,0,0.0,0.0,0.0,0.0,0.0,1,1.0
4cfcb37ac7bf99f9,4,062b9e5a52eb6d8e,28c9c64e5918b06e,1.170863568534039,0,0.016786639,0.0,0.0,0.0,0.0,0,0,1.0,0.0,0,0.0,0.0,0.0,0.0,0.0,1,1.0
4d29b22f458b1c4d,2,6b7e1f5b521de19b,6f9a9c5f2856c8b3,1.170863568534039,0,0.32202145,0.0,0.0,0.0,0.0,0,0,1.0,0.0,0,0.0,0.0,0.0,0.0,0.0,1,1.0
4d46784a06ee1a8e,6,6b7e1f5b521de19b,,1.170863568534039,0,0.0027630487,0.0,0.0,0.0,0.0,0,0,1.0,0.0,0,0.0,0.0,0.0,0.0,0.0,2,1.0
4d80c1fb98fceca8,3,6b7e1f5b521de19b,,2472.949006922998,0,0.000416933,0.0,0.0,0.0,0.0,0,0,1.0,0.0,0,0.0,0.0,0.0,0.0,0.0,2,1.0
4d84a9fafd332783,5,6b7e1f5b521de19b,d4f34f97b6d22a81,42595.15305383633,329,0.1212316,0.03240906772808617,0.13957307060755336,8.235294117647058,30.0,2,0,6.548367534065986e-11,0.0,0,0.0,0.8809191857557988,13.834586363079445,34.0,1.7086474131852663,9,0.42696629213483145
4d86669ae933927c,3,6b7e1f5b521de19b,d4f34f97b6d22a81,1.170863568534039,0,0.023095148,0.0,0.0,0.0,0.0,0,0,1.0,0.0,0,0.0,0.0,0.0,0.0,0.0,1,1.0
4d8be62d0552d0ee,0,6b7e1f5b521de19b,6f9a9c5f2856c8b3,1.170863568534039,0,0.00039263105,0.0,0.0,0.0,0.0,0,0,1.0,0.0,0,0.0,0.0,0.0,0.0,0.0,1,1.0
4da0025237b0d7fe,5,6b7e1f5b521de19b,d4f34f97b6d22a81,81.43217479245789,20,0.0012798102,-1.0721261933235725e-16,0.0,0.0,0.0,0,0,1.0,0.0,0,0.0,0.0,0.0,20.0,0.0,2,1.0
4da88e9f42fb9bbb,4,6ab36d9b02cbcf6b,28c9c64e5918b06e,278.02223095548896,174,0.0006446839,-1.7941696133794827e-17,0.0,0.0,0.0,0,0,1.0,0.0,0,0.0,0.6287328681935133,236.450577870129,81.0,1.0512058266463884,4,0.14285714285714285
4dac11c89e0640cf,6,6b7e1f5b521de19b,,8269.642544488683,0,0.99658597,0.0,0.0,0.0,0.0,0,0,1.0,0.0,0,0.0,0.0,0.0,0.0,0.0,1,1.0
4dcfb19b3f0f106a,2,6b7e1f5b521de19b,,1.170863568534039,0,0.16142249,0.0,0.0,0.0,0.0,0,0,1.0,0.0,0,0.0,0.0,0.0,0.0,0.0,1,1.0
4dd0f7d25cf8b463,3,6b7e1f5b521de19b,,35845.270270304114,0,0.014102059,0.0,0.0,0.0,0.0,0,0,1.0,0.0,0,0.0,0.0,0.0,0.0,0.0,1,1.0
4de91150dabfcad2,4,7b7c16a1b24ec3b8,28c9c64e5918b06e,1.170863568534039,0,0.0009893798,0.0,0.0,0.0,0.0,0,0,1.0,0.0,0,0.0,0.0,0.0,0.0,0.0,1,1.0
4dee4d312a624bbe,2,6b7e1f5b521de19b,,8705.65943967616,0,0.02612748,0.0,0.0,0.0,0.0,0,0,1.0,0.0,0,0.0,0.0,0.0,0.0,0.0,1,1.0
4df0ceccd36c0a83,2,6b7e1f5b521de19b,6f9a9c5f2856c8b3,13707.11230296319,24,0.9918248,1.8818838773984554,-19.666666666666668,59.0,0.0,0,0,3.52339762962289e-11,3.0,0,0.125,0.7558274813722774,11705.83986702649,14.0,1.7300449569480394,9,0.18181818181818182
4df460f043767525,3,6b7e1f5b521de19b,,21273.147061594493,0,0.00077725487,0.0,0.0,0.0,0.0,0,0,1.0,0.0,0,0.0,0.0,0.0,0.0,0.0,1,1.0
4e17950d9e9736da,0,6b7e1f5b521de19b,6f9a9c5f2856c8b3,415.3892283045608,0,0.06608286,0.0,0.0,0.0,0.0,0,0,1.0,0.0,0,0.0,0.0,0.0,0.0,0.0,1,1.0
4e1bf9942d6d3ef2,0,6b7e1f5b521de19b,6f9a9c5f2856c8b3,26618.016230284793,0,0.33901453,0.0,0.0,0.0,0.0,0,0,1.0,0.0,0,0.0,0.5230912668136397,22732.661671283746,0.0,0.0,5,1.0
4e1ce21761bdefda,2,6b7e1f5b521de19b,6f9a9c5f2856c8b3,98.49392076768089,31,0.0009040379,-6.916943182732726e-17,0.0,0.0,0.0,0,0,1.0,0.0,0,0.0,0.0,0.0,31.0,0.0,2,1.0
4e292e17574f302d,3,6b7e1f5b521de19b,,11264.189824104717,0,0.00090796914,0.0,0.0,0.0,0.0,0,0,1.0,0.0,0,0.0,0.0,0.0,0.0,0.0,1,1.0
4e2b02e9476a15c1,0,6b7e1f5b521de19b,6f9a9c5f2856c8b3,1.170863568534039,0,0.01682852,0.0,0.0,0.0,0.0,0,0,1.0,0.0,0,0.0,0.0,0.0,0.0,0.0,1,1.0
4e309599cd03a9ba,4,255414ab73601d72,28c9c64e5918b06e,1.170863568534039,0,0.015483035,0.0,0.0,0.0,0.0,0,0,1.0,0.0,0,0.0,0.0,0.0,0.0,0.0,1,1.0
4e4412e329527b83,2,6b7e1f5b521de19b,6f9a9c5f2856c8b3,6322160.761242091,0,0.18068612,0.0,0.0,0.0,0.0,0,0,1.0,2.0,0,0.0,0.8164963289026091,5399569.822036637,0.0,0.0,5,1.0
4e475613a45db780,0,6b7e1f5b521de19b,6f9a9c5f2856c8b3,1.170863568534039,0,0.8438756,0.0,0.0,0.0,0.0,0,0,1.0,0.0,0,0.0,0.0,0.0,0.0,0.0,1,1.0
4e4dc1c8de45fb36,3,6b7e1f5b521de19b,,29324.531411075328,223,0.0014681561,0.07387320383238137,-2.136986301369863,0.0,40.0,1,-1,1.3055824196446997,1.0,1,-0.006024096385542169,0.08515860341590721,-0.1819135079762774,64.0,1.3097388595452977,3,0.5
4e54110511865a9d,2,6b7e1f5b521de19b,6f9a9c5f2856c8b3,1933.526341204356,0,0.06672107,0.0,0.0,0.0,0.0,0,0,1.0,0.0,0,0.0,0.0,0.0,0.0,0.0,1,1.0
4e698860d75cc89b,0,6b7e1f5b521de19b,6f9a9c5f2856c8b3,20861.657769300233,140,0.013010321,7.640388252258376e-18,0.0,0.0,0.0,0,0,1.0,0.0,0,0.0,0.12867371523464444,-0.23093452608483225,137.0,0.9571428571291837,2,0.6666666666666666
4e69904a43a04916,0,674ec33189ed753c,,8269.642544488683,0,0.0030592997,0.0,0.0,0.0,0.0,0,0,1.0,0.0,0,0.0,0.0,0.0,0.0,0.0,1,1.0
4e6f2a8141af801e,1,6b7e1f5b521de19b,,64549.869003116626,279,0.0016935162,-4.2289616643148816e-18,0.0,0.0,0.0,0,0,1.0,0.0,0,0.0,0.0,0.0,279.0,0.0,2,1.0
4e8427b443771e7d,3,6b7e1f5b521de19b,,65064.44409714713,0,0.123758465,0.0,0.0,0.0,0.0,0,0,1.0,0.0,0,0.0,0.0,0.0,0.0,0.0,1,1.0
4e978cbc8a5563a4,3,6b7e1f5b521de19b,,1510925.5210753132,174,0.040824015,0.17589566660258804,0.2147239263803681,35.0,0.0,0,1,1.1401013468366745,0.0,0,0.0,0.09251440192127634,-0.17354668162061698,76.0,1.1822329405523013,3,0.2222222222222222
4e9a684698df294a,4,1bb1bb990c53f4fc,28c9c64e5918b06e,79302.92227133551,0,0.14208585,0.0,0.0,0.0,0.0,0,0,1.0,0.0,0,0.0,0.0,0.0,0.0,0.0,1,1.0
4eabd0074dfd2fc0,2,6b7e1f5b521de19b,6f9a9c5f2856c8b3,1639.6420184184335,137,0.0029469877,-4.046088261560639e-17,0.0,0.0,0.0,0,0,1.0,0.0,0,0.0,0.0,0.0,102.0,1.7506687181891845,5,0.125
4eba0e915cb67ec4,2,6b7e1f5b521de19b,6f9a9c5f2856c8b3,2674.015532288598,0,0.02615724,0.0,0.0,0.0,0.0,0,0,1.0,0.0,0,0.0,0.0,0.0,0.0,0.0,1,1.0
4ec7ea13f2bd5674,2,6b7e1f5b521de19b,6f9a9c5f2856c8b3,98.49392076768089,0,0.057858523,0.0,0.0,0.0,0.0,0,0,1.0,0.0,0,0.0,0.0,0.0,0.0,0.0,1,1.0
4ece71bbfeef38d1,3,6b7e1f5b521de19b,,21273.147061594493,296,8.519485e-05,-0.089420229897392,-0.1382488479262673,-15.0,30.0,0,-1,1.4433756729248004,0.0,0,0.0,0.0,0.0,129.0,1.269572881302335,3,0.1
4edb3e0c0f66409d,2,6b7e1f5b521de19b,6f9a9c5f2856c8b3,1.170863568534039,0,0.21062772,0.0,0.0,0.0,0.0,0,0,1.0,0.0,0,0.0,0.0,0.0,0.0,0.0,1,1.0
4ef55f646a89d44f,0,cca8e68b78e095c5,,9270.864526233152,0,0.011077179,0.0,0.0,0.0,0.0,0,0,1.0,0.0,0,0.0,0.0,0.0,0.0,0.0,1,1.0
4ef6c2b03437540e,3,6b7e1f5b521de19b,,8342.688652667997,0,0.8436246,0.0,0.0,0.0,0.0,0,0,1.0,0.0,0,0.0,0.0,0.0,0.0,0.0,1,1.0
4ef94c1d6c375949,3,6b7e1f5b521de19b,,89664.46366676311,0,0.08996365,0.0,0.0,0.0,0.0,0,0,1.0,0.0,0,0.0,0.0,0.0,0.0,0.0,2,1.0
4f256475d4786a68,2,6b7e1f5b521de19b,d4f34f97b6d22a81,1.170863568534039,0,0.5667353,0.0,0.0,0.0,0.0,0,0,1.0,0.0,0,0.0,0.0,0.0,0.0,0.0,1,1.0
4f336ed5efdda0db,3,6b7e1f5b521de19b,,5186.502594949308,78,0.00012920015,1.9939118346250837e-17,0.0,0.0,0.0,0,0,1.0,0.0,0,0.0,0.0,0.0,47.0,0.20512820512294544,1,0.3333333333333333
4f37e090401390c1,2,6b7e1f5b521de19b,6f9a9c5f2856c8b3,1.170863568534039,0,0.02525551,0.0,0.0,0.0,0.0,0,0,1.0,0.0,0,0.0,0.0,0.0,0.0,0.0,1,1.0
4f3d793270ed61aa,5,cca8e68b78e095c5,28c9c64e5918b06e,37065.242899311634,8,0.27014196,-3.1655840988460212e-15,0.0,0.0,0.0,0,0,1.0,0.0,0,0.0,0.1685133947213857,0.40582814170859327,6.0,0.499999999875,2,0.3333333333333333
4f4fa5e03d00e4bd,3,6b7e1f5b521de19b,,4694.223952710472,0,0.9177797,0.0,0.0,0.0,0.0,0,0,1.0,0.0,0,0.0,0.0,0.0,0.0,0.0,1,1.0
4f76a866d674919e,5,6b7e1f5b521de19b,d4f34f97b6d22a81,10473.765053251393,0,0.44360664,0.0,0.0,0.0,0.0,0,0,1.0,0.0,0,0.0,0.0,0.0,0.0,0.0,1,1.0
4f76dec59de88ee3,2,6b7e1f5b521de19b,,28033.352531405413,0,0.07235987,0.0,0.0,0.0,0.0,0,0,1.0,0.0,0,0.0,0.0,0.0,0.0,0.0,1,1.0
4f93611d033ec351,2,6b7e1f5b521de19b,6f9a9c5f2856c8b3,72501.5410085759,0,0.42177543,0.0,10.0,10.0,0.0,0,1,1.0,0.0,0,0.0,0.05638001639834379,0.12996241921145285,0.0,0.0,3,1.0
4f94d9ed16575950,3,6b7e1f5b521de19b,,76057.68653515907,0,0.41784364,0.0,0.0,0.0,0.0,0,0,1.0,0.0,0,0.0,0.0,0.0,0.0,0.0,1,1.0
4f952a29dbe20fd5,3,6b7e1f5b521de19b,,2.4198904513070483,32,0.0014129108,-3.802052642566e-17,0.0,0.0,0.0,0,0,1.0,0.0,0,0.0,0.0,0.0,32.0,0.9999999999375,2,0.3333333333333333
4fab5f4ad153fa4f,2,6b7e1f5b521de19b,6f9a9c5f2856c8b3,22646.624614388144,169,0.0002139724,-0.12322924735778328,-0.12121212121212122,-20.0,20.0,0,-1,1.1067971810471124,0.0,0,0.0,1.606411051994135e-16,0.0,70.0,1.053271058936572,4,0.2857142857142857
4fb371f17e2ed7de,2,255414ab73601d72,28c9c64e5918b06e,456.7596480344009,0,0.07283,0.0,0.0,0.0,0.0,0,0,1.0,0.0,0,0.0,0.0,0.0,0.0,0.0,1,1.0
4fc528d72e6af2db,3,6b7e1f5b521de19b,d4f34f97b6d22a81,15138.147384770105,188,0.0013660587,0.15780111986572,-0.951048951048951,20.0,20.0,1,0,0.2891216548389212,2.0,1,0.005319148936170213,0.2548212457863128,12928.044674029428,53.0,1.357373438790243,5,0.041666666666666664
4ff8eb1aadac7acd,2,6b7e1f5b521de19b,d4f34f97b6d22a81,159.2310023729206,0,0.76081926,0.0,0.0,0.0,0.0,0,0,1.0,0.0,0,0.0,0.0,0.0,0.0,0.0,1,1.0
5006ca5fd387a1d3,2,6b7e1f5b521de19b,6f9a9c5f2856c8b3,898751.0590937624,6,0.0018873132,-2.0277614093685332e-16,0.0,0.0,0.0,0,0,1.0,0.0,0,0.0,0.12356842796563772,0.2872247948055115,6.0,0.9999999996666666,3,0.3333333333333333
50086a11fe553785,3,6b7e1f5b521de19b,,2.4198904513070483,69,0.006437142,2.544228686675182e-16,0.0,0.0,0.0,0,0,1.0,0.0,0,0.0,0.0,0.0,42.0,0.2173913043415249,1,0.3333333333333333
500c627c25197f23,2,6b7e1f5b521de19b,6f9a9c5f2856c8b3,1.170863568534039,0,0.07252586,0.0,0.0,0.0,0.0,0,0,1.0,0.0,0,0.0,0.0,0.0,0.0,0.0,1,1.0
5012d27251bc3ced,2,6b7e1f5b521de19b,,58772.83533853951,0,0.84167385,0.0,0.0,0.0,0.0,0,0,1.0,0.0,0,0.0,0.0,0.0,0.0,0.0,1,1.0
5022b763fb29a3d0,0,6b7e1f5b521de19b,6f9a9c5f2856c8b3,140141.0942677857,1100,0.0005011793,-0.04748243280323546,0.08649347863969653,-35.0,43.0,1,0,0.17952555192015412,0.0,0,0.0,0.32789040543097564,119689.37045302137,335.0,1.066894775874932,3,0.09090909090909091
5033936ddfb986ed,0,6b7e1f5b521de19b,6f9a9c5f2856c8b3,155592.45718633145,4,0.46581465,1.543607497141256e-15,0.0,0.0,0.0,0,0,1.0,0.0,0,0.0,0.8005882373253602,132885.923265653,3.0,1.4577379718891528,6,0.5
50420944025b95e7,3,6b7e1f5b521de19b,,29889.51427805743,0,0.0055423323,0.0,0.0,0.0,0.0,0,0,1.0,0.0,0,0.0,0.0,0.0,0.0,0.0,1,1.0
5056192ffbea2330,3,255414ab73601d72,28c9c64e5918b06e,64776.56219930673,50,0.027173292,0.19776506278560704,-50.0,25.0,0.0,0,0,6.666666666222223e-11,0.0,0,0.0,0.34755312865338023,26767.386215301256,20.0,1.3632314547907762,7,0.1
5056388ec9f48478,5,6b7e1f5b521de19b,d4f34f97b6d22a81,1.170863568534039,0,0.20330968,0.0,0.0,0.0,0.0,0,0,1.0,0.0,0,0.0,0.0,0.0,0.0,0.0,1,1.0
505dae3400f3862e,2,6b7e1f5b521de19b,,1.170863568534039,741,0.00013552557,-6.652162265688939e-19,0.0,0.0,0.0,0,0,1.0,0.0,0,0.0,0.0,0.0,240.0,0.7650976873254514,1,0.25
508882471bf59675,3,6b7e1f5b521de19b,,2.4198904513070483,490,0.00013590539,4.650654603343505e-18,0.0,0.0,0.0,0,0,1.0,0.0,0,0.0,1.835162453022127e-16,0.0,272.0,0.9378211653034771,2,0.16666666666666666
5098ba5fcbf40c0a,2,6b7e1f5b521de19b,6f9a9c5f2856c8b3,1.170863568534039,0,0.13228303,0.0,0.0,0.0,0.0,0,0,1.0,0.0,0,0.0,0.0,0.0,0.0,0.0,1,1.0
50b5775b912609eb,5,6b7e1f5b521de19b,d4f34f97b6d22a81,85266.8054442086,289,0.0033094313,0.15559538863208583,-0.4701558042571867,35.0,20.0,1,0,0.3774449339962673,0.0,0,0.0,0.2273495226576928,72822.86072611819,104.0,2.1598736761772814,9,0.13636363636363635
50c082150e2407ca,0,6b7e1f5b521de19b,6f9a9c5f2856c8b3,1.170863568534039,0,0.045099128,0.0,0.0,0.0,0.0,0,0,1.0,0.0,0,0.0,0.0,0.0,0.0,0.0,1,1.0
50c4b8a4e7fdb208,1,6b7e1f5b521de19b,,142075.15266565766,341,0.00064760714,-6.28813016612066e-18,0.0,0.0,0.0,0,0,1.0,0.0,0,0.0,0.0,0.0,341.0,0.0,2,1.0
50c738ada2d44ce4,2,6b7e1f5b521de19b,6f9a9c5f2856c8b3,62801.858634794626,713,0.0018862509,-0.00879936122496834,0.009534706331045001,-18.0,40.0,2,0,8.00230499516563e-11,0.0,0,0.0,0.18084213667923943,-0.14881567222516237,111.0,1.1589495756443189,4,0.36
50c8a51cadd1d6fb,3,6b7e1f5b521de19b,,2.4198904513070483,0,0.0007890798,0.0,0.0,0.0,0.0,0,0,1.0,0.0,0,0.0,0.0,0.0,0.0,0.0,1,1.0
50cb02229813576d,0,6b7e1f5b521de19b,6f9a9c5f2856c8b3,98.49392076768089,0,0.020059193,0.0,0.0,0.0,0.0,0,0,1.0,0.0,0,0.0,0.0,0.0,0.0,0.0,2,1.0
50ce2533d0b893c0,2,6b7e1f5b521de19b,6f9a9c5f2856c8b3,1040.287689306939,0,0.043234292,0.0,0.0,0.0,0.0,0,0,1.0,0.0,0,0.0,0.0,0.0,0.0,0.0,1,1.0
50df9daecbef9c21,3,6b7e1f5b521de19b,,9648.963805727817,0,0.003218261,0.0,0.0,0.0,0.0,0,0,1.0,0.0,0,0.0,0.0,0.0,0.0,0.0,1,1.0
510fc417d4751f71,1,6b7e1f5b521de19b,6f9a9c5f2856c8b3,103568.26542919301,0,0.0057332874,0.0,0.0,0.0,0.0,0,0,1.0,0.0,0,0.0,1.4050554161608015e-16,0.0,0.0,0.0,3,1.0
5112c9357cc95aec,3,6b7e1f5b521de19b,,76057.68653515907,0,0.042557005,0.0,0.0,0.0,0.0,0,0,1.0,0.0,0,0.0,0.0,0.0,0.0,0.0,3,1.0
5130ddd382df1e81,2,6b7e1f5b521de19b,,1.170863568534039,606,7.647517e-05,-0.014246275798258433,0.04326923076923077,-9.0,9.0,0,0,2.2452510463444294e-10,0.0,0,0.0,0.0,0.0,395.0,1.3449442170085757,2,0.2857142857142857
513e8a05afea2c12,2,6b7e1f5b521de19b,6f9a9c5f2856c8b3,56763.35123131225,0,0.024744077,0.0,0.0,0.0,0.0,0,0,1.0,0.0,0,0.0,0.0,0.0,0.0,0.0,1,1.0
5140ec808ccb4664,3,6b7e1f5b521de19b,d4f34f97b6d22a81,4694.223952710472,0,0.93817884,0.0,0.0,0.0,0.0,0,0,1.0,0.0,0,0.0,0.0,0.0,0.0,0.0,1,1.0
514dea0807a7a0f9,0,6b7e1f5b521de19b,,78023.53617633812,145,0.21594651,0.2936486413190867,-0.4274891774891775,40.0,0.0,0,0,5.555838994728486e-11,2.0,0,0.013793103448275862,0.7642203298313212,66636.5983275543,109.0,2.2123316691461685,5,0.09090909090909091
516e2ba10bb37bfc,3,6b7e1f5b521de19b,d4f34f97b6d22a81,529.8181796984675,0,0.022049882,0.0,0.0,0.0,0.0,0,0,1.0,0.0,0,0.0,0.0,0.0,0.0,0.0,1,1.0
517e208ecf55dd94,1,6b7e1f5b521de19b,,749783.3338022792,266,0.00012545014,-0.021693634832320965,0.041666666666666664,-5.0,5.0,0,0,4.242640685319286e-10,0.0,0,0.0,0.660039715708185,2.625547353413275,142.0,0.9668599943083528,3,0.16666666666666666
517fd8b7cba0fa22,5,6b7e1f5b521de19b,d4f34f97b6d22a81,1.170863568534039,0,0.5541601,0.0,0.0,0.0,0.0,0,0,1.0,0.0,0,0.0,0.0,0.0,0.0,0.0,1,1.0
51802a0387bd7548,3,6b7e1f5b521de19b,,1.170863568534039,0,0.0033697388,0.0,0.0,0.0,0.0,0,0,1.0,0.0,0,0.0,0.0,0.0,0.0,0.0,3,1.0
5188d7def669a4dd,4,062b9e5a52eb6d8e,d4f34f97b6d22a81,33519.959188585366,5,0.005606957,-6.899269770273079e-17,0.0,0.0,0.0,0,0,1.0,0.0,0,0.0,0.08277759385319798,0.038852944391231235,3.0,1.0954451139148869,6,0.5
5194482c83a3a502,3,6b7e1f5b521de19b,,1.170863568534039,0,0.0007712756,0.0,0.0,0.0,0.0,0,0,1.0,0.0,0,0.0,0.0,0.0,0.0,0.0,2,1.0
51c6d90b3d7acb75,0,6b7e1f5b521de19b,6f9a9c5f2856c8b3,195.03945893296458,0,0.073091075,0.0,0.0,0.0,0.0,0,0,1.0,0.0,0,0.0,0.0,0.0,0.0,0.0,1,1.0
51d727c44adc6508,5,6b7e1f5b521de19b,d4f34f97b6d22a81,2887.90831884458,46,0.4881904,0.905797101449275,1.0869565217391304,50.0,0.0,0,1,1.1067971810542045,0.0,0,0.0,0.8118675224139105,2465.477219425607,46.0,2.2360679772081284,6,0.14285714285714285
51d765acb5891578,5,6b7e1f5b521de19b,d4f34f97b6d22a81,48193.93695035554,659,0.0023935065,0.02864762109021225,-0.28393246187363835,15.0,35.0,1,0,0.5163376073813728,1.0,0,0.0015174506828528073,0.07173516893355554,0.21713588057488908,181.0,0.9840582854923585,3,0.4666666666666667
51dd139312a5b53d,5,6b7e1f5b521de19b,6f9a9c5f2856c8b3,361.29574083874047,0,0.08833269,0.0,0.0,0.0,0.0,0,0,1.0,0.0,0,0.0,0.0,0.0,0.0,0.0,1,1.0
51eb77951d4cd242,5,6b7e1f5b521de19b,6f9a9c5f2856c8b3,98.49392076768089,0,0.023963619,0.0,0.0,0.0,0.0,0,0,1.0,0.0,0,0.0,0.0,0.0,0.0,0.0,1,1.0
51f1f3d245a4d337,0,95a23e7fbcc5841e,,62717.62857728772,3,0.3704256,-1.6443500579513655e-15,0.0,0.0,0.0,0,0,1.0,0.0,0,0.0,0.19814959266895812,0.5340841426993972,3.0,1.7320508052594763,5,0.6
51fbd3a68e34abd4,1,6b7e1f5b521de19b,6f9a9c5f2856c8b3,128791.38025710067,65,0.0050810543,-1.871779762494031e-17,0.0,0.0,0.0,0,0,1.0,0.0,0,0.0,0.03392677003384348,-0.0686745626658277,65.0,0.9999999999692308,2,0.3333333333333333
520de1084aa9533f,2,6b7e1f5b521de19b,6f9a9c5f2856c8b3,252.6879321594937,0,0.013956111,0.0,0.0,0.0,0.0,0,0,1.0,0.0,0,0.0,0.0,0.0,0.0,0.0,1,1.0
5217a103bbcd0cce,2,6b7e1f5b521de19b,,8218.295302307157,0,0.06911635,0.0,0.0,0.0,0.0,0,0,1.0,0.0,0,0.0,0.0,0.0,0.0,0.0,1,1.0
521e3bc7e652fbac,2,6b7e1f5b521de19b,6f9a9c5f2856c8b3,1.170863568534039,0,0.34826,0.0,0.0,0.0,0.0,0,0,1.0,0.0,0,0.0,0.0,0.0,0.0,0.0,1,1.0
5222fe6d6a0db22f,0,6b7e1f5b521de19b,6f9a9c5f2856c8b3,1.170863568534039,0,0.22986193,0.0,0.0,0.0,0.0,0,0,1.0,0.0,0,0.0,0.0,0.0,0.0,0.0,1,1.0
52231f172d64c90f,2,6b7e1f5b521de19b,6f9a9c5f2856c8b3,85869.50411400758,0,0.33387437,0.0,0.0,0.0,0.0,0,0,1.0,0.0,0,0.0,0.0,0.0,0.0,0.0,1,1.0
522fdba65a67f51f,0,6b7e1f5b521de19b,6f9a9c5f2856c8b3,26274.495673199377,0,0.07456117,0.0,0.0,0.0,0.0,0,0,1.0,0.0,0,0.0,0.0,0.0,0.0,0.0,1,1.0
526611cffbb1979d,2,6b7e1f5b521de19b,6f9a9c5f2856c8b3,1.170863568534039,0,0.99841213,0.0,0.0,0.0,0.0,0,0,1.0,0.0,0,0.0,0.0,0.0,0.0,0.0,1,1.0
52724d9b080d1a4c,4,95a23e7fbcc5841e,28c9c64e5918b06e,1.170863568534039,0,0.010195798,0.0,0.0,0.0,0.0,0,0,1.0,0.0,0,0.0,0.0,0.0,0.0,0.0,1,1.0
527a4ffa990cb60f,3,6b7e1f5b521de19b,,4854.049577612525,521,8.592531e-05,-6.447051343254102e-19,0.0,0.0,0.0,0,0,1.0,2.0,1,-0.003838771593090211,0.0,0.0,157.0,0.8584934417187838,2,0.1111111111111111
52a434240ffad46e,3,6b7e1f5b521de19b,,22962.31400177536,103,0.008857526,-5.070013594855996e-17,0.0,0.0,0.0,0,0,1.0,0.0,0,0.0,0.0,0.0,103.0,0.9999999999805826,2,0.6666666666666666
52c14dafe23fb9d9,3,6b7e1f5b521de19b,,2.4198904513070483,0,0.00089428714,0.0,0.0,0.0,0.0,0,0,1.0,0.0,0,0.0,0.0,0.0,0.0,0.0,1,1.0
52cbd37bae44095d,3,6b7e1f5b521de19b,d4f34f97b6d22a81,804.5620155453399,0,0.020921446,0.0,0.0,0.0,0.0,0,0,1.0,0.0,0,0.0,0.0,0.0,0.0,0.0,1,1.0
52da8899c2754de6,5,6b7e1f5b521de19b,6f9a9c5f2856c8b3,22202.53592069035,0,0.7832,0.0,0.0,0.0,0.0,0,0,1.0,0.0,0,0.0,0.7379090025232754,18961.530321520448,0.0,0.0,3,1.0
52da9c3b92f251da,3,6b7e1f5b521de19b,d4f34f97b6d22a81,813.1455864945308,0,0.018118763,0.0,0.0,0.0,0.0,0,0,1.0,0.0,0,0.0,0.0,0.0,0.0,0.0,1,1.0
52e87ad6a3c79f50,3,6b7e1f5b521de19b,,147782.212188992,0,0.0015981179,0.0,0.0,0.0,0.0,0,0,1.0,0.0,0,0.0,0.0,0.0,0.0,0.0,1,1.0
52ee5b7e1b244609,5,6b7e1f5b521de19b,d4f34f97b6d22a81,1.170863568534039,8,0.004068267,5.857664590502569e-17,0.0,0.0,0.0,0,0,1.0,1.0,0,0.125,0.0,0.0,8.0,1.7320508067028517,4,0.2
530c8e0a41732c48,3,6b7e1f5b521de19b,,21312.91344109181,55,0.0058239256,1.5452585545165825e-17,0.0,0.0,0.0,0,0,1.0,0.0,0,0.0,0.7143462205856699,5.283541025513803,34.0,1.5638477656371232,5,0.125
5323df547c341092,5,6b7e1f5b521de19b,d4f34f97b6d22a81,1.170863568534039,0,0.101937115,0.0,0.0,0.0,0.0,0,0,1.0,0.0,0,0.0,0.0,0.0,0.0,0.0,1,1.0
532871546de81753,4,3a0b5f22d7e66ffc,28c9c64e5918b06e,1.170863568534039,0,0.014772466,0.0,0.0,0.0,0.0,0,0,1.0,0.0,0,0.0,0.0,0.0,0.0,0.0,1,1.0
535d895b5f94ea01,2,6b7e1f5b521de19b,6f9a9c5f2856c8b3,23324.477824808535,0,0.7648686,0.0,0.0,0.0,0.0,0,0,1.0,2.0,1,0.0,0.9998996072019108,19919.747772527906,0.0,0.0,2,1.0
536cac76f394aaa5,0,6b7e1f5b521de19b,6f9a9c5f2856c8b3,112791.82653213794,0,0.30266854,0.0,0.0,0.0,0.0,0,0,1.0,0.0,0,0.0,0.0,0.0,0.0,0.0,1,1.0
537b3844c7d98522,2,6b7e1f5b521de19b,6f9a9c5f2856c8b3,833.4257918913213,0,0.4247868,0.0,0.0,0.0,0.0,0,0,1.0,0.0,0,0.0,0.0,0.0,0.0,0.0,1,1.0
5382c41d66c32809,0,6b7e1f5b521de19b,6f9a9c5f2856c8b3,59134.12984816014,467,0.0010810966,-0.06993006993006994,0.06993006993006994,-10.0,10.0,0,-1,1.0,0.0,0,0.0,0.0,0.0,143.0,0.0,2,1.0
539262a540176248,2,6b7e1f5b521de19b,6f9a9c5f2856c8b3,1148131.9235719647,158,0.056483198,-2.8994332773547066e-17,0.0,0.0,0.0,0,0,1.0,0.0,0,0.0,0.06086789735378842,0.13797283541426503,144.0,1.7786499311083006,3,0.16666666666666666
5393b82e1b7d96aa,4,6b7e1f5b521de19b,e72348f2c1467542,1.170863568534039,0,0.048717108,0.0,0.0,0.0,0.0,0,0,1.0,0.0,0,0.0,0.0,0.0,0.0,0.0,1,1.0
53ab880162a9c9e7,3,6b7e1f5b521de19b,d4f34f97b6d22a81,59740.3377045253,76,0.06907315,0.1284876554737982,-5.0,20.0,0.0,0,0,1.1787379168396698e-10,2.0,1,-0.013157894736842105,0.4971617850594612,51021.45838883025,21.0,1.583327258244702,11,0.11764705882352941
53b2f09c4d3d1e9f,3,6b7e1f5b521de19b,,2107.0508677799526,0,0.054765474,0.0,0.0,0.0,0.0,0,0,1.0,0.0,0,0.0,0.0,0.0,0.0,0.0,2,1.0
53b338f50dffe968,5,6b7e1f5b521de19b,d4f34f97b6d22a81,2813.35897255569,0,0.49441198,0.0,0.0,0.0,0.0,0,0,1.0,0.0,0,0.0,1.4124493289019353,2401.806824093187,0.0,0.0,3,1.0
53b8806c74906f13,2,6b7e1f5b521de19b,6f9a9c5f2856c8b3,98.49392076768089,23,0.001402728,-9.32283646368324e-17,0.0,0.0,0.0,0,0,1.0,0.0,0,0.0,0.0,0.0,23.0,0.0,2,1.0
53bae339cada4f2f,2,6b7e1f5b521de19b,6f9a9c5f2856c8b3,98.49392076768089,0,0.051471204,0.0,0.0,0.0,0.0,0,0,1.0,0.0,0,0.0,0.5682352526606523,83.12074934656873,0.0,0.0,4,1.0
53bc1cd79171ef8c,3,6b7e1f5b521de19b,,1.170863568534039,0,0.00065893884,0.0,0.0,0.0,0.0,0,0,1.0,0.0,0,0.0,0.0,0.0,0.0,0.0,1,1.0
53c4bae3f9ea60c9,2,6b7e1f5b521de19b,6f9a9c5f2856c8b3,98.49392076768089,29,0.00079147157,-7.393973747059121e-17,0.0,0.0,0.0,0,0,1.0,0.0,0,0.0,0.0,0.0,29.0,0.0,2,1.0
53d0501b6fe5a5fd,2,6b7e1f5b521de19b,6f9a9c5f2856c8b3,1.170863568534039,0,0.18620154,0.0,0.0,0.0,0.0,0,0,1.0,0.0,0,0.0,0.0,0.0,0.0,0.0,1,1.0
53da9209caf95697,6,6b7e1f5b521de19b,,10655.425849350459,0,0.9982698,0.0,0.0,0.0,0.0,0,0,1.0,0.0,0,0.0,0.0,0.0,0.0,0.0,1,1.0
53e117ff7f9e4d8d,2,6b7e1f5b521de19b,6f9a9c5f2856c8b3,98.49392076768089,22,0.00086394034,-9.746601757487023e-17,0.0,0.0,0.0,0,0,1.0,0.0,0,0.0,0.0,0.0,22.0,0.0,2,1.0
53f4a525d129ff01,2,6b7e1f5b521de19b,d4f34f97b6d22a81,4573.482073606129,25,0.0012926717,-4.86662738248448e-17,0.0,0.0,0.0,0,0,1.0,0.0,0,0.0,0.7068352748405373,3905.0759908451887,25.0,0.99999999992,2,0.3333333333333333
541b530b38ce2d2e,2,6b7e1f5b521de19b,6f9a9c5f2856c8b3,1.170863568534039,0,0.31001124,0.0,0.0,0.0,0.0,0,0,1.0,0.0,0,0.0,0.0,0.0,0.0,0.0,1,1.0
541f486ea3497fba,2,6b7e1f5b521de19b,6f9a9c5f2856c8b3,411.38495102137347,0,0.40054247,0.0,0.0,0.0,0.0,0,0,1.0,0.0,0,0.0,0.0,0.0,0.0,0.0,1,1.0
5426edd24f72acd0,1,6b7e1f5b521de19b,6f9a9c5f2856c8b3,1.170863568534039,0,0.17438164,0.0,0.0,0.0,0.0,0,0,1.0,0.0,0,0.0,0.0,0.0,0.0,0.0,1,1.0
5427757f46659525,6,6b7e1f5b521de19b,,538612.9353368159,496,0.03432921,0.06265365123401677,-0.20179372197309417,45.0,0.0,0,0,5.3452248379627736e-11,0.0,0,0.0,0.490004575431172,-0.4333460586694318,131.0,1.1678243599097,3,0.2222222222222222
54323d99028537a0,6,6b7e1f5b521de19b,,26069.093051354932,0,0.9982698,0.0,0.0,0.0,0.0,0,0,1.0,0.0,0,0.0,0.0,0.0,0.0,0.0,1,1.0
5440aa30d1225b93,5,6b7e1f5b521de19b,6f9a9c5f2856c8b3,1.170863568534039,0,0.26352286,0.0,0.0,0.0,0.0,0,0,1.0,0.0,0,0.0,0.0,0.0,0.0,0.0,1,1.0
54458efbc5a3d49e,4,255414ab73601d72,28c9c64e5918b06e,9151.246699180878,0,0.9999696,0.0,0.0,0.0,0.0,0,0,1.0,0.0,0,0.0,0.0,0.0,0.0,0.0,1,1.0
54673f954217006a,3,6b7e1f5b521de19b,3b7caebd862368af,25504.58668475133,405,0.0004894044,-2.170344488750752e-18,0.0,0.0,0.0,0,0,1.0,0.0,0,0.0,0.11950708750396888,-0.32429787100600493,96.0,1.0966354719104785,4,0.35714285714285715
54683b0a3e2f580f,2,6b7e1f5b521de19b,,1.170863568534039,431,6.922507e-05,-6.119485075420936e-19,0.0,0.0,0.0,0,0,1.0,0.0,0,0.0,0.0,0.0,285.0,1.432689724253503,3,0.14285714285714285
549c7fb0b2788417,3,6b7e1f5b521de19b,,5083.8994500666495,0,0.0021056382,0.0,0.0,0.0,0.0,0,0,1.0,0.0,0,0.0,0.0,0.0,0.0,0.0,1,1.0
54c21d47e552e13d,5,6b7e1f5b521de19b,d4f34f97b6d22a81,1.170863568534039,0,0.022936998,0.0,0.0,0.0,0.0,0,0,1.0,0.0,0,0.0,0.0,0.0,0.0,0.0,1,1.0
54d699d9a5d06ac5,2,6b7e1f5b521de19b,d4f34f97b6d22a81,1700.7607474066108,0,0.87546945,0.0,0.0,0.0,0.0,0,0,1.0,0.0,0,0.0,0.0,0.0,0.0,0.0,1,1.0
54d7686af2b4b494,2,6b7e1f5b521de19b,6f9a9c5f2856c8b3,319933.7006151889,0,0.3148747,0.0,-15.0,15.0,0.0,0,0,1.0,3.0,0,0.0,0.05505789176611027,-0.10436942312984639,0.0,0.0,4,1.0
54dac80e4d4b4ad7,3,6b7e1f5b521de19b,,1.170863568534039,0,0.0009721257,0.0,0.0,0.0,0.0,0,0,1.0,0.0,0,0.0,0.0,0.0,0.0,0.0,1,1.0
54de6173ebb1cbd7,6,6b7e1f5b521de19b,,97590.18948082578,0,0.9942589,0.0,-9.0,9.0,0.0,0,1,1.0,0.0,0,0.0,0.0,0.0,0.0,0.0,2,1.0
55073a4d9a120504,0,6b7e1f5b521de19b,6f9a9c5f2856c8b3,1.170863568534039,0,0.013581785,0.0,0.0,0.0,0.0,0,0,1.0,0.0,0,0.0,0.0,0.0,0.0,0.0,1,1.0
550fda16a4fc9bda,4,1bb1bb990c53f4fc,28c9c64e5918b06e,25341.15929242468,168,0.0009172632,0.03860333983951427,-20.0,20.0,0.0,0,0,1.2963624320072816e-10,0.0,0,0.0,0.47137790010309805,21642.13586437118,63.0,1.4804087195985294,8,0.09090909090909091
551676b7cfac2bf9,4,c2397d14e54a98b9,28c9c64e5918b06e,161144.20051214632,579,0.00085708767,4.252229948437402e-18,0.0,0.0,0.0,0,0,1.0,0.0,0,0.0,0.35663257961807926,137627.50330538882,118.0,0.5590708522758765,2,0.2222222222222222
552c4806ed80fde0,2,6b7e1f5b521de19b,,524417.177630072,147,0.057148993,-3.372604046329649e-16,0.0,0.0,0.0,0,0,1.0,0.0,0,0.0,0.0,0.0,123.0,1.6196477478643334,3,0.3333333333333333
5532edcac9a616e3,2,6b7e1f5b521de19b,6f9a9c5f2856c8b3,39886.817656744584,0,0.5435878,0.0,0.0,0.0,0.0,0,0,1.0,0.0,0,0.0,0.0,0.0,0.0,0.0,1,1.0
5534258bf8123163,2,6b7e1f5b521de19b,6f9a9c5f2856c8b3,455.427302732939,120,0.0006024632,8.849408780581824e-17,0.0,0.0,0.0,0,0,1.0,0.0,0,0.0,1.2481337530617044e-16,0.0,60.0,0.0,1,0.3333333333333333
5538099e03c9ba85,5,6b7e1f5b521de19b,d4f34f97b6d22a81,1.170863568534039,0,0.101937115,0.0,0.0,0.0,0.0,0,0,1.0,0.0,0,0.0,0.0,0.0,0.0,0.0,1,1.0
553f14d9bbee5b52,3,6b7e1f5b521de19b,d4f34f97b6d22a81,3779.8275060712517,1,0.90931845,16.666666666666686,-50.0,50.0,0.0,0,0,1.0,0.0,0,0.0,0.05854500207979945,-0.12275606739023928,1.0,1.4142135581304542,4,0.25
55432e52786a86f9,2,6b7e1f5b521de19b,6f9a9c5f2856c8b3,419049.69002704695,61,0.0013419873,0.08029978586723763,0.08196721311475409,5.0,0.0,0,1,1.0825317546892825,0.0,0,0.0,0.08115535433713363,-0.1745560669179837,42.0,1.1332837987915465,3,0.2
5547482c147dae6a,5,6b7e1f5b521de19b,6f9a9c5f2856c8b3,1400207.1675609974,1497,0.00081652997,0.005200961574997833,-0.022050716648291068,10.0,0.0,0,0,1.809068067139309e-10,0.0,0,0.0,0.5674215369358995,-0.7231995010129276,343.0,0.8928354887577054,2,0.25
5568e2d9f72ab562,3,6b7e1f5b521de19b,,2.4198904513070483,0,0.0021258856,0.0,0.0,0.0,0.0,0,0,1.0,0.0,0,0.0,0.0,0.0,0.0,0.0,1,1.0
556dd5d044993b63,3,6b7e1f5b521de19b,d4f34f97b6d22a81,95714.91979220936,390,0.000329228,0.045533025280076,-0.2247191011235955,20.0,20.0,1,0,8.183932072975915e-11,1.0,0,0.002564102564102564,0.2725456906127526,3.4993305181915675,88.0,1.3983459750398195,8,0.20833333333333334
55772402b24b8f3c,4,e43bc3ffd79e75b6,28c9c64e5918b06e,173162.90291277607,0,0.0024993191,0.0,0.0,0.0,0.0,0,0,1.0,0.0,0,0.0,0.0,0.0,0.0,0.0,1,1.0
5584defcbebe8936,3,6b7e1f5b521de19b,,6766.394130610287,0,0.9868067,0.0,-70.0,70.0,0.0,0,1,1.0,1.0,0,0.0,0.9992849883466213,2795.1572090817476,0.0,0.0,2,1.0
558f2b7428b646d8,1,6b7e1f5b521de19b,6f9a9c5f2856c8b3,83242.9624050555,137,0.0004612331,1.961499108484387e-17,0.0,0.0,0.0,0,0,1.0,0.0,0,0.0,0.17853355935307647,0.5968775628826252,72.0,0.7098704330597377,2,0.25
55a320101bfe5ab1,4,6facd6091d3a488a,28c9c64e5918b06e,1.170863568534039,0,0.058858342,0.0,0.0,0.0,0.0,0,0,1.0,0.0,0,0.0,0.0,0.0,0.0,0.0,1,1.0
55ae68730b97685e,5,6b7e1f5b521de19b,d4f34f97b6d22a81,1.170863568534039,0,0.010298026,0.0,0.0,0.0,0.0,0,0,1.0,0.0,0,0.0,0.0,0.0,0.0,0.0,1,1.0
55ae750213ea12b5,5,6b7e1f5b521de19b,6f9a9c5f2856c8b3,1.170863568534039,0,0.005685527,0.0,0.0,0.0,0.0,0,0,1.0,0.0,0,0.0,0.0,0.0,0.0,0.0,1,1.0
55b883ae2a65dc2c,5,6b7e1f5b521de19b,6f9a9c5f2856c8b3,34512.34875603331,0,0.7296483,0.0,60.0,60.0,0.0,0,1,1.0,0.0,0,0.0,1.4140696366026584,29474.97797345761,0.0,0.0,3,1.0
55bac84c881a0574,2,6b7e1f5b521de19b,6f9a9c5f2856c8b3,1.170863568534039,0,0.51455534,0.0,0.0,0.0,0.0,0,0,1.0,0.0,0,0.0,0.0,0.0,0.0,0.0,1,1.0
55c5650029e75b80,2,6b7e1f5b521de19b,,89664.46366676311,0,0.002159399,0.0,0.0,0.0,0.0,0,0,1.0,0.0,0,0.0,0.0,0.0,0.0,0.0,1,1.0
55d2cdca0bb01655,1,6b7e1f5b521de19b,,1.170863568534039,0,0.004584532,0.0,0.0,0.0,0.0,0,0,1.0,0.0,0,0.0,0.0,0.0,0.0,0.0,2,1.0
55e68e7f3de01fd7,4,e366e0e543d0c5cd,d4f34f97b6d22a81,521066.7153092372,0,0.7341114,0.0,0.0,0.0,0.0,0,0,1.0,0.0,0,0.0,0.0,0.0,0.0,0.0,1,1.0
560fb15cd14c6c73,0,6b7e1f5b521de19b,6f9a9c5f2856c8b3,1.170863568534039,0,0.032175973,0.0,0.0,0.0,0.0,0,0,1.0,0.0,0,0.0,0.0,0.0,0.0,0.0,1,1.0
56262c6ef5f573de,2,6b7e1f5b521de19b,6f9a9c5f2856c8b3,109369.46454040146,0,0.021331664,0.0,0.0,0.0,0.0,0,0,1.0,0.0,0,0.0,0.0,0.0,0.0,0.0,1,1.0
565b96936b877057,3,062b9e5a52eb6d8e,,80872.05936290111,0,0.012765262,0.0,0.0,0.0,0.0,0,0,1.0,0.0,0,0.0,0.0,0.0,0.0,0.0,1,1.0
565d0bdbc95a26e6,2,6b7e1f5b521de19b,6f9a9c5f2856c8b3,896.0646281550656,0,0.026682774,0.0,0.0,0.0,0.0,0,0,1.0,0.0,0,0.0,0.0,0.0,0.0,0.0,2,1.0
5672d9952a94fb7a,2,6b7e1f5b521de19b,6f9a9c5f2856c8b3,1.170863568534039,0,0.5060441,0.0,0.0,0.0,0.0,0,0,1.0,0.0,0,0.0,0.0,0.0,0.0,0.0,1,1.0
56ac7b6ffe1eb523,3,6b7e1f5b521de19b,d4f34f97b6d22a81,2621.868326171163,0,0.8724032,0.0,0.0,0.0,0.0,0,0,1.0,0.0,0,0.0,0.0,0.0,0.0,0.0,1,1.0
56ad65769e75da36,3,6b7e1f5b521de19b,d4f34f97b6d22a81,40349.99413904596,32,0.56609315,1.0923845193508117,-50.0,50.0,0.0,0,0,4.006938426563214e-11,0.0,0,0.0,0.5549844522563678,34460.73851797739,14.0,2.1505813156853657,14,0.11764705882352941
56e97719e72cef64,3,6b7e1f5b521de19b,d4f34f97b6d22a81,21939.176249266162,449,0.00021683867,0.01515647841668579,-0.03773584905660377,10.0,0.0,0,0,2.6832815722797484e-10,0.0,0,0.0,0.7543610162846766,-0.8280860649320633,74.0,0.5659207263431878,2,0.25
56ea1a46b48d87fb,2,6b7e1f5b521de19b,6f9a9c5f2856c8b3,871.9196775844911,88,0.011975066,-1.1155262726406958e-17,0.0,0.0,0.0,0,0,1.0,0.0,0,0.0,0.0,0.0,55.0,1.270798050740911,3,0.3333333333333333
56ee93be72fe75c7,3,6b7e1f5b521de19b,d4f34f97b6d22a81,466662.7455778542,9,0.7290137,1.386861313868614,-20.0,20.0,0.0,0,0,1.202675588461267e-10,1.0,0,0.1111111111111111,0.5873093609535668,398561.87113120436,7.0,2.0092379226612467,8,0.1111111111111111
56f58ac11932271a,3,6b7e1f5b521de19b,d4f34f97b6d22a81,111662.27872934208,176,0.99286413,0.24710792216214442,1.5584415584415585,44.44444444444445,0.0,0,1,0.5191639914612048,4.0,2,0.017045454545454544,0.21626911169661034,2.1151188953887816,39.0,1.7489850948684866,18,0.5869565217391305
56fa97c50bcebb3b,6,6b7e1f5b521de19b,,1.170863568534039,211,0.010812796,-2.198434001875733e-18,0.0,0.0,0.0,0,0,1.0,0.0,0,0.0,0.0,0.0,74.0,0.8856981796445186,2,0.2857142857142857
5701c86b582cf561,3,6b7e1f5b521de19b,,25102.753943361105,0,0.00020946405,0.0,0.0,0.0,0.0,0,0,1.0,0.0,0,0.0,0.0,0.0,0.0,0.0,1,1.0
570c4fe239215125,2,6b7e1f5b521de19b,,4602267.411655481,0,0.028659264,0.0,0.0,0.0,0.0,0,0,1.0,0.0,0,0.0,0.0,0.0,0.0,0.0,1,1.0
570db54b17f1c303,2,6b7e1f5b521de19b,6f9a9c5f2856c8b3,1.170863568534039,0,0.07741816,0.0,0.0,0.0,0.0,0,0,1.0,0.0,0,0.0,0.0,0.0,0.0,0.0,1,1.0
571332fc1511989a,4,47dc86e9ce418791,28c9c64e5918b06e,36739.61151655595,3,0.08758384,1.6755510389433595e-15,0.0,0.0,0.0,0,0,1.0,0.0,0,0.0,0.0,0.0,3.0,1.4142135609588815,4,0.5
57173465d4328b20,3,6b7e1f5b521de19b,,1.170863568534039,0,0.13960135,0.0,0.0,0.0,0.0,0,0,1.0,0.0,0,0.0,0.0,0.0,0.0,0.0,1,1.0
5721407e071b550e,2,6b7e1f5b521de19b,6f9a9c5f2856c8b3,5655.969519442425,0,0.7360642,0.0,0.0,0.0,0.0,0,0,1.0,0.0,0,0.0,0.9995860581529674,4829.596554066407,0.0,0.0,2,1.0
5731f294174ec9fc,3,6b7e1f5b521de19b,,1236.5261721116829,0,0.03403044,0.0,0.0,0.0,0.0,0,0,1.0,0.0,0,0.0,0.0,0.0,0.0,0.0,1,1.0
57349d6ddc5f2b59,2,6b7e1f5b521de19b,6f9a9c5f2856c8b3,181.8832197851537,47,0.003410068,-5.0207672525270296e-17,0.0,0.0,0.0,0,0,1.0,0.0,0,0.0,0.0,0.0,47.0,0.0,2,1.0
573ab3c491faca88,4,6b7e1f5b521de19b,d4f34f97b6d22a81,1.170863568534039,0,0.014752846,0.0,0.0,0.0,0.0,0,0,1.0,0.0,0,0.0,0.0,0.0,0.0,0.0,1,1.0
57433dd449a9e49c,6,6b7e1f5b521de19b,,319729.3485362046,13,0.22702627,3.410852713178294,-4.444444444444445,40.0,0.0,0,1,1.0,1.0,0,0.07692307692307693,1.0066833999950477,273070.3954457705,9.0,0.8496431549721795,2,0.25
57488fee3326e635,1,6b7e1f5b521de19b,,609.207969734855,134,0.0032209884,-1.7610153796176896e-17,0.0,0.0,0.0,0,0,1.0,0.0,0,0.0,0.0,0.0,134.0,0.0,2,1.0
576264822eb1186b,5,6b7e1f5b521de19b,6f9a9c5f2856c8b3,336696.3210626331,242,0.0016850468,0.09879856071232536,-2.1082621082621085,32.5,40.0,1,-1,0.6192188245565542,1.0,0,0.004132231404958678,0.2589433389160979,-0.41109483618929316,55.0,1.5796586205115433,8,0.08333333333333333
576cac4e1384b12a,2,6b7e1f5b521de19b,d4f34f97b6d22a81,46553.49342526177,72,0.346828,3.744605486850343e-18,0.0,0.0,0.0,0,0,1.0,0.0,0,0.0,1.562924085571427e-16,0.0,25.0,1.5828459285709329,7,0.5333333333333333
5772ceb7414cd864,3,6b7e1f5b521de19b,d4f34f97b6d22a81,813.1455864945308,0,0.0022354298,0.0,0.0,0.0,0.0,0,0,1.0,0.0,0,0.0,0.0,0.0,0.0,0.0,1,1.0
577a88a956b8ee93,3,6b7e1f5b521de19b,,7402.527369290185,0,0.6407145,0.0,0.0,0.0,0.0,0,0,1.0,0.0,0,0.0,0.0,0.0,0.0,0.0,1,1.0
5789bd5b5ff1de51,0,6b7e1f5b521de19b,6f9a9c5f2856c8b3,26935.050390429424,0,0.5519625,0.0,0.0,0.0,0.0,0,0,1.0,0.0,0,0.0,0.0,0.0,0.0,0.0,1,1.0
5796e478ee0087bc,4,062b9e5a52eb6d8e,,557021.7052568932,0,0.00021013479,0.0,0.0,0.0,0.0,0,0,1.0,0.0,0,0.0,0.0,0.0,0.0,0.0,1,1.0
579b861829a320ac,4,b4d1bda83fb7745f,,1.170863568534039,0,0.03861827,0.0,0.0,0.0,0.0,0,0,1.0,0.0,0,0.0,0.0,0.0,0.0,0.0,2,1.0
57a7fee972c1faff,5,6b7e1f5b521de19b,6f9a9c5f2856c8b3,98.49392076768089,0,0.1619005,0.0,0.0,0.0,0.0,0,0,1.0,0.0,0,0.0,0.694572501109144,83.12074934656873,0.0,0.0,3,1.0
57bb8c3f999408a1,3,6b7e1f5b521de19b,,1.170863568534039,0,0.0002869137,0.0,0.0,0.0,0.0,0,0,1.0,0.0,0,0.0,0.0,0.0,0.0,0.0,1,1.0
57e18549b6708d6a,1,6b7e1f5b521de19b,6f9a9c5f2856c8b3,266.39362589177995,0,0.99671006,0.0,0.0,0.0,0.0,0,0,1.0,0.0,0,0.0,0.9912479898069663,226.5189296608774,0.0,0.0,2,1.0
57f3df4eb44171e3,2,6b7e1f5b521de19b,6f9a9c5f2856c8b3,2102.0998796095173,56,0.0058903787,1.51501516519714e-16,0.0,0.0,0.0,0,0,1.0,0.0,0,0.0,0.4996519252719382,1794.3414352463096,56.0,1.7320508074451593,4,0.2
580c0ee77cf60521,5,6b7e1f5b521de19b,6f9a9c5f2856c8b3,32653.062705315017,0,0.7189088,0.0,0.0,0.0,0.0,0,0,1.0,0.0,0,0.0,0.0,0.0,0.0,0.0,1,1.0
58228f0dab04b746,4,ac6153076817c20f,28c9c64e5918b06e,851306.5708845424,750,0.0008279355,0.016040649551862268,-0.02506265664160401,10.0,0.0,0,0,2.121320343109643e-10,0.0,0,0.0,0.320685785763406,727074.8043572977,165.0,0.8452492071546412,2,0.2
582e792ee23b34d5,2,6b7e1f5b521de19b,6f9a9c5f2856c8b3,212.02522749452675,0,0.057225544,0.0,0.0,0.0,0.0,0,0,1.0,0.0,0,0.0,0.0,0.0,0.0,0.0,1,1.0
58307b8d0287b968,3,6b7e1f5b521de19b,d4f34f97b6d22a81,28990.07238250434,0,0.16725281,0.0,0.0,0.0,0.0,0,0,1.0,0.0,0,0.0,0.0,0.0,0.0,0.0,1,1.0
583c501935bb00ba,2,6b7e1f5b521de19b,d4f34f97b6d22a81,1.170863568534039,0,0.017156081,0.0,0.0,0.0,0.0,0,0,1.0,0.0,0,0.0,0.0,0.0,0.0,0.0,1,1.0
583f592cd5e15431,1,6b7e1f5b521de19b,,186555.16774733728,0,0.023679009,0.0,0.0,0.0,0.0,0,0,1.0,0.0,0,0.0,0.0,0.0,0.0,0.0,1,1.0
58487823032c3f58,3,6b7e1f5b521de19b,,9648.963805727817,0,0.002682558,0.0,0.0,0.0,0.0,0,0,1.0,0.0,0,0.0,0.0,0.0,0.0,0.0,1,1.0
5853e11c634c6064,3,6b7e1f5b521de19b,,80872.05936290111,134,0.00075092015,-4.9493880578323016e-17,0.0,0.0,0.0,0,0,1.0,0.0,0,0.0,1.7993748821292102e-16,0.0,51.0,0.723226354569749,2,0.2857142857142857
586485fc3a3fa2db,0,6b7e1f5b521de19b,6f9a9c5f2856c8b3,1.170863568534039,0,0.05837796,0.0,0.0,0.0,0.0,0,0,1.0,0.0,0,0.0,0.0,0.0,0.0,0.0,1,1.0
586a8dbcadbf97a6,1,6b7e1f5b521de19b,,35267.3774976717,0,0.044946007,0.0,0.0,0.0,0.0,0,0,1.0,0.0,0,0.0,0.0,0.0,0.0,0.0,1,1.0
58b767d0d3420c2b,2,6b7e1f5b521de19b,,860345.2341691502,155,0.99777156,0.14348167245824486,40.0,40.0,0.0,0,1,1.0,3.0,0,0.01935483870967742,0.16741942384712716,0.5445452592774048,101.0,0.7986982124198433,2,0.5
58bbc32a1091e311,0,674ec33189ed753c,,1875334.4167467572,0,0.002305554,0.0,0.0,0.0,0.0,0,0,1.0,0.0,0,0.0,0.0,0.0,0.0,0.0,1,1.0
58bc8f8658276999,3,6b7e1f5b521de19b,,108237.84289206557,40,0.044467684,-8.119847570969573e-17,0.0,0.0,0.0,0,0,1.0,0.0,0,0.0,0.0,0.0,40.0,0.0,2,1.0
58ed803093275d9c,0,6b7e1f5b521de19b,6f9a9c5f2856c8b3,13959.067940288685,458,0.0074957204,3.4305003526443515e-17,0.0,0.0,0.0,0,0,1.0,0.0,0,0.0,0.0008773048657180919,0.0019726963135830275,183.0,1.291639280220603,3,0.6363636363636364
58f4707001d7f257,3,6b7e1f5b521de19b,,121130.27981900205,32,0.0015219251,5.409960883421461e-17,0.0,0.0,0.0,0,0,1.0,0.0,0,0.0,0.5345158408467464,103452.79519379982,20.0,1.8027756372813006,7,0.1111111111111111
590bbc34e3f15dd2,6,6b7e1f5b521de19b,,1301445.0187702307,423,0.0019537199,-0.002078372277353876,0.004651162790697674,-1.0,1.0,0,0,2.1213203390596426e-09,0.0,0,0.0,0.6453265132246785,3.071634636499578,215.0,1.3411383147195006,4,0.2222222222222222
591145fbfcf6dc39,6,6b7e1f5b521de19b,,65251.04342906468,0,0.3959939,0.0,0.0,0.0,0.0,0,0,1.0,0.0,0,0.0,0.0,0.0,0.0,0.0,1,1.0
5941eb5a25ebc993,2,6b7e1f5b521de19b,d4f34f97b6d22a81,15535.883421986588,0,0.6630444,0.0,0.0,0.0,0.0,0,0,1.0,0.0,0,0.0,0.0,0.0,0.0,0.0,1,1.0
5966f9b5d3fc1351,5,6b7e1f5b521de19b,d4f34f97b6d22a81,1.170863568534039,0,0.02147265,0.0,0.0,0.0,0.0,0,0,1.0,0.0,0,0.0,0.0,0.0,0.0,0.0,1,1.0
59725e6ff566317c,0,6b7e1f5b521de19b,6f9a9c5f2856c8b3,1.170863568534039,0,0.045099128,0.0,0.0,0.0,0.0,0,0,1.0,0.0,0,0.0,0.0,0.0,0.0,0.0,1,1.0
5974713b6a8d7097,2,6b7e1f5b521de19b,6f9a9c5f2856c8b3,100796.46864623079,0,0.3835544,0.0,0.0,0.0,0.0,0,0,1.0,0.0,0,0.0,0.0,0.0,0.0,0.0,2,1.0
59a0545a5bb2a9a4,5,6b7e1f5b521de19b,6f9a9c5f2856c8b3,16073.57048734802,0,0.76245445,0.0,0.0,0.0,0.0,0,0,1.0,0.0,0,0.0,0.9998543225618411,13726.961924268153,0.0,0.0,2,1.0
59aabfe0509dcc60,2,6b7e1f5b521de19b,6f9a9c5f2856c8b3,98.49392076768089,23,0.0005972221,-9.32283646368324e-17,0.0,0.0,0.0,0,0,1.0,0.0,0,0.0,0.0,0.0,23.0,0.0,2,1.0
59ae62abc7806c13,0,6b7e1f5b521de19b,6f9a9c5f2856c8b3,1.170863568534039,0,0.10645747,0.0,0.0,0.0,0.0,0,0,1.0,0.0,0,0.0,0.0,0.0,0.0,0.0,1,1.0
59b7e9b4a45a00b1,3,6b7e1f5b521de19b,d4f34f97b6d22a81,1.170863568534039,0,0.0011390342,0.0,0.0,0.0,0.0,0,0,1.0,0.0,0,0.0,0.0,0.0,0.0,0.0,1,1.0
59c08698e38f62b6,3,6b7e1f5b521de19b,,43554.61939889371,17,0.006841422,-2.791026668923249e-16,0.0,0.0,0.0,0,0,1.0,0.0,0,0.0,0.6665441226709174,2.8666446570075848,10.0,0.8862658335161353,4,0.6
59c6748330eb4660,4,255414ab73601d72,28c9c64e5918b06e,1.170863568534039,0,0.20760866,0.0,0.0,0.0,0.0,0,0,1.0,0.0,0,0.0,0.0,0.0,0.0,0.0,1,1.0
59d40fa9df85ab7d,2,6b7e1f5b521de19b,6f9a9c5f2856c8b3,267071.1042814682,0,0.3217104,0.0,0.0,0.0,0.0,0,0,1.0,0.0,0,0.0,1.7320204341067353,228096.54394856637,0.0,0.0,4,1.0
59e7f2e6b7280491,2,6b7e1f5b521de19b,6f9a9c5f2856c8b3,98.49392076768089,27,0.0009040379,-7.941675506100537e-17,0.0,0.0,0.0,0,0,1.0,0.0,0,0.0,0.0,0.0,27.0,0.0,2,1.0
59f509d87ea037bb,2,6b7e1f5b521de19b,6f9a9c5f2856c8b3,44461.42141443329,62,0.07911734,3.412540506040208e-16,0.0,0.0,0.0,0,0,1.0,3.0,0,0.04838709677419355,0.0,0.0,62.0,1.4142135623046652,3,0.25
5a070b7e9c7ba531,5,6b7e1f5b521de19b,d4f34f97b6d22a81,81.43217479245789,0,0.07380091,0.0,0.0,0.0,0.0,0,0,1.0,0.0,0,0.0,0.0,0.0,0.0,0.0,1,1.0
5a0992e0a8665178,2,6b7e1f5b521de19b,,1.170863568534039,31,0.04114839,1.0311851898776596e-16,0.0,0.0,0.0,0,0,1.0,0.0,0,0.0,0.0,0.0,17.0,1.0522262211399693,3,0.16666666666666666
5a0bcb769620aeb0,0,6b7e1f5b521de19b,6f9a9c5f2856c8b3,1.170863568534039,0,0.027717894,0.0,0.0,0.0,0.0,0,0,1.0,0.0,0,0.0,0.0,0.0,0.0,0.0,1,1.0
5a2d0d3434fb3f99,5,6b7e1f5b521de19b,,1.170863568534039,26,0.00016464495,9.957666539277447e-17,0.0,0.0,0.0,0,0,1.0,0.0,0,0.0,0.0,0.0,23.0,1.177953294565125,3,0.25
5a3e1c022a9f8c92,2,6b7e1f5b521de19b,6f9a9c5f2856c8b3,455.427302732939,67,0.005236397,-1.625682369231809e-16,0.0,0.0,0.0,0,0,1.0,0.0,0,0.0,0.7043834178662152,387.9670111635205,67.0,0.9999999999701493,2,0.3333333333333333
5a46cbabff72da59,0,6b7e1f5b521de19b,6f9a9c5f2856c8b3,1040366.9433779602,0,0.25294918,0.0,0.0,0.0,0.0,0,0,1.0,0.0,0,0.0,0.09642220903314042,0.2134231496105397,0.0,0.0,2,1.0
5a4f0743d6c8b541,6,6b7e1f5b521de19b,,1.170863568534039,0,0.9998983,0.0,0.0,0.0,0.0,0,0,1.0,0.0,0,0.0,0.0,0.0,0.0,0.0,2,1.0
5a5f35cd095b7382,3,6b7e1f5b521de19b,,21273.147061594493,0,0.03565132,0.0,0.0,0.0,0.0,0,0,1.0,0.0,0,0.0,0.0,0.0,0.0,0.0,1,1.0
5a6b69e6314440c4,6,6b7e1f5b521de19b,,1287.0828528119127,0,0.99890435,0.0,0.0,0.0,0.0,0,0,1.0,0.0,0,0.0,0.0,0.0,0.0,0.0,1,1.0
5a8839dc64c19a7f,0,6b7e1f5b521de19b,6f9a9c5f2856c8b3,1.170863568534039,0,0.13043611,0.0,0.0,0.0,0.0,0,0,1.0,0.0,0,0.0,0.0,0.0,0.0,0.0,1,1.0
5a8da5dce2ccad6f,2,6b7e1f5b521de19b,6f9a9c5f2856c8b3,1.170863568534039,0,0.1574178,0.0,0.0,0.0,0.0,0,0,1.0,0.0,0,0.0,0.0,0.0,0.0,0.0,1,1.0
5a96e6fadada914b,1,6b7e1f5b521de19b,,24659.214040497674,0,0.011834458,0.0,0.0,0.0,0.0,0,0,1.0,0.0,0,0.0,0.0,0.0,0.0,0.0,1,1.0
5a97aaeb35ccc2f8,3,6b7e1f5b521de19b,d4f34f97b6d22a81,866.6664771429641,0,0.016191961,0.0,0.0,0.0,0.0,0,0,1.0,0.0,0,0.0,0.0,0.0,0.0,0.0,1,1.0
5aa3fdc3a74123fd,0,6b7e1f5b521de19b,6f9a9c5f2856c8b3,74779.10930618564,686,0.003567716,0.011732689309758364,0.02865329512893983,10.0,0.0,0,0,2.2709343572196338e-10,0.0,0,0.0,0.30916727442128555,1.454631575806057,197.0,1.2231423934464032,6,0.3684210526315789
5aa6a1eac5e6cddc,3,6b7e1f5b521de19b,d4f34f97b6d22a81,198350.39081317704,77,0.01019548,0.0349806286048858,9.118421052631579,0.0,9.0,5,0,2.7777777770061727e-10,2.0,0,0.025974025974025976,0.5805236911683512,169404.21179723655,32.0,2.3660612644586045,16,0.1
5ab20b55c38187b3,2,6b7e1f5b521de19b,6f9a9c5f2856c8b3,1.170863568534039,0,0.21062772,0.0,0.0,0.0,0.0,0,0,1.0,0.0,0,0.0,0.0,0.0,0.0,0.0,1,1.0
5ab28e7c51e5f13a,1,6b7e1f5b521de19b,,4428.141433540016,0,0.039659593,0.0,0.0,0.0,0.0,0,0,1.0,0.0,0,0.0,0.0,0.0,0.0,0.0,1,1.0
5ab5a15945e0421f,5,6b7e1f5b521de19b,6f9a9c5f2856c8b3,1.170863568534039,0,0.002670588,0.0,0.0,0.0,0.0,0,0,1.0,0.0,0,0.0,0.0,0.0,0.0,0.0,1,1.0
5ac2f95c15cfaa80,4,e366e0e543d0c5cd,28c9c64e5918b06e,1.170863568534039,0,0.22829334,0.0,0.0,0.0,0.0,0,0,1.0,0.0,0,0.0,0.0,0.0,0.0,0.0,1,1.0
5acf55fe36d24f9b,2,6b7e1f5b521de19b,6f9a9c5f2856c8b3,230.1833677762813,0,0.07089611,0.0,0.0,0.0,0.0,0,0,1.0,0.0,0,0.0,0.0,0.0,0.0,0.0,1,1.0
5adbc68111d90509,0,6b7e1f5b521de19b,6f9a9c5f2856c8b3,22962.31400177536,0,0.81293285,0.0,0.0,0.0,0.0,0,0,1.0,0.0,0,0.0,0.0,0.0,0.0,0.0,1,1.0
5ae03f7c75909bf2,2,6b7e1f5b521de19b,6f9a9c5f2856c8b3,174916.05605915148,40,0.23656198,0.11972791525693947,-1.125,7.2,0.0,0,0,3.0308040301368726e-10,1.0,0,0.025,1.0673773361496115,149389.63846537846,13.0,1.830300520674132,10,0.16
5aeaef1b229a6516,3,6b7e1f5b521de19b,6f9a9c5f2856c8b3,3391.863497755878,0,0.09031629,0.0,0.0,0.0,0.0,0,0,1.0,0.0,0,0.0,0.0,0.0,0.0,0.0,1,1.0
5aeb1e06dca6edcb,5,6b7e1f5b521de19b,d4f34f97b6d22a81,5255.54195769548,0,0.03788664,0.0,0.0,0.0,0.0,0,0,1.0,0.0,0,0.0,0.05169536211170359,0.12305815951374482,0.0,0.0,4,1.0
5af027b15e7631c2,2,6b7e1f5b521de19b,6f9a9c5f2856c8b3,98.49392076768089,24,0.0005972221,-8.934384944363104e-17,0.0,0.0,0.0,0,0,1.0,0.0,0,0.0,0.0,0.0,24.0,0.0,2,1.0
5af8f45a5968aa04,2,6b7e1f5b521de19b,6f9a9c5f2856c8b3,3391.863497755878,0,0.042817093,0.0,0.0,0.0,0.0,0,0,1.0,0.0,0,0.0,0.9993098427868108,2895.890456676013,0.0,0.0,2,1.0
5b11a4dccc4bbe54,3,6b7e1f5b521de19b,,25177.181736988994,0,0.0035699902,0.0,0.0,0.0,0.0,0,0,1.0,0.0,0,0.0,0.0,0.0,0.0,0.0,1,1.0
5b11eab8626a66d2,5,6b7e1f5b521de19b,6f9a9c5f2856c8b3,98.49392076768089,0,0.09799758,0.0,0.0,0.0,0.0,0,0,1.0,0.0,0,0.0,0.0,0.0,0.0,0.0,1,1.0
5b183daa58c9710f,3,6b7e1f5b521de19b,,1.170863568534039,0,0.0035760116,0.0,0.0,0.0,0.0,0,0,1.0,0.0,0,0.0,0.0,0.0,0.0,0.0,2,1.0
5b357f4fc676fcd9,0,6b7e1f5b521de19b,6f9a9c5f2856c8b3,251679.9429066791,0,0.058442153,0.0,0.0,0.0,0.0,0,0,1.0,0.0,0,0.0,0.7071018468026166,214951.40749679398,0.0,0.0,6,1.0
5b40fe0414916ab3,5,75c64824a2a4e380,28c9c64e5918b06e,26365.415373079573,145,0.0010023883,0.10955421723209151,-0.24691358024691357,20.0,0.0,0,0,1.24999999984375e-10,0.0,0,0.0,0.0,0.0,49.0,0.26843448904126477,1,0.2
5b51759cc0b050b7,2,6b7e1f5b521de19b,6f9a9c5f2856c8b3,715072.9663991949,0,0.16706228,0.0,0.0,0.0,0.0,0,0,1.0,0.0,0,0.0,1.628020178320444e-16,0.0,0.0,0.0,3,1.0
5b5dd52443bec4e2,3,6b7e1f5b521de19b,,2.4198904513070483,0,0.0016525978,0.0,0.0,0.0,0.0,0,0,1.0,0.0,0,0.0,0.0,0.0,0.0,0.0,1,1.0
5b6076427b8027f1,0,6b7e1f5b521de19b,6f9a9c5f2856c8b3,1.170863568534039,0,0.8910476,0.0,0.0,0.0,0.0,0,0,1.0,0.0,0,0.0,0.0,0.0,0.0,0.0,1,1.0
5b7a5a82146447eb,2,6b7e1f5b521de19b,6f9a9c5f2856c8b3,11485.134609700683,0,0.9893104,0.0,0.0,0.0,0.0,0,0,1.0,0.0,0,0.0,0.0,0.0,0.0,0.0,1,1.0
5b86deb48fd8e379,0,6b7e1f5b521de19b,6f9a9c5f2856c8b3,1.170863568534039,0,0.15140763,0.0,0.0,0.0,0.0,0,0,1.0,0.0,0,0.0,0.0,0.0,0.0,0.0,1,1.0
5b871bfc52018a9b,3,6b7e1f5b521de19b,,6852.397952313374,0,0.9847644,0.0,0.0,0.0,0.0,0,0,1.0,0.0,0,0.0,0.0,0.0,0.0,0.0,1,1.0
5b8d20d1a47fe2fe,3,6b7e1f5b521de19b,,65798.13803746978,0,0.95739,0.0,0.0,0.0,0.0,0,0,1.0,0.0,0,0.0,0.0,0.0,0.0,0.0,1,1.0
5b9e14d815b675c1,5,6b7e1f5b521de19b,6f9a9c5f2856c8b3,19623.72126185764,395,0.13841975,0.09081341662140142,-0.12953367875647667,50.0,0.0,0,0,5.366563145711496e-11,0.0,0,0.0,0.0,0.0,184.0,0.889721253882263,2,0.5
5ba5097e11b444cc,2,6b7e1f5b521de19b,,1845240.0868962975,0,0.4474223,0.0,0.0,0.0,0.0,0,0,1.0,1.0,0,0.0,0.0,0.0,0.0,0.0,2,1.0
5ba8673877f63fbd,1,6b7e1f5b521de19b,,319.5610554379637,0,0.06370101,0.0,0.0,0.0,0.0,0,0,1.0,0.0,0,0.0,0.0,0.0,0.0,0.0,1,1.0
5bb0c62af63d353f,5,6b7e1f5b521de19b,6f9a9c5f2856c8b3,575937.6239257965,0,0.0028346935,0.0,0.0,0.0,0.0,0,0,1.0,0.0,0,0.0,0.0,0.0,0.0,0.0,3,1.0
5bbe016c57973800,2,6b7e1f5b521de19b,6f9a9c5f2856c8b3,243911.56866935754,59,0.21107958,8.839920827400003e-17,0.0,0.0,0.0,0,0,1.0,0.0,0,0.0,0.37357571814618595,1.2597005444291498,59.0,2.236067977272393,4,0.42857142857142855
5bc936021b66cb0d,0,6b7e1f5b521de19b,,37091.15484349933,0,0.0336565,0.0,0.0,0.0,0.0,0,0,1.0,0.0,0,0.0,0.0,0.0,0.0,0.0,1,1.0
5be99a3d4dcfb819,5,6b7e1f5b521de19b,d4f34f97b6d22a81,4767.4468499403265,176,0.3210032,0.27220745853222333,-0.3352272727272727,59.0,1.0,1,0,0.7638097660405936,1.0,0,0.005681818181818182,0.9995089295725188,4070.7355788166956,169.0,1.9021281306511038,4,0.6666666666666666
5c00af71c65c45bd,0,062b9e5a52eb6d8e,,534.5463080854963,0,0.09755579,0.0,0.0,0.0,0.0,0,0,1.0,0.0,0,0.0,0.0,0.0,0.0,0.0,1,1.0
5c0602fff17da7b0,3,6b7e1f5b521de19b,d4f34f97b6d22a81,918.0950877584921,3,0.0075298953,-7.147507955490484e-16,0.0,0.0,0.0,0,0,1.0,0.0,0,0.0,0.0,0.0,3.0,0.0,2,1.0
5c0d163323ef3c14,3,6b7e1f5b521de19b,,11264.189824104717,40,0.00020895759,-5.3606309666178627e-17,0.0,0.0,0.0,0,0,1.0,0.0,0,0.0,0.0,0.0,40.0,0.0,2,1.0
5c0f2740a13b62be,2,6b7e1f5b521de19b,,2582.916117610372,0,0.7806614,0.0,0.0,0.0,0.0,0,0,1.0,0.0,0,0.0,0.0,0.0,0.0,0.0,1,1.0
5c2ba63918bee727,5,6b7e1f5b521de19b,6f9a9c5f2856c8b3,1.170863568534039,0,0.019768747,0.0,0.0,0.0,0.0,0,0,1.0,0.0,0,0.0,0.0,0.0,0.0,0.0,1,1.0
5c2c2d2512a56599,3,6b7e1f5b521de19b,d4f34f97b6d22a81,31810.931188906296,196,0.061709996,0.23162060671853946,-0.6563507414571245,50.0,10.0,2,0,5.317045316199929e-11,2.0,1,0.00510204081632653,0.2464966026274259,27167.776998275436,22.0,0.9640292282255902,6,0.2647058823529412
5c32e71f94f7caa8,3,6b7e1f5b521de19b,d4f34f97b6d22a81,3222.1084716806404,0,0.0026725917,0.0,0.0,0.0,0.0,0,0,1.0,0.0,0,0.0,0.0,0.0,0.0,0.0,1,1.0
5c3def573f69c991,3,6b7e1f5b521de19b,,25102.753943361105,113,0.96024454,0.5574974402429123,-0.13915243516761544,66.66666666666667,0.0,0,1,0.9083737430983008,3.0,0,0.02654867256637168,0.317923145246443,21438.52089549648,19.0,1.0071791790197526,5,0.21052631578947367
5c5c0c1c70b9fa01,0,6b7e1f5b521de19b,,1064506.8667509402,0,0.09835225,0.0,0.0,0.0,0.0,0,0,1.0,0.0,0,0.0,0.0,0.0,0.0,0.0,1,1.0
5c6b4b3bcc59e337,1,6b7e1f5b521de19b,6f9a9c5f2856c8b3,1.170863568534039,0,0.90891874,0.0,0.0,0.0,0.0,0,0,1.0,0.0,0,0.0,0.0,0.0,0.0,0.0,1,1.0
5cd26fc1cf90756c,5,6b7e1f5b521de19b,6f9a9c5f2856c8b3,1.170863568534039,0,0.7520112,0.0,0.0,0.0,0.0,0,0,1.0,0.0,0,0.0,0.0,0.0,0.0,0.0,1,1.0
5cda102c6e09befd,2,6b7e1f5b521de19b,6f9a9c5f2856c8b3,1.170863568534039,0,0.07102324,0.0,0.0,0.0,0.0,0,0,1.0,0.0,0,0.0,0.0,0.0,0.0,0.0,1,1.0
5ce969e1c9ebc553,5,6b7e1f5b521de19b,6f9a9c5f2856c8b3,1.170863568534039,0,0.20652822,0.0,0.0,0.0,0.0,0,0,1.0,0.0,0,0.0,0.0,0.0,0.0,0.0,1,1.0
5d00f29f9d79f9e7,3,6b7e1f5b521de19b,d4f34f97b6d22a81,61110.06404266016,93,0.006977675,-1.5997171139577435e-16,0.0,0.0,0.0,0,0,1.0,0.0,0,0.0,0.22747748644650803,1.8726386305571734,38.0,1.8199381354206383,11,0.058823529411764705
5d0c6b02f4ec8170,3,6b7e1f5b521de19b,d4f34f97b6d22a81,1231.2988998144133,0,0.0027750137,0.0,0.0,0.0,0.0,0,0,1.0,0.0,0,0.0,0.0,0.0,0.0,0.0,1,1.0
5d107e9c4a68eb8d,0,062b9e5a52eb6d8e,,60922.56576101272,58,0.052904665,0.9483655274888557,-4.3125,69.0,0.0,0,1,1.0,0.0,0,0.0,0.0,0.0,42.0,0.4482758620535077,1,0.3333333333333333
5d42838368f041b2,3,6b7e1f5b521de19b,,9648.963805727817,0,0.0011037635,0.0,0.0,0.0,0.0,0,0,1.0,0.0,0,0.0,0.0,0.0,0.0,0.0,1,1.0
5d4ab050c3c2cb49,3,6b7e1f5b521de19b,,9648.963805727817,0,0.012470683,0.0,0.0,0.0,0.0,0,0,1.0,0.0,0,0.0,0.0,0.0,0.0,0.0,1,1.0
5d5ba93c7c152145,4,255414ab73601d72,28c9c64e5918b06e,14549.109682568103,157,0.038179204,2.365357933946431e-16,0.0,0.0,0.0,0,0,1.0,0.0,0,0.0,0.07532945244442922,0.16585809266446275,47.0,1.4206820395763422,9,0.14285714285714285
5d614dcc469279eb,2,6b7e1f5b521de19b,,1.170863568534039,0,0.0031089126,0.0,0.0,0.0,0.0,0,0,1.0,0.0,0,0.0,0.0,0.0,0.0,0.0,1,1.0
5d732e16c14a553f,2,6b7e1f5b521de19b,6f9a9c5f2856c8b3,9648.963805727817,0,0.003162837,0.0,0.0,0.0,0.0,0,0,1.0,0.0,0,0.0,0.0,0.0,0.0,0.0,1,1.0
5d84d6df24040189,3,6b7e1f5b521de19b,d4f34f97b6d22a81,304353.1646176681,142,0.010712261,-1.6400621020296648e-17,0.0,0.0,0.0,0,0,1.0,1.0,2,-0.007042253521126761,0.6123691964330426,259938.05079712113,87.0,1.7750949580933761,5,0.2727272727272727
5d93c8834741e1c5,2,6b7e1f5b521de19b,,7495.264905653416,358,0.0002981895,5.870640674459798e-17,0.0,0.0,0.0,0,0,1.0,0.0,0,0.0,0.0,0.0,203.0,0.8222165612784272,2,0.2
5d9bf7021318c9f0,2,6b7e1f5b521de19b,6f9a9c5f2856c8b3,258.63789431285056,48,0.0025059257,-4.91616793476605e-17,0.0,0.0,0.0,0,0,1.0,0.0,0,0.0,0.0,0.0,48.0,0.0,2,1.0
5dc74901ba7c9d7a,2,6b7e1f5b521de19b,6f9a9c5f2856c8b3,1.170863568534039,0,0.0753889,0.0,0.0,0.0,0.0,0,0,1.0,0.0,0,0.0,0.0,0.0,0.0,0.0,1,1.0
5dcb33df2bd9e169,2,6b7e1f5b521de19b,6f9a9c5f2856c8b3,98.49392076768089,77,0.0006074217,-2.784743359282007e-17,0.0,0.0,0.0,0,0,1.0,0.0,0,0.0,0.0,0.0,77.0,0.0,2,1.0
5ddb9a08ef96c289,5,6b7e1f5b521de19b,d4f34f97b6d22a81,1.170863568534039,0,0.02147265,0.0,0.0,0.0,0.0,0,0,1.0,0.0,0,0.0,0.0,0.0,0.0,0.0,1,1.0
5de0eb97f785d310,0,6b7e1f5b521de19b,6f9a9c5f2856c8b3,823409.396067921,22,0.007682549,-2.0940045145348582e-17,0.0,0.0,0.0,0,0,1.0,1.0,0,0.045454545454545456,0.5871684701601081,-0.6739776811511458,18.0,1.3453316894780072,4,0.2
5dea0823fa811768,5,6b7e1f5b521de19b,6f9a9c5f2856c8b3,417325.042498986,0,0.040872842,0.0,20.0,20.0,0.0,0,1,1.0,0.0,0,0.0,1.4142016591201412,356423.9958015955,0.0,0.0,3,1.0
5e10a747d799a8f4,0,fc3655a0b667e091,,3843.751686636889,2,0.53461695,6.120150052763935e-15,0.0,0.0,0.0,0,0,1.0,0.0,0,0.0,0.3122243227775212,3.0314716724199156,2.0,1.9999999949999998,6,0.3333333333333333
5e5250e68a7769b5,2,fd10c5543bdbcbc9,28c9c64e5918b06e,102.06320172719663,0,0.060069785,0.0,0.0,0.0,0.0,0,0,1.0,0.0,0,0.0,0.0,0.0,0.0,0.0,2,1.0
5e6ac0777736e71d,2,6b7e1f5b521de19b,,14989.65593179705,0,0.18415956,0.0,0.0,0.0,0.0,0,0,1.0,0.0,0,0.0,0.0,0.0,0.0,0.0,1,1.0
5e7181f4f2dea195,5,6b7e1f5b521de19b,6f9a9c5f2856c8b3,9807325.849031983,0,0.20130855,0.0,0.0,0.0,0.0,0,0,1.0,0.0,0,0.0,0.0,0.0,0.0,0.0,1,1.0
5e8d8e2b768b6ffa,2,6b7e1f5b521de19b,6f9a9c5f2856c8b3,12872.794199917535,0,0.9070415,0.0,-60.0,60.0,0.0,0,1,1.0,0.0,0,0.0,0.999818103659011,10993.273411405833,0.0,0.0,2,1.0
5e97fdc0d2846d18,2,6b7e1f5b521de19b,6f9a9c5f2856c8b3,7045.211152236175,0,0.36528334,0.0,0.0,0.0,0.0,0,0,1.0,0.0,0,0.0,0.0,0.0,0.0,0.0,2,1.0
5e9f63e6c47a51fa,4,38080774be85927f,28c9c64e5918b06e,1684.898767285085,0,0.149872,0.0,0.0,0.0,0.0,0,0,1.0,0.0,0,0.0,1.3494797423911077e-16,0.0,0.0,0.0,3,1.0
5ea63621e22a4027,1,6b7e1f5b521de19b,,777760.6524679924,0,0.27798364,0.0,0.0,0.0,0.0,0,0,1.0,0.0,0,0.0,0.0,0.0,0.0,0.0,1,1.0
5eb6004c18f996f0,1,6b7e1f5b521de19b,6f9a9c5f2856c8b3,1.170863568534039,0,0.051517006,0.0,0.0,0.0,0.0,0,0,1.0,0.0,0,0.0,0.0,0.0,0.0,0.0,1,1.0
5ec659403b6e8f8f,3,6b7e1f5b521de19b,d4f34f97b6d22a81,108970.5838376575,63,0.03395742,9.509656696915656e-16,0.0,0.0,0.0,0,0,1.0,0.0,0,0.0,0.32877069065808034,3.34098123590447,22.0,1.1640452135565686,5,0.07142857142857142
5ec6faaa7231e6ae,2,6b7e1f5b521de19b,,27685.304717477007,0,0.092198476,0.0,0.0,0.0,0.0,0,0,1.0,0.0,0,0.0,0.0,0.0,0.0,0.0,1,1.0
5ed1b366e19a086e,5,6b7e1f5b521de19b,6f9a9c5f2856c8b3,12238947.33862092,0,0.5868039,0.0,0.0,0.0,0.0,0,0,1.0,0.0,0,0.0,0.0,0.0,0.0,0.0,1,1.0
5f0134c878cb9c8c,2,6b7e1f5b521de19b,6f9a9c5f2856c8b3,1.170863568534039,0,0.7355032,0.0,0.0,0.0,0.0,0,0,1.0,1.0,0,0.0,0.0,0.0,0.0,0.0,3,1.0
5f1387289dab45c8,5,6b7e1f5b521de19b,d4f34f97b6d22a81,8261.602666399114,92,0.0020138773,-3.927561377527342e-17,0.0,0.0,0.0,0,0,1.0,1.0,0,0.010869565217391304,0.0,0.0,49.0,0.6812365050135287,2,0.4
5f192beec3226dae,2,6b7e1f5b521de19b,6f9a9c5f2856c8b3,58537.91681298978,0,0.64794916,0.0,0.0,0.0,0.0,0,0,1.0,0.0,0,0.0,0.0,0.0,0.0,0.0,2,1.0
5f28ffc058092f39,2,6b7e1f5b521de19b,6f9a9c5f2856c8b3,1.170863568534039,252,0.0008636971,-0.18977260243875646,0.025510204081632654,-50.0,60.0,1,1,0.2877176688532004,1.0,1,0.0,0.8164864755503721,-0.999992574057791,105.0,1.4213109147575675,5,0.7
5f2d09c2bcf37ae1,2,6b7e1f5b521de19b,6f9a9c5f2856c8b3,7078912.381992671,405,0.00019910226,0.03581240416416014,-0.40141980445184106,19.0,40.0,2,0,0.4252391508016257,0.0,0,0.0,0.5740304530720972,-0.6680798149509778,137.0,0.9341560160049861,2,0.2
5f596faa33b96ec4,4,b4d1bda83fb7745f,28c9c64e5918b06e,1099438.5809573433,2224,0.00097637874,-0.007201164627910021,-0.07259444517572726,-17.272727272727273,60.0,4,0,5.3666907736446246e-11,1.0,0,0.00045330915684496827,0.5486794372170546,938997.0271859324,250.0,1.534590562417616,8,0.13793103448275862
5f5d13c9ab46a235,2,6b7e1f5b521de19b,6f9a9c5f2856c8b3,1.170863568534039,0,0.18262048,0.0,0.0,0.0,0.0,0,0,1.0,0.0,0,0.0,0.0,0.0,0.0,0.0,1,1.0
5f5f640cd03d1228,1,6b7e1f5b521de19b,,5186.502594949308,0,0.28552645,0.0,0.0,0.0,0.0,0,0,1.0,0.0,0,0.0,0.0,0.0,0.0,0.0,1,1.0
5f6d6b7678d7058b,5,6b7e1f5b521de19b,6f9a9c5f2856c8b3,1.170863568534039,0,0.20330968,0.0,0.0,0.0,0.0,0,0,1.0,0.0,0,0.0,0.0,0.0,0.0,0.0,1,1.0
5f78af8923daac57,2,6b7e1f5b521de19b,6f9a9c5f2856c8b3,98.49392076768089,37,0.0006930524,-5.79527672066796e-17,0.0,0.0,0.0,0,0,1.0,0.0,0,0.0,0.0,0.0,37.0,0.0,2,1.0
5f8d42f5dce2ec16,2,6b7e1f5b521de19b,6f9a9c5f2856c8b3,98.49392076768089,20,0.0020150074,-1.0721261933235725e-16,0.0,0.0,0.0,0,0,1.0,0.0,0,0.0,0.0,0.0,20.0,0.0,2,1.0
5fa63c51f038f234,4,7545e34e09ae9cad,28c9c64e5918b06e,1.170863568534039,0,0.0009893798,0.0,0.0,0.0,0.0,0,0,1.0,0.0,0,0.0,0.0,0.0,0.0,0.0,1,1.0
5faaa26f24ba6caa,2,6b7e1f5b521de19b,6f9a9c5f2856c8b3,71354.71219781853,0,0.72329783,0.0,0.0,0.0,0.0,0,0,1.0,0.0,0,0.0,0.0,0.0,0.0,0.0,1,1.0
5faebea62fdcfcfb,5,6b7e1f5b521de19b,d4f34f97b6d22a81,1.170863568534039,0,0.019092554,0.0,0.0,0.0,0.0,0,0,1.0,0.0,0,0.0,0.0,0.0,0.0,0.0,1,1.0
5fca9585db9ddb85,5,255414ab73601d72,d4f34f97b6d22a81,51311.89236197236,195,0.9957573,0.3681981741672428,0.7310924369747899,72.33333333333333,0.0,0,1,0.5580568370237828,5.0,0,0.02564102564102564,0.3576312241553676,43822.972101392304,73.0,1.7944688190661833,7,0.47368421052631576
5fd0065a29efdd5d,2,6b7e1f5b521de19b,,4126329.6794221867,0,0.1588287,0.0,0.0,0.0,0.0,0,0,1.0,0.0,0,0.0,0.0,0.0,0.0,0.0,2,1.0
5fd77c1affd0e7a7,0,674ec33189ed753c,,263999.29512211593,284,0.0010403527,-0.08668226323542141,-0.12121212121212122,-20.0,20.0,0,0,0.8750000000126297,0.0,0,0.0,0.8449502868243515,6.364968742914605,151.0,1.0452706614825915,2,0.42857142857142855
5fde0abd97137959,5,6b7e1f5b521de19b,d4f34f97b6d22a81,470486.8952782352,48,0.5700677,1.0862833502613523,1.7857142857142858,50.0,0.0,0,0,1.1094003924448523,0.0,0,0.0,0.20131118601192288,0.3540061772991954,15.0,1.281885004842341,5,0.0625
5fe538f61891d604,5,6b7e1f5b521de19b,6f9a9c5f2856c8b3,13618.650853774316,0,0.3840925,0.0,0.0,0.0,0.0,0,0,1.0,0.0,0,0.0,1.4138488640304698,11630.2875554112,0.0,0.0,3,1.0
5ffb7bfc4522b210,2,6b7e1f5b521de19b,,160796.64174637178,0,0.9644921,0.0,0.0,0.0,0.0,0,0,1.0,0.0,0,0.0,0.0,0.0,0.0,0.0,1,1.0
6007227c0d645e85,2,6b7e1f5b521de19b,6f9a9c5f2856c8b3,6830.177666480138,0,0.19596069,0.0,0.0,0.0,0.0,0,0,1.0,0.0,0,0.0,0.0,0.0,0.0,0.0,1,1.0
60102fdfc02b9ab4,6,6b7e1f5b521de19b,,953589.4360036575,107,0.0054194974,0.16428970207582616,-0.16853932584269662,15.0,9.0,1,0,1.0468478450708385e-10,0.0,0,0.0,0.43043194470920154,-0.8046240688540381,59.0,1.0197627909395879,2,0.5
602a4c4b50b319e3,3,6b7e1f5b521de19b,d4f34f97b6d22a81,100310.18531795434,49,0.0038356415,-2.872132827712218e-16,0.0,0.0,0.0,0,0,1.0,0.0,0,0.0,0.40824273101704245,85670.9672673274,28.0,1.435696517127185,4,0.14285714285714285
6038a50ce9eb5451,3,6b7e1f5b521de19b,,2.4198904513070483,0,0.0012622001,0.0,0.0,0.0,0.0,0,0,1.0,0.0,0,0.0,0.0,0.0,0.0,0.0,1,1.0
60444dfab3522402,0,fc3655a0b667e091,,869711.3941640588,108,0.002142865,-3.996852053650735e-17,0.0,0.0,0.0,0,0,1.0,0.0,0,0.0,0.21570418906562158,0.6584342223388421,104.0,0.9259259259087792,2,0.3333333333333333
6044cec56509a02d,0,6b7e1f5b521de19b,,405397.633922256,845,6.6165114e-05,-0.017149849955346397,-0.01154039952538075,-15.0,15.0,0,0,1.6012815377944612e-10,0.0,0,0.0,1.133486945252457,-0.8886255112034562,374.0,1.1536926009067596,2,0.5
604be28a324565c3,3,6b7e1f5b521de19b,d4f34f97b6d22a81,3216.5771418996947,0,0.0014507917,0.0,0.0,0.0,0.0,0,0,1.0,0.0,0,0.0,0.0,0.0,0.0,0.0,1,1.0
6056a73bde841585,3,6b7e1f5b521de19b,,74673.91557802013,6,0.0015754394,-1.308410382236479e-17,0.0,0.0,0.0,0,0,1.0,0.0,0,0.0,0.0,0.0,6.0,0.0,2,1.0
605ede0931682406,4,95a23e7fbcc5841e,28c9c64e5918b06e,151848.17055678766,0,0.003852215,0.0,0.0,0.0,0.0,0,0,1.0,0.0,0,0.0,0.0,0.0,0.0,0.0,1,1.0
606b0a58bccd40ba,1,6b7e1f5b521de19b,,4795.3946908821035,707,0.0004076345,-0.062031585474815715,0.10080645161290322,-25.0,50.0,1,0,5.366563145711496e-11,0.0,0,0.0,1.8966003017479233e-16,0.0,213.0,0.9326042379668212,3,0.08333333333333333
6071a23a742d21c2,6,6b7e1f5b521de19b,,2582.916117610372,0,0.99822456,0.0,0.0,0.0,0.0,0,0,1.0,0.0,0,0.0,0.0,0.0,0.0,0.0,1,1.0
6085f9453fe3accd,0,6ab36d9b02cbcf6b,,186555.16774733728,0,0.12743476,0.0,0.0,0.0,0.0,0,0,1.0,0.0,0,0.0,0.0,0.0,0.0,0.0,3,1.0
6096fd73fe98d736,2,6b7e1f5b521de19b,6f9a9c5f2856c8b3,51338.49367493186,0,0.65220934,0.0,0.0,0.0,0.0,0,0,1.0,0.0,0,0.0,0.0,0.0,0.0,0.0,1,1.0
6098e979ca6dcfe6,2,6b7e1f5b521de19b,,1.170863568534039,0,0.07530439,0.0,0.0,0.0,0.0,0,0,1.0,0.0,0,0.0,0.0,0.0,0.0,0.0,1,1.0
60c19ff153bd21c6,5,6b7e1f5b521de19b,d4f34f97b6d22a81,1.170863568534039,0,0.8141281,0.0,0.0,0.0,0.0,0,0,1.0,0.0,0,0.0,0.0,0.0,0.0,0.0,1,1.0
60d32b37f152dc28,2,6b7e1f5b521de19b,d4f34f97b6d22a81,3812.7059715493438,0,0.07206109,0.0,0.0,0.0,0.0,0,0,1.0,0.0,0,0.0,0.0,0.0,0.0,0.0,1,1.0
60d5aa2afb1bc6f7,4,7545e34e09ae9cad,,667884.4093221513,140,0.0023676,0.1435340979328342,0.14388489208633093,20.0,0.0,0,1,1.0,0.0,0,0.0,0.5773489196586937,570419.3523544295,139.0,1.3990886246081577,3,0.25
60f6216d84f06203,0,fc3655a0b667e091,,89664.46366676311,0,0.07407818,0.0,0.0,0.0,0.0,0,0,1.0,0.0,0,0.0,0.0,0.0,0.0,0.0,1,1.0
60f9cfa288d2027a,2,6b7e1f5b521de19b,6f9a9c5f2856c8b3,264.11418569428724,0,0.069634825,0.0,0.0,0.0,0.0,0,0,1.0,0.0,0,0.0,0.0,0.0,0.0,0.0,1,1.0
61000e8689641f16,4,d1650c60f1f48b67,28c9c64e5918b06e,1.170863568534039,0,0.003606095,0.0,0.0,0.0,0.0,0,0,1.0,0.0,0,0.0,0.0,0.0,0.0,0.0,1,1.0
6106989208b4dd1a,0,6b7e1f5b521de19b,6f9a9c5f2856c8b3,3736.3626074576496,3,0.017513962,-7.147507955490484e-16,0.0,0.0,0.0,0,0,1.0,0.0,0,0.0,0.999373456543675,3190.116973718554,3.0,0.0,2,1.0
614bcbc21fda7b7e,0,6b7e1f5b521de19b,d4f34f97b6d22a81,1.170863568534039,0,0.038815614,0.0,0.0,0.0,0.0,0,0,1.0,0.0,0,0.0,0.0,0.0,0.0,0.0,1,1.0
61561a1d5f34e420,0,a7a9fe2a1360c457,,487480.5206381472,0,0.00011830088,0.0,0.0,0.0,0.0,0,0,1.0,0.0,0,0.0,0.0,0.0,0.0,0.0,1,1.0
6158df3d544b5a7e,4,75c64824a2a4e380,28c9c64e5918b06e,17671.466999878878,0,0.7186449,0.0,0.0,0.0,0.0,0,0,1.0,0.0,0,0.0,0.0,0.0,0.0,0.0,1,1.0
61741fc702d392c7,3,6b7e1f5b521de19b,,21909.611662243566,1,0.24526367,9.999999999999996,-20.0,20.0,0.0,0,1,1.0,0.0,0,0.0,0.3184349143358699,1.0444598429972038,1.0,0.9999999980000001,3,0.3333333333333333
617ebb4275fbb23c,2,6b7e1f5b521de19b,6f9a9c5f2856c8b3,1.170863568534039,0,0.29268134,0.0,0.0,0.0,0.0,0,0,1.0,0.0,0,0.0,0.0,0.0,0.0,0.0,1,1.0
6193781cebf0e59a,0,6b7e1f5b521de19b,6f9a9c5f2856c8b3,26396.718866699845,139,0.006201933,4.0262019123337736e-18,0.0,0.0,0.0,0,0,1.0,0.0,0,0.0,0.00461555114402359,0.009823122139621904,137.0,0.9712230215687593,2,0.3333333333333333
619bc72b15a68cfc,3,6b7e1f5b521de19b,,5083.8994500666495,0,0.001303438,0.0,0.0,0.0,0.0,0,0,1.0,0.0,0,0.0,0.0,0.0,0.0,0.0,1,1.0
61a1c0e9b254a32e,5,6b7e1f5b521de19b,6f9a9c5f2856c8b3,5755006.151176054,0,0.004813438,0.0,0.0,0.0,0.0,0,0,1.0,0.0,0,0.0,0.07720816907368992,-0.14334865124552962,0.0,0.0,2,1.0
61a3eff4f2591472,2,6b7e1f5b521de19b,6f9a9c5f2856c8b3,1.170863568534039,0,0.005569275,0.0,0.0,0.0,0.0,0,0,1.0,0.0,0,0.0,0.0,0.0,0.0,0.0,1,1.0
61b03c1ba83937a9,3,6b7e1f5b521de19b,,49350.19023541798,0,0.0007990889,0.0,0.0,0.0,0.0,0,0,1.0,0.0,0,0.0,0.0,0.0,0.0,0.0,1,1.0
61c21e7897b34354,5,6b7e1f5b521de19b,,1.170863568534039,0,0.0038494219,0.0,0.0,0.0,0.0,0,0,1.0,0.0,0,0.0,0.0,0.0,0.0,0.0,1,1.0
61d0b3eabb413eaa,3,6b7e1f5b521de19b,,16016.407756834642,1,0.057838213,-4.86662738248448e-15,0.0,0.0,0.0,0,0,1.0,0.0,0,0.0,0.0,0.0,1.0,0.9999999980000001,3,0.3333333333333333
61e43b59ac854af2,2,6b7e1f5b521de19b,6f9a9c5f2856c8b3,1.170863568534039,0,0.18648213,0.0,0.0,0.0,0.0,0,0,1.0,0.0,0,0.0,0.0,0.0,0.0,0.0,1,1.0
620a8beb39ce0162,3,6b7e1f5b521de19b,6f9a9c5f2856c8b3,51178.06924011765,0,0.094611675,0.0,0.0,0.0,0.0,0,0,1.0,0.0,0,0.0,0.0,0.0,0.0,0.0,1,1.0
6215c4d82a1eab06,3,6b7e1f5b521de19b,,71981.06796123674,194,0.0062266104,0.05674915611903028,0.0,0.0,20.0,1,-1,1.2963624321369178,1.0,0,0.005154639175257732,0.6811860433441155,5.390257007849904,48.0,0.9853858263697036,3,0.36363636363636365
621aad0d5a94459e,2,6b7e1f5b521de19b,6f9a9c5f2856c8b3,142231.5269263224,0,0.9127082,0.0,0.0,0.0,0.0,0,0,1.0,0.0,0,0.0,0.0,0.0,0.0,0.0,1,1.0
621f854ad7ec560f,2,6b7e1f5b521de19b,6f9a9c5f2856c8b3,5701.257941028675,0,0.72966534,0.0,0.0,0.0,0.0,0,0,1.0,0.0,0,0.0,0.0,0.0,0.0,0.0,1,1.0
6220069e92b03d18,2,6b7e1f5b521de19b,6f9a9c5f2856c8b3,85310.81114042184,0,0.1341463,0.0,0.0,0.0,0.0,0,0,1.0,0.0,0,0.0,0.0,0.0,0.0,0.0,1,1.0
622299d3f8a63903,2,6b7e1f5b521de19b,6f9a9c5f2856c8b3,163.9486033326457,0,0.018242864,0.0,0.0,0.0,0.0,0,0,1.0,0.0,0,0.0,0.0,0.0,0.0,0.0,1,1.0
62236ff36961b993,6,6b7e1f5b521de19b,,3469.671582488288,0,0.99597734,0.0,0.0,0.0,0.0,0,0,1.0,0.0,0,0.0,0.0,0.0,0.0,0.0,1,1.0
622ab515d1cd1050,3,6b7e1f5b521de19b,d4f34f97b6d22a81,13707.11230296319,0,0.13969766,0.0,0.0,0.0,0.0,0,0,1.0,0.0,0,0.0,0.0,0.0,0.0,0.0,1,1.0
624824a8ea7a8fc2,2,6b7e1f5b521de19b,6f9a9c5f2856c8b3,373.2682976994048,0,0.058730435,0.0,0.0,0.0,0.0,0,0,1.0,0.0,0,0.0,0.0,0.0,0.0,0.0,1,1.0
624c525c84937ff2,2,6b7e1f5b521de19b,6f9a9c5f2856c8b3,19968.386719979837,18,0.92916256,0.6799645390070916,-59.0,59.0,0.0,0,0,5.1249420066421264e-11,0.0,0,0.0,0.37793914490972313,17053.409460344672,17.0,2.294652935559122,5,0.375
625a63f7272effc7,3,6b7e1f5b521de19b,,2989.1949329776403,0,0.4915733,0.0,0.0,0.0,0.0,0,0,1.0,0.0,0,0.0,0.0,0.0,0.0,0.0,1,1.0
625d024483d7d3b2,2,6b7e1f5b521de19b,6f9a9c5f2856c8b3,792.386980928487,90,0.014477594,2.389788991218824e-16,0.0,0.0,0.0,0,0,1.0,0.0,0,0.0,0.3327861486901862,675.7543223849576,21.0,0.7944250191080898,3,0.2
625e54688c6f1e26,0,6b7e1f5b521de19b,,524417.177630072,0,0.00015349491,0.0,0.0,0.0,0.0,0,0,1.0,0.0,0,0.0,0.0,0.0,0.0,0.0,1,1.0
626db6ccf622e3c1,5,255414ab73601d72,28c9c64e5918b06e,21264.762571199106,524,0.000595993,0.03133634508945097,-0.078125,20.0,10.0,1,0,1.0833333332159724e-10,0.0,0,0.0,0.12817961833201008,0.8652033179895523,146.0,1.0784992605098125,3,0.3076923076923077
627da9b9e191b577,3,6b7e1f5b521de19b,d4f34f97b6d22a81,98272.09176982436,154,0.0072249305,0.1385177185532288,0.22727272727272727,30.0,0.0,0,1,1.377837980275462,0.0,0,0.0,0.07723488615180317,0.024137440684811818,54.0,1.0385551154538286,4,0.1111111111111111
62c68795b7e97bc5,5,6b7e1f5b521de19b,6f9a9c5f2856c8b3,1.170863568534039,0,0.71078104,0.0,0.0,0.0,0.0,0,0,1.0,0.0,0,0.0,0.0,0.0,0.0,0.0,1,1.0
62c9117ab968ab93,4,75c64824a2a4e380,,85241.59275554387,0,0.28917488,0.0,0.0,0.0,0.0,0,0,1.0,0.0,0,0.0,0.0,0.0,0.0,0.0,1,1.0
62cbdb30bacdf3c5,3,6b7e1f5b521de19b,,2.4198904513070483,198,0.35223028,-8.869458505065354e-17,0.0,0.0,0.0,0,0,1.0,0.0,0,0.0,0.7819647492310446,-0.9999730117110799,113.0,0.9736608796566133,2,0.5
62d5dae19121c762,3,6b7e1f5b521de19b,,1.170863568534039,219,0.00029422969,-6.776885727310169e-19,0.0,0.0,0.0,0,0,1.0,2.0,1,-0.0091324200913242,1.8964174025279222e-16,0.0,56.0,0.856136985827816,3,0.2
62daf2e207cbe872,4,532ef57d231b606f,28c9c64e5918b06e,1684.898767285085,0,0.38111207,0.0,0.0,0.0,0.0,0,0,1.0,0.0,0,0.0,0.7063699671864653,1438.0222845473238,0.0,0.0,3,1.0
62e1d3ce28f1b209,2,6b7e1f5b521de19b,,183127.89167286997,0,0.002281241,0.0,0.0,0.0,0.0,0,0,1.0,0.0,0,0.0,0.0,0.0,0.0,0.0,1,1.0
62e79428d079e340,3,6b7e1f5b521de19b,d4f34f97b6d22a81,9548.177348327423,202,0.012110456,-0.004242821037077072,-1.0121337673868007,20.0,40.0,1,0,4.122424289307294e-11,0.0,0,0.0,0.49466214720546675,-0.7484416020211597,108.0,1.7895611650598553,4,0.18181818181818182
62f9a303505444b9,3,6b7e1f5b521de19b,d4f34f97b6d22a81,1.170863568534039,73,0.000440492,0.02767744054041381,0.0,0.0,10.0,1,0,1.1618950038187843,0.0,0,0.0,0.0,0.0,34.0,0.9144284529937315,3,0.3333333333333333
6310aa4e21943121,1,6b7e1f5b521de19b,d4f34f97b6d22a81,1.170863568534039,0,0.0021734177,0.0,0.0,0.0,0.0,0,0,1.0,0.0,0,0.0,0.0,0.0,0.0,0.0,1,1.0
631c7035a01a90b4,2,6b7e1f5b521de19b,6f9a9c5f2856c8b3,98.49392076768089,0,0.013882181,0.0,-30.0,-30.0,30.0,0,-1,1.0,0.0,0,0.0,0.0,0.0,0.0,0.0,3,1.0
631dd9d447eabacd,2,6b7e1f5b521de19b,6f9a9c5f2856c8b3,1.170863568534039,0,0.017225074,0.0,0.0,0.0,0.0,0,0,1.0,0.0,0,0.0,0.0,0.0,0.0,0.0,1,1.0
6331e9564cc02bfc,6,6b7e1f5b521de19b,,10655.425849350459,0,0.99783367,0.0,0.0,0.0,0.0,0,0,1.0,0.0,0,0.0,0.0,0.0,0.0,0.0,1,1.0
633d7f82abda5396,1,6b7e1f5b521de19b,,168917.24640408592,193,0.00039536032,-1.1169363736463428e-17,0.0,0.0,0.0,0,0,1.0,0.0,0,0.0,0.24390012007278963,-0.3019762539453377,104.0,1.2308944213296544,4,0.16666666666666666
633f1b4baaafd63c,2,6b7e1f5b521de19b,6f9a9c5f2856c8b3,19193.398354380104,142,0.0006257134,0.06899178250743386,-0.23809523809523808,20.0,0.0,0,0,1.4288690164193537e-10,0.0,0,0.0,0.4082192354447607,16391.514781556394,48.0,0.810807772620628,2,0.2857142857142857
634b1620e36f14a9,2,6b7e1f5b521de19b,6f9a9c5f2856c8b3,1.170863568534039,0,0.18620154,0.0,0.0,0.0,0.0,0,0,1.0,0.0,0,0.0,0.0,0.0,0.0,0.0,1,1.0
63547891102df400,3,6b7e1f5b521de19b,d4f34f97b6d22a81,315.6120452626753,0,0.002247953,0.0,0.0,0.0,0.0,0,0,1.0,0.0,0,0.0,0.0,0.0,0.0,0.0,1,1.0
63562d52911485fa,2,6b7e1f5b521de19b,6f9a9c5f2856c8b3,64490.738750492004,0,0.21259663,0.0,0.0,0.0,0.0,0,0,1.0,0.0,0,0.0,0.0,0.0,0.0,0.0,1,1.0
6359a720d8a5a08b,3,6b7e1f5b521de19b,,11576.129437233365,0,0.0033317476,0.0,0.0,0.0,0.0,0,0,1.0,0.0,0,0.0,0.0,0.0,0.0,0.0,1,1.0
635a7fc1b1695732,3,6b7e1f5b521de19b,,4234.346679792157,0,0.98925143,0.0,70.0,70.0,0.0,0,1,1.0,0.0,0,0.0,1.4130410538140417,3615.4304651597486,0.0,0.0,3,1.0
635ae16bfde056c6,0,6b7e1f5b521de19b,,7622.2759197919995,24,0.011317686,-8.934384944363104e-17,0.0,0.0,0.0,0,0,1.0,0.0,0,0.0,0.0,0.0,24.0,0.0,2,1.0
638838e346e42707,2,6b7e1f5b521de19b,6f9a9c5f2856c8b3,80945.03039796429,0,0.59140384,0.0,0.0,0.0,0.0,0,0,1.0,0.0,0,0.0,0.0,0.0,0.0,0.0,1,1.0
639054e043055ee7,5,6b7e1f5b521de19b,6f9a9c5f2856c8b3,7344160.181455478,0,0.08006709,0.0,0.0,0.0,0.0,0,0,1.0,0.0,0,0.0,0.0,0.0,0.0,0.0,1,1.0
63b07b727a69ad80,2,6b7e1f5b521de19b,6f9a9c5f2856c8b3,348.35156388525274,0,0.07995476,0.0,-30.0,30.0,0.0,0,1,1.0,0.0,0,0.0,0.041005861213484714,-0.08453541895254833,0.0,0.0,3,1.0
63c5b896ef70fdc0,0,6b7e1f5b521de19b,6f9a9c5f2856c8b3,1.170863568534039,0,0.01682852,0.0,0.0,0.0,0.0,0,0,1.0,0.0,0,0.0,0.0,0.0,0.0,0.0,1,1.0
63c9ccda4083eaa3,2,6b7e1f5b521de19b,,9648.963805727817,0,0.06307726,0.0,0.0,0.0,0.0,0,0,1.0,0.0,0,0.0,0.0,0.0,0.0,0.0,1,1.0
63d8e7093797040f,0,52838e14fa2f9ca3,,8364.823212732013,0,0.9961669,0.0,0.0,0.0,0.0,0,0,1.0,0.0,0,0.0,0.0,0.0,0.0,0.0,1,1.0
63e5d07fecddbf78,0,6b7e1f5b521de19b,6f9a9c5f2856c8b3,97656.37620441802,0,0.016931279,0.0,0.0,0.0,0.0,0,0,1.0,0.0,0,0.0,0.7070940643424639,83404.42726654919,0.0,0.0,3,1.0
63f147ebdfe9ef49,3,6b7e1f5b521de19b,d4f34f97b6d22a81,133984.98406445613,79,0.14075924,0.7484505335756559,0.9285714285714286,39.0,9.0,2,0,5.561470126872909e-11,3.0,0,0.0379746835443038,2.2762906101820435,114431.61850926826,22.0,1.3124329968300883,7,0.07142857142857142
64015c4ba813efe6,2,6b7e1f5b521de19b,,43581.774891596644,84,0.99928856,0.9906112282046369,1.0940170940170941,80.0,0.0,0,0,2.6901379341724835e-11,3.0,0,0.03571428571428571,0.5046472886660197,37220.90702898247,37.0,1.5705264363883165,4,0.36363636363636365
640b8e73c22b61c1,2,6b7e1f5b521de19b,,5655.969519442425,0,0.042546377,0.0,0.0,0.0,0.0,0,0,1.0,0.0,0,0.0,0.0,0.0,0.0,0.0,1,1.0
6411609d208e36ce,1,6b7e1f5b521de19b,6f9a9c5f2856c8b3,1.170863568534039,69,9.114002e-05,-0.15415939499709122,0.625,-10.0,10.0,0,0,0.8660254038112336,0.0,0,0.0,0.9998981084716223,0.0,35.0,0.9020502213604563,2,0.16666666666666666
6459ec8559856e87,2,6b7e1f5b521de19b,6f9a9c5f2856c8b3,1.170863568534039,0,0.024460532,0.0,0.0,0.0,0.0,0,0,1.0,0.0,0,0.0,0.0,0.0,0.0,0.0,1,1.0
64914e8ebe98fdbf,4,ac07a4f1ad9a4f67,,270801.9611719012,804,0.00056246057,7.445286220280309e-18,0.0,0.0,0.0,0,0,1.0,0.0,0,0.0,2.1494549249781022e-16,0.0,176.0,0.6910454924701787,2,0.25
64b071f81fe94b9d,4,75c64824a2a4e380,28c9c64e5918b06e,574461.96467564,0,0.29022193,0.0,0.0,0.0,0.0,0,0,1.0,0.0,0,0.0,0.0,0.0,0.0,0.0,1,1.0
64b2a46693d3c7fe,4,ffefc275708fbbc3,28c9c64e5918b06e,1182718.90947582,610,0.017412664,0.028910080194903136,0.1288789488398099,13.125,0.0,0,1,2.5698236016319163,0.0,0,0.0,0.2777993514370736,1010124.2966275347,90.0,2.4019520858399255,17,0.11904761904761904
64bf020e89c548dd,0,6b7e1f5b521de19b,6f9a9c5f2856c8b3,1.170863568534039,0,0.41406143,0.0,0.0,0.0,0.0,0,0,1.0,0.0,0,0.0,0.0,0.0,0.0,0.0,1,1.0
64d8bffad16e5965,3,6b7e1f5b521de19b,d4f34f97b6d22a81,25102.753943361105,0,0.0012422677,0.0,0.0,0.0,0.0,0,0,1.0,0.0,0,0.0,0.0,0.0,0.0,0.0,1,1.0
64e57f1c0f66d258,2,6b7e1f5b521de19b,6f9a9c5f2856c8b3,98.49392076768089,0,0.01586869,0.0,0.0,0.0,0.0,0,0,1.0,0.0,0,0.0,0.0,0.0,0.0,0.0,1,1.0
64f5691596162fa5,2,6b7e1f5b521de19b,6f9a9c5f2856c8b3,54608.54408792734,386,0.00029870024,-0.10068746790164611,-0.3968253968253968,-50.0,50.0,0,-1,1.0,0.0,0,0.0,0.0,0.0,256.0,0.7997086639583936,2,0.25
6502bac16522b9fa,4,7b7c16a1b24ec3b8,d4f34f97b6d22a81,24787.47916419369,0,0.0059323795,0.0,0.0,0.0,0.0,0,0,1.0,0.0,0,0.0,0.0,0.0,0.0,0.0,3,1.0
652e4fcda02c56ca,2,6b7e1f5b521de19b,6f9a9c5f2856c8b3,2016.9694227320904,0,0.07873387,0.0,0.0,0.0,0.0,0,0,1.0,0.0,0,0.0,0.0,0.0,0.0,0.0,1,1.0
6570d9e70de4c7e1,2,6b7e1f5b521de19b,6f9a9c5f2856c8b3,264.11418569428724,0,0.058730435,0.0,0.0,0.0,0.0,0,0,1.0,0.0,0,0.0,0.0,0.0,0.0,0.0,1,1.0
6577b953393d80cb,1,6b7e1f5b521de19b,6f9a9c5f2856c8b3,5026.424587659187,174,0.0035296702,8.977935664966943e-17,0.0,0.0,0.0,0,0,1.0,0.0,0,0.0,1.809426732484412e-16,0.0,61.0,0.7840563448627618,2,0.2857142857142857
6583e74f427e038f,3,6b7e1f5b521de19b,d4f34f97b6d22a81,1.170863568534039,0,0.00068957865,0.0,0.0,0.0,0.0,0,0,1.0,0.0,0,0.0,0.0,0.0,0.0,0.0,1,1.0
65926096a17ae53f,2,6b7e1f5b521de19b,d4f34f97b6d22a81,5453.8211159515695,39,0.9520512,-9.956814634929189e-16,0.0,0.0,0.0,0,0,1.0,2.0,0,0.05128205128205128,0.31393685540754124,4656.947571790913,7.0,1.4882842922840325,10,0.16129032258064516
659e43c65c1df0ad,4,d1650c60f1f48b67,28c9c64e5918b06e,4717.803756057998,7,0.026153937,-3.0632176952102076e-16,0.0,0.0,0.0,0,0,1.0,0.0,0,0.0,0.0,0.0,7.0,0.0,2,1.0
65a46410f2bfa484,1,6b7e1f5b521de19b,,2046.6148673782125,0,0.035687156,0.0,0.0,0.0,0.0,0,0,1.0,0.0,0,0.0,0.0,0.0,0.0,0.0,1,1.0
65ab7e4a2468e68b,3,6b7e1f5b521de19b,d4f34f97b6d22a81,1.170863568534039,0,0.5087244,0.0,0.0,0.0,0.0,0,0,1.0,0.0,0,0.0,0.0,0.0,0.0,0.0,1,1.0
65abcccf9504b9f8,0,6b7e1f5b521de19b,,1.170863568534039,0,0.00065893884,0.0,0.0,0.0,0.0,0,0,1.0,0.0,0,0.0,0.0,0.0,0.0,0.0,1,1.0
65c35128d4122fda,0,532ef57d231b606f,,18293.412589738506,0,0.99994576,0.0,0.0,0.0,0.0,0,0,1.0,0.0,0,0.0,0.0,0.0,0.0,0.0,1,1.0
65ce04c7b52b3d3e,3,6b7e1f5b521de19b,,1.170863568534039,0,0.0019381238,0.0,0.0,0.0,0.0,0,0,1.0,0.0,0,0.0,0.0,0.0,0.0,0.0,1,1.0
65e981b1a864aba4,0,6b7e1f5b521de19b,,59381.351141311396,6,0.4372626,1.4146011990761066e-15,0.0,0.0,0.0,0,0,1.0,0.0,0,0.0,1.225293374828827e-16,0.0,4.0,1.1055415960481054,5,0.2
65fdc31ebe7ba165,0,95a23e7fbcc5841e,,19655.98654235185,0,0.03443653,0.0,0.0,0.0,0.0,0,0,1.0,0.0,0,0.0,0.0,0.0,0.0,0.0,1,1.0
65fec85b5f6feb02,5,6b7e1f5b521de19b,d4f34f97b6d22a81,29734.886104913152,0,0.042333394,0.0,0.0,0.0,0.0,0,0,1.0,0.0,0,0.0,0.011153250224926758,-0.023292226499801616,0.0,0.0,3,1.0
6616fc476f674cfb,0,6b7e1f5b521de19b,6f9a9c5f2856c8b3,116071.43717532702,0,0.5342467,0.0,0.0,0.0,0.0,0,0,1.0,1.0,0,0.0,0.082348904414882,0.17947759188883233,0.0,0.0,2,1.0
662434dd27269bfc,2,6b7e1f5b521de19b,6f9a9c5f2856c8b3,1.170863568534039,0,0.24397892,0.0,0.0,0.0,0.0,0,0,1.0,0.0,0,0.0,0.0,0.0,0.0,0.0,1,1.0
66315401f796c2e9,4,6828ce51082c111b,28c9c64e5918b06e,1.170863568534039,0,0.017264243,0.0,0.0,0.0,0.0,0,0,1.0,0.0,0,0.0,0.0,0.0,0.0,0.0,1,1.0
6641864be5482ab1,2,6b7e1f5b521de19b,6f9a9c5f2856c8b3,68130.33408842972,0,0.018029593,0.0,0.0,0.0,0.0,0,0,1.0,0.0,0,0.0,0.0,0.0,0.0,0.0,2,1.0
664bd3f6f0982cbc,0,6b7e1f5b521de19b,,41819.55434883915,0,0.19688396,0.0,0.0,0.0,0.0,0,0,1.0,0.0,0,0.0,0.0,0.0,0.0,0.0,1,1.0
664cdbe22bc6ff3e,4,e366e0e543d0c5cd,d4f34f97b6d22a81,179428.42692568258,41,0.4010574,1.3844936708860758,1.2820512820512822,50.0,0.0,0,1,1.0606601717772477,0.0,0,0.0,0.1440721277421819,-0.29239088057571694,29.0,1.3434574977796185,4,0.3333333333333333
665a944fbdcf91e8,3,6b7e1f5b521de19b,d4f34f97b6d22a81,739193.6311765709,0,0.0048835655,0.0,0.0,0.0,0.0,0,0,1.0,0.0,0,0.0,0.7071051011296329,631322.4530834933,0.0,0.0,3,1.0
668088a033ade8fd,5,6b7e1f5b521de19b,6f9a9c5f2856c8b3,1060.8669669680157,0,0.09223586,0.0,0.0,0.0,0.0,0,0,1.0,0.0,0,0.0,0.0,0.0,0.0,0.0,1,1.0
6699fcfa96c05111,0,6b7e1f5b521de19b,,89664.46366676311,3,0.00030037743,-4.9752616868543036e-17,0.0,0.0,0.0,0,0,1.0,0.0,0,0.0,0.0,0.0,3.0,0.9999999993333333,3,0.3333333333333333
66a1f2f4c2232a84,2,6b7e1f5b521de19b,6f9a9c5f2856c8b3,387.213790880707,0,0.06610688,0.0,0.0,0.0,0.0,0,0,1.0,0.0,0,0.0,0.0,0.0,0.0,0.0,1,1.0
66a5912f501da3a1,3,6b7e1f5b521de19b,d4f34f97b6d22a81,53378.34502380227,0,0.00010943509,0.0,0.0,0.0,0.0,0,0,1.0,0.0,0,0.0,0.0,0.0,0.0,0.0,1,1.0
66c26f684082207f,3,6b7e1f5b521de19b,6f9a9c5f2856c8b3,1.170863568534039,142,0.001167335,-1.8405661043562692e-17,0.0,0.0,0.0,0,0,1.0,2.0,0,0.014084507042253521,0.0,0.0,111.0,1.2345454064378778,2,0.4
66c4054a026f136f,0,6b7e1f5b521de19b,6f9a9c5f2856c8b3,135845.73235934612,2,0.26897624,3.833333333333337,-23.0,23.0,0.0,0,0,1.0,0.0,0,0.0,0.14399550465836036,0.4430411799413765,2.0,1.414213560251775,4,0.25
66d9af86a972664d,2,6b7e1f5b521de19b,6f9a9c5f2856c8b3,98.49392076768089,20,0.00056283677,-1.0721261933235725e-16,0.0,0.0,0.0,0,0,1.0,0.0,0,0.0,0.0,0.0,20.0,0.0,2,1.0
66e08d6c68f556be,4,062b9e5a52eb6d8e,,429477.9996324568,523,0.00036576187,-0.010796160245457612,0.0,0.0,9.0,1,1,0.9185586535628878,0.0,0,0.0,0.0,0.0,257.0,1.2499794352646303,2,0.2222222222222222
66e88255a1718492,0,6b7e1f5b521de19b,,19623.72126185764,0,0.7517541,0.0,0.0,0.0,0.0,0,0,1.0,0.0,0,0.0,0.0,0.0,0.0,0.0,1,1.0
66edfed28bf95aa8,2,6b7e1f5b521de19b,e72348f2c1467542,1.170863568534039,0,0.0460908,0.0,0.0,0.0,0.0,0,0,1.0,0.0,0,0.0,0.0,0.0,0.0,0.0,1,1.0
671536a0f84926ec,4,95a23e7fbcc5841e,28c9c64e5918b06e,4234.346679792157,108,0.0020782037,3.9933089378792653e-17,0.0,0.0,0.0,0,0,1.0,0.0,0,0.0,0.0,0.0,90.0,1.6158932857306332,4,0.3333333333333333
6718b2ef1b02d9c7,4,255414ab73601d72,,102987.85614362208,0,0.8227569,0.0,-60.0,60.0,0.0,0,1,1.0,0.0,0,0.0,0.0,0.0,0.0,0.0,2,1.0
672e28fa84a836b7,5,6b7e1f5b521de19b,,12766533.778935743,0,0.29862177,0.0,0.0,0.0,0.0,0,0,1.0,0.0,0,0.0,0.0,0.0,0.0,0.0,1,1.0
672fdbf653ace4a1,5,6b7e1f5b521de19b,6f9a9c5f2856c8b3,1.170863568534039,0,0.008580783,0.0,0.0,0.0,0.0,0,0,1.0,0.0,0,0.0,0.0,0.0,0.0,0.0,1,1.0
6732c704c5f398c4,0,6b7e1f5b521de19b,6f9a9c5f2856c8b3,822942.0430264678,1,0.39986855,2.329378784791592e-14,0.0,0.0,0.0,0,0,1.0,0.0,0,0.0,0.5868441316336637,702849.4986766471,1.0,1.4142135581304542,4,0.5
67336a06bdc0c00d,3,6b7e1f5b521de19b,,43594.3525840147,0,0.029370248,0.0,0.0,0.0,0.0,0,0,1.0,0.0,0,0.0,0.0,0.0,0.0,0.0,1,1.0
6746bed86eecdcca,2,6b7e1f5b521de19b,,186555.16774733728,59,0.0025378861,-9.521610631404859e-17,0.0,0.0,0.0,0,0,1.0,0.0,0,0.0,0.3376534062173421,-0.4847812114515581,59.0,0.9999999999661017,2,0.6666666666666666
674dad3a7067e0e6,3,6b7e1f5b521de19b,,299675.6873529282,40,0.043431837,-8.119847570969573e-17,0.0,0.0,0.0,0,0,1.0,0.0,0,0.0,0.0,0.0,40.0,0.0,2,1.0
675404d3c57378f4,2,6b7e1f5b521de19b,6f9a9c5f2856c8b3,1.170863568534039,0,0.08973166,0.0,0.0,0.0,0.0,0,0,1.0,0.0,0,0.0,0.0,0.0,0.0,0.0,2,1.0
6770a9acd423729a,2,6b7e1f5b521de19b,d4f34f97b6d22a81,19487.16212738487,0,0.014753788,0.0,0.0,0.0,0.0,0,0,1.0,0.0,0,0.0,0.0,0.0,0.0,0.0,1,1.0
6780b871b92111eb,2,6b7e1f5b521de19b,6f9a9c5f2856c8b3,8345.747103271866,169,0.0006214873,1.0883691881574639e-16,0.0,0.0,0.0,0,0,1.0,0.0,0,0.0,0.0,0.0,95.0,0.7232986615012807,2,0.25
6791f79816419db1,2,6b7e1f5b521de19b,6f9a9c5f2856c8b3,1.170863568534039,0,0.21062772,0.0,0.0,0.0,0.0,0,0,1.0,0.0,0,0.0,0.0,0.0,0.0,0.0,1,1.0
67b26112d0aab6ee,2,6b7e1f5b521de19b,6f9a9c5f2856c8b3,98.49392076768089,24,0.0005972221,-8.934384944363104e-17,0.0,0.0,0.0,0,0,1.0,0.0,0,0.0,0.0,0.0,24.0,0.0,2,1.0
67c3049888965482,3,6b7e1f5b521de19b,,1.170863568534039,558,0.39959803,0.036849896183945845,-1.4285714285714286,80.0,0.0,0,0,3.977475644016127e-11,2.0,0,0.0035842293906810036,0.2997235731432192,-0.5161501761777588,220.0,1.1904768511463846,2,0.3333333333333333
67c7825c40cceb54,2,6b7e1f5b521de19b,6f9a9c5f2856c8b3,98.49392076768089,24,0.0005972221,-8.934384944363104e-17,0.0,0.0,0.0,0,0,1.0,0.0,0,0.0,0.0,0.0,24.0,0.0,2,1.0
67d2b2ef5088f6fb,3,6b7e1f5b521de19b,,2.4198904513070483,0,0.0016860217,0.0,0.0,0.0,0.0,0,0,1.0,0.0,0,0.0,0.0,0.0,0.0,0.0,1,1.0
67d9deef5c77a65e,5,6b7e1f5b521de19b,6f9a9c5f2856c8b3,1.170863568534039,0,0.020940213,0.0,0.0,0.0,0.0,0,0,1.0,0.0,0,0.0,0.0,0.0,0.0,0.0,1,1.0
67eadfdeecf18033,3,6b7e1f5b521de19b,,2.4198904513070483,0,0.0032265456,0.0,0.0,0.0,0.0,0,0,1.0,0.0,0,0.0,0.0,0.0,0.0,0.0,1,1.0
680a70fe52882743,1,6b7e1f5b521de19b,6f9a9c5f2856c8b3,609.207969734855,0,0.99649006,0.0,0.0,0.0,0.0,0,0,1.0,0.0,0,0.0,0.9961634856726814,519.3065379321727,0.0,0.0,2,1.0
6826523d3567a400,2,6b7e1f5b521de19b,d4f34f97b6d22a81,81.43217479245789,0,0.017120179,0.0,0.0,0.0,0.0,0,0,1.0,0.0,0,0.0,0.0,0.0,0.0,0.0,1,1.0
6826f7ab49be1388,4,75c64824a2a4e380,28c9c64e5918b06e,1.170863568534039,0,0.030552434,0.0,0.0,0.0,0.0,0,0,1.0,0.0,0,0.0,0.0,0.0,0.0,0.0,1,1.0
68340d4d14664c86,0,6b7e1f5b521de19b,,7021298.880091253,0,0.2885884,0.0,0.0,0.0,0.0,0,0,1.0,0.0,0,0.0,0.0,0.0,0.0,0.0,2,1.0
683a8a876515878e,6,6b7e1f5b521de19b,,349699.95873654354,231,3.111286e-05,-0.048697876407178944,-0.06493506493506493,-10.0,10.0,0,-1,1.0825317547099154,0.0,0,0.0,0.0,0.0,153.0,1.0899036801501025,3,0.2
683ae0b400e0d76e,4,6828ce51082c111b,28c9c64e5918b06e,1.170863568534039,0,0.20760866,0.0,0.0,0.0,0.0,0,0,1.0,0.0,0,0.0,0.0,0.0,0.0,0.0,1,1.0
68408f8ab588e7e6,0,6b7e1f5b521de19b,6f9a9c5f2856c8b3,1.170863568534039,0,0.052805983,0.0,0.0,0.0,0.0,0,0,1.0,0.0,0,0.0,0.0,0.0,0.0,0.0,1,1.0
6849980e0713c008,5,6b7e1f5b521de19b,6f9a9c5f2856c8b3,2728387.2014857912,0,0.56918895,0.0,-30.0,30.0,0.0,0,0,1.0,0.0,0,0.0,0.5657414553313088,64.97838191292348,0.0,0.0,4,1.0
6862d6a2ae738caa,2,6b7e1f5b521de19b,6f9a9c5f2856c8b3,5113739.627396335,158,0.009487658,-3.7978649595931016e-17,0.0,0.0,0.0,0,0,1.0,0.0,0,0.0,0.06313859550198282,-0.14068397550470746,144.0,1.2266404082608078,2,0.25
6871d097f3b77783,2,6b7e1f5b521de19b,6f9a9c5f2856c8b3,12684.100633568509,0,0.09349945,0.0,0.0,0.0,0.0,0,0,1.0,0.0,0,0.0,0.0,0.0,0.0,0.0,1,1.0
6889f25fa07c4254,2,6b7e1f5b521de19b,6f9a9c5f2856c8b3,1.170863568534039,0,0.71124053,0.0,0.0,0.0,0.0,0,0,1.0,0.0,0,0.0,0.0,0.0,0.0,0.0,1,1.0
6896d16e6101c77d,5,6b7e1f5b521de19b,d4f34f97b6d22a81,104364.58352076357,2,0.6484648,2.8571428571428656,-20.0,20.0,0.0,0,0,1.1547005382459181e-10,0.0,0,0.0,0.6652457242221608,89133.70905191079,2.0,2.449489734209964,8,0.125
68a05e4d4f64ea14,5,6b7e1f5b521de19b,d4f34f97b6d22a81,2307.385344635522,0,0.10472892,0.0,0.0,0.0,0.0,0,0,1.0,0.0,0,0.0,0.0,0.0,0.0,0.0,1,1.0
68a582887b4e0dd7,5,6b7e1f5b521de19b,d4f34f97b6d22a81,1652802.7110121234,169,0.00014656357,-0.0014951048825081745,0.0,-0.3333333333333333,1.0,1,0,4.008918612614937e-09,2.0,1,-0.011834319526627219,0.26726103905801113,1411608.9906340828,42.0,1.0812223175771454,4,0.2
68a7d6d026a53f4d,0,6b7e1f5b521de19b,6f9a9c5f2856c8b3,8572.728438490893,258,0.00038946405,-1.9187896296872932e-17,0.0,0.0,0.0,0,0,1.0,0.0,0,0.0,0.0,0.0,172.0,1.0672084886564854,2,0.2
68ad00b09c5e4fc5,4,6ab36d9b02cbcf6b,28c9c64e5918b06e,18407.045862683844,16,0.9992487,1.6875000000000027,1.6875,27.0,0.0,0,1,1.3093073413813152,4.0,0,0.25,0.644552613391325,-0.8935300879647481,16.0,2.4494897417115267,7,0.125
68b4bcddbe607399,3,6b7e1f5b521de19b,6f9a9c5f2856c8b3,3451.182213548525,0,0.022656722,0.0,0.0,0.0,0.0,0,0,1.0,0.0,0,0.0,0.0,0.0,0.0,0.0,1,1.0
68d4abd9720ec808,0,6b7e1f5b521de19b,6f9a9c5f2856c8b3,9885.54201471801,2,0.036679078,8.120388015915411e-16,0.0,0.0,0.0,0,0,1.0,0.0,0,0.0,0.0,0.0,1.0,0.0,3,0.3333333333333333
68d75fc944b52624,4,7b7c16a1b24ec3b8,28c9c64e5918b06e,1236.5261721116829,0,0.0015671588,0.0,0.0,0.0,0.0,0,0,1.0,0.0,0,0.0,0.7061029199739616,1055.0804907952304,0.0,0.0,3,1.0
68dfc6e3d078c3ec,2,6b7e1f5b521de19b,d4f34f97b6d22a81,1110.2938537818552,12,0.99958426,3.749999999999996,3.25,39.0,0.0,0,1,1.1067971810528712,3.0,0,0.25,0.6315221848246435,947.2691951650531,6.0,1.4142135616659883,6,0.14285714285714285
68e28789f3185c5c,1,6b7e1f5b521de19b,,42172.01403057815,0,0.101143435,0.0,0.0,0.0,0.0,0,0,1.0,0.0,0,0.0,0.0,0.0,0.0,0.0,1,1.0
68ef3061fdd89d1e,3,6b7e1f5b521de19b,,49312.986663560754,0,0.002180406,0.0,0.0,0.0,0.0,0,0,1.0,0.0,0,0.0,0.7586851340086711,6.2879270275544865,0.0,0.0,2,1.0
68f7a82298cfadce,0,6b7e1f5b521de19b,6f9a9c5f2856c8b3,4854.049577612525,41,0.06109976,5.160427106694949e-16,0.0,0.0,0.0,0,0,1.0,0.0,0,0.0,0.5771645976763202,4144.700411269915,41.0,1.4142135622696161,3,0.25
69049ac26d0ea71a,3,6b7e1f5b521de19b,d4f34f97b6d22a81,1.170863568534039,0,0.00032558542,0.0,0.0,0.0,0.0,0,0,1.0,0.0,0,0.0,0.0,0.0,0.0,0.0,1,1.0
690bfff454efb41b,5,6b7e1f5b521de19b,6f9a9c5f2856c8b3,1028.3146841294915,0,0.9564493,0.0,60.0,60.0,0.0,0,1,1.0,0.0,0,0.0,0.0,0.0,0.0,0.0,4,1.0
693ad3f5cba2843f,2,6b7e1f5b521de19b,6f9a9c5f2856c8b3,348.35156388525274,0,0.070004396,0.0,0.0,0.0,0.0,0,0,1.0,0.0,0,0.0,0.0,0.0,0.0,0.0,1,1.0
6946ffc85939c9e4,0,6b7e1f5b521de19b,6f9a9c5f2856c8b3,3138.917883297198,14,0.086294316,-2.43331369124224e-15,0.0,0.0,0.0,0,0,1.0,0.0,0,0.0,0.37245988934924057,-0.6379966595375892,2.0,0.9999999989999999,3,0.3333333333333333
69690374f6105488,5,6b7e1f5b521de19b,6f9a9c5f2856c8b3,1.170863568534039,0,0.5458551,0.0,0.0,0.0,0.0,0,0,1.0,0.0,0,0.0,0.0,0.0,0.0,0.0,1,1.0
696ad1b21db8222d,2,6b7e1f5b521de19b,6f9a9c5f2856c8b3,45353.784670439054,77,6.299051e-05,-0.07960988886368787,9.0,-9.0,9.0,0,-1,1.0,0.0,0,0.0,0.0,0.0,76.0,1.386755168357421,3,0.25
697a5a03a280147a,2,6b7e1f5b521de19b,6f9a9c5f2856c8b3,1.170863568534039,0,0.017367078,0.0,0.0,0.0,0.0,0,0,1.0,0.0,0,0.0,0.0,0.0,0.0,0.0,1,1.0
698984aaa841ce53,2,6b7e1f5b521de19b,d4f34f97b6d22a81,315.6120452626753,0,0.02193382,0.0,0.0,0.0,0.0,0,0,1.0,0.0,0,0.0,0.0,0.0,0.0,0.0,1,1.0
6996640d9a3cf3fc,0,6b7e1f5b521de19b,6f9a9c5f2856c8b3,3789.0176552811567,0,0.94672793,0.0,59.0,59.0,0.0,0,1,1.0606601717776405,1.0,0,0.0,0.10613155829368243,0.24340574512010657,0.0,0.0,6,1.0
699bc6fa72ff656f,2,6b7e1f5b521de19b,,4375.3854311784335,0,0.5880656,0.0,0.0,0.0,0.0,0,0,1.0,0.0,0,0.0,0.0,0.0,0.0,0.0,1,1.0
69a185f7acb92cfd,0,52838e14fa2f9ca3,,6825.920575393989,0,0.99833316,0.0,0.0,0.0,0.0,0,0,1.0,0.0,0,0.0,0.0,0.0,0.0,0.0,2,1.0
69afd78c52e2065a,1,6b7e1f5b521de19b,,9505.078210184982,83,0.00019491682,-4.367225965267623e-17,0.0,0.0,0.0,0,0,1.0,0.0,0,0.0,0.0,0.0,48.0,0.732664857588495,2,0.5
69d2195c02647707,6,6b7e1f5b521de19b,,1064506.8667509402,339,0.003264883,0.006498669001125539,-0.05334494773519163,0.6666666666666666,5.0,2,0,0.8032242085586377,0.0,0,0.0,1.1832003867610785,-0.6379623330381333,164.0,1.7433528491774326,4,0.4
69d908a905ec0a31,5,6b7e1f5b521de19b,d4f34f97b6d22a81,1.170863568534039,0,0.017417789,0.0,0.0,0.0,0.0,0,0,1.0,0.0,0,0.0,0.0,0.0,0.0,0.0,1,1.0
69df0ca7f2282af3,0,674ec33189ed753c,,35218.69901761697,0,0.002568248,0.0,0.0,0.0,0.0,0,0,1.0,0.0,0,0.0,0.0,0.0,0.0,0.0,1,1.0
69e25c4665ae5eda,4,75c64824a2a4e380,28c9c64e5918b06e,2079440.4913154999,0,0.6335415,0.0,0.0,0.0,0.0,0,0,1.0,0.0,0,0.0,0.0,0.0,0.0,0.0,1,1.0
69e6903c985a69ea,2,6b7e1f5b521de19b,6f9a9c5f2856c8b3,59451.158136393875,0,0.944592,0.0,0.0,0.0,0.0,0,0,1.0,0.0,0,0.0,0.0,0.0,0.0,0.0,1,1.0
69f85af4c6c522c3,5,6b7e1f5b521de19b,d4f34f97b6d22a81,1.170863568534039,0,0.2751061,0.0,0.0,0.0,0.0,0,0,1.0,0.0,0,0.0,0.0,0.0,0.0,0.0,1,1.0
6a04fa580fb4c587,2,6b7e1f5b521de19b,6f9a9c5f2856c8b3,20862.691996545644,52,0.3721609,-3.4742557194654886e-16,0.0,0.0,0.0,0,0,1.0,0.0,0,0.0,0.06567459334094311,0.17113599216799896,39.0,0.9354143466395192,2,0.5
6a0528f4c375ea55,0,6b7e1f5b521de19b,6f9a9c5f2856c8b3,35.71706708720045,0,0.1349183,0.0,0.0,0.0,0.0,0,0,1.0,0.0,0,0.0,0.6728973357393231,29.50489232654103,0.0,0.0,3,1.0
6a088e5b68d4be4b,0,6b7e1f5b521de19b,6f9a9c5f2856c8b3,525745.2249213193,63,0.46034735,1.2637573585871515,1.2741935483870968,79.0,0.0,0,1,1.0,0.0,0,0.0,0.0,0.0,62.0,0.9682539682232301,2,0.3333333333333333
6a0c3d9b34ff5b64,4,6b7e1f5b521de19b,,1287.0828528119127,0,0.0024443644,0.0,0.0,0.0,0.0,0,0,1.0,0.0,0,0.0,0.0,0.0,0.0,0.0,1,1.0
6a12ba02f2aaf96b,5,6b7e1f5b521de19b,6f9a9c5f2856c8b3,2271971.1875772914,79,0.0050387974,-1.9088192674035293e-19,0.0,0.0,0.0,0,0,1.0,0.0,0,0.0,0.5243595176862035,1940422.5033308594,42.0,2.496079283593569,8,0.5
6a278452094dd659,3,6b7e1f5b521de19b,,5083.8994500666495,0,0.0069099837,0.0,0.0,0.0,0.0,0,0,1.0,0.0,0,0.0,0.0,0.0,0.0,0.0,1,1.0
6a45b23309661c87,6,6b7e1f5b521de19b,,286920.02942277264,0,0.99574006,0.0,0.0,0.0,0.0,0,0,1.0,0.0,0,0.0,0.0,0.0,0.0,0.0,1,1.0
6a4b3e005cd87d68,3,6b7e1f5b521de19b,d4f34f97b6d22a81,1.170863568534039,0,0.0028352786,0.0,0.0,0.0,0.0,0,0,1.0,0.0,0,0.0,0.0,0.0,0.0,0.0,1,1.0
6a7f2b8692b3eed4,3,6b7e1f5b521de19b,,11485.134609700683,16,0.9816207,8.720748980247253e-17,0.0,0.0,0.0,0,0,1.0,0.0,0,0.0,0.27021886167468556,-0.41473207571368326,16.0,0.999999999875,2,0.3333333333333333
6a83457628955c66,5,6b7e1f5b521de19b,6f9a9c5f2856c8b3,569.928738792806,0,0.09521094,0.0,0.0,0.0,0.0,0,0,1.0,0.0,0,0.0,0.0,0.0,0.0,0.0,1,1.0
6a95d7cf8f4f71b7,2,6b7e1f5b521de19b,,162895.08295863107,0,0.10377108,0.0,0.0,0.0,0.0,0,0,1.0,0.0,0,0.0,0.0,0.0,0.0,0.0,1,1.0
6a982faf58570f2c,2,6b7e1f5b521de19b,6f9a9c5f2856c8b3,98.49392076768089,0,0.014675709,0.0,0.0,0.0,0.0,0,0,1.0,0.0,0,0.0,0.0,0.0,0.0,0.0,1,1.0
6a9b8cf09fb7e8f6,2,6b7e1f5b521de19b,6f9a9c5f2856c8b3,8179.723278905776,166,0.023508735,0.06871232192782427,-0.14084507042253522,20.0,0.0,0,0,1.2963624320072818e-10,0.0,0,0.0,0.2666850375533869,6985.060117274867,57.0,1.9161361843165563,9,0.5
6a9ec65a511a6f34,2,6b7e1f5b521de19b,6f9a9c5f2856c8b3,1665.2625792002207,0,0.060125362,0.0,0.0,0.0,0.0,0,0,1.0,0.0,0,0.0,0.0,0.0,0.0,0.0,1,1.0
6abed83d63254ed5,0,cca8e68b78e095c5,,11264.189824104717,0,0.018578433,0.0,0.0,0.0,0.0,0,0,1.0,0.0,0,0.0,0.0,0.0,0.0,0.0,2,1.0
6ad5a4c9be30aa15,2,6b7e1f5b521de19b,6f9a9c5f2856c8b3,39574.448319868505,32,0.007468119,-0.9375000000000001,0.9375,-30.0,30.0,0,-1,1.0,0.0,0,0.0,0.0,0.0,32.0,0.0,2,1.0
6ad76e6a12f9b44a,6,6b7e1f5b521de19b,,1.170863568534039,341,8.52393e-05,-0.014009000848596959,0.08181818181818182,-9.0,9.0,0,0,2.7777777770061727e-10,0.0,0,0.0,0.0,0.0,139.0,0.6099354264501664,2,0.2
6ae3b525534cfd03,4,6b7e1f5b521de19b,d4f34f97b6d22a81,1.170863568534039,0,0.0012975427,0.0,0.0,0.0,0.0,0,0,1.0,0.0,0,0.0,0.0,0.0,0.0,0.0,1,1.0
6af04ef1653bd660,6,6b7e1f5b521de19b,,1.170863568534039,0,0.9960299,0.0,0.0,0.0,0.0,0,0,1.0,0.0,0,0.0,0.0,0.0,0.0,0.0,1,1.0
6af25f01692e6360,2,6b7e1f5b521de19b,6f9a9c5f2856c8b3,1119646.8813839448,0,0.41370645,0.0,0.0,0.0,0.0,0,0,1.0,2.0,0,0.0,0.0,0.0,0.0,0.0,3,1.0
6b0ddde35efea229,2,6b7e1f5b521de19b,,16616.335180930364,0,0.0032940109,0.0,0.0,0.0,0.0,0,0,1.0,0.0,0,0.0,0.0,0.0,0.0,0.0,1,1.0
6b166ebcd2875368,3,6b7e1f5b521de19b,,89664.46366676311,577,0.0044670207,0.021202678662481735,0.03590664272890485,20.0,0.0,0,1,1.161895003840505,0.0,0,0.0,0.537448406367953,-0.6603609732166604,474.0,1.5750610246141494,2,0.3333333333333333
6b53241b54b49509,5,6b7e1f5b521de19b,6f9a9c5f2856c8b3,158926.44987693336,0,0.032105885,0.0,0.0,0.0,0.0,0,0,1.0,0.0,0,0.0,0.0,0.0,0.0,0.0,1,1.0
6b550a06c084ab8d,2,6b7e1f5b521de19b,6f9a9c5f2856c8b3,5126.849721354915,0,0.94639665,0.0,0.0,0.0,0.0,0,0,1.0,0.0,0,0.0,0.0,0.0,0.0,0.0,2,1.0
6b55bbb96c4a30f9,4,d94a77dffd98d647,28c9c64e5918b06e,646870.0383819881,0,0.003517171,0.0,0.0,0.0,0.0,0,0,1.0,0.0,0,0.0,1.4142058830323596,552471.5986580071,0.0,0.0,3,1.0
6b5e6969e4716317,2,6b7e1f5b521de19b,6f9a9c5f2856c8b3,38357.67743126645,133,0.0018484552,0.11303973466928662,-4.0,20.0,0.0,0,0,1.032795558881978e-10,0.0,0,0.0,0.42004859098340736,32759.159648054952,46.0,1.7865016070011883,11,0.0625
6b69e160a9586a07,2,6b7e1f5b521de19b,,1.170863568534039,412,0.000107550804,5.692571779815258e-19,0.0,0.0,0.0,0,0,1.0,0.0,0,0.0,0.0,0.0,395.0,1.3276454977160081,2,0.5
6b8193ff5dbba99b,3,6b7e1f5b521de19b,d4f34f97b6d22a81,59740.61139738067,0,0.030666225,0.0,0.0,0.0,0.0,0,0,1.0,0.0,0,0.0,0.0,0.0,0.0,0.0,2,1.0
6b9e4fa1dae081a6,2,6b7e1f5b521de19b,6f9a9c5f2856c8b3,1.170863568534039,0,0.21062772,0.0,0.0,0.0,0.0,0,0,1.0,0.0,0,0.0,0.0,0.0,0.0,0.0,1,1.0
6bafab0752ef532e,3,6b7e1f5b521de19b,d4f34f97b6d22a81,1.170863568534039,0,0.0007958209,0.0,0.0,0.0,0.0,0,0,1.0,0.0,0,0.0,0.0,0.0,0.0,0.0,1,1.0
6bd4f401d77108f4,2,6b7e1f5b521de19b,6f9a9c5f2856c8b3,1.170863568534039,0,0.5691494,0.0,0.0,0.0,0.0,0,0,1.0,0.0,0,0.0,0.0,0.0,0.0,0.0,1,1.0
6be1769cf506fd3d,1,6b7e1f5b521de19b,,1.170863568534039,0,0.007133212,0.0,0.0,0.0,0.0,0,0,1.0,0.0,0,0.0,0.0,0.0,0.0,0.0,1,1.0
6bf0cafe2c6b16ec,2,6b7e1f5b521de19b,6f9a9c5f2856c8b3,98.49392076768089,0,0.030564236,0.0,0.0,0.0,0.0,0,0,1.0,0.0,0,0.0,0.0,0.0,0.0,0.0,1,1.0
6bf9eb0dd293be33,3,6b7e1f5b521de19b,d4f34f97b6d22a81,107108.7569315475,17,0.3165663,1.176470588235294,-1.1764705882352942,20.0,0.0,0,0,1.341640786319874e-10,2.0,1,0.058823529411764705,0.14847188094206623,0.19455080141465952,17.0,1.9999999994117648,5,0.8333333333333334
6c068fc5c0c726db,2,6b7e1f5b521de19b,6f9a9c5f2856c8b3,52989.6894552119,0,0.02619741,0.0,0.0,0.0,0.0,0,0,1.0,0.0,0,0.0,0.0,0.0,0.0,0.0,1,1.0
6c0a57fc89c423f9,2,062b9e5a52eb6d8e,28c9c64e5918b06e,9238.199308038435,243,0.0005888397,-8.62123823228242e-17,0.0,0.0,0.0,0,0,1.0,0.0,0,0.0,0.4550487462313562,7889.073238511448,92.0,1.1543705013097885,4,0.1111111111111111
6c0de2e76749868f,2,6b7e1f5b521de19b,6f9a9c5f2856c8b3,13193.476446510802,86,0.017231783,-2.270473589749639e-16,0.0,0.0,0.0,0,0,1.0,0.0,0,0.0,0.0,0.0,43.0,1.178613277923435,4,0.16666666666666666
6c149bed268583a9,3,6b7e1f5b521de19b,,1.170863568534039,0,0.0017691499,0.0,0.0,0.0,0.0,0,0,1.0,0.0,0,0.0,0.0,0.0,0.0,0.0,1,1.0
6c35466075e7ba55,2,6b7e1f5b521de19b,,1.170863568534039,0,0.62805927,0.0,0.0,0.0,0.0,0,0,1.0,0.0,0,0.0,0.0,0.0,0.0,0.0,1,1.0
6c3b58d6824ea75f,4,fd10c5543bdbcbc9,d4f34f97b6d22a81,14109.925684860507,157,0.01826624,-1.561177248265e-17,0.0,0.0,0.0,0,0,1.0,0.0,0,0.0,0.07399889745282832,0.1855085068722027,83.0,1.171576365443017,4,0.14285714285714285
6c42dd7f47e27c48,3,6b7e1f5b521de19b,,25102.753943361105,0,0.06566993,0.0,0.0,0.0,0.0,0,0,1.0,0.0,0,0.0,0.0,0.0,0.0,0.0,1,1.0
6c50e658756deab1,0,6b7e1f5b521de19b,6f9a9c5f2856c8b3,50634.06328826037,0,0.29374182,0.0,0.0,0.0,0.0,0,0,1.0,0.0,0,0.0,0.0,0.0,0.0,0.0,1,1.0
6c59509c27e6d9a5,3,6b7e1f5b521de19b,,2.4198904513070483,72,0.0005367745,-3.633421941772939e-17,0.0,0.0,0.0,0,0,1.0,0.0,0,0.0,0.0,0.0,71.0,1.3848552537771794,3,0.25
6c66c69eb5edf3c8,3,6b7e1f5b521de19b,,1.170863568534039,0,0.0009915659,0.0,0.0,0.0,0.0,0,0,1.0,0.0,0,0.0,0.0,0.0,0.0,0.0,1,1.0
6c6dcc59cdaeeb3f,4,ac07a4f1ad9a4f67,,2496199.0774283707,0,0.08717064,0.0,0.0,0.0,0.0,0,0,1.0,0.0,0,0.0,0.0,0.0,0.0,0.0,1,1.0
6c6ee58ba01261fc,2,6b7e1f5b521de19b,6f9a9c5f2856c8b3,1.170863568534039,0,0.040607665,0.0,0.0,0.0,0.0,0,0,1.0,0.0,0,0.0,0.0,0.0,0.0,0.0,1,1.0
6c78b3743af2c6ff,0,6b7e1f5b521de19b,6f9a9c5f2856c8b3,91102.55385385372,1582,0.0013696508,0.0038586586521665227,-0.061224489795918366,11.600000000000001,5.0,1,0,1.5100978703832989e-10,0.0,0,0.0,0.558866249340588,77807.00112169962,208.0,1.0680510555314624,3,0.25
6c86c1e27ec6daab,5,6b7e1f5b521de19b,6f9a9c5f2856c8b3,702252.0180281462,190,0.6580787,0.0563051951924277,0.2158273381294964,12.0,0.0,0,1,1.9414506866664498,2.0,0,0.010526315789473684,0.2300294908213081,3.9133428004279387,37.0,1.5698333448495534,8,0.21428571428571427
6c8d8858743355d5,3,6b7e1f5b521de19b,,186555.16774733728,0,0.003593862,0.0,0.0,0.0,0.0,0,0,1.0,0.0,0,0.0,0.0,0.0,0.0,0.0,1,1.0
6c92758d3d51a2fa,5,6b7e1f5b521de19b,6f9a9c5f2856c8b3,1060.8669669680157,0,0.124779165,0.0,0.0,0.0,0.0,0,0,1.0,0.0,0,0.0,0.9977950624057519,905.0551506408704,0.0,0.0,2,1.0
6c944e025755c01f,3,6b7e1f5b521de19b,,36095.37719582366,0,0.00033598198,0.0,0.0,0.0,0.0,0,0,1.0,0.0,0,0.0,0.0,0.0,0.0,0.0,1,1.0
6ca650a4329d764f,3,6b7e1f5b521de19b,d4f34f97b6d22a81,3103.5664795479956,0,0.0035511726,0.0,0.0,0.0,0.0,0,0,1.0,0.0,0,0.0,0.0,0.0,0.0,0.0,1,1.0
6cabbffa659e8c08,1,6b7e1f5b521de19b,,2625.6206839997444,19,0.13730626,-0.6578947368421074,-25.0,-25.0,25.0,0,-1,1.0,0.0,0,0.0,0.0,0.0,19.0,0.9999999998947369,2,0.6666666666666666
6cb65e16e1e9fd96,2,6b7e1f5b521de19b,6f9a9c5f2856c8b3,1000267.2512475862,0,0.68467265,0.0,0.0,0.0,0.0,0,0,1.0,0.0,0,0.0,0.0,0.0,0.0,0.0,1,1.0
6cd12875c27d1a5d,3,6b7e1f5b521de19b,,54608.54408792734,0,0.1766602,0.0,0.0,0.0,0.0,0,0,1.0,0.0,0,0.0,0.0,0.0,0.0,0.0,1,1.0
6d0377984aacc694,2,6b7e1f5b521de19b,6f9a9c5f2856c8b3,283.8516225636142,112,0.0005097249,-3.941138105895982e-17,0.0,0.0,0.0,0,0,1.0,0.0,0,0.0,0.0,0.0,60.0,0.07142857142729592,1,0.3333333333333333
6d2ea0720a6369f4,4,77c27bf8a409b6bb,28c9c64e5918b06e,1.170863568534039,0,0.0009903711,0.0,0.0,0.0,0.0,0,0,1.0,0.0,0,0.0,0.0,0.0,0.0,0.0,1,1.0
6d300c4563417d4b,5,6b7e1f5b521de19b,6f9a9c5f2856c8b3,249613.90231970133,164,0.03779355,0.08640162638355552,-20.0,20.0,0.0,0,0,0.8838834764950356,0.0,0,0.0,0.0,0.0,142.0,1.4390243902088045,3,0.4
6d4245aef7a247aa,0,6b7e1f5b521de19b,6f9a9c5f2856c8b3,18970.84409458454,76,0.046524446,0.08881578947368421,0.11842105263157894,9.0,0.0,0,1,1.0206207261549807,2.0,0,0.02631578947368421,0.8269201515183923,16201.437759966075,76.0,1.7320508074777166,4,0.2
6d4f66a9fa0e6500,4,38080774be85927f,d4f34f97b6d22a81,1.170863568534039,0,0.01952185,0.0,0.0,0.0,0.0,0,0,1.0,0.0,0,0.0,0.0,0.0,0.0,0.0,1,1.0
6d6e1beddf31f3cc,3,6b7e1f5b521de19b,,89664.46366676311,0,0.023954213,0.0,0.0,0.0,0.0,0,0,1.0,0.0,0,0.0,0.0,0.0,0.0,0.0,2,1.0
6d71505a1d7c14fd,5,6b7e1f5b521de19b,6f9a9c5f2856c8b3,5655.969519442425,371,0.000450436,-9.90437990818228e-20,0.0,0.0,0.0,0,0,1.0,0.0,0,0.0,0.0,0.0,201.0,0.7803269415923674,2,0.2
6d74d2a4f00db442,0,6b7e1f5b521de19b,,368869.1381210446,34,0.007885808,-2.5226498666437e-16,0.0,0.0,0.0,0,0,1.0,0.0,0,0.0,0.0,0.0,34.0,0.0,2,1.0
6d8fd8b2c08d23b1,2,6b7e1f5b521de19b,,1.170863568534039,553,0.00017225674,-5.499778001595701e-18,0.0,0.0,0.0,0,0,1.0,0.0,0,0.0,0.0,0.0,130.0,0.38038781690862966,1,0.2857142857142857
6d90db4acac6e5c9,4,6b7e1f5b521de19b,28c9c64e5918b06e,1.170863568534039,0,0.016928304,0.0,0.0,0.0,0.0,0,0,1.0,0.0,0,0.0,0.0,0.0,0.0,0.0,1,1.0
6d9398680e4e00a8,2,6b7e1f5b521de19b,6f9a9c5f2856c8b3,1.170863568534039,0,0.005569275,0.0,0.0,0.0,0.0,0,0,1.0,0.0,0,0.0,0.0,0.0,0.0,0.0,1,1.0
6da6ecf23c5b8649,0,6b7e1f5b521de19b,6f9a9c5f2856c8b3,323927.4226297457,0,0.0023258773,0.0,0.0,0.0,0.0,0,0,1.0,0.0,0,0.0,0.707102947345929,276655.84656608955,0.0,0.0,3,1.0
6dab11c9cca0dc27,5,6b7e1f5b521de19b,28c9c64e5918b06e,9043.822944530884,0,0.21991903,0.0,0.0,0.0,0.0,0,0,1.0,0.0,0,0.0,0.0,0.0,0.0,0.0,1,1.0
6dabbbe7398ea1ec,0,6b7e1f5b521de19b,6f9a9c5f2856c8b3,3978911.2882172577,164,0.24115351,0.10187485584368511,0.11288457089983808,20.0,13.0,2,1,1.0497110494903066,1.0,1,0.0,0.493561247775158,-0.6260131920136496,67.0,1.6848477900879797,5,0.6666666666666666
6dc997ce7d34b39b,0,6b7e1f5b521de19b,6f9a9c5f2856c8b3,98.49392076768089,0,0.020248797,0.0,0.0,0.0,0.0,0,0,1.0,0.0,0,0.0,0.0,0.0,0.0,0.0,2,1.0
6dd53189e3f67e19,4,bd661df59343798b,28c9c64e5918b06e,160689.4970426127,0,0.090227455,0.0,0.0,0.0,0.0,0,0,1.0,0.0,0,0.0,0.22959237240454916,0.5960282951017531,0.0,0.0,2,1.0
6ddef56a171781bb,0,6b7e1f5b521de19b,6f9a9c5f2856c8b3,43115.98981009094,660,0.00022476692,0.01438143329826408,-0.17699115044247787,20.0,0.0,0,0,1.4288690164193543e-10,0.0,0,0.0,0.6325835335164227,36823.093744819154,211.0,1.3350900960864305,5,0.14285714285714285
6de39eb2755b72e1,3,6b7e1f5b521de19b,,1535113.0602289855,895,0.002241929,0.027068286274047622,0.050761421319796954,20.0,20.0,2,0,9.999999999000001e-11,1.0,1,-0.0011173184357541898,0.13974751381390277,-0.1814190330426356,395.0,1.2954785692127404,3,0.2
6e072810c28fbe44,0,6b7e1f5b521de19b,6f9a9c5f2856c8b3,3494.8366306167795,78,0.020251976,7.425451717204271e-17,0.0,0.0,0.0,0,0,1.0,2.0,0,0.02564102564102564,0.6384053294047718,2983.836768806834,43.0,0.9459418843461935,3,0.2
6e0dfa2b1934ddc2,0,6b7e1f5b521de19b,,762097.519249768,446,0.00059341313,-0.024397614542492493,0.0,-10.0,30.0,1,0,1.0606601716673216e-10,0.0,0,0.0,0.3552730550473048,650883.9875685688,109.0,1.3714827119697215,3,0.16666666666666666
6e462e2177634f62,5,6b7e1f5b521de19b,d4f34f97b6d22a81,1.170863568534039,0,0.022936998,0.0,0.0,0.0,0.0,0,0,1.0,0.0,0,0.0,0.0,0.0,0.0,0.0,1,1.0
6e82b249be383dad,3,6b7e1f5b521de19b,,9648.963805727817,0,0.0009987211,0.0,0.0,0.0,0.0,0,0,1.0,0.0,0,0.0,0.0,0.0,0.0,0.0,1,1.0
6e83b9260383525a,2,6b7e1f5b521de19b,6f9a9c5f2856c8b3,98.49392076768089,0,0.06946861,0.0,0.0,0.0,0.0,0,0,1.0,0.0,0,0.0,0.0,0.0,0.0,0.0,1,1.0
6e91ce8fb7b4a976,2,6b7e1f5b521de19b,6f9a9c5f2856c8b3,27736.221529683782,18,0.005278196,1.6901889355760544e-16,0.0,0.0,0.0,0,0,1.0,0.0,0,0.0,0.49997361637715243,23687.687798537,11.0,1.0482201255511292,4,0.2
6ea679aab82fd58f,0,6b7e1f5b521de19b,6f9a9c5f2856c8b3,392782.4111460863,565,0.000534433,-9.565761048641608e-18,0.0,0.0,0.0,0,0,1.0,0.0,0,0.0,0.7300533966835545,335462.85907101305,181.0,1.3033051954649952,3,0.26666666666666666
6eb62f9b489fd5b3,1,6b7e1f5b521de19b,,1714.0502248117566,0,0.0018761498,0.0,0.0,0.0,0.0,0,0,1.0,0.0,0,0.0,0.0,0.0,0.0,0.0,1,1.0
6eb6d14101b4abdd,2,6b7e1f5b521de19b,6f9a9c5f2856c8b3,98.49392076768089,49,0.0009839667,-2.4829731543288162e-17,0.0,0.0,0.0,0,0,1.0,0.0,0,0.0,0.694572501109144,83.12074934656873,49.0,0.9999999999591836,2,0.3333333333333333
6eb78ade8e144207,2,6b7e1f5b521de19b,6f9a9c5f2856c8b3,98.49392076768089,0,0.024684409,0.0,0.0,0.0,0.0,0,0,1.0,0.0,0,0.0,0.694572501109144,83.12074934656873,0.0,0.0,3,1.0
6ec92abd9ee22b4f,0,6b7e1f5b521de19b,6f9a9c5f2856c8b3,3509430.2266719467,836,0.11341926,0.05628035717575276,-0.0764525993883792,40.0,0.0,0,0,6.002450479627517e-11,2.0,0,0.0023923444976076554,0.7784424648564914,3.1776200972345126,301.0,1.1873984445009071,3,0.5
6edd6cb56d39db9e,3,6b7e1f5b521de19b,d4f34f97b6d22a81,1.170863568534039,0,0.07764009,0.0,0.0,0.0,0.0,0,0,1.0,0.0,0,0.0,0.0,0.0,0.0,0.0,1,1.0
6ee75f1557e04fef,5,6b7e1f5b521de19b,d4f34f97b6d22a81,1.170863568534039,0,0.07356917,0.0,0.0,0.0,0.0,0,0,1.0,0.0,0,0.0,0.0,0.0,0.0,0.0,1,1.0
6ee76aa13b4afe7d,2,6b7e1f5b521de19b,6f9a9c5f2856c8b3,83838.33153716494,14,0.008103256,-1.1599782244242248e-16,0.0,0.0,0.0,0,0,1.0,0.0,0,0.0,0.0,0.0,14.0,0.0,2,1.0
6ee8461e5ddc2ed7,2,6b7e1f5b521de19b,6f9a9c5f2856c8b3,98.49392076768089,0,0.017072957,0.0,0.0,0.0,0.0,0,0,1.0,0.0,0,0.0,0.0,0.0,0.0,0.0,1,1.0
6efb2637d0e4cf6e,6,6b7e1f5b521de19b,,105866.1042506972,0,0.99564606,0.0,0.0,0.0,0.0,0,0,1.0,0.0,0,0.0,0.0,0.0,0.0,0.0,1,1.0
6efe73331f73f7a7,0,6b7e1f5b521de19b,6f9a9c5f2856c8b3,1.170863568534039,0,0.007980211,0.0,0.0,0.0,0.0,0,0,1.0,0.0,0,0.0,0.0,0.0,0.0,0.0,1,1.0
6f00ed5cd73414f6,3,6b7e1f5b521de19b,d4f34f97b6d22a81,120145.71777559289,161,0.0064455033,0.28350813413008835,-1.0952380952380953,38.57142857142857,60.0,1,-1,1.212208281398209,2.0,3,0.006211180124223602,0.24318633903101408,102611.909825198,34.0,2.023472460651024,14,0.07894736842105263
6f0567e00325689c,2,6b7e1f5b521de19b,6f9a9c5f2856c8b3,98.49392076768089,20,0.0007459106,-1.0721261933235725e-16,0.0,0.0,0.0,0,0,1.0,0.0,0,0.0,0.0,0.0,20.0,0.0,2,1.0
6f08e4f8bf6c3d20,1,6b7e1f5b521de19b,,34906.525663796616,0,0.025792446,0.0,0.0,0.0,0.0,0,0,1.0,0.0,0,0.0,0.0,0.0,0.0,0.0,1,1.0
6f0bb6d877a6f4ad,2,6b7e1f5b521de19b,6f9a9c5f2856c8b3,48041.02757770764,4,0.0066768774,-9.70064700965064e-17,0.0,0.0,0.0,0,0,1.0,0.0,0,0.0,1.3296555387844184,41029.42307299444,4.0,2.2360679741456884,7,0.42857142857142855
6f5ff2cfe0ad4e9f,2,6b7e1f5b521de19b,,1.170863568534039,0,0.8898589,0.0,0.0,0.0,0.0,0,0,1.0,0.0,0,0.0,0.0,0.0,0.0,0.0,1,1.0
6f760a2f6205b5bd,2,6b7e1f5b521de19b,6f9a9c5f2856c8b3,192712.25038335394,0,0.691786,0.0,0.0,0.0,0.0,0,0,1.0,0.0,0,0.0,0.0,0.0,0.0,0.0,1,1.0
6f7a8a6d55f6cabf,4,fc3655a0b667e091,28c9c64e5918b06e,88.13711874271799,184,0.00081038655,-6.692530033979525e-18,0.0,0.0,0.0,0,0,1.0,0.0,0,0.0,0.0,0.0,92.0,0.7770788935317154,1,0.5
6fbb32b44fde5579,1,6b7e1f5b521de19b,6f9a9c5f2856c8b3,99457.2224276421,0,0.0026247706,0.0,0.0,0.0,0.0,0,0,1.0,0.0,0,0.0,0.0,0.0,0.0,0.0,1,1.0
6fc936fc68889254,2,6b7e1f5b521de19b,d4f34f97b6d22a81,106.61658930110985,0,0.4951871,0.0,0.0,0.0,0.0,0,0,1.0,0.0,0,0.0,0.0,0.0,0.0,0.0,1,1.0
6fd87eb44f309fbb,3,6b7e1f5b521de19b,,22962.31400177536,0,0.45846543,0.0,0.0,0.0,0.0,0,0,1.0,0.0,0,0.0,0.0,0.0,0.0,0.0,1,1.0
6ff13d5d719de547,6,6b7e1f5b521de19b,,2085239.8243794779,0,0.3519145,0.0,0.0,0.0,0.0,0,0,1.0,0.0,0,0.0,0.0,0.0,0.0,0.0,1,1.0
6ffd38aea5f42737,3,6b7e1f5b521de19b,,42228.0648651722,0,0.0036368524,0.0,0.0,0.0,0.0,0,0,1.0,0.0,0,0.0,0.0,0.0,0.0,0.0,1,1.0
70022d44e9b2c9d5,3,6b7e1f5b521de19b,,11264.189824104717,0,0.05325714,0.0,0.0,0.0,0.0,0,0,1.0,0.0,0,0.0,0.0,0.0,0.0,0.0,1,1.0
7012cac0e7eb3ba3,4,fe3d0016707df0ff,28c9c64e5918b06e,285696.7039482978,260,6.8498535e-05,-0.013707323264373664,0.5294117647058824,-9.0,9.0,0,0,2.7777777770061727e-10,0.0,0,0.0,0.1158503813929136,0.16519171359065118,188.0,1.1312139366074074,2,0.2
701ac6d62af2f576,0,6b7e1f5b521de19b,6f9a9c5f2856c8b3,468372.26782045857,286,0.023159964,-0.08596943658234166,-0.05714285714285714,-2.0,50.0,2,0,5.6613851704024656e-11,0.0,0,0.0,0.4901847161997923,-0.8168529732169287,112.0,1.9757317792909264,7,0.4
702dd82300eeaeb6,0,6b7e1f5b521de19b,6f9a9c5f2856c8b3,1.170863568534039,0,0.013581785,0.0,0.0,0.0,0.0,0,0,1.0,0.0,0,0.0,0.0,0.0,0.0,0.0,1,1.0
7052ff408f9230a3,2,6b7e1f5b521de19b,6f9a9c5f2856c8b3,2489.4145311074876,342,0.013126255,0.19179665417167008,-0.3160919540229885,55.0,0.0,0,0,3.8569460790505894e-11,0.0,0,0.0,0.11142597310530344,-0.2110065068957388,57.0,1.1472873455790198,4,0.3333333333333333
705f4b4ac3fe106b,2,6b7e1f5b521de19b,6f9a9c5f2856c8b3,1.170863568534039,0,0.99841213,0.0,0.0,0.0,0.0,0,0,1.0,0.0,0,0.0,0.0,0.0,0.0,0.0,1,1.0
706117d6234e9aa3,2,6b7e1f5b521de19b,6f9a9c5f2856c8b3,98.49392076768089,0,0.016237743,0.0,0.0,0.0,0.0,0,0,1.0,0.0,0,0.0,0.0,0.0,0.0,0.0,1,1.0
707607f97cfea597,5,6b7e1f5b521de19b,d4f34f97b6d22a81,122948.00245610285,2,0.01491706,3.1090909090909093,-4.5,9.0,9.0,2,0,2.295101241670239e-10,1.0,1,0.0,1.0463743902339186,105005.25842346255,1.0,1.5811388245502038,8,0.5
707c538ccb74d4e7,1,6b7e1f5b521de19b,6f9a9c5f2856c8b3,177560.4734935871,1020,0.00041941932,0.02516156298381704,-0.04971590909090909,18.75,44.0,2,1,0.899415569763827,0.0,0,0.0,0.5121460689068066,-0.9022096266033331,168.0,1.2032299859178985,6,0.16666666666666666
7097a07dbe3f8ab2,2,6b7e1f5b521de19b,,1.170863568534039,412,0.00019695016,-1.4573650198665571e-19,0.0,0.0,0.0,0,0,1.0,0.0,0,0.0,0.0,0.0,395.0,1.6381463376195162,2,0.4
70991553e9328c7a,5,6b7e1f5b521de19b,6f9a9c5f2856c8b3,77148.70287310395,182,0.98204607,0.32565578539393086,-1.0740740740740742,62.0,0.0,0,0,3.767447368105014e-11,5.0,0,0.027472527472527472,0.6246199650639344,-0.046890840985543636,52.0,1.6332827699142654,6,0.3333333333333333
709f0b01d02a602b,5,6b7e1f5b521de19b,6f9a9c5f2856c8b3,57607.04822467067,0,0.71402055,0.0,-50.0,50.0,0.0,0,1,1.0,0.0,0,0.0,0.7070852234818482,49199.47883699777,0.0,0.0,3,1.0
70a07c5b68206265,2,6b7e1f5b521de19b,6f9a9c5f2856c8b3,1.170863568534039,0,0.24397892,0.0,0.0,0.0,0.0,0,0,1.0,0.0,0,0.0,0.0,0.0,0.0,0.0,1,1.0
70be7b05887c0969,3,6b7e1f5b521de19b,,5083.8994500666495,0,0.0034957326,0.0,0.0,0.0,0.0,0,0,1.0,0.0,0,0.0,0.0,0.0,0.0,0.0,1,1.0
70ccf75c17131ee0,5,6b7e1f5b521de19b,d4f34f97b6d22a81,3699.3422227159544,0,0.6994415,0.0,0.0,0.0,0.0,0,0,1.0,0.0,0,0.0,0.0,0.0,0.0,0.0,1,1.0
70de1d1ca876f98c,5,6b7e1f5b521de19b,6f9a9c5f2856c8b3,313306.6185748116,67,0.2335789,-0.2879748137783445,-30.44776119402985,10.0,30.0,1,-1,1.0206207261582545,2.0,0,0.029850746268656716,0.44790188515138396,-0.6264391675531465,41.0,2.254917153221081,11,0.13333333333333333
70e21541ed748cbb,5,6b7e1f5b521de19b,6f9a9c5f2856c8b3,1584582.6782558926,760,0.11630906,0.03656018137892155,-0.08237232289950576,50.0,0.0,0,0,4.9999999997500004e-11,0.0,0,0.0,0.025341774246841097,-0.05068003553045486,603.0,1.2690487636517298,2,0.6
70e9b8f1bb55c5e5,3,6b7e1f5b521de19b,2095e0b55fdf3180,100013.76582578257,62,0.001741007,7.55221284824716e-18,0.0,0.0,0.0,0,0,1.0,0.0,0,0.0,0.6904831436920237,85417.8041318966,47.0,1.631505627764924,4,0.42857142857142855
70f038f2a340499e,2,6b7e1f5b521de19b,6f9a9c5f2856c8b3,126230.46437872521,0,0.735177,0.0,0.0,0.0,0.0,0,0,1.0,0.0,0,0.0,0.9999814489677284,107808.71222528518,0.0,0.0,2,1.0
710cd940c854d30b,2,6b7e1f5b521de19b,6f9a9c5f2856c8b3,36846.529117819475,123,0.004387324,1.1019316117454987e-16,0.0,0.0,0.0,0,0,1.0,0.0,0,0.0,0.0,0.0,83.0,1.3340767310360435,2,0.3333333333333333
7115f9c5633d26ed,5,6b7e1f5b521de19b,,1.170863568534039,0,0.0002381245,0.0,0.0,0.0,0.0,0,0,1.0,0.0,0,0.0,0.0,0.0,0.0,0.0,1,1.0
71304bc565a40312,3,6b7e1f5b521de19b,,21270.376670753034,0,0.0013239483,0.0,0.0,0.0,0.0,0,0,1.0,0.0,0,0.0,0.0,0.0,0.0,0.0,1,1.0
7145f00193761a1e,3,6b7e1f5b521de19b,,29324.531411075328,355,1.9897838e-05,-0.03007874823462176,-0.031578947368421054,-9.0,9.0,0,0,2.2360679769997897e-10,0.0,0,0.0,1.2405923068620942e-16,0.0,105.0,0.9530248151609516,2,0.1111111111111111
714cd062574435a1,2,6b7e1f5b521de19b,6f9a9c5f2856c8b3,54608.54408792734,0,0.49561507,0.0,0.0,0.0,0.0,0,0,1.0,0.0,0,0.0,0.9999571188543805,46638.54499523723,0.0,0.0,2,1.0
715f3f5401fc10d5,0,6b7e1f5b521de19b,,8290.869253090716,0,0.032027785,0.0,0.0,0.0,0.0,0,0,1.0,0.0,0,0.0,0.0,0.0,0.0,0.0,1,1.0
717c857b8c8ab2cb,6,6b7e1f5b521de19b,,2046.6148673782125,0,0.0009385711,0.0,0.0,0.0,0.0,0,0,1.0,0.0,0,0.0,0.0,0.0,0.0,0.0,1,1.0
717cab781c930063,2,6b7e1f5b521de19b,6f9a9c5f2856c8b3,143643.60038815837,2,0.7539896,5.714285714285708,-20.0,20.0,0.0,0,0,1.0606601716673216e-10,0.0,0,0.0,0.006878138941259859,0.018744270093570436,1.0,1.2247448683297268,6,0.16666666666666666
7183e63f1b0d527c,4,ddbd249e57ed6b40,28c9c64e5918b06e,31641.16184270343,0,0.77835274,0.0,0.0,0.0,0.0,0,0,1.0,0.0,0,0.0,0.0,0.0,0.0,0.0,2,1.0
7184d63a6746f07f,3,6b7e1f5b521de19b,,65064.44409714713,0,0.12604932,0.0,0.0,0.0,0.0,0,0,1.0,0.0,0,0.0,0.0,0.0,0.0,0.0,1,1.0
71a32857b1beff86,5,6b7e1f5b521de19b,d4f34f97b6d22a81,1.170863568534039,0,0.0032573985,0.0,0.0,0.0,0.0,0,0,1.0,0.0,0,0.0,0.0,0.0,0.0,0.0,1,1.0
71b0162cf075739f,2,6b7e1f5b521de19b,6f9a9c5f2856c8b3,1.170863568534039,0,0.22328256,0.0,0.0,0.0,0.0,0,0,1.0,0.0,0,0.0,0.0,0.0,0.0,0.0,1,1.0
71cfb3d246561119,3,6b7e1f5b521de19b,d4f34f97b6d22a81,89664.46366676311,0,0.05927999,0.0,0.0,0.0,0.0,0,0,1.0,0.0,0,0.0,0.0,0.0,0.0,0.0,1,1.0
71ddc71a3924d513,0,6b7e1f5b521de19b,6f9a9c5f2856c8b3,41397.13807306216,34,0.015944945,0.8529411764705881,-0.8529411764705882,29.0,0.0,0,1,1.0,0.0,0,0.0,0.0,0.0,34.0,0.0,2,1.0
71df4ff534318970,2,6b7e1f5b521de19b,6f9a9c5f2856c8b3,1596893.4709282795,0,0.20927921,0.0,0.0,0.0,0.0,0,0,1.0,0.0,0,0.0,0.0,0.0,0.0,0.0,1,1.0
71f67e07943e7eb0,0,6b7e1f5b521de19b,6f9a9c5f2856c8b3,361.29574083874047,0,0.055898905,0.0,0.0,0.0,0.0,0,0,1.0,0.0,0,0.0,0.0,0.0,0.0,0.0,1,1.0
71fd0d2d44857d69,3,6b7e1f5b521de19b,,5186.502594949308,50,0.00015113875,-0.17999999999999988,0.18,-9.0,9.0,0,0,1.0,0.0,0,0.0,0.0,0.0,50.0,1.4142135622882421,3,0.75
721a890e9cff8e34,0,674ec33189ed753c,,870350.122287474,0,0.0018625896,0.0,0.0,0.0,0.0,0,0,1.0,0.0,0,0.0,0.0,0.0,0.0,0.0,1,1.0
721ad3194957e405,3,6b7e1f5b521de19b,1e1439736d3ae4c5,1242.2761179361728,0,0.0031127466,0.0,0.0,0.0,0.0,0,0,1.0,0.0,0,0.0,0.0,0.0,0.0,0.0,2,1.0
7246fcb20c46f0df,0,6b7e1f5b521de19b,,25640.949441799392,0,0.974663,0.0,1.0,59.0,0.0,0,1,1.0,3.0,0,0.0,0.707058348502587,21898.17777858844,0.0,0.0,3,1.0
72496940137a6d0c,1,6b7e1f5b521de19b,,53263.666600240846,274,0.8651421,-0.0072233161559972885,0.09183673469387756,-3.0,9.0,0,0,4.722222219992283e-10,0.0,0,0.0,0.584836358318778,2.9986443737830544,42.0,0.8628898114486553,4,0.17647058823529413
7249bd23ce9ca963,5,6b7e1f5b521de19b,,1.170863568534039,0,0.65330374,0.0,0.0,0.0,0.0,0,0,1.0,0.0,0,0.0,0.0,0.0,0.0,0.0,1,1.0
72752f225d628083,2,6b7e1f5b521de19b,,1.170863568534039,0,0.07699017,0.0,0.0,0.0,0.0,0,0,1.0,0.0,0,0.0,0.0,0.0,0.0,0.0,1,1.0
728291d450c3f4f0,0,6b7e1f5b521de19b,6f9a9c5f2856c8b3,46782.3211871621,2,0.14559503,3.7499999999999996,-15.0,15.0,0.0,0,1,1.0,0.0,0,0.0,0.0,0.0,2.0,0.9999999989999999,3,0.3333333333333333
728d160390c502a8,0,fc3655a0b667e091,,221485.31248684894,396,0.013558756,-5.958991436080061e-18,0.0,0.0,0.0,0,0,1.0,0.0,0,0.0,0.0,0.0,396.0,0.0,2,1.0
728eb02a9701d02f,3,6b7e1f5b521de19b,,5083.8994500666495,0,0.002679878,0.0,0.0,0.0,0.0,0,0,1.0,0.0,0,0.0,0.0,0.0,0.0,0.0,1,1.0
72990e8b88959bb6,2,6b7e1f5b521de19b,6f9a9c5f2856c8b3,1.170863568534039,0,0.9665386,0.0,0.0,0.0,0.0,0,0,1.0,0.0,0,0.0,0.0,0.0,0.0,0.0,1,1.0
729a77aff04f6bbc,0,6b7e1f5b521de19b,6f9a9c5f2856c8b3,246907.97159722855,62,0.0029737866,3.6700106065217847e-17,0.0,0.0,0.0,0,0,1.0,0.0,0,0.0,0.0,0.0,50.0,0.6129032257866805,1,0.3333333333333333
72a84e98cc83aad6,3,6b7e1f5b521de19b,,263999.29512211593,0,0.06633813,0.0,0.0,0.0,0.0,0,0,1.0,0.0,0,0.0,0.0,0.0,0.0,0.0,1,1.0
72b6a8f10ecac5d5,5,6b7e1f5b521de19b,6f9a9c5f2856c8b3,2805687.692930978,78,0.07784309,0.1282051282051282,20.0,20.0,0.0,0,1,1.0,0.0,0,0.0,0.0,0.0,78.0,0.9999999999743591,2,0.6666666666666666
72b8ba77d87b3230,2,6b7e1f5b521de19b,6f9a9c5f2856c8b3,2046.6148673782125,0,0.18333736,0.0,0.0,0.0,0.0,0,0,1.0,0.0,0,0.0,0.0,0.0,0.0,0.0,1,1.0
72c5ccee005b1482,2,6b7e1f5b521de19b,,9648.963805727817,634,4.5637214e-05,-0.006664969221321895,-0.6215686274509804,0.0,20.0,1,0,1.590990257416607e-10,0.0,0,0.0,0.890607791878074,0.0,288.0,1.1781014626168185,4,0.2222222222222222
72c6dd110bb4151e,6,6b7e1f5b521de19b,,1.170863568534039,0,0.0027630487,0.0,0.0,0.0,0.0,0,0,1.0,0.0,0,0.0,0.0,0.0,0.0,0.0,2,1.0
72cd1d03b87596b5,3,6b7e1f5b521de19b,d4f34f97b6d22a81,988.738918391998,0,0.01464126,0.0,0.0,0.0,0.0,0,0,1.0,0.0,0,0.0,0.0,0.0,0.0,0.0,1,1.0
72cf5fcfdbba5c22,1,6b7e1f5b521de19b,,143368.30316877936,0,0.06531433,0.0,0.0,0.0,0.0,0,0,1.0,0.0,0,0.0,0.0,0.0,0.0,0.0,1,1.0
72df974ab63dea46,2,6b7e1f5b521de19b,6f9a9c5f2856c8b3,11865.117714171982,0,0.037650753,0.0,0.0,0.0,0.0,0,0,1.0,0.0,0,0.0,0.707002119175412,10132.646680140124,0.0,0.0,3,1.0
72f2cef21c154e05,0,6b7e1f5b521de19b,6f9a9c5f2856c8b3,20240.133444031897,237,0.00047220875,2.1694248144753475e-18,0.0,0.0,0.0,0,0,1.0,0.0,0,0.0,0.09082509995415078,0.2301233912608912,89.0,1.0995913356789524,4,0.2
72fd35e091170736,0,6b7e1f5b521de19b,6f9a9c5f2856c8b3,1.170863568534039,0,0.05718697,0.0,0.0,0.0,0.0,0,0,1.0,0.0,0,0.0,0.0,0.0,0.0,0.0,1,1.0
735175ac000908d4,3,255414ab73601d72,d4f34f97b6d22a81,1.170863568534039,0,0.08410188,0.0,0.0,0.0,0.0,0,0,1.0,0.0,0,0.0,0.0,0.0,0.0,0.0,1,1.0
73581fe4d2ddaf74,3,6b7e1f5b521de19b,,2472.949006922998,0,0.0020245567,0.0,0.0,0.0,0.0,0,0,1.0,0.0,0,0.0,0.0,0.0,0.0,0.0,1,1.0
7358c781449a77b3,6,6b7e1f5b521de19b,,16255.489958198483,0,0.9958165,0.0,0.0,0.0,0.0,0,0,1.0,0.0,0,0.0,0.0,0.0,0.0,0.0,1,1.0
736b55c003582ddf,2,6b7e1f5b521de19b,6f9a9c5f2856c8b3,308453.069432768,35,0.31496724,-1.0466664378163586e-16,0.0,0.0,0.0,0,0,1.0,2.0,0,0.05714285714285714,0.5215305269610809,-0.6553751618062987,11.0,1.2710272235376607,8,0.15384615384615385
737026fd0d8fd856,3,6b7e1f5b521de19b,d4f34f97b6d22a81,10573.806471589558,7,0.0044180467,-3.0632176952102076e-16,0.0,0.0,0.0,0,0,1.0,0.0,0,0.0,0.0,0.0,7.0,0.0,2,1.0
738f013fcdbcd140,5,6b7e1f5b521de19b,d4f34f97b6d22a81,1.170863568534039,0,0.0025342458,0.0,0.0,0.0,0.0,0,0,1.0,0.0,0,0.0,0.0,0.0,0.0,0.0,1,1.0
739c5d07068aa1d9,2,6b7e1f5b521de19b,6f9a9c5f2856c8b3,912.5405507770306,0,0.04544964,0.0,0.0,0.0,0.0,0,0,1.0,0.0,0,0.0,0.0,0.0,0.0,0.0,1,1.0
73a73328a9b0c870,5,6b7e1f5b521de19b,d4f34f97b6d22a81,1.170863568534039,0,0.64049846,0.0,0.0,0.0,0.0,0,0,1.0,0.0,0,0.0,0.0,0.0,0.0,0.0,1,1.0
73c28b8715ea549e,4,062b9e5a52eb6d8e,d4f34f97b6d22a81,539417.7094836183,164,0.00025336814,5.281910412263665e-18,0.0,0.0,0.0,0,0,1.0,0.0,0,0.0,0.0,0.0,144.0,0.756097560966389,1,0.3333333333333333
73cda86fbf564d3a,5,6b7e1f5b521de19b,d4f34f97b6d22a81,3303.290441942712,0,0.7193481,0.0,0.0,0.0,0.0,0,0,1.0,0.0,0,0.0,0.0,0.0,0.0,0.0,1,1.0
73e8f481f4ce0cf6,2,6b7e1f5b521de19b,6f9a9c5f2856c8b3,35062.08922173224,517,0.0011462719,0.07851931975605005,-0.08,30.0,0.0,0,0,6.666666666222223e-11,0.0,0,0.0,0.08637138386517164,-0.1590089450955073,147.0,0.9188496344163405,3,0.4
73f232626a992bd7,0,6b7e1f5b521de19b,6f9a9c5f2856c8b3,1.170863568534039,0,0.06656337,0.0,0.0,0.0,0.0,0,0,1.0,0.0,0,0.0,0.0,0.0,0.0,0.0,1,1.0
73f36805f978fce8,6,6b7e1f5b521de19b,,426287.3699204811,0,0.0018062356,0.0,0.0,0.0,0.0,0,0,1.0,0.0,0,0.0,0.0,0.0,0.0,0.0,1,1.0
73f50a709472ba6f,3,6b7e1f5b521de19b,,112465.23272307983,0,0.08702095,0.0,0.0,0.0,0.0,0,0,1.0,0.0,0,0.0,0.0,0.0,0.0,0.0,1,1.0
7413f77109444c36,3,6b7e1f5b521de19b,,25102.753943361105,170,0.005387048,-1.7276271427594835e-17,0.0,0.0,0.0,0,0,1.0,0.0,0,0.0,0.562544871852897,-0.7200367579662865,94.0,0.0,2,1.0
74148783a5dd7a6c,3,6b7e1f5b521de19b,,767.4627551854461,0,0.13980761,0.0,0.0,0.0,0.0,0,0,1.0,0.0,0,0.0,0.0,0.0,0.0,0.0,1,1.0
7423960700eeaece,2,6b7e1f5b521de19b,6f9a9c5f2856c8b3,73370.44475755366,0,0.02619741,0.0,0.0,0.0,0.0,0,0,1.0,0.0,0,0.0,0.0,0.0,0.0,0.0,1,1.0
746906e718b1684a,3,6b7e1f5b521de19b,,35845.270270304114,40,0.023075065,-8.119847570969573e-17,0.0,0.0,0.0,0,0,1.0,0.0,0,0.0,0.0,0.0,40.0,0.0,2,1.0
746d6daacc51b148,3,6b7e1f5b521de19b,,78321.58629120124,237,0.00018418788,-5.270485998131548e-18,0.0,0.0,0.0,0,0,1.0,0.0,0,0.0,1.8579699310816246e-16,0.0,79.0,1.0611793374348761,4,0.2
749d90a955fab9bd,5,6b7e1f5b521de19b,6f9a9c5f2856c8b3,160493.55716765494,0,0.037920356,0.0,0.0,0.0,0.0,0,0,1.0,0.0,0,0.0,0.0,0.0,0.0,0.0,3,1.0
74a5660df4cf1eab,3,6b7e1f5b521de19b,d4f34f97b6d22a81,2621.868326171163,0,0.0012042744,0.0,0.0,0.0,0.0,0,0,1.0,0.0,0,0.0,0.3957956653158145,-0.5671255114928683,0.0,0.0,2,1.0
74b18fbd2c16d822,3,6b7e1f5b521de19b,,186555.16774733728,0,0.13464658,0.0,0.0,0.0,0.0,0,0,1.0,0.0,0,0.0,0.0,0.0,0.0,0.0,1,1.0
74c2b49271ce42c8,4,7545e34e09ae9cad,28c9c64e5918b06e,653101.8130878179,416,3.1699543e-05,-0.010058916205464712,-0.3834139716492658,0.3333333333333339,39.0,1,-1,0.6941743720948453,0.0,0,0.0,0.24999952379461432,557793.9734190837,87.0,1.1033837144022585,4,0.11764705882352941
74df4ade1c6e38d1,2,6b7e1f5b521de19b,6f9a9c5f2856c8b3,28922.004595468414,307,8.757378e-05,-0.011593063531127528,-0.10416666666666667,-5.0,10.0,2,-1,1.2374368670086051,0.0,0,0.0,0.5279106836678571,24700.430100587848,84.0,1.268460956722975,5,0.42857142857142855
74ff9832f95094cb,4,ac6153076817c20f,28c9c64e5918b06e,1077634.4273262932,119,5.983164e-05,-0.06683196534427731,-0.08045977011494253,-7.0,7.0,0,0,0.8944271910310688,0.0,0,0.0,0.09204508801864196,0.2528857897802182,48.0,0.9650337626293236,3,0.25
750b97b54509aca4,4,e366e0e543d0c5cd,28c9c64e5918b06e,2582.916117610372,0,0.32925186,0.0,0.0,0.0,0.0,0,0,1.0,0.0,0,0.0,0.0,0.0,0.0,0.0,1,1.0
750ba166c5bfa679,2,6b7e1f5b521de19b,6f9a9c5f2856c8b3,4841.89872927719,50,0.0046665906,2.1034724577101806e-17,0.0,0.0,0.0,0,0,1.0,0.0,0,0.0,0.0,0.0,49.0,0.9599999999616,2,0.3333333333333333
750ead2da2aa3d12,2,6b7e1f5b521de19b,6f9a9c5f2856c8b3,37429.77330093475,407,0.004768648,0.026553339616752398,-0.03937007874015748,10.0,0.0,0,0,2.537340189022377e-10,2.0,1,0.0,0.08565740890369639,0.1963857194475455,63.0,1.0836634334891224,6,0.38461538461538464
750fbfc718c994a5,3,6b7e1f5b521de19b,,27299.744019779777,125,0.009908434,2.1002353645474534e-16,0.0,0.0,0.0,0,0,1.0,1.0,0,0.008,0.3957235949860171,1.4235869996934798,66.0,1.4265146335411243,5,0.1
7527f06c2a75f4a7,1,6b7e1f5b521de19b,,2046.6148673782125,0,0.12301221,0.0,0.0,0.0,0.0,0,0,1.0,0.0,0,0.0,0.0,0.0,0.0,0.0,1,1.0
752815f15c368622,2,6b7e1f5b521de19b,6f9a9c5f2856c8b3,98.49392076768089,0,0.01633943,0.0,0.0,0.0,0.0,0,0,1.0,0.0,0,0.0,0.0,0.0,0.0,0.0,1,1.0
752fa1c157a42585,4,ac6153076817c20f,28c9c64e5918b06e,36575.68720555207,78,0.0005860751,-1.5598164687450256e-17,0.0,0.0,0.0,0,0,1.0,0.0,0,0.0,0.7070728277991396,31237.214415831622,78.0,0.9999999999743591,2,0.3333333333333333
75364f99688a8c02,4,ad69d8c998aaf479,28c9c64e5918b06e,75174.41159347542,283,6.488322e-05,-4.432378987063787e-18,0.0,0.0,0.0,0,0,1.0,0.0,0,0.0,0.0,0.0,141.0,0.9383272299473652,2,0.2
754f89f66a333041,2,6b7e1f5b521de19b,6f9a9c5f2856c8b3,1.170863568534039,0,0.012820683,0.0,0.0,0.0,0.0,0,0,1.0,0.0,0,0.0,0.0,0.0,0.0,0.0,1,1.0
755bb1a3546104a9,2,6b7e1f5b521de19b,6f9a9c5f2856c8b3,98.49392076768089,0,0.017072957,0.0,0.0,0.0,0.0,0,0,1.0,0.0,0,0.0,0.0,0.0,0.0,0.0,1,1.0
7562fcb4c46c5783,4,e366e0e543d0c5cd,d4f34f97b6d22a81,16492.824891065156,12,0.0048474954,1.607142857142857,-33.75,0.0,90.0,1,0,1.0,0.0,0,0.0,0.0,0.0,8.0,0.33333333327777775,2,0.3333333333333333
7568b3a8b1bbd49d,2,6b7e1f5b521de19b,,313842.28104362544,0,0.14312527,0.0,0.0,0.0,0.0,0,0,1.0,0.0,0,0.0,0.0,0.0,0.0,0.0,2,1.0
75833aa1287df6e3,0,062b9e5a52eb6d8e,,2957.9891201500614,0,0.115640216,0.0,0.0,0.0,0.0,0,0,1.0,0.0,0,0.0,0.0,0.0,0.0,0.0,1,1.0
758a397516937b09,0,6b7e1f5b521de19b,6f9a9c5f2856c8b3,159583.78761743024,467,0.0012972647,-5.678215084594107e-18,0.0,0.0,0.0,0,0,1.0,0.0,0,0.0,0.0,0.0,143.0,0.0,2,1.0
75a44230c7acfb2f,4,4dcb7378104041b8,,89664.46366676311,265,0.0018920628,-8.091518440177906e-18,0.0,0.0,0.0,0,0,1.0,0.0,0,0.0,0.0,0.0,265.0,0.0,2,1.0
75ac3a1cf5e78fa3,6,6b7e1f5b521de19b,,1.170863568534039,193,0.0009807667,3.7889147802687597e-17,0.0,0.0,0.0,0,0,1.0,0.0,0,0.0,0.0,0.0,103.0,0.7976414264090307,2,0.2
75acc96c1b2398d0,0,6b7e1f5b521de19b,6f9a9c5f2856c8b3,1.170863568534039,0,0.0001717583,0.0,0.0,0.0,0.0,0,0,1.0,0.0,0,0.0,0.0,0.0,0.0,0.0,1,1.0
75bd6a8d1450b85e,2,6b7e1f5b521de19b,6f9a9c5f2856c8b3,19916.531771563536,0,0.090724215,0.0,0.0,0.0,0.0,0,0,1.0,0.0,0,0.0,0.0,0.0,0.0,0.0,1,1.0
75bf15718d1212de,4,75c64824a2a4e380,28c9c64e5918b06e,1.170863568534039,0,0.018317813,0.0,0.0,0.0,0.0,0,0,1.0,0.0,0,0.0,0.0,0.0,0.0,0.0,1,1.0
75c4de3e01e023e5,0,6b7e1f5b521de19b,6f9a9c5f2856c8b3,1.170863568534039,0,0.016639795,0.0,0.0,0.0,0.0,0,0,1.0,0.0,0,0.0,0.0,0.0,0.0,0.0,1,1.0
75cf89a67997327d,2,6b7e1f5b521de19b,6f9a9c5f2856c8b3,316675.0452712854,17,0.2093532,9.119165558903195e-16,0.0,0.0,0.0,0,0,1.0,0.0,0,0.0,0.004967578455436673,0.014370903505765422,15.0,1.9376081277867974,6,0.14285714285714285
75d1c5f44ea59548,0,6b7e1f5b521de19b,6f9a9c5f2856c8b3,1.170863568534039,0,0.032175973,0.0,0.0,0.0,0.0,0,0,1.0,0.0,0,0.0,0.0,0.0,0.0,0.0,1,1.0
75ee70a8e1614d6c,4,75c64824a2a4e380,,11264.189824104717,0,0.18468496,0.0,0.0,0.0,0.0,0,0,1.0,0.0,0,0.0,0.0,0.0,0.0,0.0,1,1.0
75f5e3c8f74fb579,2,6b7e1f5b521de19b,6f9a9c5f2856c8b3,1.170863568534039,0,0.31001124,0.0,0.0,0.0,0.0,0,0,1.0,0.0,0,0.0,0.0,0.0,0.0,0.0,1,1.0
7600fdecf478b01b,0,e43bc3ffd79e75b6,,6590.9859511915865,0,0.9999393,0.0,0.0,0.0,0.0,0,0,1.0,0.0,0,0.0,0.0,0.0,0.0,0.0,2,1.0
76102eda2c2b9bc5,2,6b7e1f5b521de19b,6f9a9c5f2856c8b3,98.49392076768089,20,0.00091618055,-1.0721261933235725e-16,0.0,0.0,0.0,0,0,1.0,0.0,0,0.0,0.0,0.0,20.0,0.0,2,1.0
76107524ff6684e8,2,6b7e1f5b521de19b,6f9a9c5f2856c8b3,1.170863568534039,0,0.13717903,0.0,0.0,0.0,0.0,0,0,1.0,1.0,0,0.0,0.0,0.0,0.0,0.0,2,1.0
763e4058424e0a3e,0,6b7e1f5b521de19b,6f9a9c5f2856c8b3,14993.50295923043,176,0.0020092959,0.1200053935008315,-0.36363636363636365,20.0,0.0,0,0,9.999999999000001e-11,0.0,0,0.0,0.0,0.0,87.0,1.2265096532976836,4,0.375
763e5c9e374e4141,0,6b7e1f5b521de19b,6f9a9c5f2856c8b3,98.49392076768089,40,0.0017544106,1.5916342714341382e-16,0.0,0.0,0.0,0,0,1.0,0.0,0,0.0,0.5682352526606523,83.12074934656873,20.0,0.7071067811335146,2,0.25
7643bf7e40b1a8a9,2,6b7e1f5b521de19b,,1845240.0868962975,244,0.0893884,-1.3311225526179628e-17,0.0,0.0,0.0,0,0,1.0,0.0,0,0.0,0.0,0.0,244.0,0.0,2,1.0
765885fe69f6726f,3,6b7e1f5b521de19b,,35845.270270304114,0,0.0007464311,0.0,0.0,0.0,0.0,0,0,1.0,0.0,0,0.0,0.0,0.0,0.0,0.0,1,1.0
76661ab7f04c5e38,2,6b7e1f5b521de19b,6f9a9c5f2856c8b3,191.50542289722227,0,0.5981102,0.0,0.0,0.0,0.0,0,0,1.0,0.0,0,0.0,0.0,0.0,0.0,0.0,1,1.0
766c360ccff4f754,3,6b7e1f5b521de19b,,35845.270270304114,0,0.046165742,0.0,0.0,0.0,0.0,0,0,1.0,0.0,0,0.0,0.0,0.0,0.0,0.0,1,1.0
767f1cec37db8ba6,5,6b7e1f5b521de19b,6f9a9c5f2856c8b3,7242.253035361166,0,0.110670455,0.0,0.0,0.0,0.0,0,0,1.0,0.0,0,0.0,0.0,0.0,0.0,0.0,1,1.0
768350e99db648a7,2,6b7e1f5b521de19b,6f9a9c5f2856c8b3,337698.7052385764,0,0.04862283,0.0,0.0,0.0,0.0,0,0,1.0,0.0,0,0.0,0.7071031036888771,288417.4923965024,0.0,0.0,3,1.0
768688a3f346087b,0,6b7e1f5b521de19b,,524417.177630072,80,0.0008513972,-3.3800674440158503e-17,0.0,0.0,0.0,0,0,1.0,1.0,0,0.0125,0.0,0.0,57.0,0.8780304664088711,2,0.25
7691025434011797,2,6b7e1f5b521de19b,6f9a9c5f2856c8b3,450560.6691294054,135,0.06421576,0.2708475133194076,1.3793103448275863,40.0,0.0,0,0,0.8944271910053677,0.0,0,0.0,0.0,0.0,65.0,1.0654313834330638,2,0.5
76ae8b428f188308,1,6ab36d9b02cbcf6b,,89664.46366676311,1213,4.392325e-05,-0.01857644484628591,0.022172949002217297,-20.0,20.0,0,0,1.0820035614838455e-10,0.0,0,0.0,0.1397002959672851,-0.2597683766540991,427.0,1.0197266725981207,2,0.4166666666666667
76bfce6347ecf944,3,6b7e1f5b521de19b,,2.4198904513070483,0,0.0018349156,0.0,0.0,0.0,0.0,0,0,1.0,0.0,0,0.0,0.0,0.0,0.0,0.0,1,1.0
76d6f0fbcc43a5b6,6,6b7e1f5b521de19b,,9156.030227481784,0,0.9959228,0.0,0.0,0.0,0.0,0,0,1.0,0.0,0,0.0,0.0,0.0,0.0,0.0,1,1.0
76e76d6cbd55b26a,3,6b7e1f5b521de19b,,5655.969519442425,0,0.13303676,0.0,0.0,0.0,0.0,0,0,1.0,0.0,0,0.0,0.0,0.0,0.0,0.0,1,1.0
76ecae077943b384,2,6b7e1f5b521de19b,6f9a9c5f2856c8b3,5863.460546876247,40,0.03655474,-4.0599237854847864e-17,0.0,0.0,0.0,0,0,1.0,0.0,0,0.0,0.0,0.0,40.0,0.0,2,1.0
770122e702eba151,5,6b7e1f5b521de19b,6f9a9c5f2856c8b3,98.49392076768089,20,0.0013761688,-1.0721261933235725e-16,0.0,0.0,0.0,0,0,1.0,0.0,0,0.0,0.0,0.0,20.0,0.0,2,1.0
77068b9db4c88c6d,2,6b7e1f5b521de19b,6f9a9c5f2856c8b3,181592.38649035676,262,0.0005992785,-1.5555563650218665e-17,0.0,0.0,0.0,0,0,1.0,0.0,0,0.0,0.0,0.0,127.0,0.5944158691549565,1,0.25
7707f170f34090df,6,6b7e1f5b521de19b,,1.170863568534039,0,0.018800763,0.0,0.0,0.0,0.0,0,0,1.0,0.0,0,0.0,0.0,0.0,0.0,0.0,1,1.0
770a0344ad76c815,1,6b7e1f5b521de19b,,55492.25906620081,0,0.6113585,0.0,0.0,0.0,0.0,0,0,1.0,0.0,0,0.0,0.0,0.0,0.0,0.0,1,1.0
77215dbceb510e31,1,6b7e1f5b521de19b,,2.4198904513070483,0,0.0129964175,0.0,0.0,0.0,0.0,0,0,1.0,0.0,0,0.0,0.0,0.0,0.0,0.0,1,1.0
772447a935a5f864,3,6b7e1f5b521de19b,d4f34f97b6d22a81,1516.994814448473,2,0.032679062,-2.8088751362644333e-15,0.0,0.0,0.0,0,0,1.0,0.0,0,0.0,0.0,0.0,2.0,0.9999999989999999,3,0.6666666666666666
773ab4e67625f31c,5,6b7e1f5b521de19b,6f9a9c5f2856c8b3,361.29574083874047,0,0.13573714,0.0,0.0,0.0,0.0,0,0,1.0,0.0,0,0.0,0.0,0.0,0.0,0.0,1,1.0
773e7e602781ed08,0,062b9e5a52eb6d8e,,32709.050645243828,0,0.28847462,0.0,0.0,0.0,0.0,0,0,1.0,0.0,0,0.0,0.0,0.0,0.0,0.0,1,1.0
7754c716a7657ab2,2,6b7e1f5b521de19b,6f9a9c5f2856c8b3,239.9674542220373,0,0.106281385,0.0,0.0,0.0,0.0,0,0,1.0,0.0,0,0.0,0.0,0.0,0.0,0.0,3,1.0
7756c94551ce7b27,2,6b7e1f5b521de19b,d4f34f97b6d22a81,7824.229947993344,0,0.020541204,0.0,0.0,0.0,0.0,0,0,1.0,0.0,0,0.0,0.0,0.0,0.0,0.0,1,1.0
775723f8c1cbb1cf,6,6b7e1f5b521de19b,,1.170863568534039,202,0.0010643784,-8.167627974938494e-17,0.0,0.0,0.0,0,0,1.0,0.0,0,0.0,0.0,0.0,146.0,0.4455445544510342,1,0.3333333333333333
776f610b132a4b2d,2,6b7e1f5b521de19b,,7369.351110629336,0,0.16504058,0.0,0.0,0.0,0.0,0,0,1.0,0.0,0,0.0,0.0,0.0,0.0,0.0,1,1.0
77726bc07c347541,0,fc3655a0b667e091,,574151.2470026292,554,0.0019097187,0.05183849465626708,-0.1249266862170088,32.5,20.0,2,0,0.8395585704409653,2.0,0,0.0036101083032490976,0.4805282304181405,-0.6938406068403308,189.0,1.058654642140628,2,0.16666666666666666
77747f5c9adff506,2,6b7e1f5b521de19b,6f9a9c5f2856c8b3,282987.21599032666,0,0.5579876,0.0,0.0,0.0,0.0,0,0,1.0,0.0,0,0.0,0.0,0.0,0.0,0.0,1,1.0
77916c3e92d4ed23,3,6b7e1f5b521de19b,d4f34f97b6d22a81,30322.999301518626,0,0.09209296,0.0,0.0,0.0,0.0,0,0,1.0,0.0,0,0.0,0.0,0.0,0.0,0.0,1,1.0
7793a68c1ee7b8e3,3,6b7e1f5b521de19b,,40882.782652931186,0,0.0033587213,0.0,0.0,0.0,0.0,0,0,1.0,0.0,0,0.0,0.0,0.0,0.0,0.0,1,1.0
779812fc7e03b7e3,6,6b7e1f5b521de19b,,71771.35769564913,0,0.103913836,0.0,-29.0,29.0,0.0,0,1,1.0,3.0,0,0.0,0.0,0.0,0.0,0.0,2,1.0
779a3b7258aa4420,0,6b7e1f5b521de19b,6f9a9c5f2856c8b3,8883.03426263323,0,0.09528898,0.0,0.0,0.0,0.0,0,0,1.0,0.0,0,0.0,0.0,0.0,0.0,0.0,1,1.0
779a85418957852a,2,6b7e1f5b521de19b,d4f34f97b6d22a81,2625.6206839997444,20,0.001104099,-6.0832842281056e-17,0.0,0.0,0.0,0,0,1.0,0.0,0,0.0,0.7066338981377541,2241.4650954740277,20.0,0.9999999999,2,0.3333333333333333
77a9f2816c203315,4,e366e0e543d0c5cd,d4f34f97b6d22a81,1.170863568534039,0,0.14585179,0.0,0.0,0.0,0.0,0,0,1.0,0.0,0,0.0,0.0,0.0,0.0,0.0,1,1.0
77addb00271fd4ea,3,6b7e1f5b521de19b,6f9a9c5f2856c8b3,6009.906030357736,0,0.17103592,0.0,0.0,0.0,0.0,0,0,1.0,0.0,0,0.0,0.0,0.0,0.0,0.0,1,1.0
77b5ddd7865a2bdf,0,16450d61eee679f5,,870350.122287474,0,0.005048747,0.0,0.0,0.0,0.0,0,0,1.0,1.0,1,0.0,0.0,0.0,0.0,0.0,3,1.0
77b93451718444af,0,6b7e1f5b521de19b,6f9a9c5f2856c8b3,147684.5457472833,104,0.00037123042,1.0292416847096502e-17,0.0,0.0,0.0,0,0,1.0,0.0,0,0.0,0.501634214201618,126132.00961459531,63.0,1.0437897495838473,3,0.2
77c9c5f20399d464,2,6b7e1f5b521de19b,6f9a9c5f2856c8b3,98.49392076768089,23,0.0009040379,-9.32283646368324e-17,0.0,0.0,0.0,0,0,1.0,0.0,0,0.0,0.0,0.0,23.0,0.0,2,1.0
77e1ce91161dd5a8,5,6b7e1f5b521de19b,6f9a9c5f2856c8b3,197393.98616920816,0,0.7000771,0.0,0.0,0.0,0.0,0,0,1.0,0.0,0,0.0,0.0,0.0,0.0,0.0,1,1.0
77ef976c98d90268,4,506023b3e03cfab3,28c9c64e5918b06e,1.170863568534039,0,0.011358249,0.0,0.0,0.0,0.0,0,0,1.0,0.0,0,0.0,0.0,0.0,0.0,0.0,1,1.0
77f448978a9077be,4,255414ab73601d72,28c9c64e5918b06e,24930.903793298134,0,0.070089616,0.0,0.0,0.0,0.0,0,0,1.0,0.0,0,0.0,0.0,0.0,0.0,0.0,1,1.0
77f579c6efe64945,0,062b9e5a52eb6d8e,,534594.3560259738,482,0.004734688,6.060481917927863e-18,0.0,0.0,0.0,0,0,1.0,0.0,0,0.0,0.08067188166476125,-0.19386017174465583,296.0,0.8986540327594844,2,0.4
782bb9dca2df6e1a,2,6b7e1f5b521de19b,6f9a9c5f2856c8b3,1.170863568534039,0,0.005569275,0.0,0.0,0.0,0.0,0,0,1.0,0.0,0,0.0,0.0,0.0,0.0,0.0,1,1.0
7834608370640a5e,2,6b7e1f5b521de19b,6f9a9c5f2856c8b3,1.170863568534039,0,0.061524913,0.0,0.0,0.0,0.0,0,0,1.0,0.0,0,0.0,0.0,0.0,0.0,0.0,1,1.0
78390a638314bc2a,3,6b7e1f5b521de19b,,15148.483549845856,60,0.084831014,-5.955022141686205e-17,0.0,0.0,0.0,0,0,1.0,1.0,0,0.016666666666666666,0.0,0.0,50.0,1.8257418581679794,5,0.2857142857142857
783af51c774238df,6,6b7e1f5b521de19b,,12192.539237132221,0,0.9959228,0.0,0.0,0.0,0.0,0,0,1.0,0.0,0,0.0,0.0,0.0,0.0,0.0,1,1.0
78401637088d8fb9,3,6b7e1f5b521de19b,,270801.9611719012,40,0.043431837,-8.119847570969573e-17,0.0,0.0,0.0,0,0,1.0,0.0,0,0.0,0.0,0.0,40.0,0.0,2,1.0
7840c191913a48bb,2,6b7e1f5b521de19b,6f9a9c5f2856c8b3,1.170863568534039,0,0.46054703,0.0,0.0,0.0,0.0,0,0,1.0,0.0,0,0.0,0.0,0.0,0.0,0.0,1,1.0
7845e824db40d0fa,3,6b7e1f5b521de19b,d4f34f97b6d22a81,14529.093688575482,0,0.0032946498,0.0,0.0,0.0,0.0,0,0,1.0,0.0,0,0.0,0.0,0.0,0.0,0.0,1,1.0
787735966d96bfeb,0,674ec33189ed753c,,6825.920575393989,0,0.03395863,0.0,0.0,0.0,0.0,0,0,1.0,0.0,0,0.0,0.0,0.0,0.0,0.0,1,1.0
787cad88150a6694,2,6b7e1f5b521de19b,6f9a9c5f2856c8b3,83485.47287873202,0,0.51292765,0.0,0.0,0.0,0.0,0,0,1.0,0.0,0,0.0,0.9999719508770014,71301.47718208423,0.0,0.0,2,1.0
7881ab5b9e6bb6f6,2,6b7e1f5b521de19b,6f9a9c5f2856c8b3,98.49392076768089,252,0.00042886694,2.6023290357053987e-17,0.0,0.0,0.0,0,0,1.0,0.0,0,0.0,0.372838186394104,83.12074934656873,126.0,1.1059403493721711,3,0.25
7885a497a2cfc0f5,2,6b7e1f5b521de19b,6f9a9c5f2856c8b3,458.86664594939054,0,0.05665146,0.0,-30.0,30.0,0.0,0,1,1.0,0.0,0,0.0,0.0,0.0,0.0,0.0,2,1.0
78957cd3707d949a,1,6b7e1f5b521de19b,,148468.30611511727,193,0.0010316761,2.1979494624621722e-17,0.0,0.0,0.0,0,0,1.0,0.0,0,0.0,0.22395665751735003,-0.38647825837185984,193.0,1.7320508075329801,4,0.2
7896c48d6dcdef87,5,6b7e1f5b521de19b,6f9a9c5f2856c8b3,3239565.4790349905,0,0.5066424,0.0,0.0,0.0,0.0,0,0,1.0,0.0,0,0.0,0.0,0.0,0.0,0.0,1,1.0
78b948c58b098466,3,6b7e1f5b521de19b,d4f34f97b6d22a81,2.4198904513070483,0,0.002247953,0.0,0.0,0.0,0.0,0,0,1.0,0.0,0,0.0,0.0,0.0,0.0,0.0,1,1.0
78c946a177224874,5,6b7e1f5b521de19b,6f9a9c5f2856c8b3,415.3892283045608,0,0.09334304,0.0,0.0,0.0,0.0,0,0,1.0,0.0,0,0.0,0.0,0.0,0.0,0.0,1,1.0
78ea0fdbc337787a,0,6b7e1f5b521de19b,6f9a9c5f2856c8b3,98.49392076768089,58,0.0006033942,-2.097684216588138e-17,0.0,0.0,0.0,0,0,1.0,0.0,0,0.0,0.0,0.0,58.0,0.9999999999655173,2,0.3333333333333333
78ef96ed57db602d,2,6b7e1f5b521de19b,6f9a9c5f2856c8b3,151754.38716719832,240,0.0012045279,-0.13743002115748265,0.0,0.0,60.0,1,-1,1.0,0.0,0,0.0,0.0,0.0,127.0,0.7107068078005437,2,0.25
78fee4bd13ecf0aa,3,6b7e1f5b521de19b,d4f34f97b6d22a81,123102.7926276551,94,0.02805765,0.33678796610432077,-0.4642857142857143,26.666666666666664,0.0,0,1,0.47968275083555273,2.0,2,0.010638297872340425,0.2057083849932984,4.787112232351028,19.0,1.0695590404610797,6,0.11764705882352941
7901e4d9804f013a,0,6b7e1f5b521de19b,6f9a9c5f2856c8b3,208.77834049822422,1,0.011808918,-2.144252386647145e-15,0.0,0.0,0.0,0,0,1.0,0.0,0,0.0,0.7082355286002474,4.854844218847609,1.0,0.0,2,1.0
7906ffc087eb9e8f,2,6b7e1f5b521de19b,6f9a9c5f2856c8b3,1.170863568534039,0,0.09816733,0.0,0.0,0.0,0.0,0,0,1.0,0.0,0,0.0,0.0,0.0,0.0,0.0,1,1.0
790da437b95409e5,4,ddbd249e57ed6b40,28c9c64e5918b06e,1.170863568534039,0,0.0028979531,0.0,0.0,0.0,0.0,0,0,1.0,0.0,0,0.0,0.0,0.0,0.0,0.0,1,1.0
791352170b5078ba,2,6b7e1f5b521de19b,6f9a9c5f2856c8b3,1.170863568534039,0,0.18620154,0.0,0.0,0.0,0.0,0,0,1.0,0.0,0,0.0,0.0,0.0,0.0,0.0,1,1.0
793033c9e44356b1,2,6b7e1f5b521de19b,6f9a9c5f2856c8b3,1.170863568534039,0,0.53738886,0.0,0.0,0.0,0.0,0,0,1.0,0.0,0,0.0,0.0,0.0,0.0,0.0,1,1.0
7936de0565f96c2d,5,6b7e1f5b521de19b,6f9a9c5f2856c8b3,6001930.290937516,0,0.00025327466,0.0,0.0,0.0,0.0,0,0,1.0,0.0,0,0.0,0.0,0.0,0.0,0.0,1,1.0
794238c9964af4ca,5,6b7e1f5b521de19b,6f9a9c5f2856c8b3,1.170863568534039,0,0.0001996092,0.0,0.0,0.0,0.0,0,0,1.0,0.0,0,0.0,0.0,0.0,0.0,0.0,1,1.0
796125a209f6dad0,2,6b7e1f5b521de19b,6f9a9c5f2856c8b3,184329.8459343424,0,0.14177348,0.0,0.0,0.0,0.0,0,0,1.0,0.0,0,0.0,0.0,0.0,0.0,0.0,1,1.0
7968027dccfb265e,4,75c64824a2a4e380,28c9c64e5918b06e,1510925.5210753132,189,0.41550347,0.10782996703064916,0.5633802816901409,40.0,0.0,0,1,1.4288690165928808,2.0,0,0.010582010582010581,0.5201980207746525,23.613954367185723,39.0,0.7638496633852554,3,0.35714285714285715
79812939daedc58d,6,6b7e1f5b521de19b,,1.170863568534039,0,0.391614,0.0,-65.0,65.0,0.0,0,1,1.0,0.0,0,0.0,0.0,0.0,0.0,0.0,2,1.0
798af2a08fcc246e,5,6b7e1f5b521de19b,6f9a9c5f2856c8b3,92517.57966103425,91,0.38074806,0.1280344805729861,-0.2777777777777778,10.0,0.0,0,0,2.0124611793448112e-10,0.0,0,0.0,0.12973896538598356,0.37607170461776446,36.0,1.1240528220635708,4,0.2222222222222222
7991179de73ee59f,0,6828ce51082c111b,,775212.4104637865,0,0.06145148,0.0,0.0,0.0,0.0,0,0,1.0,0.0,0,0.0,0.0,0.0,0.0,0.0,1,1.0
799e86449d31b422,6,6b7e1f5b521de19b,,11068.385975830257,0,0.99609935,0.0,0.0,0.0,0.0,0,0,1.0,0.0,0,0.0,0.0,0.0,0.0,0.0,1,1.0
79d2980742ab0faa,2,6b7e1f5b521de19b,6f9a9c5f2856c8b3,1.170863568534039,0,0.07319428,0.0,0.0,0.0,0.0,0,0,1.0,0.0,0,0.0,0.0,0.0,0.0,0.0,1,1.0
79dc8d1ecadb2fe0,0,6b7e1f5b521de19b,6f9a9c5f2856c8b3,1.170863568534039,0,0.006282152,0.0,0.0,0.0,0.0,0,0,1.0,0.0,0,0.0,0.0,0.0,0.0,0.0,1,1.0
79e1e3ef1ae83fd4,3,6b7e1f5b521de19b,d4f34f97b6d22a81,793634.6673649994,0,0.124990955,0.0,-20.0,20.0,0.0,0,1,1.0,0.0,0,0.0,0.0,0.0,0.0,0.0,4,1.0
79eba1bdff400c06,2,6b7e1f5b521de19b,6f9a9c5f2856c8b3,203171.0983040232,0,0.14177348,0.0,0.0,0.0,0.0,0,0,1.0,0.0,0,0.0,0.0,0.0,0.0,0.0,1,1.0
7a194c281b4ae7ec,2,6b7e1f5b521de19b,6f9a9c5f2856c8b3,723.690630731221,0,0.04241793,0.0,0.0,0.0,0.0,0,0,1.0,0.0,0,0.0,0.7053921195829638,617.0827981839986,0.0,0.0,3,1.0
7a5fc8ad0f5dd005,6,6b7e1f5b521de19b,,106.50980251571035,0,0.022379298,0.0,0.0,0.0,0.0,0,0,1.0,0.0,0,0.0,0.0,0.0,0.0,0.0,1,1.0
7a6a6d4806ee5af3,2,6b7e1f5b521de19b,,5083.8994500666495,0,0.0026228563,0.0,0.0,0.0,0.0,0,0,1.0,0.0,0,0.0,0.0,0.0,0.0,0.0,1,1.0
7a6e5d03e232e27d,3,6b7e1f5b521de19b,,3303.290441942712,6,0.8398591,6.666666666666665,-6.666666666666667,40.0,0.0,0,1,1.0,1.0,0,0.16666666666666666,0.0,0.0,6.0,0.0,2,1.0
7a7d94b4a708cc42,2,6b7e1f5b521de19b,6f9a9c5f2856c8b3,98.49392076768089,0,0.014594979,0.0,0.0,0.0,0.0,0,0,1.0,0.0,0,0.0,0.0,0.0,0.0,0.0,1,1.0
7a90df705ba8e0c4,3,6b7e1f5b521de19b,d4f34f97b6d22a81,179094.26863918084,26,0.06573938,-8.840629495046025e-17,0.0,0.0,0.0,0,0,1.0,0.0,0,0.0,0.022868174397447795,0.073599912351661,23.0,2.1379910932224324,5,0.625
7af29e982aa879c4,5,6b7e1f5b521de19b,d4f34f97b6d22a81,1.170863568534039,0,0.0033441177,0.0,0.0,0.0,0.0,0,0,1.0,0.0,0,0.0,0.0,0.0,0.0,0.0,1,1.0
7af48f4b45f0315d,5,6b7e1f5b521de19b,6f9a9c5f2856c8b3,2108.1136796593214,0,0.09738505,0.0,0.0,0.0,0.0,0,0,1.0,0.0,0,0.0,0.0,0.0,0.0,0.0,1,1.0
7afd033bdf69760d,4,48deb34ff5cdd785,28c9c64e5918b06e,880804.1711048215,125,0.0004382406,7.642352835626868e-18,0.0,0.0,0.0,0,0,1.0,0.0,0,0.0,0.32311552770992386,752267.8336845413,53.0,1.5342281445561021,7,0.15384615384615385
7b0ee0d1c2ea9568,3,6b7e1f5b521de19b,,76211.40369331678,141,0.00063135085,-1.5207463735086137e-17,0.0,0.0,0.0,0,0,1.0,0.0,0,0.0,0.0,0.0,141.0,0.0,2,1.0
7b25f2bd92afdda2,0,6b7e1f5b521de19b,6f9a9c5f2856c8b3,283.8199919298897,276,0.009133617,-2.3461974684551995e-17,0.0,0.0,0.0,0,0,1.0,0.0,0,0.0,1.6596862783373312,241.40227431898145,91.0,1.3742921264231427,4,0.3888888888888889
7b296ef2c8725e47,3,6b7e1f5b521de19b,d4f34f97b6d22a81,176510.64343356006,29,0.008563896,1.4627732629489626e-16,0.0,0.0,0.0,0,0,1.0,0.0,0,0.0,0.0,0.0,29.0,1.7320508073299736,4,0.2
7b397411953564a3,0,6b7e1f5b521de19b,6f9a9c5f2856c8b3,152496.62633640048,0,0.021512242,0.0,0.0,0.0,0.0,0,0,1.0,0.0,0,0.0,0.0,0.0,0.0,0.0,1,1.0
7b5b6268ed8648f8,5,6b7e1f5b521de19b,d4f34f97b6d22a81,33674.2230102896,307,0.00031192988,-0.04500618525905599,-0.644927536231884,20.0,30.0,1,0,5.272705039804951e-11,1.0,0,0.003257328990228013,0.08591576600261504,0.09300804772078688,76.0,1.0622788597572679,4,0.14285714285714285
7b66df14d387c7f3,3,6b7e1f5b521de19b,,1.170863568534039,0,0.00024432503,0.0,0.0,0.0,0.0,0,0,1.0,0.0,0,0.0,0.0,0.0,0.0,0.0,1,1.0
7b8764c114fd581d,5,6b7e1f5b521de19b,d4f34f97b6d22a81,1.170863568534039,0,0.6607557,0.0,0.0,0.0,0.0,0,0,1.0,0.0,0,0.0,0.0,0.0,0.0,0.0,1,1.0
7b8ab71b7f55276b,6,6b7e1f5b521de19b,,470311.68177415984,0,0.99574006,0.0,0.0,0.0,0.0,0,0,1.0,0.0,0,0.0,0.0,0.0,0.0,0.0,1,1.0
7b8c66ebf6d631da,3,6b7e1f5b521de19b,,1.170863568534039,0,0.00065893884,0.0,0.0,0.0,0.0,0,0,1.0,0.0,0,0.0,0.0,0.0,0.0,0.0,1,1.0
7badd9dde584e674,3,6b7e1f5b521de19b,,9648.963805727817,0,0.005989771,0.0,0.0,0.0,0.0,0,0,1.0,0.0,0,0.0,0.0,0.0,0.0,0.0,1,1.0
7bc4208465fbec60,2,6b7e1f5b521de19b,6f9a9c5f2856c8b3,10348.85927884322,300,0.000818798,0.018256663100609343,-0.7142857142857143,10.0,0.0,0,1,1.0,0.0,0,0.0,0.5364743269506016,-0.6470920836288403,286.0,0.9066666666606222,1,0.3333333333333333
7bea351c13b793af,2,6b7e1f5b521de19b,6f9a9c5f2856c8b3,251.1565952727217,52,0.0044568474,-4.030972683161056e-17,0.0,0.0,0.0,0,0,1.0,0.0,0,0.0,0.49708971272355035,213.50543173631945,35.0,1.0420167063924652,3,0.4
7bf1ff814d057e4e,2,6b7e1f5b521de19b,6f9a9c5f2856c8b3,229487.06611308106,0,0.94453436,0.0,-60.0,60.0,0.0,0,1,1.0,0.0,0,0.0,0.9999897958728957,195997.12675050323,0.0,0.0,2,1.0
7bff3a90f350acf7,3,6b7e1f5b521de19b,,2.4198904513070483,0,0.017176427,0.0,0.0,0.0,0.0,0,0,1.0,0.0,0,0.0,0.0,0.0,0.0,0.0,1,1.0
7c01555acd5de419,5,6b7e1f5b521de19b,6f9a9c5f2856c8b3,1589202.6235374336,0,0.51728654,0.0,0.0,0.0,0.0,0,0,1.0,0.0,0,0.0,0.0,0.0,0.0,0.0,1,1.0
7c3017b5cc759477,2,6b7e1f5b521de19b,,194582.11350708478,0,0.1410688,0.0,0.0,0.0,0.0,0,0,1.0,0.0,0,0.0,0.0,0.0,0.0,0.0,1,1.0
7c4bcba011625935,2,6b7e1f5b521de19b,6f9a9c5f2856c8b3,98.49392076768089,37,0.0043703797,-5.79527672066796e-17,0.0,0.0,0.0,0,0,1.0,0.0,0,0.0,0.0,0.0,37.0,0.0,2,1.0
7c5747ce3c1b8bd9,4,38080774be85927f,28c9c64e5918b06e,1.170863568534039,0,0.75592387,0.0,0.0,0.0,0.0,0,0,1.0,0.0,0,0.0,0.0,0.0,0.0,0.0,1,1.0
7c72bda663f73d28,2,6b7e1f5b521de19b,6f9a9c5f2856c8b3,50900.136832545795,0,0.70624125,0.0,0.0,0.0,0.0,0,0,1.0,0.0,0,0.0,0.0,0.0,0.0,0.0,1,1.0
7c7355177ecf3ed8,2,6b7e1f5b521de19b,d4f34f97b6d22a81,749.6252703395677,0,0.928672,0.0,0.0,0.0,0.0,0,0,1.0,0.0,0,0.0,0.0,0.0,0.0,0.0,1,1.0
7c800b506037b18e,3,6b7e1f5b521de19b,,27364.314495222257,0,0.07030134,0.0,0.0,0.0,0.0,0,0,1.0,0.0,0,0.0,0.0,0.0,0.0,0.0,1,1.0
7c8267201ccebee2,1,6b7e1f5b521de19b,,9648.963805727817,0,0.0577672,0.0,0.0,0.0,0.0,0,0,1.0,0.0,0,0.0,0.0,0.0,0.0,0.0,1,1.0
7c8c871b8fe0b7ea,2,6b7e1f5b521de19b,6f9a9c5f2856c8b3,316276.5681536606,72,0.0071542994,-3.324856347106028e-17,0.0,0.0,0.0,0,0,1.0,0.0,0,0.0,0.181355218252748,0.5174170588502398,72.0,0.9999999999722223,2,0.3333333333333333
7c8e3ef00f25f597,0,6b7e1f5b521de19b,6f9a9c5f2856c8b3,1.170863568534039,0,0.64021665,0.0,0.0,0.0,0.0,0,0,1.0,0.0,0,0.0,0.0,0.0,0.0,0.0,1,1.0
7c8ea949ddc6b36c,2,6b7e1f5b521de19b,d4f34f97b6d22a81,3963.295336135367,63,0.24990033,0.3776524308353478,-0.59375,12.666666666666668,0.0,0,0,1.6747265867402997e-10,0.0,0,0.0,0.4482023966104112,3383.933516291354,30.0,2.4077853060469483,15,0.05555555555555555
7cb555e2e0f7cdef,3,6b7e1f5b521de19b,,11264.189824104717,0,0.066299655,0.0,0.0,0.0,0.0,0,0,1.0,0.0,0,0.0,0.0,0.0,0.0,0.0,1,1.0
7cd63abb16630e3e,2,6b7e1f5b521de19b,6f9a9c5f2856c8b3,45430.060719767345,109,0.35705197,0.6135844748858448,0.7936507936507936,50.0,0.0,0,0,4.102580752378655e-11,0.0,0,0.0,0.17595978527352035,-0.3868592392356311,34.0,1.6967765274394686,6,0.16666666666666666
7ce7cc441926b666,2,6b7e1f5b521de19b,6f9a9c5f2856c8b3,171922.9720937243,76,0.016953556,-3.5509132967131684e-16,0.0,0.0,0.0,0,0,1.0,0.0,0,0.0,0.3600584884777466,2.1127172721071887,16.0,1.454527747519529,8,0.17391304347826086
7ce8875f31075d76,2,6b7e1f5b521de19b,,1.170863568534039,0,0.0019959195,0.0,0.0,0.0,0.0,0,0,1.0,0.0,0,0.0,0.0,0.0,0.0,0.0,1,1.0
7cfac3417578e992,3,6b7e1f5b521de19b,6f9a9c5f2856c8b3,1.170863568534039,0,0.5289991,0.0,0.0,0.0,0.0,0,0,1.0,0.0,0,0.0,0.0,0.0,0.0,0.0,1,1.0
7d097ee336c2626c,5,6b7e1f5b521de19b,d4f34f97b6d22a81,1.170863568534039,0,0.20652822,0.0,0.0,0.0,0.0,0,0,1.0,0.0,0,0.0,0.0,0.0,0.0,0.0,1,1.0
7d125838cabdf4a4,4,fd10c5543bdbcbc9,d4f34f97b6d22a81,1.170863568534039,0,0.0028979531,0.0,0.0,0.0,0.0,0,0,1.0,0.0,0,0.0,0.0,0.0,0.0,0.0,1,1.0
7d13b5b03b95a041,2,6b7e1f5b521de19b,6f9a9c5f2856c8b3,1676.53551806269,0,0.040182605,0.0,0.0,0.0,0.0,0,0,1.0,0.0,0,0.0,0.0,0.0,0.0,0.0,1,1.0
7d14edecc1aa9bae,2,6b7e1f5b521de19b,6f9a9c5f2856c8b3,1.170863568534039,0,0.21062772,0.0,0.0,0.0,0.0,0,0,1.0,0.0,0,0.0,0.0,0.0,0.0,0.0,1,1.0
7d1945c0a5aff083,1,6b7e1f5b521de19b,,721391.1250254059,141,0.0002153291,-7.603731867543068e-18,0.0,0.0,0.0,0,0,1.0,0.0,0,0.0,0.0,0.0,141.0,0.0,2,1.0
7d1a2b3bcc1f621f,5,6b7e1f5b521de19b,d4f34f97b6d22a81,22717.492802832112,6,0.62533015,0.8048780487804881,-1.8,9.0,0.0,0,0,1.0,3.0,0,0.5,0.1353176052957509,-0.2898573294129395,5.0,1.0801234491945817,4,0.5
7d5871fcd7c31da4,2,6b7e1f5b521de19b,6f9a9c5f2856c8b3,60384.96438492454,0,0.9692908,0.0,0.0,0.0,0.0,0,0,1.0,0.0,0,0.0,0.0,0.0,0.0,0.0,1,1.0
7d5a75c18979caf7,0,6b7e1f5b521de19b,6f9a9c5f2856c8b3,1.170863568534039,0,0.062188044,0.0,0.0,0.0,0.0,0,0,1.0,0.0,0,0.0,0.0,0.0,0.0,0.0,1,1.0
7d5a9ea3c4c2ac8d,2,6b7e1f5b521de19b,6f9a9c5f2856c8b3,98.49392076768089,24,0.0005972221,-8.934384944363104e-17,0.0,0.0,0.0,0,0,1.0,0.0,0,0.0,0.0,0.0,24.0,0.0,2,1.0
7d603cb9eb92d322,3,6b7e1f5b521de19b,d4f34f97b6d22a81,348.4498373167424,0,0.06610688,0.0,0.0,0.0,0.0,0,0,1.0,0.0,0,0.0,0.0,0.0,0.0,0.0,1,1.0
7d7dcb152b911140,5,6b7e1f5b521de19b,6f9a9c5f2856c8b3,1.170863568534039,0,0.018865045,0.0,0.0,0.0,0.0,0,0,1.0,0.0,0,0.0,0.0,0.0,0.0,0.0,1,1.0
7d7e4d5efb6a85ef,2,6b7e1f5b521de19b,,1875334.4167467572,350,0.0030089126,0.08617802003715094,-40.0,40.0,0.0,0,0,0.8838834764891101,0.0,0,0.0,0.10800229650230435,-0.20259337086601673,216.0,1.05346076899492,3,0.2
7db19eeb243f47bd,0,6b7e1f5b521de19b,6f9a9c5f2856c8b3,37106.30280581367,13,0.0031518887,-0.08645533141210388,0.0,0.0,10.0,1,1,1.0,0.0,0,0.0,0.0,0.0,8.0,0.761499610332859,3,0.25
7dc6bfb5859437bd,0,6b7e1f5b521de19b,6f9a9c5f2856c8b3,1.170863568534039,0,0.16426425,0.0,0.0,0.0,0.0,0,0,1.0,0.0,0,0.0,0.0,0.0,0.0,0.0,1,1.0
7dcc6227c3cad76e,3,6b7e1f5b521de19b,,1.170863568534039,0,0.008568674,0.0,0.0,0.0,0.0,0,0,1.0,0.0,0,0.0,0.0,0.0,0.0,0.0,1,1.0
7dcd8a0fe3c66308,4,7545e34e09ae9cad,28c9c64e5918b06e,1296814.0840430467,162,0.0026374564,0.18210314202552433,-0.06265664160401002,35.0,0.0,0,0,0.3631365196546906,0.0,0,0.0,0.3779640830030858,1107569.6161621392,45.0,0.752124461482283,2,0.25
7e00d879de37c016,2,6b7e1f5b521de19b,6f9a9c5f2856c8b3,19148.06569818277,0,0.018901052,0.0,0.0,0.0,0.0,0,0,1.0,0.0,0,0.0,0.0,0.0,0.0,0.0,1,1.0
7e0bda3250f40b2c,4,38080774be85927f,28c9c64e5918b06e,381.9983699690621,0,0.00371196,0.0,0.0,0.0,0.0,0,0,1.0,0.0,0,0.0,0.0,0.0,0.0,0.0,1,1.0
7e13fff93e90d32a,0,6b7e1f5b521de19b,6f9a9c5f2856c8b3,227335.27596772442,200,0.0033167892,-0.03377028940774895,1.5,-15.0,15.0,0,0,1.666666666388889e-10,0.0,0,0.0,0.1379919886076372,0.37508633688122545,63.0,1.844924538559208,11,0.1
7e2eafa8b934bcdd,0,6b7e1f5b521de19b,6f9a9c5f2856c8b3,148204.74037875893,0,0.59970874,0.0,-50.0,50.0,0.0,0,1,1.0,0.0,0,0.0,0.7493847964968655,5.980361813823703,0.0,0.0,2,1.0
7e2f9f62524775af,0,6b7e1f5b521de19b,,11338.365398214035,0,0.021082785,0.0,0.0,0.0,0.0,0,0,1.0,0.0,0,0.0,0.0,0.0,0.0,0.0,1,1.0
7e2fee55db647435,1,6b7e1f5b521de19b,,7462.549718226731,431,0.00043021594,-0.07986100581699222,0.35398230088495575,-40.0,40.0,0,0,5.58798756195887e-11,0.0,0,0.0,0.0,0.0,149.0,0.8886886389011711,2,0.2
7e30655ee49f4922,5,6b7e1f5b521de19b,6f9a9c5f2856c8b3,1.170863568534039,0,0.023778336,0.0,0.0,0.0,0.0,0,0,1.0,0.0,0,0.0,0.0,0.0,0.0,0.0,2,1.0
7e3bd32e3dd535e2,0,6b7e1f5b521de19b,,100888.69199902058,0,0.93545586,0.0,-50.0,50.0,0.0,0,1,1.0,0.0,0,0.0,0.9999767892722556,86165.05274117176,0.0,0.0,2,1.0
7e44b3e6e75fd95f,1,6b7e1f5b521de19b,6f9a9c5f2856c8b3,1944871.4868792323,275,0.0011281354,0.004888627259932882,5.0181818181818185,0.0,5.0,1,1,1.0825317546892825,0.0,0,0.0,0.49999962373368856,1661056.3077393447,261.0,1.616620288425444,3,0.2
7e44f0f74a2830a7,5,6b7e1f5b521de19b,d4f34f97b6d22a81,15380.385086944978,11,0.9929997,1.6217105263157907,2.8333333333333335,17.0,0.0,0,1,1.0825317547184112,0.0,0,0.0,0.0,0.0,6.0,1.008230591125136,4,0.2
7e474d71fe105373,3,6b7e1f5b521de19b,,12483.414223318267,0,0.00017004322,0.0,0.0,0.0,0.0,0,0,1.0,0.0,0,0.0,0.0,0.0,0.0,0.0,1,1.0
7e53c894032019a0,2,6b7e1f5b521de19b,6f9a9c5f2856c8b3,1.170863568534039,0,0.017324327,0.0,0.0,0.0,0.0,0,0,1.0,0.0,0,0.0,0.0,0.0,0.0,0.0,1,1.0
7e573d2f712f962b,1,6b7e1f5b521de19b,,3516.028564166581,18,0.019327128,-0.6944444444444462,-25.0,-25.0,25.0,0,-1,1.0,0.0,0,0.0,0.0,0.0,18.0,0.9999999998888889,2,0.6666666666666666
7e80a56702d926e1,3,6b7e1f5b521de19b,,35845.270270304114,140,6.277912e-05,-1.4491561279797138e-19,0.0,0.0,0.0,0,0,1.0,0.0,0,0.0,0.0,0.0,105.0,1.2136973364087198,3,0.2
7e943e3c5bf850f5,5,6b7e1f5b521de19b,d4f34f97b6d22a81,81328.24276572846,22,0.0010012558,-0.08206106870229002,0.16666666666666666,-1.0,10.0,1,0,3.2689472042460647e-10,1.0,0,0.045454545454545456,0.36824716468163543,69459.05064241104,10.0,1.2563886323690636,6,0.2222222222222222
7e958ecdcd31efae,2,6b7e1f5b521de19b,6f9a9c5f2856c8b3,227515.35017931758,32,0.005044641,-0.9375000000000001,0.9375,-30.0,30.0,0,-1,1.0,0.0,0,0.0,0.0,0.0,32.0,0.0,2,1.0
7e970cbad814e337,1,6b7e1f5b521de19b,,54608.54408792734,0,0.14356117,0.0,0.0,0.0,0.0,0,0,1.0,0.0,0,0.0,0.20410547449418573,0.5128957869498508,0.0,0.0,2,1.0
7e9facd04c7b80b3,3,6b7e1f5b521de19b,,5655.969519442425,106,0.0013930796,0.09867760534694926,-0.20408163265306123,10.0,0.0,0,0,2.0412414519026488e-10,1.0,0,0.009433962264150943,0.33098495440345016,-0.49788048605688656,49.0,1.3863752419631452,5,0.1
7ea6b44376ddbc79,4,6ab36d9b02cbcf6b,28c9c64e5918b06e,39747.982808026936,139,0.0016731372,-1.9398875625346027e-17,0.0,0.0,0.0,0,0,1.0,0.0,0,0.0,0.0695293361288531,0.16357856602635173,62.0,0.7046688223047748,2,0.3333333333333333
7ea88ee1babd6f81,5,6b7e1f5b521de19b,d4f34f97b6d22a81,1.170863568534039,32,9.522167e-05,0.0,0.0,0.0,0.0,0,0,1.0,0.0,0,0.0,0.0,0.0,18.0,0.1249999999921875,1,0.3333333333333333
7ebbf691ebdbc69f,2,6b7e1f5b521de19b,,76057.68653515907,0,0.8235066,0.0,0.0,0.0,0.0,0,0,1.0,0.0,0,0.0,0.0,0.0,0.0,0.0,1,1.0
7edebd345f9e719a,3,6b7e1f5b521de19b,,2.4198904513070483,21,0.009210841,-1.0210725650700691e-16,0.0,0.0,0.0,0,0,1.0,1.0,0,0.047619047619047616,0.0,0.0,21.0,0.0,2,1.0
7ee3f941fe9f4e61,4,ddbd249e57ed6b40,28c9c64e5918b06e,1.170863568534039,0,0.8278187,0.0,0.0,0.0,0.0,0,0,1.0,0.0,0,0.0,0.0,0.0,0.0,0.0,1,1.0
7ee69733c9e2fe42,2,6b7e1f5b521de19b,6f9a9c5f2856c8b3,1379.583775305976,0,0.08027809,0.0,0.0,0.0,0.0,0,0,1.0,0.0,0,0.0,0.0,0.0,0.0,0.0,1,1.0
7ee8a9f1920ba486,0,6b7e1f5b521de19b,,9648.963805727817,0,0.0052914815,0.0,0.0,0.0,0.0,0,0,1.0,0.0,0,0.0,0.0,0.0,0.0,0.0,1,1.0
7eeffcd164f508e6,5,6b7e1f5b521de19b,6f9a9c5f2856c8b3,1.170863568534039,0,0.012494723,0.0,0.0,0.0,0.0,0,0,1.0,0.0,0,0.0,0.0,0.0,0.0,0.0,1,1.0
7f070afa01e2b1c8,3,6b7e1f5b521de19b,d4f34f97b6d22a81,35656.06447401725,0,0.00016478583,0.0,0.0,0.0,0.0,0,0,1.0,0.0,0,0.0,0.015070391806144999,-0.02969329403713611,0.0,0.0,2,1.0
7f0be165b8cd64ab,1,6b7e1f5b521de19b,,2.4198904513070483,0,0.0129964175,0.0,0.0,0.0,0.0,0,0,1.0,0.0,0,0.0,0.0,0.0,0.0,0.0,1,1.0
7f0d3642b938e0fe,3,6b7e1f5b521de19b,,1142516.5739471884,0,0.0001740416,0.0,0.0,0.0,0.0,0,0,1.0,0.0,0,0.0,0.0,0.0,0.0,0.0,1,1.0
7f0f58b71f31fc95,2,6b7e1f5b521de19b,6f9a9c5f2856c8b3,98.49392076768089,21,0.0008253554,-1.0210725650700691e-16,0.0,0.0,0.0,0,0,1.0,0.0,0,0.0,0.0,0.0,21.0,0.0,2,1.0
7f13cca0e4880df7,2,6b7e1f5b521de19b,6f9a9c5f2856c8b3,444327.0547251031,179,0.0012532509,-3.8418859455109625e-17,0.0,0.0,0.0,0,0,1.0,0.0,0,0.0,0.2225727158521186,379485.61711408076,114.0,2.910330356045771,18,0.09090909090909091
7f13d8bc37180fd1,5,255414ab73601d72,28c9c64e5918b06e,6009.906030357736,0,0.028183674,0.0,0.0,0.0,0.0,0,0,1.0,0.0,0,0.0,0.0,0.0,0.0,0.0,1,1.0
7f39804af92b3fe1,3,6b7e1f5b521de19b,,1.170863568534039,0,0.0007712756,0.0,0.0,0.0,0.0,0,0,1.0,0.0,0,0.0,0.0,0.0,0.0,0.0,2,1.0
7f73609b1896e7c3,0,52838e14fa2f9ca3,,11875.76404329903,0,0.7714956,0.0,0.0,0.0,0.0,0,0,1.0,0.0,0,0.0,0.0,0.0,0.0,0.0,1,1.0
7f8232fce3ee1be9,3,6b7e1f5b521de19b,,557449.2948030367,645,0.020703202,0.036973308813281834,-0.0024073182474723155,20.0,0.0,0,0,1.2414088327494423e-10,3.0,1,0.0015503875968992248,0.8898300805916789,476099.98203070933,89.0,1.0933585718607266,5,0.36666666666666664
7f852d455e713bce,3,6b7e1f5b521de19b,d4f34f97b6d22a81,988.738918391998,0,0.01464126,0.0,0.0,0.0,0.0,0,0,1.0,0.0,0,0.0,0.0,0.0,0.0,0.0,1,1.0
7f8bfb81df588db9,2,6b7e1f5b521de19b,6f9a9c5f2856c8b3,12107.048051886937,0,0.054423485,0.0,0.0,0.0,0.0,0,0,1.0,0.0,0,0.0,0.0,0.0,0.0,0.0,1,1.0
7fb587e2ea505408,4,7545e34e09ae9cad,,1.170863568534039,0,0.061709523,0.0,0.0,0.0,0.0,0,0,1.0,0.0,0,0.0,0.0,0.0,0.0,0.0,1,1.0
7fb9d48af29ae124,5,6b7e1f5b521de19b,6f9a9c5f2856c8b3,1.170863568534039,0,0.7457004,0.0,0.0,0.0,0.0,0,0,1.0,0.0,0,0.0,0.0,0.0,0.0,0.0,1,1.0
7fbf42700828633d,3,6b7e1f5b521de19b,,97448.11793908857,0,0.12640056,0.0,0.0,0.0,0.0,0,0,1.0,0.0,0,0.0,0.0,0.0,0.0,0.0,1,1.0
7fc98925cee3b34d,3,6b7e1f5b521de19b,,33215.42012051668,51,0.0021860183,-5.892849345461639e-16,0.0,0.0,0.0,0,0,1.0,0.0,0,0.0,0.0,0.0,29.0,0.7268138428141341,2,0.25
7fd52233ddedd614,2,6b7e1f5b521de19b,,270801.9611719012,0,0.0123233665,0.0,0.0,0.0,0.0,0,0,1.0,0.0,0,0.0,0.0,0.0,0.0,0.0,3,1.0
7fe0a00c7bec5520,3,062b9e5a52eb6d8e,,1.170863568534039,0,0.0001159796,0.0,0.0,0.0,0.0,0,0,1.0,0.0,0,0.0,0.0,0.0,0.0,0.0,1,1.0
8018ecc160cec6b9,2,6b7e1f5b521de19b,6f9a9c5f2856c8b3,98.49392076768089,103,0.006762871,-1.1812202384671068e-17,0.0,0.0,0.0,0,0,1.0,0.0,0,0.0,0.0,0.0,103.0,0.9999999999805826,2,0.3333333333333333
8026655598b11378,2,6b7e1f5b521de19b,d4f34f97b6d22a81,5586.170697992991,124,0.0011765362,-2.440778398799399e-18,0.0,0.0,0.0,0,0,1.0,0.0,0,0.0,0.2672012234597657,4769.983441723332,35.0,1.1329425372163415,4,0.2
803854511a716839,2,6b7e1f5b521de19b,6f9a9c5f2856c8b3,36754.75787348106,2,0.99199986,17.500000000000025,-35.0,70.0,0.0,0,0,1.0,0.0,0,0.0,0.0,0.0,2.0,1.414213560251775,4,0.5
804ca50b29e0c5d2,2,6b7e1f5b521de19b,6f9a9c5f2856c8b3,21473.814348114953,32,0.094294466,0.0624999999999999,-40.625,20.0,30.0,1,-1,0.9438959674247168,0.0,0,0.0,0.0940011385736858,-0.2084225709070923,32.0,1.9999999996875,5,0.16666666666666666
806e5c49f76661c3,2,6b7e1f5b521de19b,6f9a9c5f2856c8b3,1513.303966626723,0,0.043324452,0.0,0.0,0.0,0.0,0,0,1.0,0.0,0,0.0,0.0,0.0,0.0,0.0,1,1.0
80919b393e513fe1,3,6b7e1f5b521de19b,,105254.60127064632,0,0.13764718,0.0,0.0,0.0,0.0,0,0,1.0,0.0,0,0.0,0.0,0.0,0.0,0.0,1,1.0
8096f2187fc78267,2,6b7e1f5b521de19b,6f9a9c5f2856c8b3,1.170863568534039,429,0.007208,0.012008769429104107,-0.42857142857142855,25.0,70.0,2,0,1.0705463967636017,0.0,0,0.0,1.4433343700471426,-0.9999984736569766,130.0,1.0210455428272316,3,0.2727272727272727
80b11ff10c0d1870,2,6b7e1f5b521de19b,6f9a9c5f2856c8b3,98.49392076768089,20,0.0008697622,-1.0721261933235725e-16,0.0,0.0,0.0,0,0,1.0,0.0,0,0.0,0.0,0.0,20.0,0.0,2,1.0
80bad48070b39378,2,6b7e1f5b521de19b,,4666113.343469918,0,0.1588287,0.0,0.0,0.0,0.0,0,0,1.0,0.0,0,0.0,0.0,0.0,0.0,0.0,2,1.0
80c0b194abfe5b5b,0,6b7e1f5b521de19b,,11264.189824104717,0,0.6808837,0.0,0.0,0.0,0.0,0,0,1.0,0.0,0,0.0,0.0,0.0,0.0,0.0,1,1.0
80ca07a5db25d228,5,6b7e1f5b521de19b,6f9a9c5f2856c8b3,1.170863568534039,0,0.014627954,0.0,0.0,0.0,0.0,0,0,1.0,0.0,0,0.0,0.0,0.0,0.0,0.0,1,1.0
80f5024086b427ea,4,7608f4f5fafe9b10,28c9c64e5918b06e,127023.05996936503,57,0.99974257,1.0526315789473686,-80.0,80.0,0.0,0,0,0.866025403787788,4.0,0,0.07017543859649122,0.7684788604923277,1.8474735248301364,57.0,1.9999999998245614,4,0.3333333333333333
80f940df6fc7482e,5,6b7e1f5b521de19b,6f9a9c5f2856c8b3,751498.662355294,56,0.00015155408,0.0,0.0,0.0,0.0,0,0,1.0,0.0,0,0.0,0.16921746103919771,-0.3206027768886346,54.0,0.9285714285382654,2,0.3333333333333333
810040e1928e7df0,4,ddbd249e57ed6b40,28c9c64e5918b06e,408.78070969913813,0,0.098071925,0.0,0.0,0.0,0.0,0,0,1.0,0.0,0,0.0,0.0,0.0,0.0,0.0,1,1.0
8108e98975f11a77,1,6b7e1f5b521de19b,6f9a9c5f2856c8b3,51906.19425374672,99,0.0008456426,0.13110455588331704,-40.4040404040404,0.0,40.0,1,-1,1.0,0.0,0,0.0,0.0,0.0,54.0,0.7158188976157459,2,0.5
81190fbcfdf0f679,0,6b7e1f5b521de19b,,157618.2006846855,17,0.8580748,2.983293556085919,2.9411764705882355,50.0,0.0,0,1,1.2374368670628875,0.0,0,0.0,0.205215999812437,-0.15511211730056623,16.0,2.082220001668376,6,0.14285714285714285
812c1e5610a8f59a,2,6b7e1f5b521de19b,6f9a9c5f2856c8b3,22305.354471007373,16,0.83971894,5.881685976837776e-16,0.0,0.0,0.0,0,0,1.0,2.0,0,0.125,0.7539373480553606,19049.34460926514,9.0,2.015564435562964,12,0.23076923076923078
813b8c3063101f70,2,6b7e1f5b521de19b,6f9a9c5f2856c8b3,98.49392076768089,0,0.01697926,0.0,0.0,0.0,0.0,0,0,1.0,0.0,0,0.0,0.0,0.0,0.0,0.0,1,1.0
814832355085755a,2,6b7e1f5b521de19b,6f9a9c5f2856c8b3,98.49392076768089,0,0.08027809,0.0,0.0,0.0,0.0,0,0,1.0,0.0,0,0.0,0.0,0.0,0.0,0.0,1,1.0
815e17c72a77c175,2,6b7e1f5b521de19b,,11840574.637059549,323,0.0042221765,0.06216078304031169,0.06191950464396285,20.0,0.0,0,1,1.161895003840505,0.0,0,0.0,0.0,0.0,316.0,1.9462729547321114,5,0.16666666666666666
8178c2fb17a02a5e,0,6ab36d9b02cbcf6b,,8290.869253090716,0,0.037469484,0.0,0.0,0.0,0.0,0,0,1.0,0.0,0,0.0,0.0,0.0,0.0,0.0,1,1.0
817f7e7ce544e625,4,255414ab73601d72,,1.170863568534039,0,0.06257238,0.0,0.0,0.0,0.0,0,0,1.0,0.0,0,0.0,0.0,0.0,0.0,0.0,1,1.0
8181fa49e4712464,0,674ec33189ed753c,,25102.753943361105,0,0.007513009,0.0,0.0,0.0,0.0,0,0,1.0,0.0,0,0.0,0.0,0.0,0.0,0.0,1,1.0
8198305b29e3ac8a,1,6b7e1f5b521de19b,,18459.22936713339,270,0.00074396696,-7.941675506100537e-18,0.0,0.0,0.0,0,0,1.0,0.0,0,0.0,0.0,0.0,270.0,0.0,2,1.0
81d86d4297940aba,1,6b7e1f5b521de19b,,12361.95339454843,451,7.008405e-05,-0.06283489855207905,0.225,-45.0,45.0,0,0,5.904813975312807e-11,0.0,0,0.0,0.0,0.0,178.0,0.6584432582530111,1,0.3333333333333333
81e640ab3acadc56,2,6b7e1f5b521de19b,6f9a9c5f2856c8b3,98.49392076768089,29,0.0066752676,1.0468153310042605e-16,0.0,0.0,0.0,0,0,1.0,0.0,0,0.0,0.4630784111472887,0.0,29.0,1.4142135622267973,3,0.25
81f66410ee933c68,3,6b7e1f5b521de19b,,1.170863568534039,0,0.0009915659,0.0,0.0,0.0,0.0,0,0,1.0,0.0,0,0.0,0.0,0.0,0.0,0.0,1,1.0
820e591c795c25e7,3,6b7e1f5b521de19b,,2.4198904513070483,0,0.017960027,0.0,0.0,0.0,0.0,0,0,1.0,0.0,0,0.0,0.0,0.0,0.0,0.0,1,1.0
821c2ad09552bc2b,6,6b7e1f5b521de19b,,1308890.6057208087,145,0.00012527884,-0.14898434679880554,-0.2702702702702703,-20.0,20.0,0,-1,1.020620726157553,0.0,0,0.0,0.0,0.0,74.0,0.7454339804651547,2,0.2
822b12db26aad35e,2,6b7e1f5b521de19b,6f9a9c5f2856c8b3,121455.08189063956,130,0.40199408,0.19020207712744558,-0.4494786048184106,36.66666666666667,0.0,0,0,6.972522601024101e-11,0.0,0,0.0,0.14850817555932427,1.0808290803915006,49.0,2.3617764845417497,11,0.3939393939393939
824fd1a04eb594d9,4,ac6153076817c20f,28c9c64e5918b06e,177339.28720029254,238,5.179876e-05,1.1744672005676133e-18,0.0,0.0,0.0,0,0,1.0,0.0,0,0.0,0.0,0.0,223.0,1.282841300430856,2,0.25
8272cd7f05f3fd79,3,6b7e1f5b521de19b,d4f34f97b6d22a81,80797.21539825796,149,0.005815861,-0.14737192433768095,-0.8054054054054054,0.0,30.0,1,0,6.975184488342323e-11,0.0,0,0.0,0.04107284890154517,-0.029015146856730175,58.0,1.6977478144232967,6,0.23529411764705882
827a01e7f93eba1a,2,6ab36d9b02cbcf6b,28c9c64e5918b06e,647.4751216712075,0,0.106397845,0.0,0.0,0.0,0.0,0,0,1.0,0.0,0,0.0,0.7051904658851947,551.9893824281068,0.0,0.0,3,1.0
82811b2b29104f94,2,6b7e1f5b521de19b,,5182695.33770518,350,0.0010479729,-8.430017688043872e-17,0.0,0.0,0.0,0,0,1.0,0.0,0,0.0,0.33619252904247726,-0.5384465273062659,174.0,0.795312799447572,2,0.2
82a342152c053c23,3,6b7e1f5b521de19b,,9648.963805727817,0,0.18775836,0.0,0.0,0.0,0.0,0,0,1.0,0.0,0,0.0,0.0,0.0,0.0,0.0,2,1.0
82a84c26b82024e9,2,6b7e1f5b521de19b,d4f34f97b6d22a81,4308.7530908608705,111,0.0005280866,-3.769860084974524e-17,0.0,0.0,0.0,0,0,1.0,0.0,0,0.0,0.0,0.0,60.0,0.9439704812092514,2,0.2
82a976f0cea3e996,0,6b7e1f5b521de19b,6f9a9c5f2856c8b3,1.170863568534039,0,0.33978397,0.0,0.0,0.0,0.0,0,0,1.0,0.0,0,0.0,0.0,0.0,0.0,0.0,1,1.0
82b85074b172428f,1,674ec33189ed753c,,8269.642544488683,0,0.003836263,0.0,0.0,0.0,0.0,0,0,1.0,0.0,0,0.0,0.0,0.0,0.0,0.0,1,1.0
82ce7253b01964d1,5,6b7e1f5b521de19b,6f9a9c5f2856c8b3,7758456.505483561,0,0.00020529894,0.0,0.0,0.0,0.0,0,0,1.0,0.0,0,0.0,0.0,0.0,0.0,0.0,1,1.0
82e1ba1a679db353,2,6b7e1f5b521de19b,6f9a9c5f2856c8b3,158819.20286162756,2,0.026906535,-2.5632060195629257e-15,0.0,0.0,0.0,0,0,1.0,0.0,0,0.0,0.40824477911554713,135641.79146585337,1.0,1.4142135581304542,7,0.5714285714285714
82fd7f065133ac06,2,6b7e1f5b521de19b,6f9a9c5f2856c8b3,8345.747103271866,234,0.093193635,-3.67580346646935e-17,0.0,0.0,0.0,0,0,1.0,0.0,0,0.0,0.43841115968744704,-0.5820520094935194,93.0,2.3369934660623564,9,0.56
82fdcdf8d7dbf758,2,6b7e1f5b521de19b,6f9a9c5f2856c8b3,51795.421351033205,0,0.96678,0.0,0.0,0.0,0.0,0,0,1.0,0.0,0,0.0,0.7358621832171708,0.39923430496265844,0.0,0.0,3,1.0
831797877847b100,0,674ec33189ed753c,,35845.270270304114,151,0.0006080918,-7.51753215007019e-17,0.0,0.0,0.0,0,0,1.0,0.0,0,0.0,0.0,0.0,95.0,0.25827814569194335,1,0.3333333333333333
831a2d9c700d564c,4,e366e0e543d0c5cd,28c9c64e5918b06e,1.170863568534039,0,0.06313972,0.0,0.0,0.0,0.0,0,0,1.0,0.0,0,0.0,0.0,0.0,0.0,0.0,1,1.0
83265d3a00182d63,2,6b7e1f5b521de19b,6f9a9c5f2856c8b3,98.49392076768089,0,0.0022560786,0.0,0.0,0.0,0.0,0,0,1.0,0.0,0,0.0,0.0,0.0,0.0,0.0,1,1.0
832cafb9ededb958,2,6b7e1f5b521de19b,6f9a9c5f2856c8b3,22155.37909997823,0,0.15158658,0.0,0.0,0.0,0.0,0,0,1.0,0.0,0,0.0,0.0,0.0,0.0,0.0,1,1.0
832d09eb7a404308,3,6b7e1f5b521de19b,,11264.189824104717,0,0.0066409493,0.0,0.0,0.0,0.0,0,0,1.0,0.0,0,0.0,0.0,0.0,0.0,0.0,1,1.0
832f9e554c1b0f72,2,6b7e1f5b521de19b,6f9a9c5f2856c8b3,22183.238729043656,0,0.7258251,0.0,0.0,0.0,0.0,0,0,1.0,0.0,0,0.0,0.0,0.0,0.0,0.0,1,1.0
83353ba1ab81afff,0,6b7e1f5b521de19b,6f9a9c5f2856c8b3,1.170863568534039,0,0.014465095,0.0,0.0,0.0,0.0,0,0,1.0,0.0,0,0.0,0.0,0.0,0.0,0.0,1,1.0
8342517410d618c5,0,6b7e1f5b521de19b,6f9a9c5f2856c8b3,163071.420129746,146,0.00090712256,3.53782349370128e-17,0.0,0.0,0.0,0,0,1.0,0.0,0,0.0,0.0,0.0,88.0,1.130323770329104,3,0.16666666666666666
8351c56a003f755b,0,6b7e1f5b521de19b,6f9a9c5f2856c8b3,1.170863568534039,0,0.021723036,0.0,0.0,0.0,0.0,0,0,1.0,0.0,0,0.0,0.0,0.0,0.0,0.0,2,1.0
83562d7b51ebfa85,4,75c64824a2a4e380,28c9c64e5918b06e,1.170863568534039,98,0.064508796,5.498955896199356e-18,0.0,0.0,0.0,0,0,1.0,0.0,0,0.0,0.0,0.0,85.0,1.1444049285485656,2,0.25
8356a23bd768c3a0,5,6b7e1f5b521de19b,6f9a9c5f2856c8b3,132249.85275192247,199,0.0015784266,2.2622683121078507e-18,0.0,0.0,0.0,0,0,1.0,0.0,0,0.0,0.0,0.0,147.0,0.47738693466856896,1,0.3333333333333333
835a7d4b369db97a,2,6b7e1f5b521de19b,6f9a9c5f2856c8b3,23501.294612513047,31,0.5602481,1.4054895853611051,-1.8181818181818181,40.0,0.0,0,0,5.0311529491214017e-11,0.0,0,0.0,0.35605514395282223,20070.76176976577,21.0,1.8313377965902686,5,0.1111111111111111
836038987323fbb6,2,6b7e1f5b521de19b,6f9a9c5f2856c8b3,2615826.4497860987,294,0.003218774,-0.022718575462969716,-0.06802721088435375,-20.0,30.0,1,-1,1.2141408200767103,0.0,0,0.0,0.19654754038169872,-0.3660646014711081,261.0,1.733072471503912,4,0.3333333333333333
8363fdc60869ddfe,2,6b7e1f5b521de19b,,1.170863568534039,0,0.29183698,0.0,0.0,0.0,0.0,0,0,1.0,0.0,0,0.0,0.0,0.0,0.0,0.0,1,1.0
837643b2f2accbf1,0,6b7e1f5b521de19b,6f9a9c5f2856c8b3,484955.83655869117,252,0.0056751203,0.09796423419390136,-0.7302631578947368,15.0,35.0,1,-1,0.8403430672059599,0.0,0,0.0,0.3786192585030932,-0.5449364180972841,148.0,1.3699617375752058,3,0.42857142857142855
8383c3b07f4b25d2,3,6b7e1f5b521de19b,6f9a9c5f2856c8b3,31412.512075406656,269,0.9770395,0.2713862801604282,0.31746031746031744,60.0,30.0,1,0,3.1687511113877387e-11,0.0,0,0.0,0.44091809771856766,1.1464954590023322,67.0,1.6227053228915607,6,0.23809523809523808
83bbf44e50c97fa3,3,6b7e1f5b521de19b,,35845.270270304114,1019,0.000985418,0.022994740787232494,0.0380952380952381,20.0,0.0,0,0,1.043498389391013e-10,0.0,0,0.0,0.7528609456006676,-0.8642220985714243,288.0,1.1738974367313948,2,0.14285714285714285
83d9451f51420d2a,6,6b7e1f5b521de19b,,3024573.7737894068,360,0.00080759014,-0.040343288724651115,-0.31023368251410155,-20.333333333333336,50.0,3,-1,0.35325113725218416,0.0,0,0.0,0.20352136796680495,0.9686152845276186,130.0,1.436785248977669,4,0.1875
841e8c8565c2ab26,3,6b7e1f5b521de19b,,2.4198904513070483,0,0.00077374466,0.0,0.0,0.0,0.0,0,0,1.0,0.0,0,0.0,0.0,0.0,0.0,0.0,1,1.0
8423df44cbd06ea8,4,6ab36d9b02cbcf6b,28c9c64e5918b06e,1973.0182028967768,0,0.015019291,0.0,0.0,0.0,0.0,0,0,1.0,0.0,0,0.0,0.0,0.0,0.0,0.0,1,1.0
84278bea5ba4f32a,5,6b7e1f5b521de19b,6f9a9c5f2856c8b3,4077677.6769469106,0,0.44916418,0.0,0.0,0.0,0.0,0,0,1.0,0.0,0,0.0,0.0,0.0,0.0,0.0,1,1.0
8457a6c62d5230bd,0,6b7e1f5b521de19b,6f9a9c5f2856c8b3,558415.2817317194,0,0.36302283,0.0,0.0,0.0,0.0,0,0,1.0,0.0,0,0.0,0.0,0.0,0.0,0.0,1,1.0
845f76c699a38006,3,6b7e1f5b521de19b,,21273.147061594493,108,0.9659307,0.31835957084127126,2.6315789473684212,50.0,0.0,0,1,1.0,2.0,0,0.018518518518518517,0.0,0.0,89.0,0.6481481481361454,1,0.6666666666666666
849043aa86f82c66,2,6b7e1f5b521de19b,6f9a9c5f2856c8b3,1858.7749748951157,0,0.9841448,0.0,0.0,0.0,0.0,0,0,1.0,1.0,0,0.0,0.9987409702526607,1586.524819157509,0.0,0.0,4,1.0
8496b150e8833f9a,0,6b7e1f5b521de19b,6f9a9c5f2856c8b3,38347.69299749703,10,0.07400443,2.361171760955187e-16,0.0,0.0,0.0,0,0,1.0,0.0,0,0.0,0.0,0.0,8.0,1.0198039024126158,3,0.75
84a85d4ea897c385,3,6b7e1f5b521de19b,,3303.290441942712,0,0.002880722,0.0,0.0,0.0,0.0,0,0,1.0,0.0,0,0.0,0.0,0.0,0.0,0.0,1,1.0
84ab78ed5fe8e5ee,6,6b7e1f5b521de19b,,5083.8994500666495,0,0.0009762024,0.0,0.0,0.0,0.0,0,0,1.0,0.0,0,0.0,0.0,0.0,0.0,0.0,1,1.0
84bdcd09ec1f3305,2,6b7e1f5b521de19b,,438825.0534271956,408,0.000947601,-0.05372835132048213,-0.19230769230769232,-30.0,30.0,0,-1,1.1547005383673425,0.0,0,0.0,0.3779633204648919,374786.5202715714,244.0,1.4216024336507171,2,0.375
84c84e2911453c78,3,6b7e1f5b521de19b,,2.4198904513070483,0,0.41116863,0.0,0.0,0.0,0.0,0,0,1.0,0.0,0,0.0,0.0,0.0,0.0,0.0,1,1.0
84d8891940f4182e,3,6b7e1f5b521de19b,,35845.270270304114,0,0.0788535,0.0,0.0,0.0,0.0,0,0,1.0,0.0,0,0.0,0.0,0.0,0.0,0.0,1,1.0
84e3e05aacff6b4e,1,6b7e1f5b521de19b,,3391.863497755878,0,0.010220171,0.0,0.0,0.0,0.0,0,0,1.0,0.0,0,0.0,0.0,0.0,0.0,0.0,1,1.0
8501bb8f081e3cd7,5,6b7e1f5b521de19b,6f9a9c5f2856c8b3,1.170863568534039,0,0.27001986,0.0,0.0,0.0,0.0,0,0,1.0,0.0,0,0.0,0.0,0.0,0.0,0.0,1,1.0
8512e6ba5dc8ed78,0,6b7e1f5b521de19b,6f9a9c5f2856c8b3,2072.565785667712,0,0.00026304566,0.0,0.0,0.0,0.0,0,0,1.0,0.0,0,0.0,0.7368401766782436,1769.1172377091168,0.0,0.0,3,1.0
854c15d98d72ed1e,3,6b7e1f5b521de19b,,11485.134609700683,0,0.0034957326,0.0,0.0,0.0,0.0,0,0,1.0,0.0,0,0.0,0.0,0.0,0.0,0.0,1,1.0
854dc8772f015d65,4,fd10c5543bdbcbc9,d4f34f97b6d22a81,1.170863568534039,0,0.4233109,0.0,0.0,0.0,0.0,0,0,1.0,0.0,0,0.0,0.0,0.0,0.0,0.0,1,1.0
855c24db846ea444,4,47dc86e9ce418791,,25102.753943361105,0,0.0018986091,0.0,0.0,0.0,0.0,0,0,1.0,0.0,0,0.0,0.9998072197812032,10372.50840811923,0.0,0.0,2,1.0
8570bbb4e108f3e2,5,6b7e1f5b521de19b,6f9a9c5f2856c8b3,302459.82151904114,151,0.005686438,0.2906897769567225,-0.47619047619047616,40.0,0.0,0,0,5.533985904988415e-11,0.0,0,0.0,0.4082464466822224,258321.00236423028,79.0,1.1998457570379821,3,0.2857142857142857
85905026b3668ae1,1,6b7e1f5b521de19b,,1.170863568534039,0,0.29624677,0.0,0.0,0.0,0.0,0,0,1.0,0.0,0,0.0,0.0,0.0,0.0,0.0,1,1.0
8598aae973477d8f,3,6b7e1f5b521de19b,,14040.053391845024,0,0.0040346747,0.0,0.0,0.0,0.0,0,0,1.0,0.0,0,0.0,0.0,0.0,0.0,0.0,1,1.0
85c6c942bd8b143a,4,255414ab73601d72,28c9c64e5918b06e,1.170863568534039,0,0.0033350457,0.0,0.0,0.0,0.0,0,0,1.0,0.0,0,0.0,0.0,0.0,0.0,0.0,1,1.0
85cfc8e4d9daff01,4,95a23e7fbcc5841e,28c9c64e5918b06e,23015.638586807516,0,0.0041323625,0.0,0.0,0.0,0.0,0,0,1.0,0.0,0,0.0,0.0,0.0,0.0,0.0,1,1.0
85d6dbee50f6c3b7,1,6b7e1f5b521de19b,6f9a9c5f2856c8b3,685172.6880975167,0,0.06493094,0.0,0.0,0.0,0.0,0,0,1.0,0.0,0,0.0,0.0,0.0,0.0,0.0,2,1.0
85ec0c307eeb0057,5,6b7e1f5b521de19b,6f9a9c5f2856c8b3,3106116.456208467,0,0.7061095,0.0,0.0,0.0,0.0,0,0,1.0,0.0,0,0.0,0.0,0.0,0.0,0.0,1,1.0
85ee21213d2dd529,3,6b7e1f5b521de19b,,2.4198904513070483,0,0.10358347,0.0,0.0,0.0,0.0,0,0,1.0,0.0,0,0.0,0.0,0.0,0.0,0.0,1,1.0
85fbca26f9bb0af9,4,6b7e1f5b521de19b,28c9c64e5918b06e,41583.795062843936,1333,0.00047991323,0.01744440796681373,-0.045871559633027525,20.0,0.0,0,0,1.020620726055491e-10,0.0,0,0.0,0.9775873505033464,-0.8883142803003993,379.0,0.9419966153547699,2,0.2
8619f06c59255f1e,2,6b7e1f5b521de19b,6f9a9c5f2856c8b3,98.49392076768089,0,0.060164727,0.0,0.0,0.0,0.0,0,0,1.0,0.0,0,0.0,0.0,0.0,0.0,0.0,1,1.0
861e6aadc0fac74f,0,6b7e1f5b521de19b,6f9a9c5f2856c8b3,1.170863568534039,0,0.014749456,0.0,0.0,0.0,0.0,0,0,1.0,0.0,0,0.0,0.0,0.0,0.0,0.0,1,1.0
86274762faa0e0c9,5,6b7e1f5b521de19b,6f9a9c5f2856c8b3,1330.796369460671,0,0.20955148,0.0,0.0,0.0,0.0,0,0,1.0,0.0,0,0.0,0.1403538578871522,0.0,0.0,0.0,4,1.0
86321e9805194b5d,5,6b7e1f5b521de19b,d4f34f97b6d22a81,729534.2850780489,0,0.00022926614,0.0,0.0,0.0,0.0,0,0,1.0,0.0,0,0.0,0.08984645384090553,0.0835784471793499,0.0,0.0,5,1.0
8652201350e95d25,2,6b7e1f5b521de19b,6f9a9c5f2856c8b3,98.49392076768089,0,0.01697926,0.0,0.0,0.0,0.0,0,0,1.0,0.0,0,0.0,0.0,0.0,0.0,0.0,1,1.0
866484163704df49,3,6b7e1f5b521de19b,,2.4198904513070483,0,0.00083897327,0.0,0.0,0.0,0.0,0,0,1.0,0.0,0,0.0,0.0,0.0,0.0,0.0,1,1.0
867bf555f8eff327,5,75c64824a2a4e380,6f9a9c5f2856c8b3,28722.306415672734,0,0.051936876,0.0,0.0,0.0,0.0,0,0,1.0,0.0,0,0.0,0.0,0.0,0.0,0.0,1,1.0
867fc3c3c62eb772,3,6b7e1f5b521de19b,,15566.162911287942,0,0.44117466,0.0,0.0,0.0,0.0,0,0,1.0,0.0,0,0.0,0.0,0.0,0.0,0.0,1,1.0
868bd41bc8592cca,3,6b7e1f5b521de19b,,25102.753943361105,0,0.08660274,0.0,0.0,0.0,0.0,0,0,1.0,0.0,0,0.0,0.0,0.0,0.0,0.0,1,1.0
868cf8c5df1360d1,0,a3bb89b2911fd833,,7622.2759197919995,0,0.2069336,0.0,0.0,0.0,0.0,0,0,1.0,0.0,0,0.0,0.0,0.0,0.0,0.0,1,1.0
86cf16be391ef3b9,2,6b7e1f5b521de19b,6f9a9c5f2856c8b3,1579.8354858188534,0,0.13297313,0.0,0.0,0.0,0.0,0,0,1.0,0.0,0,0.0,0.0,0.0,0.0,0.0,1,1.0
86e4e86c37f672a1,6,6b7e1f5b521de19b,,1.170863568534039,472,0.00032623138,2.5633419096418575e-19,0.0,0.0,0.0,0,0,1.0,0.0,0,0.0,0.0,0.0,264.0,1.2390282632070146,4,0.6666666666666666
86e934cd6ce43ea7,2,6b7e1f5b521de19b,6f9a9c5f2856c8b3,489397.2552611308,8,0.048077215,-3.6038122068414266e-16,0.0,0.0,0.0,0,0,1.0,0.0,0,0.0,0.4349953159320928,9.940490041735337,4.0,1.1989578799289615,5,0.2857142857142857
86ece2bea23f2a27,3,6b7e1f5b521de19b,,524417.177630072,1489,0.0016361466,0.026561169044721653,0.02610966057441253,16.666666666666668,70.0,3,-1,0.3715241501235071,1.0,0,0.000671591672263264,0.439227915589114,0.9864340069070895,273.0,0.9353017816950957,4,0.25
8701530880f0f1fb,2,6b7e1f5b521de19b,6f9a9c5f2856c8b3,98.49392076768089,20,0.00072257913,-1.0721261933235725e-16,0.0,0.0,0.0,0,0,1.0,0.0,0,0.0,0.0,0.0,20.0,0.0,2,1.0
87089ae835f0e21a,0,6b7e1f5b521de19b,6f9a9c5f2856c8b3,52352.15092574556,169,0.0026419042,0.09678248875936066,-0.6306921675774135,15.0,15.0,1,0,8.276058885338749e-11,0.0,0,0.0,0.3623604860503409,44711.42622340042,39.0,1.1000985087280206,5,0.2
870cc87eff098340,0,6b7e1f5b521de19b,6f9a9c5f2856c8b3,24659.214040497674,0,0.32938984,0.0,0.0,0.0,0.0,0,0,1.0,0.0,0,0.0,0.9999050409331331,21059.706561544015,0.0,0.0,2,1.0
870e6fece3a3ab75,0,c5340170d170e6cd,,16931.403345871087,0,0.015317152,0.0,0.0,0.0,0.0,0,0,1.0,0.0,0,0.0,0.0,0.0,0.0,0.0,1,1.0
871641443e5680cc,2,6b7e1f5b521de19b,6f9a9c5f2856c8b3,1.170863568534039,0,0.027452704,0.0,0.0,0.0,0.0,0,0,1.0,0.0,0,0.0,0.0,0.0,0.0,0.0,1,1.0
871c353e6af28131,3,6b7e1f5b521de19b,,5126.849721354915,0,0.02017352,0.0,0.0,0.0,0.0,0,0,1.0,0.0,0,0.0,0.0,0.0,0.0,0.0,1,1.0
871e2280bbac0a55,0,6b7e1f5b521de19b,6f9a9c5f2856c8b3,55852.94395346436,376,0.023892362,-3.01426327325159e-17,0.0,0.0,0.0,0,0,1.0,0.0,0,0.0,0.06624924058881851,0.17548415971175765,89.0,1.1571869329979954,6,0.3125
8762d1c6ab818629,2,6b7e1f5b521de19b,,23783.64824935763,0,0.16504058,0.0,0.0,0.0,0.0,0,0,1.0,0.0,0,0.0,0.0,0.0,0.0,0.0,1,1.0
87687a190f6d74c0,4,fc3655a0b667e091,28c9c64e5918b06e,4686671.904337304,1,0.00022857031,-1.570092458683775e-16,0.0,0.0,0.0,0,0,1.0,0.0,0,0.0,0.016196370000917518,-0.03187645710819238,1.0,0.0,2,1.0
876e782ca08ea3f3,2,6b7e1f5b521de19b,6f9a9c5f2856c8b3,1.170863568534039,0,0.080317125,0.0,0.0,0.0,0.0,0,0,1.0,0.0,0,0.0,0.0,0.0,0.0,0.0,1,1.0
87754bbbdbe4e0a1,1,6b7e1f5b521de19b,,123315.22838614827,270,0.00052872126,4.0514066135232116e-18,0.0,0.0,0.0,0,0,1.0,0.0,0,0.0,0.03630680116129047,0.08947352860846132,150.0,0.6930578749976959,2,0.25
87855ff01a3a6e41,3,6b7e1f5b521de19b,d4f34f97b6d22a81,17142.18858039066,139,0.00017204942,-3.0305724788623078e-18,0.0,0.0,0.0,0,0,1.0,0.0,0,0.0,0.40146967798162553,8.772248908868212,60.0,1.4503140336526115,5,0.16666666666666666
8786a176eda44c8b,4,062b9e5a52eb6d8e,28c9c64e5918b06e,28127.187762869016,934,0.0006241198,5.4599562816457465e-18,0.0,0.0,0.0,0,0,1.0,0.0,0,0.0,0.2581874250689373,24021.600513640726,266.0,1.0373036148835433,2,0.0625
878eb6706dd87acb,6,6b7e1f5b521de19b,,3630482.099665055,408,0.0012730543,0.05085485549715174,0.075,24.0,0.0,0,1,1.2499999999739584,0.0,0,0.0,0.5921736860499502,-0.5447579162568519,110.0,0.9580856958808772,4,0.2
87bc3953f7655089,5,a0d28553c7be77f0,28c9c64e5918b06e,22893.600614095587,8,0.9999331,9.295353982300885,-34.125,83.5,0.0,0,1,0.6091118621359289,4.0,0,0.5,0.01747208587731545,0.03680718919385128,4.0,1.7499999978125,10,0.09090909090909091
87cc58ea982b294e,4,255414ab73601d72,28c9c64e5918b06e,176799.66245420623,14,0.9814136,2.1282633371169135,-25.0,50.0,0.0,0,0,4.4907311949008266e-11,0.0,0,0.0,0.06368142507229116,0.28378124908232394,12.0,2.539484117419108,10,0.09090909090909091
87cdede141680394,4,255414ab73601d72,,1.170863568534039,0,0.8845618,0.0,0.0,0.0,0.0,0,0,1.0,0.0,0,0.0,0.0,0.0,0.0,0.0,1,1.0
87dd2d73cb6b3e01,2,6b7e1f5b521de19b,,25654.101903090123,0,0.0034465052,0.0,0.0,0.0,0.0,0,0,1.0,0.0,0,0.0,0.0,0.0,0.0,0.0,1,1.0
87de33767b4853f9,2,6b7e1f5b521de19b,6f9a9c5f2856c8b3,1.170863568534039,0,0.3824334,0.0,0.0,0.0,0.0,0,0,1.0,0.0,0,0.0,0.0,0.0,0.0,0.0,1,1.0
87e117cee42ba8e2,4,75c64824a2a4e380,28c9c64e5918b06e,267711.8325989814,0,0.588727,0.0,0.0,0.0,0.0,0,0,1.0,0.0,0,0.0,0.0,0.0,0.0,0.0,1,1.0
87e21cf10b83b3ed,6,6b7e1f5b521de19b,,65251.04342906468,0,0.40528446,0.0,0.0,0.0,0.0,0,0,1.0,0.0,0,0.0,0.0,0.0,0.0,0.0,1,1.0
87e2eb4552b8b4d4,5,6b7e1f5b521de19b,6f9a9c5f2856c8b3,98.49392076768089,0,0.08833269,0.0,0.0,0.0,0.0,0,0,1.0,0.0,0,0.0,0.0,0.0,0.0,0.0,1,1.0
880bb2c9bb96e0d0,5,6b7e1f5b521de19b,6f9a9c5f2856c8b3,28448.41249545808,279,0.001179193,-4.841804326810731e-19,0.0,0.0,0.0,0,0,1.0,0.0,0,0.0,0.8943609309961447,24295.94907244954,145.0,1.4692673942453403,6,0.1111111111111111
8811b2e12c300224,2,6b7e1f5b521de19b,,8269.642544488683,0,0.01387298,0.0,0.0,0.0,0.0,0,0,1.0,0.0,0,0.0,0.0,0.0,0.0,0.0,1,1.0
881a2fa72a1278e8,2,6b7e1f5b521de19b,,2351791.856538048,0,0.18814172,0.0,0.0,0.0,0.0,0,0,1.0,0.0,0,0.0,0.0,0.0,0.0,0.0,1,1.0
882b650486e77560,2,6b7e1f5b521de19b,,71503.13013453777,337,0.18722416,-9.7100833647313e-17,0.0,0.0,0.0,0,0,1.0,3.0,1,-0.008902077151335312,0.17676785987057364,-0.43956871942823766,285.0,1.6310382636080716,2,0.6666666666666666
88414149e8d19a11,3,6b7e1f5b521de19b,,2.4198904513070483,0,0.0001711118,0.0,0.0,0.0,0.0,0,0,1.0,0.0,0,0.0,0.0,0.0,0.0,0.0,1,1.0
8863e2e49db63743,5,6b7e1f5b521de19b,6f9a9c5f2856c8b3,1.170863568534039,0,0.02147265,0.0,0.0,0.0,0.0,0,0,1.0,0.0,0,0.0,0.0,0.0,0.0,0.0,1,1.0
8868588aa93a0687,1,6b7e1f5b521de19b,,5655.969519442425,0,0.0074671293,0.0,0.0,0.0,0.0,0,0,1.0,0.0,0,0.0,0.0,0.0,0.0,0.0,1,1.0
88689464d3d805dc,3,6b7e1f5b521de19b,,33748.047545819645,0,0.055477876,0.0,0.0,0.0,0.0,0,0,1.0,0.0,0,0.0,0.0,0.0,0.0,0.0,1,1.0
88695ad486bb2699,3,6b7e1f5b521de19b,,25102.753943361105,0,0.0013514316,0.0,0.0,0.0,0.0,0,0,1.0,0.0,0,0.0,0.0,0.0,0.0,0.0,1,1.0
886becd07164a88b,3,6b7e1f5b521de19b,d4f34f97b6d22a81,39931.69188109246,0,0.99179876,0.0,0.0,0.0,0.0,0,0,1.0,0.0,0,0.0,0.0,0.0,0.0,0.0,1,1.0
88776c34568a02b8,4,fd10c5543bdbcbc9,d4f34f97b6d22a81,63185.14903324447,719,0.0044757887,-0.014367835652066766,0.026737967914438502,-10.0,10.0,0,0,2.121320343109643e-10,0.0,0,0.0,0.3015052494506674,53963.57002446017,151.0,0.8180792015671946,3,0.3333333333333333
88847671a2408499,2,6b7e1f5b521de19b,,54608.54408792734,280,0.0003673664,1.79943016516194e-17,0.0,0.0,0.0,0,0,1.0,0.0,0,0.0,1.3323844712776063e-16,0.0,177.0,0.2642857142838266,1,0.3333333333333333
888af36d4d785b53,2,6b7e1f5b521de19b,6f9a9c5f2856c8b3,27685.304717477007,0,0.86611545,0.0,0.0,0.0,0.0,0,0,1.0,0.0,0,0.0,0.49997356785481245,23644.201252730025,0.0,0.0,5,1.0
889e4b4703a86c42,2,6b7e1f5b521de19b,6f9a9c5f2856c8b3,1513.303966626723,0,0.010426704,0.0,0.0,0.0,0.0,0,0,1.0,0.0,0,0.0,0.0,0.0,0.0,0.0,1,1.0
889fb223da23981e,3,6b7e1f5b521de19b,,35845.270270304114,0,0.0016133478,0.0,0.0,0.0,0.0,0,0,1.0,0.0,0,0.0,0.0,0.0,0.0,0.0,1,1.0
88c3a28eb05685f5,2,6b7e1f5b521de19b,6f9a9c5f2856c8b3,365.23269095468356,0,0.0625623,0.0,0.0,0.0,0.0,0,0,1.0,0.0,0,0.0,0.0,0.0,0.0,0.0,1,1.0
88d4e1d7d6393a70,5,6b7e1f5b521de19b,6f9a9c5f2856c8b3,914942.9813268651,236,0.024633834,-0.013788640549554473,-0.24390243902439024,20.0,30.0,1,0,6.837634587110744e-11,0.0,0,0.0,0.10725068768361513,-0.27461229907086754,154.0,1.3163174978588286,3,0.3333333333333333
88d97860e245f28d,1,6b7e1f5b521de19b,,4271.355885203606,0,0.0047247577,0.0,0.0,0.0,0.0,0,0,1.0,0.0,0,0.0,0.9988675632137323,1764.1029958387294,0.0,0.0,2,1.0
88e3de3a3a99527a,5,6b7e1f5b521de19b,,1.170863568534039,344,3.5945803e-05,-0.0029392784399136862,-0.004761904761904762,-1.0,1.0,0,0,1.0206207261175655,0.0,0,0.0,0.0,0.0,210.0,1.0476737733144135,2,0.2
88e6a19866e3421f,2,6b7e1f5b521de19b,6f9a9c5f2856c8b3,48654.272442631285,0,0.5232617,0.0,0.0,0.0,0.0,0,0,1.0,0.0,0,0.0,0.0,0.0,0.0,0.0,2,1.0
891a9bd968e8ccee,3,6b7e1f5b521de19b,,14005.202331550161,0,0.12225239,0.0,0.0,0.0,0.0,0,0,1.0,0.0,0,0.0,0.0,0.0,0.0,0.0,1,1.0
8928e1044a4b6d40,0,6b7e1f5b521de19b,6f9a9c5f2856c8b3,1129712.8416878227,0,0.014982625,0.0,20.0,-20.0,20.0,0,-1,1.0,0.0,0,0.0,0.7793139686270639,964853.3793212916,0.0,0.0,3,1.0
893b446f466a8b42,6,6b7e1f5b521de19b,,1.170863568534039,231,7.4085e-05,0.03236143613096365,-0.19736842105263158,15.0,0.0,0,0,1.0,0.0,0,0.0,0.0,0.0,155.0,0.8218498141254366,2,0.25
89408002b4c7398c,3,6b7e1f5b521de19b,,147782.212188992,244,9.061936e-05,-0.034477659029064946,0.072,-9.0,9.0,0,0,2.494850663323402e-10,0.0,0,0.0,0.5587098631310163,14.3158634610346,61.0,0.8775086891500085,2,0.2727272727272727
894327e13cbfedc3,2,6b7e1f5b521de19b,,1977442.152673165,259,0.0012716468,-0.0846387064173825,0.2222222222222222,-30.0,30.0,0,0,8.944271909199159e-11,1.0,0,0.003861003861003861,0.32447430019154117,1.2720076691389515,96.0,0.5351914036513775,1,0.3333333333333333
894c4c0dd7620428,3,6b7e1f5b521de19b,,5083.8994500666495,0,0.012032567,0.0,0.0,0.0,0.0,0,0,1.0,0.0,0,0.0,0.0,0.0,0.0,0.0,1,1.0
894dda19356e5c5d,5,6b7e1f5b521de19b,d4f34f97b6d22a81,682906.5780852219,39,8.2460196e-05,-0.02564102564102564,0.02564102564102564,-1.0,1.0,0,0,1.0,0.0,0,0.0,0.0,0.0,39.0,0.0,2,1.0
89589dc70c2ed56d,2,6b7e1f5b521de19b,,25102.753943361105,0,0.0026421088,0.0,0.0,0.0,0.0,0,0,1.0,0.0,0,0.0,0.0,0.0,0.0,0.0,1,1.0
895bc6676b755abc,5,6b7e1f5b521de19b,6f9a9c5f2856c8b3,749491.1665158706,1180,8.9017834e-05,-0.02650119556621189,0.05660377358490566,-30.0,30.0,0,0,7.6376261576764e-11,0.0,0,0.0,0.03331024997674395,0.07277052766954953,310.0,1.0442493788713982,2,0.2857142857142857
897931618d430581,4,38080774be85927f,d4f34f97b6d22a81,3833.048496160384,5,0.98860615,15.120772946859905,15.0,60.0,10.0,1,0,0.9003019811912921,0.0,0,0.0,0.3812253901869656,3272.6935362669888,2.0,0.979795895741557,8,0.25
897d0dd7104c259c,3,6b7e1f5b521de19b,,29324.531411075328,388,0.001119631,0.05479988257168019,0.2597402597402597,20.0,0.0,0,0,0.8944271910108195,0.0,0,0.0,0.0,0.0,102.0,0.5574760736913122,2,0.5
898e4003523561b9,0,6b7e1f5b521de19b,6f9a9c5f2856c8b3,27069.173158038753,237,9.296012e-05,-0.010618744942559506,-0.17697132616487454,0.0,10.0,1,-1,1.0327955589818703,0.0,0,0.0,0.0,0.0,67.0,0.7366948442390824,2,0.375
8994663dc532ffe9,5,6b7e1f5b521de19b,d4f34f97b6d22a81,48332.66927590228,182,0.0006735197,3.5765577694741304e-17,0.0,0.0,0.0,0,0,1.0,0.0,0,0.0,0.0,0.0,75.0,0.7063378615860386,1,0.16666666666666666
89aec8318559dd2d,0,c5340170d170e6cd,,4143.3804614791225,0,0.090590484,0.0,0.0,0.0,0.0,0,0,1.0,0.0,0,0.0,0.0,0.0,0.0,0.0,1,1.0
89bf2d13d5ae6d86,4,e9943875f43f341e,28c9c64e5918b06e,178.89505293483595,0,0.0034657877,0.0,0.0,0.0,0.0,0,0,1.0,0.0,0,0.0,0.0,0.0,0.0,0.0,2,1.0
89cb063e15b2f41d,2,6b7e1f5b521de19b,6f9a9c5f2856c8b3,1.170863568534039,0,0.21062772,0.0,0.0,0.0,0.0,0,0,1.0,0.0,0,0.0,0.0,0.0,0.0,0.0,1,1.0
89cc11ac509cb750,2,6b7e1f5b521de19b,6f9a9c5f2856c8b3,1637163.9428545497,117,0.00011428334,-0.03011555823808266,0.07042253521126761,-5.0,5.0,0,0,6.047431564490493e-10,0.0,0,0.0,0.37796416408141775,1398252.3805405993,34.0,0.6321320371280125,2,0.125
89d1ed8bf586d546,3,6b7e1f5b521de19b,,21273.147061594493,0,0.0067191566,0.0,0.0,0.0,0.0,0,0,1.0,0.0,0,0.0,0.0,0.0,0.0,0.0,1,1.0
89daaec39f960e00,5,6b7e1f5b521de19b,d4f34f97b6d22a81,1.170863568534039,0,0.010122588,0.0,0.0,0.0,0.0,0,0,1.0,0.0,0,0.0,0.0,0.0,0.0,0.0,1,1.0
89e2f2955695c015,3,6b7e1f5b521de19b,6f9a9c5f2856c8b3,9967.179627724136,0,0.014386981,0.0,0.0,0.0,0.0,0,0,1.0,0.0,0,0.0,0.0,0.0,0.0,0.0,1,1.0
89e8d45d7aef8e68,2,6b7e1f5b521de19b,6f9a9c5f2856c8b3,98.49392076768089,32,0.0009040379,-6.700788708272329e-17,0.0,0.0,0.0,0,0,1.0,0.0,0,0.0,0.0,0.0,32.0,0.0,2,1.0
89ef00c244111b1d,5,6b7e1f5b521de19b,6f9a9c5f2856c8b3,4771666.640296725,468,0.523152,0.10488319784898113,0.7936507936507936,50.0,30.0,2,0,4.5597971261636066e-11,0.0,0,0.0,0.391810627831226,-0.13666338940080675,143.0,2.014738592774956,9,0.68
89fd134d946b071c,2,6b7e1f5b521de19b,6f9a9c5f2856c8b3,3705.9364016760587,177,0.0011210205,0.031805831485276145,-0.145985401459854,10.0,0.0,0,0,1.809068067139309e-10,0.0,0,0.0,0.30140742722468444,3164.1308498017556,57.0,1.35781413648509,5,0.5
8a022c190d744b88,2,6b7e1f5b521de19b,6f9a9c5f2856c8b3,7555.200108508844,0,0.54806936,0.0,0.0,0.0,0.0,0,0,1.0,0.0,0,0.0,0.0,0.0,0.0,0.0,1,1.0
8a1a116840d1c3b3,3,6b7e1f5b521de19b,,12873.533460673383,0,0.0035362993,0.0,0.0,0.0,0.0,0,0,1.0,0.0,0,0.0,0.0,0.0,0.0,0.0,1,1.0
8a1d7c62493d2323,0,a0d28553c7be77f0,,7622.2759197919995,0,0.19732538,0.0,0.0,0.0,0.0,0,0,1.0,0.0,0,0.0,0.0,0.0,0.0,0.0,4,1.0
8a41750abd04e354,2,6b7e1f5b521de19b,6f9a9c5f2856c8b3,2556.4811056383946,0,0.022976363,0.0,0.0,0.0,0.0,0,0,1.0,0.0,0,0.0,0.0,0.0,0.0,0.0,1,1.0
8a4d917357476743,2,6b7e1f5b521de19b,d4f34f97b6d22a81,42597.17500294789,0,0.70975435,0.0,0.0,0.0,0.0,0,0,1.0,0.0,0,0.0,0.0,0.0,0.0,0.0,1,1.0
8a77f727bc99db6c,2,6b7e1f5b521de19b,6f9a9c5f2856c8b3,387.37963649041814,0,0.1901811,0.0,0.0,0.0,0.0,0,0,1.0,0.0,0,0.0,0.0,0.0,0.0,0.0,4,1.0
8a85371e92143eb0,4,e366e0e543d0c5cd,d4f34f97b6d22a81,1.170863568534039,0,0.0016277257,0.0,0.0,0.0,0.0,0,0,1.0,0.0,0,0.0,0.0,0.0,0.0,0.0,1,1.0
8a8f4fc20a612e0c,0,6b7e1f5b521de19b,6f9a9c5f2856c8b3,11768.777709593114,0,0.023722038,0.0,0.0,0.0,0.0,0,0,1.0,0.0,0,0.0,0.0,0.0,0.0,0.0,1,1.0
8a9758c6fdad4fe0,2,6b7e1f5b521de19b,6f9a9c5f2856c8b3,1236379.4386287977,10,0.14194848,-2.359760608687704e-16,0.0,0.0,0.0,0,0,1.0,0.0,0,0.0,0.0,0.0,10.0,0.0,2,1.0
8aa826bdb295c53c,2,6b7e1f5b521de19b,6f9a9c5f2856c8b3,98.49392076768089,27,0.00079147157,-7.941675506100537e-17,0.0,0.0,0.0,0,0,1.0,0.0,0,0.0,0.0,0.0,27.0,0.0,2,1.0
8aa885f81acc2df6,2,6b7e1f5b521de19b,6f9a9c5f2856c8b3,441.4620294957936,135,0.0015139234,-0.07370492473612923,0.31746031746031744,-20.0,20.0,0,0,1.3858046561194228e-10,0.0,0,0.0,2.575234790887983e-16,0.0,45.0,1.3299339380288597,5,0.15384615384615385
8ab48da7a5532d50,3,6b7e1f5b521de19b,,1.170863568534039,0,0.048755948,0.0,0.0,0.0,0.0,0,0,1.0,0.0,0,0.0,0.0,0.0,0.0,0.0,1,1.0
8abb8d42fcabbb5c,5,6b7e1f5b521de19b,6f9a9c5f2856c8b3,98.49392076768089,0,0.99473757,0.0,0.0,0.0,0.0,0,0,1.0,0.0,0,0.0,0.9765039662242045,83.12074934656873,0.0,0.0,2,1.0
8abed21fcfd0c66a,0,6b7e1f5b521de19b,6f9a9c5f2856c8b3,1.170863568534039,0,0.013581785,0.0,0.0,0.0,0.0,0,0,1.0,0.0,0,0.0,0.0,0.0,0.0,0.0,1,1.0
8ac2fab7653dfd56,5,6b7e1f5b521de19b,6f9a9c5f2856c8b3,1936705.1448629508,698,4.5146648e-05,-0.026222471724878068,-0.02262443438914027,-10.0,30.0,1,-1,0.4942966221092087,0.0,0,0.0,0.10348983747404811,0.2440913364098103,232.0,0.8851364154664054,1,0.2222222222222222
8ac53b3f006101a3,1,6b7e1f5b521de19b,,2046.6148673782125,19,0.006135978,-1.128553887709024e-16,0.0,0.0,0.0,0,0,1.0,0.0,0,0.0,0.0,0.0,19.0,0.0,2,1.0
8acaed425e691e74,3,6b7e1f5b521de19b,d4f34f97b6d22a81,504714.77097778063,6,0.00044013862,7.810219454003425e-17,0.0,0.0,0.0,0,0,1.0,0.0,0,0.0,0.49999855009334254,431060.9824047482,6.0,1.7320508064141766,5,0.2
8ae0305ff2758071,0,674ec33189ed753c,,11695.935307289847,0,0.08754308,0.0,-20.0,20.0,0.0,0,1,1.0,0.0,0,0.0,0.0,0.0,0.0,0.0,2,1.0
8ae0ceda3c9fe05d,2,6b7e1f5b521de19b,6f9a9c5f2856c8b3,160095.94332240717,0,0.5006687,0.0,0.0,0.0,0.0,0,0,1.0,0.0,0,0.0,0.0,0.0,0.0,0.0,1,1.0
8aeeb04955d3212d,3,6b7e1f5b521de19b,,14005.202331550161,22,0.5882561,1.094182825484764,-1.0526315789473684,20.0,20.0,1,0,0.6777720856115164,1.0,0,0.045454545454545456,0.02150670127958844,0.0,12.0,1.2060453779821332,4,0.5714285714285714
8af1e6638790b2a7,4,062b9e5a52eb6d8e,28c9c64e5918b06e,73102.61002762495,6,0.0026805087,-3.573753977745242e-16,0.0,0.0,0.0,0,0,1.0,0.0,0,0.0,0.0,0.0,6.0,0.0,2,1.0
8af323fda60a1b91,2,6b7e1f5b521de19b,6f9a9c5f2856c8b3,283.33239097103296,37,0.009044399,-6.377731374831633e-17,0.0,0.0,0.0,0,0,1.0,0.0,0,0.0,0.0,0.0,37.0,0.0,2,1.0
8b111478bd98ea46,0,7545e34e09ae9cad,,71696.25793643901,0,0.0041281553,0.0,0.0,0.0,0.0,0,0,1.0,0.0,0,0.0,0.0,0.0,0.0,0.0,1,1.0
8b22ca84b17ef9da,2,6b7e1f5b521de19b,6f9a9c5f2856c8b3,1.170863568534039,0,0.21062772,0.0,0.0,0.0,0.0,0,0,1.0,0.0,0,0.0,0.0,0.0,0.0,0.0,1,1.0
8b26b6553c0230d1,2,6b7e1f5b521de19b,6f9a9c5f2856c8b3,98.49392076768089,0,0.014594979,0.0,0.0,0.0,0.0,0,0,1.0,0.0,0,0.0,0.0,0.0,0.0,0.0,1,1.0
8b2c01591d22b52d,5,6b7e1f5b521de19b,d4f34f97b6d22a81,1.170863568534039,0,0.4542695,0.0,0.0,0.0,0.0,0,0,1.0,0.0,0,0.0,0.0,0.0,0.0,0.0,1,1.0
8b6408c23c94939a,4,6b7e1f5b521de19b,28c9c64e5918b06e,1.170863568534039,0,0.13917455,0.0,0.0,0.0,0.0,0,0,1.0,0.0,0,0.0,0.0,0.0,0.0,0.0,1,1.0
8b69e04ee10c05c2,4,75c64824a2a4e380,28c9c64e5918b06e,1.170863568534039,0,0.1971364,0.0,0.0,0.0,0.0,0,0,1.0,0.0,0,0.0,0.0,0.0,0.0,0.0,1,1.0
8b703a91e2bc58c5,4,75c64824a2a4e380,28c9c64e5918b06e,1.170863568534039,0,0.0148027,0.0,0.0,0.0,0.0,0,0,1.0,0.0,0,0.0,0.0,0.0,0.0,0.0,1,1.0
8b7663f2ee79a98c,0,6b7e1f5b521de19b,6f9a9c5f2856c8b3,48054.53313792462,117,0.0006572564,0.063298980683674,-0.13114754098360656,8.0,0.0,0,0,3.124999999023438e-10,0.0,0,0.0,0.0,0.0,56.0,0.733002535291085,2,0.2
8b783f7ff5feb0db,2,6b7e1f5b521de19b,6f9a9c5f2856c8b3,1.170863568534039,0,0.021574046,0.0,0.0,0.0,0.0,0,0,1.0,0.0,0,0.0,0.0,0.0,0.0,0.0,1,1.0
8b8cbfbae36f19f5,2,6b7e1f5b521de19b,d4f34f97b6d22a81,52508.93754479378,112,0.0015777594,5.329300752359634e-17,0.0,0.0,0.0,0,0,1.0,0.0,0,0.0,1.3856607949792146e-16,0.0,35.0,1.2021451912788295,5,0.07692307692307693
8b94819a14ed1471,5,6b7e1f5b521de19b,,1.170863568534039,265,2.1926582e-05,-0.04114568620746047,-0.03773584905660377,-10.0,10.0,0,-1,1.0206207261554485,0.0,0,0.0,0.0,0.0,161.0,1.045242148902549,3,0.2
8ba62e298cd1213b,4,b4d1bda83fb7745f,28c9c64e5918b06e,146455.96540706916,0,0.03453149,0.0,0.0,0.0,0.0,0,0,1.0,0.0,0,0.0,0.0,0.0,0.0,0.0,1,1.0
8ba8fe6ca67a585b,3,6b7e1f5b521de19b,,29324.531411075328,0,0.00016449337,0.0,0.0,0.0,0.0,0,0,1.0,0.0,0,0.0,0.0,0.0,0.0,0.0,1,1.0
8bb9ba6752db8a3d,4,e43bc3ffd79e75b6,28c9c64e5918b06e,1.170863568534039,0,0.00314348,0.0,0.0,0.0,0.0,0,0,1.0,0.0,0,0.0,0.0,0.0,0.0,0.0,1,1.0
8bd0bcd09b32cc1a,5,6b7e1f5b521de19b,6f9a9c5f2856c8b3,6821.482364268251,0,0.33582744,0.0,0.0,0.0,0.0,0,0,1.0,0.0,0,0.0,0.0,0.0,0.0,0.0,1,1.0
8bd4643c1a7c7b59,5,6b7e1f5b521de19b,d4f34f97b6d22a81,2373586.4571684795,77,4.9040253e-05,-0.13447210612393243,-0.14084507042253522,-10.0,10.0,0,-1,1.0,0.0,0,0.0,0.09689719508563874,0.23818995299169668,71.0,0.8441558441339181,2,0.3333333333333333
8bdf9633b4aee3c4,2,6b7e1f5b521de19b,,35845.270270304114,0,0.011725212,0.0,0.0,0.0,0.0,0,0,1.0,0.0,0,0.0,0.0,0.0,0.0,0.0,2,1.0
8bf7187a66fac8c4,0,ac07a4f1ad9a4f67,,2450.0970905682957,12,0.16188046,0.6249999999999999,-15.0,15.0,0.0,0,1,1.0,0.0,0,0.0,0.054634157063099945,0.12055380549987345,12.0,0.9999999998333333,2,0.3333333333333333
8c3372a99d6b1461,2,6b7e1f5b521de19b,6f9a9c5f2856c8b3,8622.31369013763,1538,0.00077095814,0.008700103127848127,-0.10183299389002037,17.5,0.0,0,0,9.616783114156719e-11,0.0,0,0.0,0.6389044107367747,7363.063518461899,227.0,0.7567264957962968,2,0.2608695652173913
8c3871645d70667f,4,75c64824a2a4e380,28c9c64e5918b06e,1.170863568534039,0,0.5694955,0.0,0.0,0.0,0.0,0,0,1.0,0.0,0,0.0,0.0,0.0,0.0,0.0,1,1.0
8c4454cf9ba7d462,2,6b7e1f5b521de19b,6f9a9c5f2856c8b3,9721.332606136886,0,0.36689582,0.0,0.0,0.0,0.0,0,0,1.0,0.0,0,0.0,0.0,0.0,0.0,0.0,1,1.0
8c59cda42e7fa03b,3,6b7e1f5b521de19b,,1.170863568534039,0,0.009177142,0.0,0.0,0.0,0.0,0,0,1.0,0.0,0,0.0,0.0,0.0,0.0,0.0,1,1.0
8c7a7868010708db,3,6b7e1f5b521de19b,,194447.06540649664,0,0.44776496,0.0,0.0,0.0,0.0,0,0,1.0,0.0,0,0.0,0.0,0.0,0.0,0.0,1,1.0
8c805992d0506ff4,2,6b7e1f5b521de19b,,666299.1879365722,265,0.003252317,-7.654837410774421e-17,0.0,0.0,0.0,0,0,1.0,0.0,0,0.0,0.2137175267670899,-0.4088732320720961,135.0,1.1813731744738798,4,0.2857142857142857
8ca1870570128c45,5,75c64824a2a4e380,d4f34f97b6d22a81,2330448.004940446,0,0.17361952,0.0,0.0,0.0,0.0,0,0,1.0,0.0,0,0.0,0.16895633789332593,0.4709361666397445,0.0,0.0,3,1.0
8ca8abfee92733a1,2,6b7e1f5b521de19b,6f9a9c5f2856c8b3,33711.60200551114,326,0.00021500721,0.016699996306477886,-6.666666666666667,20.0,0.0,0,0,1.4288690164193537e-10,0.0,0,0.0,0.0,0.0,167.0,1.133193769480505,4,0.14285714285714285
8cc0f3e604d2a51e,2,6b7e1f5b521de19b,6f9a9c5f2856c8b3,1533.3934237864623,0,0.98569715,0.0,0.0,0.0,0.0,0,0,1.0,0.0,0,0.0,0.0,0.0,0.0,0.0,1,1.0
8cc11383269e1b42,6,6b7e1f5b521de19b,,108932.65643502268,124,0.0024267952,-0.07828710175851682,-0.7045454545454546,0.0,40.0,2,1,1.322875655502093,0.0,0,0.0,0.39622805607449896,-0.8113057295603875,76.0,1.3294471634837286,3,0.42857142857142855
8cc357cc9f6fc0e4,4,e366e0e543d0c5cd,28c9c64e5918b06e,1.170863568534039,0,0.002709393,0.0,0.0,0.0,0.0,0,0,1.0,0.0,0,0.0,0.0,0.0,0.0,0.0,1,1.0
8cd23e9a390785f1,2,6b7e1f5b521de19b,6f9a9c5f2856c8b3,1.170863568534039,0,0.07196468,0.0,0.0,0.0,0.0,0,0,1.0,0.0,0,0.0,0.0,0.0,0.0,0.0,1,1.0
8cd6a9b25a44f6e0,2,6b7e1f5b521de19b,6f9a9c5f2856c8b3,98.49392076768089,30,0.00079147157,-7.147507955490484e-17,0.0,0.0,0.0,0,0,1.0,0.0,0,0.0,0.0,0.0,30.0,0.0,2,1.0
8ceba18531cb697a,5,75c64824a2a4e380,6f9a9c5f2856c8b3,17867.45866916281,0,0.60364956,0.0,-40.0,40.0,0.0,0,1,1.0,0.0,0,0.0,0.0,0.0,0.0,0.0,2,1.0
8d10ca705e3a39e4,3,6b7e1f5b521de19b,,1.170863568534039,0,0.0020703645,0.0,0.0,0.0,0.0,0,0,1.0,0.0,0,0.0,0.0,0.0,0.0,0.0,2,1.0
8d17793d94f484cc,1,6b7e1f5b521de19b,6f9a9c5f2856c8b3,2892.55396568139,170,0.001918631,-0.019778994059816882,5.0,-5.0,5.0,0,0,4.0414518826940475e-10,0.0,0,0.0,0.8474158108092247,2469.4449292097847,129.0,1.6602830458066373,5,0.2857142857142857
8d23e710b5368a33,3,6b7e1f5b521de19b,,763955.7981613998,0,0.000114321054,0.0,0.0,0.0,0.0,0,0,1.0,0.0,0,0.0,0.0,0.0,0.0,0.0,2,1.0
8d2fbe1f28fe6a21,6,6b7e1f5b521de19b,,190193.50928125117,0,0.10587986,0.0,0.0,0.0,0.0,0,0,1.0,0.0,0,0.0,0.0,0.0,0.0,0.0,1,1.0
8d372de23c501bff,0,6b7e1f5b521de19b,6f9a9c5f2856c8b3,1.170863568534039,0,0.0017889283,0.0,0.0,0.0,0.0,0,0,1.0,0.0,0,0.0,0.0,0.0,0.0,0.0,1,1.0
8d474b1f6976ca4b,3,6b7e1f5b521de19b,d4f34f97b6d22a81,1.170863568534039,0,0.022049882,0.0,0.0,0.0,0.0,0,0,1.0,0.0,0,0.0,0.0,0.0,0.0,0.0,1,1.0
8d511aed32714634,0,6b7e1f5b521de19b,,92504.1093225596,0,0.012350296,0.0,0.0,0.0,0.0,0,0,1.0,0.0,0,0.0,0.0,0.0,0.0,0.0,1,1.0
8d55eafffbb5ad6e,3,6b7e1f5b521de19b,,21273.147061594493,0,0.11876796,0.0,0.0,0.0,0.0,0,0,1.0,0.0,0,0.0,0.0,0.0,0.0,0.0,1,1.0
8d7534f26aab2bdc,2,6b7e1f5b521de19b,6f9a9c5f2856c8b3,4841.89872927719,135,0.0017474022,-3.9194550990167555e-17,0.0,0.0,0.0,0,0,1.0,0.0,0,0.0,0.0,0.0,60.0,1.1602705326910268,3,0.2222222222222222
8d78eabdb23dfaeb,4,6b7e1f5b521de19b,28c9c64e5918b06e,42828.541014785944,0,0.2521835,0.0,0.0,0.0,0.0,0,0,1.0,0.0,0,0.0,0.0,0.0,0.0,0.0,1,1.0
8d8b2ab8b1e82d33,4,b6bf95545ecbafbf,28c9c64e5918b06e,948489.558122538,316,7.382118e-05,-0.016297597829319325,0.023474178403755867,-5.0,5.0,0,0,0.8660254038380286,0.0,0,0.0,1.0953985555304115,810075.9240861079,204.0,1.202756474633148,2,0.16666666666666666
8d8d22bb2c695e5f,3,6b7e1f5b521de19b,,5083.8994500666495,0,0.0024694721,0.0,0.0,0.0,0.0,0,0,1.0,0.0,0,0.0,0.0,0.0,0.0,0.0,1,1.0
8d9f624331685003,3,6b7e1f5b521de19b,,21273.147061594493,0,0.009157678,0.0,0.0,0.0,0.0,0,0,1.0,0.0,0,0.0,0.0,0.0,0.0,0.0,1,1.0
8dcfc856b15da0d5,0,6b7e1f5b521de19b,6f9a9c5f2856c8b3,644864.0971688905,32,0.08524084,0.7007221182134259,9.655172413793103,40.0,0.0,0,1,1.0,0.0,0,0.0,0.0509376612913565,0.10734313061176934,29.0,1.2207515614245927,2,0.5
8dd1579dec6ccfa3,0,6b7e1f5b521de19b,6f9a9c5f2856c8b3,14389.74695083164,0,0.053354576,0.0,0.0,0.0,0.0,0,0,1.0,0.0,0,0.0,0.9998372774294684,12288.857962570391,0.0,0.0,2,1.0
8dde78dcd153c872,3,6b7e1f5b521de19b,,10925.722758077785,174,0.0008709373,0.09637544521265451,-0.15748031496062992,20.0,0.0,0,0,1.1547005382459181e-10,0.0,0,0.0,0.5772677758827852,9330.337187096156,112.0,1.459792741190483,2,0.375
8dfb1ee7b39b9796,3,6b7e1f5b521de19b,,2.4198904513070483,0,0.019189514,0.0,0.0,0.0,0.0,0,0,1.0,0.0,0,0.0,0.0,0.0,0.0,0.0,1,1.0
8e0022880b1c6ce5,3,6b7e1f5b521de19b,,26289.741789616684,0,0.29013425,0.0,0.0,0.0,0.0,0,0,1.0,0.0,0,0.0,0.0,0.0,0.0,0.0,1,1.0
8e0886cb5f1a16b8,5,532ef57d231b606f,d4f34f97b6d22a81,19514124.278646804,0,0.0067208814,0.0,0.0,0.0,0.0,0,0,1.0,0.0,0,0.0,0.0,0.0,0.0,0.0,1,1.0
8e1416e7fdc13e5b,5,cca8e68b78e095c5,28c9c64e5918b06e,8029.617262090525,0,0.9968136,0.0,0.0,0.0,0.0,0,0,1.0,0.0,0,0.0,0.0,0.0,0.0,0.0,1,1.0
8e1a4f7640e99d8f,2,6b7e1f5b521de19b,,1.170863568534039,0,0.00016537233,0.0,0.0,0.0,0.0,0,0,1.0,0.0,0,0.0,0.0,0.0,0.0,0.0,1,1.0
8e232d4e2d0d7ad9,3,6b7e1f5b521de19b,d4f34f97b6d22a81,4517.797135638614,153,0.0011280166,0.17843001143907466,-0.22988505747126436,20.0,0.0,0,0,1.0606601716673217e-10,0.0,0,0.0,0.12229023340115773,-0.12893186633356535,50.0,1.4265894355821558,5,0.13333333333333333
8e2bf763a6f76f73,0,6b7e1f5b521de19b,6f9a9c5f2856c8b3,1.170863568534039,0,0.0073185093,0.0,0.0,0.0,0.0,0,0,1.0,0.0,0,0.0,0.0,0.0,0.0,0.0,1,1.0
8e3c36c26e26d4bb,2,6b7e1f5b521de19b,6f9a9c5f2856c8b3,2229337.987982884,163,0.16469489,-1.0475698985372595e-17,0.0,0.0,0.0,0,0,1.0,0.0,0,0.0,0.0,0.0,134.0,1.9843377854208424,5,0.625
8e5620ee3fce52b2,2,6b7e1f5b521de19b,,1397824.6042475002,0,0.0034628855,0.0,0.0,0.0,0.0,0,0,1.0,0.0,0,0.0,0.0,0.0,0.0,0.0,1,1.0
8e68663faf0974e4,4,75c64824a2a4e380,28c9c64e5918b06e,723.2649706201703,0,0.00021042411,0.0,0.0,0.0,0.0,0,0,1.0,0.0,0,0.0,0.0,0.0,0.0,0.0,1,1.0
8e7ae8b9ef827c91,5,6b7e1f5b521de19b,6f9a9c5f2856c8b3,1.170863568534039,0,0.018502835,0.0,0.0,0.0,0.0,0,0,1.0,0.0,0,0.0,0.0,0.0,0.0,0.0,1,1.0
8ea5961fb3efdb8f,0,6b7e1f5b521de19b,,1.170863568534039,0,0.13945414,0.0,0.0,0.0,0.0,0,0,1.0,0.0,0,0.0,0.0,0.0,0.0,0.0,1,1.0
8ea9179e2846c998,0,6b7e1f5b521de19b,6f9a9c5f2856c8b3,1096681.541053269,0,0.0034162737,0.0,0.0,0.0,0.0,0,0,1.0,0.0,0,0.0,0.0,0.0,0.0,0.0,2,1.0
8eab1d2999f69ff3,1,6b7e1f5b521de19b,d4f34f97b6d22a81,1.170863568534039,0,0.06970135,0.0,0.0,0.0,0.0,0,0,1.0,0.0,0,0.0,0.0,0.0,0.0,0.0,1,1.0
8eac05a84362eb97,4,b4d1bda83fb7745f,28c9c64e5918b06e,1.170863568534039,0,0.009859185,0.0,0.0,0.0,0.0,0,0,1.0,0.0,0,0.0,0.0,0.0,0.0,0.0,1,1.0
8eaea04ed8c92a6f,0,6b7e1f5b521de19b,6f9a9c5f2856c8b3,1.170863568534039,0,0.03465114,0.0,0.0,0.0,0.0,0,0,1.0,0.0,0,0.0,0.0,0.0,0.0,0.0,1,1.0
8eaebc9946f9a73a,5,6b7e1f5b521de19b,6f9a9c5f2856c8b3,2026186.1108339757,119,0.6801568,-0.02076008705842942,0.0,0.0,10.0,1,0,2.8577380324303744e-10,0.0,0,0.0,0.07696750007552204,0.16043515213219964,96.0,1.7369770258447228,3,0.2857142857142857
8ec13fde203d7ffe,2,6b7e1f5b521de19b,6f9a9c5f2856c8b3,811.4470777989461,0,0.9970655,0.0,0.0,0.0,0.0,0,0,1.0,0.0,0,0.0,0.0,0.0,0.0,0.0,1,1.0
8ec4c2fdca63014a,5,6b7e1f5b521de19b,,1.170863568534039,0,0.00033061637,0.0,0.0,0.0,0.0,0,0,1.0,0.0,0,0.0,0.0,0.0,0.0,0.0,3,1.0
8ec88904d375224f,4,7545e34e09ae9cad,28c9c64e5918b06e,25042.548859641283,299,0.00024406219,8.11570762773541e-18,0.0,0.0,0.0,0,0,1.0,0.0,0,0.0,0.40822602172902894,21387.101511259254,103.0,0.7282757486939215,2,0.42857142857142855
8ef5b7005eea5454,2,6b7e1f5b521de19b,6f9a9c5f2856c8b3,817.3904746531013,49,0.0025422303,-4.8158379769136816e-17,0.0,0.0,0.0,0,0,1.0,0.0,0,0.0,0.0,0.0,49.0,0.0,2,1.0
8f17472a1fc04eca,6,6b7e1f5b521de19b,,1.170863568534039,141,0.00020834226,-0.5673758865248227,0.5673758865248227,-80.0,80.0,0,-1,1.0,0.0,0,0.0,0.0,0.0,141.0,0.0,2,1.0
8f19016f95385d23,2,6b7e1f5b521de19b,,869711.3941640588,0,0.22354908,0.0,0.0,0.0,0.0,0,0,1.0,0.0,0,0.0,0.0,0.0,0.0,0.0,1,1.0
8f23ff363cd5fb0e,4,ad69d8c998aaf479,28c9c64e5918b06e,963833.7763104266,2385,0.00012545325,-0.004104799497464035,-0.05174355845496785,3.0,50.0,1,-1,0.4466574089389758,0.0,0,0.0,0.34470841314143785,0.8379141977502548,456.0,2.0288963917905387,12,0.05660377358490566
8f37bc9dc86a562f,3,6b7e1f5b521de19b,3b7caebd862368af,66342.24018879686,185,0.00202652,0.21987603377130124,-0.22058823529411764,30.0,0.0,0,0,6.88530372611689e-11,0.0,0,0.0,0.26310378055738254,0.7478673731531194,54.0,1.3917213224194174,6,0.375
8f385a45675410fd,2,6b7e1f5b521de19b,6f9a9c5f2856c8b3,2354478.799735582,846,0.0008256673,-0.0037668962133298057,-0.07142857142857142,-5.0,5.0,0,0,4.379978368612167e-10,0.0,0,0.0,1.4840891598385106,2010889.8185464083,190.0,1.5605290300218342,8,0.5555555555555556
8f4ceea8bc4ab7bd,1,6b7e1f5b521de19b,6f9a9c5f2856c8b3,16478.61015141876,137,0.0002285762,-6.888316245076436e-18,0.0,0.0,0.0,0,0,1.0,0.0,0,0.0,0.4019317505856507,-0.5570429114019374,72.0,1.0026072888294564,3,0.2
8f576ba9cae0564c,3,6b7e1f5b521de19b,d4f34f97b6d22a81,39364.60664345633,63,0.0017017694,-0.2273771244832339,-30.476190476190474,0.0,30.0,1,0,7.911548052226472e-11,0.0,0,0.0,0.41079845805525017,33619.148155042654,31.0,1.6680266556953276,9,0.07692307692307693
8f71838b21917e68,5,6b7e1f5b521de19b,6f9a9c5f2856c8b3,140660.65911173518,301,0.024674902,0.0429433244531531,0.055248618784530384,10.0,0.0,0,0,2.086996778564248e-10,0.0,0,0.0,1.341609516964935,120133.11544425038,138.0,1.5960611442726866,4,0.35714285714285715
8f8282bbd4c424fc,2,6b7e1f5b521de19b,6f9a9c5f2856c8b3,1.170863568534039,0,0.013997115,0.0,0.0,0.0,0.0,0,0,1.0,0.0,0,0.0,0.0,0.0,0.0,0.0,1,1.0
8f82a8aff3d37102,2,6b7e1f5b521de19b,6f9a9c5f2856c8b3,98.49392076768089,27,0.0008187501,-7.941675506100537e-17,0.0,0.0,0.0,0,0,1.0,0.0,0,0.0,0.0,0.0,27.0,0.0,2,1.0
8f8caafd6d0ddcf2,3,6b7e1f5b521de19b,,2.4198904513070483,222,0.00026503162,-9.658794534446599e-18,0.0,0.0,0.0,0,0,1.0,0.0,0,0.0,0.0,0.0,222.0,0.0,2,1.0
8f97aaf683d42741,3,6b7e1f5b521de19b,d4f34f97b6d22a81,3691.9514748849792,0,0.0026752646,0.0,0.0,0.0,0.0,0,0,1.0,0.0,0,0.0,0.0,0.0,0.0,0.0,1,1.0
8f9fb630b2c23055,4,bd661df59343798b,28c9c64e5918b06e,22995.70092109722,0,0.036080085,0.0,0.0,0.0,0.0,0,0,1.0,0.0,0,0.0,0.0,0.0,0.0,0.0,1,1.0
8fa1b59bc6864819,4,6b7e1f5b521de19b,28c9c64e5918b06e,1.170863568534039,0,0.092002004,0.0,0.0,0.0,0.0,0,0,1.0,0.0,0,0.0,0.0,0.0,0.0,0.0,1,1.0
8fa5bee4480946a0,5,6b7e1f5b521de19b,d4f34f97b6d22a81,1.170863568534039,0,0.10828163,0.0,0.0,0.0,0.0,0,0,1.0,0.0,0,0.0,0.0,0.0,0.0,0.0,1,1.0
8fe9867093d950b2,0,6b7e1f5b521de19b,6f9a9c5f2856c8b3,117300.01842689271,0,0.1513306,0.0,-5.0,35.0,0.0,0,1,1.0,0.0,0,0.0,0.5773425852334831,100181.48204080372,0.0,0.0,4,1.0
8feb70bd96f773b0,0,6b7e1f5b521de19b,6f9a9c5f2856c8b3,1.170863568534039,0,0.06500953,0.0,0.0,0.0,0.0,0,0,1.0,0.0,0,0.0,0.0,0.0,0.0,0.0,1,1.0
8ff1b41d2089ef00,2,6b7e1f5b521de19b,,275957.8919334273,0,0.120832324,0.0,0.0,0.0,0.0,0,0,1.0,0.0,0,0.0,0.0,0.0,0.0,0.0,1,1.0
9006b4538cbde602,3,6b7e1f5b521de19b,,2.4198904513070483,0,0.0016525978,0.0,0.0,0.0,0.0,0,0,1.0,0.0,0,0.0,0.0,0.0,0.0,0.0,1,1.0
900ad61c82c0bebf,2,6b7e1f5b521de19b,6f9a9c5f2856c8b3,46450.136567464426,0,0.507562,0.0,0.0,0.0,0.0,0,0,1.0,0.0,0,0.0,0.0,0.0,0.0,0.0,1,1.0
90210def6ecb9962,5,6b7e1f5b521de19b,6f9a9c5f2856c8b3,1399870.6979826037,1102,6.12901e-05,-0.01237080343210439,-0.09703647416413375,-10.0,30.0,1,0,1.1298184160140797e-10,0.0,0,0.0,0.11879242608981712,0.3453300777190869,331.0,1.2676194233274272,3,0.25
9031713063c07d6f,3,6b7e1f5b521de19b,,5126.849721354915,40,0.9953062,0.0,0.0,0.0,0.0,0,0,1.0,0.0,0,0.0,0.0,0.0,0.0,0.0,1,1.0
903281f6f863771a,5,6b7e1f5b521de19b,d4f34f97b6d22a81,723772.9550139738,327,0.029652866,0.015290519877675858,-20.0,20.0,0.0,0,0,1.24999999984375e-10,0.0,0,0.0,0.2000553784850743,0.5557264820644812,327.0,1.7320508075476901,4,0.2
9032d9eff05d5e7a,5,6b7e1f5b521de19b,,1.170863568534039,435,2.4016936e-05,-0.023236781544875237,-0.06711409395973154,-10.0,10.0,0,0,0.8750000000252592,0.0,0,0.0,0.0,0.0,286.0,1.4352727709442965,3,0.14285714285714285
903531b05afcbcef,6,6b7e1f5b521de19b,,58570.30617169199,0,0.99697185,0.0,0.0,0.0,0.0,0,0,1.0,0.0,0,0.0,0.01364527755908158,-0.02692318084279039,0.0,0.0,2,1.0
903dee3f4fb5c7a4,3,6b7e1f5b521de19b,d4f34f97b6d22a81,28088.974129119742,8,0.009274141,0.7500000000000002,-9.0,9.0,0.0,0,1,1.0,2.0,0,0.25,0.5773181812013504,23988.96337744806,8.0,1.414213561842765,3,0.25
904406f5818c4aeb,2,6b7e1f5b521de19b,6f9a9c5f2856c8b3,17032.04958821751,0,0.92125356,0.0,-59.0,59.0,0.0,0,0,1.0,0.0,0,0.0,0.5772973506880703,14545.570621837875,0.0,0.0,4,1.0
905458dcc4640474,3,6b7e1f5b521de19b,d4f34f97b6d22a81,4176.674738255045,0,0.0003927969,0.0,0.0,0.0,0.0,0,0,1.0,0.0,0,0.0,0.0,0.0,0.0,0.0,1,1.0
905b077e49babe6e,2,6b7e1f5b521de19b,6f9a9c5f2856c8b3,4854.049577612525,78,0.0033790218,6.060048189803291e-17,0.0,0.0,0.0,0,0,1.0,0.0,0,0.0,0.0,0.0,42.0,0.9927415734033339,2,0.16666666666666666
906b289ad959a8f0,5,6b7e1f5b521de19b,,1.170863568534039,0,0.0030332275,0.0,0.0,0.0,0.0,0,0,1.0,0.0,0,0.0,0.0,0.0,0.0,0.0,1,1.0
9073404e9389fe73,3,6b7e1f5b521de19b,d4f34f97b6d22a81,1461239.2371659551,58,0.025342993,0.06664933907619189,0.08620689655172414,5.0,0.0,0,1,1.2026755885084086,0.0,0,0.0,0.7722155893103749,1248000.2842106586,47.0,2.1309675245999182,6,0.3333333333333333
908133207d6806cb,2,6b7e1f5b521de19b,6f9a9c5f2856c8b3,1.170863568534039,0,0.017117972,0.0,0.0,0.0,0.0,0,0,1.0,0.0,0,0.0,0.0,0.0,0.0,0.0,1,1.0
9081d6e49746fd42,3,6b7e1f5b521de19b,,9648.963805727817,0,0.0021056382,0.0,0.0,0.0,0.0,0,0,1.0,0.0,0,0.0,0.0,0.0,0.0,0.0,1,1.0
90be3c38b9f77590,3,6b7e1f5b521de19b,d4f34f97b6d22a81,9648.963805727817,0,0.00022446795,0.0,0.0,0.0,0.0,0,0,1.0,0.0,0,0.0,0.0,0.0,0.0,0.0,1,1.0
90c971343e1586ff,3,6b7e1f5b521de19b,d4f34f97b6d22a81,392.07616597339137,0,0.0021713027,0.0,0.0,0.0,0.0,0,0,1.0,0.0,0,0.0,0.0,0.0,0.0,0.0,1,1.0
90d308dfd90fb8bf,3,6b7e1f5b521de19b,,35845.270270304114,0,0.0020717077,0.0,0.0,0.0,0.0,0,0,1.0,0.0,0,0.0,0.0,0.0,0.0,0.0,1,1.0
90de0466389922a5,3,6b7e1f5b521de19b,,9648.963805727817,64,0.0016287335,-4.4821899619151277e-17,0.0,0.0,0.0,0,0,1.0,2.0,0,0.03125,1.885165537117964e-16,0.0,27.0,0.8940449687376506,2,0.16666666666666666
90e96675d8e92a12,6,6b7e1f5b521de19b,,8342.688652667997,0,0.99610305,0.0,0.0,0.0,0.0,0,0,1.0,0.0,0,0.0,0.0,0.0,0.0,0.0,1,1.0
90ec74b9db29d6d5,3,6b7e1f5b521de19b,,11264.189824104717,0,0.077432014,0.0,0.0,0.0,0.0,0,0,1.0,0.0,0,0.0,0.0,0.0,0.0,0.0,1,1.0
90ee649618e5ade9,0,6b7e1f5b521de19b,,81249.67999572346,0,0.27849495,0.0,0.0,0.0,0.0,0,0,1.0,0.0,0,0.0,0.0,0.0,0.0,0.0,1,1.0
90ee773a025f4760,1,6b7e1f5b521de19b,,2.4198904513070483,0,0.008050503,0.0,0.0,0.0,0.0,0,0,1.0,0.0,0,0.0,0.0,0.0,0.0,0.0,1,1.0
90f039248db5b911,2,6b7e1f5b521de19b,6f9a9c5f2856c8b3,53058.32954997486,231,0.01807476,-5.966439108410246e-17,0.0,0.0,0.0,0,0,1.0,0.0,0,0.0,1.3713129825035617e-16,0.0,91.0,1.5642987574626963,4,0.35714285714285715
90f3f9dd62baee66,1,6b7e1f5b521de19b,,14005.202331550161,0,0.109095946,0.0,0.0,0.0,0.0,0,0,1.0,0.0,0,0.0,0.0,0.0,0.0,0.0,1,1.0
9108b600e0667690,1,6b7e1f5b521de19b,6f9a9c5f2856c8b3,1.170863568534039,0,0.035583723,0.0,0.0,0.0,0.0,0,0,1.0,0.0,0,0.0,0.0,0.0,0.0,0.0,1,1.0
9108fabc8a6a4575,5,6b7e1f5b521de19b,6f9a9c5f2856c8b3,569.928738792806,0,0.09042049,0.0,0.0,0.0,0.0,0,0,1.0,0.0,0,0.0,0.0,0.0,0.0,0.0,1,1.0
912765bdc73daf6c,5,6b7e1f5b521de19b,d4f34f97b6d22a81,1.170863568534039,0,0.16399303,0.0,0.0,0.0,0.0,0,0,1.0,0.0,0,0.0,0.0,0.0,0.0,0.0,1,1.0
913212b53b854d0e,3,6b7e1f5b521de19b,,21273.147061594493,0,0.0020861162,0.0,0.0,0.0,0.0,0,0,1.0,0.0,0,0.0,0.0,0.0,0.0,0.0,1,1.0
9148a20af0e2ebf5,0,6b7e1f5b521de19b,,870350.122287474,114,0.013027576,-1.4245346615736093e-17,0.0,0.0,0.0,0,0,1.0,0.0,0,0.0,0.0,0.0,114.0,0.0,2,1.0
914e518d89119b49,2,6b7e1f5b521de19b,6f9a9c5f2856c8b3,3084.57916746595,0,0.018822903,0.0,0.0,0.0,0.0,0,0,1.0,0.0,0,0.0,0.0,0.0,0.0,0.0,1,1.0
91618c74264fe575,5,6b7e1f5b521de19b,,1306.5435206718141,0,0.98764765,0.0,0.0,0.0,0.0,0,0,1.0,0.0,0,0.0,0.0,0.0,0.0,0.0,1,1.0
9162be1763f77a8a,3,6b7e1f5b521de19b,,22962.31400177536,40,0.034104284,-8.119847570969573e-17,0.0,0.0,0.0,0,0,1.0,0.0,0,0.0,0.0,0.0,40.0,0.0,2,1.0
9168d03924cd8ee5,2,6b7e1f5b521de19b,6f9a9c5f2856c8b3,64490.738750492004,0,0.21259663,0.0,0.0,0.0,0.0,0,0,1.0,0.0,0,0.0,0.0,0.0,0.0,0.0,1,1.0
9169c7d410c29850,2,6b7e1f5b521de19b,6f9a9c5f2856c8b3,156023.20089423837,31,0.0036080799,-1.3005650159684175e-16,0.0,0.0,0.0,0,0,1.0,0.0,0,0.0,0.19154057321649592,0.6619518213796195,18.0,0.5378494193199844,2,0.25
91770341318c17ed,3,6b7e1f5b521de19b,d4f34f97b6d22a81,1.170863568534039,0,0.040454675,0.0,0.0,0.0,0.0,0,0,1.0,0.0,0,0.0,0.0,0.0,0.0,0.0,1,1.0
91889780ecd2287f,4,e366e0e543d0c5cd,d4f34f97b6d22a81,65527.96989235358,0,0.65414613,0.0,0.0,0.0,0.0,0,0,1.0,0.0,0,0.0,0.0,0.0,0.0,0.0,1,1.0
91a61dda61019a04,2,6b7e1f5b521de19b,6f9a9c5f2856c8b3,3810.619867404506,0,0.061736133,0.0,-9.0,9.0,0.0,0,0,2.9814239691108307e-10,2.0,0,0.0,0.4470487108516585,3253.5379067311246,0.0,0.0,6,1.0
91b2b0368f8055f4,5,6b7e1f5b521de19b,6f9a9c5f2856c8b3,695835.041914466,118,0.0008974787,-1.817163039531479e-17,0.0,0.0,0.0,0,0,1.0,0.0,0,0.0,0.0,0.0,118.0,0.0,2,1.0
91d34f9e7ab1c114,5,6b7e1f5b521de19b,6f9a9c5f2856c8b3,1074712.0349209097,0,0.00023962541,0.0,0.0,0.0,0.0,0,0,1.0,0.0,0,0.0,0.3534547222138944,2.1469092342957103,0.0,0.0,5,1.0
91db4d1420ae265f,2,6b7e1f5b521de19b,6f9a9c5f2856c8b3,348.35156388525274,0,0.064558744,0.0,0.0,0.0,0.0,0,0,1.0,0.0,0,0.0,0.0,0.0,0.0,0.0,1,1.0
91e039ee40997d23,4,e366e0e543d0c5cd,e72348f2c1467542,1.170863568534039,0,0.12323863,0.0,0.0,0.0,0.0,0,0,1.0,0.0,0,0.0,0.0,0.0,0.0,0.0,1,1.0
91e53b51c4839950,5,6b7e1f5b521de19b,6f9a9c5f2856c8b3,1878061.4875629507,32,0.14071617,-5.421573513983048e-16,0.0,0.0,0.0,0,0,1.0,0.0,0,0.0,0.11144882732652509,0.2994747607803553,12.0,1.0077822183483598,2,0.2857142857142857
91f989ae4c4fd4d4,5,6b7e1f5b521de19b,d4f34f97b6d22a81,1.170863568534039,0,0.032489747,0.0,0.0,0.0,0.0,0,0,1.0,0.0,0,0.0,0.0,0.0,0.0,0.0,1,1.0
91fe4de2a45fd63c,2,6b7e1f5b521de19b,6f9a9c5f2856c8b3,1.170863568534039,0,0.20171684,0.0,0.0,0.0,0.0,0,0,1.0,0.0,0,0.0,0.0,0.0,0.0,0.0,1,1.0
921c3058349296c6,0,95a23e7fbcc5841e,,11600.00097414683,0,0.035557274,0.0,0.0,0.0,0.0,0,0,1.0,0.0,0,0.0,0.0,0.0,0.0,0.0,1,1.0
923ac6aa02d25f7a,2,6b7e1f5b521de19b,6f9a9c5f2856c8b3,1.170863568534039,0,0.22406542,0.0,0.0,0.0,0.0,0,0,1.0,0.0,0,0.0,0.0,0.0,0.0,0.0,1,1.0
923db74e2ac44bd9,5,6b7e1f5b521de19b,6f9a9c5f2856c8b3,1.170863568534039,0,0.015908087,0.0,0.0,0.0,0.0,0,0,1.0,0.0,0,0.0,0.0,0.0,0.0,0.0,1,1.0
924aaeccbda1fced,4,255414ab73601d72,d4f34f97b6d22a81,56889.688025781164,0,0.013786169,0.0,0.0,0.0,0.0,0,0,1.0,0.0,0,0.0,0.0,0.0,0.0,0.0,1,1.0
925adadf8c32f646,1,6b7e1f5b521de19b,,19734.7204950738,972,0.0002515427,-0.021674439609701304,0.06094872341938695,-35.0,35.0,0,0,0.4033755873272676,0.0,0,0.0,0.01775843019172172,-0.05128676815613593,245.0,0.6388383577381146,2,0.25
9262f176ae9ac433,2,6b7e1f5b521de19b,6f9a9c5f2856c8b3,242.8222277244446,89,0.0013959908,-1.4301902468301085e-16,0.0,0.0,0.0,0,0,1.0,0.0,0,0.0,1.1704739593502128e-16,0.0,64.0,1.176453321964835,3,0.2
9264f15050a133c2,5,6b7e1f5b521de19b,6f9a9c5f2856c8b3,6001902.724287521,514,0.68567556,0.14125546894081498,-0.14925373134328357,48.75,0.0,0,0,4.850797373637783e-11,3.0,1,0.0019455252918287938,0.09282387961334931,0.40006569970698214,119.0,1.824529343655723,7,0.5365853658536586
92650b7524245d61,2,6b7e1f5b521de19b,,1.170863568534039,4,0.0009329075,-5.360630966617863e-16,0.0,0.0,0.0,0,0,1.0,0.0,0,0.0,0.0,0.0,4.0,0.0,2,1.0
9267c30d63d7edf0,0,674ec33189ed753c,,5547.041958413171,19,0.07648444,-6.888966190542655e-16,0.0,0.0,0.0,0,0,1.0,0.0,0,0.0,0.8516085623603368,3.8773029398533794,14.0,1.203641749854946,4,0.2
9269c2f48a402bd3,1,6b7e1f5b521de19b,,1893.7888334569147,257,0.0028599643,2.1200945573885213e-17,0.0,0.0,0.0,0,0,1.0,1.0,0,0.0038910505836575876,1.200628451420663e-16,0.0,218.0,0.696498054469288,1,0.6666666666666666
926f497fbc719add,0,6b7e1f5b521de19b,6f9a9c5f2856c8b3,247.22238032605713,0,0.006933659,0.0,0.0,0.0,0.0,0,0,1.0,0.0,0,0.0,0.0,0.0,0.0,0.0,1,1.0
9283b0e278262a6c,4,38080774be85927f,28c9c64e5918b06e,1.170863568534039,0,0.002709393,0.0,0.0,0.0,0.0,0,0,1.0,0.0,0,0.0,0.0,0.0,0.0,0.0,1,1.0
9287fd1c0f1270aa,3,6b7e1f5b521de19b,,89664.46366676311,0,0.037740298,0.0,0.0,0.0,0.0,0,0,1.0,0.0,0,0.0,0.0,0.0,0.0,0.0,1,1.0
929ffd3e350403d5,3,6b7e1f5b521de19b,d4f34f97b6d22a81,339240.9363865488,57,0.010903566,6.278032785915269e-17,0.0,0.0,0.0,0,0,1.0,0.0,0,0.0,0.6130161554105275,289734.66648016043,37.0,2.108258103244541,5,0.18181818181818182
92aee7c52f5fd311,5,6b7e1f5b521de19b,d4f34f97b6d22a81,93817.3021095333,16,0.7187048,3.125,3.125,50.0,0.0,0,1,1.0,0.0,0,0.0,0.08792957513207941,-0.1932538965097801,16.0,1.4142135621079301,3,0.25
92afde7196087047,3,6b7e1f5b521de19b,,1.170863568534039,0,0.0025357963,0.0,0.0,0.0,0.0,0,0,1.0,0.0,0,0.0,0.0,0.0,0.0,0.0,1,1.0
92b7b9760109a2dd,2,6b7e1f5b521de19b,6f9a9c5f2856c8b3,1.170863568534039,0,0.21312524,0.0,0.0,0.0,0.0,0,0,1.0,0.0,0,0.0,0.0,0.0,0.0,0.0,1,1.0
92d4a8ddb5f585ab,0,6b7e1f5b521de19b,6f9a9c5f2856c8b3,3863.8183221876043,0,0.06000387,0.0,0.0,0.0,0.0,0,0,1.0,0.0,0,0.0,0.9993941180617796,3298.9731360889778,0.0,0.0,4,1.0
92dacb3f7450717a,0,1bb1bb990c53f4fc,,2940320.756356726,0,0.04656223,0.0,0.0,0.0,0.0,0,0,1.0,0.0,0,0.0,0.0,0.0,0.0,0.0,1,1.0
92e0256cca4b33da,3,6b7e1f5b521de19b,,2.4198904513070483,76,0.001076633,-2.82138471927256e-17,0.0,0.0,0.0,0,0,1.0,0.0,0,0.0,0.0,0.0,76.0,0.0,2,1.0
92ecd7a6e14bcaeb,0,6b7e1f5b521de19b,,35845.270270304114,0,0.024061965,0.0,0.0,0.0,0.0,0,0,1.0,0.0,0,0.0,0.0,0.0,0.0,0.0,1,1.0
92f76b1b745243d1,2,6b7e1f5b521de19b,d4f34f97b6d22a81,31178.177062585422,0,0.031731017,0.0,0.0,0.0,0.0,0,0,1.0,0.0,0,0.0,0.0,0.0,0.0,0.0,1,1.0
930dd0deb9e4a940,0,6b7e1f5b521de19b,6f9a9c5f2856c8b3,11485.134609700683,0,0.01940465,0.0,0.0,0.0,0.0,0,0,1.0,0.0,0,0.0,0.0,0.0,0.0,0.0,1,1.0
932487b6d5506fe9,3,6b7e1f5b521de19b,d4f34f97b6d22a81,1287.0828528119127,0,0.00021371814,0.0,0.0,0.0,0.0,0,0,1.0,0.0,0,0.0,0.0,0.0,0.0,0.0,1,1.0
932fe286e620612b,5,fc3655a0b667e091,28c9c64e5918b06e,67092.62010441352,0,0.0813603,0.0,0.0,0.0,0.0,0,0,1.0,0.0,0,0.0,0.0,0.0,0.0,0.0,1,1.0
93395c4f449edfcc,3,6b7e1f5b521de19b,d4f34f97b6d22a81,3545.505563932333,0,0.07134647,0.0,0.0,0.0,0.0,0,0,1.0,0.0,0,0.0,0.0,0.0,0.0,0.0,1,1.0
933f2db437994017,2,6b7e1f5b521de19b,,1947.7864758271053,0,0.6402238,0.0,0.0,0.0,0.0,0,0,1.0,0.0,0,0.0,0.0,0.0,0.0,0.0,1,1.0
93431ceb5f993ec0,1,6b7e1f5b521de19b,,3391.863497755878,0,0.010246063,0.0,0.0,0.0,0.0,0,0,1.0,0.0,0,0.0,0.0,0.0,0.0,0.0,1,1.0
935acc59973dbc19,4,255414ab73601d72,28c9c64e5918b06e,1.170863568534039,0,0.08369517,0.0,0.0,0.0,0.0,0,0,1.0,0.0,0,0.0,0.0,0.0,0.0,0.0,1,1.0
937785e2abba21b3,5,6b7e1f5b521de19b,d4f34f97b6d22a81,38030.89230201891,0,0.73603076,0.0,0.0,0.0,0.0,0,0,1.0,0.0,0,0.0,0.0,0.0,0.0,0.0,3,1.0
9378b899eac66a7e,0,6b7e1f5b521de19b,,43285.79662973323,2,0.022320025,-2.611057001350838e-15,0.0,0.0,0.0,0,0,1.0,0.0,0,0.0,0.0,0.0,2.0,0.9999999989999999,3,0.6666666666666666
937a9a29d4fabb2d,4,ac6153076817c20f,28c9c64e5918b06e,714143.457023505,723,0.00069408846,2.830787378018634e-18,0.0,0.0,0.0,0,0,1.0,0.0,0,0.0,0.26216098753038564,0.3094777689380491,298.0,1.1192966888172335,1,0.75
937d96dc4bb8f895,3,6b7e1f5b521de19b,,22962.31400177536,0,0.99027514,0.0,0.0,0.0,0.0,0,0,1.0,0.0,0,0.0,0.0,0.0,0.0,0.0,1,1.0
93825d42676e5d95,5,6b7e1f5b521de19b,,1436239.262207987,586,0.63968104,0.1388431560739447,0.03863426231673489,60.0,0.0,0,0,0.39726090814339216,2.0,0,0.0034129692832764505,0.4403886511562648,1226648.5438116735,178.0,1.542514868024127,3,0.5652173913043478
938935bc1c957d11,3,6b7e1f5b521de19b,6f9a9c5f2856c8b3,14943.56659228769,0,0.26440927,0.0,0.0,0.0,0.0,0,0,1.0,0.0,0,0.0,0.0,0.0,0.0,0.0,2,1.0
938ce9f5cc5f6c9a,6,6b7e1f5b521de19b,,1.170863568534039,0,0.0946294,0.0,-40.0,40.0,0.0,0,1,1.0,1.0,0,0.0,0.0,0.0,0.0,0.0,2,1.0
938db7d997b43ae0,2,6b7e1f5b521de19b,,1.170863568534039,0,0.00026411292,0.0,0.0,0.0,0.0,0,0,1.0,0.0,0,0.0,0.0,0.0,0.0,0.0,2,1.0
93905ccfc1ab0c8c,2,6b7e1f5b521de19b,6f9a9c5f2856c8b3,1.170863568534039,97,0.0017067695,-2.0366102041033343e-17,0.0,0.0,0.0,0,0,1.0,0.0,0,0.0,0.0,0.0,91.0,1.285232555930126,3,0.25
939570a29ae141ed,2,6b7e1f5b521de19b,6f9a9c5f2856c8b3,98.49392076768089,0,0.013956111,0.0,0.0,0.0,0.0,0,0,1.0,0.0,0,0.0,0.0,0.0,0.0,0.0,1,1.0
9395a3addeb559ea,3,6b7e1f5b521de19b,,21273.147061594493,591,0.00067998446,1.677770810446639e-17,0.0,0.0,0.0,0,0,1.0,0.0,0,0.0,0.0,0.0,240.0,0.9199417443131841,2,0.25
93b1374080041eee,2,6b7e1f5b521de19b,d4f34f97b6d22a81,7014.703753429613,0,0.78442293,0.0,0.0,0.0,0.0,0,0,1.0,0.0,0,0.0,0.0,0.0,0.0,0.0,1,1.0
93b4121fcb690a09,1,6b7e1f5b521de19b,,11485.134609700683,0,0.009895251,0.0,0.0,0.0,0.0,0,0,1.0,0.0,0,0.0,0.0,0.0,0.0,0.0,1,1.0
93be5fc16ee41e47,3,6b7e1f5b521de19b,,2.4198904513070483,756,0.0011654033,2.843910594723743e-18,0.0,0.0,0.0,0,0,1.0,0.0,0,0.0,1.835162453022127e-16,0.0,355.0,1.475905986103664,2,0.23076923076923078
93c781fa04289de9,5,6b7e1f5b521de19b,d4f34f97b6d22a81,2824734.8575860197,666,0.001132541,0.034218261960747384,-0.18295362977071278,27.0,30.0,3,-1,1.01281655464172,0.0,0,0.0,0.49758812995816837,2412521.6315843817,102.0,1.6630008652265713,9,0.09259259259259259
93c9e466e97710cc,2,6b7e1f5b521de19b,,26280.95777724916,0,0.07627652,0.0,0.0,0.0,0.0,0,0,1.0,0.0,0,0.0,0.0,0.0,0.0,0.0,1,1.0
93dccbca72d5dead,5,6b7e1f5b521de19b,6f9a9c5f2856c8b3,653803.1016379116,0,0.12627473,0.0,0.0,0.0,0.0,0,0,1.0,0.0,0,0.0,0.0,0.0,0.0,0.0,1,1.0
93de87dcbbbe3be0,2,6b7e1f5b521de19b,6f9a9c5f2856c8b3,274582.5663460315,32,0.00082156545,-0.9374999999999994,-0.9375,-30.0,30.0,0,-1,1.0,0.0,0,0.0,0.0,0.0,32.0,1.4142135622405125,3,0.25
93e0f472e32c50a2,3,6b7e1f5b521de19b,,1.170863568534039,0,0.00061314367,0.0,0.0,0.0,0.0,0,0,1.0,0.0,0,0.0,0.0,0.0,0.0,0.0,1,1.0
93eb64021646623b,1,6b7e1f5b521de19b,,5083.8994500666495,0,0.006250588,0.0,0.0,0.0,0.0,0,0,1.0,0.0,0,0.0,0.0,0.0,0.0,0.0,1,1.0
93f1fe1e35aa2dfa,2,6b7e1f5b521de19b,6f9a9c5f2856c8b3,1.170863568534039,0,0.017324327,0.0,0.0,0.0,0.0,0,0,1.0,0.0,0,0.0,0.0,0.0,0.0,0.0,1,1.0
940689add19845a8,5,6b7e1f5b521de19b,d4f34f97b6d22a81,158904.8427937011,293,8.340262e-05,-0.03433196629065686,0.05084745762711865,-9.0,9.0,0,0,2.222222221728395e-10,0.0,0,0.0,0.3376780260378401,135714.93400301572,144.0,1.4068804191226882,4,0.3
940bb6f7a09e8dec,2,6b7e1f5b521de19b,6f9a9c5f2856c8b3,98.49392076768089,0,0.064558744,0.0,0.0,0.0,0.0,0,0,1.0,0.0,0,0.0,0.0,0.0,0.0,0.0,1,1.0
9410179c2b2cc307,5,6b7e1f5b521de19b,,1.170863568534039,0,0.8734326,0.0,0.0,0.0,0.0,0,0,1.0,0.0,0,0.0,0.0,0.0,0.0,0.0,1,1.0
9415553396c995f0,5,6b7e1f5b521de19b,d4f34f97b6d22a81,8809844.737654256,807,0.0003595789,0.005273565121183463,-2.25,9.0,0.0,0,0,2.7777777770061727e-10,0.0,0,0.0,0.7671667910953557,7524227.248628899,294.0,1.4952789356141802,8,0.13333333333333333
94307a3eecf85871,2,6b7e1f5b521de19b,,38843.941510716206,0,0.3011585,0.0,0.0,0.0,0.0,0,0,1.0,0.0,0,0.0,0.0,0.0,0.0,0.0,1,1.0
9434f754a9ed5054,3,6b7e1f5b521de19b,,35845.270270304114,0,0.0788535,0.0,0.0,0.0,0.0,0,0,1.0,0.0,0,0.0,0.0,0.0,0.0,0.0,1,1.0
9446bb6d3a24c4dc,2,6b7e1f5b521de19b,,218130.08395331344,300,0.0038581626,-8.128895424802571e-17,0.0,0.0,0.0,0,0,1.0,0.0,0,0.0,0.0,0.0,162.0,0.6946941773113894,2,0.25
94486922e25bf783,3,6b7e1f5b521de19b,,2.4198904513070483,0,0.0016860217,0.0,0.0,0.0,0.0,0,0,1.0,0.0,0,0.0,0.0,0.0,0.0,0.0,1,1.0
94515ff1cf82c318,0,6b7e1f5b521de19b,6f9a9c5f2856c8b3,1.170863568534039,0,0.006282152,0.0,0.0,0.0,0.0,0,0,1.0,0.0,0,0.0,0.0,0.0,0.0,0.0,1,1.0
9457fb2fa37d9edd,3,6b7e1f5b521de19b,,11338.365398214035,321,0.00017179172,-0.14776892366864003,-0.19047619047619047,-40.0,40.0,0,0,5.197011503606785e-11,0.0,0,0.0,1.6042783414196671e-16,0.0,107.0,0.9903847671056666,2,0.18181818181818182
945bcd57b00c521b,3,6b7e1f5b521de19b,d4f34f97b6d22a81,1.170863568534039,0,0.003388585,0.0,0.0,0.0,0.0,0,0,1.0,0.0,0,0.0,0.0,0.0,0.0,0.0,1,1.0
94693a827eed1d2c,5,6b7e1f5b521de19b,6f9a9c5f2856c8b3,1710672.2220531874,146,0.005135368,-5.606209666970013e-17,0.0,0.0,0.0,0,0,1.0,0.0,0,0.0,0.029664133480413513,0.078837633891084,135.0,1.5607423497076311,3,0.4
9475c419defb35f6,5,6b7e1f5b521de19b,6f9a9c5f2856c8b3,24988.92211359646,2,0.7623565,7.771428571428574,-20.0,20.0,0.0,0,0,1.1547005382459181e-10,1.0,0,0.5,0.7633914151048168,21341.300490981575,1.0,2.5495097376750695,16,0.375
94809b1b90b1bf02,2,6b7e1f5b521de19b,6f9a9c5f2856c8b3,114438.38489212212,0,0.17443335,0.0,0.0,0.0,0.0,0,0,1.0,0.0,0,0.0,0.0,0.0,0.0,0.0,2,1.0
9490451fe6c480bc,0,6b7e1f5b521de19b,6f9a9c5f2856c8b3,1.170863568534039,0,0.046193067,0.0,0.0,0.0,0.0,0,0,1.0,0.0,0,0.0,0.0,0.0,0.0,0.0,1,1.0
94af0d4b363ade2a,5,6b7e1f5b521de19b,6f9a9c5f2856c8b3,270.85141900529356,0,0.0878764,0.0,0.0,0.0,0.0,0,0,1.0,0.0,0,0.0,0.0,0.0,0.0,0.0,1,1.0
94d474110a0d13f1,3,6b7e1f5b521de19b,,4694.223952710472,0,0.0008728278,0.0,0.0,0.0,0.0,0,0,1.0,0.0,0,0.0,0.9995012715158801,4008.198064457502,0.0,0.0,2,1.0
94fe7a983493e9de,1,6b7e1f5b521de19b,,19774.79549531557,0,0.65289164,0.0,0.0,0.0,0.0,0,0,1.0,0.0,0,0.0,0.0,0.0,0.0,0.0,2,1.0
950360845c22bece,5,6b7e1f5b521de19b,6f9a9c5f2856c8b3,1.170863568534039,0,0.028712276,0.0,0.0,0.0,0.0,0,0,1.0,0.0,0,0.0,0.0,0.0,0.0,0.0,3,1.0
950361e737d79f4b,2,255414ab73601d72,28c9c64e5918b06e,1955.8320496747117,0,0.014294627,0.0,0.0,0.0,0.0,0,0,1.0,0.0,0,0.0,0.0,0.0,0.0,0.0,1,1.0
950f9e81b99d062e,3,6b7e1f5b521de19b,,25102.753943361105,0,0.0035021505,0.0,0.0,0.0,0.0,0,0,1.0,0.0,0,0.0,0.0,0.0,0.0,0.0,1,1.0
9515cd8d45ce355e,3,6b7e1f5b521de19b,,102317.87995163644,1,0.47478613,-18.49999999999999,37.0,-37.0,37.0,0,-1,1.0,4.0,1,-4.0,0.0,0.0,1.0,0.9999999980000001,3,0.3333333333333333
951f353681e03f43,0,6b7e1f5b521de19b,6f9a9c5f2856c8b3,152539.4413068914,304,0.4485052,0.050532955484997956,-0.0684931506849315,20.0,0.0,0,0,1.2264447261485987e-10,0.0,0,0.0,0.5359363326801706,-0.5353543769203705,97.0,1.7601112718756804,8,0.5263157894736842
95204e40fe760932,3,6b7e1f5b521de19b,,5186.502594949308,73,0.00020529385,-1.105065424696011e-17,0.0,0.0,0.0,0,0,1.0,0.0,0,0.0,0.0,0.0,59.0,1.0344053220754554,2,0.5
9520edce025ae469,0,6b7e1f5b521de19b,6f9a9c5f2856c8b3,1.170863568534039,0,0.014465095,0.0,0.0,0.0,0.0,0,0,1.0,0.0,0,0.0,0.0,0.0,0.0,0.0,1,1.0
952aaad9e4e1457c,2,6b7e1f5b521de19b,,35845.270270304114,0,0.0021959143,0.0,0.0,0.0,0.0,0,0,1.0,0.0,0,0.0,0.0,0.0,0.0,0.0,1,1.0
952ca9fa9b862330,2,6b7e1f5b521de19b,6f9a9c5f2856c8b3,15203.485339945146,68,0.021137817,8.041751450690515e-17,0.0,0.0,0.0,0,0,1.0,0.0,0,0.0,0.0,0.0,61.0,2.1654130875805344,5,0.625
954203c7a9385c65,2,6b7e1f5b521de19b,,1.170863568534039,0,0.44829917,0.0,0.0,0.0,0.0,0,0,1.0,0.0,0,0.0,0.0,0.0,0.0,0.0,6,1.0
954edbd436cbe396,6,6b7e1f5b521de19b,,2534.478370161914,0,0.00938815,0.0,0.0,0.0,0.0,0,0,1.0,0.0,0,0.0,0.0,0.0,0.0,0.0,1,1.0
95570b01fabb4693,6,6b7e1f5b521de19b,,33891.25144510754,0,0.99783367,0.0,0.0,0.0,0.0,0,0,1.0,0.0,0,0.0,0.0,0.0,0.0,0.0,1,1.0
955ea59e484bb8e5,5,6b7e1f5b521de19b,d4f34f97b6d22a81,768400.4244677862,243,0.4376599,-0.1406907286128647,1.4790697674418605,-6.428571428571431,40.0,3,0,0.5071525744681311,2.0,1,0.00411522633744856,0.5681696374836501,3.498590944604878,56.0,2.1559898179121193,19,0.6153846153846154
9564471c70acc56a,2,6b7e1f5b521de19b,6f9a9c5f2856c8b3,23928.94916312084,154,9.307472e-05,-6.273809011211069e-18,0.0,0.0,0.0,0,0,1.0,0.0,0,0.0,0.27733548327349405,20436.008893427865,55.0,1.34326151301917,5,0.14285714285714285
956aec1a0bbf7be2,3,6b7e1f5b521de19b,d4f34f97b6d22a81,54219.057561478534,0,0.0020241973,0.0,0.0,0.0,0.0,0,0,1.0,0.0,0,0.0,0.0,0.0,0.0,0.0,2,1.0
95779bdc7ab76a3f,4,255414ab73601d72,28c9c64e5918b06e,14757.546481435009,717,0.00021909791,1.1673603387864419e-17,0.0,0.0,0.0,0,0,1.0,0.0,0,0.0,0.14755378595131513,-0.29770385643801955,148.0,0.8371826271713465,3,0.16666666666666666
9582a06afd99a1d4,0,6b7e1f5b521de19b,,124141.7423338983,0,0.95744985,0.0,0.0,0.0,0.0,0,0,1.0,0.0,0,0.0,0.0,0.0,0.0,0.0,1,1.0
95868419806ff12d,4,1bb1bb990c53f4fc,28c9c64e5918b06e,36754.75787348106,0,0.5432423,0.0,0.0,0.0,0.0,0,0,1.0,0.0,0,0.0,0.0,0.0,0.0,0.0,1,1.0
958f52e6943a021e,2,6b7e1f5b521de19b,6f9a9c5f2856c8b3,29350.919671169457,0,0.10873278,0.0,0.0,0.0,0.0,0,0,1.0,0.0,0,0.0,0.0,0.0,0.0,0.0,1,1.0
959a0be0d634409b,3,6b7e1f5b521de19b,d4f34f97b6d22a81,4905.422458520495,0,0.014386981,0.0,0.0,0.0,0.0,0,0,1.0,0.0,0,0.0,0.0,0.0,0.0,0.0,1,1.0
95bbd1be5ffe5980,3,6b7e1f5b521de19b,,5655.969519442425,0,0.659339,0.0,0.0,0.0,0.0,0,0,1.0,0.0,0,0.0,0.0,0.0,0.0,0.0,1,1.0
95bd6d4c6c77c60e,0,6b7e1f5b521de19b,6f9a9c5f2856c8b3,17046.65886897302,1,0.41380194,2.480306489818699e-14,0.0,0.0,0.0,0,0,1.0,0.0,0,0.0,0.5925382374220483,14558.04797714051,1.0,1.4142135581304542,4,0.25
95c2940c5443ccea,4,1bb1bb990c53f4fc,28c9c64e5918b06e,1.170863568534039,0,0.20782289,0.0,0.0,0.0,0.0,0,0,1.0,0.0,0,0.0,0.0,0.0,0.0,0.0,1,1.0
95d4cf038571e98b,0,6b7e1f5b521de19b,6f9a9c5f2856c8b3,172397.81982676446,59,0.0029908293,4.8384991502551524e-17,0.0,0.0,0.0,0,0,1.0,0.0,0,0.0,0.0,0.0,32.0,0.5418429614350175,2,0.25
95e0a9b04fe47a20,3,6b7e1f5b521de19b,,5186.502594949308,4,0.0001913098,-1.9626155733547187e-17,0.0,0.0,0.0,0,0,1.0,0.0,0,0.0,0.0,0.0,4.0,0.0,2,1.0
95f1b668099a6afc,2,6b7e1f5b521de19b,6f9a9c5f2856c8b3,1.170863568534039,0,0.15148826,0.0,0.0,0.0,0.0,0,0,1.0,0.0,0,0.0,0.0,0.0,0.0,0.0,1,1.0
95f65a721af4237a,6,6b7e1f5b521de19b,,1.170863568534039,0,0.0006034675,0.0,0.0,0.0,0.0,0,0,1.0,0.0,0,0.0,0.0,0.0,0.0,0.0,1,1.0
95f7cc2c3b29ea49,4,fd10c5543bdbcbc9,d4f34f97b6d22a81,72306.18065252133,205,0.0028616523,-5.912239080637013e-17,0.0,0.0,0.0,0,0,1.0,0.0,0,0.0,0.0,0.0,90.0,0.6907392861513653,1,0.2
96021bc2edfa9612,5,6b7e1f5b521de19b,6f9a9c5f2856c8b3,3453.4510412174973,54,0.9737879,1.0753935376967685,1.1132075471698113,59.0,0.0,0,1,1.1547005383731963,3.0,0,0.05555555555555555,0.2953397051232731,-0.4492346469433983,47.0,2.0864380155748026,7,0.125
9607e195293dcb8c,3,6b7e1f5b521de19b,,6590.9859511915865,0,0.0018943327,0.0,0.0,0.0,0.0,0,0,1.0,0.0,0,0.0,0.0,0.0,0.0,0.0,1,1.0
9619ecf036586e59,2,6b7e1f5b521de19b,6f9a9c5f2856c8b3,274018.99400616315,0,0.70886093,0.0,0.0,0.0,0.0,0,0,1.0,0.0,0,0.0,0.0,0.0,0.0,0.0,1,1.0
961a939172d8078c,2,6b7e1f5b521de19b,6f9a9c5f2856c8b3,1.170863568534039,13,0.00010775261,-1.1481373123509931e-17,0.0,0.0,0.0,0,0,1.0,0.0,0,0.0,0.0,0.0,13.0,0.9999999998461538,2,0.3333333333333333
961c44a220ce0690,0,6b7e1f5b521de19b,6f9a9c5f2856c8b3,351.1076362015929,0,0.013956111,0.0,0.0,0.0,0.0,0,0,1.0,0.0,0,0.0,0.0,0.0,0.0,0.0,1,1.0
9633f59a70f0eada,2,6b7e1f5b521de19b,,262389.5861676333,0,0.41080976,0.0,0.0,0.0,0.0,0,0,1.0,0.0,0,0.0,0.0,0.0,0.0,0.0,1,1.0
9635f022eea86a34,0,6b7e1f5b521de19b,6f9a9c5f2856c8b3,356129.2690527839,559,0.002457557,0.026097046699265374,0.08108108108108109,15.0,0.0,0,1,1.2499999999583333,0.0,0,0.0,0.34336877896776863,-0.5089244283325725,228.0,1.0594207097258699,2,0.2
9638c1646df67657,5,6b7e1f5b521de19b,6f9a9c5f2856c8b3,1.170863568534039,0,0.06823974,0.0,0.0,0.0,0.0,0,0,1.0,0.0,0,0.0,0.0,0.0,0.0,0.0,1,1.0
964e24c6b3d2328d,3,6b7e1f5b521de19b,d4f34f97b6d22a81,1.170863568534039,0,0.07772295,0.0,0.0,0.0,0.0,0,0,1.0,0.0,0,0.0,0.0,0.0,0.0,0.0,1,1.0
9651212bb614dcf4,3,6b7e1f5b521de19b,,18553.707272546184,0,0.09020624,0.0,0.0,0.0,0.0,0,0,1.0,0.0,0,0.0,0.0,0.0,0.0,0.0,1,1.0
965fdeb1a926c810,4,6828ce51082c111b,28c9c64e5918b06e,1.170863568534039,0,0.015763847,0.0,0.0,0.0,0.0,0,0,1.0,0.0,0,0.0,0.0,0.0,0.0,0.0,1,1.0
96860062c468fcc9,5,6b7e1f5b521de19b,d4f34f97b6d22a81,1.170863568534039,0,0.017987726,0.0,0.0,0.0,0.0,0,0,1.0,0.0,0,0.0,0.0,0.0,0.0,0.0,1,1.0
9686ef4bfe68fe24,4,6d74405afdbc85ba,28c9c64e5918b06e,1048582.1474511204,282,6.363005e-05,-0.020802710773467854,-0.03980099502487562,-7.333333333333334,8.0,0,0,0.13473295473447158,0.0,0,0.0,0.6030217709584947,895562.0490442032,101.0,1.3530866634313907,6,0.3333333333333333
968cb1babb86f380,2,6b7e1f5b521de19b,6f9a9c5f2856c8b3,59625.31035468516,0,0.7031581,0.0,0.0,0.0,0.0,0,0,1.0,0.0,0,0.0,0.0,0.0,0.0,0.0,1,1.0
9697bb37d24da19c,3,6b7e1f5b521de19b,6f9a9c5f2856c8b3,47.32296795979548,0,0.07524394,0.0,0.0,0.0,0.0,0,0,1.0,0.0,0,0.0,0.0,0.0,0.0,0.0,1,1.0
969d61dfc0451889,0,674ec33189ed753c,,2357482.063301993,0,0.002480648,0.0,0.0,0.0,0.0,0,0,1.0,0.0,0,0.0,0.0,0.0,0.0,0.0,1,1.0
96a2349915e2fc54,0,7727881f71a42a5a,,8290.869253090716,0,0.9999261,0.0,-90.0,90.0,0.0,0,1,1.0,0.0,0,0.0,0.16605855585538784,-0.28526995199666333,0.0,0.0,3,1.0
96ad92d68bf86054,4,6b7e1f5b521de19b,6f9a9c5f2856c8b3,76057.68653515907,0,0.1211476,0.0,0.0,0.0,0.0,0,0,1.0,0.0,0,0.0,0.0,0.0,0.0,0.0,1,1.0
96b8c06c31b4e1db,3,6b7e1f5b521de19b,,2.4198904513070483,0,0.032631308,0.0,0.0,0.0,0.0,0,0,1.0,0.0,0,0.0,0.0,0.0,0.0,0.0,1,1.0
96cf803d26a27b69,2,6b7e1f5b521de19b,6f9a9c5f2856c8b3,1.170863568534039,0,0.6012821,0.0,0.0,0.0,0.0,0,0,1.0,0.0,0,0.0,0.0,0.0,0.0,0.0,1,1.0
96dc5966c31d9666,3,6b7e1f5b521de19b,,263999.29512211593,0,0.9908503,0.0,0.0,0.0,0.0,0,0,1.0,0.0,0,0.0,0.1361986301667114,-0.23974440128787647,0.0,0.0,2,1.0
96f046b1b71fee08,0,062b9e5a52eb6d8e,,1376416.9179013763,0,0.9807751,0.0,0.0,0.0,0.0,0,0,1.0,0.0,0,0.0,0.0,0.0,0.0,0.0,1,1.0
97184dec87fdfa19,2,6b7e1f5b521de19b,,7369.351110629336,0,0.13896924,0.0,0.0,0.0,0.0,0,0,1.0,0.0,0,0.0,0.0,0.0,0.0,0.0,1,1.0
9721536735492a6e,5,6b7e1f5b521de19b,6f9a9c5f2856c8b3,4287.430012278925,1,0.3015296,-1.6061978277932222e-14,0.0,0.0,0.0,0,0,1.0,0.0,0,0.0,0.056555577978559056,0.13040229047234395,1.0,0.9999999980000001,3,0.6666666666666666
9728a3cfcd2ea7b7,3,6b7e1f5b521de19b,,9648.963805727817,348,2.2555185e-05,-0.02965787702427537,-0.041666666666666664,-9.0,9.0,0,-1,1.2026755885517424,0.0,0,0.0,0.0,0.0,101.0,0.9291878948677493,2,0.1111111111111111
972bd70d5bbb3b92,0,42a0974a7fcfe59f,,54608.54408792734,0,0.07959807,0.0,0.0,0.0,0.0,0,0,1.0,0.0,0,0.0,0.0,0.0,0.0,0.0,1,1.0
973758f6a372141f,5,6b7e1f5b521de19b,d4f34f97b6d22a81,1231.2988998144133,0,0.99642307,0.0,0.0,0.0,0.0,0,0,1.0,0.0,0,0.0,0.9980999719355089,1050.6160318798213,0.0,0.0,2,1.0
97607a4b479fc55d,2,6b7e1f5b521de19b,6f9a9c5f2856c8b3,331.9676552828154,0,0.055978373,0.0,0.0,0.0,0.0,0,0,1.0,0.0,0,0.0,0.0,0.0,0.0,0.0,1,1.0
97615961565dad93,3,6b7e1f5b521de19b,,524417.177630072,111,0.001752195,-1.9317589068893198e-17,0.0,0.0,0.0,0,0,1.0,0.0,0,0.0,0.2313258925386462,-0.3757346352259642,111.0,0.0,2,1.0
97762657c573feec,0,6b7e1f5b521de19b,,90092.34127709283,0,0.99845755,0.0,0.0,0.0,0.0,0,0,1.0,0.0,0,0.0,0.0,0.0,0.0,0.0,1,1.0
97b38c4708c6dc9b,0,6b7e1f5b521de19b,6f9a9c5f2856c8b3,361.29574083874047,0,0.06608286,0.0,0.0,0.0,0.0,0,0,1.0,0.0,0,0.0,0.0,0.0,0.0,0.0,1,1.0
97b445a1cf095111,5,6b7e1f5b521de19b,6f9a9c5f2856c8b3,57494014.21743915,181,0.995095,0.6157679662479744,-1.832687338501292,96.41176470588235,70.0,5,0,2.5747274179481295e-11,7.0,4,0.027624309392265192,0.4011500936508016,49103938.82914988,48.0,3.4001698518113597,29,0.2
97b6d616bae76f73,0,6b7e1f5b521de19b,6f9a9c5f2856c8b3,1.170863568534039,0,0.019664358,0.0,0.0,0.0,0.0,0,0,1.0,0.0,0,0.0,0.0,0.0,0.0,0.0,1,1.0
97c8870065b37353,3,6b7e1f5b521de19b,,89664.46366676311,0,0.00016800336,0.0,0.0,0.0,0.0,0,0,1.0,0.0,0,0.0,0.0,0.0,0.0,0.0,1,1.0
97cdfa689cccc95c,2,6b7e1f5b521de19b,6f9a9c5f2856c8b3,11818.272062514307,0,0.39476374,0.0,0.0,0.0,0.0,0,0,1.0,0.0,0,0.0,0.0,0.0,0.0,0.0,1,1.0
97ebe7e4dc18e36a,2,6b7e1f5b521de19b,,108237.84289206557,0,0.5664109,0.0,0.0,0.0,0.0,0,0,1.0,0.0,0,0.0,0.0,0.0,0.0,0.0,1,1.0
97ef7d94fc6d5e18,5,6b7e1f5b521de19b,6f9a9c5f2856c8b3,30311.80831862416,371,0.2234679,0.15990250375250134,0.30864197530864196,50.0,30.0,1,0,3.762057908788758e-11,3.0,1,0.005390835579514825,0.12770156598676383,0.3927341895766145,63.0,1.4868130738075975,8,0.44
97f0d9def22bc05f,2,6b7e1f5b521de19b,6f9a9c5f2856c8b3,1.170863568534039,0,0.017324327,0.0,0.0,0.0,0.0,0,0,1.0,0.0,0,0.0,0.0,0.0,0.0,0.0,1,1.0
9809fc0eca27201a,2,6b7e1f5b521de19b,6f9a9c5f2856c8b3,1.170863568534039,0,0.6012821,0.0,0.0,0.0,0.0,0,0,1.0,0.0,0,0.0,0.0,0.0,0.0,0.0,1,1.0
980d7fcf6ea795ff,4,bd661df59343798b,28c9c64e5918b06e,1.170863568534039,0,0.001229643,0.0,0.0,0.0,0.0,0,0,1.0,0.0,0,0.0,0.0,0.0,0.0,0.0,1,1.0
980fd26ad12428f9,3,6b7e1f5b521de19b,,7764.127534258224,0,0.00033511684,0.0,0.0,0.0,0.0,0,0,1.0,0.0,0,0.0,0.0,0.0,0.0,0.0,1,1.0
981f4fdea9e21f57,3,6b7e1f5b521de19b,,21273.147061594493,311,7.828418e-05,-0.08754071209251825,-0.1360544217687075,-20.0,20.0,0,0,1.002229657071145e-10,0.0,0,0.0,0.2634069156812324,-0.40652847917795853,70.0,0.9578378220821396,3,0.13333333333333333
984b795a8288c730,2,6b7e1f5b521de19b,6f9a9c5f2856c8b3,98.49392076768089,0,0.01580339,0.0,0.0,0.0,0.0,0,0,1.0,0.0,0,0.0,0.0,0.0,0.0,0.0,1,1.0
984def95553d2178,5,6b7e1f5b521de19b,6f9a9c5f2856c8b3,471.87406353641353,0,0.09042049,0.0,0.0,0.0,0.0,0,0,1.0,0.0,0,0.0,0.0,0.0,0.0,0.0,1,1.0
985dec0adee4f740,2,6b7e1f5b521de19b,,59682.4472890535,0,0.751229,0.0,0.0,0.0,0.0,0,0,1.0,0.0,0,0.0,0.0,0.0,0.0,0.0,1,1.0
9868de0f27143346,2,6b7e1f5b521de19b,6f9a9c5f2856c8b3,98.49392076768089,0,0.019661648,0.0,0.0,0.0,0.0,0,0,1.0,0.0,0,0.0,0.9765039662242045,83.12074934656873,0.0,0.0,2,1.0
98697477a0ae5c4b,3,6b7e1f5b521de19b,,1.170863568534039,399,0.0326268,0.1067609393554334,0.27906976744186046,53.33333333333333,20.0,2,0,4.231636330100985e-11,1.0,0,0.002506265664160401,0.0,0.0,87.0,1.0208134193951914,3,0.2631578947368421
9874b876753be2ee,0,8e05397b18bfb06f,,2351791.856538048,0,0.005755349,0.0,0.0,0.0,0.0,0,0,1.0,0.0,0,0.0,0.0,0.0,0.0,0.0,1,1.0
9883734bcbd72e24,3,6b7e1f5b521de19b,,21454.15652779775,0,0.050886363,0.0,0.0,0.0,0.0,0,0,1.0,0.0,0,0.0,0.0,0.0,0.0,0.0,1,1.0
9885fc96a230ae05,5,6b7e1f5b521de19b,d4f34f97b6d22a81,1.170863568534039,0,0.1001059,0.0,0.0,0.0,0.0,0,0,1.0,0.0,0,0.0,0.0,0.0,0.0,0.0,1,1.0
989b443c805011ad,3,6b7e1f5b521de19b,,211.4574129138252,0,0.0031409676,0.0,0.0,0.0,0.0,0,0,1.0,0.0,0,0.0,0.0,0.0,0.0,0.0,1,1.0
989c3e3a25aefeff,4,75c64824a2a4e380,28c9c64e5918b06e,1.170863568534039,98,0.0048683365,3.5954048288512995e-18,0.0,0.0,0.0,0,0,1.0,0.0,0,0.0,0.0,0.0,97.0,0.9795918367147023,2,0.3333333333333333
98a33a04fbdef32c,2,6b7e1f5b521de19b,6f9a9c5f2856c8b3,1.170863568534039,0,0.5222735,0.0,0.0,0.0,0.0,0,0,1.0,0.0,0,0.0,0.0,0.0,0.0,0.0,1,1.0
98b848a97e55e0fe,2,6b7e1f5b521de19b,6f9a9c5f2856c8b3,71994.41433464226,0,0.88894767,0.0,0.0,0.0,0.0,0,0,1.0,0.0,0,0.0,0.0,0.0,0.0,0.0,1,1.0
98ce2356ead4c21b,5,6b7e1f5b521de19b,6f9a9c5f2856c8b3,1.170863568534039,0,0.19869111,0.0,0.0,0.0,0.0,0,0,1.0,0.0,0,0.0,0.0,0.0,0.0,0.0,1,1.0
98d4c47e5602b8b6,3,6b7e1f5b521de19b,,6825.920575393989,0,0.43598095,0.0,0.0,0.0,0.0,0,0,1.0,0.0,0,0.0,0.0,0.0,0.0,0.0,1,1.0
98e503d5df629328,3,6b7e1f5b521de19b,,5083.8994500666495,11,0.44842213,7.449158507699818e-17,0.0,0.0,0.0,0,0,1.0,0.0,0,0.0,0.0,0.0,11.0,0.9999999998181818,2,0.6666666666666666
98f8ad511384e68a,3,6b7e1f5b521de19b,d4f34f97b6d22a81,14952.016548085194,103,0.2888619,0.5641194799992931,-0.5436507936507936,43.33333333333333,10.0,2,0,0.2543225393622098,1.0,0,0.009708737864077669,0.31915490883736897,12769.07582258762,23.0,1.6427000843576374,8,0.23333333333333334
990e7aa8253eda99,2,6b7e1f5b521de19b,,1.170863568534039,32,0.00015533848,-1.6253762028078703e-18,0.0,0.0,0.0,0,0,1.0,0.0,0,0.0,0.0,0.0,31.0,0.9374999999414062,2,0.6666666666666666
992410f356c58f1c,3,6b7e1f5b521de19b,,2.4198904513070483,0,0.010473794,0.0,0.0,0.0,0.0,0,0,1.0,0.0,0,0.0,0.0,0.0,0.0,0.0,1,1.0
992c288899ccb0e0,3,6b7e1f5b521de19b,,25102.753943361105,0,0.0018373093,0.0,0.0,0.0,0.0,0,0,1.0,0.0,0,0.0,0.0,0.0,0.0,0.0,1,1.0
99353d03f84a1699,0,fc3655a0b667e091,,42352.05654187741,142,0.0061400943,0.1348182883939039,-19.929577464788732,30.0,0.0,0,0,8.422348875413798e-11,0.0,0,0.0,0.5792183799214562,36170.640898267615,51.0,1.4654995565582059,8,0.16666666666666666
9937d95bb77ee0b0,0,6b7e1f5b521de19b,6f9a9c5f2856c8b3,212.02522749452675,0,0.060465157,0.0,0.0,0.0,0.0,0,0,1.0,0.0,0,0.0,0.0,0.0,0.0,0.0,1,1.0
9942abf30c39fd23,5,6b7e1f5b521de19b,d4f34f97b6d22a81,1.170863568534039,0,0.010645718,0.0,0.0,0.0,0.0,0,0,1.0,0.0,0,0.0,0.0,0.0,0.0,0.0,1,1.0
995830726261df73,0,6b7e1f5b521de19b,,719615.2322614389,149,0.21278377,0.23541646969840216,0.20134228187919462,30.0,0.0,0,1,1.1547005383673425,0.0,0,0.0,0.11742641054012341,0.2909070636024396,70.0,1.329909421443846,5,0.125
995d1d77ccc47775,4,e9943875f43f341e,28c9c64e5918b06e,146206.88732295338,3,0.016576543,8.643915208795392e-17,0.0,0.0,0.0,0,0,1.0,1.0,1,-0.3333333333333333,0.2133420773310715,0.6072324426070586,2.0,1.5275252285968963,7,0.14285714285714285
99603fed53bff694,1,6b7e1f5b521de19b,6f9a9c5f2856c8b3,1098608.2846338698,230,0.0036665539,0.07718805082890755,0.3076923076923077,20.0,0.0,0,1,1.0606601717733875,0.0,0,0.0,0.7184476722575835,938287.895613487,156.0,1.230135160911963,2,0.3333333333333333
996ac4ca29fc8328,3,6b7e1f5b521de19b,,2.4198904513070483,0,0.0008398139,0.0,0.0,0.0,0.0,0,0,1.0,0.0,0,0.0,0.0,0.0,0.0,0.0,1,1.0
997a999fe24587b3,3,6b7e1f5b521de19b,,25102.753943361105,0,0.0031815218,0.0,0.0,0.0,0.0,0,0,1.0,0.0,0,0.0,0.0,0.0,0.0,0.0,1,1.0
99878cbee24de3f1,1,6b7e1f5b521de19b,,5083.8994500666495,0,0.01342583,0.0,0.0,0.0,0.0,0,0,1.0,0.0,0,0.0,0.0,0.0,0.0,0.0,1,1.0
9989df6f936e7163,2,75c64824a2a4e380,28c9c64e5918b06e,106.76407008298536,0,0.74931955,0.0,0.0,0.0,0.0,0,0,1.0,0.0,0,0.0,0.0,0.0,0.0,0.0,1,1.0
99904212151ea339,4,77c27bf8a409b6bb,28c9c64e5918b06e,124065.76839346338,261,0.0017976144,0.1305081017669917,-0.5853658536585366,25.0,0.0,0,1,0.4885319687960052,0.0,0,0.0,0.23877171488905935,0.8730960937553268,104.0,2.0387030422958894,8,0.05
99a21e40f0569c79,1,6b7e1f5b521de19b,,2.4198904513070483,187,0.0021526807,1.2004062264766033e-17,0.0,0.0,0.0,0,0,1.0,0.0,0,0.0,0.0,0.0,174.0,1.575599277389458,3,0.2
99a958f7cc4a108e,2,6b7e1f5b521de19b,,9648.963805727817,0,0.0024566539,0.0,0.0,0.0,0.0,0,0,1.0,0.0,0,0.0,0.0,0.0,0.0,0.0,1,1.0
99ac55230c4faf84,0,6b7e1f5b521de19b,6f9a9c5f2856c8b3,1.170863568534039,0,0.13720861,0.0,0.0,0.0,0.0,0,0,1.0,0.0,0,0.0,0.0,0.0,0.0,0.0,1,1.0
99bc1c2393327a4f,2,6b7e1f5b521de19b,6f9a9c5f2856c8b3,2672.7484399905034,0,0.6408436,0.0,0.0,0.0,0.0,0,0,1.0,0.0,0,0.0,0.0,0.0,0.0,0.0,1,1.0
99bdccb367a6fb4a,3,6b7e1f5b521de19b,d4f34f97b6d22a81,61559.15617829507,0,0.06596218,0.0,0.0,0.0,0.0,0,0,1.0,2.0,1,0.0,0.0,0.0,0.0,0.0,2,1.0
99cf8df50c7c01bf,2,6b7e1f5b521de19b,6f9a9c5f2856c8b3,1016.8630603954169,20,0.09692472,2.59979000096992e-17,0.0,0.0,0.0,0,0,1.0,0.0,0,0.0,0.37746717660706935,867.4727134080738,19.0,2.3097618916818026,6,0.25
99e1b422ba072096,4,75c64824a2a4e380,28c9c64e5918b06e,808346.3851878843,503,0.029122364,-0.0700545627211274,0.05934718100890208,-20.0,70.0,1,0,1.0269797953209066,0.0,0,0.0,0.15016686280282274,-0.09773304706252589,308.0,1.6221189949533956,3,0.3333333333333333
99e28014e7c74827,3,6b7e1f5b521de19b,,3303.290441942712,0,0.057617053,0.0,0.0,0.0,0.0,0,0,1.0,0.0,0,0.0,0.0,0.0,0.0,0.0,1,1.0
99e4197e58ef47df,2,6b7e1f5b521de19b,6f9a9c5f2856c8b3,1.170863568534039,0,0.11057899,0.0,0.0,0.0,0.0,0,0,1.0,0.0,0,0.0,0.0,0.0,0.0,0.0,1,1.0
99eeefed6d15e120,3,6b7e1f5b521de19b,d4f34f97b6d22a81,1.170863568534039,0,0.00015011913,0.0,0.0,0.0,0.0,0,0,1.0,0.0,0,0.0,0.0,0.0,0.0,0.0,1,1.0
99f54d24f3f4777f,5,6b7e1f5b521de19b,d4f34f97b6d22a81,1.170863568534039,0,0.013638516,0.0,0.0,0.0,0.0,0,0,1.0,0.0,0,0.0,0.0,0.0,0.0,0.0,1,1.0
9a0cc2f7ea196d91,2,6b7e1f5b521de19b,6f9a9c5f2856c8b3,98.49392076768089,0,0.069634825,0.0,0.0,0.0,0.0,0,0,1.0,0.0,0,0.0,0.0,0.0,0.0,0.0,1,1.0
9a162e447666a24d,3,6b7e1f5b521de19b,,24265.75829556772,287,0.0027763085,-0.03188976377952761,-0.0947867298578199,-20.0,20.0,0,-1,1.2374368670425318,0.0,0,0.0,0.4303142496873532,-0.6999488020123389,164.0,1.1574291948607613,2,0.42857142857142855
9a1f40fa083bcf86,2,6b7e1f5b521de19b,6f9a9c5f2856c8b3,5955.983621811037,351,0.00028477304,-7.85805275834132e-18,0.0,0.0,0.0,0,0,1.0,0.0,0,0.0,0.0,0.0,301.0,1.1256337787139659,2,0.25
9a3ded2f896a79b7,0,6b7e1f5b521de19b,6f9a9c5f2856c8b3,1.170863568534039,0,0.26565263,0.0,0.0,0.0,0.0,0,0,1.0,0.0,0,0.0,0.0,0.0,0.0,0.0,1,1.0
9a40e8fe2408ce65,3,6b7e1f5b521de19b,,359566.85696652654,0,0.016246758,0.0,0.0,0.0,0.0,0,0,1.0,0.0,0,0.0,0.08490708217283369,0.18557040606202216,0.0,0.0,2,1.0
9a44bd2118a9f65d,2,6b7e1f5b521de19b,,25102.753943361105,0,0.00039178584,0.0,0.0,0.0,0.0,0,0,1.0,0.0,0,0.0,0.0,0.0,0.0,0.0,1,1.0
9a650a4e784fae4b,0,6b7e1f5b521de19b,6f9a9c5f2856c8b3,214774.7079734781,1483,0.0009202847,0.0029547647240034474,0.04071193265007321,-3.3333333333333357,35.0,3,-1,0.8514202182085102,0.0,0,0.0,0.2991418757735634,-0.5000294372800245,315.0,0.9058673501809698,2,0.17647058823529413
9a71721a6c4d55ff,3,6b7e1f5b521de19b,6f9a9c5f2856c8b3,6211.671805216514,3,0.19607645,-1.0826463427959432e-15,0.0,0.0,0.0,0,0,1.0,0.0,0,0.0,0.0,0.0,3.0,0.0,2,1.0
9a7d26e7214c773a,3,6b7e1f5b521de19b,,2.4198904513070483,0,0.0012622001,0.0,0.0,0.0,0.0,0,0,1.0,0.0,0,0.0,0.0,0.0,0.0,0.0,1,1.0
9a8661b03671fa55,2,6b7e1f5b521de19b,,12586365.56126516,294,0.01935171,0.06802721088435373,0.06802721088435375,20.0,0.0,0,1,1.0,0.0,0,0.0,1.4798911887346506e-16,0.0,294.0,0.9999999999931973,2,0.3333333333333333
9ab25eca84670543,5,6b7e1f5b521de19b,6f9a9c5f2856c8b3,1.170863568534039,0,0.2678266,0.0,0.0,0.0,0.0,0,0,1.0,0.0,0,0.0,0.0,0.0,0.0,0.0,1,1.0
9ab71da22ead3805,1,6b7e1f5b521de19b,6f9a9c5f2856c8b3,1.170863568534039,116,5.6905094e-05,2.6963261609690338e-18,0.0,0.0,0.0,0,0,1.0,0.0,0,0.0,1.731806234281513,-0.9999646951478043,116.0,1.4142135623365208,3,0.25
9ac68fa8688e9087,5,75c64824a2a4e380,d4f34f97b6d22a81,14621079.278932134,1349,0.00029490513,1.0850984938945822e-18,0.0,0.0,0.0,0,0,1.0,0.0,0,0.0,0.22702249173391234,-0.43429614583823584,483.0,0.8887861206384058,2,0.1111111111111111
9ad48d46b6c449d3,5,6b7e1f5b521de19b,6f9a9c5f2856c8b3,472116.4731960415,278,0.009139744,0.039347172230166184,0.04329004329004329,10.0,0.0,0,0,2.121320343109643e-10,0.0,0,0.0,0.45991231365096963,403219.7388493156,147.0,1.7184684738241163,5,0.16666666666666666
9ae9a80278166a88,4,6ab36d9b02cbcf6b,28c9c64e5918b06e,259025.9827557655,0,0.025184594,0.0,0.0,0.0,0.0,0,0,1.0,0.0,0,0.0,0.0,0.0,0.0,0.0,1,1.0
9b006d492f5b4e8f,0,6b7e1f5b521de19b,6f9a9c5f2856c8b3,1.170863568534039,0,0.003711253,0.0,0.0,0.0,0.0,0,0,1.0,0.0,0,0.0,0.0,0.0,0.0,0.0,2,1.0
9b04d7beff7b811f,0,062b9e5a52eb6d8e,,571392.6068614022,532,0.00047309542,-0.05133023306667332,-0.10810810810810811,-20.0,40.0,0,-1,1.5309310891904717,0.0,0,0.0,0.02894754492824344,-0.05628244667484909,148.0,1.0363878245787908,2,0.06666666666666667
9b19ee010662f251,3,6b7e1f5b521de19b,,35845.270270304114,0,0.03618826,0.0,0.0,0.0,0.0,0,0,1.0,0.0,0,0.0,0.0,0.0,0.0,0.0,1,1.0
9b31740d486775bf,5,255414ab73601d72,d4f34f97b6d22a81,24874.72472909095,31,0.99526006,3.195306284805093,2.806451612903226,87.0,0.0,0,1,0.9467508110988385,4.0,0,0.12903225806451613,0.5142447838139984,-0.2224228438169701,16.0,1.73714993728099,6,0.1
9b320f125f0d0c2f,2,6b7e1f5b521de19b,6f9a9c5f2856c8b3,98.49392076768089,27,0.00077530934,-7.941675506100537e-17,0.0,0.0,0.0,0,0,1.0,0.0,0,0.0,0.0,0.0,27.0,0.0,2,1.0
9b69efb8dd8560e4,3,6b7e1f5b521de19b,,27503.081471426118,0,0.11244094,0.0,0.0,0.0,0.0,0,0,1.0,0.0,0,0.0,0.0,0.0,0.0,0.0,1,1.0
9b6a71850fff5dc8,0,6b7e1f5b521de19b,6f9a9c5f2856c8b3,11264.189824104717,0,0.003825921,0.0,0.0,0.0,0.0,0,0,1.0,0.0,0,0.0,0.0,0.0,0.0,0.0,1,1.0
9b7b691286719507,3,6b7e1f5b521de19b,,35845.270270304114,134,0.0003262886,-9.683464029355101e-18,0.0,0.0,0.0,0,0,1.0,0.0,0,0.0,0.0,0.0,50.0,0.3204613515364622,1,0.2
9b7c20c4bfcfc29f,2,6b7e1f5b521de19b,,186555.16774733728,28,0.0016157335,-1.5316088476051038e-16,0.0,0.0,0.0,0,0,1.0,0.0,0,0.0,0.0,0.0,28.0,0.0,2,1.0
9b942a065c4251cf,2,6b7e1f5b521de19b,6f9a9c5f2856c8b3,1.170863568534039,0,0.07560565,0.0,0.0,0.0,0.0,0,0,1.0,0.0,0,0.0,0.0,0.0,0.0,0.0,1,1.0
9ba010d83cae499d,3,6b7e1f5b521de19b,,5126.849721354915,0,0.91914904,0.0,0.0,0.0,0.0,0,0,1.0,0.0,0,0.0,0.0,0.0,0.0,0.0,1,1.0
9ba9ef81bea97f1d,3,6b7e1f5b521de19b,,2.4198904513070483,12,0.00077765714,-1.0138807046842666e-16,0.0,0.0,0.0,0,0,1.0,0.0,0,0.0,0.0,0.0,12.0,0.9999999998333333,2,0.3333333333333333
9bb25ac11834c5bf,3,6b7e1f5b521de19b,,65064.44409714713,0,0.12000958,0.0,0.0,0.0,0.0,0,0,1.0,0.0,0,0.0,0.0,0.0,0.0,0.0,1,1.0
9bb4e7c1c83696fd,5,6b7e1f5b521de19b,6f9a9c5f2856c8b3,498617.11328843475,66,0.09389407,-0.11090103115715245,-50.303030303030305,30.0,20.0,1,0,5.6256501909864214e-11,0.0,0,0.0,0.052216518166443446,-0.12376776204982368,31.0,1.7240799835137341,8,0.3076923076923077
9bb859c3c6a45a12,2,6b7e1f5b521de19b,6f9a9c5f2856c8b3,3568.563468001778,0,0.08855745,0.0,0.0,0.0,0.0,0,0,1.0,0.0,0,0.0,0.0,0.0,0.0,0.0,1,1.0
9bbcc7dffcbc9bed,4,1bb1bb990c53f4fc,28c9c64e5918b06e,1667989.4102080779,398,0.0039933175,-1.075138218468287e-18,0.0,0.0,0.0,0,0,1.0,0.0,0,0.0,0.0,0.0,165.0,0.21000576576692825,1,0.25
9bc18853aa93e5a9,2,6b7e1f5b521de19b,,4666113.343469918,0,0.09955334,0.0,0.0,0.0,0.0,0,0,1.0,0.0,0,0.0,0.0,0.0,0.0,0.0,1,1.0
9bc9f3b7b3e876c9,1,6b7e1f5b521de19b,,3391.863497755878,0,0.0024307915,0.0,0.0,0.0,0.0,0,0,1.0,0.0,0,0.0,0.0,0.0,0.0,0.0,1,1.0
9bebc469a1ffae2d,5,6b7e1f5b521de19b,6f9a9c5f2856c8b3,5814858.008638679,0,0.10016517,0.0,0.0,0.0,0.0,0,0,1.0,0.0,0,0.0,0.2265256005310289,0.5857352245570122,0.0,0.0,2,1.0
9c07713941f8e649,2,6b7e1f5b521de19b,6f9a9c5f2856c8b3,85310.6992452955,0,0.99484235,0.0,0.0,0.0,0.0,0,0,1.0,0.0,0,0.0,0.0,0.0,0.0,0.0,1,1.0
9c1041628a572440,3,6b7e1f5b521de19b,,5904.2113289495155,0,0.5596115,0.0,0.0,0.0,0.0,0,0,1.0,0.0,0,0.0,0.0,0.0,0.0,0.0,2,1.0
9c350409e6850ef2,2,6b7e1f5b521de19b,6f9a9c5f2856c8b3,1.170863568534039,0,0.0059556803,0.0,0.0,0.0,0.0,0,0,1.0,0.0,0,0.0,0.0,0.0,0.0,0.0,1,1.0
9c4040f993381852,2,6b7e1f5b521de19b,6f9a9c5f2856c8b3,17576.206078903357,95,0.99710053,0.41787462801190367,0.9086629001883239,50.0,0.0,0,1,1.4221403662841878,4.0,0,0.042105263157894736,0.2773314044937884,15010.318612389114,42.0,1.6345304371474156,4,0.21428571428571427
9c478bd39dbe326b,2,6b7e1f5b521de19b,6f9a9c5f2856c8b3,109221.63209341915,154,0.006878629,-4.821745765006366e-17,0.0,0.0,0.0,0,0,1.0,0.0,0,0.0,0.222777136098995,1.3828360504480786,53.0,1.5004918515051198,6,0.1111111111111111
9c649ebcae9ce2b6,1,6b7e1f5b521de19b,d4f34f97b6d22a81,1.170863568534039,0,0.9985049,0.0,0.0,0.0,0.0,0,0,1.0,0.0,0,0.0,0.0,0.0,0.0,0.0,1,1.0
9c7f3a6222eb1f60,0,6b7e1f5b521de19b,6f9a9c5f2856c8b3,94511.40129017057,0,0.7687386,0.0,-55.0,55.0,0.0,0,1,1.0,0.0,0,0.0,0.0,0.0,0.0,0.0,2,1.0
9c838c6242ad6afa,2,6b7e1f5b521de19b,6f9a9c5f2856c8b3,3870.2498687490965,314,0.015420954,-1.6285270480080551e-18,0.0,0.0,0.0,0,0,1.0,0.0,0,0.0,0.04086762644904168,0.15526084858300007,168.0,1.5624711445628048,4,0.5
9c83f6f019c62a97,0,6b7e1f5b521de19b,,23400.261791934005,0,0.004322354,0.0,0.0,0.0,0.0,0,0,1.0,0.0,0,0.0,0.0,0.0,0.0,0.0,1,1.0
9c8f66223fc6e686,5,6b7e1f5b521de19b,6f9a9c5f2856c8b3,118988.94164521074,118,0.0010814792,-0.2853006021915828,-0.5555555555555556,-30.0,30.0,0,0,7.071067811365476e-11,0.0,0,0.0,0.026579646979098585,0.08387420596320597,35.0,1.3971489826173638,4,0.13333333333333333
9c9c90e4562e4f95,3,6b7e1f5b521de19b,,9648.963805727817,0,0.40890414,0.0,0.0,0.0,0.0,0,0,1.0,0.0,0,0.0,0.0,0.0,0.0,0.0,1,1.0
9ca2b29f0304388c,2,6b7e1f5b521de19b,,1.170863568534039,90,0.0034328243,-2.3825026518301614e-17,0.0,0.0,0.0,0,0,1.0,0.0,0,0.0,0.0,0.0,90.0,0.0,2,1.0
9ca2c127e5356515,6,6b7e1f5b521de19b,,1.170863568534039,0,0.0003937867,0.0,0.0,0.0,0.0,0,0,1.0,0.0,0,0.0,0.0,0.0,0.0,0.0,1,1.0
9caa38b65cf2c789,2,6b7e1f5b521de19b,6f9a9c5f2856c8b3,98.49392076768089,21,0.0009934524,-1.0210725650700691e-16,0.0,0.0,0.0,0,0,1.0,0.0,0,0.0,0.0,0.0,21.0,0.0,2,1.0
9cb1e7b28fe4940b,2,6b7e1f5b521de19b,6f9a9c5f2856c8b3,1669.9082851707149,0,0.05720413,0.0,0.0,0.0,0.0,0,0,1.0,0.0,0,0.0,0.0,0.0,0.0,0.0,1,1.0
9cdb55c453c39d32,3,6b7e1f5b521de19b,d4f34f97b6d22a81,1533.6131436779021,0,0.0046245703,0.0,0.0,0.0,0.0,0,0,1.0,0.0,0,0.0,0.0,0.0,0.0,0.0,3,1.0
9cdc8691246aef8a,3,6b7e1f5b521de19b,,72858.2909415927,0,0.09614344,0.0,0.0,0.0,0.0,0,0,1.0,0.0,0,0.0,0.0,0.0,0.0,0.0,1,1.0
9ce2b54ae6e29c93,0,6b7e1f5b521de19b,6f9a9c5f2856c8b3,182212.48852760898,530,0.003916849,0.036988529687226046,-0.04395604395604396,20.0,0.0,0,0,1.4288690164193543e-10,0.0,0,0.0,0.935455775095777,-0.7680863809426647,141.0,1.1860197862427344,2,0.7142857142857143
9cf468c193335eee,6,6b7e1f5b521de19b,,1653371.4044139816,131,0.0014319795,3.806697883713362e-17,0.0,0.0,0.0,0,0,1.0,0.0,0,0.0,0.0,0.0,84.0,0.2824427480872909,1,0.3333333333333333
9d20bbd44884d09b,1,6b7e1f5b521de19b,,419.4641545792266,0,0.9999441,0.0,0.0,0.0,0.0,0,0,1.0,0.0,0,0.0,0.0,0.0,0.0,0.0,1,1.0
9d24b3e1f03486c1,5,6b7e1f5b521de19b,,5655.969519442425,0,0.30535334,0.0,0.0,0.0,0.0,0,0,1.0,0.0,0,0.0,0.0,0.0,0.0,0.0,1,1.0
9d379186929c8ca7,0,6b7e1f5b521de19b,6f9a9c5f2856c8b3,1.170863568534039,0,0.019689253,0.0,0.0,0.0,0.0,0,0,1.0,0.0,0,0.0,0.0,0.0,0.0,0.0,1,1.0
9d44b993109d7fb7,3,6b7e1f5b521de19b,,112479.56845692763,253,0.77681303,0.11393293800009413,0.11068211068211065,40.0,0.0,0,1,1.015504800578586,0.0,0,0.0,0.20879749947453352,2.13791938542338,84.0,0.9215591115988669,2,0.36363636363636365
9d50d162aa1a3d64,5,6b7e1f5b521de19b,6f9a9c5f2856c8b3,5058542.7868986325,0,0.12627473,0.0,0.0,0.0,0.0,0,0,1.0,0.0,0,0.0,0.0,0.0,0.0,0.0,1,1.0
9d512ab1c791f9b5,3,6b7e1f5b521de19b,,26661.03062598112,0,0.023837937,0.0,0.0,0.0,0.0,0,0,1.0,0.0,0,0.0,0.0,0.0,0.0,0.0,1,1.0
9d5c1574bc9ea153,3,6b7e1f5b521de19b,d4f34f97b6d22a81,1688.315329953088,0,0.020831103,0.0,0.0,0.0,0.0,0,0,1.0,0.0,0,0.0,0.0,0.0,0.0,0.0,1,1.0
9d820a5c6a848a6d,5,6b7e1f5b521de19b,6f9a9c5f2856c8b3,3713215.238264228,131,0.24031995,-0.027568656558159314,0.8914177335229967,13.333333333333336,40.0,2,0,5.361160155552033e-11,0.0,0,0.0,0.13252332673259332,0.2772654993568099,31.0,1.249975234126353,4,0.3157894736842105
9da781ae8ea0e449,4,38080774be85927f,28c9c64e5918b06e,1.170863568534039,0,0.1653818,0.0,0.0,0.0,0.0,0,0,1.0,0.0,0,0.0,0.0,0.0,0.0,0.0,1,1.0
9da860706642da76,2,6b7e1f5b521de19b,,40017.45376793798,0,0.025473656,0.0,0.0,0.0,0.0,0,0,1.0,0.0,0,0.0,0.0,0.0,0.0,0.0,1,1.0
9da9377684ef3aef,3,6b7e1f5b521de19b,,36754.75787348106,0,0.36918306,0.0,0.0,0.0,0.0,0,0,1.0,0.0,0,0.0,0.0,0.0,0.0,0.0,1,1.0
9db23843ba679c22,2,6b7e1f5b521de19b,,1.170863568534039,0,0.0002270598,0.0,0.0,0.0,0.0,0,0,1.0,0.0,0,0.0,0.0,0.0,0.0,0.0,1,1.0
9db3e2e84c8e0df1,1,6b7e1f5b521de19b,,3391.863497755878,5,0.0016588208,-4.28850477329429e-16,0.0,0.0,0.0,0,0,1.0,0.0,0,0.0,0.0,0.0,5.0,0.0,2,1.0
9dc20c1088761f67,2,6b7e1f5b521de19b,6f9a9c5f2856c8b3,1119646.8813839448,0,0.1364811,0.0,0.0,0.0,0.0,0,0,1.0,2.0,0,0.0,1.999989542607662,956256.3398588025,0.0,0.0,5,1.0
9dc233777e95a86e,3,6b7e1f5b521de19b,,1.170863568534039,0,0.0030126586,0.0,0.0,0.0,0.0,0,0,1.0,0.0,0,0.0,0.0,0.0,0.0,0.0,1,1.0
9df9447cc17e7e8b,2,6b7e1f5b521de19b,6f9a9c5f2856c8b3,932.076578471861,9,0.9166258,3.10533743082986e-16,0.0,0.0,0.0,0,0,1.0,3.0,0,0.3333333333333333,1.2197156365401175e-16,0.0,6.0,1.2372809688304043,4,0.3333333333333333
9e13b1cd6d47e129,2,6b7e1f5b521de19b,6f9a9c5f2856c8b3,9927631.645518724,158,0.09241311,5.62708696491416e-17,0.0,0.0,0.0,0,0,1.0,1.0,1,-0.006329113924050633,0.021199758849323475,-0.05738024834476384,138.0,1.6860407872030678,3,0.16666666666666666
9e268869825b9a24,2,6b7e1f5b521de19b,6f9a9c5f2856c8b3,1.170863568534039,0,0.25645155,0.0,0.0,0.0,0.0,0,0,1.0,0.0,0,0.0,0.0,0.0,0.0,0.0,1,1.0
9e4548875abb5c66,2,6b7e1f5b521de19b,6f9a9c5f2856c8b3,119495.56942768414,0,0.18474457,0.0,0.0,0.0,0.0,0,0,1.0,0.0,0,0.0,0.0,0.0,0.0,0.0,1,1.0
9e455f4cf1121e6a,6,6b7e1f5b521de19b,,10655.425849350459,0,0.9982698,0.0,0.0,0.0,0.0,0,0,1.0,0.0,0,0.0,0.0,0.0,0.0,0.0,1,1.0
9e48026125bcde1c,2,6b7e1f5b521de19b,6f9a9c5f2856c8b3,41174.690829014835,7,0.8727769,6.031746031746034,-8.0,40.0,0.0,0,0,5.3033008586178576e-11,0.0,0,0.0,0.46663568689272567,35165.0876087954,2.0,1.678191442277354,18,0.3333333333333333
9e56106a6e433215,4,fc3655a0b667e091,28c9c64e5918b06e,1.170863568534039,0,0.0033350457,0.0,0.0,0.0,0.0,0,0,1.0,0.0,0,0.0,0.0,0.0,0.0,0.0,1,1.0
9e5e7e15f577f724,5,6b7e1f5b521de19b,d4f34f97b6d22a81,2104.3335712183843,424,0.026370727,0.1794611970122721,0.18315018315018314,50.0,0.0,0,0,4.016632088209885e-11,1.0,0,0.0023584905660377358,2.0423638714921766,1796.2491652918038,87.0,1.0759887865948423,4,0.09090909090909091
9e6bff2c8975f0e8,6,6b7e1f5b521de19b,,493711.4037939279,0,0.99598324,0.0,0.0,0.0,0.0,0,0,1.0,0.0,0,0.0,0.0,0.0,0.0,0.0,1,1.0
9e6ded07937a719f,0,6828ce51082c111b,,1845240.0868962975,0,0.10223149,0.0,0.0,0.0,0.0,0,0,1.0,0.0,0,0.0,0.0,0.0,0.0,0.0,1,1.0
9e78073ed8d4b052,2,6b7e1f5b521de19b,6f9a9c5f2856c8b3,1.170863568534039,0,0.21062772,0.0,0.0,0.0,0.0,0,0,1.0,0.0,0,0.0,0.0,0.0,0.0,0.0,1,1.0
9eac3da92035d4a8,0,52838e14fa2f9ca3,,25103.935739946908,0,0.28788868,0.0,0.0,0.0,0.0,0,0,1.0,0.0,0,0.0,0.0,0.0,0.0,0.0,1,1.0
9eb461cacf3f101b,6,6b7e1f5b521de19b,,1.170863568534039,181,0.0018760008,-6.72186102553105e-18,0.0,0.0,0.0,0,0,1.0,0.0,0,0.0,0.0,0.0,181.0,0.9999999999889503,2,0.3333333333333333
9ecf3791d9075c44,3,6b7e1f5b521de19b,,3303.290441942712,0,0.0061920425,0.0,0.0,0.0,0.0,0,0,1.0,0.0,0,0.0,0.0,0.0,0.0,0.0,1,1.0
9ed09227b6bb0fed,1,6b7e1f5b521de19b,,15148.483549845856,0,0.0038455056,0.0,0.0,0.0,0.0,0,0,1.0,0.0,0,0.0,0.0,0.0,0.0,0.0,1,1.0
9ed558c48749bce4,4,e366e0e543d0c5cd,d4f34f97b6d22a81,1.170863568534039,0,0.081936195,0.0,0.0,0.0,0.0,0,0,1.0,0.0,0,0.0,0.0,0.0,0.0,0.0,1,1.0
9ed5c7b6bf103d60,3,6b7e1f5b521de19b,,2.4198904513070483,0,0.0021362507,0.0,0.0,0.0,0.0,0,0,1.0,0.0,0,0.0,0.0,0.0,0.0,0.0,1,1.0
9ed7f007ef1ccc36,2,6b7e1f5b521de19b,,1.170863568534039,90,0.0005090747,-8.768383967497128e-18,0.0,0.0,0.0,0,0,1.0,0.0,0,0.0,0.0,0.0,75.0,0.6666666666518519,1,0.3333333333333333
9ee1bd20a00cfcea,5,6b7e1f5b521de19b,6f9a9c5f2856c8b3,653803.1016379116,0,0.11252411,0.0,0.0,0.0,0.0,0,0,1.0,0.0,0,0.0,0.0,0.0,0.0,0.0,2,1.0
9ef586173c19f7e0,3,6b7e1f5b521de19b,d4f34f97b6d22a81,236.94907797020014,0,0.0070414054,0.0,0.0,0.0,0.0,0,0,1.0,0.0,0,0.0,0.0,0.0,0.0,0.0,1,1.0
9f01303b1c3bd2c1,2,6b7e1f5b521de19b,6f9a9c5f2856c8b3,98.49392076768089,20,0.0007459106,-1.0721261933235725e-16,0.0,0.0,0.0,0,0,1.0,0.0,0,0.0,0.0,0.0,20.0,0.0,2,1.0
9f1d0de6b13948dc,2,6b7e1f5b521de19b,6f9a9c5f2856c8b3,1.170863568534039,0,0.8514816,0.0,0.0,0.0,0.0,0,0,1.0,0.0,0,0.0,0.0,0.0,0.0,0.0,1,1.0
9f1ec350ab51a312,6,6b7e1f5b521de19b,,1.170863568534039,0,0.00044530776,0.0,0.0,0.0,0.0,0,0,1.0,0.0,0,0.0,0.0,0.0,0.0,0.0,1,1.0
9f1f3316d5c92271,2,6b7e1f5b521de19b,6f9a9c5f2856c8b3,271.137295562232,0,0.014594979,0.0,0.0,0.0,0.0,0,0,1.0,0.0,0,0.0,0.0,0.0,0.0,0.0,1,1.0
9f231589c071142a,2,6b7e1f5b521de19b,6f9a9c5f2856c8b3,23367.50078632224,25,0.1197442,0.43155732753413073,-19.0,19.0,0.0,0,0,1.165049664136827e-10,2.0,0,0.08,0.5547058210183061,19956.492413551776,19.0,2.6315014711753832,13,0.07142857142857142
9f345beb6a52fa04,3,6b7e1f5b521de19b,,1.170863568534039,0,0.020233504,0.0,0.0,0.0,0.0,0,0,1.0,0.0,0,0.0,0.0,0.0,0.0,0.0,2,1.0
9f3da98b9ce84acd,3,6b7e1f5b521de19b,,27964.446350806866,225,0.0008124414,1.898592577287249e-18,0.0,0.0,0.0,0,0,1.0,1.0,0,0.0044444444444444444,0.9998269458986624,11555.0794645487,91.0,0.8735340453360407,2,0.16666666666666666
9f3e8dad636505ce,0,75c64824a2a4e380,,5083.8994500666495,0,0.0008276614,0.0,0.0,0.0,0.0,0,0,1.0,0.0,0,0.0,0.0,0.0,0.0,0.0,1,1.0
9f4bc7fc2c24e783,5,6b7e1f5b521de19b,6f9a9c5f2856c8b3,2402.7773795617354,0,0.103740916,0.0,0.0,0.0,0.0,0,0,1.0,0.0,0,0.0,0.0,0.0,0.0,0.0,1,1.0
9f4dfed231c5a735,2,6b7e1f5b521de19b,6f9a9c5f2856c8b3,6009.906030357736,296,0.00017183088,-0.04440841976127744,-0.06607929515418502,-15.0,15.0,0,-1,1.082531754716793,0.0,0,0.0,0.0,0.0,127.0,0.6405034770807535,2,0.2
9f62b39225a7aae7,0,062b9e5a52eb6d8e,d4f34f97b6d22a81,1.170863568534039,0,0.049388677,0.0,0.0,0.0,0.0,0,0,1.0,0.0,0,0.0,0.0,0.0,0.0,0.0,1,1.0
9f74062e86055a08,4,47dc86e9ce418791,28c9c64e5918b06e,1.170863568534039,0,0.027202334,0.0,0.0,0.0,0.0,0,0,1.0,0.0,0,0.0,0.0,0.0,0.0,0.0,1,1.0
9f805113dac6ea3a,3,6b7e1f5b521de19b,,29324.531411075328,0,0.016249744,0.0,0.0,0.0,0.0,0,0,1.0,0.0,0,0.0,0.0,0.0,0.0,0.0,1,1.0
9f907e36b6b9a24a,3,6b7e1f5b521de19b,d4f34f97b6d22a81,4176.674738255045,0,0.00017795389,0.0,0.0,0.0,0.0,0,0,1.0,0.0,0,0.0,0.0,0.0,0.0,0.0,1,1.0
9f99594722307f9b,6,6b7e1f5b521de19b,,16336.032355658184,0,0.0017178596,0.0,0.0,0.0,0.0,0,0,1.0,0.0,0,0.0,0.0,0.0,0.0,0.0,1,1.0
9f9d655ef2478498,0,6b7e1f5b521de19b,,25102.753943361105,1430,7.990728e-05,-0.01616742670018821,-0.15129781166928036,-5.0,50.0,1,-1,0.5373307860221297,0.0,0,0.0,0.8000154288853393,-0.9073021708013915,390.0,0.9266101061404785,2,0.23076923076923078
9fa5c6890a899727,4,fc3655a0b667e091,28c9c64e5918b06e,152746.78126822796,0,0.0053590015,0.0,0.0,0.0,0.0,0,0,1.0,0.0,0,0.0,1.4141810413783966,130455.51549263946,0.0,0.0,3,1.0
9fa7d7d927998b07,0,a3bb89b2911fd833,,8290.869253090716,0,0.9998946,0.0,0.0,0.0,0.0,0,0,1.0,0.0,0,0.0,0.0,0.0,0.0,0.0,1,1.0
9faa7816491becc4,1,6b7e1f5b521de19b,6f9a9c5f2856c8b3,609.207969734855,0,0.99649006,0.0,0.0,0.0,0.0,0,0,1.0,0.0,0,0.0,0.9961634856726814,519.3065379321727,0.0,0.0,2,1.0
9fb2d3dc6f5ee0d8,4,38080774be85927f,d4f34f97b6d22a81,3709.514578773775,0,0.08262553,0.0,0.0,0.0,0.0,0,0,1.0,0.0,0,0.0,0.49990713710215606,3167.1868652025905,0.0,0.0,5,1.0
9fd1a0aedbf4fb20,2,6b7e1f5b521de19b,6f9a9c5f2856c8b3,98.49392076768089,24,0.0005972221,-8.934384944363104e-17,0.0,0.0,0.0,0,0,1.0,0.0,0,0.0,0.0,0.0,24.0,0.0,2,1.0
9fd1fe5c6fb4184b,0,6b7e1f5b521de19b,6f9a9c5f2856c8b3,1.170863568534039,0,0.014465095,0.0,0.0,0.0,0.0,0,0,1.0,0.0,0,0.0,0.0,0.0,0.0,0.0,1,1.0
9fe1dd316b302420,0,6b7e1f5b521de19b,,8290.869253090716,0,0.0049655405,0.0,0.0,0.0,0.0,0,0,1.0,0.0,0,0.0,0.0,0.0,0.0,0.0,1,1.0
a0110bac72cd21d7,2,6b7e1f5b521de19b,6f9a9c5f2856c8b3,109622.05568823894,598,0.026058119,0.0890550362285577,0.24752475247524752,50.0,0.0,0,0,4.0316210452692173e-11,2.0,1,0.0016722408026755853,0.4910418190599702,93623.96078470482,160.0,1.4067372291170932,6,0.4375
a0167ab95fbacb9f,2,6b7e1f5b521de19b,,11164.548352985037,0,0.27576163,0.0,0.0,0.0,0.0,0,0,1.0,0.0,0,0.0,0.0,0.0,0.0,0.0,1,1.0
a01cdf3ce6c61cae,0,062b9e5a52eb6d8e,,11264.189824104717,157,0.00050265377,-1.562448360733059e-17,0.0,0.0,0.0,0,0,1.0,0.0,0,0.0,0.0,0.0,56.0,0.2606800245752836,1,0.2
a036f07c0f20ac64,5,6b7e1f5b521de19b,6f9a9c5f2856c8b3,1.170863568534039,0,0.08500174,0.0,0.0,0.0,0.0,0,0,1.0,0.0,0,0.0,0.0,0.0,0.0,0.0,1,1.0
a037fc76100c0aef,4,7545e34e09ae9cad,28c9c64e5918b06e,1.170863568534039,0,0.0009893798,0.0,0.0,0.0,0.0,0,0,1.0,0.0,0,0.0,0.0,0.0,0.0,0.0,1,1.0
a03ca576fee4e7f6,4,7b7c16a1b24ec3b8,28c9c64e5918b06e,1.170863568534039,0,0.1384505,0.0,0.0,0.0,0.0,0,0,1.0,0.0,0,0.0,0.0,0.0,0.0,0.0,1,1.0
a03fcf5f4d80f0a5,2,6b7e1f5b521de19b,6f9a9c5f2856c8b3,944.2361981531582,111,0.027900716,0.13295126811818445,0.2072072072072072,23.0,0.0,0,1,1.1618950038433378,0.0,0,0.0,0.26303986688444525,-0.4444157712401059,88.0,1.5353423705811242,4,0.3333333333333333
a047cf3a787b459d,3,6b7e1f5b521de19b,,12554.998407894873,78,0.0009169705,0.053338977669594674,-0.13846153846153847,9.0,0.0,0,0,2.9814239691108307e-10,2.0,0,0.02564102564102564,0.2461856474461437,1.4695607242449058,57.0,1.3644061739523854,2,0.5
a05cb559f73c7f03,5,6b7e1f5b521de19b,6f9a9c5f2856c8b3,1.170863568534039,0,0.056463227,0.0,0.0,0.0,0.0,0,0,1.0,0.0,0,0.0,0.0,0.0,0.0,0.0,1,1.0
a076b34f139abd28,6,6b7e1f5b521de19b,14bffcff0ab1f3dd,152921.02867321164,133,0.0026668403,-9.147795831737744e-18,0.0,0.0,0.0,0,0,1.0,0.0,0,0.0,0.7070986601085555,130604.33505596555,133.0,0.9999999999849624,2,0.3333333333333333
a07b05e1a93f7950,3,6b7e1f5b521de19b,d4f34f97b6d22a81,29741.1889009228,33,0.019979326,1.5232282172212358e-16,0.0,0.0,0.0,0,0,1.0,0.0,0,0.0,0.12641432304788064,-0.27208328198427123,33.0,1.4142135622445302,2,0.5
a08b09cbaed24d8e,3,6b7e1f5b521de19b,,9648.963805727817,0,0.002682558,0.0,0.0,0.0,0.0,0,0,1.0,0.0,0,0.0,0.0,0.0,0.0,0.0,1,1.0
a08fc5cbac15a4f1,2,6b7e1f5b521de19b,6f9a9c5f2856c8b3,219497.89175025243,17,0.00011072462,-0.2960140679953108,-0.29411764705882354,-5.0,5.0,0,-1,1.2374368669407518,0.0,0,0.0,0.004741925249442478,0.009621643876891585,16.0,2.082220001668376,6,0.14285714285714285
a09f7cd7d0563657,4,255414ab73601d72,28c9c64e5918b06e,1.170863568534039,0,0.019370653,0.0,0.0,0.0,0.0,0,0,1.0,0.0,0,0.0,0.0,0.0,0.0,0.0,1,1.0
a0a60361104aa75e,5,6b7e1f5b521de19b,6f9a9c5f2856c8b3,1.170863568534039,0,0.02164193,0.0,0.0,0.0,0.0,0,0,1.0,0.0,0,0.0,0.0,0.0,0.0,0.0,1,1.0
a0a8e76ef03b3e8d,2,6b7e1f5b521de19b,d4f34f97b6d22a81,315.6120452626753,0,0.46165484,0.0,0.0,0.0,0.0,0,0,1.0,0.0,0,0.0,0.0,0.0,0.0,0.0,1,1.0
a0b9386075d5de95,3,6b7e1f5b521de19b,,147782.212188992,176,0.002035858,0.18019080287276235,0.0417186417186417,29.0,0.0,0,0,8.422259726045267e-11,0.0,0,0.0,0.2646761234743641,0.6481692539669094,46.0,0.9329953760881712,4,0.09090909090909091
a0c1ce560207b331,6,6b7e1f5b521de19b,,1.170863568534039,147,0.46366677,0.46606648675003276,-0.5851063829787234,55.0,0.0,0,0,4.198911048475516e-11,1.0,1,0.0,1.363637853100846,0.0,94.0,1.6650137575477009,5,0.125
a0c875db3dea3db4,6,6b7e1f5b521de19b,,1.170863568534039,0,0.99754983,0.0,0.0,0.0,0.0,0,0,1.0,0.0,0,0.0,0.0,0.0,0.0,0.0,1,1.0
a0da07fe5e7353e5,6,6b7e1f5b521de19b,,79615.28752208855,72,0.0069858143,1.1380658831208056e-17,0.0,0.0,0.0,0,0,1.0,0.0,0,0.0,0.0,0.0,72.0,0.9999999999722223,2,0.6666666666666666
a0ebe14bce76d25d,6,6b7e1f5b521de19b,,1.0608520127326513,0,0.026205584,0.0,0.0,0.0,0.0,0,0,1.0,0.0,0,0.0,0.0,0.0,0.0,0.0,1,1.0
a10427124491f894,2,6b7e1f5b521de19b,,1720718.3664146494,0,0.2570645,0.0,0.0,0.0,0.0,0,0,1.0,0.0,0,0.0,0.0,0.0,0.0,0.0,1,1.0
a115ee5b3486f21e,2,6b7e1f5b521de19b,6f9a9c5f2856c8b3,1643.701955935433,0,0.13315263,0.0,0.0,0.0,0.0,0,0,1.0,0.0,0,0.0,0.0,0.0,0.0,0.0,1,1.0
a12094858ff6eaac,3,6b7e1f5b521de19b,d4f34f97b6d22a81,78012.94245586441,0,0.008090106,0.0,0.0,0.0,0.0,0,0,1.0,1.0,1,0.0,0.010407927993044202,0.02615593452417002,0.0,0.0,5,1.0
a13a4001d0aba7da,0,674ec33189ed753c,,2997767.3059456446,1216,0.00027125547,-2.6277602777538543e-18,0.0,0.0,0.0,0,0,1.0,0.0,0,0.0,0.0,0.0,816.0,0.0,2,1.0
a1426ffb2098dc88,0,fc3655a0b667e091,,524417.177630072,0,0.08753175,0.0,0.0,0.0,0.0,0,0,1.0,0.0,0,0.0,0.0,0.0,0.0,0.0,1,1.0
a142df478c527acd,1,6b7e1f5b521de19b,6f9a9c5f2856c8b3,244335.03202396695,127,0.0073575745,-5.249274316273076e-18,0.0,0.0,0.0,0,0,1.0,2.0,1,0.0,0.5851932652456556,9.82306458095126,127.0,2.9999999997637796,10,0.09090909090909091
a1593652cc57d2a2,2,6b7e1f5b521de19b,6f9a9c5f2856c8b3,1.170863568534039,0,0.024042804,0.0,0.0,0.0,0.0,0,0,1.0,0.0,0,0.0,0.0,0.0,0.0,0.0,1,1.0
a169b0ee06bdbe4c,2,6b7e1f5b521de19b,6f9a9c5f2856c8b3,1.170863568534039,0,0.06419956,0.0,0.0,0.0,0.0,0,0,1.0,0.0,0,0.0,0.0,0.0,0.0,0.0,1,1.0
a17d508b56b0ba82,2,6b7e1f5b521de19b,6f9a9c5f2856c8b3,1.170863568534039,0,0.07407821,0.0,0.0,0.0,0.0,0,0,1.0,0.0,0,0.0,0.0,0.0,0.0,0.0,1,1.0
a18200a6f6d5d35a,2,6b7e1f5b521de19b,6f9a9c5f2856c8b3,1.170863568534039,0,0.016323606,0.0,0.0,0.0,0.0,0,0,1.0,0.0,0,0.0,0.0,0.0,0.0,0.0,1,1.0
a182dd47e18220f4,2,6b7e1f5b521de19b,6f9a9c5f2856c8b3,437580.44026071264,804,0.0013920062,-0.044573355504955774,0.07547169811320754,-40.0,50.0,1,0,5.5529377602846196e-11,0.0,0,0.0,0.30151046446057006,373723.5329176808,358.0,1.3681399817548872,2,0.4166666666666667
a185e2d7ff46fc84,3,6b7e1f5b521de19b,,35845.270270304114,0,0.013285909,0.0,0.0,0.0,0.0,0,0,1.0,0.0,0,0.0,0.0,0.0,0.0,0.0,1,1.0
a190542bbdc70c4c,2,6b7e1f5b521de19b,6f9a9c5f2856c8b3,1.170863568534039,0,0.015524483,0.0,0.0,0.0,0.0,0,0,1.0,0.0,0,0.0,0.0,0.0,0.0,0.0,1,1.0
a1aa13fb532b99aa,0,6b7e1f5b521de19b,6f9a9c5f2856c8b3,1.170863568534039,0,0.5708475,0.0,0.0,0.0,0.0,0,0,1.0,0.0,0,0.0,0.0,0.0,0.0,0.0,1,1.0
a1ba525c8db2b29d,2,6b7e1f5b521de19b,6f9a9c5f2856c8b3,117939.80744464394,0,0.0691027,0.0,0.0,0.0,0.0,0,0,1.0,0.0,0,0.0,0.16685766457344384,0.47239364851232973,0.0,0.0,3,1.0
a1bbdc9bbe9b6ac1,2,6b7e1f5b521de19b,d4f34f97b6d22a81,33526.81032653205,0,0.09725002,0.0,0.0,0.0,0.0,0,0,1.0,0.0,0,0.0,0.0,0.0,0.0,0.0,1,1.0
a1c845508864460c,1,6b7e1f5b521de19b,,11675.99327727772,174,0.0070942547,1.792726375869306e-15,0.0,0.0,0.0,0,0,1.0,0.0,0,0.0,0.0,0.0,4.0,1.414213561312435,4,0.5
a1c9951eb4527a64,2,6b7e1f5b521de19b,6f9a9c5f2856c8b3,98.49392076768089,73,0.000535304,-2.937332036502939e-17,0.0,0.0,0.0,0,0,1.0,0.0,0,0.0,0.0,0.0,73.0,0.0,2,1.0
a1ce2f064a357908,2,6b7e1f5b521de19b,6f9a9c5f2856c8b3,1.170863568534039,0,0.0024348465,0.0,0.0,0.0,0.0,0,0,1.0,0.0,0,0.0,0.0,0.0,0.0,0.0,1,1.0
a1ce37895156c68e,2,6b7e1f5b521de19b,d4f34f97b6d22a81,64193.12130187281,0,0.0002297609,0.0,0.0,0.0,0.0,0,0,1.0,0.0,0,0.0,0.0,0.0,0.0,0.0,1,1.0
a1dfeb6ab073cb81,1,6b7e1f5b521de19b,,9505.078210184982,18,0.015623571,-1.3888888888888888,1.3888888888888888,-25.0,25.0,0,-1,1.0,0.0,0,0.0,0.0,0.0,18.0,0.0,2,1.0
a1fba0690ebb16af,3,6b7e1f5b521de19b,d4f34f97b6d22a81,44098.037582066776,49,0.00087289006,0.10624734381640472,-20.416666666666668,0.0,20.0,1,-1,1.0606601717733875,0.0,0,0.0,0.44719934661211896,37661.8317484325,48.0,1.9493802342924391,4,0.3333333333333333
a203158ebfaad049,0,6b7e1f5b521de19b,6f9a9c5f2856c8b3,1.170863568534039,0,0.1732263,0.0,0.0,0.0,0.0,0,0,1.0,0.0,0,0.0,0.0,0.0,0.0,0.0,1,1.0
a20c5733556c3db5,3,6b7e1f5b521de19b,,9648.963805727817,0,0.009231241,0.0,0.0,0.0,0.0,0,0,1.0,0.0,0,0.0,0.0,0.0,0.0,0.0,1,1.0
a213ff1ebf1c9de2,1,6b7e1f5b521de19b,,1242.9399433777146,317,0.7228923,0.11051681917772915,-0.5174830941777998,85.0,5.0,1,-1,0.06517633536914805,6.0,0,0.01892744479495268,0.44670815437148564,1060.558303444284,168.0,0.9557682873519114,2,0.16666666666666666
a217af8b01a76759,1,6b7e1f5b521de19b,,229404.3185260289,1231,0.000976415,0.008547476664827558,0.033834111160584227,5.0,15.0,1,0,1.5765268448143255e-10,1.0,1,-0.0008123476848090983,0.11811565056381018,0.8993940174610074,217.0,0.8308192369896057,3,0.25
a21b63faaf7d61e4,4,6b7e1f5b521de19b,28c9c64e5918b06e,63724.52303052695,0,0.004379342,0.0,0.0,0.0,0.0,0,0,1.0,0.0,0,0.0,0.0,0.0,0.0,0.0,1,1.0
a21bfae5e8cd8765,0,6b7e1f5b521de19b,6f9a9c5f2856c8b3,51861.79084526922,259,0.015005774,0.13923779998930996,0.9302325581395349,40.0,0.0,0,0,0.8944271910053677,0.0,0,0.0,0.3779547208606248,44292.624158279985,95.0,0.935574695247703,3,0.5
a22689307c9048c9,3,6b7e1f5b521de19b,d4f34f97b6d22a81,53896.31752760635,734,0.0066477475,0.017012841419810142,0.20202020202020202,20.0,9.0,1,0,1.0822923212796637e-10,1.0,0,0.0013623978201634877,0.5213016827482424,-0.0040761896271753325,251.0,1.604684875490463,2,0.5
a229b0c267a22b04,4,e9943875f43f341e,,263999.29512211593,0,0.006342494,0.0,0.0,0.0,0.0,0,0,1.0,0.0,0,0.0,0.0,0.0,0.0,0.0,1,1.0
a22a85c1d4655f84,1,6b7e1f5b521de19b,d4f34f97b6d22a81,1.170863568534039,0,0.99614644,0.0,0.0,0.0,0.0,0,0,1.0,0.0,0,0.0,0.0,0.0,0.0,0.0,1,1.0
a2348555c96d8612,2,6b7e1f5b521de19b,6f9a9c5f2856c8b3,1.170863568534039,0,0.53738886,0.0,0.0,0.0,0.0,0,0,1.0,0.0,0,0.0,0.0,0.0,0.0,0.0,1,1.0
a23b6ad99cd66595,3,6b7e1f5b521de19b,,16059.366716469647,0,0.0034726535,0.0,0.0,0.0,0.0,0,0,1.0,0.0,0,0.0,0.0,0.0,0.0,0.0,1,1.0
a25bf8c77db9af5b,6,6b7e1f5b521de19b,,12161.80535851691,0,0.9958165,0.0,0.0,0.0,0.0,0,0,1.0,0.0,0,0.0,0.0,0.0,0.0,0.0,1,1.0
a26a1915ff96fcb0,3,6b7e1f5b521de19b,,8269.642544488683,0,0.000116763804,0.0,0.0,0.0,0.0,0,0,1.0,0.0,0,0.0,0.0,0.0,0.0,0.0,1,1.0
a27316d48b4b6307,3,6b7e1f5b521de19b,,21273.147061594493,87,7.784126e-05,-9.02351987749296e-19,0.0,0.0,0.0,0,0,1.0,0.0,0,0.0,0.0,0.0,87.0,0.0,2,1.0
a275ba9cb2ab32f3,5,6b7e1f5b521de19b,6f9a9c5f2856c8b3,695835.041914466,118,0.0008974787,-1.817163039531479e-17,0.0,0.0,0.0,0,0,1.0,0.0,0,0.0,0.0,0.0,118.0,0.0,2,1.0
a27916ec027ee0dc,2,6b7e1f5b521de19b,6f9a9c5f2856c8b3,1.170863568534039,0,0.18257517,0.0,0.0,0.0,0.0,0,0,1.0,0.0,0,0.0,0.0,0.0,0.0,0.0,1,1.0
a27b097172843949,5,6b7e1f5b521de19b,d4f34f97b6d22a81,1.170863568534039,0,0.10828163,0.0,0.0,0.0,0.0,0,0,1.0,0.0,0,0.0,0.0,0.0,0.0,0.0,1,1.0
a2949300ed22e995,3,6b7e1f5b521de19b,d4f34f97b6d22a81,9115.798415940886,0,0.11654887,0.0,0.0,0.0,0.0,0,0,1.0,0.0,0,0.0,0.0,0.0,0.0,0.0,2,1.0
a2962b84f88eb905,5,6b7e1f5b521de19b,6f9a9c5f2856c8b3,1710672.2220531874,146,0.005135368,-5.606209666970013e-17,0.0,0.0,0.0,0,0,1.0,0.0,0,0.0,0.029664133480413513,0.078837633891084,135.0,1.5607423497076311,3,0.4
a2a4e8497694c8d9,2,6b7e1f5b521de19b,6f9a9c5f2856c8b3,15940.107517960609,0,0.22564074,0.0,0.0,0.0,0.0,0,0,1.0,0.0,0,0.0,0.0,0.0,0.0,0.0,2,1.0
a2c0d7eb92b1bf6e,5,6b7e1f5b521de19b,,1.170863568534039,0,0.09634684,0.0,0.0,0.0,0.0,0,0,1.0,0.0,0,0.0,0.0,0.0,0.0,0.0,1,1.0
a2e42e69e32b3ead,2,6b7e1f5b521de19b,,11264.189824104717,0,0.0019839732,0.0,0.0,0.0,0.0,0,0,1.0,0.0,0,0.0,0.0,0.0,0.0,0.0,1,1.0
a2fa513d8bdb39d5,4,d94a77dffd98d647,28c9c64e5918b06e,469465.10696114204,1801,6.966021e-05,-0.0013395310791219576,0.0066050198150594455,-5.0,5.0,2,0,4.05081360911569e-10,0.0,0,0.0,0.3139160766017191,400955.28523904656,307.0,0.7868258703945524,3,0.21052631578947367
a30f219d861477c6,2,6b7e1f5b521de19b,6f9a9c5f2856c8b3,1.170863568534039,0,0.28941333,0.0,0.0,0.0,0.0,0,0,1.0,0.0,0,0.0,0.0,0.0,0.0,0.0,1,1.0
a323b5f5cf61b7f9,4,e9943875f43f341e,28c9c64e5918b06e,1.170863568534039,0,0.0018917558,0.0,0.0,0.0,0.0,0,0,1.0,0.0,0,0.0,0.0,0.0,0.0,0.0,1,1.0
a32be9e120bc5186,5,6b7e1f5b521de19b,6f9a9c5f2856c8b3,1.170863568534039,0,0.014438885,0.0,0.0,0.0,0.0,0,0,1.0,0.0,0,0.0,0.0,0.0,0.0,0.0,1,1.0
a32e8f803155f4d5,3,6b7e1f5b521de19b,d4f34f97b6d22a81,311819.88852307433,0,0.00023786945,0.0,0.0,0.0,0.0,0,0,1.0,0.0,0,0.0,0.1334617207082077,0.348983360713295,0.0,0.0,3,1.0
a33eb802335e9eb0,4,255414ab73601d72,28c9c64e5918b06e,2233.113011341929,0,0.10353303,0.0,0.0,0.0,0.0,0,0,1.0,0.0,0,0.0,0.0,0.0,0.0,0.0,1,1.0
a3406253e879b3e8,0,6b7e1f5b521de19b,6f9a9c5f2856c8b3,25234.815848044836,0,0.4561396,0.0,0.0,0.0,0.0,0,0,1.0,0.0,0,0.0,0.9999072068326144,21551.311068692386,0.0,0.0,2,1.0
a341447ff3a630a4,3,a0d28553c7be77f0,,9648.963805727817,0,0.012470683,0.0,0.0,0.0,0.0,0,0,1.0,0.0,0,0.0,0.0,0.0,0.0,0.0,1,1.0
a350d939033d829a,0,6b7e1f5b521de19b,6f9a9c5f2856c8b3,7173.892419126222,286,0.00031966862,0.08614128908025723,-0.2,25.0,0.0,0,0,8.666666665915557e-11,0.0,0,0.0,1.2677841381451573e-16,0.0,67.0,0.9147483992318397,3,0.3076923076923077
a35375462f0f89a3,2,6b7e1f5b521de19b,6f9a9c5f2856c8b3,98.49392076768089,0,0.060164727,0.0,0.0,0.0,0.0,0,0,1.0,0.0,0,0.0,0.0,0.0,0.0,0.0,1,1.0
a360f1a871df720b,2,6b7e1f5b521de19b,6f9a9c5f2856c8b3,212.02522749452675,0,0.059951495,0.0,0.0,0.0,0.0,0,0,1.0,0.0,0,0.0,0.0,0.0,0.0,0.0,1,1.0
a361f699fe7f11fa,0,6b7e1f5b521de19b,6f9a9c5f2856c8b3,1.170863568534039,0,0.013581785,0.0,0.0,0.0,0.0,0,0,1.0,0.0,0,0.0,0.0,0.0,0.0,0.0,1,1.0
a3625e21fcb2dfea,6,6b7e1f5b521de19b,,4446970.613883784,89,0.00010670782,-1.677054501186844e-18,0.0,0.0,0.0,0,0,1.0,0.0,0,0.0,0.0,0.0,89.0,0.9999999999775282,2,0.3333333333333333
a3794e530197d53e,3,6b7e1f5b521de19b,d4f34f97b6d22a81,7462.80698704363,0,0.19268748,0.0,0.0,0.0,0.0,0,0,1.0,0.0,0,0.0,0.0,0.0,0.0,0.0,1,1.0
a3826ac1fb6b5336,3,6b7e1f5b521de19b,,1.170863568534039,7,0.002017745,-3.0632176952102076e-16,0.0,0.0,0.0,0,0,1.0,0.0,0,0.0,0.0,0.0,7.0,0.0,2,1.0
a38cbb16a5241a17,5,6b7e1f5b521de19b,d4f34f97b6d22a81,3337.7723917894755,35,0.9974982,2.3121605310802655,2.5,85.0,5.0,1,1,0.9240707639609553,6.0,0,0.17142857142857143,0.1170061866450276,-0.21856841679902037,29.0,1.8018131454542679,4,0.42857142857142855
a3a29bd102801e42,2,6b7e1f5b521de19b,6f9a9c5f2856c8b3,98.49392076768089,0,0.01633943,0.0,0.0,0.0,0.0,0,0,1.0,0.0,0,0.0,0.0,0.0,0.0,0.0,1,1.0
a3af2952ac01accf,3,6b7e1f5b521de19b,d4f34f97b6d22a81,1533.6131436779021,0,0.0029843734,0.0,0.0,0.0,0.0,0,0,1.0,0.0,0,0.0,0.0,0.0,0.0,0.0,1,1.0
a3b96f533a6b1972,2,6b7e1f5b521de19b,6f9a9c5f2856c8b3,1.170863568534039,0,0.020194912,0.0,0.0,0.0,0.0,0,0,1.0,0.0,0,0.0,0.0,0.0,0.0,0.0,1,1.0
a3c5fbb1e23c2870,3,6b7e1f5b521de19b,,5083.8994500666495,0,0.0037528707,0.0,0.0,0.0,0.0,0,0,1.0,0.0,0,0.0,0.0,0.0,0.0,0.0,1,1.0
a3d9d7b879622f28,1,6b7e1f5b521de19b,,5083.8994500666495,194,0.019407937,1.1044325174369815e-16,0.0,0.0,0.0,0,0,1.0,0.0,0,0.0,0.0,0.0,42.0,1.7410444717704234,4,0.6666666666666666
a3dfcbacee0ea91e,4,75c64824a2a4e380,28c9c64e5918b06e,1.170863568534039,0,0.6797827,0.0,0.0,0.0,0.0,0,0,1.0,0.0,0,0.0,0.0,0.0,0.0,0.0,1,1.0
a3faa6eec33ad45f,5,6b7e1f5b521de19b,,1.170863568534039,435,0.00013932286,-0.026275441830096908,0.034013605442176874,-10.0,10.0,0,0,2.1213203431096425e-10,0.0,0,0.0,0.0,0.0,285.0,1.7483102462158309,3,0.1111111111111111
a40658477dff1bd1,4,75c64824a2a4e380,28c9c64e5918b06e,1.170863568534039,0,0.026234237,0.0,0.0,0.0,0.0,0,0,1.0,0.0,0,0.0,0.0,0.0,0.0,0.0,1,1.0
a410b79cf293ac23,5,6b7e1f5b521de19b,d4f34f97b6d22a81,13480.192401032918,39,0.46760765,0.8765618351321033,0.0,20.0,40.0,2,-1,0.8000946913748972,0.0,0,0.0,1.3493794075271072e-16,0.0,24.0,2.0948890555564685,7,0.5384615384615384
a4119f9dc49e34e5,0,d80899b211b3d52f,,8290.869253090716,0,0.0073627336,0.0,0.0,0.0,0.0,0,0,1.0,0.0,0,0.0,0.0,0.0,0.0,0.0,1,1.0
a4219423c4c68f23,0,6b7e1f5b521de19b,6f9a9c5f2856c8b3,64694.75147071362,651,0.0011507719,-0.028389072202353385,0.05333333333333334,-20.0,20.0,0,0,1.1547005382459181e-10,0.0,0,0.0,0.32981465512311087,-0.4944566225074145,142.0,1.2799616942729943,4,0.125
a4234651639fa8c4,2,6b7e1f5b521de19b,6f9a9c5f2856c8b3,1.170863568534039,0,0.09121328,0.0,0.0,0.0,0.0,0,0,1.0,0.0,0,0.0,0.0,0.0,0.0,0.0,1,1.0
a4238547df789919,0,6b7e1f5b521de19b,,19325.975207809148,0,0.007609207,0.0,0.0,0.0,0.0,0,0,1.0,0.0,0,0.0,0.0,0.0,0.0,0.0,1,1.0
a42d31cb9246c04b,1,6b7e1f5b521de19b,,36051.6631606101,0,0.18224002,0.0,0.0,0.0,0.0,0,0,1.0,0.0,0,0.0,0.0,0.0,0.0,0.0,1,1.0
a438d9814ddeec12,3,6b7e1f5b521de19b,,2.4198904513070483,0,0.011678053,0.0,0.0,0.0,0.0,0,0,1.0,0.0,0,0.0,0.0,0.0,0.0,0.0,1,1.0
a45cdcb8a84242be,2,6b7e1f5b521de19b,6f9a9c5f2856c8b3,384.10169546712086,0,0.0135819465,0.0,0.0,0.0,0.0,0,0,1.0,0.0,0,0.0,0.0,0.0,0.0,0.0,1,1.0
a45fcbcf3614d99b,5,6b7e1f5b521de19b,6f9a9c5f2856c8b3,1060.8669669680157,0,0.100381576,0.0,0.0,0.0,0.0,0,0,1.0,0.0,0,0.0,0.0,0.0,0.0,0.0,2,1.0
a4739d98957008c3,3,6b7e1f5b521de19b,,1.170863568534039,0,0.00031111375,0.0,0.0,0.0,0.0,0,0,1.0,0.0,0,0.0,0.0,0.0,0.0,0.0,1,1.0
a4813abe6c6793e1,0,6b7e1f5b521de19b,,23760.053290504962,41,0.03348303,-3.637693138499998e-17,0.0,0.0,0.0,0,0,1.0,0.0,0,0.0,0.0,0.0,41.0,1.9999999997560975,5,0.16666666666666666
a482071eb6fa1a69,2,6b7e1f5b521de19b,6f9a9c5f2856c8b3,535.9426565595013,0,0.070396125,0.0,0.0,0.0,0.0,0,0,1.0,0.0,0,0.0,0.0,0.0,0.0,0.0,1,1.0
a4a9a3742c6e5797,0,062b9e5a52eb6d8e,,23948.222058416428,0,0.14418557,0.0,0.0,0.0,0.0,0,0,1.0,0.0,0,0.0,0.0,0.0,0.0,0.0,1,1.0
a4a9db00f3921ca8,4,bb25152d8e0211c1,28c9c64e5918b06e,1.170863568534039,0,0.23524806,0.0,0.0,0.0,0.0,0,0,1.0,0.0,0,0.0,0.0,0.0,0.0,0.0,1,1.0
a4ab7eee9372b351,0,062b9e5a52eb6d8e,,81837.0244171231,0,0.5801673,0.0,0.0,0.0,0.0,0,0,1.0,0.0,0,0.0,0.0,0.0,0.0,0.0,1,1.0
a4b6beec93319b9e,0,6b7e1f5b521de19b,6f9a9c5f2856c8b3,1.170863568534039,0,0.0020641957,0.0,0.0,0.0,0.0,0,0,1.0,0.0,0,0.0,0.0,0.0,0.0,0.0,1,1.0
a4d981ec35ab365c,3,6b7e1f5b521de19b,d4f34f97b6d22a81,4988.8275123836165,9,0.14127162,-5.582550485411159e-16,0.0,0.0,0.0,0,0,1.0,2.0,1,0.0,0.782115466205128,4259.810265563048,4.0,1.5030832496048907,7,0.2222222222222222
a4e715bc804612c7,0,6b7e1f5b521de19b,,25504.58668475133,0,0.26937148,0.0,0.0,0.0,0.0,0,0,1.0,0.0,0,0.0,0.0,0.0,0.0,0.0,1,1.0
a4eacd2178b3a600,2,6b7e1f5b521de19b,,11228808.024036212,0,0.5429902,0.0,-40.0,40.0,0.0,0,1,1.0,0.0,0,0.0,0.0,0.0,0.0,0.0,2,1.0
a4ee1f25e7bf31b2,2,6b7e1f5b521de19b,,2351791.856538048,0,0.18814172,0.0,0.0,0.0,0.0,0,0,1.0,0.0,0,0.0,0.0,0.0,0.0,0.0,1,1.0
a4f312a77c2db0a2,2,6b7e1f5b521de19b,6f9a9c5f2856c8b3,1.170863568534039,0,0.18945074,0.0,0.0,0.0,0.0,0,0,1.0,0.0,0,0.0,0.0,0.0,0.0,0.0,2,1.0
a50fd67d65087d7f,0,6b7e1f5b521de19b,,89664.46366676311,0,0.38437974,0.0,0.0,0.0,0.0,0,0,1.0,0.0,0,0.0,0.0,0.0,0.0,0.0,1,1.0
a52f565b1c1b2f99,2,6b7e1f5b521de19b,6f9a9c5f2856c8b3,2138.898667829176,0,0.69074076,0.0,0.0,0.0,0.0,0,0,1.0,0.0,0,0.0,0.10423331289472906,-0.19184656003192072,0.0,0.0,3,1.0
a536c1e143f975df,3,6b7e1f5b521de19b,,3764.819039818671,0,0.9975247,0.0,0.0,0.0,0.0,0,0,1.0,0.0,0,0.0,0.0,0.0,0.0,0.0,1,1.0
a554b1f30235a62b,2,6b7e1f5b521de19b,,25654.101903090123,0,0.14792484,0.0,0.0,0.0,0.0,0,0,1.0,0.0,0,0.0,0.0,0.0,0.0,0.0,1,1.0
a56939306982959c,0,bd661df59343798b,,1831.056631603866,0,0.99987197,0.0,0.0,0.0,0.0,0,0,1.0,0.0,0,0.0,0.0,0.0,0.0,0.0,1,1.0
a5793d1d8153600b,0,8e05397b18bfb06f,,1.170863568534039,0,0.0022318296,0.0,0.0,0.0,0.0,0,0,1.0,0.0,0,0.0,0.0,0.0,0.0,0.0,2,1.0
a58c30c0fcaa11a8,0,6b7e1f5b521de19b,6f9a9c5f2856c8b3,1.170863568534039,0,0.0021979117,0.0,0.0,0.0,0.0,0,0,1.0,0.0,0,0.0,0.0,0.0,0.0,0.0,1,1.0
a5969922e0ca09ff,4,75c64824a2a4e380,28c9c64e5918b06e,57695.728050301645,289,0.012697069,-4.501963744429653e-17,0.0,0.0,0.0,0,0,1.0,0.0,0,0.0,0.3319151639819636,1.3269825954066723,129.0,1.1996445476824786,4,0.1111111111111111
a5a054b48df56a9c,0,062b9e5a52eb6d8e,,28159.70576103429,0,0.090590484,0.0,0.0,0.0,0.0,0,0,1.0,0.0,0,0.0,0.0,0.0,0.0,0.0,1,1.0
a5b6f935df4efc19,5,6b7e1f5b521de19b,d4f34f97b6d22a81,1.170863568534039,0,0.06910097,0.0,0.0,0.0,0.0,0,0,1.0,0.0,0,0.0,0.0,0.0,0.0,0.0,1,1.0
a5c9ae27f64739ae,3,6b7e1f5b521de19b,,89664.46366676311,0,0.08681177,0.0,0.0,0.0,0.0,0,0,1.0,0.0,0,0.0,0.0,0.0,0.0,0.0,1,1.0
a5cfcad038bdc6b7,2,6b7e1f5b521de19b,d4f34f97b6d22a81,3078.921566782251,0,0.079881854,0.0,0.0,0.0,0.0,0,0,1.0,0.0,0,0.0,0.0,0.0,0.0,0.0,1,1.0
a5d3dbe884621649,5,6b7e1f5b521de19b,,1.170863568534039,0,0.004479513,0.0,0.0,0.0,0.0,0,0,1.0,0.0,0,0.0,0.0,0.0,0.0,0.0,1,1.0
a5da3e150f7fef05,5,6b7e1f5b521de19b,d4f34f97b6d22a81,15505.860272344002,0,0.9968246,0.0,0.0,0.0,0.0,0,0,1.0,0.0,0,0.0,0.6399140790914921,13242.097393283717,0.0,0.0,4,1.0
a5e8e072ce198136,3,6b7e1f5b521de19b,,35845.270270304114,0,0.048696037,0.0,0.0,0.0,0.0,0,0,1.0,0.0,0,0.0,0.0,0.0,0.0,0.0,1,1.0
a5f21b6abd7b1eb1,2,6b7e1f5b521de19b,6f9a9c5f2856c8b3,9548.177348327423,4,0.9427439,2.95,-59.0,59.0,0.0,0,0,4.5479348692842616e-11,2.0,0,0.5,0.4471477886035186,8153.81632952511,4.0,1.9999999975,6,0.16666666666666666
a5f6a48578d95e8b,2,6b7e1f5b521de19b,6f9a9c5f2856c8b3,1.170863568534039,0,0.0064152605,0.0,0.0,0.0,0.0,0,0,1.0,0.0,0,0.0,0.0,0.0,0.0,0.0,1,1.0
a5fa9de4aa25e735,2,6b7e1f5b521de19b,6f9a9c5f2856c8b3,1.170863568534039,0,0.21062772,0.0,0.0,0.0,0.0,0,0,1.0,0.0,0,0.0,0.0,0.0,0.0,0.0,1,1.0
a6039347de416bff,0,6b7e1f5b521de19b,6f9a9c5f2856c8b3,287527.02659574087,7,0.49220532,1.3709677419354829,-3.3333333333333335,10.0,0.0,0,0,0.8838834765068868,0.0,0,0.0,0.1856617555252334,-0.37653785416288743,4.0,1.0202040606374334,5,0.2
a60570e4cd3782d5,2,6b7e1f5b521de19b,6f9a9c5f2856c8b3,415.3892283045608,0,0.08549881,0.0,0.0,0.0,0.0,0,0,1.0,0.0,0,0.0,0.0,0.0,0.0,0.0,2,1.0
a6223eadfc5c3734,2,6b7e1f5b521de19b,6f9a9c5f2856c8b3,143368.30316877936,0,0.5277746,0.0,0.0,0.0,0.0,0,0,1.0,0.0,0,0.0,0.0,0.0,0.0,0.0,1,1.0
a638ddb97549ce2d,3,6b7e1f5b521de19b,,35845.270270304114,0,0.032803353,0.0,0.0,0.0,0.0,0,0,1.0,0.0,0,0.0,0.0,0.0,0.0,0.0,1,1.0
a63a9b1187578ec0,0,6b7e1f5b521de19b,6f9a9c5f2856c8b3,164517.18266340945,601,0.0027027156,0.02983228688265326,0.296234772978959,11.0,39.0,1,0,5.391865355122753e-11,0.0,0,0.0,0.35310728327559715,-0.9276602842396986,68.0,1.2995849825141275,7,0.2727272727272727
a64c60178321cc7d,2,6b7e1f5b521de19b,,362105.8339591197,0,0.0010747362,0.0,90.0,-90.0,90.0,0,-1,1.0,2.0,1,0.0,0.0,0.0,0.0,0.0,2,1.0
a68c6955c781e9f3,2,6b7e1f5b521de19b,6f9a9c5f2856c8b3,1.170863568534039,0,0.21062772,0.0,0.0,0.0,0.0,0,0,1.0,0.0,0,0.0,0.0,0.0,0.0,0.0,1,1.0
a695327bc9875323,5,6b7e1f5b521de19b,d4f34f97b6d22a81,1.170863568534039,0,0.020932155,0.0,0.0,0.0,0.0,0,0,1.0,0.0,0,0.0,0.0,0.0,0.0,0.0,1,1.0
a69c287c8e222b8d,6,6b7e1f5b521de19b,,2085239.8243794779,0,0.3607886,0.0,0.0,0.0,0.0,0,0,1.0,0.0,0,0.0,0.0,0.0,0.0,0.0,1,1.0
a69ce1e1cb949b33,0,6b7e1f5b521de19b,6f9a9c5f2856c8b3,1.170863568534039,0,0.0127401855,0.0,0.0,0.0,0.0,0,0,1.0,0.0,0,0.0,0.0,0.0,0.0,0.0,1,1.0
a69f5c4700fd0971,5,6b7e1f5b521de19b,6f9a9c5f2856c8b3,2010905.885711957,1115,0.0011845079,0.017827616436619856,0.09994353472614342,20.0,10.0,1,0,7.825080449962678e-11,0.0,0,0.0,0.6400038537921975,2.9453633385550897,250.0,0.9994730055705651,3,0.15384615384615385
a6ab0b9457fa6a8a,5,6b7e1f5b521de19b,6f9a9c5f2856c8b3,267.88962019042316,0,0.6111544,0.0,0.0,0.0,0.0,0,0,1.0,0.0,0,0.0,0.0,0.0,0.0,0.0,1,1.0
a6b77002463dd043,0,6b7e1f5b521de19b,6f9a9c5f2856c8b3,89149.40811474808,5,0.032588672,-2.9829083735699984e-16,0.0,0.0,0.0,0,0,1.0,0.0,0,0.0,0.009914803803952207,0.019155545153060876,5.0,1.9999999979999998,6,0.16666666666666666
a6ba89ead97f567a,5,cca8e68b78e095c5,,65064.44409714713,0,0.0059868074,0.0,0.0,0.0,0.0,0,0,1.0,0.0,0,0.0,0.0,0.0,0.0,0.0,1,1.0
a6d1677227d90510,1,75c64824a2a4e380,,49350.19023541798,149,9.577992e-05,-7.64286381748679e-18,0.0,0.0,0.0,0,0,1.0,0.0,0,0.0,0.0,0.0,104.0,0.395973154357101,1,0.3333333333333333
a6d90dd4045e96f3,0,6b7e1f5b521de19b,,57435.394337375124,0,0.17437714,0.0,0.0,0.0,0.0,0,0,1.0,0.0,0,0.0,0.0,0.0,0.0,0.0,1,1.0
a6eb51748275f76e,2,6b7e1f5b521de19b,6f9a9c5f2856c8b3,1.170863568534039,0,0.5804575,0.0,0.0,0.0,0.0,0,0,1.0,0.0,0,0.0,0.0,0.0,0.0,0.0,1,1.0
a6f46e15dc7cc618,2,6b7e1f5b521de19b,6f9a9c5f2856c8b3,4386.532748246311,75,0.030133719,-4.330585371183772e-17,0.0,0.0,0.0,0,0,1.0,0.0,0,0.0,0.0,0.0,75.0,0.0,2,1.0
a6fe419b342257d4,2,6b7e1f5b521de19b,,26280.95777724916,0,0.07953811,0.0,0.0,0.0,0.0,0,0,1.0,0.0,0,0.0,0.0,0.0,0.0,0.0,1,1.0
a6fe93e8e745ea6d,3,6b7e1f5b521de19b,,89664.46366676311,299,0.00025248408,-0.046711757244042675,0.0,0.0,20.0,1,0,1.032795558881978e-10,0.0,0,0.0,0.21460881567387183,1.5014308161332324,92.0,0.7291123314468196,1,0.25
a7145179206ef50b,3,6b7e1f5b521de19b,6f9a9c5f2856c8b3,2779.5130037266204,0,0.2698391,0.0,0.0,0.0,0.0,0,0,1.0,0.0,0,0.0,0.0,0.0,0.0,0.0,1,1.0
a719f1426055ae77,2,6b7e1f5b521de19b,6f9a9c5f2856c8b3,98.49392076768089,0,0.04535805,0.0,0.0,0.0,0.0,0,0,1.0,0.0,0,0.0,0.0,0.0,0.0,0.0,4,1.0
a71ce3b23c285232,3,6b7e1f5b521de19b,,11675.99327727772,0,0.6548543,0.0,0.0,0.0,0.0,0,0,1.0,0.0,0,0.0,0.0,0.0,0.0,0.0,1,1.0
a7251466d8314944,2,6b7e1f5b521de19b,,65802.6605360047,0,0.6116955,0.0,0.0,0.0,0.0,0,0,1.0,0.0,0,0.0,0.0,0.0,0.0,0.0,1,1.0
a73f3a0961f176e8,1,6b7e1f5b521de19b,,455.88909732439987,0,0.9960897,0.0,0.0,0.0,0.0,0,0,1.0,0.0,0,0.0,0.0,0.0,0.0,0.0,1,1.0
a741e3ae68021600,2,6b7e1f5b521de19b,6f9a9c5f2856c8b3,1.170863568534039,0,0.014892316,0.0,0.0,0.0,0.0,0,0,1.0,0.0,0,0.0,0.0,0.0,0.0,0.0,1,1.0
a7449f33d63aebf3,0,674ec33189ed753c,,3163431.287434749,0,0.002480648,0.0,0.0,0.0,0.0,0,0,1.0,0.0,0,0.0,0.0,0.0,0.0,0.0,1,1.0
a74e75f15b9089dd,3,6b7e1f5b521de19b,,38810.176158293565,0,0.48859498,0.0,0.0,0.0,0.0,0,0,1.0,0.0,0,0.0,0.0,0.0,0.0,0.0,1,1.0
a755d21666c54b2a,0,6b7e1f5b521de19b,6f9a9c5f2856c8b3,1.170863568534039,0,0.016639795,0.0,0.0,0.0,0.0,0,0,1.0,0.0,0,0.0,0.0,0.0,0.0,0.0,1,1.0
a765f34f7009838b,6,6b7e1f5b521de19b,,11068.385975830257,0,0.9958165,0.0,0.0,0.0,0.0,0,0,1.0,0.0,0,0.0,0.0,0.0,0.0,0.0,1,1.0
a77b0b781666f23a,3,6b7e1f5b521de19b,,5186.502594949308,0,0.00018013944,0.0,0.0,0.0,0.0,0,0,1.0,0.0,0,0.0,0.0,0.0,0.0,0.0,1,1.0
a77e8e62c83ae6b7,2,6b7e1f5b521de19b,,1.170863568534039,0,0.010675279,0.0,0.0,0.0,0.0,0,0,1.0,0.0,0,0.0,0.0,0.0,0.0,0.0,1,1.0
a78875a573fda0f3,6,6b7e1f5b521de19b,,2.4198904513070483,294,0.0041015865,9.548389011394476e-18,0.0,0.0,0.0,0,0,1.0,0.0,0,0.0,0.0,0.0,198.0,0.97014925372169,2,0.3333333333333333
a78b77a42b878f43,5,6b7e1f5b521de19b,d4f34f97b6d22a81,77326.98999800553,0,0.040674873,0.0,0.0,0.0,0.0,0,0,1.0,0.0,0,0.0,0.7070907210896429,66041.69880462807,0.0,0.0,3,1.0
a790a4967a1d9c29,2,6b7e1f5b521de19b,6f9a9c5f2856c8b3,30405.58043486053,0,0.8258884,0.0,0.0,0.0,0.0,0,0,1.0,0.0,0,0.0,0.0,0.0,0.0,0.0,1,1.0
a7a0c562e0c577db,0,6b7e1f5b521de19b,6f9a9c5f2856c8b3,657.510382832064,0,0.054884337,0.0,0.0,0.0,0.0,0,0,1.0,0.0,0,0.0,0.4571315604920517,560.5602026590419,0.0,0.0,6,1.0
a7d861785ac59335,2,6b7e1f5b521de19b,6f9a9c5f2856c8b3,1.170863568534039,0,0.014463028,0.0,0.0,0.0,0.0,0,0,1.0,0.0,0,0.0,0.0,0.0,0.0,0.0,1,1.0
a7e2a2204f428fcf,2,6b7e1f5b521de19b,6f9a9c5f2856c8b3,8017227.2391579645,325,0.03557336,0.06499636473768992,0.5263157894736842,35.0,0.0,0,1,1.169481154267481,0.0,0,0.0,0.16808541740603264,0.3837697782210934,153.0,1.4740516959161072,3,0.45454545454545453
a7e80910139e4d23,3,6b7e1f5b521de19b,,5904.2113289495155,0,0.535688,0.0,0.0,0.0,0.0,0,0,1.0,0.0,0,0.0,0.0,0.0,0.0,0.0,2,1.0
a7f22aecd017fcde,5,6b7e1f5b521de19b,6f9a9c5f2856c8b3,691256.5125728599,0,0.0021508716,0.0,0.0,0.0,0.0,0,0,1.0,0.0,0,0.0,0.0,0.0,0.0,0.0,1,1.0
a7f42fa942b8a6ec,5,6b7e1f5b521de19b,d4f34f97b6d22a81,2299.6300822016,0,0.71230936,0.0,0.0,0.0,0.0,0,0,1.0,0.0,0,0.0,0.4974924861183102,-0.6194912693639651,0.0,0.0,3,1.0
a7f69a25aad5c248,2,6b7e1f5b521de19b,,25654.101903090123,0,0.27576163,0.0,0.0,0.0,0.0,0,0,1.0,0.0,0,0.0,0.0,0.0,0.0,0.0,1,1.0
a80255a4f83be52d,0,cca8e68b78e095c5,,183127.89167286997,373,0.0031901957,0.11351191634754512,0.22058823529411764,30.0,0.0,0,0,6.76123403737099e-11,0.0,0,0.0,1.5892625744156494e-16,0.0,81.0,0.5535008214555887,2,0.3333333333333333
a8035cc3dfb04936,5,6b7e1f5b521de19b,,1.170863568534039,0,0.44918823,0.0,0.0,0.0,0.0,0,0,1.0,0.0,0,0.0,0.0,0.0,0.0,0.0,1,1.0
a805bd563887cd2c,2,6b7e1f5b521de19b,6f9a9c5f2856c8b3,2891.0716510564557,0,0.07703707,0.0,0.0,0.0,0.0,0,0,1.0,0.0,0,0.0,0.0,0.0,0.0,0.0,1,1.0
a809511c7fbbb418,1,6b7e1f5b521de19b,6f9a9c5f2856c8b3,1169861.675513895,0,0.023740863,0.0,0.0,0.0,0.0,0,0,1.0,0.0,0,0.0,0.0,0.0,0.0,0.0,1,1.0
a809ffd151701dab,2,6b7e1f5b521de19b,,1127168.0189211743,0,0.39145738,0.0,0.0,0.0,0.0,0,0,1.0,0.0,0,0.0,0.24509056107811283,0.6493244048667234,0.0,0.0,2,1.0
a82679058d2363ba,5,6b7e1f5b521de19b,d4f34f97b6d22a81,81530.40153826769,0,0.4433802,0.0,0.0,0.0,0.0,0,0,1.0,0.0,0,0.0,0.5004009004171185,69631.70848058457,0.0,0.0,5,1.0
a834f1f54a68abf7,2,6b7e1f5b521de19b,6f9a9c5f2856c8b3,1.170863568534039,0,0.017997634,0.0,0.0,0.0,0.0,0,0,1.0,0.0,0,0.0,0.0,0.0,0.0,0.0,1,1.0
a838546ee52bd1a3,2,6b7e1f5b521de19b,6f9a9c5f2856c8b3,1.170863568534039,0,0.04091672,0.0,0.0,0.0,0.0,0,0,1.0,0.0,0,0.0,0.0,0.0,0.0,0.0,1,1.0
a841b5338ca51c70,3,6b7e1f5b521de19b,d4f34f97b6d22a81,35845.270270304114,0,0.06871463,0.0,0.0,0.0,0.0,0,0,1.0,0.0,0,0.0,0.0,0.0,0.0,0.0,1,1.0
a849c4a4e829bd4d,4,ddbd249e57ed6b40,28c9c64e5918b06e,1.170863568534039,0,0.038311422,0.0,0.0,0.0,0.0,0,0,1.0,0.0,0,0.0,0.0,0.0,0.0,0.0,1,1.0
a852022ab66d9e25,3,6b7e1f5b521de19b,,2472.949006922998,0,0.11749226,0.0,0.0,0.0,0.0,0,0,1.0,0.0,0,0.0,0.0,0.0,0.0,0.0,1,1.0
a8721683ae188b95,4,062b9e5a52eb6d8e,d4f34f97b6d22a81,1.170863568534039,0,0.016786639,0.0,0.0,0.0,0.0,0,0,1.0,0.0,0,0.0,0.0,0.0,0.0,0.0,1,1.0
a8738966fef28d84,0,6b7e1f5b521de19b,6f9a9c5f2856c8b3,2115423.4833957977,0,0.078079365,0.0,0.0,0.0,0.0,0,0,1.0,0.0,0,0.0,0.0,0.0,0.0,0.0,1,1.0
a875f3a57d088cee,3,6b7e1f5b521de19b,d4f34f97b6d22a81,56997.7062892197,62,0.96962667,0.7230750922289659,7.976190476190477,70.0,0.0,0,1,0.8113124232470772,2.0,0,0.03225806451612903,0.37795559959885655,48679.057882903275,23.0,0.9997398203588511,4,0.5
a88a641e5187c10c,3,6b7e1f5b521de19b,d4f34f97b6d22a81,20237.134546046487,0,0.066181414,0.0,30.0,30.0,0.0,0,1,1.0206207261582545,2.0,1,0.0,0.5110317508521748,17282.939042858827,0.0,0.0,5,1.0
a8aaef3c2271fa14,3,6b7e1f5b521de19b,,2.4198904513070483,0,0.36445653,0.0,0.0,0.0,0.0,0,0,1.0,0.0,0,0.0,0.0,0.0,0.0,0.0,1,1.0
a8acb38f6b11938d,0,cca8e68b78e095c5,,1845240.0868962975,295,0.0005723073,-1.1240958132455728e-17,0.0,0.0,0.0,0,0,1.0,0.0,0,0.0,0.12155070465465435,-0.21538971156546963,108.0,0.7921258565206406,2,0.14285714285714285
a8bf23780e369b93,2,6b7e1f5b521de19b,6f9a9c5f2856c8b3,98.49392076768089,29,0.0030635684,1.0468153310042605e-16,0.0,0.0,0.0,0,0,1.0,0.0,0,0.0,0.0,0.0,29.0,1.4142135622267973,3,0.25
a8bf54fcb3eecc0e,3,6b7e1f5b521de19b,,6021.868406276865,13,0.01022462,-1.6494249128054962e-16,0.0,0.0,0.0,0,0,1.0,0.0,0,0.0,0.0,0.0,13.0,0.0,2,1.0
a8ce255588f35084,2,6b7e1f5b521de19b,6f9a9c5f2856c8b3,21788.323545324107,0,0.051186804,0.0,20.0,-20.0,20.0,0,-1,1.0,0.0,0,0.0,0.943420216848902,33.34831504500331,0.0,0.0,2,1.0
a8d1d406e290f2c0,0,6b7e1f5b521de19b,6f9a9c5f2856c8b3,1.170863568534039,0,0.7857227,0.0,0.0,0.0,0.0,0,0,1.0,0.0,0,0.0,0.0,0.0,0.0,0.0,1,1.0
a8dac3648e7125b8,3,6b7e1f5b521de19b,d4f34f97b6d22a81,1.170863568534039,13,0.011327662,-9.358898812470153e-17,0.0,0.0,0.0,0,0,1.0,0.0,0,0.0,0.7856457909968829,-0.9998360379386397,13.0,0.9999999998461538,2,0.3333333333333333
a92c3a29bdb9e536,3,6b7e1f5b521de19b,,25102.753943361105,65,0.0008344857,-8.034021542617964e-17,0.0,0.0,0.0,0,0,1.0,0.0,0,0.0,0.0,0.0,65.0,0.9999999999692308,2,0.6666666666666666
a92f5e18412a860c,2,6b7e1f5b521de19b,,2072.565785667712,0,0.063624166,0.0,0.0,0.0,0.0,0,0,1.0,0.0,0,0.0,0.0,0.0,0.0,0.0,1,1.0
a933634b89ae1dae,0,6b7e1f5b521de19b,6f9a9c5f2856c8b3,1.170863568534039,0,0.09097201,0.0,0.0,0.0,0.0,0,0,1.0,0.0,0,0.0,0.0,0.0,0.0,0.0,1,1.0
a936617fb6293792,3,6b7e1f5b521de19b,,10065.192201816126,0,0.0039034218,0.0,0.0,0.0,0.0,0,0,1.0,0.0,0,0.0,0.0,0.0,0.0,0.0,1,1.0
a9593f32697c66da,2,6b7e1f5b521de19b,6f9a9c5f2856c8b3,1.170863568534039,0,0.59256774,0.0,0.0,0.0,0.0,0,0,1.0,0.0,0,0.0,0.0,0.0,0.0,0.0,1,1.0
a963d7655056c081,4,b4d1bda83fb7745f,28c9c64e5918b06e,19051.20639446922,0,0.04653676,0.0,0.0,0.0,0.0,0,0,1.0,0.0,0,0.0,0.0,0.0,0.0,0.0,2,1.0
a987c42c77af6070,5,6b7e1f5b521de19b,d4f34f97b6d22a81,22069.11353911061,27,0.28971806,0.45714285714285763,-50.0,50.0,0.0,0,0,5.366563145711496e-11,0.0,0,0.0,0.004995677092401643,-0.009941688718214364,22.0,1.5783167221271648,5,0.16666666666666666
a98b719fff7cf356,2,6b7e1f5b521de19b,6f9a9c5f2856c8b3,455.427302732939,62,0.007920769,2.409897678652205e-17,0.0,0.0,0.0,0,0,1.0,0.0,0,0.0,0.5753728746908625,387.9670111635205,41.0,0.8099922276698209,2,0.25
a98dedfe80ca94f2,2,255414ab73601d72,6f9a9c5f2856c8b3,535.904639009396,0,0.07308547,0.0,0.0,0.0,0.0,0,0,1.0,0.0,0,0.0,0.0,0.0,0.0,0.0,1,1.0
a9940e7c036df990,3,6b7e1f5b521de19b,d4f34f97b6d22a81,329.42039625484887,0,0.05387387,0.0,0.0,0.0,0.0,0,0,1.0,0.0,0,0.0,0.0,0.0,0.0,0.0,1,1.0
a9b5fc69f0e935c9,2,6b7e1f5b521de19b,6f9a9c5f2856c8b3,1.170863568534039,0,0.21062772,0.0,0.0,0.0,0.0,0,0,1.0,0.0,0,0.0,0.0,0.0,0.0,0.0,1,1.0
a9c051ee5770af18,4,bb25152d8e0211c1,28c9c64e5918b06e,552567.6302369679,171,0.00097164465,-3.648205635263545e-18,0.0,0.0,0.0,0,0,1.0,0.0,0,0.0,0.28812779137203515,1.6998913710644563,98.0,0.965797927750142,3,0.2
a9f4af9a85e9e985,5,6b7e1f5b521de19b,6f9a9c5f2856c8b3,2595975.9854985704,866,0.001736645,0.024427266642810187,0.1176678445229682,20.0,10.0,1,0,7.76580274655013e-11,0.0,0,0.0,0.37950151029716767,1.757414416533116,195.0,0.9200110452055579,4,0.21428571428571427
a9fb86c1d81c1482,2,6b7e1f5b521de19b,6f9a9c5f2856c8b3,1.170863568534039,99,0.000958348,6.967187492421176e-19,0.0,0.0,0.0,0,0,1.0,0.0,0,0.0,0.0,0.0,71.0,0.8848623217136216,2,0.25
a9fee3ba8eb71ed7,3,6b7e1f5b521de19b,,66143.00324202419,0,0.029370248,0.0,0.0,0.0,0.0,0,0,1.0,0.0,0,0.0,0.0,0.0,0.0,0.0,1,1.0
aa0e61e54ae0547a,4,6828ce51082c111b,28c9c64e5918b06e,1.170863568534039,0,0.991383,0.0,0.0,0.0,0.0,0,0,1.0,0.0,0,0.0,0.0,0.0,0.0,0.0,1,1.0
aa8d04a8770dee92,3,6b7e1f5b521de19b,,147782.212188992,0,0.0007990889,0.0,0.0,0.0,0.0,0,0,1.0,0.0,0,0.0,0.0,0.0,0.0,0.0,1,1.0
aa911793d23809f3,0,062b9e5a52eb6d8e,,177808.6874943321,0,0.32426554,0.0,0.0,0.0,0.0,0,0,1.0,0.0,0,0.0,0.0,0.0,0.0,0.0,1,1.0
aa97ad884e907604,1,6b7e1f5b521de19b,,9505.078210184982,117,9.677503e-05,-9.163471737808312e-18,0.0,0.0,0.0,0,0,1.0,0.0,0,0.0,0.0,0.0,117.0,0.0,2,1.0
aaa1b7b1e394c050,3,6b7e1f5b521de19b,,2.4198904513070483,945,0.0004807473,-2.87065967799528e-18,0.0,0.0,0.0,0,0,1.0,2.0,1,0.0,0.8817387710724534,-0.9998862467107335,246.0,1.3930203102928638,4,0.4375
aab1d87546736067,5,6b7e1f5b521de19b,d4f34f97b6d22a81,1.170863568534039,0,0.008450768,0.0,0.0,0.0,0.0,0,0,1.0,0.0,0,0.0,0.0,0.0,0.0,0.0,1,1.0
aab8b9bb188b339d,4,6b7e1f5b521de19b,28c9c64e5918b06e,1.170863568534039,0,0.019128863,0.0,0.0,0.0,0.0,0,0,1.0,0.0,0,0.0,0.0,0.0,0.0,0.0,1,1.0
aabcb56c7e3fcfed,3,6b7e1f5b521de19b,,2.4198904513070483,128,0.0045316014,3.380634971972524e-17,0.0,0.0,0.0,0,0,1.0,0.0,0,0.0,1.835162453022127e-16,0.0,64.0,1.1055722676365431,3,0.5
aabd793783544dd7,5,6b7e1f5b521de19b,6f9a9c5f2856c8b3,404867.15132071875,0,0.46681428,0.0,0.0,0.0,0.0,0,0,1.0,0.0,0,0.0,0.0,0.0,0.0,0.0,1,1.0
aabe348af0149bb1,5,6b7e1f5b521de19b,6f9a9c5f2856c8b3,1.170863568534039,0,0.009958073,0.0,0.0,0.0,0.0,0,0,1.0,0.0,0,0.0,0.0,0.0,0.0,0.0,1,1.0
aac37ec148748457,2,6b7e1f5b521de19b,6f9a9c5f2856c8b3,1.170863568534039,0,0.9030054,0.0,0.0,0.0,0.0,0,0,1.0,0.0,0,0.0,0.0,0.0,0.0,0.0,1,1.0
aae7e2a8fed964d2,3,6b7e1f5b521de19b,,2.4198904513070483,140,0.2710748,0.7285974499089248,1.6216216216216217,60.0,0.0,0,1,1.0,0.0,0,0.0,0.5772760632803374,-0.9999036005986927,39.0,0.576954145437788,2,0.25
aafc0d688cbf2e16,0,6b7e1f5b521de19b,,66690.28705850749,0,0.01611861,0.0,0.0,0.0,0.0,0,0,1.0,0.0,0,0.0,0.0,0.0,0.0,0.0,1,1.0
ab000fe886c3fd5b,5,6b7e1f5b521de19b,6f9a9c5f2856c8b3,75359.49003126849,448,0.008981061,9.968094573814955e-17,0.0,0.0,0.0,0,0,1.0,0.0,0,0.0,0.3479770987839112,-0.4980761137729538,98.0,0.697443742688362,2,0.2
ab114aa900460b9e,3,6b7e1f5b521de19b,,11264.189824104717,0,0.00282348,0.0,0.0,0.0,0.0,0,0,1.0,0.0,0,0.0,0.0,0.0,0.0,0.0,1,1.0
ab1b0f37aec58751,2,6b7e1f5b521de19b,,368869.1381210446,0,0.0011672504,0.0,0.0,0.0,0.0,0,0,1.0,0.0,0,0.0,0.0,0.0,0.0,0.0,1,1.0
ab1bafb9bd6eb159,2,6b7e1f5b521de19b,6f9a9c5f2856c8b3,2228.3222187816295,0,0.7694695,0.0,0.0,0.0,0.0,0,0,1.0,0.0,0,0.0,0.0,0.0,0.0,0.0,1,1.0
ab1cea7388e0b2f8,2,6b7e1f5b521de19b,6f9a9c5f2856c8b3,1.170863568534039,265,0.11651417,2.830457031966478e-17,0.0,0.0,0.0,0,0,1.0,0.0,0,0.0,2.2797638502063697,0.0,48.0,1.4644621336742072,7,0.17857142857142858
ab249ffb04ab107f,0,6b7e1f5b521de19b,6f9a9c5f2856c8b3,71757.44262670026,300,0.0126052005,0.022451314275541208,-0.04,10.0,0.0,0,0,2.8577380324303744e-10,0.0,0,0.0,0.6327958711307637,61284.912855366245,161.0,1.0595596569432795,2,0.5714285714285714
ab4a7676982df98b,3,6b7e1f5b521de19b,d4f34f97b6d22a81,3824.37765643509,13,0.62314135,1.3483146067415737,2.2222222222222223,20.0,0.0,0,1,1.24999999996875,0.0,0,0.0,0.5031564789837343,0.3223231068990732,5.0,1.3099527964720632,7,0.2
ab5009eef33dd1d9,5,062b9e5a52eb6d8e,28c9c64e5918b06e,26365.415373079573,0,0.029264463,0.0,0.0,0.0,0.0,0,0,1.0,0.0,0,0.0,0.999911185804713,22516.922738077817,0.0,0.0,2,1.0
ab5cf950369d0031,2,6b7e1f5b521de19b,,29324.531411075328,0,0.0027437273,0.0,0.0,0.0,0.0,0,0,1.0,0.0,0,0.0,0.0,0.0,0.0,0.0,1,1.0
ab6e70a5f561556b,4,b6bf95545ecbafbf,28c9c64e5918b06e,1.170863568534039,0,0.65667707,0.0,0.0,0.0,0.0,0,0,1.0,0.0,0,0.0,0.0,0.0,0.0,0.0,1,1.0
ab785069ac433f58,3,6b7e1f5b521de19b,,2.4198904513070483,0,0.00089428714,0.0,0.0,0.0,0.0,0,0,1.0,0.0,0,0.0,0.0,0.0,0.0,0.0,1,1.0
ab8d4db78a5fa595,2,6b7e1f5b521de19b,,39490.870516360235,0,0.006214392,0.0,0.0,0.0,0.0,0,0,1.0,0.0,0,0.0,0.0,0.0,0.0,0.0,1,1.0
ab903e050c8cd721,0,6b7e1f5b521de19b,6f9a9c5f2856c8b3,17912.185317024476,0,0.37573084,0.0,0.0,0.0,0.0,0,0,1.0,0.0,0,0.0,0.6558675425484453,-0.7921739217607309,0.0,0.0,2,1.0
abb5a5b983a8c228,2,6b7e1f5b521de19b,6f9a9c5f2856c8b3,1.170863568534039,0,0.51957,0.0,0.0,0.0,0.0,0,0,1.0,0.0,0,0.0,0.0,0.0,0.0,0.0,1,1.0
abb66ccc23cac4fb,2,6b7e1f5b521de19b,,1.170863568534039,363,0.0001290604,5.420626118818722e-19,0.0,0.0,0.0,0,0,1.0,0.0,0,0.0,0.0,0.0,272.0,0.49862258952893324,1,0.3333333333333333
abbf581ae3a35d58,3,6b7e1f5b521de19b,,48968.33625761659,125,0.0002556903,-0.20671293526385057,-0.2898550724637681,-20.0,20.0,0,0,1.0062305897736553e-10,0.0,0,0.0,0.2289505027333261,0.9507157010781754,48.0,1.1510829682652772,3,0.1111111111111111
abd746e9d870b872,2,6b7e1f5b521de19b,,706328.9931240142,0,0.023625458,0.0,0.0,0.0,0.0,0,0,1.0,0.0,0,0.0,0.0,0.0,0.0,0.0,1,1.0
abda23e00a940fef,3,6b7e1f5b521de19b,,25102.753943361105,0,0.00031323874,0.0,0.0,0.0,0.0,0,0,1.0,0.0,0,0.0,0.0,0.0,0.0,0.0,1,1.0
abeca0814743aad1,3,6b7e1f5b521de19b,,2.4198904513070483,0,0.0016860217,0.0,0.0,0.0,0.0,0,0,1.0,0.0,0,0.0,0.0,0.0,0.0,0.0,1,1.0
abf4751796e17ce6,5,6b7e1f5b521de19b,6f9a9c5f2856c8b3,98.49392076768089,20,0.0016194662,-1.0721261933235725e-16,0.0,0.0,0.0,0,0,1.0,0.0,0,0.0,0.0,0.0,20.0,0.0,2,1.0
ac2345385430932b,2,6b7e1f5b521de19b,6f9a9c5f2856c8b3,2992.903552012065,249,0.0006174128,4.4351020934287584e-18,0.0,0.0,0.0,0,0,1.0,0.0,0,0.0,1.519418661455346e-16,0.0,139.0,1.2813259148178422,3,0.2857142857142857
ac2f0a7a0b3f7d28,3,6b7e1f5b521de19b,,35845.270270304114,0,0.0763436,0.0,0.0,0.0,0.0,0,0,1.0,0.0,0,0.0,0.0,0.0,0.0,0.0,1,1.0
ac3dfb383ad1e3e5,0,6b7e1f5b521de19b,6f9a9c5f2856c8b3,1.170863568534039,0,0.06606272,0.0,0.0,0.0,0.0,0,0,1.0,0.0,0,0.0,0.0,0.0,0.0,0.0,1,1.0
ac491e6f9dec0a82,2,6b7e1f5b521de19b,6f9a9c5f2856c8b3,6543.358816175064,0,0.35691825,0.0,0.0,0.0,0.0,0,0,1.0,0.0,0,0.0,0.0,0.0,0.0,0.0,1,1.0
ac74f96831339f90,0,6b7e1f5b521de19b,6f9a9c5f2856c8b3,1.170863568534039,0,0.016639795,0.0,0.0,0.0,0.0,0,0,1.0,0.0,0,0.0,0.0,0.0,0.0,0.0,1,1.0
ac7982ba61c1bbf6,3,6b7e1f5b521de19b,,19623.72126185764,0,0.08237565,0.0,0.0,0.0,0.0,0,0,1.0,0.0,0,0.0,0.0,0.0,0.0,0.0,1,1.0
ac7c0c7b01fd5670,5,6b7e1f5b521de19b,6f9a9c5f2856c8b3,98.49392076768089,0,0.019594798,0.0,0.0,0.0,0.0,0,0,1.0,0.0,0,0.0,0.0,0.0,0.0,0.0,1,1.0
ac81b703df3efc3f,2,6b7e1f5b521de19b,6f9a9c5f2856c8b3,756.4405338587354,0,0.9983454,0.0,0.0,0.0,0.0,0,0,1.0,0.0,0,0.0,0.0,0.0,0.0,0.0,1,1.0
ac8e2593b172e63d,2,6b7e1f5b521de19b,6f9a9c5f2856c8b3,1.170863568534039,0,0.061524913,0.0,0.0,0.0,0.0,0,0,1.0,0.0,0,0.0,0.0,0.0,0.0,0.0,1,1.0
ac9608e549dda923,3,6b7e1f5b521de19b,,21273.147061594493,895,0.0015269542,-0.008944436501517283,0.08961201501877347,-6.666666666666668,20.0,1,1,1.0606601717733872,0.0,0,0.0,0.48492771503790005,-0.8859685994311024,316.0,1.5751955148456003,4,0.05555555555555555
acb9a70bac3383de,3,6b7e1f5b521de19b,d4f34f97b6d22a81,9648.963805727817,0,0.00082090386,0.0,0.0,0.0,0.0,0,0,1.0,0.0,0,0.0,0.0,0.0,0.0,0.0,1,1.0
acc2a6549ef16e57,3,6b7e1f5b521de19b,,11485.134609700683,16,0.96646154,-6.835481347047678e-16,0.0,0.0,0.0,0,0,1.0,0.0,0,0.0,0.0,0.0,16.0,0.0,2,1.0
acd066c84ff3bcfc,0,6b7e1f5b521de19b,6f9a9c5f2856c8b3,1.170863568534039,0,0.1208848,0.0,0.0,0.0,0.0,0,0,1.0,0.0,0,0.0,0.0,0.0,0.0,0.0,1,1.0
acd19428a6e48725,2,6b7e1f5b521de19b,,425133.94597307645,300,0.006085016,-4.05370306849746e-17,0.0,0.0,0.0,0,0,1.0,0.0,0,0.0,0.21668093340691122,-0.3779243372236579,162.0,0.988331928035289,3,0.2
acee511b598a89a2,5,6b7e1f5b521de19b,6f9a9c5f2856c8b3,512.3129655610909,0,0.086138695,0.0,0.0,0.0,0.0,0,0,1.0,0.0,0,0.0,0.0,0.0,0.0,0.0,1,1.0
aceeec1aac84ee04,3,6b7e1f5b521de19b,,9648.963805727817,0,0.00027408727,0.0,0.0,0.0,0.0,0,0,1.0,0.0,0,0.0,0.0,0.0,0.0,0.0,1,1.0
acf40494201160d5,3,6b7e1f5b521de19b,d4f34f97b6d22a81,2.4198904513070483,0,0.011614439,0.0,0.0,0.0,0.0,0,0,1.0,0.0,0,0.0,0.0,0.0,0.0,0.0,1,1.0
acf6a5d79d51eb51,3,6b7e1f5b521de19b,,2.4198904513070483,0,0.0016766238,0.0,0.0,0.0,0.0,0,0,1.0,0.0,0,0.0,0.0,0.0,0.0,0.0,1,1.0
acf9f5e9192e9a85,1,6b7e1f5b521de19b,6f9a9c5f2856c8b3,1967.2343651870071,556,0.0030258924,-0.03806842335283319,0.09389671361502347,-40.0,50.0,1,0,6.207659127428753e-11,0.0,0,0.0,0.316039169158096,1679.1567817589982,333.0,1.6826921356121496,2,0.5454545454545454
acfa5f61e4c8e5cf,0,6b7e1f5b521de19b,6f9a9c5f2856c8b3,7356.749947688528,0,0.17601074,0.0,0.0,0.0,0.0,0,0,1.0,0.0,0,0.0,1.4135385397427664,6282.182896278368,0.0,0.0,3,1.0
ad0840470aa4311d,2,6b7e1f5b521de19b,6f9a9c5f2856c8b3,1.170863568534039,0,0.3885993,0.0,0.0,0.0,0.0,0,0,1.0,0.0,0,0.0,0.0,0.0,0.0,0.0,1,1.0
ad0f41522fb0f7a9,2,6b7e1f5b521de19b,6f9a9c5f2856c8b3,98.49392076768089,30,0.00077530934,-7.147507955490484e-17,0.0,0.0,0.0,0,0,1.0,0.0,0,0.0,0.0,0.0,30.0,0.0,2,1.0
ad274d55aed40a73,2,6b7e1f5b521de19b,6f9a9c5f2856c8b3,98.49392076768089,0,0.013103476,0.0,0.0,0.0,0.0,0,0,1.0,0.0,0,0.0,0.0,0.0,0.0,0.0,1,1.0
ad277698701e4976,3,6b7e1f5b521de19b,d4f34f97b6d22a81,98327.581364427,5,0.5605686,3.9999999999999987,4.0,20.0,0.0,0,1,1.0,0.0,0,0.0,0.0,0.0,5.0,0.9999999996,3,0.3333333333333333
ad27a5dcec3c8959,2,6b7e1f5b521de19b,6f9a9c5f2856c8b3,98.49392076768089,76,0.0006074217,-2.82138471927256e-17,0.0,0.0,0.0,0,0,1.0,0.0,0,0.0,0.0,0.0,76.0,0.0,2,1.0
ad33aa0ab473d424,5,6b7e1f5b521de19b,6f9a9c5f2856c8b3,1.170863568534039,0,0.5816344,0.0,0.0,0.0,0.0,0,0,1.0,0.0,0,0.0,0.0,0.0,0.0,0.0,1,1.0
ad3a94c39ee5f6a3,0,6b7e1f5b521de19b,6f9a9c5f2856c8b3,1.170863568534039,0,0.26179186,0.0,0.0,0.0,0.0,0,0,1.0,0.0,0,0.0,0.0,0.0,0.0,0.0,1,1.0
ad4baa27c10da4fa,6,6b7e1f5b521de19b,,5424449.002805787,370,0.000108128304,-1.1972283957239415e-18,0.0,0.0,0.0,0,0,1.0,0.0,0,0.0,0.0,0.0,153.0,0.6227486844817539,2,0.4
ad53237c52a09bf7,3,6b7e1f5b521de19b,d4f34f97b6d22a81,146852.78021332907,0,0.00023036919,0.0,0.0,0.0,0.0,0,0,1.0,0.0,0,0.0,0.0,0.0,0.0,0.0,3,1.0
ad5ea3d98c992f0c,3,6b7e1f5b521de19b,,35845.270270304114,0,0.03323935,0.0,0.0,0.0,0.0,0,0,1.0,0.0,0,0.0,0.0,0.0,0.0,0.0,1,1.0
ad6a25348ce8dce2,5,6b7e1f5b521de19b,6f9a9c5f2856c8b3,12451041.371737773,25,0.054136492,0.037712895377128956,-9.0,4.5,0.0,0,0,4.169751942408615e-10,2.0,2,-0.04,0.6485811272444102,8.246738469679666,22.0,2.909570413630339,12,0.07692307692307693
ad71195514d40882,2,6b7e1f5b521de19b,6f9a9c5f2856c8b3,98.49392076768089,20,0.0009352766,-1.0721261933235725e-16,0.0,0.0,0.0,0,0,1.0,0.0,0,0.0,0.0,0.0,20.0,0.0,2,1.0
ad82fd4b83fb5142,0,6b7e1f5b521de19b,6f9a9c5f2856c8b3,1.170863568534039,0,0.013581785,0.0,0.0,0.0,0.0,0,0,1.0,0.0,0,0.0,0.0,0.0,0.0,0.0,1,1.0
ad893e9f29cd7b68,4,6ab36d9b02cbcf6b,28c9c64e5918b06e,19655.98654235185,489,0.05441054,0.024996142048868346,-0.07246376811594203,10.0,0.0,0,0,2.010788210912129e-10,0.0,0,0.0,0.14979528727345148,0.6944814561791476,92.0,1.3441215478503343,4,0.1724137931034483
adbf7ddab6107c6d,0,6b7e1f5b521de19b,6f9a9c5f2856c8b3,62415.76344741998,0,0.018005354,0.0,0.0,0.0,0.0,0,0,1.0,0.0,0,0.0,0.0,0.0,0.0,0.0,1,1.0
adc2046fd8598a9f,2,6b7e1f5b521de19b,6f9a9c5f2856c8b3,1.170863568534039,0,0.21062772,0.0,0.0,0.0,0.0,0,0,1.0,0.0,0,0.0,0.0,0.0,0.0,0.0,1,1.0
ade1f2d4083eb537,3,6b7e1f5b521de19b,,29889.51427805743,193,0.010175886,-1.2226738905117637e-17,0.0,0.0,0.0,0,0,1.0,0.0,0,0.0,0.0,0.0,193.0,0.0,2,1.0
ade2b67a306f6e35,3,6d74405afdbc85ba,,21175.29965797991,0,0.9809349,0.0,0.0,0.0,0.0,0,0,1.0,0.0,0,0.0,0.0,0.0,0.0,0.0,1,1.0
ae02797eb857fe7f,3,6b7e1f5b521de19b,,35845.270270304114,0,0.0022929998,0.0,0.0,0.0,0.0,0,0,1.0,0.0,0,0.0,0.0,0.0,0.0,0.0,1,1.0
ae07aace15c38244,0,6b7e1f5b521de19b,6f9a9c5f2856c8b3,2674.015532288598,49,0.0034254312,1.2094281324992318e-16,0.0,0.0,0.0,0,0,1.0,0.0,0,0.0,0.0,0.0,33.0,0.3469387754960433,1,0.3333333333333333
ae15a6ebf2c01a4d,4,75c64824a2a4e380,28c9c64e5918b06e,250240.56686429234,0,0.2901939,0.0,0.0,0.0,0.0,0,0,1.0,0.0,0,0.0,0.0,0.0,0.0,0.0,1,1.0
ae1cf3fc66379a5f,5,6b7e1f5b521de19b,,1.170863568534039,0,0.003383288,0.0,0.0,0.0,0.0,0,0,1.0,0.0,0,0.0,0.0,0.0,0.0,0.0,1,1.0
ae1dcd6c3875c5da,2,6b7e1f5b521de19b,6f9a9c5f2856c8b3,3036.43737111411,360,0.00055974803,3.688009936507917e-17,0.0,0.0,0.0,0,0,1.0,0.0,0,0.0,1.4976345476852744e-16,0.0,97.0,1.047395358479262,4,0.15384615384615385
ae2f0f5063f1c1a6,3,6b7e1f5b521de19b,,1.170863568534039,0,0.0017691499,0.0,0.0,0.0,0.0,0,0,1.0,0.0,0,0.0,0.0,0.0,0.0,0.0,1,1.0
ae408fef1514e943,3,6b7e1f5b521de19b,,2347197.8629358048,0,0.0001814271,0.0,0.0,0.0,0.0,0,0,1.0,0.0,0,0.0,0.0,0.0,0.0,0.0,1,1.0
ae4dc70b8366f02e,3,6b7e1f5b521de19b,,1.170863568534039,15,0.0028788573,2.0238429732749036e-16,0.0,0.0,0.0,0,0,1.0,0.0,0,0.0,0.0,0.0,15.0,1.4142135620902523,3,0.25
ae5194dce79c00b1,2,6b7e1f5b521de19b,6f9a9c5f2856c8b3,1.170863568534039,0,0.0077126673,0.0,0.0,0.0,0.0,0,0,1.0,0.0,0,0.0,0.0,0.0,0.0,0.0,2,1.0
ae66e26581bd3e07,5,6b7e1f5b521de19b,6f9a9c5f2856c8b3,1.170863568534039,0,0.22460826,0.0,0.0,0.0,0.0,0,0,1.0,0.0,0,0.0,0.0,0.0,0.0,0.0,1,1.0
ae6ad6c6c1eefe6d,5,6b7e1f5b521de19b,6f9a9c5f2856c8b3,8345.747103271866,0,0.43637514,0.0,0.0,0.0,0.0,0,0,1.0,0.0,0,0.0,0.0,0.0,0.0,0.0,1,1.0
ae83eb24fb041989,2,6b7e1f5b521de19b,6f9a9c5f2856c8b3,1.170863568534039,0,0.024042804,0.0,0.0,0.0,0.0,0,0,1.0,0.0,0,0.0,0.0,0.0,0.0,0.0,1,1.0
ae84eddbdab6e2f2,3,6b7e1f5b521de19b,d4f34f97b6d22a81,4517.797135638614,1,0.047047082,7.170905503477224e-15,0.0,0.0,0.0,0,0,1.0,0.0,0,0.0,0.0,0.0,1.0,1.4142135581304542,4,0.5
ae86d296610c8e67,4,9cd083484517be1d,28c9c64e5918b06e,24323.541534880354,4,0.0027553546,-1.0579306793749702e-15,0.0,0.0,0.0,0,0,1.0,0.0,0,0.0,0.007153091504710424,-0.015097634699383479,3.0,0.49999999975,3,0.6666666666666666
aea9816686f6f7f6,3,6b7e1f5b521de19b,d4f34f97b6d22a81,75837.41233830822,20,0.5537911,1.1666666666666672,-50.0,50.0,0.0,0,1,1.0,2.0,1,0.0,0.590101513327892,64769.49451052546,20.0,1.4142135621609626,3,0.25
aeb24cf961aa9adf,0,6b7e1f5b521de19b,6f9a9c5f2856c8b3,1452.583504351996,219,0.0014313891,2.6779485116368842e-17,0.0,0.0,0.0,0,0,1.0,0.0,0,0.0,0.10648187568434327,0.5584379415836258,56.0,0.9509235199940022,4,0.2727272727272727
aebe7f63e5e92dd5,2,6b7e1f5b521de19b,6f9a9c5f2856c8b3,1.170863568534039,0,0.31305292,0.0,0.0,0.0,0.0,0,0,1.0,0.0,0,0.0,0.0,0.0,0.0,0.0,1,1.0
aecb42a188510c8c,4,38080774be85927f,28c9c64e5918b06e,1.170863568534039,0,0.021754015,0.0,0.0,0.0,0.0,0,0,1.0,0.0,0,0.0,0.0,0.0,0.0,0.0,1,1.0
aeccc2c411213d9c,4,6828ce51082c111b,28c9c64e5918b06e,1.170863568534039,0,0.14585179,0.0,0.0,0.0,0.0,0,0,1.0,0.0,0,0.0,0.0,0.0,0.0,0.0,1,1.0
aecfd405bae51907,3,6b7e1f5b521de19b,,121130.27981900205,0,0.0008184731,0.0,0.0,0.0,0.0,0,0,1.0,0.0,0,0.0,0.0,0.0,0.0,0.0,1,1.0
aee8f7af1398f095,2,6b7e1f5b521de19b,,47342.09020576726,0,0.08655603,0.0,0.0,0.0,0.0,0,0,1.0,0.0,0,0.0,0.0,0.0,0.0,0.0,1,1.0
aef17b865af6c8a6,4,4dcb7378104041b8,28c9c64e5918b06e,183646.7025174401,360,0.0015247769,4.420621398068275e-18,0.0,0.0,0.0,0,0,1.0,0.0,0,0.0,0.19642672282997106,0.7029286878465747,157.0,1.0196677018430018,3,0.25
af08762d349388b4,5,6b7e1f5b521de19b,d4f34f97b6d22a81,1.170863568534039,0,0.10046277,0.0,0.0,0.0,0.0,0,0,1.0,0.0,0,0.0,0.0,0.0,0.0,0.0,1,1.0
af215956cce44307,5,6b7e1f5b521de19b,6f9a9c5f2856c8b3,1.170863568534039,0,0.08950234,0.0,0.0,0.0,0.0,0,0,1.0,0.0,0,0.0,0.0,0.0,0.0,0.0,1,1.0
af231cddc2da8cba,5,6b7e1f5b521de19b,6f9a9c5f2856c8b3,1.170863568534039,0,0.50834364,0.0,0.0,0.0,0.0,0,0,1.0,0.0,0,0.0,0.0,0.0,0.0,0.0,1,1.0
af455bc9aa426feb,1,6b7e1f5b521de19b,6f9a9c5f2856c8b3,6866094.606235647,318,0.0018096786,0.01107749320022792,-0.02857142857142857,2.5,0.0,0,0,7.765802741122439e-10,1.0,1,-0.0031446540880503146,0.30992686219543075,3.94171888580382,122.0,1.5038089634305123,5,0.14285714285714285
af4fbe7961c66b72,3,6b7e1f5b521de19b,,35845.270270304114,0,0.08439318,0.0,0.0,0.0,0.0,0,0,1.0,0.0,0,0.0,0.0,0.0,0.0,0.0,1,1.0
af53fe8d10bb9eee,0,6b7e1f5b521de19b,6f9a9c5f2856c8b3,77086.00158348514,40,0.015134388,-4.869027519536877e-16,0.0,0.0,0.0,0,0,1.0,0.0,0,0.0,0.0,0.0,35.0,1.1592023118500228,3,0.25
af606d7547e81b17,1,6b7e1f5b521de19b,,35845.270270304114,140,9.5859505e-05,0.019184471862774617,-5.035714285714286,0.0,5.0,1,0,1.0,0.0,0,0.0,0.0,0.0,76.0,0.7148569144530705,2,0.5
af76b6402af3a948,4,77c27bf8a409b6bb,28c9c64e5918b06e,106467.67942181467,72,0.0006213792,-4.0072115946191635e-18,0.0,0.0,0.0,0,0,1.0,1.0,1,-0.013888888888888888,0.5171892228001933,90929.9011596593,64.0,2.1406017670353696,6,0.125
af7e4d5d6bd62ac5,2,6b7e1f5b521de19b,6f9a9c5f2856c8b3,99926.8025726217,118,0.008115702,6.740406961456807e-17,0.0,0.0,0.0,0,0,1.0,0.0,0,0.0,0.15991121409753098,0.5107690560553932,71.0,1.428110690175979,3,0.25
af8664b12d618da5,2,6b7e1f5b521de19b,,677621.2944541872,0,0.72021157,0.0,0.0,0.0,0.0,0,0,1.0,0.0,0,0.0,0.0,0.0,0.0,0.0,1,1.0
af9422abd6cb3905,2,6b7e1f5b521de19b,6f9a9c5f2856c8b3,1.170863568534039,0,0.3113703,0.0,0.0,0.0,0.0,0,0,1.0,0.0,0,0.0,0.0,0.0,0.0,0.0,1,1.0
af95a22875ad6beb,5,6b7e1f5b521de19b,6f9a9c5f2856c8b3,1.170863568534039,0,0.0030369686,0.0,0.0,0.0,0.0,0,0,1.0,0.0,0,0.0,0.0,0.0,0.0,0.0,1,1.0
afa93a40c2dccc61,2,6b7e1f5b521de19b,,3008748.934256463,0,0.18814172,0.0,0.0,0.0,0.0,0,0,1.0,0.0,0,0.0,0.0,0.0,0.0,0.0,1,1.0
afac1d10e76e5569,3,6b7e1f5b521de19b,,1.170863568534039,0,0.00044666522,0.0,0.0,0.0,0.0,0,0,1.0,0.0,0,0.0,0.0,0.0,0.0,0.0,1,1.0
afc9c0d595b857f5,3,6b7e1f5b521de19b,,76339.41680639292,21,0.9176063,2.1569767441860463,-11.666666666666666,70.0,0.0,0,0,4.0824829044719636e-11,0.0,0,0.0,0.2824376494161656,1.129692878048573,14.0,1.4731150756036833,6,0.14285714285714285
afdffe7e8bf58f76,2,6b7e1f5b521de19b,6f9a9c5f2856c8b3,322773.0976777879,0,0.64737916,0.0,0.0,0.0,0.0,0,0,1.0,0.0,0,0.0,0.0,0.0,0.0,0.0,1,1.0
afe07fa595e8010e,2,6b7e1f5b521de19b,6f9a9c5f2856c8b3,98.49392076768089,21,0.0020150074,-1.0210725650700691e-16,0.0,0.0,0.0,0,0,1.0,0.0,0,0.0,0.0,0.0,21.0,0.0,2,1.0
aff4a213c17901d7,5,6b7e1f5b521de19b,6f9a9c5f2856c8b3,695835.041914466,118,0.0008974787,-1.817163039531479e-17,0.0,0.0,0.0,0,0,1.0,0.0,0,0.0,0.0,0.0,118.0,0.0,2,1.0
b0035efb16e96e54,3,6b7e1f5b521de19b,,14005.202331550161,544,0.015850812,0.07158521209658626,-0.08064516129032258,40.0,0.0,0,0,5.533985904988414e-11,1.0,1,0.0,0.28156247057321593,-0.3903954994929753,296.0,1.1156558791267057,2,0.5714285714285714
b01327cb2a135f28,2,6b7e1f5b521de19b,6f9a9c5f2856c8b3,98.49392076768089,20,0.0039465423,1.0194743105652927e-16,0.0,0.0,0.0,0,0,1.0,0.0,0,0.0,0.0,0.0,14.0,0.39999999996,2,0.3333333333333333
b02362ba8958c5fe,0,6b7e1f5b521de19b,6f9a9c5f2856c8b3,9134.575282606509,0,0.53051066,0.0,0.0,0.0,0.0,0,0,1.0,0.0,0,0.0,0.0,0.0,0.0,0.0,1,1.0
b025c583760589d3,3,6b7e1f5b521de19b,,25102.753943361105,0,0.0020370423,0.0,0.0,0.0,0.0,0,0,1.0,0.0,0,0.0,0.0,0.0,0.0,0.0,1,1.0
b03ccbb0cb128f3b,5,6b7e1f5b521de19b,d4f34f97b6d22a81,4288.944922523833,37,0.009194549,0.5292742535330995,-2.411764705882353,29.0,0.0,0,0,8.890356772177172e-11,0.0,0,0.0,0.1780679416803861,0.08323322903879943,34.0,3.0293186296604806,10,0.23076923076923078
b0562744c1a126da,2,6b7e1f5b521de19b,6f9a9c5f2856c8b3,203670.88722572604,0,0.58594126,0.0,0.0,0.0,0.0,0,0,1.0,0.0,0,0.0,0.0,0.0,0.0,0.0,2,1.0
b05ea2721e4d504a,0,6b7e1f5b521de19b,6f9a9c5f2856c8b3,137337.18186434289,0,0.015127155,0.0,0.0,0.0,0.0,0,0,1.0,0.0,0,0.0,0.9999829492119822,117294.63166466416,0.0,0.0,2,1.0
b06073e55e475a36,3,6b7e1f5b521de19b,d4f34f97b6d22a81,41658.881378801256,0,0.7822305,0.0,0.0,0.0,0.0,0,0,1.0,0.0,0,0.0,0.0,0.0,0.0,0.0,3,1.0
b07da8619a6316c8,3,6b7e1f5b521de19b,,5126.849721354915,0,0.99651766,0.0,0.0,0.0,0.0,0,0,1.0,0.0,0,0.0,0.0,0.0,0.0,0.0,1,1.0
b0874e6d8f20da19,3,6b7e1f5b521de19b,d4f34f97b6d22a81,4854.049577612525,93,0.0006760838,-5.643364038546723e-18,0.0,0.0,0.0,0,0,1.0,1.0,1,-0.010752688172043012,1.4131906725136412,4144.700411269915,52.0,1.0204295409445616,2,0.3333333333333333
b09456d06e9281af,3,6b7e1f5b521de19b,,35845.270270304114,8,0.001442811,-2.6803154833089315e-16,0.0,0.0,0.0,0,0,1.0,0.0,0,0.0,0.0,0.0,8.0,0.0,2,1.0
b0a74fcdde4dead5,5,6b7e1f5b521de19b,d4f34f97b6d22a81,1.170863568534039,0,0.023926541,0.0,0.0,0.0,0.0,0,0,1.0,0.0,0,0.0,0.0,0.0,0.0,0.0,1,1.0
b0af1aa2cad911db,5,6b7e1f5b521de19b,6f9a9c5f2856c8b3,1224809.514802823,0,0.51728654,0.0,0.0,0.0,0.0,0,0,1.0,0.0,0,0.0,0.0,0.0,0.0,0.0,1,1.0
b0ceebc0eaddb894,3,6b7e1f5b521de19b,,5126.849721354915,0,0.52859926,0.0,0.0,0.0,0.0,0,0,1.0,0.0,0,0.0,0.0,0.0,0.0,0.0,1,1.0
b0d7981d30f6736a,5,6b7e1f5b521de19b,6f9a9c5f2856c8b3,381230.3616317718,84,0.22904569,5.76306354799172e-16,0.0,0.0,0.0,0,0,1.0,0.0,0,0.0,1.5268369671377253e-16,0.0,31.0,1.08208981470857,5,0.2
b0d930a2298f6b27,3,6b7e1f5b521de19b,d4f34f97b6d22a81,149749.78085444597,209,0.0023728735,1.6653611021067986e-17,0.0,0.0,0.0,0,0,1.0,0.0,0,0.0,0.6390509776560706,61881.87605067497,133.0,1.2953081910532236,2,0.2857142857142857
b0dbbc2e26fef8a3,1,6b7e1f5b521de19b,6f9a9c5f2856c8b3,51795.421351033205,96,0.00041676455,-2.233596236090776e-17,0.0,0.0,0.0,0,0,1.0,0.0,0,0.0,0.0,0.0,96.0,0.0,2,1.0
b0dfe7cf72f949ec,3,062b9e5a52eb6d8e,28c9c64e5918b06e,18906.98660217459,13,0.16984281,-3.6829177998712923e-16,0.0,0.0,0.0,0,0,1.0,0.0,0,0.0,0.06369709624696909,0.14849892161544315,13.0,0.9999999998461538,2,0.3333333333333333
b1141d6c90ee9810,2,6b7e1f5b521de19b,6f9a9c5f2856c8b3,299986.9560510547,0,0.005744391,0.0,0.0,0.0,0.0,0,0,1.0,0.0,0,0.0,0.0,0.0,0.0,0.0,3,1.0
b14cde2029854e03,2,6b7e1f5b521de19b,6f9a9c5f2856c8b3,1122070.9154585346,0,0.092839934,0.0,0.0,0.0,0.0,0,0,1.0,0.0,0,0.0,0.0,0.0,0.0,0.0,1,1.0
b157bad4b2af7568,2,6b7e1f5b521de19b,6f9a9c5f2856c8b3,636.7111308302542,37,0.33954322,-3.93392686043465e-16,0.0,0.0,0.0,0,0,1.0,0.0,0,0.0,0.4073726981705636,542.7961756957202,36.0,2.1643569937594473,6,0.14285714285714285
b16e5fe49e161258,2,6b7e1f5b521de19b,6f9a9c5f2856c8b3,36800.65182889506,0,0.20672509,0.0,0.0,0.0,0.0,0,0,1.0,0.0,0,0.0,0.0,0.0,0.0,0.0,1,1.0
b17c343e129f00c1,1,6b7e1f5b521de19b,,11675.99327727772,0,0.0034957326,0.0,0.0,0.0,0.0,0,0,1.0,0.0,0,0.0,0.0,0.0,0.0,0.0,1,1.0
b17cc9e15794cb43,6,6b7e1f5b521de19b,,88724.25999587397,0,0.9992174,0.0,0.0,0.0,0.0,0,0,1.0,0.0,0,0.0,0.0,0.0,0.0,0.0,1,1.0
b183dc15bf1cbbd7,2,6b7e1f5b521de19b,6f9a9c5f2856c8b3,98.49392076768089,0,0.025801538,0.0,0.0,0.0,0.0,0,0,1.0,0.0,0,0.0,0.694572501109144,83.12074934656873,0.0,0.0,3,1.0
b1bb019e6e1fccd5,0,6b7e1f5b521de19b,6f9a9c5f2856c8b3,155770.28103874103,10,0.02981759,-0.3757225433526018,-1.25,10.0,30.0,1,0,0.9667550799557084,0.0,0,0.0,0.17948238781328504,0.0,8.0,1.54919333770837,3,0.5
b1c48a08348ea6ee,1,6b7e1f5b521de19b,6f9a9c5f2856c8b3,35476.132717269116,92,0.05741341,-2.6810055292685306e-17,0.0,0.0,0.0,0,0,1.0,0.0,0,0.0,1.1354222730452836,30298.117395621455,92.0,1.732050807493571,3,0.6
b1c7292c3449d55c,5,6b7e1f5b521de19b,6f9a9c5f2856c8b3,4386.532748246311,0,0.32217455,0.0,9.0,9.0,0.0,0,1,1.0,3.0,0,0.0,0.0,0.0,0.0,0.0,3,1.0
b1c8a957de0b72a5,3,6b7e1f5b521de19b,,2.4198904513070483,0,0.024293005,0.0,0.0,0.0,0.0,0,0,1.0,0.0,0,0.0,0.0,0.0,0.0,0.0,1,1.0
b1cbfd77cc11aeee,0,3a0b5f22d7e66ffc,,19325.975207809148,0,0.18531445,0.0,0.0,0.0,0.0,0,0,1.0,0.0,0,0.0,0.0,0.0,0.0,0.0,1,1.0
b1e9236a0fa9178e,0,6b7e1f5b521de19b,d4f34f97b6d22a81,1.170863568534039,0,0.1183957,0.0,0.0,0.0,0.0,0,0,1.0,0.0,0,0.0,0.0,0.0,0.0,0.0,1,1.0
b1ebe1f031b0a588,2,6b7e1f5b521de19b,6f9a9c5f2856c8b3,91223.7745198181,0,0.7215313,0.0,0.0,0.0,0.0,0,0,1.0,0.0,0,0.0,0.9999743301886428,77910.53211303121,0.0,0.0,2,1.0
b1f8599ee3772dad,2,6b7e1f5b521de19b,6f9a9c5f2856c8b3,1.170863568534039,0,0.005569275,0.0,0.0,0.0,0.0,0,0,1.0,0.0,0,0.0,0.0,0.0,0.0,0.0,1,1.0
b23341b63691772b,0,6b7e1f5b521de19b,6f9a9c5f2856c8b3,1.170863568534039,0,0.16426425,0.0,0.0,0.0,0.0,0,0,1.0,0.0,0,0.0,0.0,0.0,0.0,0.0,1,1.0
b24a5d412cc7574a,0,6b7e1f5b521de19b,6f9a9c5f2856c8b3,164014.7619895941,2,0.022995839,-1.0721261933235726e-15,0.0,0.0,0.0,0,0,1.0,0.0,0,0.0,0.0,0.0,2.0,0.0,2,1.0
b24e746b7c5d0d0b,5,6b7e1f5b521de19b,d4f34f97b6d22a81,1.170863568534039,0,0.0031448952,0.0,0.0,0.0,0.0,0,0,1.0,0.0,0,0.0,0.0,0.0,0.0,0.0,1,1.0
b25ea0cbd5df410e,3,6b7e1f5b521de19b,,11264.189824104717,0,0.053719454,0.0,0.0,0.0,0.0,0,0,1.0,0.0,0,0.0,0.0,0.0,0.0,0.0,1,1.0
b2626f56a70338d7,0,062b9e5a52eb6d8e,,1073254.2132918406,0,0.9807751,0.0,0.0,0.0,0.0,0,0,1.0,0.0,0,0.0,0.0,0.0,0.0,0.0,1,1.0
b263fd81fa53d3dd,3,6b7e1f5b521de19b,,89664.46366676311,0,0.09877885,0.0,0.0,0.0,0.0,0,0,1.0,0.0,0,0.0,0.0,0.0,0.0,0.0,1,1.0
b2966ea2e3186b0b,0,6b7e1f5b521de19b,6f9a9c5f2856c8b3,68329.83053035871,1178,0.0039046134,-2.6913938553934214e-17,0.0,0.0,0.0,0,0,1.0,1.0,0,0.0008488964346349745,0.3356779884871898,58357.49057624193,274.0,0.7477712779361866,2,0.23076923076923078
b2c104457294ea84,4,ddbd249e57ed6b40,28c9c64e5918b06e,20526.845930356747,0,0.6786396,0.0,0.0,0.0,0.0,0,0,1.0,0.0,0,0.0,0.0,0.0,0.0,0.0,1,1.0
b2d3f54c0351273c,0,6b7e1f5b521de19b,6f9a9c5f2856c8b3,156338.04001093865,112,0.0011077367,1.654124109803694e-16,0.0,0.0,0.0,0,0,1.0,0.0,0,0.0,0.0,0.0,75.0,1.109157153765354,3,0.2
b337460a5529a542,2,6b7e1f5b521de19b,6f9a9c5f2856c8b3,98.49392076768089,20,0.0009934524,-1.0721261933235725e-16,0.0,0.0,0.0,0,0,1.0,0.0,0,0.0,0.0,0.0,20.0,0.0,2,1.0
b342d14feecdd0e7,0,6b7e1f5b521de19b,6f9a9c5f2856c8b3,10687.04963623444,0,0.062211014,0.0,0.0,0.0,0.0,0,0,1.0,0.0,0,0.0,0.0,0.0,0.0,0.0,1,1.0
b34863628c193d90,3,6b7e1f5b521de19b,,3391.863497755878,55,0.010615462,0.0,0.0,0.0,0.0,0,0,1.0,0.0,0,0.0,0.0,0.0,0.0,0.0,1,1.0
b34b9ef9c7c2e8e8,0,6b7e1f5b521de19b,6f9a9c5f2856c8b3,1.170863568534039,0,0.218745,0.0,0.0,0.0,0.0,0,0,1.0,0.0,0,0.0,0.0,0.0,0.0,0.0,1,1.0
b35b827b8aa9d6cf,2,6b7e1f5b521de19b,6f9a9c5f2856c8b3,1.170863568534039,0,0.31980705,0.0,0.0,0.0,0.0,0,0,1.0,0.0,0,0.0,0.0,0.0,0.0,0.0,1,1.0
b360ec54b3c4579c,2,6b7e1f5b521de19b,6f9a9c5f2856c8b3,98.49392076768089,38,0.0015092511,-5.64276943854512e-17,0.0,0.0,0.0,0,0,1.0,0.0,0,0.0,0.0,0.0,38.0,0.0,2,1.0
b378728db46b9e84,2,6b7e1f5b521de19b,,30405.58043486053,0,0.028298836,0.0,0.0,0.0,0.0,0,0,1.0,3.0,0,0.0,0.0,0.0,0.0,0.0,2,1.0
b3853945fed518c3,6,6b7e1f5b521de19b,,1.170863568534039,346,0.00085208425,-1.3563774534391696e-17,0.0,0.0,0.0,0,0,1.0,0.0,0,0.0,1.8964174025279222e-16,0.0,59.0,0.3832940959461087,2,0.2
b38ed11f26303cbd,5,6b7e1f5b521de19b,6f9a9c5f2856c8b3,314834.94090665877,367,0.007475884,0.01255212539587517,0.2898550724637681,6.666666666666668,0.0,0,1,1.788854381836887,0.0,0,0.0,0.2404539139741668,4.397484625574432,112.0,1.379661735412618,5,0.5
b39205ddb8d71b8a,3,674ec33189ed753c,,3103.5664795479956,0,0.0011429269,0.0,0.0,0.0,0.0,0,0,1.0,0.0,0,0.0,0.9459439045675548,2649.664486413021,0.0,0.0,3,1.0
b398e4d93d59a6e2,2,6b7e1f5b521de19b,6f9a9c5f2856c8b3,131506.73413106918,0,0.106797054,0.0,0.0,0.0,0.0,0,0,1.0,0.0,0,0.0,0.0,0.0,0.0,0.0,1,1.0
b3b4443c04d8baa3,2,6b7e1f5b521de19b,6f9a9c5f2856c8b3,1.170863568534039,0,0.5667353,0.0,0.0,0.0,0.0,0,0,1.0,0.0,0,0.0,0.0,0.0,0.0,0.0,1,1.0
b3c0a168af35e330,6,6b7e1f5b521de19b,,138229.9699494759,0,0.9957716,0.0,0.0,0.0,0.0,0,0,1.0,0.0,0,0.0,0.0,0.0,0.0,0.0,1,1.0
b3c44ec87ce4febb,2,6b7e1f5b521de19b,6f9a9c5f2856c8b3,833.4257918913213,0,0.6550952,0.0,0.0,0.0,0.0,0,0,1.0,0.0,0,0.0,0.0,0.0,0.0,0.0,1,1.0
b3cea7b2b688010a,5,6b7e1f5b521de19b,6f9a9c5f2856c8b3,1.170863568534039,0,0.08500174,0.0,0.0,0.0,0.0,0,0,1.0,0.0,0,0.0,0.0,0.0,0.0,0.0,1,1.0
b3d67343b6b6342a,0,6b7e1f5b521de19b,6f9a9c5f2856c8b3,2674.015532288598,342,0.005508407,-1.5376998366279484e-17,0.0,0.0,0.0,0,0,1.0,0.0,0,0.0,0.3913147090680542,2282.797706368605,118.0,1.228028403590688,4,0.23076923076923078
b3f6a72ca225f4dc,3,6b7e1f5b521de19b,,89664.46366676311,0,0.053225707,0.0,0.0,0.0,0.0,0,0,1.0,0.0,0,0.0,0.0,0.0,0.0,0.0,1,1.0
b3faf32baa4d871a,5,6b7e1f5b521de19b,d4f34f97b6d22a81,26123.58130464877,0,0.00018448563,0.0,0.0,0.0,0.0,0,0,1.0,0.0,0,0.0,0.0,0.0,0.0,0.0,1,1.0
b3ff5da3404c2540,2,6b7e1f5b521de19b,6f9a9c5f2856c8b3,334.84946210706454,0,0.06610688,0.0,0.0,0.0,0.0,0,0,1.0,0.0,0,0.0,0.0,0.0,0.0,0.0,1,1.0
b40100908a67a352,3,6b7e1f5b521de19b,,25374.47858608714,40,0.19072144,-4.28850477329429e-16,0.0,0.0,0.0,0,0,1.0,0.0,0,0.0,0.0,0.0,40.0,0.0,2,1.0
b403f44bdac599b9,3,6b7e1f5b521de19b,d4f34f97b6d22a81,4517.797135638614,71,0.0059928293,0.3325854559852183,-0.5714285714285714,20.0,0.0,0,0,0.8838834764950356,2.0,0,0.028169014084507043,0.06845941706668845,-0.12893186633356535,36.0,0.7769492064238508,2,0.2
b412fb0df69415c9,4,38080774be85927f,28c9c64e5918b06e,8237918.3565597925,0,0.25981343,0.0,0.0,0.0,0.0,0,0,1.0,0.0,0,0.0,0.013027175507444184,0.030312964323409904,0.0,0.0,4,1.0
b4149d003c2d935f,5,6b7e1f5b521de19b,6f9a9c5f2856c8b3,230.3854878118702,0,0.09334304,0.0,0.0,0.0,0.0,0,0,1.0,0.0,0,0.0,0.0,0.0,0.0,0.0,1,1.0
b41505b2e831f4a9,3,6b7e1f5b521de19b,,2350.780250772081,8,0.01940385,-2.6803154833089315e-16,0.0,0.0,0.0,0,0,1.0,0.0,0,0.0,0.0,0.0,8.0,0.0,2,1.0
b4228aaa629f7429,5,6b7e1f5b521de19b,6f9a9c5f2856c8b3,75565.3538218023,167,0.0036983485,0.06517093161934798,-0.23622047244094488,15.0,0.0,0,0,1.294300457691347e-10,0.0,0,0.0,0.15470824866317448,0.09973210030278551,39.0,1.0876137428269923,5,0.5
b429933f2527c19f,2,6b7e1f5b521de19b,6f9a9c5f2856c8b3,3009.275501817926,0,0.9775073,0.0,0.0,0.0,0.0,0,0,1.0,0.0,0,0.0,0.7066941746302354,2569.133346608129,0.0,0.0,3,1.0
b44368a17e2e1a7e,0,674ec33189ed753c,,8218.295302307157,0,0.003605403,0.0,0.0,0.0,0.0,0,0,1.0,0.0,0,0.0,0.07567726620077976,0.09646495564264644,0.0,0.0,3,1.0
b44429f13b1ba6f4,2,6b7e1f5b521de19b,,1.170863568534039,0,0.0019071683,0.0,0.0,0.0,0.0,0,0,1.0,0.0,0,0.0,0.0,0.0,0.0,0.0,1,1.0
b46c2261cfe1df73,0,6b7e1f5b521de19b,,1.170863568534039,0,0.7632586,0.0,0.0,0.0,0.0,0,0,1.0,0.0,0,0.0,0.0,0.0,0.0,0.0,1,1.0
b4738d9e4408d1ef,5,6b7e1f5b521de19b,6f9a9c5f2856c8b3,1.170863568534039,0,0.020940213,0.0,0.0,0.0,0.0,0,0,1.0,0.0,0,0.0,0.0,0.0,0.0,0.0,1,1.0
b483459631129708,2,6b7e1f5b521de19b,6f9a9c5f2856c8b3,98.49392076768089,21,0.0009934524,-1.0210725650700691e-16,0.0,0.0,0.0,0,0,1.0,0.0,0,0.0,0.0,0.0,21.0,0.0,2,1.0
b496e319432320e2,0,6b7e1f5b521de19b,6f9a9c5f2856c8b3,1.170863568534039,0,0.07523026,0.0,0.0,0.0,0.0,0,0,1.0,0.0,0,0.0,0.0,0.0,0.0,0.0,1,1.0
b4a08abe336b8785,3,6b7e1f5b521de19b,6f9a9c5f2856c8b3,8127.3495162051295,8,0.7714071,2.2131147540983607,2.5,20.0,0.0,0,1,1.020620726157553,0.0,0,0.0,0.01794278505983077,0.03717010697746769,7.0,1.4577379729824562,4,0.2
b4a7e6b6d17d8a62,0,6b7e1f5b521de19b,6f9a9c5f2856c8b3,1.170863568534039,0,0.014826014,0.0,0.0,0.0,0.0,0,0,1.0,0.0,0,0.0,0.0,0.0,0.0,0.0,1,1.0
b4afaa51741298db,4,d94a77dffd98d647,28c9c64e5918b06e,136209.21885887592,119,0.00029099526,4.8739621401980315e-18,0.0,0.0,0.0,0,0,1.0,0.0,0,0.0,0.08063043241903559,-0.16338966015651038,94.0,1.0021514882214477,2,0.5
b4be61bdea7abf81,1,6b7e1f5b521de19b,,26123.58130464877,0,0.3779834,0.0,0.0,0.0,0.0,0,0,1.0,0.0,0,0.0,0.0,0.0,0.0,0.0,1,1.0
b4bfc7c969d78a55,5,6b7e1f5b521de19b,6f9a9c5f2856c8b3,1.170863568534039,0,0.20330968,0.0,0.0,0.0,0.0,0,0,1.0,0.0,0,0.0,0.0,0.0,0.0,0.0,1,1.0
b4e360a319c625aa,5,6b7e1f5b521de19b,6f9a9c5f2856c8b3,34707.664237155994,86,0.010556175,-5.567201325386837e-17,0.0,0.0,0.0,0,0,1.0,0.0,0,0.0,0.10124320821045592,0.2506584305270358,86.0,0.9999999999767443,2,0.3333333333333333
b4e48d600e79173e,5,6b7e1f5b521de19b,,1.170863568534039,313,0.00011807312,-0.03299452508429921,0.07575757575757576,-10.0,10.0,0,0,0.8660254038112336,2.0,1,-0.006389776357827476,0.0,0.0,181.0,1.1756407113727274,2,0.3333333333333333
b4ebe41e14433c07,3,6b7e1f5b521de19b,,174827.5652787984,232,0.0016557557,6.864080513314545e-18,0.0,0.0,0.0,0,0,1.0,0.0,0,0.0,1.6647163398015364e-16,0.0,98.0,0.5868404284396804,1,0.16666666666666666
b4ee28579363f6b7,0,e43bc3ffd79e75b6,,427322.1913763346,61,0.0023895293,-1.2556452837773667e-16,0.0,0.0,0.0,0,0,1.0,0.0,0,0.0,0.7642017898502248,3.7657920864220222,54.0,1.9444723849967989,6,0.14285714285714285
b4f262e874c3c092,6,6b7e1f5b521de19b,,18987.89016295744,19,0.14809668,2.806698182506505e-17,0.0,0.0,0.0,0,0,1.0,7.0,1,0.10526315789473684,0.0,0.0,17.0,2.3437309546144625,8,0.1111111111111111
b4f88c758f1a141e,2,6b7e1f5b521de19b,6f9a9c5f2856c8b3,1845240.0868962975,0,0.3958323,0.0,0.0,0.0,0.0,0,0,1.0,0.0,0,0.0,0.0,0.0,0.0,0.0,1,1.0
b5037a803d6ab995,2,6b7e1f5b521de19b,,4048.562438442638,0,0.7489867,0.0,0.0,0.0,0.0,0,0,1.0,0.0,0,0.0,0.0,0.0,0.0,0.0,1,1.0
b512deedc598bdd7,4,75c64824a2a4e380,28c9c64e5918b06e,68676.1351119207,113,0.0016544824,-3.3300472187721647e-17,0.0,0.0,0.0,0,0,1.0,0.0,0,0.0,0.49998934438272186,58653.259093487344,87.0,1.231679114159195,3,0.4
b53624e007a6ac8f,0,6b7e1f5b521de19b,6f9a9c5f2856c8b3,39567.13485177574,137,0.003934962,-1.565147727479668e-17,0.0,0.0,0.0,0,0,1.0,0.0,0,0.0,0.06731083566643044,-0.12613164490999088,137.0,0.0,2,1.0
b5514491d0f7b1fd,2,6b7e1f5b521de19b,6f9a9c5f2856c8b3,19623.72126185764,0,0.75870156,0.0,0.0,0.0,0.0,0,0,1.0,0.0,0,0.0,0.0,0.0,0.0,0.0,1,1.0
b559db6b05c5e65f,1,6b7e1f5b521de19b,6f9a9c5f2856c8b3,475396.5674753439,88,0.005134401,0.034090909090909116,-9.0,9.0,0.0,0,0,1.0,2.0,0,0.022727272727272728,0.0,0.0,88.0,1.4142135623248833,3,0.25
b55f13ac5ec560c8,5,6b7e1f5b521de19b,d4f34f97b6d22a81,1.170863568534039,0,0.25521928,0.0,0.0,0.0,0.0,0,0,1.0,0.0,0,0.0,0.0,0.0,0.0,0.0,1,1.0
b57ad24e1bbef9f2,4,6b7e1f5b521de19b,28c9c64e5918b06e,1.170863568534039,0,0.8252039,0.0,0.0,0.0,0.0,0,0,1.0,0.0,0,0.0,0.0,0.0,0.0,0.0,1,1.0
b580c0b123d4d6fc,5,6b7e1f5b521de19b,6f9a9c5f2856c8b3,1562016.1939623794,769,0.012088136,3.2072525136588725e-17,0.0,0.0,0.0,0,0,1.0,0.0,0,0.0,0.0311134570856754,-0.06419956616883091,257.0,1.3488637723227417,3,0.6666666666666666
b59f867c4c5ebb1c,5,6b7e1f5b521de19b,6f9a9c5f2856c8b3,4094562.1997242793,0,0.5066424,0.0,0.0,0.0,0.0,0,0,1.0,0.0,0,0.0,0.0,0.0,0.0,0.0,1,1.0
b5a91815f9f837a8,3,6b7e1f5b521de19b,2095e0b55fdf3180,77757.88391521083,29,0.16773607,1.724137931034483,1.7241379310344827,50.0,0.0,0,1,1.1618950038535367,0.0,0,0.0,0.5059095607853448,66409.71257564734,29.0,1.9999999996551723,5,0.16666666666666666
b5c8fbf11394353e,2,6b7e1f5b521de19b,,592830.8550628978,369,0.004692133,-0.02707772003875629,-0.02710027100271003,-10.0,10.0,0,0,2.2135943616278654e-10,0.0,0,0.0,0.13770843202168603,0.22244297392047405,242.0,2.4761522211591322,8,0.21428571428571427
b5c90d2aecaaf62d,4,38080774be85927f,28c9c64e5918b06e,1.170863568534039,0,0.044416986,0.0,0.0,0.0,0.0,0,0,1.0,0.0,0,0.0,0.0,0.0,0.0,0.0,1,1.0
b5cc3ae566393f9f,0,6b7e1f5b521de19b,6f9a9c5f2856c8b3,280145.4312084903,0,0.17183694,0.0,0.0,0.0,0.0,0,0,1.0,0.0,0,0.0,0.0,0.0,0.0,0.0,1,1.0
b5d827a9f70774fd,5,6b7e1f5b521de19b,6f9a9c5f2856c8b3,282122.9545953158,20,0.058602877,0.871261378413524,-1.8181818181818181,20.0,0.0,0,0,1.4288690164193537e-10,1.0,0,0.05,0.0,0.0,9.0,1.09087121113631,5,0.14285714285714285
b5dab4b13686c1e8,0,6b7e1f5b521de19b,6f9a9c5f2856c8b3,1.170863568534039,0,0.013398092,0.0,0.0,0.0,0.0,0,0,1.0,0.0,0,0.0,0.0,0.0,0.0,0.0,1,1.0
b5dc0bd920a64995,2,6b7e1f5b521de19b,6f9a9c5f2856c8b3,805854.6675466232,212,0.014705604,-9.480716915626898e-18,0.0,0.0,0.0,0,0,1.0,0.0,0,0.0,0.05972597728901116,-0.13338218099660415,212.0,1.7320508075361971,3,0.4
b5ee246d1c4461ad,2,6b7e1f5b521de19b,6f9a9c5f2856c8b3,15726.535176556545,83,0.017071063,1.265518820962875e-16,0.0,0.0,0.0,0,0,1.0,0.0,0,0.0,0.0,0.0,51.0,0.7606599574503181,2,0.25
b5fe97aca14026ea,3,6b7e1f5b521de19b,d4f34f97b6d22a81,13725.376200415716,7,0.012247936,0.5083056478405314,-9.0,9.0,0.0,0,0,2.672612418409958e-10,1.0,0,0.14285714285714285,0.5344638589540258,11721.438522534572,5.0,1.9325356061440568,9,0.1111111111111111
b610a39f610859e6,0,6b7e1f5b521de19b,6f9a9c5f2856c8b3,262580.75744332006,0,0.05754339,0.0,0.0,0.0,0.0,0,0,1.0,0.0,0,0.0,0.0,0.0,0.0,0.0,1,1.0
b610b83008c96c6a,5,7b7c16a1b24ec3b8,28c9c64e5918b06e,12483.414223318267,0,0.7635758,0.0,0.0,0.0,0.0,0,0,1.0,0.0,0,0.0,0.3332985953484462,10660.715471212352,0.0,0.0,10,1.0
b6194b38030755a7,5,6b7e1f5b521de19b,6f9a9c5f2856c8b3,1.170863568534039,0,0.1092408,0.0,0.0,0.0,0.0,0,0,1.0,0.0,0,0.0,0.0,0.0,0.0,0.0,1,1.0
b630c07fcb0b5967,2,6b7e1f5b521de19b,,847123.4219777703,300,0.0041623213,1.0074666492243868e-17,0.0,0.0,0.0,0,0,1.0,0.0,0,0.0,0.14037030579149326,-0.2484497361905619,162.0,1.2128478882163942,4,0.16666666666666666
b63340f907bd3aa2,4,38080774be85927f,d4f34f97b6d22a81,1.170863568534039,0,0.19109373,0.0,0.0,0.0,0.0,0,0,1.0,0.0,0,0.0,0.0,0.0,0.0,0.0,3,1.0
b63fa0e8b16577b8,0,6b7e1f5b521de19b,6f9a9c5f2856c8b3,259.74565791528755,0,0.025134884,0.0,0.0,0.0,0.0,0,0,1.0,0.0,0,0.0,0.9910249947924614,220.841096516905,0.0,0.0,2,1.0
b654e816b979b963,2,6b7e1f5b521de19b,6f9a9c5f2856c8b3,818.7108011956634,265,0.0003548774,1.527017494236085e-17,0.0,0.0,0.0,0,0,1.0,0.0,0,0.0,0.0,0.0,95.0,0.0911927997996814,1,0.25
b65a90aca15d5225,4,255414ab73601d72,28c9c64e5918b06e,1.170863568534039,0,0.9931787,0.0,0.0,0.0,0.0,0,0,1.0,0.0,0,0.0,0.0,0.0,0.0,0.0,1,1.0
b6632c086906d969,3,6b7e1f5b521de19b,,2.4198904513070483,29,0.6790071,1.8987441130298273,-4.916666666666667,59.0,0.0,0,1,1.0,3.0,0,0.10344827586206896,0.0,0.0,17.0,0.17241379309155766,1,0.3333333333333333
b69e7aa4dab72ab8,5,6b7e1f5b521de19b,6f9a9c5f2856c8b3,1687803.3942400438,54,0.089424156,-2.7612239367623683e-17,0.0,0.0,0.0,0,0,1.0,0.0,0,0.0,0.13844982534800793,-0.2710663779893381,41.0,1.1995655362594133,2,0.6
b6c896e97bc3af72,3,6b7e1f5b521de19b,,2.4198904513070483,0,0.0016766238,0.0,0.0,0.0,0.0,0,0,1.0,0.0,0,0.0,0.0,0.0,0.0,0.0,1,1.0
b6d291d54ee4368d,3,6b7e1f5b521de19b,d4f34f97b6d22a81,48679.81416164372,265,0.0071973274,-4.5144445554992434e-17,0.0,0.0,0.0,0,0,1.0,0.0,0,0.0,0.02876886394382208,-0.005358034635080229,111.0,1.2507370557079582,6,0.2
b6dd4c89759103c3,2,6b7e1f5b521de19b,d4f34f97b6d22a81,4104.248099473855,53,0.0012113804,-2.2955789540021133e-17,0.0,0.0,0.0,0,0,1.0,0.0,0,0.0,0.7068042382587197,3504.317109330265,53.0,0.9999999999622642,2,0.3333333333333333
b6fbeb5bc95b8480,4,38080774be85927f,28c9c64e5918b06e,1.170863568534039,1,0.1395713,3.0357644599123554e-15,0.0,0.0,0.0,0,0,1.0,0.0,0,0.0,0.0,0.0,1.0,1.4142135581304542,4,0.25
b70165a7113509b2,3,6b7e1f5b521de19b,,1.170863568534039,0,0.00065893884,0.0,0.0,0.0,0.0,0,0,1.0,0.0,0,0.0,0.0,0.0,0.0,0.0,1,1.0
b71091c58297e4ab,5,6b7e1f5b521de19b,d4f34f97b6d22a81,110610.02698031439,1,0.5618781,2.115775113744929e-14,0.0,0.0,0.0,0,0,1.0,0.0,0,0.0,0.0,0.0,1.0,1.4142135581304542,4,0.25
b72acdbdee2b5573,2,6b7e1f5b521de19b,,19076.38979057932,0,0.012049857,0.0,0.0,0.0,0.0,0,0,1.0,0.0,0,0.0,0.0,0.0,0.0,0.0,1,1.0
b75feed8c8e705b7,2,6b7e1f5b521de19b,,4271.355885203606,0,0.053981096,0.0,0.0,0.0,0.0,0,0,1.0,0.0,0,0.0,0.0,0.0,0.0,0.0,1,1.0
b7613cb4826abaed,6,6b7e1f5b521de19b,d4f34f97b6d22a81,10296.95817738307,45,0.95320034,2.2745098039215685,2.4242424242424243,80.0,10.0,1,1,1.1560254963993952,3.0,0,0.06666666666666667,0.4493265719084741,8793.327925221221,18.0,1.1813363429275268,4,0.125
b768ad2d81bc4d03,4,c2397d14e54a98b9,28c9c64e5918b06e,205064.99071350234,515,0.0009420203,6.013804235147674e-19,0.0,0.0,0.0,0,0,1.0,0.0,0,0.0,0.38551736652079654,175138.9532998116,145.0,0.7211703812619471,3,0.25
b77342d0d6467761,2,6b7e1f5b521de19b,6f9a9c5f2856c8b3,1.170863568534039,0,0.06302289,0.0,0.0,0.0,0.0,0,0,1.0,0.0,0,0.0,0.0,0.0,0.0,0.0,1,1.0
b7899983a4165ad2,5,6b7e1f5b521de19b,6f9a9c5f2856c8b3,368818.1172035961,152,0.10174163,-2.4402475461585695e-17,0.0,0.0,0.0,0,0,1.0,0.0,0,0.0,0.28606026966393283,-0.46636454084599055,57.0,1.3926250147836725,5,0.5714285714285714
b78bd403e5ae9ff4,0,6b7e1f5b521de19b,6f9a9c5f2856c8b3,89071.05663641635,1799,0.00038001133,0.019983764237983544,-0.09005376344086022,15.0,35.0,3,0,0.5377880139352946,1.0,1,-0.0006060606060606061,0.374364300916128,-0.66260873312099,254.0,0.6462675204440346,2,0.29411764705882354
b79e0b8ce8d7105b,3,6b7e1f5b521de19b,,35845.270270304114,0,0.39400938,0.0,0.0,0.0,0.0,0,0,1.0,0.0,0,0.0,0.0,0.0,0.0,0.0,1,1.0
b7aa96b8db8f60a1,2,6b7e1f5b521de19b,6f9a9c5f2856c8b3,106914.55167044088,305,0.00026935124,-1.2419696785469477e-17,0.0,0.0,0.0,0,0,1.0,0.0,0,0.0,0.05881477873160052,-0.14283649830762277,179.0,1.0297535470272938,3,0.2
b7b77bd89ec0e385,0,6b7e1f5b521de19b,6f9a9c5f2856c8b3,263790.60322538915,0,0.22654371,0.0,0.0,0.0,0.0,0,0,1.0,0.0,0,0.0,0.0,0.0,0.0,0.0,1,1.0
b7c487a85bd6c744,2,6b7e1f5b521de19b,6f9a9c5f2856c8b3,54394.15102447757,0,0.56862146,0.0,0.0,0.0,0.0,0,0,1.0,0.0,0,0.0,0.15770909439973926,0.3744765456949851,0.0,0.0,2,1.0
b7ec649d4b5f1251,0,6b7e1f5b521de19b,6f9a9c5f2856c8b3,185794.66734031943,139,0.0057930164,-3.075888293132365e-17,0.0,0.0,0.0,0,0,1.0,0.0,0,0.0,0.034542693519451904,0.08139623777597176,137.0,1.3838031783442994,3,0.25
b80defba4bda507d,2,6b7e1f5b521de19b,6f9a9c5f2856c8b3,9648.963805727817,0,0.027282663,0.0,0.0,0.0,0.0,0,0,1.0,0.0,0,0.0,0.9997573373616725,8239.895066714433,0.0,0.0,2,1.0
b821544864758d8e,3,6b7e1f5b521de19b,d4f34f97b6d22a81,2581.018322439318,47,0.0021165956,-0.004559270516717375,0.0,0.0,1.0,1,0,0.918558653716455,0.0,0,0.0,0.0,0.0,47.0,2.6457513106142496,7,0.2222222222222222
b8224388fd662176,4,bd661df59343798b,28c9c64e5918b06e,21715.904173705767,0,0.04413657,0.0,0.0,0.0,0.0,0,0,1.0,0.0,0,0.0,0.02905632877587736,-0.056471794523518117,0.0,0.0,2,1.0
b82d7938e145f124,5,6b7e1f5b521de19b,d4f34f97b6d22a81,4854.049577612525,233,0.0025703681,0.20630614674828904,-0.46296296296296297,50.0,0.0,0,0,4.3643578045293723e-11,0.0,0,0.0,0.0,0.0,87.0,1.1401132252451855,3,0.1
b83521c9bc8f9168,2,6b7e1f5b521de19b,6f9a9c5f2856c8b3,501.20046106510154,0,0.39555833,0.0,0.0,0.0,0.0,0,0,1.0,0.0,0,0.0,0.0,0.0,0.0,0.0,1,1.0
b845da62d26b6721,5,75c64824a2a4e380,d4f34f97b6d22a81,6091.577363923724,0,0.11300752,0.0,20.0,20.0,0.0,0,1,1.0,0.0,0,0.0,0.0,0.0,0.0,0.0,4,1.0
b864068939a5422f,5,6b7e1f5b521de19b,6f9a9c5f2856c8b3,51334.81749861585,0,0.37488928,0.0,0.0,0.0,0.0,0,0,1.0,0.0,0,0.0,0.0,0.0,0.0,0.0,1,1.0
b86882fb9d4dabe9,4,e366e0e543d0c5cd,d4f34f97b6d22a81,79441.34658164282,437,0.0016209363,8.266528450579438e-18,0.0,0.0,0.0,0,0,1.0,0.0,0,0.0,0.34426148667452305,2.6392399852528623,132.0,1.1091696294210114,4,0.2727272727272727
b86a59a7df113b98,2,6b7e1f5b521de19b,6f9a9c5f2856c8b3,5528363.911186377,148,0.05290044,-4.057743247268387e-17,0.0,0.0,0.0,0,0,1.0,0.0,0,0.0,0.06481480453221253,-0.09413711758514655,134.0,1.513875439310982,2,0.2
b89bdec2e11292ac,2,6b7e1f5b521de19b,6f9a9c5f2856c8b3,98.49392076768089,20,0.0008697622,-1.0721261933235725e-16,0.0,0.0,0.0,0,0,1.0,0.0,0,0.0,0.0,0.0,20.0,0.0,2,1.0
b89e56c0ad5319f6,0,6b7e1f5b521de19b,6f9a9c5f2856c8b3,1.170863568534039,0,0.29043874,0.0,0.0,0.0,0.0,0,0,1.0,0.0,0,0.0,0.0,0.0,0.0,0.0,1,1.0
b8a6c383b42750a7,2,6b7e1f5b521de19b,,334572.7778549476,0,0.0033957923,0.0,0.0,0.0,0.0,0,0,1.0,0.0,0,0.0,0.0,0.0,0.0,0.0,1,1.0
b8ca4001c89f07d5,2,6b7e1f5b521de19b,6f9a9c5f2856c8b3,1.170863568534039,0,0.5222735,0.0,0.0,0.0,0.0,0,0,1.0,0.0,0,0.0,0.0,0.0,0.0,0.0,1,1.0
b8ca9ef8ec04a98c,6,6b7e1f5b521de19b,,214869.78065686318,0,0.00031371694,0.0,0.0,0.0,0.0,0,0,1.0,0.0,0,0.0,0.0,0.0,0.0,0.0,1,1.0
b8cac7fa9fc8972b,0,6b7e1f5b521de19b,,1.170863568534039,0,0.6691146,0.0,0.0,0.0,0.0,0,0,1.0,0.0,0,0.0,0.0,0.0,0.0,0.0,1,1.0
b8ccd5e3f5a3f9d2,1,6b7e1f5b521de19b,6f9a9c5f2856c8b3,685172.6880975167,132,0.5792097,0.2161587526576896,40.0,40.0,0.0,0,1,1.0206207261586053,1.0,0,0.007575757575757576,0.4606858326149765,-0.5449706756369663,112.0,1.4041130712547962,3,0.6
b8f5618db946a253,2,6b7e1f5b521de19b,,7369.351110629336,0,0.13468997,0.0,0.0,0.0,0.0,0,0,1.0,0.0,0,0.0,0.0,0.0,0.0,0.0,1,1.0
b90795a75a7ef4fd,2,6b7e1f5b521de19b,6f9a9c5f2856c8b3,89893.06695192067,4,0.0064407047,7.589411149780889e-16,0.0,0.0,0.0,0,0,1.0,0.0,0,0.0,0.021345429647768602,0.05118763514206649,4.0,1.414213561312435,4,0.25
b90a5afa32f06e2d,1,6b7e1f5b521de19b,,6618.183435287425,0,0.052564546,0.0,0.0,0.0,0.0,0,0,1.0,0.0,0,0.0,0.0,0.0,0.0,0.0,1,1.0
b90e7d75b0ab41b0,0,6b7e1f5b521de19b,6f9a9c5f2856c8b3,1.170863568534039,0,0.026046708,0.0,0.0,0.0,0.0,0,0,1.0,0.0,0,0.0,0.0,0.0,0.0,0.0,1,1.0
b92d10514cc61932,0,52838e14fa2f9ca3,,1287.0828528119127,0,0.10155477,0.0,0.0,0.0,0.0,0,0,1.0,0.0,0,0.0,0.0,0.0,0.0,0.0,1,1.0
b935b289cd9ccc13,2,6b7e1f5b521de19b,6f9a9c5f2856c8b3,250589.66290091575,354,3.858475e-05,-0.15470810443306046,-0.5829691917893732,-60.0,64.0,1,-1,1.0931700448150818,0.0,0,0.0,0.0258977538937804,-0.05299643996938389,239.0,1.238931653564891,3,0.3333333333333333
b9455b887b0f8748,2,6b7e1f5b521de19b,,47145353.89406107,0,0.118063,0.0,0.0,0.0,0.0,0,0,1.0,0.0,0,0.0,0.0,0.0,0.0,0.0,1,1.0
b94a6311cccd9aa8,5,cca8e68b78e095c5,28c9c64e5918b06e,25734.02264059242,630,0.0017773514,0.007152792237769315,-0.05141388174807198,6.666666666666668,0.0,0,0,2.0655911175506224e-10,0.0,0,0.0,0.258978166882508,21977.66884936243,186.0,1.235620236780626,4,0.375
b961d9b9fccce4e1,0,6b7e1f5b521de19b,,97333.73600799122,14,0.8848751,1.511267938389235e-15,0.0,0.0,0.0,0,0,1.0,0.0,0,0.0,0.19748662551467003,-0.3972851308724838,14.0,1.4142135620700491,3,0.25
b96f3e3453488cdb,4,6ab36d9b02cbcf6b,28c9c64e5918b06e,194421.19398113817,4,0.31080672,3.818742794440952e-15,0.0,0.0,0.0,0,0,1.0,0.0,0,0.0,0.12799114705529685,0.32345927447133344,4.0,2.2360679741456884,7,0.7142857142857143
b9a333a892d02177,3,6b7e1f5b521de19b,d4f34f97b6d22a81,14700.526173316806,0,0.34977806,0.0,0.0,0.0,0.0,0,0,1.0,0.0,0,0.0,0.0,0.0,0.0,0.0,1,1.0
b9ac005885a01fd7,3,6b7e1f5b521de19b,d4f34f97b6d22a81,90968.29041568555,0,0.00078451383,0.0,0.0,0.0,0.0,0,0,1.0,0.0,0,0.0,0.0,0.0,0.0,0.0,1,1.0
b9adae397b357bcc,3,6b7e1f5b521de19b,,1.170863568534039,0,0.13718952,0.0,0.0,0.0,0.0,0,0,1.0,0.0,0,0.0,0.0,0.0,0.0,0.0,1,1.0
b9bc182172f2402a,2,6b7e1f5b521de19b,6f9a9c5f2856c8b3,10348.85927884322,288,0.0018439254,-9.756544028726495e-18,0.0,0.0,0.0,0,0,1.0,0.0,0,0.0,0.0,0.0,249.0,0.729166666661603,1,0.3333333333333333
b9cd4b69aa3f486f,3,6b7e1f5b521de19b,,35845.270270304114,0,0.03863161,0.0,0.0,0.0,0.0,0,0,1.0,0.0,0,0.0,0.0,0.0,0.0,0.0,1,1.0
b9de2df3e3a5720d,3,6b7e1f5b521de19b,d4f34f97b6d22a81,24970.073975132636,0,0.022320775,0.0,0.0,0.0,0.0,0,0,1.0,0.0,0,0.0,0.0,0.0,0.0,0.0,1,1.0
b9fd9bfb5f2c177f,2,6b7e1f5b521de19b,,35845.270270304114,0,0.0705404,0.0,0.0,0.0,0.0,0,0,1.0,0.0,0,0.0,0.0,0.0,0.0,0.0,1,1.0
ba0e174a79da9d61,2,6b7e1f5b521de19b,6f9a9c5f2856c8b3,144646.6946076307,4,0.61572427,8.465557899038668e-15,0.0,0.0,0.0,0,0,1.0,0.0,0,0.0,0.07238014599817125,0.15605562059914496,2.0,1.5811388273171971,8,0.75
ba19ba4584ee78e8,2,6b7e1f5b521de19b,,10079.533693765128,0,0.0030276363,0.0,0.0,0.0,0.0,0,0,1.0,0.0,0,0.0,0.0,0.0,0.0,0.0,1,1.0
ba327c29e53a382c,5,6b7e1f5b521de19b,d4f34f97b6d22a81,81.43217479245789,0,0.024651524,0.0,0.0,0.0,0.0,0,0,1.0,0.0,0,0.0,0.0,0.0,0.0,0.0,1,1.0
ba3d3ed9f92d6184,0,6b7e1f5b521de19b,,1.170863568534039,0,0.042535774,0.0,0.0,0.0,0.0,0,0,1.0,0.0,0,0.0,0.0,0.0,0.0,0.0,1,1.0
ba4720d90a549624,2,6b7e1f5b521de19b,6f9a9c5f2856c8b3,44247.520281679084,0,0.26050198,0.0,0.0,0.0,0.0,0,0,1.0,0.0,0,0.0,1.731867490248623,37789.50050816636,0.0,0.0,4,1.0
ba4e8f6ad72a0fef,2,6b7e1f5b521de19b,6f9a9c5f2856c8b3,39239.22761907742,0,0.9194518,0.0,0.0,0.0,0.0,0,0,1.0,0.0,0,0.0,0.0,0.0,0.0,0.0,1,1.0
ba5357fcf82e1658,3,6b7e1f5b521de19b,,29889.51427805743,1370,0.0007870084,0.025765196145635508,-0.16620498614958448,60.0,0.0,0,0,4.570689630875624e-11,0.0,0,0.0,1.2171421633848075e-16,0.0,293.0,0.9178460721233183,2,0.15789473684210525
ba58e7317c7f8db8,4,7545e34e09ae9cad,28c9c64e5918b06e,25890.069407835526,0,0.0014829102,0.0,0.0,0.0,0.0,0,0,1.0,0.0,0,0.0,0.9999095552351095,22110.943785432468,0.0,0.0,2,1.0
ba7c9fdf75ef4bae,3,6b7e1f5b521de19b,,1088.314643477383,0,0.988816,0.0,0.0,0.0,0.0,0,0,1.0,0.0,0,0.0,0.0,0.0,0.0,0.0,1,1.0
ba7f2c42d7661168,5,6b7e1f5b521de19b,d4f34f97b6d22a81,5061879.379735205,15,0.0005199195,-0.1333333333333334,10.0,-10.0,10.0,0,0,2.6832815722797484e-10,0.0,0,0.0,0.9538472682399999,4323200.708353477,15.0,1.9999999993333333,5,0.16666666666666666
ba82b0da1691bc99,3,6b7e1f5b521de19b,d4f34f97b6d22a81,6622.980138906791,579,7.286893e-05,9.621219853076908e-18,0.0,0.0,0.0,0,0,1.0,1.0,1,-0.0017271157167530224,0.6690983344716364,-0.7361651970994855,122.0,1.1153263458425011,4,0.125
ba87b734bb97938c,3,6b7e1f5b521de19b,,13296.133816063299,0,0.09027193,0.0,0.0,0.0,0.0,0,0,1.0,0.0,0,0.0,0.09280239088125655,-0.16984294993429644,0.0,0.0,2,1.0
ba8e260a18cd43c3,0,6b7e1f5b521de19b,6f9a9c5f2856c8b3,9752.593994379096,0,0.10340719,0.0,0.0,0.0,0.0,0,0,1.0,0.0,0,0.0,0.9997599155635621,8328.40255079392,0.0,0.0,2,1.0
ba9ebecfcc865e23,6,6b7e1f5b521de19b,,59449.927159389554,0,0.0019053954,0.0,0.0,0.0,0.0,0,0,1.0,0.0,0,0.0,0.0,0.0,0.0,0.0,1,1.0
ba9f2a8c3fa8bca8,4,7545e34e09ae9cad,28c9c64e5918b06e,1.170863568534039,0,0.0009893798,0.0,0.0,0.0,0.0,0,0,1.0,0.0,0,0.0,0.0,0.0,0.0,0.0,1,1.0
baa17a20ea434f54,0,6b7e1f5b521de19b,6f9a9c5f2856c8b3,5040.418523328714,0,0.079439506,0.0,0.0,0.0,0.0,0,0,1.0,0.0,0,0.0,0.6960528187123491,4303.872624604325,0.0,0.0,4,1.0
bab3e1f9c7047a0c,2,6b7e1f5b521de19b,6f9a9c5f2856c8b3,66254.8314008098,0,0.7713801,0.0,0.0,0.0,0.0,0,0,1.0,0.0,0,0.0,0.0,0.0,0.0,0.0,1,1.0
babc69f7163a7190,1,6b7e1f5b521de19b,,7702.185155073742,18,0.026840854,-1.111111111111111,-40.0,-40.0,40.0,0,-1,1.0,0.0,0,0.0,0.0,0.0,18.0,0.9999999998888889,2,0.6666666666666666
bacc185e0c818520,2,6b7e1f5b521de19b,6f9a9c5f2856c8b3,7462.80698704363,0,0.17626202,0.0,0.0,0.0,0.0,0,0,1.0,0.0,0,0.0,0.0,0.0,0.0,0.0,1,1.0
bad4aff70588de75,2,6b7e1f5b521de19b,6f9a9c5f2856c8b3,814.1848226322935,0,0.043234292,0.0,0.0,0.0,0.0,0,0,1.0,0.0,0,0.0,0.0,0.0,0.0,0.0,1,1.0
bad8ed7bf5445583,3,6b7e1f5b521de19b,,1.170863568534039,0,0.0024425327,0.0,0.0,0.0,0.0,0,0,1.0,0.0,0,0.0,0.0,0.0,0.0,0.0,2,1.0
bae7de95f354be71,2,6b7e1f5b521de19b,6f9a9c5f2856c8b3,11389.885287738178,0,0.78813326,0.0,0.0,0.0,0.0,0,0,1.0,0.0,0,0.0,0.0,0.0,0.0,0.0,2,1.0
bae81a46b6cea7fb,0,6b7e1f5b521de19b,6f9a9c5f2856c8b3,814194.7473451227,2,0.022246132,-1.0721261933235726e-15,0.0,0.0,0.0,0,0,1.0,0.0,0,0.0,0.0,0.0,2.0,0.0,2,1.0
baee162e43e907ff,2,6b7e1f5b521de19b,,1.170863568534039,412,6.4040214e-05,6.544908141312325e-19,0.0,0.0,0.0,0,0,1.0,0.0,0,0.0,0.0,0.0,395.0,0.9174757281508861,1,0.3333333333333333
baf5e8af66ebed50,5,6b7e1f5b521de19b,6f9a9c5f2856c8b3,1.170863568534039,645,0.00029010497,0.00037977391347080846,0.003257328990228013,0.25,0.0,0,0,2.0333162519067067,2.0,2,-0.0031007751937984496,2.042309557524089,0.0,124.0,1.134810646995896,3,0.23809523809523808
bafb569e8b9525d8,3,6b7e1f5b521de19b,6f9a9c5f2856c8b3,52571.80087209224,40,0.47439417,0.34432136660883506,0.5263157894736842,20.0,20.0,2,1,0.8660254037978362,0.0,0,0.0,0.09416909267018841,-0.1797465839759519,37.0,1.814869141061295,5,0.16666666666666666
bb014d4764621b60,3,6b7e1f5b521de19b,d4f34f97b6d22a81,1.170863568534039,0,0.7082928,0.0,0.0,0.0,0.0,0,0,1.0,0.0,0,0.0,0.0,0.0,0.0,0.0,1,1.0
bb1b30b742f982af,4,255414ab73601d72,28c9c64e5918b06e,89864.11417526547,0,0.80042547,0.0,-40.0,40.0,0.0,0,1,1.0,0.0,0,0.0,0.7083745563799811,76749.28636152578,0.0,0.0,3,1.0
bb206ca501910ae3,3,6b7e1f5b521de19b,,1734819.175387825,22,0.0035930376,-0.9090909090909091,0.9090909090909091,-20.0,20.0,0,-1,1.0,0.0,0,0.0,0.0,0.0,22.0,0.0,2,1.0
bb328b91f8f087f9,2,6b7e1f5b521de19b,,557021.7052568932,0,0.5473596,0.0,0.0,0.0,0.0,0,0,1.0,0.0,0,0.0,0.0,0.0,0.0,0.0,1,1.0
bb4238feaaef79e9,0,6b7e1f5b521de19b,6f9a9c5f2856c8b3,37894.58255210034,0,0.08736204,0.0,0.0,0.0,0.0,0,0,1.0,0.0,0,0.0,0.0,0.0,0.0,0.0,1,1.0
bb4872741da321a6,2,6b7e1f5b521de19b,,869711.3941640588,0,0.011482324,0.0,0.0,0.0,0.0,0,0,1.0,0.0,0,0.0,0.0,0.0,0.0,0.0,1,1.0
bb502a478e9afbda,0,062b9e5a52eb6d8e,,17314.42813536475,0,0.665678,0.0,0.0,0.0,0.0,0,0,1.0,0.0,0,0.0,0.0,0.0,0.0,0.0,1,1.0
bba9cf7e0847a3e6,3,6b7e1f5b521de19b,6f9a9c5f2856c8b3,5655.969519442425,0,0.025242437,0.0,0.0,0.0,0.0,0,0,1.0,0.0,0,0.0,0.0,0.0,0.0,0.0,1,1.0
bbb8a8b63e7ccce5,3,6b7e1f5b521de19b,d4f34f97b6d22a81,13707.11230296319,0,0.6981206,0.0,0.0,0.0,0.0,0,0,1.0,0.0,0,0.0,0.11162660643500957,-0.20083471516214063,0.0,0.0,2,1.0
bbdca71d1c6d7417,4,38080774be85927f,,1.170863568534039,0,0.08934973,0.0,0.0,0.0,0.0,0,0,1.0,0.0,0,0.0,0.0,0.0,0.0,0.0,1,1.0
bbffaabc823a168d,2,6b7e1f5b521de19b,6f9a9c5f2856c8b3,301.94614676356866,0,0.28303862,0.0,0.0,0.0,0.0,0,0,1.0,0.0,0,0.0,0.9922745109669466,256.8832879236438,0.0,0.0,2,1.0
bc0cae56c40b3eef,2,6b7e1f5b521de19b,6f9a9c5f2856c8b3,1.170863568534039,0,0.014030065,0.0,0.0,0.0,0.0,0,0,1.0,0.0,0,0.0,0.0,0.0,0.0,0.0,1,1.0
bc235974e193fcab,3,6b7e1f5b521de19b,,89664.46366676311,170,0.00031623876,1.380649574689143e-17,0.0,0.0,0.0,0,0,1.0,0.0,0,0.0,0.0,0.0,115.0,1.2296791152795314,3,0.3333333333333333
bc3700f381906505,5,6b7e1f5b521de19b,d4f34f97b6d22a81,432898.4273457084,77,4.90352e-05,-0.13447210612393243,-0.14084507042253522,-10.0,10.0,0,-1,1.0,0.0,0,0.0,0.6158842444677567,10.127172516036392,71.0,0.8441558441339181,2,0.3333333333333333
bc3a19504052a2a0,4,bd661df59343798b,28c9c64e5918b06e,1.170863568534039,0,0.002709393,0.0,0.0,0.0,0.0,0,0,1.0,0.0,0,0.0,0.0,0.0,0.0,0.0,1,1.0
bc48b62cefe53b89,4,b6bf95545ecbafbf,28c9c64e5918b06e,16444.64169778268,37,0.3162127,0.9698825931597754,2.7777777777777777,50.0,0.0,0,1,1.2374368670628875,0.0,0,0.0,0.5721862206652153,14043.882887911468,13.0,0.813059943462278,3,0.14285714285714285
bc4c57843dbcce78,2,6b7e1f5b521de19b,6f9a9c5f2856c8b3,98.49392076768089,0,0.0577163,0.0,0.0,0.0,0.0,0,0,1.0,0.0,0,0.0,0.0,0.0,0.0,0.0,1,1.0
bc501695d157171b,0,062b9e5a52eb6d8e,,44536.416049044215,0,0.17050827,0.0,0.0,0.0,0.0,0,0,1.0,0.0,0,0.0,0.0,0.0,0.0,0.0,1,1.0
bc50ab27b13e31c5,3,6b7e1f5b521de19b,,11264.189824104717,0,0.018119663,0.0,0.0,0.0,0.0,0,0,1.0,0.0,0,0.0,0.0,0.0,0.0,0.0,1,1.0
bc6588093a6750fb,2,6b7e1f5b521de19b,6f9a9c5f2856c8b3,390.0995045130273,310,0.013646132,0.018661827146966133,0.03225806451612903,-10.0,60.0,2,0,1.2172540067908548,0.0,0,0.0,0.0,0.0,274.0,1.7150857852263688,3,0.6666666666666666
bc6c44683ec05d1e,3,6b7e1f5b521de19b,,368869.1381210446,0,0.08629505,0.0,0.0,0.0,0.0,0,0,1.0,0.0,0,0.0,0.0,0.0,0.0,0.0,1,1.0
bc6e814156606e6f,5,6b7e1f5b521de19b,6f9a9c5f2856c8b3,98.49392076768089,0,0.12573129,0.0,0.0,0.0,0.0,0,0,1.0,0.0,0,0.0,0.9765039662242045,83.12074934656873,0.0,0.0,2,1.0
bc72605f5d39d105,3,6b7e1f5b521de19b,,1.170863568534039,677,0.00011931723,-2.8253735914274465e-18,0.0,0.0,0.0,0,0,1.0,0.0,0,0.0,1.8964174025279222e-16,0.0,137.0,0.7238642824618197,2,0.23076923076923078
bc72cba3843dbc1c,0,6b7e1f5b521de19b,,8290.869253090716,0,0.035643972,0.0,0.0,0.0,0.0,0,0,1.0,0.0,0,0.0,0.0,0.0,0.0,0.0,1,1.0
bc80a1c3fd728bd7,3,6b7e1f5b521de19b,,11264.189824104717,0,0.0021606127,0.0,0.0,0.0,0.0,0,0,1.0,0.0,0,0.0,0.0,0.0,0.0,0.0,1,1.0
bc8d0cf800f384af,2,6b7e1f5b521de19b,6f9a9c5f2856c8b3,98.49392076768089,33,0.0009649943,-6.497734504991349e-17,0.0,0.0,0.0,0,0,1.0,0.0,0,0.0,0.0,0.0,33.0,0.0,2,1.0
bcac85303002866d,0,6b7e1f5b521de19b,6f9a9c5f2856c8b3,1.170863568534039,0,0.1200023,0.0,0.0,0.0,0.0,0,0,1.0,0.0,0,0.0,0.0,0.0,0.0,0.0,1,1.0
bcd1eef951ca00b9,5,6b7e1f5b521de19b,6f9a9c5f2856c8b3,1.170863568534039,0,0.20330968,0.0,0.0,0.0,0.0,0,0,1.0,0.0,0,0.0,0.0,0.0,0.0,0.0,1,1.0
bce5082105b30921,2,6b7e1f5b521de19b,,226241.71147143986,0,0.90291774,0.0,0.0,0.0,0.0,0,0,1.0,0.0,0,0.0,0.0,0.0,0.0,0.0,1,1.0
bd11809a56dbfcb9,0,6b7e1f5b521de19b,6f9a9c5f2856c8b3,98.49392076768089,5,0.053197596,-4.28850477329429e-16,0.0,0.0,0.0,0,0,1.0,0.0,0,0.0,0.0,0.0,5.0,0.0,2,1.0
bd14c30d17ef2054,1,6b7e1f5b521de19b,,222.37747696614647,0,0.19159937,0.0,0.0,0.0,0.0,0,0,1.0,0.0,0,0.0,0.0,0.0,0.0,0.0,2,1.0
bd27426855516115,0,6b7e1f5b521de19b,6f9a9c5f2856c8b3,1.170863568534039,0,0.06922139,0.0,0.0,0.0,0.0,0,0,1.0,0.0,0,0.0,0.0,0.0,0.0,0.0,1,1.0
bd2e26418c061769,4,fd10c5543bdbcbc9,d4f34f97b6d22a81,92863.35122060702,585,0.0085070785,0.037797387855356,0.03424657534246575,15.0,0.0,0,0,1.2374368670425318,0.0,0,0.0,0.39439857076283846,79310.84615887835,167.0,1.7737256580402045,15,0.09523809523809523
bd32d44df4b1de30,4,75c64824a2a4e380,28c9c64e5918b06e,574461.96467564,0,0.026064329,0.0,0.0,0.0,0.0,0,0,1.0,0.0,0,0.0,0.0,0.0,0.0,0.0,1,1.0
bd5355abea6d2fc6,5,6b7e1f5b521de19b,d4f34f97b6d22a81,7611551.463232672,120,9.1569236e-05,-1.243815421713576e-18,0.0,0.0,0.0,0,0,1.0,0.0,0,0.0,1.223564708343889e-16,0.0,120.0,0.9999999999833334,2,0.3333333333333333
bd57a2bcd477f88a,2,6b7e1f5b521de19b,6f9a9c5f2856c8b3,82470.41553248063,80,0.2792195,0.1171884814310991,-1.6129032258064515,12.5,0.0,0,0,9.176629353980365e-11,0.0,0,0.0,0.30638658136512315,0.417239393163561,24.0,1.5325632120354267,5,0.2
bd6efc71a578cdf0,3,6b7e1f5b521de19b,d4f34f97b6d22a81,3303.290441942712,0,0.6523621,0.0,0.0,0.0,0.0,0,0,1.0,0.0,0,0.0,0.0,0.0,0.0,0.0,1,1.0
bd71d6b4f318a197,3,6b7e1f5b521de19b,2095e0b55fdf3180,253703.23397240776,49,0.58372694,1.0098438560760352,-2.272727272727273,50.0,0.0,0,0,0.8838834764879249,0.0,0,0.0,0.49999711557131077,216679.4406512134,26.0,0.9665371620610678,2,0.4
bd830d47f8a66e61,4,e43bc3ffd79e75b6,28c9c64e5918b06e,56323.71333404005,283,0.002322779,1.3991700435471236e-17,0.0,0.0,0.0,0,0,1.0,0.0,0,0.0,0.43846744942225463,-0.4692495099547612,109.0,1.6264131371916908,4,0.26666666666666666
bd8aff3ba1d25d81,2,6b7e1f5b521de19b,6f9a9c5f2856c8b3,614958.1099106147,0,0.40019867,0.0,0.0,0.0,0.0,0,0,1.0,0.0,0,0.0,0.0,0.0,0.0,0.0,1,1.0
bd90cf2173f7b1ef,0,4e40b1753336bf63,,1187910.3043156844,0,0.0001043036,0.0,0.0,0.0,0.0,0,0,1.0,0.0,0,0.0,0.0,0.0,0.0,0.0,1,1.0
bda7a16fa4f05520,6,6b7e1f5b521de19b,,1.170863568534039,0,0.06270616,0.0,-40.0,40.0,0.0,0,1,1.0,1.0,0,0.0,0.0,0.0,0.0,0.0,2,1.0
bdb1a05a9851f1bf,3,6b7e1f5b521de19b,6f9a9c5f2856c8b3,6286.512539781899,0,0.022656722,0.0,0.0,0.0,0.0,0,0,1.0,0.0,0,0.0,0.0,0.0,0.0,0.0,1,1.0
bdba520e797eb3c6,4,b4d1bda83fb7745f,28c9c64e5918b06e,20355.321562998506,241,0.00042807354,-8.460521721949179e-18,0.0,0.0,0.0,0,0,1.0,0.0,0,0.0,0.028657624058743884,0.06335984890909144,129.0,1.0823753058440482,3,0.16666666666666666
bdc768cfdea98940,2,6b7e1f5b521de19b,6f9a9c5f2856c8b3,13707.11230296319,74,0.0009407157,-2.89763836033398e-17,0.0,0.0,0.0,0,0,1.0,0.0,0,0.0,0.0,0.0,74.0,0.0,2,1.0
bdd95c036e52d733,2,6b7e1f5b521de19b,6f9a9c5f2856c8b3,31212.078198851057,0,0.6938667,0.0,0.0,0.0,0.0,0,0,1.0,0.0,0,0.0,0.0,0.0,0.0,0.0,2,1.0
bddb1964531b894b,3,6b7e1f5b521de19b,,2.4198904513070483,0,0.0026627632,0.0,0.0,0.0,0.0,0,0,1.0,0.0,0,0.0,0.0,0.0,0.0,0.0,2,1.0
bde50d04abdaa90c,5,6b7e1f5b521de19b,d4f34f97b6d22a81,168632.66953805738,152,0.059782162,0.07236842105263148,-0.07236842105263158,11.0,0.0,0,1,1.0,0.0,0,0.0,0.5316062766834667,-0.6941813764756899,152.0,0.0,2,1.0
bdf039c8e81f4c98,0,6b7e1f5b521de19b,6f9a9c5f2856c8b3,12688.705330777142,113,0.0012590608,0.11929927578782551,-0.24731182795698925,23.0,0.0,0,0,1.0,0.0,0,0.0,0.0,0.0,87.0,0.9384704364418768,2,0.5
bdf27790c906f5b7,3,6b7e1f5b521de19b,,8304.689797280567,0,0.004427085,0.0,0.0,0.0,0.0,0,0,1.0,0.0,0,0.0,0.0,0.0,0.0,0.0,1,1.0
bdfaeb50ecd324d4,2,6b7e1f5b521de19b,6f9a9c5f2856c8b3,1.170863568534039,0,0.005569275,0.0,0.0,0.0,0.0,0,0,1.0,0.0,0,0.0,0.0,0.0,0.0,0.0,1,1.0
be19ebe7571888bb,2,6b7e1f5b521de19b,d4f34f97b6d22a81,1256.3421066376065,56,0.041235514,3.674609779560396e-16,0.0,0.0,0.0,0,0,1.0,0.0,0,0.0,0.4467135452137555,1072.0046953383217,34.0,1.2195265055313904,3,0.16666666666666666
be1a9b4e567611fb,5,6b7e1f5b521de19b,,54608.54408792734,0,0.10034363,0.0,0.0,0.0,0.0,0,0,1.0,0.0,0,0.0,0.0,0.0,0.0,0.0,1,1.0
be20b2591bc9d15b,3,6b7e1f5b521de19b,,8342.688652667997,3,0.21518736,-1.6222091274948266e-15,0.0,0.0,0.0,0,0,1.0,0.0,0,0.0,0.0,0.0,3.0,0.9999999993333333,3,0.3333333333333333
be2d0d721f00529b,5,6b7e1f5b521de19b,6f9a9c5f2856c8b3,38012.72997541478,0,0.91264445,0.0,0.0,0.0,0.0,0,0,1.0,0.0,0,0.0,0.0,0.0,0.0,0.0,1,1.0
be3c4eb21fdc43c5,3,6b7e1f5b521de19b,,25102.753943361105,0,0.027086254,0.0,0.0,0.0,0.0,0,0,1.0,0.0,0,0.0,0.0,0.0,0.0,0.0,1,1.0
be54045dd4e1b2ba,0,062b9e5a52eb6d8e,28c9c64e5918b06e,1.170863568534039,0,0.059808314,0.0,0.0,0.0,0.0,0,0,1.0,0.0,0,0.0,0.0,0.0,0.0,0.0,1,1.0
be63d798586b5ddf,2,6b7e1f5b521de19b,6f9a9c5f2856c8b3,50238.381732418726,104,0.00011571448,-3.271577839716116e-18,0.0,0.0,0.0,0,0,1.0,0.0,0,0.0,0.0,0.0,32.0,0.7226267010304361,2,0.25
be694d211b205ad0,2,6b7e1f5b521de19b,6f9a9c5f2856c8b3,262.2931122345503,0,0.057225544,0.0,0.0,0.0,0.0,0,0,1.0,0.0,0,0.0,0.0,0.0,0.0,0.0,1,1.0
be6aa185b0468128,5,6b7e1f5b521de19b,d4f34f97b6d22a81,256870.94719714334,155,0.00093437795,1.6233787359204867e-17,0.0,0.0,0.0,0,0,1.0,0.0,0,0.0,0.11690125894340066,-0.26076437693492116,45.0,1.3843633982570283,8,0.07692307692307693
be6e54260eaf8a2a,0,6b7e1f5b521de19b,6f9a9c5f2856c8b3,71953.6184708905,561,0.00088017964,0.05935768734119211,-0.0632629421723247,30.0,0.0,0,0,7.778174592447023e-11,0.0,0,0.0,0.31622210563624975,61452.46085110401,110.0,0.5782356455140886,2,0.2727272727272727
be7359786cba9eee,3,6b7e1f5b521de19b,,27964.446350806866,0,0.05134898,0.0,0.0,0.0,0.0,0,0,1.0,0.0,0,0.0,0.0,0.0,0.0,0.0,1,1.0
be7960ff6cb7a593,6,6b7e1f5b521de19b,,8342.688652667997,0,0.4547445,0.0,0.0,0.0,0.0,0,0,1.0,0.0,0,0.0,0.0,0.0,0.0,0.0,1,1.0
be93bd0d6ec355f5,2,6b7e1f5b521de19b,6f9a9c5f2856c8b3,1.170863568534039,0,0.017324327,0.0,0.0,0.0,0.0,0,0,1.0,0.0,0,0.0,0.0,0.0,0.0,0.0,1,1.0
bea8dfb11c11bcd1,2,6b7e1f5b521de19b,,35845.270270304114,336,0.0005682685,-7.309830660564372e-18,0.0,0.0,0.0,0,0,1.0,0.0,0,0.0,0.0,0.0,143.0,0.9681909457589009,2,0.14285714285714285
bea9dda34ad81268,3,6b7e1f5b521de19b,d4f34f97b6d22a81,11656.755479887493,90,0.007648165,0.3491914694164518,-1.3793103448275863,40.0,0.0,0,0,0.5809475019592234,1.0,0,0.011111111111111112,0.4620421880450525,9954.690648469103,53.0,1.0165300454086532,2,0.16666666666666666
beaba58ad67a434f,1,6b7e1f5b521de19b,6f9a9c5f2856c8b3,1.170863568534039,0,0.52333564,0.0,0.0,0.0,0.0,0,0,1.0,0.0,0,0.0,0.0,0.0,0.0,0.0,1,1.0
beadd1258f01c7d1,3,6b7e1f5b521de19b,,1.170863568534039,0,0.000480463,0.0,0.0,0.0,0.0,0,0,1.0,0.0,0,0.0,0.0,0.0,0.0,0.0,2,1.0
beb2ff2fbe5fbb3b,1,6b7e1f5b521de19b,,9134.575282606509,75,0.008892939,1.672412991155738e-16,0.0,0.0,0.0,0,0,1.0,0.0,0,0.0,0.0,0.0,48.0,1.356757071028461,3,0.16666666666666666
bec39efcf8271c7b,3,6b7e1f5b521de19b,,107673.31262801727,42,0.0036861221,2.2835088618649937e-17,0.0,0.0,0.0,0,0,1.0,0.0,0,0.0,0.0,0.0,34.0,0.6190476190181405,1,0.3333333333333333
bed5831338c333d6,0,6b7e1f5b521de19b,,1.170863568534039,0,0.047123868,0.0,0.0,0.0,0.0,0,0,1.0,0.0,0,0.0,0.0,0.0,0.0,0.0,1,1.0
bed6421d7256bc86,5,6b7e1f5b521de19b,d4f34f97b6d22a81,1.170863568534039,0,0.023926541,0.0,0.0,0.0,0.0,0,0,1.0,0.0,0,0.0,0.0,0.0,0.0,0.0,1,1.0
bed9b7ab6314c50a,2,6b7e1f5b521de19b,6f9a9c5f2856c8b3,98.49392076768089,29,0.00079147157,-7.393973747059121e-17,0.0,0.0,0.0,0,0,1.0,0.0,0,0.0,0.0,0.0,29.0,0.0,2,1.0
bedf1b316aeaa840,2,6b7e1f5b521de19b,6f9a9c5f2856c8b3,44893.2429865961,0,0.02880809,0.0,0.0,0.0,0.0,0,0,1.0,0.0,0,0.0,0.0,0.0,0.0,0.0,1,1.0
bf216d5de8b2c251,2,6b7e1f5b521de19b,,1.170863568534039,412,6.141061e-05,7.585143579340334e-19,0.0,0.0,0.0,0,0,1.0,0.0,0,0.0,0.0,0.0,395.0,1.3276454977160081,2,0.25
bf23dfe432a17339,3,6b7e1f5b521de19b,,36095.37719582366,64,0.014827768,0.4168023445131882,-4.25249169435216,10.0,60.0,1,-1,0.9750000000009382,2.0,1,0.0,0.15815091553046193,0.696757752452551,17.0,0.9692539010226915,4,0.23076923076923078
bf403131ef16bf81,2,6b7e1f5b521de19b,,13121.811050396169,0,0.15215707,0.0,0.0,0.0,0.0,0,0,1.0,0.0,0,0.0,0.0,0.0,0.0,0.0,1,1.0
bf4a855ccff82456,2,6b7e1f5b521de19b,6f9a9c5f2856c8b3,1.170863568534039,0,0.21062772,0.0,0.0,0.0,0.0,0,0,1.0,0.0,0,0.0,0.0,0.0,0.0,0.0,1,1.0
bf56e35ec6593790,0,6b7e1f5b521de19b,6f9a9c5f2856c8b3,30440.618775478477,0,0.018572874,0.0,0.0,0.0,0.0,0,0,1.0,0.0,0,0.0,0.0,0.0,0.0,0.0,1,1.0
bf57eb1ab7ccf3cc,3,6b7e1f5b521de19b,,2357482.063301993,578,0.010253759,0.02362210284971773,0.23809523809523808,20.0,0.0,0,1,1.1067971810471124,1.0,1,-0.0017301038062283738,0.09636638793061654,0.25709955635093773,395.0,1.4431886740425084,3,0.7142857142857143
bf58fbd8ee6ddd48,3,6b7e1f5b521de19b,d4f34f97b6d22a81,5083.8994500666495,0,0.056120105,0.0,0.0,0.0,0.0,0,0,1.0,0.0,0,0.0,0.0,0.0,0.0,0.0,1,1.0
bf5ff01c4cbab7b3,3,6b7e1f5b521de19b,,10473.765053251393,3,0.05692029,3.333333333333332,-20.0,20.0,0.0,0,1,1.0,0.0,0,0.0,0.7069882164739607,8944.333457052477,3.0,0.9999999993333333,3,0.3333333333333333
bf88b3f17f57bc78,2,6b7e1f5b521de19b,d4f34f97b6d22a81,19044.08525693258,0,0.06714235,0.0,0.0,0.0,0.0,0,0,1.0,0.0,0,0.0,0.0,0.0,0.0,0.0,1,1.0
bf8b97fd9a37de57,3,6b7e1f5b521de19b,d4f34f97b6d22a81,8011.0813007342695,40,0.0028615228,3.1882919777709996e-16,0.0,0.0,0.0,0,0,1.0,0.0,0,0.0,0.49990865615193597,6841.027983469002,27.0,1.0653637875265893,3,0.2
bfab3c9721b2c6cb,3,6b7e1f5b521de19b,d4f34f97b6d22a81,1223.024129746237,0,0.0028288215,0.0,0.0,0.0,0.0,0,0,1.0,0.0,0,0.0,0.0,0.0,0.0,0.0,1,1.0
bfc6938c845cf8ac,0,6b7e1f5b521de19b,6f9a9c5f2856c8b3,162.58892276000725,72,0.0015985554,2.707789487493355e-16,0.0,0.0,0.0,0,0,1.0,0.0,0,0.0,0.0,0.0,65.0,1.2138285008628062,3,0.25
bfc69ea6ac7b875d,5,6b7e1f5b521de19b,6f9a9c5f2856c8b3,98.49392076768089,20,0.002506858,-1.0721261933235725e-16,0.0,0.0,0.0,0,0,1.0,0.0,0,0.0,0.0,0.0,20.0,0.0,2,1.0
bfd97b55c7239c1c,4,506023b3e03cfab3,28c9c64e5918b06e,1.170863568534039,0,0.14585179,0.0,0.0,0.0,0.0,0,0,1.0,0.0,0,0.0,0.0,0.0,0.0,0.0,1,1.0
bfdc4ac273982b64,0,52838e14fa2f9ca3,,41926.96627349031,0,0.7720344,0.0,0.0,0.0,0.0,0,0,1.0,0.0,0,0.0,0.0,0.0,0.0,0.0,1,1.0
bfdd2b225f20e10b,2,6b7e1f5b521de19b,6f9a9c5f2856c8b3,98.49392076768089,20,0.0009304127,-1.0721261933235725e-16,0.0,0.0,0.0,0,0,1.0,0.0,0,0.0,0.0,0.0,20.0,0.0,2,1.0
c003431073fc3649,2,6b7e1f5b521de19b,6f9a9c5f2856c8b3,17071833.149338674,0,0.029470786,0.0,0.0,0.0,0.0,0,0,1.0,0.0,0,0.0,0.0,0.0,0.0,0.0,1,1.0
c006a7e92b87532d,3,6b7e1f5b521de19b,,35845.270270304114,0,0.05608269,0.0,0.0,0.0,0.0,0,0,1.0,0.0,0,0.0,0.0,0.0,0.0,0.0,1,1.0
c01fff8b261e51b1,3,6b7e1f5b521de19b,d4f34f97b6d22a81,86909.64622425994,0,0.07045464,0.0,0.0,0.0,0.0,0,0,1.0,0.0,0,0.0,0.0,0.0,0.0,0.0,1,1.0
c02f4cd9a4569c56,2,6b7e1f5b521de19b,6f9a9c5f2856c8b3,4271.355885203606,0,0.10300632,0.0,0.0,0.0,0.0,0,0,1.0,0.0,0,0.0,0.0,0.0,0.0,0.0,1,1.0
c0357fdbaa76d099,3,6b7e1f5b521de19b,,9648.963805727817,51,9.609527e-05,-0.17647058823529413,0.17647058823529413,-9.0,9.0,0,-1,1.0,0.0,0,0.0,0.0,0.0,51.0,0.0,2,1.0
c04a5eaf20be964b,2,6b7e1f5b521de19b,d4f34f97b6d22a81,634.3345668274252,0,0.10060672,0.0,0.0,0.0,0.0,0,0,1.0,0.0,0,0.0,0.0,0.0,0.0,0.0,1,1.0
c05e9265ae05d565,2,6b7e1f5b521de19b,6f9a9c5f2856c8b3,737.4802775607949,0,0.63731444,0.0,0.0,0.0,0.0,0,0,1.0,0.0,0,0.0,0.0,0.0,0.0,0.0,1,1.0
c07217dccd9a957c,0,6b7e1f5b521de19b,,4271.355885203606,0,0.5197652,0.0,0.0,0.0,0.0,0,0,1.0,0.0,0,0.0,0.0,0.0,0.0,0.0,1,1.0
c088ae5bf6165ba8,0,fc3655a0b667e091,,36095.37719582366,0,0.079285584,0.0,0.0,0.0,0.0,0,0,1.0,0.0,0,0.0,0.0,0.0,0.0,0.0,1,1.0
c08b40db0c03ebd6,0,6b7e1f5b521de19b,6f9a9c5f2856c8b3,2278109.6583754187,0,0.00019631963,0.0,0.0,0.0,0.0,0,0,1.0,1.0,0,0.0,0.7280289969876536,1945665.189979495,0.0,0.0,3,1.0
c08c545c4bbd999d,0,6b7e1f5b521de19b,6f9a9c5f2856c8b3,142469.60630825118,0,0.001882253,0.0,0.0,0.0,0.0,0,0,1.0,2.0,0,0.0,0.7070980643571559,121678.08382923553,0.0,0.0,3,1.0
c09c06b8894a5ade,5,6b7e1f5b521de19b,d4f34f97b6d22a81,1.170863568534039,0,0.0030369686,0.0,0.0,0.0,0.0,0,0,1.0,0.0,0,0.0,0.0,0.0,0.0,0.0,1,1.0
c0a0994d86dd834d,1,255414ab73601d72,6f9a9c5f2856c8b3,2854602.6566189914,64,0.0008310557,4.7433819686130553e-17,0.0,0.0,0.0,0,0,1.0,0.0,0,0.0,0.5773499534430294,2438030.836786118,64.0,1.414213562306804,3,0.25
c0b0fca95a0e7d16,0,6b7e1f5b521de19b,6f9a9c5f2856c8b3,1.170863568534039,0,0.5534296,0.0,0.0,0.0,0.0,0,0,1.0,0.0,0,0.0,0.0,0.0,0.0,0.0,1,1.0
c0dc4a81df6b8629,4,e366e0e543d0c5cd,28c9c64e5918b06e,69724.73083759527,80,0.24242082,0.14793741109530578,-0.22727272727272727,10.0,0.0,0,0,2.020725941755357e-10,2.0,0,0.025,1.0696619545343502,-0.8234804934631018,37.0,0.9384162188857915,3,0.42857142857142855
c0dd0e0c6b9b7f17,5,6b7e1f5b521de19b,,1.170863568534039,0,0.011742636,0.0,0.0,0.0,0.0,0,0,1.0,0.0,0,0.0,0.0,0.0,0.0,0.0,1,1.0
c0f0aa4fc39770cd,3,6b7e1f5b521de19b,,121130.27981900205,0,0.0016722335,0.0,0.0,0.0,0.0,0,0,1.0,0.0,0,0.0,0.0,0.0,0.0,0.0,1,1.0
c0fbb77725956aef,5,6b7e1f5b521de19b,6f9a9c5f2856c8b3,1.170863568534039,0,0.06823974,0.0,0.0,0.0,0.0,0,0,1.0,0.0,0,0.0,0.0,0.0,0.0,0.0,1,1.0
c106deac097e5d6b,3,6b7e1f5b521de19b,d4f34f97b6d22a81,180927.6393031778,0,0.0254511,0.0,0.0,0.0,0.0,0,0,1.0,0.0,0,0.0,0.0,0.0,0.0,0.0,1,1.0
c10b2d3a7428f56d,4,6b7e1f5b521de19b,,978123.8390316073,0,0.0001513734,0.0,0.0,0.0,0.0,0,0,1.0,0.0,0,0.0,0.0,0.0,0.0,0.0,1,1.0
c11d9b1b6ee6d3f2,3,6b7e1f5b521de19b,,25102.753943361105,0,0.6881176,0.0,0.0,0.0,0.0,0,0,1.0,0.0,0,0.0,0.0,0.0,0.0,0.0,1,1.0
c135549e954464c4,5,6b7e1f5b521de19b,28c9c64e5918b06e,1.170863568534039,0,0.00016072534,0.0,10.0,-10.0,10.0,0,-1,1.0,0.0,0,0.0,0.0,0.0,0.0,0.0,2,1.0
c137df3851f297a8,0,6b7e1f5b521de19b,6f9a9c5f2856c8b3,293635.3272312708,258,0.008758245,1.5214497277349258e-18,0.0,0.0,0.0,0,0,1.0,0.0,0,0.0,0.31742557808324684,250784.26236742697,104.0,1.5372309981571763,6,0.2727272727272727
c14f4f2495ec93f8,2,6b7e1f5b521de19b,6f9a9c5f2856c8b3,7045.211152236175,19,0.59917927,1.0812986316071904,2.7777777777777777,50.0,50.0,2,0,0.9463204468171139,0.0,0,0.0,0.798428018223623,6016.106810366488,11.0,2.2600958459613865,10,0.3125
c15533ba2525f958,2,6b7e1f5b521de19b,6f9a9c5f2856c8b3,1.170863568534039,0,0.21062772,0.0,0.0,0.0,0.0,0,0,1.0,0.0,0,0.0,0.0,0.0,0.0,0.0,1,1.0
c156c85658a2e132,3,6b7e1f5b521de19b,,1.170863568534039,0,0.0028157253,0.0,0.0,0.0,0.0,0,0,1.0,0.0,0,0.0,0.0,0.0,0.0,0.0,1,1.0
c1592c179467dc31,2,6b7e1f5b521de19b,6f9a9c5f2856c8b3,147782.212188992,0,0.018847128,0.0,0.0,0.0,0.0,0,0,1.0,0.0,0,0.0,0.0,0.0,0.0,0.0,2,1.0
c15ea1b31b7e693f,5,6b7e1f5b521de19b,6f9a9c5f2856c8b3,46580.410918135836,0,0.15213914,0.0,-30.0,30.0,0.0,0,0,0.8838834764910851,0.0,0,0.0,0.0,0.0,0.0,0.0,5,1.0
c16532c2bf1dd098,0,6b7e1f5b521de19b,6f9a9c5f2856c8b3,1.170863568534039,0,0.01682852,0.0,0.0,0.0,0.0,0,0,1.0,0.0,0,0.0,0.0,0.0,0.0,0.0,1,1.0
c16628f058e39ef7,3,6b7e1f5b521de19b,,2703.457314450213,42,0.0024302492,0.31746031746031766,-20.0,20.0,0.0,0,1,1.0,0.0,0,0.0,0.9991341777926821,2307.9430631401688,42.0,1.4142135622720797,3,0.25
c175ab98f70c4cee,2,6b7e1f5b521de19b,6f9a9c5f2856c8b3,260872.325045877,287,4.52848e-05,-0.09885938935550159,-0.24193548387096775,-30.0,30.0,0,0,7.315635208967713e-11,0.0,0,0.0,0.2499988078055104,222802.34964431258,47.0,0.7154235858578682,3,0.35294117647058826
c176ca97761ee7a8,4,bd661df59343798b,d4f34f97b6d22a81,1.170863568534039,0,0.002709393,0.0,0.0,0.0,0.0,0,0,1.0,0.0,0,0.0,0.0,0.0,0.0,0.0,1,1.0
c1889aabcd0dd763,2,6b7e1f5b521de19b,,334572.7778549476,0,0.17189097,0.0,0.0,0.0,0.0,0,0,1.0,0.0,0,0.0,0.0,0.0,0.0,0.0,1,1.0
c18d0b314a8a0a44,5,6b7e1f5b521de19b,6f9a9c5f2856c8b3,1.170863568534039,0,0.20652822,0.0,0.0,0.0,0.0,0,0,1.0,0.0,0,0.0,0.0,0.0,0.0,0.0,1,1.0
c18f86dc0f42c475,4,47dc86e9ce418791,28c9c64e5918b06e,36739.61151655595,3,0.02568211,-4.0555228187370665e-16,0.0,0.0,0.0,0,0,1.0,0.0,0,0.0,0.0,0.0,3.0,0.9999999993333333,3,0.3333333333333333
c1bde03ecdf1665f,2,6b7e1f5b521de19b,,1.170863568534039,733,6.028421e-05,9.299789455508664e-19,0.0,0.0,0.0,0,0,1.0,0.0,0,0.0,1.8964174025279222e-16,0.0,123.0,1.0739376406838506,4,0.15
c1c94cd118a55387,2,6b7e1f5b521de19b,6f9a9c5f2856c8b3,19914.157415682886,154,4.151063e-05,0.01943148701619136,-0.5,4.0,0.0,0,0,5.416666663732638e-10,0.0,0,0.0,0.7904938846441457,17007.093812856514,48.0,1.3659843729636725,6,0.07692307692307693
c1cd8c38472384b8,3,6b7e1f5b521de19b,,5126.849721354915,0,0.89852184,0.0,0.0,0.0,0.0,0,0,1.0,0.0,0,0.0,0.0,0.0,0.0,0.0,1,1.0
c1eaa9d177da123e,3,6b7e1f5b521de19b,d4f34f97b6d22a81,11648.67702167627,8,0.7378047,0.8602150537634408,2.857142857142857,10.0,0.0,0,1,1.4433756729001685,2.0,1,0.0,0.5253151377319514,-0.559693162278435,6.0,2.084166497721946,9,0.4
c1ec00ff07cda088,3,062b9e5a52eb6d8e,28c9c64e5918b06e,105764.9719947007,45,0.00013349115,6.950529659386843e-18,0.0,0.0,0.0,0,0,1.0,0.0,0,0.0,0.5984014694169854,43705.51239091182,45.0,1.4142135622788141,3,0.25
c20894a00ffb2fbb,0,e43bc3ffd79e75b6,,1845240.0868962975,7,0.16894549,1.428571428571429,1.4285714285714286,10.0,0.0,0,1,1.0,0.0,0,0.0,0.0518347975450882,-0.09856072011701297,7.0,1.4142135617670033,4,0.25
c2100b4120abb2a1,1,6b7e1f5b521de19b,,4947.891911494577,97,0.0009248199,-1.2163714477771671e-17,0.0,0.0,0.0,0,0,1.0,0.0,0,0.0,0.0,0.0,97.0,0.0,2,1.0
c2208afc555dcf4e,3,6b7e1f5b521de19b,,5083.8994500666495,0,0.010773188,0.0,0.0,0.0,0.0,0,0,1.0,0.0,0,0.0,0.0,0.0,0.0,0.0,2,1.0
c2333b59b359bfa0,3,6b7e1f5b521de19b,6f9a9c5f2856c8b3,239334.7116857018,0,0.11188573,0.0,0.0,0.0,0.0,0,0,1.0,0.0,0,0.0,0.0,0.0,0.0,0.0,1,1.0
c23426e99e8339b4,2,6b7e1f5b521de19b,,1.170863568534039,0,0.0024432845,0.0,0.0,0.0,0.0,0,0,1.0,0.0,0,0.0,0.0,0.0,0.0,0.0,1,1.0
c2411566430a6b16,3,6b7e1f5b521de19b,d4f34f97b6d22a81,38019.97120731995,666,0.00043007344,-0.015301274600832809,-0.13309965896172793,0.0,35.0,2,1,0.7324096129176804,0.0,0,0.0,0.6565674309278622,32470.73473415203,140.0,1.0760770072119274,3,0.2222222222222222
c2473265a0598685,2,6b7e1f5b521de19b,6f9a9c5f2856c8b3,85869.50411400758,0,0.5038489,0.0,0.0,0.0,0.0,0,0,1.0,0.0,0,0.0,0.0,0.0,0.0,0.0,1,1.0
c24e1d840cae921b,1,6b7e1f5b521de19b,,2.4198904513070483,0,0.0010862729,0.0,0.0,0.0,0.0,0,0,1.0,0.0,0,0.0,0.0,0.0,0.0,0.0,1,1.0
c25fc9168085cdf6,2,6b7e1f5b521de19b,,1.170863568534039,404,0.00025874644,-7.644764873457591e-18,0.0,0.0,0.0,0,0,1.0,0.0,0,0.0,0.0,0.0,179.0,0.8764403748091664,2,0.16666666666666666
c2687b4970fc499f,2,6b7e1f5b521de19b,6f9a9c5f2856c8b3,507.8161000568855,0,0.07591461,0.0,0.0,0.0,0.0,0,0,1.0,0.0,0,0.0,0.0,0.0,0.0,0.0,1,1.0
c26fb6840b8760cf,1,6b7e1f5b521de19b,,2.4198904513070483,0,0.0010514531,0.0,0.0,0.0,0.0,0,0,1.0,0.0,0,0.0,0.0,0.0,0.0,0.0,1,1.0
c2710fa8239aa37f,2,6b7e1f5b521de19b,6f9a9c5f2856c8b3,1.170863568534039,0,0.21062772,0.0,0.0,0.0,0.0,0,0,1.0,0.0,0,0.0,0.0,0.0,0.0,0.0,1,1.0
c2933148d5250870,2,6b7e1f5b521de19b,6f9a9c5f2856c8b3,7713.820124479206,0,0.7383179,0.0,0.0,0.0,0.0,0,0,1.0,0.0,0,0.0,0.0,0.0,0.0,0.0,1,1.0
c29c31a4564cdded,5,6b7e1f5b521de19b,6f9a9c5f2856c8b3,1060.8669669680157,0,0.09223586,0.0,0.0,0.0,0.0,0,0,1.0,0.0,0,0.0,0.0,0.0,0.0,0.0,1,1.0
c2a2893c7544a6f4,3,6b7e1f5b521de19b,d4f34f97b6d22a81,2581.018322439318,0,0.09382245,0.0,-19.0,19.0,0.0,0,1,1.0,2.0,0,0.0,0.9990931233266116,2203.371535507626,0.0,0.0,2,1.0
c2a9e62bb81b530c,3,6b7e1f5b521de19b,,147782.212188992,0,0.039034694,0.0,0.0,0.0,0.0,0,0,1.0,0.0,0,0.0,0.0,0.0,0.0,0.0,1,1.0
c2abe145441aeb98,5,6b7e1f5b521de19b,6f9a9c5f2856c8b3,1060.8669669680157,0,0.095677726,0.0,0.0,0.0,0.0,0,0,1.0,0.0,0,0.0,0.0,0.0,0.0,0.0,2,1.0
c2b7ef7e6329c263,4,d1650c60f1f48b67,28c9c64e5918b06e,28286.385657589064,182,0.0022415228,3.1067730443330754e-18,0.0,0.0,0.0,0,0,1.0,0.0,0,0.0,0.027314668242188513,0.0640912516889045,90.0,0.37812418755608046,1,0.25
c2ce31817753700a,3,6b7e1f5b521de19b,,1.170863568534039,0,0.0007597028,0.0,0.0,0.0,0.0,0,0,1.0,0.0,0,0.0,0.0,0.0,0.0,0.0,1,1.0
c2d2b930d5c6cff5,5,6b7e1f5b521de19b,d4f34f97b6d22a81,1.170863568534039,0,0.23370388,0.0,0.0,0.0,0.0,0,0,1.0,0.0,0,0.0,0.0,0.0,0.0,0.0,1,1.0
c2dca91e3fc4ada8,5,6b7e1f5b521de19b,6f9a9c5f2856c8b3,317962.8272866891,322,0.0014652587,3.1024780373918523e-18,0.0,0.0,0.0,0,0,1.0,0.0,0,0.0,0.0,0.0,118.0,1.293492241489366,2,0.35714285714285715
c2e35dd37c07ec9d,2,6b7e1f5b521de19b,6f9a9c5f2856c8b3,75565.3538218023,84,0.24652173,-3.373684778969872e-17,0.0,0.0,0.0,0,0,1.0,0.0,0,0.0,0.28867028891743446,64537.13736506696,26.0,0.9880235199182076,4,0.38461538461538464
c2f0574322ab3226,0,6b7e1f5b521de19b,6f9a9c5f2856c8b3,1.170863568534039,0,0.51783085,0.0,0.0,0.0,0.0,0,0,1.0,0.0,0,0.0,0.0,0.0,0.0,0.0,1,1.0
c2f2bae37e322697,0,674ec33189ed753c,,5459750.127724096,0,0.002305554,0.0,0.0,0.0,0.0,0,0,1.0,0.0,0,0.0,0.0,0.0,0.0,0.0,1,1.0
c2fa284044c674f5,2,6b7e1f5b521de19b,6f9a9c5f2856c8b3,130175.6594542954,75,0.20428684,-2.606772176942621e-16,0.0,0.0,0.0,0,0,1.0,0.0,0,0.0,0.6218419443781519,111178.18684350197,25.0,1.0039920317204114,3,0.3
c30b8fb48b14db58,5,6b7e1f5b521de19b,d4f34f97b6d22a81,1167559.3625932876,353,0.00017364197,-0.0028176990988546266,1.6695485110470702,-4.0,10.0,1,0,0.15341040098171532,0.0,0,0.0,0.3611880484254113,997176.9752743624,166.0,1.5749816551647897,6,0.36363636363636365
c33e7e1ea9571f5a,4,16450d61eee679f5,28c9c64e5918b06e,17830.89515679183,307,0.0011695671,8.619211422181136e-18,0.0,0.0,0.0,0,0,1.0,0.0,0,0.0,0.029182036462381086,-0.057046625746418465,189.0,1.3600704061378357,4,0.14285714285714285
c371611f11c2eff6,5,6b7e1f5b521de19b,6f9a9c5f2856c8b3,1.170863568534039,0,0.00024370015,0.0,0.0,0.0,0.0,0,0,1.0,0.0,0,0.0,0.0,0.0,0.0,0.0,1,1.0
c385bbb52e9722df,2,6b7e1f5b521de19b,d4f34f97b6d22a81,1306.5435206718141,0,0.9352885,0.0,0.0,0.0,0.0,0,0,1.0,0.0,0,0.0,0.0,0.0,0.0,0.0,1,1.0
c39108b1d4ccc6e5,2,6b7e1f5b521de19b,6f9a9c5f2856c8b3,9961.259242249831,266,0.015682194,-2.585405629067648e-18,0.0,0.0,0.0,0,0,1.0,0.0,0,0.0,0.0,0.0,65.0,1.3689786519086573,4,0.47058823529411764
c397399eceeee936,2,6b7e1f5b521de19b,,1947.7864758271053,0,0.9987478,0.0,0.0,0.0,0.0,0,0,1.0,0.0,0,0.0,0.0,0.0,0.0,0.0,1,1.0
c3aee874efbf07f3,5,7b7c16a1b24ec3b8,,1.170863568534039,0,0.0030189683,0.0,0.0,0.0,0.0,0,0,1.0,0.0,0,0.0,0.0,0.0,0.0,0.0,1,1.0
c3b246e4a50bc626,2,6b7e1f5b521de19b,6f9a9c5f2856c8b3,37318.18321479846,101,0.0040020873,0.010601263266723737,0.0,0.0,5.0,1,0,7.505553493831803e-10,1.0,1,0.0,0.3052292539655742,31871.35833251016,53.0,2.0966500836598545,5,0.23076923076923078
c3bca6813f3fa03b,0,6b7e1f5b521de19b,,1.170863568534039,0,0.035338428,0.0,0.0,0.0,0.0,0,0,1.0,0.0,0,0.0,0.0,0.0,0.0,0.0,1,1.0
c3bf994422f0e52a,1,6b7e1f5b521de19b,,40623.28627109482,252,0.0007897467,-4.828003355639365e-18,0.0,0.0,0.0,0,0,1.0,0.0,0,0.0,0.0,0.0,252.0,0.9999999999920635,2,0.3333333333333333
c3c4d3be0153fb88,5,6b7e1f5b521de19b,d4f34f97b6d22a81,2607415.025367419,66,0.0005754678,-0.045688567629308854,0.4166666666666667,-10.0,10.0,0,0,3.181980514326964e-10,2.0,1,-0.030303030303030304,0.1714817969744067,-0.12021646200711586,29.0,1.2056646219191778,4,0.4444444444444444
c3dd554a512635fd,0,6b7e1f5b521de19b,,16319.417538105961,403,0.93023074,0.19951865703738433,-0.3508771929824561,65.0,0.0,0,0,3.636598444847935e-11,3.0,0,0.007444168734491315,0.5995653056758976,13936.932630817464,60.0,1.1932878384548062,8,0.21875
c3e48bb5b17fb6a2,3,6b7e1f5b521de19b,,35845.270270304114,0,0.00056452083,0.0,0.0,0.0,0.0,0,0,1.0,0.0,0,0.0,0.0,0.0,0.0,0.0,1,1.0
c3e5f4c19d2abbcb,2,6b7e1f5b521de19b,6f9a9c5f2856c8b3,1.170863568534039,0,0.0038919582,0.0,0.0,0.0,0.0,0,0,1.0,0.0,0,0.0,0.0,0.0,0.0,0.0,1,1.0
c425b419b17e3b08,5,6b7e1f5b521de19b,d4f34f97b6d22a81,1.170863568534039,0,0.64049846,0.0,0.0,0.0,0.0,0,0,1.0,0.0,0,0.0,0.0,0.0,0.0,0.0,1,1.0
c4279a66b51c8fb3,3,6b7e1f5b521de19b,d4f34f97b6d22a81,5904.2113289495155,0,0.040478993,0.0,0.0,0.0,0.0,0,0,1.0,0.0,0,0.0,0.0,0.0,0.0,0.0,1,1.0
c42950d5e0cd3666,3,6b7e1f5b521de19b,,9648.963805727817,0,0.0028771767,0.0,0.0,0.0,0.0,0,0,1.0,0.0,0,0.0,0.0,0.0,0.0,0.0,1,1.0
c42a043336d59970,1,6b7e1f5b521de19b,,1.170863568534039,0,0.011678053,0.0,0.0,0.0,0.0,0,0,1.0,0.0,0,0.0,0.0,0.0,0.0,0.0,1,1.0
c4339f78651ddbbb,3,6b7e1f5b521de19b,,1.170863568534039,316,0.00043618132,-5.164443567272235e-18,0.0,0.0,0.0,0,0,1.0,2.0,1,-0.006329113924050633,0.0,0.0,307.0,1.6665892199922523,3,0.4
c4465ce6a58b39d3,3,6b7e1f5b521de19b,d4f34f97b6d22a81,13029.255426668886,0,0.0028693555,0.0,0.0,0.0,0.0,0,0,1.0,0.0,0,0.0,0.0,0.0,0.0,0.0,1,1.0
c44cd6a14de2ea7a,4,16450d61eee679f5,28c9c64e5918b06e,1.170863568534039,0,0.04797168,0.0,0.0,0.0,0.0,0,0,1.0,0.0,0,0.0,0.0,0.0,0.0,0.0,1,1.0
c45fd3ab6354ddd5,2,6b7e1f5b521de19b,6f9a9c5f2856c8b3,45688.18102924914,16,0.60715187,1.8700934579439248,2.0714285714285716,29.0,0.0,0,0,0.9185586535496492,3.0,0,0.1875,1.4141048406268883,39019.9263120658,14.0,2.291287846332276,6,0.3333333333333333
c46510a168e3334d,2,6b7e1f5b521de19b,6f9a9c5f2856c8b3,264.11418569428724,0,0.057225544,0.0,0.0,0.0,0.0,0,0,1.0,0.0,0,0.0,0.0,0.0,0.0,0.0,1,1.0
c46f1abd0e228145,0,6b7e1f5b521de19b,6f9a9c5f2856c8b3,4854.049577612525,31,0.30252814,-5.533554546186181e-16,0.0,0.0,0.0,0,0,1.0,0.0,0,0.0,0.0,0.0,31.0,0.0,2,1.0
c47c3ece9a4433a6,2,6b7e1f5b521de19b,6f9a9c5f2856c8b3,70333.95149062105,0,0.01332817,0.0,-10.0,30.0,0.0,0,1,1.0,0.0,0,0.0,0.26478679397357807,-0.4731150764310641,0.0,0.0,3,1.0
c47d489faf084a2e,2,6b7e1f5b521de19b,6f9a9c5f2856c8b3,361.29574083874047,0,0.069634825,0.0,0.0,0.0,0.0,0,0,1.0,0.0,0,0.0,0.0,0.0,0.0,0.0,1,1.0
c48690856812c4fa,2,6b7e1f5b521de19b,6f9a9c5f2856c8b3,267.88962019042316,0,0.07176743,0.0,0.0,0.0,0.0,0,0,1.0,0.0,0,0.0,0.0,0.0,0.0,0.0,1,1.0
c4be66941a223964,4,6b7e1f5b521de19b,28c9c64e5918b06e,1.170863568534039,0,0.00986875,0.0,0.0,0.0,0.0,0,0,1.0,0.0,0,0.0,0.0,0.0,0.0,0.0,1,1.0
c4c09f5e91550214,5,6b7e1f5b521de19b,d4f34f97b6d22a81,47940.777474985596,227,0.004807099,0.08890289435738773,-0.18867924528301888,20.0,0.0,0,0,1.1867322077870267e-10,0.0,0,0.0,0.2607521553056676,0.8495468300081477,105.0,1.6556552414859498,4,0.07692307692307693
c4c9ccb5c4e52ca6,6,6b7e1f5b521de19b,,1.170863568534039,0,0.038008966,0.0,0.0,0.0,0.0,0,0,1.0,0.0,0,0.0,0.0,0.0,0.0,0.0,1,1.0
c4d464a51ea1ef6c,3,6b7e1f5b521de19b,,2.4198904513070483,436,0.0001969787,-7.3089103074067925e-19,0.0,0.0,0.0,0,0,1.0,0.0,0,0.0,1.835162453022127e-16,0.0,240.0,1.0562269017827042,2,0.6666666666666666
c4d9462e873aa60f,2,6b7e1f5b521de19b,6f9a9c5f2856c8b3,148265.090952088,0,0.001228363,0.0,0.0,0.0,0.0,0,0,1.0,0.0,0,0.0,0.0,0.0,0.0,0.0,1,1.0
c4f3e2f51eb66185,5,6b7e1f5b521de19b,6f9a9c5f2856c8b3,1060.8669669680157,0,0.022482708,0.0,0.0,0.0,0.0,0,0,1.0,0.0,0,0.0,0.0,0.0,0.0,0.0,1,1.0
c4f580f951c6f3d5,3,6b7e1f5b521de19b,d4f34f97b6d22a81,26100.43344296827,30,0.00036521658,-7.147507955490484e-17,0.0,0.0,0.0,0,0,1.0,0.0,0,0.0,0.0,0.0,30.0,0.0,2,1.0
c50302ddc02deab6,1,6b7e1f5b521de19b,,2.4198904513070483,0,0.0016525978,0.0,0.0,0.0,0.0,0,0,1.0,0.0,0,0.0,0.0,0.0,0.0,0.0,1,1.0
c506425984f58e0b,0,6b7e1f5b521de19b,6f9a9c5f2856c8b3,1.170863568534039,0,0.045099128,0.0,0.0,0.0,0.0,0,0,1.0,0.0,0,0.0,0.0,0.0,0.0,0.0,1,1.0
c5086ee109136176,2,6b7e1f5b521de19b,,5569549.845960992,0,0.20927921,0.0,0.0,0.0,0.0,0,0,1.0,0.0,0,0.0,0.0,0.0,0.0,0.0,1,1.0
c5143c24dff99849,2,6b7e1f5b521de19b,6f9a9c5f2856c8b3,1.170863568534039,0,0.32202145,0.0,0.0,0.0,0.0,0,0,1.0,0.0,0,0.0,0.0,0.0,0.0,0.0,1,1.0
c515f3122495be3a,0,674ec33189ed753c,,379080.7034122335,1644,0.00015934024,-0.016650469738520704,-0.04542338153591552,-20.0,40.0,3,0,7.778174592447022e-11,0.0,0,0.0,0.37985780488123466,-0.800802264652268,234.0,0.9710761465265625,2,0.22727272727272727
c5366b4e54d2c913,4,e366e0e543d0c5cd,d4f34f97b6d22a81,1.170863568534039,0,0.049989253,0.0,0.0,0.0,0.0,0,0,1.0,0.0,0,0.0,0.0,0.0,0.0,0.0,1,1.0
c53c8bacd939553d,4,7b7c16a1b24ec3b8,28c9c64e5918b06e,1.170863568534039,0,0.5907963,0.0,0.0,0.0,0.0,0,0,1.0,0.0,0,0.0,0.0,0.0,0.0,0.0,1,1.0
c544b2f778ecf171,0,674ec33189ed753c,,524417.177630072,0,0.13528895,0.0,-30.0,30.0,0.0,0,1,1.0,0.0,0,0.0,0.0,0.0,0.0,0.0,2,1.0
c547a7b32d3d8e83,2,6b7e1f5b521de19b,d4f34f97b6d22a81,1.170863568534039,0,0.42382863,0.0,0.0,0.0,0.0,0,0,1.0,0.0,0,0.0,0.0,0.0,0.0,0.0,1,1.0
c553de20461aca07,2,6b7e1f5b521de19b,6f9a9c5f2856c8b3,98.49392076768089,0,0.0131164435,0.0,0.0,0.0,0.0,0,0,1.0,0.0,0,0.0,0.0,0.0,0.0,0.0,1,1.0
c55c47495dc5f625,4,95a23e7fbcc5841e,28c9c64e5918b06e,1.170863568534039,0,0.044416986,0.0,0.0,0.0,0.0,0,0,1.0,0.0,0,0.0,0.0,0.0,0.0,0.0,1,1.0
c5615c642d8b16b1,0,fc3655a0b667e091,,1287.0828528119127,119,0.00031726854,3.671023598355019e-17,0.0,0.0,0.0,0,0,1.0,0.0,0,0.0,0.0,0.0,85.0,0.4285714285642257,1,0.3333333333333333
c561ef8eb8d6e5cb,3,6b7e1f5b521de19b,d4f34f97b6d22a81,1533.6131436779021,0,0.014626807,0.0,0.0,0.0,0.0,0,0,1.0,0.0,0,0.0,0.0,0.0,0.0,0.0,1,1.0
c575fdee82fbf6de,0,6b7e1f5b521de19b,,80872.05936290111,0,0.01315457,0.0,0.0,0.0,0.0,0,0,1.0,0.0,0,0.0,0.0,0.0,0.0,0.0,1,1.0
c58a239d9b4c9acf,2,6b7e1f5b521de19b,d4f34f97b6d22a81,1028.3146841294915,0,0.87742937,0.0,0.0,0.0,0.0,0,0,1.0,0.0,0,0.0,0.0,0.0,0.0,0.0,1,1.0
c58f67b737fb25f7,5,6b7e1f5b521de19b,d4f34f97b6d22a81,1.170863568534039,0,0.7076967,0.0,0.0,0.0,0.0,0,0,1.0,0.0,0,0.0,0.0,0.0,0.0,0.0,1,1.0
c59a010fb7e7700f,5,255414ab73601d72,28c9c64e5918b06e,4854.049577612525,0,0.10001168,0.0,0.0,0.0,0.0,0,0,1.0,0.0,0,0.0,0.0,0.0,0.0,0.0,2,1.0
c5a58efa0175daf7,2,6b7e1f5b521de19b,6f9a9c5f2856c8b3,98.49392076768089,0,0.017873364,0.0,0.0,0.0,0.0,0,0,1.0,0.0,0,0.0,0.9765039662242045,83.12074934656873,0.0,0.0,2,1.0
c5b18ef26be72e5b,4,e366e0e543d0c5cd,d4f34f97b6d22a81,33674.2230102896,5,0.99899095,5.7499999999999964,-11.0,25.0,5.0,1,-1,0.15117697453600767,5.0,0,1.0,0.03939928816489728,0.09300804772078688,5.0,2.236067974816508,7,0.5714285714285714
c5b96181308de3a5,4,bb25152d8e0211c1,28c9c64e5918b06e,199000.5051171355,1089,0.036606707,0.0038403216653910732,-0.0894854586129754,6.666666666666664,50.0,2,0,9.120548388626527e-11,0.0,0,0.0,0.41771732695836755,169959.455227325,293.0,1.7035562609568387,4,0.375
c5ecb1818511e65e,1,6b7e1f5b521de19b,6f9a9c5f2856c8b3,5640.478316443186,174,0.0034929381,0.13499197793573736,-2.5,40.0,0.0,0,0,5.455447255602191e-11,0.0,0,0.0,0.38191165324666976,4816.365975017275,60.0,1.2012181687896166,5,0.2
c606f91f64a04486,0,6b7e1f5b521de19b,,1.170863568534039,0,0.6405943,0.0,0.0,0.0,0.0,0,0,1.0,0.0,0,0.0,0.0,0.0,0.0,0.0,1,1.0
c60987985f6f5e36,5,6b7e1f5b521de19b,6f9a9c5f2856c8b3,5738686.826296861,154,0.1228257,-6.928307642263687e-17,0.0,0.0,0.0,0,0,1.0,0.0,0,0.0,0.03458818168653989,0.07714622698670692,102.0,1.2331509059827388,2,0.5
c61628d21c724a00,0,bd661df59343798b,,13320.161206679739,0,0.022615299,0.0,0.0,0.0,0.0,0,0,1.0,0.0,0,0.0,0.0,0.0,0.0,0.0,1,1.0
c62534f60edc6677,4,ac6153076817c20f,28c9c64e5918b06e,237316.83035984516,0,0.003267566,0.0,-9.0,9.0,0.0,0,1,1.0,1.0,0,0.0,0.0,0.0,0.0,0.0,2,1.0
c6361166741ce738,5,6b7e1f5b521de19b,6f9a9c5f2856c8b3,130935.58300754396,287,0.0035463027,-3.63023361410021e-17,0.0,0.0,0.0,0,0,1.0,0.0,0,0.0,0.174233361634815,-0.2934702232336111,111.0,1.1964519574645431,3,0.3333333333333333
c63f16d76e9127de,2,6b7e1f5b521de19b,6f9a9c5f2856c8b3,1.170863568534039,0,0.23777822,0.0,0.0,0.0,0.0,0,0,1.0,0.0,0,0.0,0.0,0.0,0.0,0.0,1,1.0
c63f65b8a149afef,3,6b7e1f5b521de19b,,33891.25144510754,0,0.0010651777,0.0,0.0,0.0,0.0,0,0,1.0,0.0,0,0.0,0.0,0.0,0.0,0.0,1,1.0
c6426ad93b666d3b,3,6b7e1f5b521de19b,,2.4198904513070483,0,0.0032265456,0.0,0.0,0.0,0.0,0,0,1.0,0.0,0,0.0,0.0,0.0,0.0,0.0,1,1.0
c6434da21add7d3a,3,6b7e1f5b521de19b,,21273.147061594493,195,0.0013156472,-1.174078910400957e-16,0.0,0.0,0.0,0,0,1.0,0.0,0,0.0,0.2409853024923366,-0.40652847917795853,55.0,0.5236447260770337,1,0.4
c6493760b99f7da8,2,6b7e1f5b521de19b,,1064506.8667509402,0,0.73068076,0.0,0.0,0.0,0.0,0,0,1.0,0.0,0,0.0,0.0,0.0,0.0,0.0,1,1.0
c64c8ce78b5bb30c,1,6b7e1f5b521de19b,,5083.8994500666495,293,0.0011857174,7.496352526823335e-17,0.0,0.0,0.0,0,0,1.0,0.0,0,0.0,0.8083975624938088,-0.7778207492116719,185.0,0.6446086207621664,1,0.5
c658cb088fe4d976,0,6ab36d9b02cbcf6b,,524417.177630072,0,0.00021307946,0.0,0.0,0.0,0.0,0,0,1.0,0.0,0,0.0,0.0,0.0,0.0,0.0,1,1.0
c6728a3cf1f267d5,2,6b7e1f5b521de19b,6f9a9c5f2856c8b3,38249.3506508764,82,0.007092277,-0.05208044459727775,-2.2948717948717947,-6.666666666666668,40.0,1,0,0.8564476271688917,0.0,0,0.0,0.4239595297284217,32666.64094365485,41.0,1.972897867329107,6,0.4117647058823529
c699c45bc40ca0dc,3,6b7e1f5b521de19b,,37820.4743961143,0,0.050934065,0.0,0.0,0.0,0.0,0,0,1.0,0.0,0,0.0,0.0,0.0,0.0,0.0,2,1.0
c69ee0c0930c102a,5,6b7e1f5b521de19b,d4f34f97b6d22a81,10094.494388306393,4,0.77233946,4.833333333333333,29.0,29.0,0.0,0,1,1.0,3.0,0,0.75,0.4071704220753628,-0.5270308727623665,3.0,0.9354143459919245,4,0.75
c6b5b7034df0fa90,2,6b7e1f5b521de19b,6f9a9c5f2856c8b3,1077.9932931851934,0,0.23262541,0.0,0.0,0.0,0.0,0,0,1.0,0.0,0,0.0,0.0,0.0,0.0,0.0,1,1.0
c6df9156a6e4ea96,3,6b7e1f5b521de19b,,5083.8994500666495,0,0.00078443345,0.0,0.0,0.0,0.0,0,0,1.0,0.0,0,0.0,0.0,0.0,0.0,0.0,1,1.0
c6e16df9403296be,2,6b7e1f5b521de19b,6f9a9c5f2856c8b3,331.9676552828154,0,0.0024699583,0.0,0.0,0.0,0.0,0,0,1.0,0.0,0,0.0,0.0,0.0,0.0,0.0,1,1.0
c6e6a0f6da61ce26,3,6b7e1f5b521de19b,,21273.147061594493,0,0.99736685,0.0,0.0,0.0,0.0,0,0,1.0,0.0,0,0.0,0.0,0.0,0.0,0.0,1,1.0
c6ed2291828ca718,3,6b7e1f5b521de19b,,1.170863568534039,0,0.016379377,0.0,0.0,0.0,0.0,0,0,1.0,0.0,0,0.0,0.0,0.0,0.0,0.0,1,1.0
c6f06535759323a3,2,6b7e1f5b521de19b,6f9a9c5f2856c8b3,520.9083467957248,52,0.0005019533,-4.1235622820137405e-17,0.0,0.0,0.0,0,0,1.0,0.0,0,0.0,0.0,0.0,52.0,0.0,2,1.0
c6f30890868e97f9,0,062b9e5a52eb6d8e,,104601.22875404885,283,0.00080504856,7.760486005089671e-18,0.0,0.0,0.0,0,0,1.0,0.0,0,0.0,1.391180142116968e-16,0.0,118.0,0.9605914616576327,2,0.42857142857142855
c6f4cc277b25ae5c,2,6b7e1f5b521de19b,6f9a9c5f2856c8b3,1.170863568534039,0,0.020194912,0.0,0.0,0.0,0.0,0,0,1.0,0.0,0,0.0,0.0,0.0,0.0,0.0,1,1.0
c6fc009225259d1c,2,6b7e1f5b521de19b,6f9a9c5f2856c8b3,98.49392076768089,0,0.110301055,0.0,0.0,0.0,0.0,0,0,1.0,0.0,0,0.0,0.0,0.0,0.0,0.0,3,1.0
c70aff09beefb0c4,3,6b7e1f5b521de19b,,2.4198904513070483,0,0.0010308679,0.0,0.0,0.0,0.0,0,0,1.0,0.0,0,0.0,0.0,0.0,0.0,0.0,1,1.0
c70eb45984f679a1,2,6b7e1f5b521de19b,6f9a9c5f2856c8b3,1872.2447247703253,0,0.06464015,0.0,0.0,0.0,0.0,0,0,1.0,0.0,0,0.0,0.0,0.0,0.0,0.0,1,1.0
c71f539ea8b6c619,3,6b7e1f5b521de19b,,25102.753943361105,147,0.001141501,4.3553728763497503e-17,0.0,0.0,0.0,0,0,1.0,1.0,0,0.006802721088435374,1.224602067455339,21438.52089549648,102.0,1.0353330285562274,1,0.6
c7210437ea8753c5,3,6b7e1f5b521de19b,,26069.093051354932,66,0.0015075303,-6.014701904421906e-17,0.0,0.0,0.0,0,0,1.0,0.0,0,0.0,0.0,0.0,27.0,0.0,2,1.0
c72811861d26c565,3,6b7e1f5b521de19b,,368869.1381210446,116,8.682003e-05,-6.76763990811972e-19,0.0,0.0,0.0,0,0,1.0,0.0,0,0.0,0.0,0.0,116.0,0.0,2,1.0
c7294e4429b410b7,0,6b7e1f5b521de19b,6f9a9c5f2856c8b3,32922.755211626274,0,0.018572874,0.0,0.0,0.0,0.0,0,0,1.0,0.0,0,0.0,0.0,0.0,0.0,0.0,1,1.0
c72c4fad364c0101,2,6b7e1f5b521de19b,6f9a9c5f2856c8b3,331.9676552828154,0,0.058417257,0.0,0.0,0.0,0.0,0,0,1.0,0.0,0,0.0,0.0,0.0,0.0,0.0,1,1.0
c73a759878858f35,6,6b7e1f5b521de19b,,446407.17085144145,121,0.00034146963,-0.12983500135244794,0.2112676056338028,-15.0,15.0,0,-1,1.0,0.0,0,0.0,1.3039141105741342e-16,0.0,71.0,0.17355371900539582,1,0.3333333333333333
c748110453718b3f,3,6b7e1f5b521de19b,1e1439736d3ae4c5,1.170863568534039,0,0.0022745316,0.0,0.0,0.0,0.0,0,0,1.0,0.0,0,0.0,0.0,0.0,0.0,0.0,1,1.0
c75f8f00c3e58b73,3,6b7e1f5b521de19b,,89664.46366676311,0,0.04109614,0.0,0.0,0.0,0.0,0,0,1.0,0.0,0,0.0,0.0,0.0,0.0,0.0,1,1.0
c76de09debad0d1b,5,6b7e1f5b521de19b,6f9a9c5f2856c8b3,6339312.355787864,0,0.70278084,0.0,0.0,0.0,0.0,0,0,1.0,0.0,0,0.0,0.0,0.0,0.0,0.0,1,1.0
c778fe940316e82a,0,062b9e5a52eb6d8e,,7495.264905653416,0,0.023369035,0.0,0.0,0.0,0.0,0,0,1.0,0.0,0,0.0,0.0,0.0,0.0,0.0,1,1.0
c780d9abc605280e,0,fc3655a0b667e091,,40882.782652931186,0,0.31159756,0.0,0.0,0.0,0.0,0,0,1.0,0.0,0,0.0,0.0,0.0,0.0,0.0,1,1.0
c785f209bb5e4925,3,6b7e1f5b521de19b,,21273.147061594493,0,0.058836892,0.0,0.0,0.0,0.0,0,0,1.0,0.0,0,0.0,0.0,0.0,0.0,0.0,1,1.0
c7885f7d50f5d9f8,2,6b7e1f5b521de19b,6f9a9c5f2856c8b3,1.170863568534039,0,0.21062772,0.0,0.0,0.0,0.0,0,0,1.0,0.0,0,0.0,0.0,0.0,0.0,0.0,1,1.0
c78ecef356667e48,2,6b7e1f5b521de19b,6f9a9c5f2856c8b3,1.170863568534039,0,0.020194912,0.0,0.0,0.0,0.0,0,0,1.0,0.0,0,0.0,0.0,0.0,0.0,0.0,1,1.0
c7c779bd230b7cdf,2,6b7e1f5b521de19b,6f9a9c5f2856c8b3,455.427302732939,0,0.09257424,0.0,0.0,0.0,0.0,0,0,1.0,0.0,0,0.0,0.0,0.0,0.0,0.0,1,1.0
c7d58cdcf84d1bb3,4,e366e0e543d0c5cd,28c9c64e5918b06e,1.170863568534039,0,0.026901416,0.0,0.0,0.0,0.0,0,0,1.0,0.0,0,0.0,0.0,0.0,0.0,0.0,1,1.0
c7dbfdf1e20272a8,5,6b7e1f5b521de19b,6f9a9c5f2856c8b3,3247437.2860405147,102,0.06924653,-8.408832888812334e-17,0.0,0.0,0.0,0,0,1.0,0.0,0,0.0,0.0,0.0,102.0,0.0,2,1.0
c7f0fab864a89da0,0,7b7c16a1b24ec3b8,,41091.77310445576,0,0.9969875,0.0,0.0,0.0,0.0,0,0,1.0,0.0,0,0.0,0.0,0.0,0.0,0.0,1,1.0
c7fa02ddc03b8426,0,062b9e5a52eb6d8e,,3020.346162491937,0,0.023056518,0.0,0.0,0.0,0.0,0,0,1.0,0.0,0,0.0,0.0,0.0,0.0,0.0,1,1.0
c7fa198f0f53638a,3,6b7e1f5b521de19b,,36077.87700023642,0,0.8636857,0.0,0.0,0.0,0.0,0,0,1.0,0.0,0,0.0,0.0,0.0,0.0,0.0,1,1.0
c7fb1b79fc71e5f1,3,6b7e1f5b521de19b,,275957.8919334273,0,0.0034397019,0.0,0.0,0.0,0.0,0,0,1.0,0.0,0,0.0,0.0,0.0,0.0,0.0,1,1.0
c8044634358699c2,5,6b7e1f5b521de19b,6f9a9c5f2856c8b3,1.170863568534039,0,0.36610678,0.0,0.0,0.0,0.0,0,0,1.0,0.0,0,0.0,0.0,0.0,0.0,0.0,1,1.0
c811d4ce03edb90c,5,6b7e1f5b521de19b,6f9a9c5f2856c8b3,1014611.5544572102,271,0.00018062636,-0.03353803704201106,0.17857142857142858,-10.0,10.0,0,0,2.1574395594169202e-10,0.0,0,0.0,0.03175105302424921,0.09717230264713841,185.0,1.6203926401486637,4,0.125
c814d3fe89637a05,2,6b7e1f5b521de19b,6f9a9c5f2856c8b3,98.49392076768089,25,0.0016354596,-8.577009546588581e-17,0.0,0.0,0.0,0,0,1.0,0.0,0,0.0,0.0,0.0,25.0,0.0,2,1.0
c8192988a04b76c5,2,6b7e1f5b521de19b,,1.170863568534039,42,7.314825e-05,5.6657004281742365e-18,0.0,0.0,0.0,0,0,1.0,0.0,0,0.0,0.0,0.0,28.0,0.3333333333174603,1,0.3333333333333333
c81cc9c0ba069416,5,6b7e1f5b521de19b,6f9a9c5f2856c8b3,98.49392076768089,0,0.10412533,0.0,0.0,0.0,0.0,0,0,1.0,0.0,0,0.0,0.0,0.0,0.0,0.0,1,1.0
c82959f575be8253,4,6b7e1f5b521de19b,28c9c64e5918b06e,113064.6099097512,286,0.011699228,0.12927190144762682,0.10676156583629894,30.0,0.0,0,0,8.017837256729876e-11,0.0,0,0.0,0.3710310992972673,96564.1446917184,125.0,2.3899822711541723,19,0.07407407407407407
c8351f4201cd8334,3,6b7e1f5b521de19b,,2.4198904513070483,0,0.021186171,0.0,0.0,0.0,0.0,0,0,1.0,0.0,0,0.0,0.0,0.0,0.0,0.0,1,1.0
c835cadab0318732,3,6b7e1f5b521de19b,,1.170863568534039,0,0.021438193,0.0,0.0,0.0,0.0,0,0,1.0,0.0,0,0.0,0.0,0.0,0.0,0.0,1,1.0
c8527e27dbc8d968,3,6b7e1f5b521de19b,,18356.117055075065,0,0.18825883,0.0,0.0,0.0,0.0,0,0,1.0,0.0,0,0.0,0.0,0.0,0.0,0.0,2,1.0
c861bd50d28e052d,1,255414ab73601d72,6f9a9c5f2856c8b3,860345.2341691502,0,0.004593837,0.0,0.0,0.0,0.0,0,0,1.0,0.0,0,0.0,0.0,0.0,0.0,0.0,1,1.0
c87304d308d2d34c,5,6b7e1f5b521de19b,6f9a9c5f2856c8b3,220903.98917562133,835,0.0013603293,0.01555599696141899,0.06982238783162695,10.0,10.0,1,0,0.9898680263952928,0.0,0,0.0,0.02297608241446926,0.0010241961840472243,273.0,0.927474357818624,2,0.3333333333333333
c87721591ae96a7a,0,6b7e1f5b521de19b,6f9a9c5f2856c8b3,1.170863568534039,0,0.99913555,0.0,0.0,0.0,0.0,0,0,1.0,0.0,0,0.0,0.0,0.0,0.0,0.0,1,1.0
c88088d509b72e87,2,6b7e1f5b521de19b,6f9a9c5f2856c8b3,34.049530754318994,0,0.8666066,0.0,0.0,0.0,0.0,0,0,1.0,0.0,0,0.0,0.0,0.0,0.0,0.0,1,1.0
c8832bf1f03adbeb,4,6d74405afdbc85ba,28c9c64e5918b06e,1.170863568534039,0,0.092002004,0.0,0.0,0.0,0.0,0,0,1.0,0.0,0,0.0,0.0,0.0,0.0,0.0,1,1.0
c8833498622054e7,3,6b7e1f5b521de19b,,4271.355885203606,0,0.09988489,0.0,0.0,0.0,0.0,0,0,1.0,0.0,0,0.0,0.0,0.0,0.0,0.0,1,1.0
c891053a1dde20ea,3,6b7e1f5b521de19b,,1.170863568534039,100,0.0005823408,7.659302729915412e-18,0.0,0.0,0.0,0,0,1.0,0.0,0,0.0,0.0,0.0,58.0,0.5506359959009292,1,0.25
c8a186c6168763ca,2,6b7e1f5b521de19b,,1.170863568534039,878,4.4501794e-05,-2.040662886699335e-18,0.0,0.0,0.0,0,0,1.0,0.0,0,0.0,0.0,0.0,328.0,0.6631558144221866,1,0.16666666666666666
c8a45af424782c4a,3,6b7e1f5b521de19b,,35845.270270304114,0,0.0788535,0.0,0.0,0.0,0.0,0,0,1.0,0.0,0,0.0,0.0,0.0,0.0,0.0,1,1.0
c8adce26179946e2,3,6b7e1f5b521de19b,,68142.01203259786,0,0.21615003,0.0,0.0,0.0,0.0,0,0,1.0,0.0,0,0.0,0.0,0.0,0.0,0.0,1,1.0
c8b021b1158759e5,5,6b7e1f5b521de19b,6f9a9c5f2856c8b3,417466.63149420964,979,0.00013834165,-0.012323466714872233,-0.011494252873563218,-10.0,10.0,0,0,2.2613350838218638e-10,0.0,0,0.0,0.5726745452605235,356544.92278150056,447.0,1.6885910789767673,5,0.2
c8b25b9c609d4f8c,0,6b7e1f5b521de19b,,270801.9611719012,0,0.14777036,0.0,0.0,0.0,0.0,0,0,1.0,0.0,0,0.0,0.0,0.0,0.0,0.0,1,1.0
c8dd6b976e9c1a52,0,e43bc3ffd79e75b6,,48820.031206070904,0,0.00088157173,0.0,0.0,0.0,0.0,0,0,1.0,1.0,1,0.0,0.7360989933695213,-0.8479919591922118,0.0,0.0,2,1.0
c8e7f8b80f498450,4,cca8e68b78e095c5,28c9c64e5918b06e,3988.677712440629,50,0.013187559,0.6614153003125137,-0.8,20.0,70.0,1,0,1.2139539573251992,0.0,0,0.0,0.40784641459000487,3405.6118543893112,18.0,1.0162676811307225,3,0.375
c8eab94cd0124b40,4,75c64824a2a4e380,,4133283.2182899565,0,0.0132900225,0.0,0.0,0.0,0.0,0,0,1.0,0.0,0,0.0,0.0,0.0,0.0,0.0,1,1.0
c8f237dc5dfa1d70,2,6b7e1f5b521de19b,,4338.549308971583,0,0.2862349,0.0,0.0,0.0,0.0,0,0,1.0,0.0,0,0.0,0.0,0.0,0.0,0.0,1,1.0
c8ff23466e7cdd29,0,6b7e1f5b521de19b,,147782.212188992,857,0.0015389777,-4.2193375544246e-18,0.0,0.0,0.0,0,0,1.0,0.0,0,0.0,0.0,0.0,229.0,0.7386277122848413,2,0.5
c9045687e2a1aeef,2,6b7e1f5b521de19b,6f9a9c5f2856c8b3,30405.58043486053,0,0.022386659,0.0,-9.0,9.0,0.0,0,1,1.0,2.0,0,0.0,0.9999229866053072,25967.50841719275,0.0,0.0,2,1.0
c91fe962f246e4c0,3,6b7e1f5b521de19b,,9648.963805727817,0,0.002530052,0.0,0.0,0.0,0.0,0,0,1.0,0.0,0,0.0,0.0,0.0,0.0,0.0,1,1.0
c92223cb25647e55,4,d1650c60f1f48b67,28c9c64e5918b06e,975372.7457987467,209,0.0007229545,0.028527407978044796,-20.0,20.0,0.0,0,0,1.24999999984375e-10,0.0,0,0.0,0.5014716159261216,833036.060859231,181.0,1.4393804644174133,3,0.2
c928fb5bad386976,0,6b7e1f5b521de19b,,29324.531411075328,0,0.00020497973,0.0,0.0,0.0,0.0,0,0,1.0,0.0,0,0.0,0.0,0.0,0.0,0.0,3,1.0
c92a4d242fdd1578,2,6b7e1f5b521de19b,6f9a9c5f2856c8b3,1341.2957330072938,51,0.0019236626,2.3809917332645926e-16,0.0,0.0,0.0,0,0,1.0,0.0,0,0.0,0.5772079902169323,1144.56107906461,51.0,1.414213562289906,3,0.25
c9361a1d8ac524dd,0,6b7e1f5b521de19b,6f9a9c5f2856c8b3,98.49392076768089,88,0.0034761967,4.4780619575287405e-19,0.0,0.0,0.0,0,0,1.0,0.0,0,0.0,0.0,0.0,86.0,0.9545454545237604,2,0.3333333333333333
c93f6b1cd80ae79d,3,6b7e1f5b521de19b,,1.170863568534039,0,0.00076046406,0.0,0.0,0.0,0.0,0,0,1.0,0.0,0,0.0,0.0,0.0,0.0,0.0,1,1.0
c951c0cc04c53883,3,6b7e1f5b521de19b,,315.6120452626753,0,0.00018590891,0.0,0.0,0.0,0.0,0,0,1.0,0.0,0,0.0,0.0,0.0,0.0,0.0,1,1.0
c95a0bf518aed95e,0,4dcb7378104041b8,,557021.7052568932,0,0.012179123,0.0,0.0,0.0,0.0,0,0,1.0,0.0,0,0.0,0.0,0.0,0.0,0.0,1,1.0
c95ae742128ee710,3,6b7e1f5b521de19b,d4f34f97b6d22a81,22025.10283016406,81,0.005304881,0.09672436750998696,-1.5384615384615385,20.0,0.0,0,0,1.3416407863198739e-10,0.0,0,0.0,0.062421916609591094,0.0,37.0,1.7461172548974058,6,0.08333333333333333
c967a07a4faf510a,3,062b9e5a52eb6d8e,28c9c64e5918b06e,10484.066083294985,0,0.11563349,0.0,0.0,0.0,0.0,0,0,1.0,0.0,0,0.0,1.413739848828002,8953.13126263839,0.0,0.0,3,1.0
c98891f087fdad25,4,6828ce51082c111b,28c9c64e5918b06e,1.170863568534039,0,0.9980862,0.0,0.0,0.0,0.0,0,0,1.0,0.0,0,0.0,0.0,0.0,0.0,0.0,1,1.0
c988b801a65fdd33,2,6b7e1f5b521de19b,6f9a9c5f2856c8b3,98.49392076768089,30,0.0009040379,-7.147507955490484e-17,0.0,0.0,0.0,0,0,1.0,0.0,0,0.0,0.0,0.0,30.0,0.0,2,1.0
c9a8b6d1403dfaf9,0,6b7e1f5b521de19b,6f9a9c5f2856c8b3,85310.81114042184,2,0.020051377,-1.0721261933235726e-15,0.0,0.0,0.0,0,0,1.0,0.0,0,0.0,0.0,0.0,2.0,0.0,2,1.0
c9b8f0ff335dff6e,2,6b7e1f5b521de19b,6f9a9c5f2856c8b3,5423.476709762424,0,0.07343492,0.0,0.0,0.0,0.0,0,0,1.0,0.0,0,0.0,0.0,0.0,0.0,0.0,1,1.0
c9b8fa89330cc5f9,0,a0d28553c7be77f0,,9270.864526233152,0,0.66287327,0.0,0.0,0.0,0.0,0,0,1.0,0.0,0,0.0,0.0,0.0,0.0,0.0,1,1.0
c9cbe069870d4ef4,1,6b7e1f5b521de19b,,54895.43461839132,494,0.00010485267,-0.06795669543853956,0.2922077922077922,-45.0,45.0,0,0,5.38333744070141e-11,0.0,0,0.0,0.0,0.0,178.0,0.8239935670414936,2,0.3333333333333333
c9e09eb6af2435a1,2,6b7e1f5b521de19b,d4f34f97b6d22a81,6091.577363923724,0,0.80318254,0.0,0.0,0.0,0.0,0,0,1.0,0.0,0,0.0,0.0,0.0,0.0,0.0,1,1.0
c9eb3b242979bb5d,3,6b7e1f5b521de19b,,68247.69430016697,3,0.027961602,-5.413231713979716e-16,0.0,0.0,0.0,0,0,1.0,0.0,0,0.0,0.0,0.0,3.0,0.0,2,1.0
ca064374fabdcff6,5,6b7e1f5b521de19b,d4f34f97b6d22a81,1.170863568534039,0,0.019768747,0.0,0.0,0.0,0.0,0,0,1.0,0.0,0,0.0,0.0,0.0,0.0,0.0,1,1.0
ca142b2c44179071,0,6b7e1f5b521de19b,d4f34f97b6d22a81,1.170863568534039,0,0.70174706,0.0,0.0,0.0,0.0,0,0,1.0,0.0,0,0.0,0.0,0.0,0.0,0.0,1,1.0
ca18c711e96bc1d2,5,6b7e1f5b521de19b,6f9a9c5f2856c8b3,33175.95572256765,0,0.5412932,0.0,0.0,0.0,0.0,0,0,1.0,0.0,0,0.0,0.0,0.0,0.0,0.0,1,1.0
ca396cd066bc0cd3,2,6b7e1f5b521de19b,6f9a9c5f2856c8b3,293637.65790705744,0,0.8557254,0.0,0.0,0.0,0.0,0,0,1.0,0.0,0,0.0,0.0,0.0,0.0,0.0,1,1.0
ca40dcf76846294d,6,6b7e1f5b521de19b,,279006.18782730825,0,0.9983633,0.0,0.0,0.0,0.0,0,0,1.0,0.0,0,0.0,0.0,0.0,0.0,0.0,1,1.0
ca5075089685a3d3,3,6b7e1f5b521de19b,,65064.44409714713,0,0.072231054,0.0,0.0,0.0,0.0,0,0,1.0,0.0,0,0.0,0.0,0.0,0.0,0.0,1,1.0
ca62e1abfb3a6934,2,6b7e1f5b521de19b,6f9a9c5f2856c8b3,1306.5435206718141,27,0.016713878,7.80185215239267e-18,0.0,0.0,0.0,0,0,1.0,0.0,0,0.0,0.0,0.0,18.0,1.6996731707569392,4,0.5
ca63800c92175487,3,6b7e1f5b521de19b,,5186.502594949308,0,0.00018013944,0.0,0.0,0.0,0.0,0,0,1.0,0.0,0,0.0,0.0,0.0,0.0,0.0,1,1.0
ca6b9ce3e6562386,5,6b7e1f5b521de19b,6f9a9c5f2856c8b3,1.170863568534039,0,0.09857181,0.0,0.0,0.0,0.0,0,0,1.0,0.0,0,0.0,0.0,0.0,0.0,0.0,1,1.0
ca6d6376776aa203,3,6b7e1f5b521de19b,,65798.13803746978,0,0.0034569597,0.0,0.0,0.0,0.0,0,0,1.0,0.0,0,0.0,0.0,0.0,0.0,0.0,1,1.0
ca767b3c5e136044,2,6b7e1f5b521de19b,6f9a9c5f2856c8b3,271714.27236091055,0,0.16120434,0.0,0.0,0.0,0.0,0,0,1.0,0.0,0,0.0,0.0,0.0,0.0,0.0,1,1.0
ca76f7764f38d7c8,1,6b7e1f5b521de19b,6f9a9c5f2856c8b3,255926.8606591946,47,0.0076316437,-2.588631586427915e-17,0.0,0.0,0.0,0,0,1.0,0.0,0,0.0,0.7071019286848961,218578.57454396138,47.0,0.9999999999574468,2,0.3333333333333333
ca7cf50a3142df31,2,6b7e1f5b521de19b,6f9a9c5f2856c8b3,31048.20261338586,122,0.0042595835,-1.157660414234818e-18,0.0,0.0,0.0,0,0,1.0,0.0,0,0.0,0.0,0.0,52.0,1.1194452881350554,2,0.4444444444444444
ca9087795ad5fb1e,4,e366e0e543d0c5cd,d4f34f97b6d22a81,1.170863568534039,0,0.31645975,0.0,0.0,0.0,0.0,0,0,1.0,0.0,0,0.0,0.0,0.0,0.0,0.0,2,1.0
ca9abfe644a94ac1,2,6b7e1f5b521de19b,6f9a9c5f2856c8b3,239.9674542220373,0,0.06946861,0.0,0.0,0.0,0.0,0,0,1.0,0.0,0,0.0,0.0,0.0,0.0,0.0,1,1.0
caa9c41287715ba3,2,6b7e1f5b521de19b,,870350.122287474,128,0.00029702816,2.5544007922257537e-18,0.0,0.0,0.0,0,0,1.0,0.0,0,0.0,0.9999973094460162,743339.3392823827,112.0,1.6974173280935965,3,0.16666666666666666
cab50930aabb8c58,2,6b7e1f5b521de19b,d4f34f97b6d22a81,280.87906864983785,21,0.0009934524,-1.0210725650700691e-16,0.0,0.0,0.0,0,0,1.0,0.0,0,0.0,0.0,0.0,21.0,0.0,2,1.0
cab6a411cb3bed4d,2,6b7e1f5b521de19b,6f9a9c5f2856c8b3,64.10035007555453,0,0.39567062,0.0,0.0,0.0,0.0,0,0,1.0,0.0,0,0.0,0.0,0.0,0.0,0.0,4,1.0
cab90acda7de2225,0,6b7e1f5b521de19b,6f9a9c5f2856c8b3,19287.201017212104,8,0.14159736,0.8720930232558145,-7.5,15.0,0.0,0,0,1.0,0.0,0,0.0,0.0,0.0,6.0,0.9354143463427049,3,0.25
cabbb0474c8a42b1,3,6b7e1f5b521de19b,,2357482.063301993,84,0.029402861,0.252079334612924,0.2597402597402597,20.0,0.0,0,1,1.1067971810471124,1.0,1,0.0,0.0,0.0,75.0,1.9565866431032684,5,0.2857142857142857
cad2df986d49735f,2,6b7e1f5b521de19b,6f9a9c5f2856c8b3,1.170863568534039,0,0.017898962,0.0,0.0,0.0,0.0,0,0,1.0,0.0,0,0.0,0.0,0.0,0.0,0.0,1,1.0
cadad4b9e72478f4,2,6b7e1f5b521de19b,6f9a9c5f2856c8b3,98.49392076768089,25,0.0016354596,-8.577009546588581e-17,0.0,0.0,0.0,0,0,1.0,0.0,0,0.0,0.0,0.0,25.0,0.0,2,1.0
cadb5ac59aeac224,5,6b7e1f5b521de19b,6f9a9c5f2856c8b3,65189.6001558036,0,0.12813656,0.0,0.0,0.0,0.0,0,0,1.0,0.0,0,0.0,0.0,0.0,0.0,0.0,1,1.0
cadc9d7f9a6e3795,3,6b7e1f5b521de19b,,25102.753943361105,0,0.015965885,0.0,0.0,0.0,0.0,0,0,1.0,0.0,0,0.0,0.0,0.0,0.0,0.0,1,1.0
cae71ce73b602f87,3,6b7e1f5b521de19b,,123632.27375479309,0,0.0038120234,0.0,0.0,0.0,0.0,0,0,1.0,0.0,0,0.0,0.0,0.0,0.0,0.0,2,1.0
caf6158517834506,5,6b7e1f5b521de19b,d4f34f97b6d22a81,6564.35932651408,221,0.2420549,0.2016510904108151,9.818181818181818,50.0,0.0,0,0,4.247346237462816e-11,0.0,0,0.0,0.2728838301450303,0.036307142423363796,63.0,1.5115492808885655,10,0.7058823529411765
cb0e7a42a5e902fb,2,6b7e1f5b521de19b,6f9a9c5f2856c8b3,98.49392076768089,0,0.015201022,0.0,0.0,0.0,0.0,0,0,1.0,0.0,0,0.0,0.0,0.0,0.0,0.0,1,1.0
cb0e96763d3080e1,2,6b7e1f5b521de19b,6f9a9c5f2856c8b3,1.170863568534039,0,0.14231996,0.0,0.0,0.0,0.0,0,0,1.0,0.0,0,0.0,0.0,0.0,0.0,0.0,1,1.0
cb114a4c16a9fafd,5,6b7e1f5b521de19b,d4f34f97b6d22a81,7683.65937932051,1,0.43395683,24.999999999999996,-50.0,50.0,0.0,0,1,1.0,0.0,0,0.0,0.7069451662998124,6561.3865886789135,1.0,0.9999999980000001,3,0.3333333333333333
cb2b95b8a91667ce,6,6b7e1f5b521de19b,,12161.80535851691,0,0.99609935,0.0,0.0,0.0,0.0,0,0,1.0,0.0,0,0.0,0.0,0.0,0.0,0.0,1,1.0
cb2fceeb16e88ef6,0,6b7e1f5b521de19b,,54608.54408792734,0,0.9984139,0.0,0.0,0.0,0.0,0,0,1.0,0.0,0,0.0,0.0,0.0,0.0,0.0,1,1.0
cb4242013c17ba82,2,6b7e1f5b521de19b,6f9a9c5f2856c8b3,485893.0223526556,1535,0.000342047,-0.009672266078296774,-0.04643171019746779,-20.000000000000007,50.0,0,-1,1.5929827321062378,0.0,0,0.0,0.3522138063936734,-0.29062307406732524,357.0,0.9743090826892051,2,0.26666666666666666
cb6053767a7d2a14,2,255414ab73601d72,28c9c64e5918b06e,354.19658060731194,0,0.07283,0.0,0.0,0.0,0.0,0,0,1.0,0.0,0,0.0,0.0,0.0,0.0,0.0,1,1.0
cb64706c6766830c,5,6b7e1f5b521de19b,d4f34f97b6d22a81,1831.3315201273049,0,0.08037282,0.0,0.0,0.0,0.0,0,0,1.0,0.0,0,0.0,0.0,0.0,0.0,0.0,1,1.0
cb6e9eeaa531204d,5,6b7e1f5b521de19b,d4f34f97b6d22a81,1.170863568534039,0,0.02147265,0.0,0.0,0.0,0.0,0,0,1.0,0.0,0,0.0,0.0,0.0,0.0,0.0,1,1.0
cb787645d170bc45,2,6b7e1f5b521de19b,6f9a9c5f2856c8b3,740947.2497819713,0,0.567749,0.0,0.0,0.0,0.0,0,0,1.0,0.0,0,0.0,0.0,0.0,0.0,0.0,1,1.0
cb78c587d947bf78,0,6b7e1f5b521de19b,,270801.9611719012,0,0.39143932,0.0,0.0,0.0,0.0,0,0,1.0,0.0,0,0.0,0.0,0.0,0.0,0.0,2,1.0
cb9650084254c8d8,2,6b7e1f5b521de19b,,8607.258751608544,0,0.11651538,0.0,0.0,0.0,0.0,0,0,1.0,0.0,0,0.0,0.0,0.0,0.0,0.0,3,1.0
cb99daf8fd362049,0,ca98f50aee8e1814,,2940320.756356726,0,0.0006576348,0.0,0.0,0.0,0.0,0,0,1.0,0.0,0,0.0,0.0,0.0,0.0,0.0,1,1.0
cb9cb7ccb6cbf11b,4,bb25152d8e0211c1,28c9c64e5918b06e,489854.3756367309,10,0.0061795316,-1.21665684562112e-16,0.0,0.0,0.0,0,0,1.0,0.0,0,0.0,1.1882645906307727e-16,0.0,10.0,0.9999999998,2,0.3333333333333333
cba798f82e2a0d7b,2,6b7e1f5b521de19b,6f9a9c5f2856c8b3,75179.45578565139,392,0.00025028767,-3.493814760673561e-18,0.0,0.0,0.0,0,0,1.0,0.0,0,0.0,0.41038946973356566,64207.55324739382,217.0,1.2508223034351966,3,0.2857142857142857
cbad46a7d8cae1e9,1,6b7e1f5b521de19b,,14038.740800698542,0,0.029279672,0.0,0.0,0.0,0.0,0,0,1.0,0.0,0,0.0,0.5772860678376769,11989.07397443882,0.0,0.0,4,1.0
cbaf1e1245977605,3,6b7e1f5b521de19b,,65064.44409714713,0,0.80957663,0.0,0.0,0.0,0.0,0,0,1.0,0.0,0,0.0,0.0,0.0,0.0,0.0,1,1.0
cbb1ffab6e8494dd,2,6b7e1f5b521de19b,6f9a9c5f2856c8b3,629.9599660161665,37,0.0061905608,-2.9438032091494923e-16,0.0,0.0,0.0,0,0,1.0,0.0,0,0.0,0.7051372348872297,537.030205180009,37.0,0.9999999999459459,2,0.3333333333333333
cbd43be6270c6754,2,6b7e1f5b521de19b,6f9a9c5f2856c8b3,443.6556984904009,0,0.08877342,0.0,0.0,0.0,0.0,0,0,1.0,0.0,0,0.0,0.0,0.0,0.0,0.0,2,1.0
cbd839fc68f37d10,1,6b7e1f5b521de19b,,1893.7888334569147,315,0.56052333,-0.009734489859814675,-0.017543859649122806,-5.0,5.0,0,-1,1.309307341228903,6.0,0,0.01904761904761905,0.0,0.0,156.0,1.214085469508366,4,0.125
cbf709d036fcc61e,2,6b7e1f5b521de19b,6f9a9c5f2856c8b3,142469.60630825118,0,0.691786,0.0,0.0,0.0,0.0,0,0,1.0,0.0,0,0.0,0.0,0.0,0.0,0.0,1,1.0
cc01e12bdf23e9d7,2,6b7e1f5b521de19b,6f9a9c5f2856c8b3,98.49392076768089,0,0.058730435,0.0,0.0,0.0,0.0,0,0,1.0,0.0,0,0.0,0.0,0.0,0.0,0.0,1,1.0
cc1270f93e5482c7,5,6b7e1f5b521de19b,d4f34f97b6d22a81,6091.577363923724,0,0.9955687,0.0,0.0,0.0,0.0,0,0,1.0,0.0,0,0.0,0.0,0.0,0.0,0.0,1,1.0
cc13c1470994e742,2,6b7e1f5b521de19b,6f9a9c5f2856c8b3,412.7635997837326,0,0.062176224,0.0,0.0,0.0,0.0,0,0,1.0,0.0,0,0.0,0.0,0.0,0.0,0.0,1,1.0
cc18f876996aaf86,2,6b7e1f5b521de19b,6f9a9c5f2856c8b3,3875.2144554948154,28,0.6761368,-2.6375088112371913e-16,0.0,0.0,0.0,0,0,1.0,0.0,0,0.0,0.1902030795142759,-0.34446941262592196,28.0,1.7320508073214413,3,0.4
cc1e1c78ab7b0667,1,6b7e1f5b521de19b,6f9a9c5f2856c8b3,599859.915784524,62,0.0014625876,0.08064516129032259,-0.08064516129032258,5.0,0.0,0,1,1.0,0.0,0,0.0,0.6333769707176415,2.4334552612659506,62.0,0.9999999999677419,2,0.6666666666666666
cc21a6485955e037,3,6b7e1f5b521de19b,d4f34f97b6d22a81,67053.75271347474,675,0.0048686047,0.02378135513772642,-0.3070873100035348,28.75,30.0,4,0,7.507188054248523e-11,1.0,0,0.0014814814814814814,0.22081452237822685,1.2441942603399392,137.0,1.7838636570538078,8,0.15
cc49a973b664daeb,1,6b7e1f5b521de19b,,54608.54408792734,0,0.0011007452,0.0,-5.0,-5.0,5.0,0,-1,1.0,0.0,0,0.0,1.3323844712776063e-16,0.0,0.0,0.0,3,1.0
cc984060d89530a7,5,6b7e1f5b521de19b,6f9a9c5f2856c8b3,398997.21001019893,0,0.1226902,0.0,0.0,0.0,0.0,0,0,1.0,0.0,0,0.0,0.0,0.0,0.0,0.0,1,1.0
cc9e503cf6793226,0,6b7e1f5b521de19b,,89664.46366676311,31,0.07546523,-5.238611336109402e-17,0.0,0.0,0.0,0,0,1.0,0.0,0,0.0,0.0,0.0,31.0,0.0,2,1.0
ccb178e64f718b85,2,6b7e1f5b521de19b,6f9a9c5f2856c8b3,32.484953280249805,0,0.05035394,0.0,0.0,0.0,0.0,0,0,1.0,0.0,0,0.0,0.0,0.0,0.0,0.0,1,1.0
ccc7bac5d94afb52,5,6b7e1f5b521de19b,d4f34f97b6d22a81,1.170863568534039,0,0.101937115,0.0,0.0,0.0,0.0,0,0,1.0,0.0,0,0.0,0.0,0.0,0.0,0.0,1,1.0
ccda326bcf4fc915,4,75c64824a2a4e380,d4f34f97b6d22a81,266990.700416723,0,0.021506798,0.0,0.0,0.0,0.0,0,0,1.0,0.0,0,0.0,0.41098476046166177,1.3954978848553714,0.0,0.0,2,1.0
ccda6a6ecd3d5277,2,6b7e1f5b521de19b,6f9a9c5f2856c8b3,3734087.976123444,419,0.00019451413,0.03676108253010859,-0.015060240963855422,3.333333333333334,35.0,1,-1,1.1722231625532873,0.0,0,0.0,0.3158058904879124,3189173.2782625384,154.0,1.4858560629885156,3,0.05555555555555555
cce1f2f0ddbe5c5d,2,6b7e1f5b521de19b,6f9a9c5f2856c8b3,98.49392076768089,0,0.019003177,0.0,0.0,0.0,0.0,0,0,1.0,0.0,0,0.0,0.0,0.0,0.0,0.0,1,1.0
cce1faa7771a3186,2,6b7e1f5b521de19b,,1.170863568534039,0,0.0028157707,0.0,0.0,0.0,0.0,0,0,1.0,0.0,0,0.0,0.0,0.0,0.0,0.0,1,1.0
cce33717d8b9cffa,2,6b7e1f5b521de19b,6f9a9c5f2856c8b3,98.49392076768089,20,0.00082452927,-1.0721261933235725e-16,0.0,0.0,0.0,0,0,1.0,0.0,0,0.0,0.0,0.0,20.0,0.0,2,1.0
ccf2615493b3e643,2,6b7e1f5b521de19b,6f9a9c5f2856c8b3,64.10035007555453,0,0.9951573,0.0,0.0,0.0,0.0,0,0,1.0,0.0,0,0.0,0.0,0.0,0.0,0.0,1,1.0
cd1639416fcf24d2,5,6b7e1f5b521de19b,6f9a9c5f2856c8b3,338.47916052419157,20,0.0013706791,-4.28850477329429e-16,0.0,0.0,0.0,0,0,1.0,0.0,0,0.0,0.0,0.0,20.0,0.0,2,1.0
cd2142bcbb576257,2,6b7e1f5b521de19b,6f9a9c5f2856c8b3,1.170863568534039,0,0.22206426,0.0,0.0,0.0,0.0,0,0,1.0,0.0,0,0.0,0.0,0.0,0.0,0.0,1,1.0
cd257dafba44f2c5,3,6b7e1f5b521de19b,,35845.270270304114,0,0.0006772298,0.0,0.0,0.0,0.0,0,0,1.0,0.0,0,0.0,0.0,0.0,0.0,0.0,1,1.0
cd365079a534b9b3,3,6b7e1f5b521de19b,2095e0b55fdf3180,278787.4963550995,434,5.0739756e-05,-0.03341013824884791,-8.976958525345623,-19.0,19.0,0,-1,1.0,0.0,0,0.0,0.5773470361539049,238103.16845077084,434.0,1.4142135623633196,2,0.5
cd39920180ed707e,4,75c64824a2a4e380,28c9c64e5918b06e,1.170863568534039,0,0.018676456,0.0,0.0,0.0,0.0,0,0,1.0,0.0,0,0.0,0.0,0.0,0.0,0.0,1,1.0
cd3cfe325f8da9a8,5,6b7e1f5b521de19b,d4f34f97b6d22a81,20811.928735170877,0,0.32846567,0.0,0.0,0.0,0.0,0,0,1.0,0.0,0,0.0,0.0,0.0,0.0,0.0,1,1.0
cd45e82302fef70f,6,6b7e1f5b521de19b,,16255.489958198483,0,0.99609935,0.0,0.0,0.0,0.0,0,0,1.0,0.0,0,0.0,0.0,0.0,0.0,0.0,1,1.0
cd48942ce682fb20,3,6b7e1f5b521de19b,,80872.05936290111,174,0.0066950484,-2.4978792418195657e-17,0.0,0.0,0.0,0,0,1.0,0.0,0,0.0,0.0,0.0,67.0,0.8994206969518455,2,0.25
cd6ca6bcef35d69a,2,6b7e1f5b521de19b,,1.170863568534039,0,0.0002270598,0.0,0.0,0.0,0.0,0,0,1.0,0.0,0,0.0,0.0,0.0,0.0,0.0,1,1.0
cd6e1bf076dcc6bc,3,6b7e1f5b521de19b,d4f34f97b6d22a81,674.0391154906182,0,0.11081833,0.0,0.0,0.0,0.0,0,0,1.0,1.0,0,0.0,0.0,0.0,0.0,0.0,2,1.0
cd85da4e5d8c3d55,3,6b7e1f5b521de19b,,186555.16774733728,0,0.005395199,0.0,0.0,0.0,0.0,0,0,1.0,0.0,0,0.0,0.0,0.0,0.0,0.0,1,1.0
cd8e6e3ecdf058b0,2,6b7e1f5b521de19b,6f9a9c5f2856c8b3,264.11418569428724,0,0.07081663,0.0,0.0,0.0,0.0,0,0,1.0,0.0,0,0.0,0.0,0.0,0.0,0.0,1,1.0
cd9e6c0ccb33236f,3,6b7e1f5b521de19b,d4f34f97b6d22a81,124077.19866694363,32,0.03602398,-0.2787705503931379,6.0,-30.0,50.0,1,0,6.249999999609376e-11,1.0,1,0.0,1.2388478831141911,0.3837945780624421,17.0,1.9385078015607558,9,0.13333333333333333
cdbab5589f8b6ace,5,6b7e1f5b521de19b,6f9a9c5f2856c8b3,299.52746386053104,0,0.09042049,0.0,0.0,0.0,0.0,0,0,1.0,0.0,0,0.0,0.0,0.0,0.0,0.0,1,1.0
cdbbba6c0219ddda,0,6b7e1f5b521de19b,,524417.177630072,0,0.25280532,0.0,0.0,0.0,0.0,0,0,1.0,0.0,0,0.0,0.0,0.0,0.0,0.0,1,1.0
cdd618cff8304e84,4,ac07a4f1ad9a4f67,,509198.75018512644,491,0.00032897326,-0.05785816649146677,-0.056179775280898875,-25.0,30.0,1,0,0.38837866685675043,0.0,0,0.0,0.17894603999165862,0.3804319677674758,275.0,1.67458034404076,3,0.08333333333333333
cdfc69ae8c06ac6c,5,6b7e1f5b521de19b,6f9a9c5f2856c8b3,1060.8669669680157,0,0.0878764,0.0,0.0,0.0,0.0,0,0,1.0,0.0,0,0.0,0.0,0.0,0.0,0.0,1,1.0
ce22ecac3d2f7b9e,5,6b7e1f5b521de19b,d4f34f97b6d22a81,1.170863568534039,0,0.66096216,0.0,0.0,0.0,0.0,0,0,1.0,0.0,0,0.0,0.0,0.0,0.0,0.0,1,1.0
ce27536dece76597,0,6b7e1f5b521de19b,d4f34f97b6d22a81,1.170863568534039,0,0.80899435,0.0,0.0,0.0,0.0,0,0,1.0,0.0,0,0.0,0.0,0.0,0.0,0.0,3,1.0
ce28ab6308d257a8,3,6b7e1f5b521de19b,,9648.963805727817,0,0.0009997216,0.0,0.0,0.0,0.0,0,0,1.0,0.0,0,0.0,0.0,0.0,0.0,0.0,1,1.0
ce2d2b8f57e2efd0,2,6b7e1f5b521de19b,6f9a9c5f2856c8b3,1.170863568534039,0,0.46054703,0.0,0.0,0.0,0.0,0,0,1.0,0.0,0,0.0,0.0,0.0,0.0,0.0,1,1.0
ce398063c210df82,3,6b7e1f5b521de19b,d4f34f97b6d22a81,33161.7052344102,6,0.9239949,-4.4409885174887906e-15,0.0,0.0,0.0,0,0,1.0,0.0,0,0.0,0.0338163826226718,0.09067345291142544,4.0,1.1055415960481054,5,0.6
ce48132c8db4545b,5,6b7e1f5b521de19b,6f9a9c5f2856c8b3,441521.51984061097,151,0.026961153,0.22998159841792207,-0.4819277108433735,40.0,0.0,0,0,7.559289459613116e-11,0.0,0,0.0,0.0,0.0,79.0,1.3697887478760655,4,0.375
ce4c3bd879af9d3c,2,6b7e1f5b521de19b,6f9a9c5f2856c8b3,36395.42591498517,0,0.22671604,0.0,0.0,0.0,0.0,0,0,1.0,0.0,0,0.0,0.0,0.0,0.0,0.0,1,1.0
ce4fd94a955f497c,2,6b7e1f5b521de19b,6f9a9c5f2856c8b3,21560.780670916734,0,0.026415588,0.0,0.0,0.0,0.0,0,0,1.0,0.0,0,0.0,0.9998913953991909,18413.426112780642,0.0,0.0,2,1.0
ce51093c6344f86f,3,6b7e1f5b521de19b,,1516.994814448473,0,0.5301001,0.0,0.0,0.0,0.0,0,0,1.0,0.0,0,0.0,0.0,0.0,0.0,0.0,1,1.0
ce60053721dd5d93,1,6b7e1f5b521de19b,,2472.949006922998,0,0.11749226,0.0,0.0,0.0,0.0,0,0,1.0,0.0,0,0.0,0.0,0.0,0.0,0.0,1,1.0
ce7637092246c92f,2,6b7e1f5b521de19b,6f9a9c5f2856c8b3,98.49392076768089,29,0.00079147157,-7.393973747059121e-17,0.0,0.0,0.0,0,0,1.0,0.0,0,0.0,0.0,0.0,29.0,0.0,2,1.0
ce8b47ee680c954f,5,062b9e5a52eb6d8e,28c9c64e5918b06e,111282.64735383427,3,0.0566232,1.0119214866374518e-15,0.0,0.0,0.0,0,0,1.0,0.0,0,0.0,0.583337098448185,95042.223091452,3.0,1.4142135609588815,4,0.25
cea91e8853ffbf12,2,6b7e1f5b521de19b,6f9a9c5f2856c8b3,1.170863568534039,0,0.34525034,0.0,0.0,0.0,0.0,0,0,1.0,0.0,0,0.0,0.0,0.0,0.0,0.0,1,1.0
cebb7f34a8900afd,2,6b7e1f5b521de19b,d4f34f97b6d22a81,634.3345668274252,0,0.45323384,0.0,0.0,0.0,0.0,0,0,1.0,0.0,0,0.0,0.0,0.0,0.0,0.0,1,1.0
cec1841b0d892f79,2,6b7e1f5b521de19b,6f9a9c5f2856c8b3,5658.7759425676995,0,0.055941734,0.0,0.0,0.0,0.0,0,0,1.0,0.0,0,0.0,0.0,0.0,0.0,0.0,1,1.0
ceca29ec2f37746d,5,6b7e1f5b521de19b,6f9a9c5f2856c8b3,154001.16904064678,442,0.0014701063,0.023752344722566952,0.0,10.0,20.0,1,-1,0.9585144756386323,0.0,0,0.0,0.29531842501479666,-0.011817760674052723,223.0,1.905192322379453,5,0.8571428571428571
cecaca291b19b128,5,6b7e1f5b521de19b,6f9a9c5f2856c8b3,1060.8669669680157,0,0.09223586,0.0,0.0,0.0,0.0,0,0,1.0,0.0,0,0.0,0.0,0.0,0.0,0.0,1,1.0
ced29e1cab619e02,0,6b7e1f5b521de19b,6f9a9c5f2856c8b3,300086.9760165169,0,0.09285156,0.0,0.0,0.0,0.0,0,0,1.0,0.0,0,0.0,0.9999921965357065,256294.4250871739,0.0,0.0,2,1.0
cee8b8702a6f4a86,2,6b7e1f5b521de19b,6f9a9c5f2856c8b3,34111.44067538681,0,0.19072741,0.0,0.0,0.0,0.0,0,0,1.0,0.0,0,0.0,0.0,0.0,0.0,0.0,1,1.0
ceeb344c8f38fa64,5,6b7e1f5b521de19b,d4f34f97b6d22a81,1.170863568534039,0,0.6956667,0.0,0.0,0.0,0.0,0,0,1.0,0.0,0,0.0,0.0,0.0,0.0,0.0,1,1.0
ceef29258f39a1c0,3,6b7e1f5b521de19b,,85310.81114042184,40,0.05996527,5.289437784362322e-16,0.0,0.0,0.0,0,0,1.0,0.0,0,0.0,0.0,0.0,40.0,1.4142135622670287,3,0.25
cef150b278c25f2c,0,bd661df59343798b,,9648.963805727817,0,0.002123718,0.0,0.0,0.0,0.0,0,0,1.0,0.0,0,0.0,0.0,0.0,0.0,0.0,1,1.0
cef6f486f3122f65,2,6b7e1f5b521de19b,6f9a9c5f2856c8b3,26587.561100418254,0,0.090724215,0.0,0.0,0.0,0.0,0,0,1.0,0.0,0,0.0,0.0,0.0,0.0,0.0,1,1.0
cf12480280c62464,3,6b7e1f5b521de19b,6f9a9c5f2856c8b3,9953.27988636463,0,0.0963174,0.0,0.0,0.0,0.0,0,0,1.0,0.0,0,0.0,0.0,0.0,0.0,0.0,1,1.0
cf16ced71ef828a0,2,6b7e1f5b521de19b,6f9a9c5f2856c8b3,1.170863568534039,0,0.080317125,0.0,0.0,0.0,0.0,0,0,1.0,0.0,0,0.0,0.0,0.0,0.0,0.0,1,1.0
cf17579e4f0783c0,2,6b7e1f5b521de19b,6f9a9c5f2856c8b3,356658.8588159797,489,8.182493e-05,-0.017829970555105424,0.19148936170212766,-9.0,9.0,0,0,2.2452510463444294e-10,0.0,0,0.0,0.016120513288572228,0.03661761528649224,223.0,0.9438752156808847,2,0.14285714285714285
cf3c7a5ba2b884c3,0,6b7e1f5b521de19b,6f9a9c5f2856c8b3,98.49392076768089,0,0.085439615,0.0,0.0,0.0,0.0,0,0,1.0,0.0,0,0.0,0.0,0.0,0.0,0.0,2,1.0
cf44e7569ff47edd,2,6b7e1f5b521de19b,,13121.811050396169,0,0.18145566,0.0,0.0,0.0,0.0,0,0,1.0,0.0,0,0.0,0.0,0.0,0.0,0.0,1,1.0
cf582faa6e1dae3e,0,6b7e1f5b521de19b,6f9a9c5f2856c8b3,110510.57900984009,0,0.063422866,0.0,0.0,0.0,0.0,0,0,1.0,0.0,0,0.0,0.0,0.0,0.0,0.0,1,1.0
cf6b13a22eb98087,3,6b7e1f5b521de19b,d4f34f97b6d22a81,47672.130776182996,61,0.003030675,-0.11612170952110755,-6.455026455026455,10.0,40.0,1,-1,0.8858824616504481,1.0,0,0.01639344262295082,1.5262497177529863e-16,0.0,21.0,1.1532644153494032,6,0.18181818181818182
cf6b63a085908627,2,6b7e1f5b521de19b,6f9a9c5f2856c8b3,33410.72804667852,3,0.004475927,1.3473444061325366e-15,0.0,0.0,0.0,0,0,1.0,0.0,0,0.0,0.9999299133777053,28534.116254842476,3.0,1.4142135609588815,4,0.75
cf6cc803bb9c8f29,5,cca8e68b78e095c5,28c9c64e5918b06e,149447.51333373057,543,0.20661862,0.10398236380953625,-0.13513513513513514,50.0,0.0,0,0,4.0249223593376216e-11,1.0,0,0.001841620626151013,0.24810692552688013,127637.70817233127,191.0,1.51039614932987,5,0.4444444444444444
cf78a661d8ea08b1,2,6b7e1f5b521de19b,6f9a9c5f2856c8b3,223.08698509528145,0,0.018142872,0.0,0.0,0.0,0.0,0,0,1.0,0.0,0,0.0,0.0,0.0,0.0,0.0,1,1.0
cf9808bf6b5f7be3,2,6b7e1f5b521de19b,6f9a9c5f2856c8b3,98.49392076768089,24,0.0005972221,-8.934384944363104e-17,0.0,0.0,0.0,0,0,1.0,0.0,0,0.0,0.0,0.0,24.0,0.0,2,1.0
cf990a47341996a9,0,cca8e68b78e095c5,,1.170863568534039,0,0.0100675495,0.0,0.0,0.0,0.0,0,0,1.0,0.0,0,0.0,0.0,0.0,0.0,0.0,1,1.0
cf9d575b9b4db429,3,6b7e1f5b521de19b,6f9a9c5f2856c8b3,10564.501135650773,0,0.59734833,0.0,-50.0,50.0,0.0,0,0,5.715476066167416e-11,0.0,0,0.0,0.0,0.0,0.0,0.0,7,1.0
cfa0b369c791139b,3,6b7e1f5b521de19b,,263999.29512211593,0,0.0021028975,0.0,0.0,0.0,0.0,0,0,1.0,0.0,0,0.0,0.0,0.0,0.0,0.0,1,1.0
cfb0a29b805e1543,5,6b7e1f5b521de19b,d4f34f97b6d22a81,1.170863568534039,0,0.24600288,0.0,0.0,0.0,0.0,0,0,1.0,0.0,0,0.0,0.0,0.0,0.0,0.0,1,1.0
cfb8fb4472879c1c,2,6b7e1f5b521de19b,d4f34f97b6d22a81,7429.024710037881,0,0.8605327,0.0,0.0,0.0,0.0,0,0,1.0,0.0,0,0.0,0.0,0.0,0.0,0.0,3,1.0
cfbcab5fdf9a0d79,2,6b7e1f5b521de19b,6f9a9c5f2856c8b3,1.170863568534039,0,0.00025310376,0.0,-70.0,-70.0,70.0,0,-1,1.0,0.0,0,0.0,1.4141993786290838,0.0,0.0,0.0,3,1.0
cfbcc9557055d1d7,0,6b7e1f5b521de19b,6f9a9c5f2856c8b3,1.170863568534039,0,0.49629545,0.0,0.0,0.0,0.0,0,0,1.0,0.0,0,0.0,0.0,0.0,0.0,0.0,1,1.0
cfc0a58d753a2cf5,1,6b7e1f5b521de19b,6f9a9c5f2856c8b3,796493.7010915865,114,0.0003473574,0.045607849149164464,-0.08064516129032258,5.0,0.0,0,0,1.0,0.0,0,0.0,0.5580049351487009,1.5088792553865054,62.0,0.7152216529860734,2,0.25
cfc838820a473ed6,2,6b7e1f5b521de19b,,32971.184487757266,0,0.15239471,0.0,0.0,0.0,0.0,0,0,1.0,0.0,0,0.0,0.0,0.0,0.0,0.0,1,1.0
cfd9fe3efdb5caf0,1,6b7e1f5b521de19b,6f9a9c5f2856c8b3,87295.2649710134,136,0.00033459425,3.217943777311987e-17,0.0,0.0,0.0,0,0,1.0,0.0,0,0.0,0.0,0.0,72.0,0.058823529410899654,1,0.3333333333333333
cfe1b24efe5e9625,2,6b7e1f5b521de19b,6f9a9c5f2856c8b3,12998.865303855764,490,0.00066668895,-0.06416427719270978,-0.21258503401360546,-18.4,61.0,4,0,5.942179991151584e-11,0.0,0,0.0,0.14783928061131596,0.7225234731291278,69.0,1.2662800727539147,6,0.2222222222222222
cffc537e9a252041,3,6b7e1f5b521de19b,,2.4198904513070483,62,0.00021858107,-6.522532247695559e-17,0.0,0.0,0.0,0,0,1.0,0.0,0,0.0,0.0,0.0,55.0,1.1828201365427087,3,0.25
d012e49af8226c3e,2,6b7e1f5b521de19b,6f9a9c5f2856c8b3,98.49392076768089,0,0.05213025,0.0,0.0,0.0,0.0,0,0,1.0,0.0,0,0.0,0.0,0.0,0.0,0.0,1,1.0
d026f96648cb3e6a,6,6b7e1f5b521de19b,,35845.270270304114,0,0.0015831506,0.0,0.0,0.0,0.0,0,0,1.0,0.0,0,0.0,0.0,0.0,0.0,0.0,1,1.0
d0370733c4de347f,2,6b7e1f5b521de19b,6f9a9c5f2856c8b3,1.170863568534039,0,0.21062772,0.0,0.0,0.0,0.0,0,0,1.0,0.0,0,0.0,0.0,0.0,0.0,0.0,1,1.0
d045c78611b664b4,3,6b7e1f5b521de19b,,2.4198904513070483,410,0.00019225427,6.820161202829813e-19,0.0,0.0,0.0,0,0,1.0,0.0,0,0.0,1.835162453022127e-16,0.0,175.0,0.8398889476339715,2,0.2857142857142857
d0648a5440d8d4fd,3,6b7e1f5b521de19b,,9648.963805727817,184,0.006515415,2.577900957433464e-17,0.0,0.0,0.0,0,0,1.0,0.0,0,0.0,0.0,0.0,63.0,0.0,1,0.3333333333333333
d064b53a852042fe,1,6b7e1f5b521de19b,,89664.46366676311,0,0.5694277,0.0,0.0,0.0,0.0,0,0,1.0,0.0,0,0.0,0.0,0.0,0.0,0.0,1,1.0
d06547dcd949bb20,3,6b7e1f5b521de19b,d4f34f97b6d22a81,133909.93513617528,664,0.0436558,-0.03839093156854377,0.12738706246821102,-8.289473684210527,60.0,4,0,6.409731037264096e-11,1.0,1,-0.0015060240963855422,0.3671987127834904,-0.911509381487872,34.0,1.9987351283400316,25,0.4583333333333333
d0679c8965d5aef0,0,6b7e1f5b521de19b,6f9a9c5f2856c8b3,382.1577334421973,0,0.076227695,0.0,0.0,0.0,0.0,0,0,1.0,0.0,0,0.0,0.0,0.0,0.0,0.0,1,1.0
d067b1c1a40c3e9e,3,6b7e1f5b521de19b,,20485.706559264447,0,0.094735466,0.0,0.0,0.0,0.0,0,0,1.0,0.0,0,0.0,0.0,0.0,0.0,0.0,2,1.0
d0686adc699e2193,0,fc3655a0b667e091,,303285.95849559025,0,0.14555681,0.0,0.0,0.0,0.0,0,0,1.0,0.0,0,0.0,0.0,0.0,0.0,0.0,1,1.0
d06a37bc041375a3,3,6b7e1f5b521de19b,,26632.282638880053,0,0.99739337,0.0,0.0,0.0,0.0,0,0,1.0,0.0,0,0.0,0.0,0.0,0.0,0.0,1,1.0
d07c109a20b9f338,2,6b7e1f5b521de19b,6f9a9c5f2856c8b3,1628.5851646517813,0,0.020131249,0.0,0.0,0.0,0.0,0,0,1.0,0.0,0,0.0,0.0,0.0,0.0,0.0,1,1.0
d0837a0b9fffe5d5,2,6b7e1f5b521de19b,6f9a9c5f2856c8b3,6592.943568823602,0,0.25708246,0.0,0.0,0.0,0.0,0,0,1.0,0.0,0,0.0,0.0,0.0,0.0,0.0,1,1.0
d0896c86282d84e2,3,6b7e1f5b521de19b,d4f34f97b6d22a81,1.170863568534039,0,0.0007953164,0.0,0.0,0.0,0.0,0,0,1.0,0.0,0,0.0,0.0,0.0,0.0,0.0,1,1.0
d08a8cac8b9d20a2,2,6b7e1f5b521de19b,6f9a9c5f2856c8b3,98.49392076768089,29,0.003119989,1.7333286609758892e-16,0.0,0.0,0.0,0,0,1.0,0.0,0,0.0,0.0,0.0,29.0,1.4142135622267973,2,0.5
d0a4dfb3aca09e02,2,6b7e1f5b521de19b,d4f34f97b6d22a81,1.170863568534039,0,0.08370498,0.0,0.0,0.0,0.0,0,0,1.0,0.0,0,0.0,0.0,0.0,0.0,0.0,2,1.0
d0b8c549be8a101c,4,062b9e5a52eb6d8e,28c9c64e5918b06e,5392.712757159889,3,0.030148463,1.0000000000000007,-9.0,9.0,0.0,0,0,1.0,1.0,0,0.3333333333333333,0.16474717408604636,0.4204601343773877,3.0,1.4142135609588815,4,0.25
d0c765c42c43825a,0,fc3655a0b667e091,,21273.147061594493,0,0.003382005,0.0,0.0,0.0,0.0,0,0,1.0,0.0,0,0.0,0.0,0.0,0.0,0.0,1,1.0
d0d74422c8ca5eaa,2,6b7e1f5b521de19b,6f9a9c5f2856c8b3,12347.164795450497,16,0.15921657,1.5723967960566851,-2.0714285714285716,19.333333333333336,0.0,0,0,1.0972346603414918e-10,0.0,0,0.0,0.5897335109270732,10544.34885811638,9.0,2.4843258616543773,17,0.6111111111111112
d0d8a30bb2303e98,3,6b7e1f5b521de19b,d4f34f97b6d22a81,96255.12127410325,60,0.042729173,0.35857522932136754,-3.0,30.0,0.0,0,0,7.911548052226472e-11,0.0,0,0.0,0.3051043502226969,1.6289433330964451,26.0,1.3564659963537604,6,0.07692307692307693
d0eefc6785b6f37d,3,6b7e1f5b521de19b,,76211.40369331678,0,0.003574814,0.0,0.0,0.0,0.0,0,0,1.0,0.0,0,0.0,0.0,0.0,0.0,0.0,1,1.0
d0fa5d5aa6e7d31d,0,6b7e1f5b521de19b,6f9a9c5f2856c8b3,120703.62625676538,175,0.000117831754,-0.03606547426351576,-0.042735042735042736,-5.0,5.0,0,0,4.157609201372928e-10,1.0,0,0.005714285714285714,0.0540750817866653,0.22690055659741454,98.0,1.7328989512279735,4,0.09090909090909091
d11072d10bd38189,2,6b7e1f5b521de19b,6f9a9c5f2856c8b3,210734.31905097075,0,0.32295266,0.0,0.0,0.0,0.0,0,0,1.0,0.0,0,0.0,0.0,0.0,0.0,0.0,1,1.0
d1203b75cdedac5e,2,6b7e1f5b521de19b,,29902.603326870838,0,0.35881653,0.0,0.0,0.0,0.0,0,0,1.0,0.0,0,0.0,0.0,0.0,0.0,0.0,1,1.0
d1219682f19f05ec,2,6b7e1f5b521de19b,,10079.533693765128,0,0.0032102908,0.0,0.0,0.0,0.0,0,0,1.0,0.0,0,0.0,0.0,0.0,0.0,0.0,1,1.0
d126de257549487f,0,062b9e5a52eb6d8e,,39525.542188499916,0,0.9973584,0.0,0.0,0.0,0.0,0,0,1.0,0.0,0,0.0,0.0,0.0,0.0,0.0,1,1.0
d12942dd12609222,3,6b7e1f5b521de19b,1e1439736d3ae4c5,9648.963805727817,0,0.00020897572,0.0,0.0,0.0,0.0,0,0,1.0,0.0,0,0.0,0.0,0.0,0.0,0.0,1,1.0
d12d0ce8946361c0,5,6b7e1f5b521de19b,,99926.8025726217,0,0.99701476,0.0,0.0,0.0,0.0,0,0,1.0,0.0,0,0.0,0.0,0.0,0.0,0.0,1,1.0
d1329772c3bf7116,5,6b7e1f5b521de19b,d4f34f97b6d22a81,1.170863568534039,0,0.69948506,0.0,0.0,0.0,0.0,0,0,1.0,0.0,0,0.0,0.0,0.0,0.0,0.0,1,1.0
d13a80a2465326b4,3,6b7e1f5b521de19b,d4f34f97b6d22a81,6842.499079699599,0,0.19933198,0.0,0.0,0.0,0.0,0,0,1.0,0.0,0,0.0,0.0,0.0,0.0,0.0,2,1.0
d1572741e8b12f32,5,6b7e1f5b521de19b,d4f34f97b6d22a81,11934.05600592161,0,0.5792586,0.0,29.0,29.0,0.0,0,1,1.2301012243687066,3.0,0,0.0,0.37848803923475527,10191.524839476775,0.0,0.0,8,1.0
d164ef517945a4c0,1,6b7e1f5b521de19b,,8304.689797280567,0,0.086000495,0.0,0.0,0.0,0.0,0,0,1.0,0.0,0,0.0,0.0,0.0,0.0,0.0,1,1.0
d17b195e789acc75,2,6b7e1f5b521de19b,6f9a9c5f2856c8b3,98.49392076768089,39,0.0007718631,-3.119632937490051e-17,0.0,0.0,0.0,0,0,1.0,0.0,0,0.0,0.694572501109144,83.12074934656873,39.0,0.9999999999487179,2,0.3333333333333333
d187ef84ae43b025,3,6b7e1f5b521de19b,,2.4198904513070483,364,0.00017650817,-1.6570606356481214e-17,0.0,0.0,0.0,0,0,1.0,0.0,0,0.0,1.835162453022127e-16,0.0,94.0,0.504448272278462,1,0.2857142857142857
d1a23300ba20c5e8,2,6b7e1f5b521de19b,,13121.811050396169,0,0.07514615,0.0,0.0,0.0,0.0,0,0,1.0,0.0,0,0.0,0.0,0.0,0.0,0.0,1,1.0
d1b4b52d272a0e8d,3,6b7e1f5b521de19b,,35845.270270304114,0,0.0007464311,0.0,0.0,0.0,0.0,0,0,1.0,0.0,0,0.0,0.0,0.0,0.0,0.0,1,1.0
d1b69a92f56dd755,2,6b7e1f5b521de19b,6f9a9c5f2856c8b3,2391339.889666516,212,0.0078094983,2.371062790957584e-17,0.0,0.0,0.0,0,0,1.0,0.0,0,0.0,0.10980386906169663,0.31313503581434876,212.0,1.4142135623530823,2,0.5
d1b97ec6061d2bc8,3,6b7e1f5b521de19b,,2462.8786076146102,23,0.010383364,2.268034938562899e-17,0.0,0.0,0.0,0,0,1.0,2.0,0,0.08695652173913043,0.14725710947341308,-0.25671160938117527,21.0,1.2343538751936396,3,0.25
d1c4a1fb7a10e78e,2,6b7e1f5b521de19b,,1.170863568534039,431,6.141061e-05,-7.151427880609298e-19,0.0,0.0,0.0,0,0,1.0,0.0,0,0.0,0.0,0.0,315.0,1.3703912700738818,3,0.16666666666666666
d1c75ad3bdb0a35a,5,6b7e1f5b521de19b,d4f34f97b6d22a81,2909.8283139303107,0,0.10733135,0.0,29.0,29.0,0.0,0,1,1.0825317547234334,0.0,0,0.0,0.49974853632427674,2484.198439963005,0.0,0.0,5,1.0
d1dd7a0bf369256c,2,6b7e1f5b521de19b,6f9a9c5f2856c8b3,236873.20511217514,0,0.028413145,0.0,-10.0,10.0,0.0,0,1,1.0,0.0,0,0.0,0.0,0.0,0.0,0.0,2,1.0
d1f858b1d5ed45ca,2,6b7e1f5b521de19b,6f9a9c5f2856c8b3,1.170863568534039,0,0.00096437713,0.0,0.0,0.0,0.0,0,0,1.0,0.0,0,0.0,0.0,0.0,0.0,0.0,2,1.0
d20980b8f7887e84,5,6b7e1f5b521de19b,d4f34f97b6d22a81,25883.29366892879,259,0.0021144,-0.10248912909164927,-0.3401360544217687,-23.333333333333336,60.0,1,1,0.33132614666934274,0.0,0,0.0,0.46846134172595283,22105.15682690986,21.0,1.2673506244904063,12,0.1875
d20c38d01e06c8c4,3,6b7e1f5b521de19b,,2.4198904513070483,0,0.0026361446,0.0,0.0,0.0,0.0,0,0,1.0,0.0,0,0.0,0.0,0.0,0.0,0.0,1,1.0
d2153d4e53d2b96a,5,6b7e1f5b521de19b,6f9a9c5f2856c8b3,1.170863568534039,0,0.84584016,0.0,0.0,0.0,0.0,0,0,1.0,0.0,0,0.0,0.0,0.0,0.0,0.0,1,1.0
d2194ba231d4a953,6,6b7e1f5b521de19b,,919992.7682228223,0,0.31193432,0.0,0.0,0.0,0.0,0,0,1.0,0.0,0,0.0,0.0,0.0,0.0,0.0,1,1.0
d2213152c21f578c,6,6b7e1f5b521de19b,,1.170863568534039,237,0.000114438306,1.239603602046345e-17,0.0,0.0,0.0,0,0,1.0,0.0,0,0.0,0.0,0.0,137.0,1.0576839630645596,2,0.3333333333333333
d231721812a80aa8,2,6b7e1f5b521de19b,6f9a9c5f2856c8b3,1060.8669669680157,1,0.042210076,-8.57700954658858e-15,0.0,0.0,0.0,0,0,1.0,0.0,0,0.0,0.0,0.0,1.0,0.0,2,1.0
d235489740e96183,3,6b7e1f5b521de19b,,35845.270270304114,12,0.000120796525,-1.786876988872621e-16,0.0,0.0,0.0,0,0,1.0,0.0,0,0.0,0.0,0.0,12.0,0.0,2,1.0
d23841f48dc02a19,5,6b7e1f5b521de19b,d4f34f97b6d22a81,12490.225604804098,22,0.8136105,2.6848874598070736,-2.9411764705882355,50.0,0.0,0,0,4.2884501391672713e-11,2.0,0,0.09090909090909091,0.45683798776580553,1.9121907206619513,14.0,2.373232267873998,12,0.5625
d238e5d6ac1c96c2,3,6b7e1f5b521de19b,2095e0b55fdf3180,1.170863568534039,0,0.0002556903,0.0,0.0,0.0,0.0,0,0,1.0,0.0,0,0.0,0.0,0.0,0.0,0.0,1,1.0
d241fb1f6b167d0b,6,6b7e1f5b521de19b,,638299.2742739582,220,0.104032755,0.03596999341197526,-1.6717325227963526,0.0,95.0,4,0,0.0478562552254141,0.0,0,0.0,0.6155385974360166,2.689509860916652,126.0,2.132549787119917,8,0.15384615384615385
d24f5470c12b3ca1,2,6b7e1f5b521de19b,6f9a9c5f2856c8b3,11882.113093508355,0,0.18891841,0.0,0.0,0.0,0.0,0,0,1.0,0.0,0,0.0,0.0,0.0,0.0,0.0,1,1.0
d2553e219bc3ef18,2,6b7e1f5b521de19b,6f9a9c5f2856c8b3,1124332.9123435305,866,0.00014759324,-0.05410930393461414,0.06872187140719514,-45.0,45.0,0,0,5.824104033194818e-11,0.0,0,0.0,0.5339165223385114,960258.5405297591,203.0,1.2065046200818768,4,0.17647058823529413
d2620b07352ba437,5,6b7e1f5b521de19b,6f9a9c5f2856c8b3,1.170863568534039,0,0.30895975,0.0,0.0,0.0,0.0,0,0,1.0,0.0,0,0.0,0.0,0.0,0.0,0.0,1,1.0
d28050050f9c958a,2,6b7e1f5b521de19b,6f9a9c5f2856c8b3,98.49392076768089,0,0.021285241,0.0,0.0,0.0,0.0,0,0,1.0,0.0,0,0.0,0.9765039662242045,83.12074934656873,0.0,0.0,2,1.0
d28243b052844bb9,0,6b7e1f5b521de19b,,50514.34784109151,0,0.19933984,0.0,0.0,0.0,0.0,0,0,1.0,0.0,0,0.0,0.0,0.0,0.0,0.0,1,1.0
d282fd3650edb43b,0,6b7e1f5b521de19b,6f9a9c5f2856c8b3,67419.47856689343,2,0.025273042,-6.0832842281056e-16,0.0,0.0,0.0,0,0,1.0,0.0,0,0.0,0.0,0.0,2.0,0.9999999989999999,3,0.3333333333333333
d2863d4c32327264,1,6b7e1f5b521de19b,,583759.7387824531,280,0.0015977139,2.0198176450123953e-18,0.0,0.0,0.0,0,0,1.0,0.0,0,0.0,0.4614457748611828,1.2247824210885623,266.0,2.1029740844362457,4,0.14285714285714285
d292e97ac584e83a,4,16450d61eee679f5,28c9c64e5918b06e,199878.2058057764,0,0.003267566,0.0,-9.0,9.0,0.0,0,1,1.0,1.0,0,0.0,0.0,0.0,0.0,0.0,2,1.0
d2957278d20b6651,0,6ab36d9b02cbcf6b,,147782.212188992,0,0.020159706,0.0,0.0,0.0,0.0,0,0,1.0,0.0,0,0.0,0.0,0.0,0.0,0.0,1,1.0
d297c291be3a6017,5,6b7e1f5b521de19b,6f9a9c5f2856c8b3,9365.397967750003,0,0.4645969,0.0,0.0,0.0,0.0,0,0,1.0,0.0,0,0.0,0.8570455870982869,7997.709857781125,0.0,0.0,3,1.0
d2aefdc0c8b80d9d,3,6b7e1f5b521de19b,,18935.137298213707,0,0.1221004,0.0,0.0,0.0,0.0,0,0,1.0,0.0,0,0.0,0.0,0.0,0.0,0.0,1,1.0
d2bb20ca42f0c829,3,6b7e1f5b521de19b,,2.4198904513070483,268,0.00021057745,1.1099681804525146e-17,0.0,0.0,0.0,0,0,1.0,0.0,0,0.0,1.835162453022127e-16,0.0,161.0,1.2956522047606667,4,0.2857142857142857
d2bbd9c358f117f4,0,6b7e1f5b521de19b,,24446.827808853774,365,0.00082977454,-5.8783560474671506e-18,0.0,0.0,0.0,0,0,1.0,0.0,0,0.0,1.4881189639557316e-16,0.0,109.0,0.7272876113610117,2,0.14285714285714285
d2c4e4fbccb9b3a7,2,6b7e1f5b521de19b,,2351791.856538048,0,0.22971758,0.0,0.0,0.0,0.0,0,0,1.0,0.0,0,0.0,0.0,0.0,0.0,0.0,2,1.0
d2cff08054a83233,2,6b7e1f5b521de19b,6f9a9c5f2856c8b3,98.49392076768089,20,0.0008866396,-1.0721261933235725e-16,0.0,0.0,0.0,0,0,1.0,0.0,0,0.0,0.0,0.0,20.0,0.0,2,1.0
d2d7cf42caeb2c10,3,6b7e1f5b521de19b,d4f34f97b6d22a81,46305.77920739435,15,0.0006456917,-3.4386950531477264e-17,0.0,0.0,0.0,0,0,1.0,0.0,0,0.0,0.9999494303309658,39547.3986792507,14.0,1.275408431058851,3,0.25
d2e2fbc0737bbbca,5,6b7e1f5b521de19b,6f9a9c5f2856c8b3,664.2949115443329,0,0.08469889,0.0,0.0,0.0,0.0,0,0,1.0,0.0,0,0.0,0.0,0.0,0.0,0.0,1,1.0
d30b1f7e7a41a9c4,0,6b7e1f5b521de19b,6f9a9c5f2856c8b3,1.170863568534039,0,0.32594553,0.0,0.0,0.0,0.0,0,0,1.0,0.0,0,0.0,0.0,0.0,0.0,0.0,1,1.0
d30b2a8103cdfc9d,5,6b7e1f5b521de19b,d4f34f97b6d22a81,1111086.5652749985,147,0.00019994825,3.1878446751034385e-18,0.0,0.0,0.0,0,0,1.0,0.0,0,0.0,0.0,0.0,147.0,1.732050807521747,4,0.2
d30c2625fc8242e6,2,6b7e1f5b521de19b,6f9a9c5f2856c8b3,98.49392076768089,0,0.017072957,0.0,0.0,0.0,0.0,0,0,1.0,0.0,0,0.0,0.0,0.0,0.0,0.0,1,1.0
d3199d58f004b2f1,3,6b7e1f5b521de19b,,11264.189824104717,0,0.018016497,0.0,0.0,0.0,0.0,0,0,1.0,0.0,0,0.0,0.0,0.0,0.0,0.0,1,1.0
d319a73d9f8f16ae,0,062b9e5a52eb6d8e,,1845240.0868962975,159,0.0062098317,-6.696207344072256e-17,0.0,0.0,0.0,0,0,1.0,0.0,0,0.0,0.0,0.0,156.0,0.9622641509312923,2,0.3333333333333333
d31d9dd54e264528,3,6b7e1f5b521de19b,,9648.963805727817,0,0.0034957326,0.0,0.0,0.0,0.0,0,0,1.0,0.0,0,0.0,0.0,0.0,0.0,0.0,1,1.0
d31f1e7d6145459d,3,6b7e1f5b521de19b,,2.4198904513070483,0,0.090636045,0.0,0.0,0.0,0.0,0,0,1.0,0.0,0,0.0,0.0,0.0,0.0,0.0,1,1.0
d32938d876f77339,3,6b7e1f5b521de19b,,4517.797135638614,120,0.000111553054,5.574111932307401e-17,0.0,0.0,0.0,0,0,1.0,0.0,0,0.0,0.07250141849747577,-0.20123382558752076,74.0,1.3326039671094148,2,0.14285714285714285
d338b90e7153d9d8,2,6b7e1f5b521de19b,6f9a9c5f2856c8b3,7350.028691773547,0,0.7403971,0.0,0.0,0.0,0.0,0,0,1.0,0.0,0,0.0,0.0,0.0,0.0,0.0,1,1.0
d34aee168491aeed,5,6b7e1f5b521de19b,,121130.27981900205,0,0.023984428,0.0,0.0,0.0,0.0,0,0,1.0,0.0,0,0.0,0.0,0.0,0.0,0.0,1,1.0
d3760f6c900c2e0f,3,6b7e1f5b521de19b,,5083.8994500666495,0,0.00019281382,0.0,0.0,0.0,0.0,0,0,1.0,0.0,0,0.0,0.0,0.0,0.0,0.0,1,1.0
d385e3cde152def6,2,6b7e1f5b521de19b,6f9a9c5f2856c8b3,59262.66383217926,0,0.055723283,0.0,0.0,0.0,0.0,0,0,1.0,0.0,0,0.0,0.0,0.0,0.0,0.0,2,1.0
d38c7ac2f99b1f95,2,6b7e1f5b521de19b,6f9a9c5f2856c8b3,134847.53741428064,0,0.75645906,0.0,0.0,0.0,0.0,0,0,1.0,0.0,0,0.0,0.9999826344117867,115168.29985541728,0.0,0.0,2,1.0
d3a3d11f2c42d7ef,3,6b7e1f5b521de19b,,35845.270270304114,0,0.11060772,0.0,0.0,0.0,0.0,0,0,1.0,0.0,0,0.0,0.0,0.0,0.0,0.0,1,1.0
d3a56a477822bb97,3,6b7e1f5b521de19b,,3319.8866673557245,0,0.0028562162,0.0,0.0,0.0,0.0,0,0,1.0,0.0,0,0.0,0.0,0.0,0.0,0.0,1,1.0
d3b6f87f1554abd0,2,6b7e1f5b521de19b,6f9a9c5f2856c8b3,6098.717241092897,0,0.10300632,0.0,0.0,0.0,0.0,0,0,1.0,0.0,0,0.0,0.0,0.0,0.0,0.0,1,1.0
d3c3c63e1459cebb,3,6b7e1f5b521de19b,,2.4198904513070483,198,0.33704063,1.6293412010401825e-16,0.0,0.0,0.0,0,0,1.0,0.0,0,0.0,1.4140990669404714,-0.9999730117110799,174.0,0.7575757575681052,1,0.6666666666666666
d3cad651bdd1deae,2,6b7e1f5b521de19b,,89664.46366676311,0,0.0034965035,0.0,0.0,0.0,0.0,0,0,1.0,0.0,0,0.0,0.0,0.0,0.0,0.0,1,1.0
d3d433575f0d81d5,0,fc3655a0b667e091,,1984430.4468597248,267,0.001672872,-1.5597640615838875e-17,0.0,0.0,0.0,0,0,1.0,0.0,0,0.0,0.0,0.0,162.0,0.21348314606581661,1,0.3333333333333333
d3e22cdfdffcf4d9,1,6b7e1f5b521de19b,6f9a9c5f2856c8b3,90372.43024497671,256,0.9782752,0.41580826974392954,-0.7920792079207921,80.0,0.0,0,0,2.5641129702761078e-11,3.0,0,0.01171875,0.3601147072891917,77183.42410683772,49.0,1.0643223112720261,5,0.16666666666666666
d3f534b1c3ee6d66,6,6b7e1f5b521de19b,,1.0608520127326513,0,0.9946977,0.0,0.0,0.0,0.0,0,0,1.0,0.0,0,0.0,0.0,0.0,0.0,0.0,1,1.0
d3f59a3402809ce8,3,062b9e5a52eb6d8e,28c9c64e5918b06e,36209.16771936587,107,0.0010253936,-7.002643810581308e-17,0.0,0.0,0.0,0,0,1.0,0.0,0,0.0,0.2005530164160075,2.7526483100570225,50.0,1.6672488572501984,7,0.26666666666666666
d3fac5060122db57,3,6b7e1f5b521de19b,,54608.54408792734,0,0.8131515,0.0,0.0,0.0,0.0,0,0,1.0,0.0,0,0.0,0.0,0.0,0.0,0.0,1,1.0
d41b4e14e5c418cc,3,6b7e1f5b521de19b,,524417.177630072,0,0.00034348707,0.0,0.0,0.0,0.0,0,0,1.0,0.0,0,0.0,0.0,0.0,0.0,0.0,1,1.0
d4324c9616aa5e04,2,6b7e1f5b521de19b,6f9a9c5f2856c8b3,1.170863568534039,0,0.0019122753,0.0,0.0,0.0,0.0,0,0,1.0,0.0,0,0.0,0.0,0.0,0.0,0.0,1,1.0
d4335ec36e27d74a,2,6b7e1f5b521de19b,,11264.189824104717,0,0.15689796,0.0,0.0,0.0,0.0,0,0,1.0,0.0,0,0.0,0.0,0.0,0.0,0.0,1,1.0
d439dcc522574b99,2,6b7e1f5b521de19b,6f9a9c5f2856c8b3,361.29574083874047,0,0.06782852,0.0,0.0,0.0,0.0,0,0,1.0,0.0,0,0.0,0.0,0.0,0.0,0.0,1,1.0
d43a769cb86ac90e,3,6b7e1f5b521de19b,d4f34f97b6d22a81,19619.847409183643,1,0.16131815,6.6666666666666705,-20.0,20.0,0.0,0,0,1.0,0.0,0,0.0,0.5818152581704801,16755.7323268486,1.0,1.4142135581304542,4,0.25
d44c06679ed7e368,5,6b7e1f5b521de19b,6f9a9c5f2856c8b3,64.92779610970092,20,0.0013706791,-4.28850477329429e-16,0.0,0.0,0.0,0,0,1.0,0.0,0,0.0,0.0,0.0,20.0,0.0,2,1.0
d44d3f4a3ca60ea6,3,6b7e1f5b521de19b,,2.4198904513070483,61,0.0008229849,-1.9596430525438323e-17,0.0,0.0,0.0,0,0,1.0,0.0,0,0.0,0.0,0.0,43.0,1.0818430131681687,2,0.2
d462bfcf6d67f327,3,6b7e1f5b521de19b,,97448.11793908857,235,0.008042118,0.08320058612287487,-0.15267175572519084,20.0,0.0,0,0,1.173935688049577e-10,1.0,2,0.00425531914893617,0.28580519964451895,-0.630877355585314,63.0,1.3812099981458756,4,0.19047619047619047
d4799a95fe2a01dd,4,48deb34ff5cdd785,28c9c64e5918b06e,1.170863568534039,120,8.865602e-05,-3.950858628398597e-18,0.0,0.0,0.0,0,0,1.0,0.0,0,0.0,0.0,0.0,53.0,0.7842193570417655,2,0.2
d4a0c5eee5978167,2,6b7e1f5b521de19b,6f9a9c5f2856c8b3,1.170863568534039,0,0.07196468,0.0,0.0,0.0,0.0,0,0,1.0,0.0,0,0.0,0.0,0.0,0.0,0.0,1,1.0
d4abfbcac29d719e,4,77c27bf8a409b6bb,28c9c64e5918b06e,263422.11422197946,18,0.0013173022,1.9882193019991744e-16,0.0,0.0,0.0,0,0,1.0,0.0,0,0.0,0.41322605059464856,224980.04928808476,9.0,1.1221672149995086,5,0.7142857142857143
d4aff7d0f9c38ce6,3,6b7e1f5b521de19b,,2.4198904513070483,0,0.002245623,0.0,0.0,0.0,0.0,0,0,1.0,0.0,0,0.0,0.0,0.0,0.0,0.0,1,1.0
d4e4c04b0ac8a35a,2,6b7e1f5b521de19b,6f9a9c5f2856c8b3,325.3216003955088,0,0.0625623,0.0,0.0,0.0,0.0,0,0,1.0,0.0,0,0.0,0.0,0.0,0.0,0.0,1,1.0
d4ec05158fe8a9a7,0,6b7e1f5b521de19b,,17020.755679593403,0,0.21297322,0.0,0.0,0.0,0.0,0,0,1.0,0.0,0,0.0,0.0,0.0,0.0,0.0,1,1.0
d4fbcc2a559c6af7,2,6b7e1f5b521de19b,,1.170863568534039,0,0.00095231563,0.0,0.0,0.0,0.0,0,0,1.0,0.0,0,0.0,0.0,0.0,0.0,0.0,2,1.0
d4fcbbc88c850868,2,6b7e1f5b521de19b,6f9a9c5f2856c8b3,98.49392076768089,0,0.019003177,0.0,0.0,0.0,0.0,0,0,1.0,0.0,0,0.0,0.0,0.0,0.0,0.0,1,1.0
d50390878ce52367,0,6b7e1f5b521de19b,,1064506.8667509402,0,0.11226409,0.0,0.0,0.0,0.0,0,0,1.0,0.0,0,0.0,0.0,0.0,0.0,0.0,2,1.0
d5189ef0dd62a693,3,6b7e1f5b521de19b,,11338.365398214035,0,0.35721985,0.0,0.0,0.0,0.0,0,0,1.0,0.0,0,0.0,0.0,0.0,0.0,0.0,4,1.0
d52262e37c1570bf,2,6b7e1f5b521de19b,6f9a9c5f2856c8b3,1.170863568534039,0,0.18620154,0.0,0.0,0.0,0.0,0,0,1.0,0.0,0,0.0,0.0,0.0,0.0,0.0,1,1.0
d5494e494388c3a4,2,6b7e1f5b521de19b,d4f34f97b6d22a81,1206.0482706228593,0,0.08375402,0.0,0.0,0.0,0.0,0,0,1.0,0.0,0,0.0,0.0,0.0,0.0,0.0,1,1.0
d54c6a8d06824051,3,6b7e1f5b521de19b,,1.170863568534039,0,0.00024432503,0.0,0.0,0.0,0.0,0,0,1.0,0.0,0,0.0,0.0,0.0,0.0,0.0,1,1.0
d54fcb48d2aeaa55,2,6b7e1f5b521de19b,6f9a9c5f2856c8b3,687785.8072442344,66,0.18935405,0.29422337760389855,-0.8787878787878788,22.25,0.0,0,0,1.0932319587325786e-10,3.0,0,0.045454545454545456,0.21477508478721238,587416.5486605716,17.0,1.5504968243881412,8,0.21739130434782608
d57f241b76d8a21e,5,6b7e1f5b521de19b,6f9a9c5f2856c8b3,4233.726856735189,4,0.76475024,4.999999999999999,-40.0,10.0,30.0,1,-1,1.060660171775532,1.0,1,-0.25,0.07415044673623522,0.16600064400925454,4.0,1.9999999975000005,6,0.5
d58f0ff6a1417fc4,3,6b7e1f5b521de19b,d4f34f97b6d22a81,1.170863568534039,0,0.9985049,0.0,0.0,0.0,0.0,0,0,1.0,0.0,0,0.0,0.0,0.0,0.0,0.0,1,1.0
d5beb535dd84ec9e,3,6b7e1f5b521de19b,,14005.202331550161,0,0.18122849,0.0,0.0,0.0,0.0,0,0,1.0,0.0,0,0.0,0.0,0.0,0.0,0.0,1,1.0
d5cba71b0785be54,4,9cd083484517be1d,28c9c64e5918b06e,1.170863568534039,0,0.9979576,0.0,0.0,0.0,0.0,0,0,1.0,0.0,0,0.0,0.0,0.0,0.0,0.0,1,1.0
d5d6bc62f3841fc4,2,6b7e1f5b521de19b,d4f34f97b6d22a81,6745.476669391392,0,0.13808353,0.0,0.0,0.0,0.0,0,0,1.0,0.0,0,0.0,0.0,0.0,0.0,0.0,1,1.0
d5ebdd8dfecd2850,4,fd10c5543bdbcbc9,d4f34f97b6d22a81,259197.86000522092,228,0.0019753962,0.019582552698720532,-0.30303030303030304,-10.0,30.0,1,-1,1.1121956512418107,1.0,0,0.0043859649122807015,0.42785510824673173,0.0,122.0,0.799449641394006,2,0.6
d5ed1771da9b88e7,2,6b7e1f5b521de19b,,151056.98154331456,0,0.08954521,0.0,0.0,0.0,0.0,0,0,1.0,0.0,0,0.0,0.0,0.0,0.0,0.0,1,1.0
d60d7a51d16ed53f,0,6b7e1f5b521de19b,,8290.869253090716,0,0.0077707283,0.0,0.0,0.0,0.0,0,0,1.0,0.0,0,0.0,0.0,0.0,0.0,0.0,1,1.0
d615dac62f601409,5,6b7e1f5b521de19b,6f9a9c5f2856c8b3,38843.941510716206,0,0.5444608,0.0,0.0,0.0,0.0,0,0,1.0,0.0,0,0.0,0.0,0.0,0.0,0.0,3,1.0
d62de76d42fe7de4,3,6b7e1f5b521de19b,d4f34f97b6d22a81,6009.906030357736,0,0.1559044,0.0,0.0,0.0,0.0,0,0,1.0,0.0,0,0.0,0.0,0.0,0.0,0.0,1,1.0
d63037843015ce97,2,6b7e1f5b521de19b,6f9a9c5f2856c8b3,98.49392076768089,56,0.005082949,6.636240540288866e-17,0.0,0.0,0.0,0,0,1.0,0.0,0,0.0,0.5682352526606523,83.12074934656873,41.0,0.9073818582308545,2,0.25
d634b7d3ac53dd52,2,6b7e1f5b521de19b,6f9a9c5f2856c8b3,1.170863568534039,0,0.071443066,0.0,0.0,0.0,0.0,0,0,1.0,0.0,0,0.0,0.0,0.0,0.0,0.0,1,1.0
d635bbb4ad3c621e,2,6b7e1f5b521de19b,6f9a9c5f2856c8b3,727.33834588959,0,0.019098958,0.0,0.0,0.0,0.0,0,0,1.0,0.0,0,0.0,0.0,0.0,0.0,0.0,1,1.0
d67663f2e186df96,6,6b7e1f5b521de19b,,286920.02942277264,0,0.99582505,0.0,0.0,0.0,0.0,0,0,1.0,0.0,0,0.0,0.0,0.0,0.0,0.0,1,1.0
d684d0a4f8b63173,0,6b7e1f5b521de19b,6f9a9c5f2856c8b3,104799.15596807786,593,0.00050959055,-5.9696799381805e-18,0.0,0.0,0.0,0,0,1.0,0.0,0,0.0,0.2904074502731484,-0.4254112849492375,214.0,1.364209972778746,2,0.23076923076923078
d68cfe9a97bd63cf,3,6b7e1f5b521de19b,,35845.270270304114,126,0.0006751579,-1.3237073076384218e-17,0.0,0.0,0.0,0,0,1.0,0.0,0,0.0,0.0,0.0,82.0,1.0771452429704744,3,0.6
d68dfa830666db26,2,6b7e1f5b521de19b,,58971176.19754814,0,0.061874703,0.0,0.0,0.0,0.0,0,0,1.0,0.0,0,0.0,0.0,0.0,0.0,0.0,3,1.0
d6925b7d30db941f,3,6b7e1f5b521de19b,,2.4198904513070483,0,0.011613602,0.0,0.0,0.0,0.0,0,0,1.0,0.0,0,0.0,0.0,0.0,0.0,0.0,1,1.0
d697bf289a970fac,2,6b7e1f5b521de19b,6f9a9c5f2856c8b3,7195.827616430679,0,0.9303143,0.0,0.0,0.0,0.0,0,0,1.0,0.0,0,0.0,0.0,0.0,0.0,0.0,1,1.0
d69cd29ef2b29f97,2,6b7e1f5b521de19b,6f9a9c5f2856c8b3,387.213790880707,0,0.057225544,0.0,0.0,0.0,0.0,0,0,1.0,0.0,0,0.0,0.0,0.0,0.0,0.0,1,1.0
d6cdac4316511bb2,2,6b7e1f5b521de19b,,89664.46366676311,0,0.0014516487,0.0,0.0,0.0,0.0,0,0,1.0,0.0,0,0.0,0.0,0.0,0.0,0.0,1,1.0
d6cdffcdcab54ac6,3,674ec33189ed753c,,5186.502594949308,0,0.00036829477,0.0,0.0,0.0,0.0,0,0,1.0,0.0,0,0.0,0.0,0.0,0.0,0.0,1,1.0
d6faf14d8c7e67eb,0,6ab36d9b02cbcf6b,,895040.1574346115,1291,0.0011265605,-0.003993867077185641,-0.012578616352201259,-10.0,50.0,3,0,7.362019294970808e-11,1.0,0,0.000774593338497289,0.22355903485495457,0.7067331041279884,268.0,1.141477285981731,4,0.3181818181818182
d707ba9325022a3e,0,6b7e1f5b521de19b,6f9a9c5f2856c8b3,1.170863568534039,0,0.032175973,0.0,0.0,0.0,0.0,0,0,1.0,0.0,0,0.0,0.0,0.0,0.0,0.0,1,1.0
d7121903dfe62275,3,6b7e1f5b521de19b,d4f34f97b6d22a81,130254.06673700528,222,0.0008239987,-0.03229041703481331,-1.1746031746031744,0.0,40.0,1,0,6.003336113325231e-11,1.0,0,0.0045045045045045045,0.2957924892199563,2.63378671034638,35.0,1.3265440731778313,7,0.1111111111111111
d71a6b3bf93e10f0,4,38080774be85927f,d4f34f97b6d22a81,63694.31503984934,0,0.9987219,0.0,-80.0,80.0,0.0,0,1,1.0,0.0,0,0.0,0.8338432464238924,54398.43367577555,0.0,0.0,3,1.0
d724f879c6ce662e,3,6b7e1f5b521de19b,d4f34f97b6d22a81,75796.37468471809,78,0.30485916,0.09170937777312867,0.0,7.5,30.0,1,0,1.1111111109876544e-10,3.0,0,0.038461538461538464,0.22401207281326005,-0.06276190711808956,31.0,1.7581406407422409,9,0.15
d72c707f7d18c6f8,3,6b7e1f5b521de19b,,31441.363393509106,1,0.23708747,3.7440095707879245e-15,0.0,0.0,0.0,0,0,1.0,0.0,0,0.0,0.1848805223427673,0.47798364306294,1.0,1.4142135581304542,4,0.75
d72dc2217e489cd4,1,6b7e1f5b521de19b,,11675.99327727772,0,0.011834458,0.0,0.0,0.0,0.0,0,0,1.0,0.0,0,0.0,0.0,0.0,0.0,0.0,1,1.0
d7371cfbb6cde37c,3,6b7e1f5b521de19b,,263999.29512211593,0,0.07767249,0.0,0.0,0.0,0.0,0,0,1.0,0.0,0,0.0,0.0,0.0,0.0,0.0,1,1.0
d73dee79a1aa7d39,5,6b7e1f5b521de19b,d4f34f97b6d22a81,1.170863568534039,0,0.0030369686,0.0,0.0,0.0,0.0,0,0,1.0,0.0,0,0.0,0.0,0.0,0.0,0.0,1,1.0
d7442ac4dc008396,5,6b7e1f5b521de19b,6f9a9c5f2856c8b3,1.170863568534039,0,0.0023170456,0.0,0.0,0.0,0.0,0,0,1.0,0.0,0,0.0,0.0,0.0,0.0,0.0,1,1.0
d74530c1e793a11e,2,6b7e1f5b521de19b,6f9a9c5f2856c8b3,1665.2625792002207,0,0.05858695,0.0,0.0,0.0,0.0,0,0,1.0,0.0,0,0.0,0.0,0.0,0.0,0.0,1,1.0
d745ea78827a8602,3,6b7e1f5b521de19b,,25102.753943361105,0,0.003337865,0.0,0.0,0.0,0.0,0,0,1.0,0.0,0,0.0,0.0,0.0,0.0,0.0,1,1.0
d746611be62f1869,6,6b7e1f5b521de19b,,1.170863568534039,176,0.0017397072,-0.09450080085424471,-0.39473684210526316,-30.0,30.0,0,-1,1.1618950038477447,0.0,0,0.0,0.0,0.0,76.0,0.7778905040744841,2,0.3333333333333333
d748c5c5481c6f41,0,6b7e1f5b521de19b,,1.170863568534039,0,0.5772609,0.0,0.0,0.0,0.0,0,0,1.0,0.0,0,0.0,0.0,0.0,0.0,0.0,1,1.0
d74cea5f869c4040,5,6b7e1f5b521de19b,6f9a9c5f2856c8b3,10373460.710529229,599,0.0038863628,9.012575240761668e-18,0.0,0.0,0.0,0,0,1.0,0.0,0,0.0,0.0,0.0,426.0,0.42237061769475004,1,0.3333333333333333
d76659085c7241ab,3,6b7e1f5b521de19b,d4f34f97b6d22a81,58064.045804306596,15,0.076842,1.0610997963340132,-4.833333333333333,19.5,0.0,0,0,1.125872008786242e-10,3.0,1,0.13333333333333333,0.44279024302479486,49589.786975296156,6.0,1.0583005237908558,7,0.1
d77e855ddca031a0,5,6b7e1f5b521de19b,,1904.2663165543504,360,0.99859935,-3.93129895257087e-17,0.0,0.0,0.0,0,0,1.0,0.0,0,0.0,0.0,0.0,211.0,0.5826583396254468,1,0.5
d782323e7b956963,5,6b7e1f5b521de19b,6f9a9c5f2856c8b3,12070.245074636312,24,0.24912788,1.2923351158645269,-50.0,50.0,0.0,0,0,4.041451884164047e-11,2.0,0,0.08333333333333333,1.0531835120600739,-0.8407604756386233,19.0,1.7380544674500038,6,0.14285714285714285
d794c90b1071e709,1,6b7e1f5b521de19b,6f9a9c5f2856c8b3,106005.91497948274,28,0.117828436,0.589849108367627,30.0,30.0,0.0,0,1,1.0,0.0,0,0.0,0.2173424991993667,0.17298953554892368,15.0,0.7124977621829468,2,0.5
d79948574590ea38,2,6b7e1f5b521de19b,6f9a9c5f2856c8b3,1.170863568534039,0,0.18620154,0.0,0.0,0.0,0.0,0,0,1.0,0.0,0,0.0,0.0,0.0,0.0,0.0,1,1.0
d7a9a0c6033bdb17,2,6b7e1f5b521de19b,6f9a9c5f2856c8b3,13707.11230296319,3,0.018820753,-7.147507955490484e-16,0.0,0.0,0.0,0,0,1.0,0.0,0,0.0,0.0,0.0,3.0,0.0,2,1.0
d7b0262ae26b1dd5,3,6b7e1f5b521de19b,,1.170863568534039,0,0.00065893884,0.0,0.0,0.0,0.0,0,0,1.0,0.0,0,0.0,0.0,0.0,0.0,0.0,1,1.0
d7b76b1ea20e512e,3,6b7e1f5b521de19b,,29090.31011051791,1,0.06514863,-4.86662738248448e-15,0.0,0.0,0.0,0,0,1.0,0.0,0,0.0,0.7070640912544693,24844.174871176467,1.0,0.9999999980000001,3,0.3333333333333333
d7b81baa5514bf0c,3,6b7e1f5b521de19b,,2.4198904513070483,3,0.00086636224,-7.147507955490484e-16,0.0,0.0,0.0,0,0,1.0,0.0,0,0.0,0.0,0.0,3.0,0.0,2,1.0
d7bf0961f32c29cd,3,6b7e1f5b521de19b,d4f34f97b6d22a81,89664.46366676311,0,0.28062272,0.0,0.0,0.0,0.0,0,0,1.0,0.0,0,0.0,0.0,0.0,0.0,0.0,1,1.0
d7d85894cb528591,1,6b7e1f5b521de19b,,813.1455864945308,0,0.086749956,0.0,0.0,0.0,0.0,0,0,1.0,0.0,0,0.0,0.0,0.0,0.0,0.0,1,1.0
d7df63d3c8ca1bc4,3,6b7e1f5b521de19b,d4f34f97b6d22a81,3793.6451888564466,0,0.14514346,0.0,20.0,20.0,0.0,0,1,1.0,0.0,0,0.0,0.7067794715211738,3239.0403350206034,0.0,0.0,3,1.0
d7f3b06d92358ae9,3,062b9e5a52eb6d8e,,5655.969519442425,6,0.00036640436,-3.573753977745242e-16,0.0,0.0,0.0,0,0,1.0,0.0,0,0.0,0.0,0.0,6.0,0.0,2,1.0
d7f3cac0875c1341,2,6b7e1f5b521de19b,6f9a9c5f2856c8b3,128366.43527018194,32,0.0032689204,-0.9375000000000002,-0.9375,-30.0,30.0,0,-1,1.0,0.0,0,0.0,1.1336230688137667e-16,0.0,32.0,0.9999999999375,2,0.3333333333333333
d7f55cccf1159c2a,3,6b7e1f5b521de19b,,106.50980251571035,0,0.0024598844,0.0,0.0,0.0,0.0,0,0,1.0,0.0,0,0.0,0.7961891957771318,7.8130224634448115,0.0,0.0,2,1.0
d8110d7923b2c22e,5,6b7e1f5b521de19b,d4f34f97b6d22a81,26023.503510625294,65,0.015196333,-1.599099186629275e-18,0.0,0.0,0.0,0,0,1.0,0.0,0,0.0,1.397958889588483e-16,0.0,42.0,1.3778467034148076,3,0.42857142857142855
d83b9434c142c97d,1,6b7e1f5b521de19b,,17410.708987955546,0,0.8350169,0.0,0.0,0.0,0.0,0,0,1.0,0.0,0,0.0,0.0,0.0,0.0,0.0,1,1.0
d8408a9dcc1cc598,3,6b7e1f5b521de19b,,5655.969519442425,0,0.055530265,0.0,0.0,0.0,0.0,0,0,1.0,0.0,0,0.0,0.0,0.0,0.0,0.0,1,1.0
d84770ed06ae8419,6,6b7e1f5b521de19b,,5156.0434447079615,0,0.99609935,0.0,0.0,0.0,0.0,0,0,1.0,0.0,0,0.0,0.0,0.0,0.0,0.0,1,1.0
d8577c81583647e6,5,6b7e1f5b521de19b,,1.170863568534039,0,0.0001486507,0.0,0.0,0.0,0.0,0,0,1.0,0.0,0,0.0,0.0,0.0,0.0,0.0,1,1.0
d86a9044dd6fce7f,3,6b7e1f5b521de19b,,7495.264905653416,0,0.28056276,0.0,0.0,0.0,0.0,0,0,1.0,0.0,0,0.0,0.0,0.0,0.0,0.0,1,1.0
d873c740109e740a,2,6b7e1f5b521de19b,6f9a9c5f2856c8b3,2981601.165407066,0,0.20334864,0.0,0.0,0.0,0.0,0,0,1.0,0.0,0,0.0,0.0,0.0,0.0,0.0,1,1.0
d879b51e43ffc992,5,cca8e68b78e095c5,28c9c64e5918b06e,26365.415373079573,11,0.0025066074,-1.9493203514974047e-16,0.0,0.0,0.0,0,0,1.0,0.0,0,0.0,0.0,0.0,11.0,0.0,2,1.0
d8987a7656afe67b,2,6b7e1f5b521de19b,6f9a9c5f2856c8b3,98.49392076768089,0,0.014594979,0.0,0.0,0.0,0.0,0,0,1.0,0.0,0,0.0,0.0,0.0,0.0,0.0,1,1.0
d8b1b91e5edfc0b3,4,75c64824a2a4e380,28c9c64e5918b06e,239053.66187843552,17,0.92313755,9.39153832644099e-16,0.0,0.0,0.0,0,0,1.0,2.0,1,0.058823529411764705,0.24769554589637385,12.382493176404363,15.0,3.1617305033672074,14,0.06666666666666667
d8b5e1ad4dce9c9f,0,6b7e1f5b521de19b,6f9a9c5f2856c8b3,1.170863568534039,0,0.40102902,0.0,0.0,0.0,0.0,0,0,1.0,0.0,0,0.0,0.0,0.0,0.0,0.0,1,1.0
d8ba1566ebc98a14,2,6b7e1f5b521de19b,6f9a9c5f2856c8b3,162068.98690307676,0,0.7159189,0.0,0.0,0.0,0.0,0,0,1.0,0.0,0,0.0,0.0,0.0,0.0,0.0,1,1.0
d8c0b164abc5d0b6,0,062b9e5a52eb6d8e,,68130.33408842972,0,0.63652205,0.0,0.0,0.0,0.0,0,0,1.0,0.0,0,0.0,0.0,0.0,0.0,0.0,1,1.0
d8c399714b6fae5c,3,6b7e1f5b521de19b,d4f34f97b6d22a81,28258.20210595448,6,0.24821924,4.629629629629631,-12.5,50.0,0.0,0,0,1.0,0.0,0,0.0,0.13116915782230512,-0.24684179962054842,4.0,0.8164965805194777,4,0.25
d8d2355a0e84f4c5,2,6b7e1f5b521de19b,6f9a9c5f2856c8b3,789.4777702126203,27,0.2128616,0.2731481481481478,-59.0,59.0,0.0,0,0,5.39318731384382e-11,0.0,0,0.0,0.5612826265118965,673.269651417264,27.0,2.645751310280664,8,0.1111111111111111
d8d3afd651e32400,5,6b7e1f5b521de19b,6f9a9c5f2856c8b3,410419.77357912477,1770,0.0010105227,-0.0078853241210672,-0.12891403400417187,-8.75,90.0,7,-1,1.0330645534537297,0.0,0,0.0,0.09787259701074395,0.42049895223021955,287.0,1.4761419918434493,6,0.07142857142857142
d8e60709336984a1,5,6b7e1f5b521de19b,6f9a9c5f2856c8b3,1060.8669669680157,0,0.08300025,0.0,0.0,0.0,0.0,0,0,1.0,0.0,0,0.0,0.0,0.0,0.0,0.0,1,1.0
d8eced6545bb5826,2,6b7e1f5b521de19b,,4048.562438442638,0,0.98400325,0.0,0.0,0.0,0.0,0,0,1.0,0.0,0,0.0,0.0,0.0,0.0,0.0,1,1.0
d8edd749b36d4c7a,2,6b7e1f5b521de19b,6f9a9c5f2856c8b3,91224.61612068256,0,0.6170134,0.0,0.0,0.0,0.0,0,0,1.0,1.0,0,0.0,0.7070931677515137,77911.25089947831,0.0,0.0,3,1.0
d90bb87274d1f944,2,6b7e1f5b521de19b,,1.170863568534039,0,0.0028157707,0.0,0.0,0.0,0.0,0,0,1.0,0.0,0,0.0,0.0,0.0,0.0,0.0,1,1.0
d9111b8ead57960e,2,6b7e1f5b521de19b,,9001229.400599582,20,0.15685566,0.0971731448763253,-2.5,5.0,0.0,0,0,1.0,1.0,0,0.05,0.0,0.0,18.0,1.2083045971782114,3,0.25
d914abce6f7526cb,3,6b7e1f5b521de19b,,11264.189824104717,22,0.0064246226,5.705942787250122e-17,0.0,0.0,0.0,0,0,1.0,0.0,0,0.0,0.0,0.0,14.0,1.1552968203864173,3,0.3333333333333333
d917eea3b35fe56e,0,6b7e1f5b521de19b,6f9a9c5f2856c8b3,148204.74037875893,0,0.17027074,0.0,0.0,0.0,0.0,0,0,1.0,0.0,0,0.0,0.0,0.0,0.0,0.0,1,1.0
d938a2ea0a395e74,1,6b7e1f5b521de19b,,13009.243977218044,0,0.6332734,0.0,0.0,0.0,0.0,0,0,1.0,0.0,0,0.0,0.0,0.0,0.0,0.0,1,1.0
d93fc2e77f68c3d2,0,6b7e1f5b521de19b,6f9a9c5f2856c8b3,1.170863568534039,0,0.08119833,0.0,0.0,0.0,0.0,0,0,1.0,0.0,0,0.0,0.0,0.0,0.0,0.0,1,1.0
d95c9dd04e52cb68,2,6b7e1f5b521de19b,6f9a9c5f2856c8b3,98.49392076768089,0,0.029960893,0.0,0.0,0.0,0.0,0,0,1.0,0.0,0,0.0,0.694572501109144,83.12074934656873,0.0,0.0,3,1.0
d95cfb31d16a3b93,2,6b7e1f5b521de19b,6f9a9c5f2856c8b3,345509.2743545238,5,0.2250251,3.9320388349514572,-30.0,30.0,0.0,0,0,6.735753140091931e-11,0.0,0,0.0,0.0,0.0,4.0,1.7549928753724329,7,0.2857142857142857
d95d5b5c622f52ee,3,6b7e1f5b521de19b,,21273.147061594493,0,0.025692767,0.0,0.0,0.0,0.0,0,0,1.0,0.0,0,0.0,0.0,0.0,0.0,0.0,1,1.0
d96315ff9ec7025d,5,6b7e1f5b521de19b,6f9a9c5f2856c8b3,1.170863568534039,0,0.06823974,0.0,0.0,0.0,0.0,0,0,1.0,0.0,0,0.0,0.0,0.0,0.0,0.0,1,1.0
d96d1ebcf02d25fb,3,674ec33189ed753c,,5557.286621374345,0,0.0021056382,0.0,0.0,0.0,0.0,0,0,1.0,0.0,0,0.0,0.0,0.0,0.0,0.0,1,1.0
d970f83d2562393c,2,6b7e1f5b521de19b,6f9a9c5f2856c8b3,1.170863568534039,28,6.211302e-05,-5.330637521629611e-18,0.0,0.0,0.0,0,0,1.0,0.0,0,0.0,0.0,0.0,28.0,0.9999999999285715,2,0.3333333333333333
d97eed7848384e0d,2,6b7e1f5b521de19b,,13347.402500248763,10,0.0053055226,-2.144252386647145e-16,0.0,0.0,0.0,0,0,1.0,0.0,0,0.0,0.0,0.0,10.0,0.0,2,1.0
d999b97174a46dff,6,6b7e1f5b521de19b,,3555257.481029086,92,0.0012407877,-0.025306713748924813,9.0,-6.5,9.0,0,0,3.533326265439427e-10,0.0,0,0.0,0.7621034780551622,-0.864992876464097,59.0,1.9471393391494884,7,0.1
d9b16081e0ee0a05,2,6b7e1f5b521de19b,6f9a9c5f2856c8b3,860345.2341691502,0,0.025600275,0.0,0.0,0.0,0.0,0,0,1.0,0.0,0,0.0,0.0,0.0,0.0,0.0,1,1.0
d9bef4ddc6ba3379,0,6b7e1f5b521de19b,6f9a9c5f2856c8b3,1.170863568534039,0,0.0026904293,0.0,0.0,0.0,0.0,0,0,1.0,0.0,0,0.0,0.0,0.0,0.0,0.0,1,1.0
d9d7334c206a6512,0,6b7e1f5b521de19b,6f9a9c5f2856c8b3,98.49392076768089,0,0.07432257,0.0,0.0,0.0,0.0,0,0,1.0,0.0,0,0.0,0.0,0.0,0.0,0.0,1,1.0
d9e1596a57ad9781,2,6b7e1f5b521de19b,6f9a9c5f2856c8b3,15940.107517960609,580,0.025428142,2.356483378801966e-18,0.0,0.0,0.0,0,0,1.0,0.0,0,0.0,0.35352417473908015,13612.975143080219,328.0,1.4243341269017589,2,0.3333333333333333
d9ebd242a27516bb,0,6b7e1f5b521de19b,6f9a9c5f2856c8b3,98.49392076768089,0,0.06192061,0.0,0.0,0.0,0.0,0,0,1.0,0.0,0,0.0,0.0,0.0,0.0,0.0,1,1.0
da127d5112914225,3,6b7e1f5b521de19b,,63065.43046534744,0,0.7790247,0.0,0.0,0.0,0.0,0,0,1.0,0.0,0,0.0,0.0,0.0,0.0,0.0,1,1.0
da12d49b4df959d8,2,6b7e1f5b521de19b,,97448.11793908857,0,0.3842294,0.0,0.0,0.0,0.0,0,0,1.0,0.0,0,0.0,0.0,0.0,0.0,0.0,1,1.0
da13e932c4999bf6,5,6b7e1f5b521de19b,d4f34f97b6d22a81,13707.11230296319,1,0.83557117,1.436309729482933e-14,0.0,0.0,0.0,0,0,1.0,0.0,0,0.0,0.0,0.0,1.0,1.7320508006406738,5,0.2
da2210e2d36592d9,2,6b7e1f5b521de19b,6f9a9c5f2856c8b3,452.3750935109554,0,0.10760509,0.0,0.0,0.0,0.0,0,0,1.0,0.0,0,0.0,0.7043650668749545,385.3602093942887,0.0,0.0,3,1.0
da24e7a6feb54c92,3,6b7e1f5b521de19b,,5863.460546876247,0,0.5297073,0.0,0.0,0.0,0.0,0,0,1.0,0.0,0,0.0,0.0,0.0,0.0,0.0,1,1.0
da2f80d731913776,6,6b7e1f5b521de19b,d4f34f97b6d22a81,74789.8556939744,6,0.0023758034,-5.748744795482004e-16,0.0,0.0,0.0,0,0,1.0,1.0,1,-0.16666666666666666,0.6431731917851786,63874.80731341214,2.0,1.4337208752119497,12,0.5833333333333334
da3c9c0c2fb6b668,0,6b7e1f5b521de19b,,7021298.880091253,154,0.037036963,-1.532312083563444e-17,0.0,0.0,0.0,0,0,1.0,0.0,0,0.0,0.0,0.0,154.0,0.0,2,1.0
da4b30bac262dd25,0,6b7e1f5b521de19b,,9270.864526233152,0,0.35108638,0.0,0.0,0.0,0.0,0,0,1.0,0.0,0,0.0,0.0,0.0,0.0,0.0,4,1.0
da4d7df86bc5518b,6,6b7e1f5b521de19b,,89664.46366676311,0,0.6575152,0.0,0.0,0.0,0.0,0,0,1.0,0.0,0,0.0,0.0,0.0,0.0,0.0,1,1.0
da54c70c7c5309e4,5,6b7e1f5b521de19b,d4f34f97b6d22a81,1.170863568534039,0,0.5667681,0.0,0.0,0.0,0.0,0,0,1.0,0.0,0,0.0,0.0,0.0,0.0,0.0,1,1.0
da6cf310d847989d,0,6b7e1f5b521de19b,6f9a9c5f2856c8b3,36142.35302411345,62,0.0007523531,-0.3726529376135677,-0.3709677419354839,-23.0,23.0,0,-1,1.309307341375291,0.0,0,0.0,0.0,0.0,56.0,2.1854689914892944,7,0.125
da6db34e9c273c2d,5,062b9e5a52eb6d8e,28c9c64e5918b06e,2980.375190480625,0,0.063597545,0.0,0.0,0.0,0.0,0,0,1.0,0.0,0,0.0,0.0,0.0,0.0,0.0,1,1.0
da6eb2dd28b11369,3,6b7e1f5b521de19b,,4786.163932679293,0,0.006729676,0.0,0.0,0.0,0.0,0,0,1.0,0.0,0,0.0,0.0,0.0,0.0,0.0,1,1.0
da794f164f51e206,1,6b7e1f5b521de19b,d4f34f97b6d22a81,1.170863568534039,0,0.92047673,0.0,0.0,0.0,0.0,0,0,1.0,0.0,0,0.0,0.0,0.0,0.0,0.0,1,1.0
da8cda34bf1f0c3c,5,6b7e1f5b521de19b,,1.170863568534039,0,0.017987726,0.0,0.0,0.0,0.0,0,0,1.0,0.0,0,0.0,0.0,0.0,0.0,0.0,1,1.0
da8f0633b1b32e72,3,6b7e1f5b521de19b,,5904.2113289495155,0,0.4999616,0.0,0.0,0.0,0.0,0,0,1.0,0.0,0,0.0,0.0,0.0,0.0,0.0,1,1.0
da94b328c9aeb68c,2,6b7e1f5b521de19b,,425133.94597307645,265,0.003853207,3.899355779644094e-17,0.0,0.0,0.0,0,0,1.0,0.0,0,0.0,0.23815939556613108,-0.3779243372236579,135.0,1.2027617442378837,4,0.16666666666666666
daa7ab37aee2bc3d,3,6b7e1f5b521de19b,,1.170863568534039,93,6.674669e-05,-0.10752688172043011,0.10752688172043011,-10.0,10.0,0,-1,1.0,0.0,0,0.0,0.34784529243041706,-0.5161501761777588,93.0,0.0,2,1.0
dab499a5ce3f1a19,5,6b7e1f5b521de19b,6f9a9c5f2856c8b3,524313.090811537,0,0.08855462,0.0,0.0,0.0,0.0,0,0,1.0,0.0,0,0.0,0.0,0.0,0.0,0.0,1,1.0
dace190c68ac37dd,3,6b7e1f5b521de19b,,1.170863568534039,0,0.00031111375,0.0,0.0,0.0,0.0,0,0,1.0,0.0,0,0.0,0.0,0.0,0.0,0.0,1,1.0
dad3ec2d3f2de6d3,3,6b7e1f5b521de19b,,125269.05530137332,48,0.9983797,1.1931394481730053,-4.7386759581881535,80.0,0.0,0,1,0.6846531968939229,4.0,0,0.08333333333333333,0.4999879265934834,51765.41580353859,23.0,0.752311253490132,3,0.2
dae349f200951113,2,6b7e1f5b521de19b,,11164.548352985037,0,0.07274762,0.0,0.0,0.0,0.0,0,0,1.0,0.0,0,0.0,0.0,0.0,0.0,0.0,1,1.0
daeb676692749df2,3,6b7e1f5b521de19b,,1.170863568534039,0,0.016379377,0.0,0.0,0.0,0.0,0,0,1.0,0.0,0,0.0,0.0,0.0,0.0,0.0,1,1.0
db0d1150d6e50392,0,6b7e1f5b521de19b,6f9a9c5f2856c8b3,10103.168967816006,0,0.4799754,0.0,0.0,0.0,0.0,0,0,1.0,0.0,0,0.0,0.9997682454095819,8627.818283641294,0.0,0.0,2,1.0
db0d8b220582edd1,5,6b7e1f5b521de19b,6f9a9c5f2856c8b3,507.41135048779154,0,0.09223586,0.0,0.0,0.0,0.0,0,0,1.0,0.0,0,0.0,0.0,0.0,0.0,0.0,1,1.0
db2267502609cef8,3,6b7e1f5b521de19b,,11264.189824104717,992,0.003039352,0.016429759397964778,-0.03466204506065858,13.333333333333332,20.0,2,0,1.3115784745057574e-10,1.0,1,-0.0010080645161290322,0.3827234935300233,-0.7279750092679783,392.0,1.5132415021531507,2,0.35294117647058826
db238c82e49b177f,4,255414ab73601d72,28c9c64e5918b06e,1.170863568534039,0,0.20760866,0.0,0.0,0.0,0.0,0,0,1.0,0.0,0,0.0,0.0,0.0,0.0,0.0,1,1.0
db35667a5db374ab,3,6b7e1f5b521de19b,,2.4198904513070483,0,0.00014570967,0.0,0.0,0.0,0.0,0,0,1.0,0.0,0,0.0,0.0,0.0,0.0,0.0,1,1.0
db3b59f2dab60a4d,3,6b7e1f5b521de19b,,25102.753943361105,0,0.042207092,0.0,0.0,0.0,0.0,0,0,1.0,0.0,0,0.0,0.0,0.0,0.0,0.0,1,1.0
db63652042437f59,2,6b7e1f5b521de19b,6f9a9c5f2856c8b3,98.49392076768089,20,0.0022456197,1.5178822299561776e-16,0.0,0.0,0.0,0,0,1.0,0.0,0,0.0,0.0,0.0,20.0,1.4142135621609626,3,0.25
db68c53017008ecd,0,6b7e1f5b521de19b,6f9a9c5f2856c8b3,19968.386719979837,2,0.017737737,-1.0721261933235726e-15,0.0,0.0,0.0,0,0,1.0,0.0,0,0.0,0.0,0.0,2.0,0.0,2,1.0
db6a09f41d5b59d6,2,6b7e1f5b521de19b,,270801.9611719012,0,0.08592886,0.0,0.0,0.0,0.0,0,0,1.0,0.0,0,0.0,0.0,0.0,0.0,0.0,1,1.0
db760e95fc903b79,2,6b7e1f5b521de19b,6f9a9c5f2856c8b3,98.49392076768089,0,0.0135819465,0.0,0.0,0.0,0.0,0,0,1.0,0.0,0,0.0,0.0,0.0,0.0,0.0,1,1.0
db77c2df947879a9,0,6b7e1f5b521de19b,6f9a9c5f2856c8b3,13358.89584683677,0,0.71689683,0.0,0.0,0.0,0.0,0,0,1.0,0.0,0,0.0,0.0,0.0,0.0,0.0,1,1.0
db7c8aae966daa8c,2,6b7e1f5b521de19b,6f9a9c5f2856c8b3,119715.07969252608,15,0.050316915,2.246998902072655e-16,0.0,0.0,0.0,0,0,1.0,0.0,0,0.0,0.3930560957164888,102244.11455456201,13.0,2.0933757947707687,7,0.125
db836925fc85ca78,2,6b7e1f5b521de19b,6f9a9c5f2856c8b3,2088.3697760257346,0,0.08075593,0.0,0.0,0.0,0.0,0,0,1.0,0.0,0,0.0,0.0,0.0,0.0,0.0,1,1.0
db93848d9e08b02a,0,52838e14fa2f9ca3,,5479.120830957844,0,0.03309262,0.0,0.0,0.0,0.0,0,0,1.0,0.0,0,0.0,0.0,0.0,0.0,0.0,1,1.0
db95c8fcdbb501e2,2,6b7e1f5b521de19b,6f9a9c5f2856c8b3,5817.509814766553,0,0.9993024,0.0,0.0,0.0,0.0,0,0,1.0,0.0,0,0.0,0.0,0.0,0.0,0.0,1,1.0
dbb558f6d2913be2,1,6b7e1f5b521de19b,,19774.79549531557,19,0.06103462,0.0,0.0,0.0,0.0,0,0,1.0,0.0,0,0.0,0.0,0.0,0.0,0.0,1,1.0
dbc85b343badd2de,2,6b7e1f5b521de19b,,9648.963805727817,0,0.003204769,0.0,0.0,0.0,0.0,0,0,1.0,0.0,0,0.0,0.0,0.0,0.0,0.0,1,1.0
dbd2a65e84078caf,6,6b7e1f5b521de19b,,5156.0434447079615,0,0.9958165,0.0,0.0,0.0,0.0,0,0,1.0,0.0,0,0.0,0.0,0.0,0.0,0.0,1,1.0
dbd34f51e28999be,3,6b7e1f5b521de19b,d4f34f97b6d22a81,465231.493683589,315,0.034534484,0.0012813084945182689,30.03184713375796,20.0,30.0,2,0,1.169225644415704,0.0,0,0.0,0.0,0.0,285.0,2.1885061303728506,4,0.625
dbdd99d3c639a85e,2,6b7e1f5b521de19b,6f9a9c5f2856c8b3,98.49392076768089,0,0.019642333,0.0,0.0,0.0,0.0,0,0,1.0,0.0,0,0.0,0.9765039662242045,83.12074934656873,0.0,0.0,2,1.0
dbee05c005c9e7f8,0,6b7e1f5b521de19b,,7622.2759197919995,0,0.27063134,0.0,0.0,0.0,0.0,0,0,1.0,0.0,0,0.0,0.0,0.0,0.0,0.0,2,1.0
dbf043d99f1f4903,5,6b7e1f5b521de19b,6f9a9c5f2856c8b3,368869.1381210446,0,0.29725653,0.0,0.0,0.0,0.0,0,0,1.0,0.0,0,0.0,0.0,0.0,0.0,0.0,1,1.0
dbf04ff7ba5e937c,6,6b7e1f5b521de19b,,234554.616683702,218,0.00040428105,0.04436215651408768,0.23554876496052968,5.0,10.0,1,1,1.0914103126501962,0.0,0,0.0,0.4905092375955033,1.5930722346036852,82.0,0.6333930602494021,1,0.16666666666666666
dbf2ebe9411c9588,0,94168341f8d9633e,,266260.8990813679,1213,0.0015397862,0.0054711295094775035,0.02483961821311219,5.0,5.0,1,0,1.3093073413224288,1.0,0,0.000835421888053467,0.0,0.0,480.0,0.8210373986690681,2,0.375
dbf89a48b2b9cd5b,0,062b9e5a52eb6d8e,,1009.2107328123442,0,0.8352808,0.0,0.0,0.0,0.0,0,0,1.0,0.0,0,0.0,0.0,0.0,0.0,0.0,1,1.0
dbfac93c0fc0ce0a,2,6b7e1f5b521de19b,6f9a9c5f2856c8b3,415.3892283045608,0,0.06610688,0.0,0.0,0.0,0.0,0,0,1.0,0.0,0,0.0,0.0,0.0,0.0,0.0,1,1.0
dc040661bb3f005f,1,6b7e1f5b521de19b,,36077.87700023642,0,0.9976221,0.0,0.0,0.0,0.0,0,0,1.0,0.0,0,0.0,0.0,0.0,0.0,0.0,1,1.0
dc21191e25a7f839,2,6b7e1f5b521de19b,6f9a9c5f2856c8b3,21273.147061594493,0,0.15915924,0.0,0.0,0.0,0.0,0,0,1.0,0.0,0,0.0,0.0,0.0,0.0,0.0,1,1.0
dc31df9c79fbb17d,3,6b7e1f5b521de19b,,2.4198904513070483,1077,3.7688384e-05,-0.0038019383441591946,-0.01361573373676248,-9.0,10.0,2,-1,1.080693295089563,2.0,1,-0.0018570102135561746,1.835162453022127e-16,0.0,262.0,0.8172327247927826,1,0.36363636363636365
dc40f5ba8714cb77,3,6b7e1f5b521de19b,6f9a9c5f2856c8b3,1.170863568534039,0,0.02128748,0.0,0.0,0.0,0.0,0,0,1.0,0.0,0,0.0,0.0,0.0,0.0,0.0,1,1.0
dc4c5d71134950f4,0,fc3655a0b667e091,,1064506.8667509402,627,0.0009566197,0.044380729313895716,-0.09210526315789473,35.0,0.0,0,0,6.87243193441861e-11,0.0,0,0.0,0.0,0.0,217.0,0.7674600712262128,2,0.3333333333333333
dc4e4e2106587d9c,4,75c64824a2a4e380,28c9c64e5918b06e,1.170863568534039,0,0.018317813,0.0,0.0,0.0,0.0,0,0,1.0,0.0,0,0.0,0.0,0.0,0.0,0.0,1,1.0
dc5cbc3c54b935a1,0,6b7e1f5b521de19b,6f9a9c5f2856c8b3,78.90766699718716,225,0.0021318821,1.53258430334506e-17,0.0,0.0,0.0,0,0,1.0,0.0,0,0.0,1.6300199645477877,66.39270835455427,78.0,1.1509738227357675,4,0.18181818181818182
dc78d48c2b5bd189,3,6b7e1f5b521de19b,,6590.9859511915865,0,0.34954876,0.0,0.0,0.0,0.0,0,0,1.0,0.0,0,0.0,0.0,0.0,0.0,0.0,1,1.0
dc7bed6abf06a5bf,0,6b7e1f5b521de19b,,171076.20712173736,898,0.00032665554,-0.016401904992338873,-0.05102040816326531,-20.0,20.0,0,0,1.0277402395514312,0.0,0,0.0,1.7012202308193174e-16,0.0,207.0,1.0184848171832404,2,0.46153846153846156
dc90552123fe9f1c,1,6b7e1f5b521de19b,,9505.078210184982,0,0.07737114,0.0,0.0,0.0,0.0,0,0,1.0,0.0,0,0.0,0.0,0.0,0.0,0.0,1,1.0
dcdaebb209d0329a,2,6b7e1f5b521de19b,6f9a9c5f2856c8b3,96033.70588575554,644,0.037596684,0.03161590701801956,0.0547945205479452,24.0,30.0,3,0,0.6937310961097278,2.0,1,0.0,0.25958491354069646,-0.6519986972906616,136.0,1.4839391958719477,4,0.24
dceb78e47e382924,3,6b7e1f5b521de19b,,2.4198904513070483,0,0.021854749,0.0,0.0,0.0,0.0,0,0,1.0,0.0,0,0.0,0.0,0.0,0.0,0.0,1,1.0
dced9b5b9ac5e85c,3,6b7e1f5b521de19b,d4f34f97b6d22a81,524.1075465093295,187,0.0012306296,0.002649561326660948,0.22077922077922077,0.0,10.0,1,0,2.683281572279748e-10,0.0,0,0.0,2.1691509400804903e-16,0.0,68.0,1.2685862619197252,4,0.3333333333333333
dd10efd98f8c1b08,0,cca8e68b78e095c5,,155239.08665771675,0,0.060901042,0.0,0.0,0.0,0.0,0,0,1.0,0.0,0,0.0,0.0,0.0,0.0,0.0,1,1.0
dd1c9cc533c73d54,2,6b7e1f5b521de19b,6f9a9c5f2856c8b3,3826638.9138281774,265,0.14889152,0.09014529269071123,0.36585365853658536,20.714285714285715,0.0,0,0,9.738849521331055e-11,0.0,0,0.0,0.26805584362715607,3268218.3012626227,18.0,1.991280385288682,34,0.3691588785046729
dd20509dfb439e49,2,6b7e1f5b521de19b,,29324.531411075328,256,0.0013131152,1.7098494796908765e-16,0.0,0.0,0.0,0,0,1.0,0.0,0,0.0,0.0,0.0,114.0,0.9629044908765815,2,0.14285714285714285
dd313e781c1b6f7b,1,6b7e1f5b521de19b,,777760.6524679924,200,0.00016945212,1.165396280920877e-17,0.0,0.0,0.0,0,0,1.0,0.0,0,0.0,0.0,0.0,182.0,1.7320508075308103,4,0.2
dd34bac6aa71258d,0,506023b3e03cfab3,,1845240.0868962975,0,0.008491833,0.0,0.0,0.0,0.0,0,0,1.0,0.0,0,0.0,0.0,0.0,0.0,0.0,1,1.0
dd388f5756c1b227,4,ac6153076817c20f,28c9c64e5918b06e,14681.803869642836,809,0.00021977499,-2.8886295153057525e-20,0.0,0.0,0.0,0,0,1.0,0.0,0,0.0,0.13955877931443206,-0.13078417359717082,211.0,0.6757794660567772,1,0.2222222222222222
dd52b046f69a9661,2,6b7e1f5b521de19b,6f9a9c5f2856c8b3,3357.8283884528246,77,0.46798936,0.30016648168701454,0.8333333333333334,22.5,0.0,0,0,1.2374368670538405,0.0,0,0.0,0.44988214282786537,-0.5774575949371233,25.0,1.80004872359705,8,0.09523809523809523
dd647fd83e4884fb,0,6b7e1f5b521de19b,,3303.290441942712,0,0.5749449,0.0,0.0,0.0,0.0,0,0,1.0,0.0,0,0.0,0.0,0.0,0.0,0.0,2,1.0
dd7496319b028cc2,6,6b7e1f5b521de19b,,60463.503296001734,0,0.9962806,0.0,0.0,0.0,0.0,0,0,1.0,0.0,0,0.0,0.0,0.0,0.0,0.0,1,1.0
dd99014c36f128c4,5,6b7e1f5b521de19b,6f9a9c5f2856c8b3,1.170863568534039,0,0.052016232,0.0,0.0,0.0,0.0,0,0,1.0,0.0,0,0.0,0.0,0.0,0.0,0.0,1,1.0
dddee93b8d7d29cd,2,6b7e1f5b521de19b,6f9a9c5f2856c8b3,1.170863568534039,0,0.21062772,0.0,0.0,0.0,0.0,0,0,1.0,0.0,0,0.0,0.0,0.0,0.0,0.0,1,1.0
dde4c87924364c47,3,6b7e1f5b521de19b,,1.170863568534039,0,0.0020715275,0.0,0.0,0.0,0.0,0,0,1.0,0.0,0,0.0,0.0,0.0,0.0,0.0,1,1.0
ddf32fc7b99b9051,2,6b7e1f5b521de19b,,27408.52076378947,0,0.0032940109,0.0,0.0,0.0,0.0,0,0,1.0,0.0,0,0.0,0.0,0.0,0.0,0.0,1,1.0
de11bcd1465c3d80,3,6b7e1f5b521de19b,,2.4198904513070483,455,8.657944e-05,5.2693779047198405e-18,0.0,0.0,0.0,0,0,1.0,0.0,0,0.0,1.835162453022127e-16,0.0,139.0,1.0209826181335941,2,0.08333333333333333
de2e3a410fec3cc0,0,6b7e1f5b521de19b,,387867.1651535003,0,0.23329142,0.0,0.0,0.0,0.0,0,0,1.0,0.0,0,0.0,0.0,0.0,0.0,0.0,1,1.0
de310f4cb6c3809a,2,6b7e1f5b521de19b,6f9a9c5f2856c8b3,307.1332733086347,0,0.01697926,0.0,0.0,0.0,0.0,0,0,1.0,0.0,0,0.0,0.0,0.0,0.0,0.0,1,1.0
de36aad64e176437,2,6b7e1f5b521de19b,6f9a9c5f2856c8b3,98.49392076768089,0,0.08027809,0.0,0.0,0.0,0.0,0,0,1.0,0.0,0,0.0,0.0,0.0,0.0,0.0,1,1.0
de5648409ff995b5,0,6b7e1f5b521de19b,,1026.0738474975408,0,0.9990409,0.0,0.0,0.0,0.0,0,0,1.0,0.0,0,0.0,0.0,0.0,0.0,0.0,1,1.0
de5a6b0a17047080,3,6b7e1f5b521de19b,d4f34f97b6d22a81,1.170863568534039,0,0.00022567053,0.0,0.0,0.0,0.0,0,0,1.0,0.0,0,0.0,0.0,0.0,0.0,0.0,1,1.0
de5c27ffda2c75a4,2,6b7e1f5b521de19b,6f9a9c5f2856c8b3,275.53074248920234,0,0.3103226,0.0,0.0,0.0,0.0,0,0,1.0,0.0,0,0.0,0.7026090788768091,234.32267114107597,0.0,0.0,3,1.0
de7146e6dbbc51a8,2,6b7e1f5b521de19b,,28671.394744987836,286,0.00031364695,3.682069421369699e-18,0.0,0.0,0.0,0,0,1.0,0.0,0,0.0,0.37794683303823035,24486.391627433928,144.0,1.1915640688796132,4,0.25
de79dbeb5c43685d,3,6b7e1f5b521de19b,,25102.753943361105,0,0.078438565,0.0,0.0,0.0,0.0,0,0,1.0,0.0,0,0.0,0.0,0.0,0.0,0.0,1,1.0
de8a3e04686bfde5,0,674ec33189ed753c,,1.170863568534039,0,0.0020201546,0.0,0.0,0.0,0.0,0,0,1.0,0.0,0,0.0,0.0,0.0,0.0,0.0,1,1.0
de96c9177c7254e5,2,6b7e1f5b521de19b,6f9a9c5f2856c8b3,5290227.3968924405,0,0.050791953,0.0,0.0,0.0,0.0,0,0,1.0,0.0,0,0.0,0.0,0.0,0.0,0.0,1,1.0
dea00017ee395466,0,6b7e1f5b521de19b,6f9a9c5f2856c8b3,62415.76344741998,0,0.017987633,0.0,0.0,0.0,0.0,0,0,1.0,0.0,0,0.0,0.0,0.0,0.0,0.0,1,1.0
deb9135291ff8012,3,6b7e1f5b521de19b,,120292.46982447834,8,0.022035412,1.3223594460905806e-15,0.0,0.0,0.0,0,0,1.0,0.0,0,0.0,0.0,0.0,8.0,1.414213561842765,3,0.25
debdebbe16771afa,3,6b7e1f5b521de19b,d4f34f97b6d22a81,45884.096999189125,222,0.00029338375,1.784708624535409e-17,0.0,0.0,0.0,0,0,1.0,0.0,0,0.0,0.18732288839363007,0.8278511235347561,31.0,1.0966040205768037,7,0.15384615384615385
debfc17613c2fb43,1,6b7e1f5b521de19b,6f9a9c5f2856c8b3,721391.1250254059,81,0.00051991554,-2.6472251687001794e-17,0.0,0.0,0.0,0,0,1.0,0.0,0,0.0,0.0,0.0,81.0,0.0,2,1.0
dec3ac076b171d01,2,6b7e1f5b521de19b,,870350.122287474,0,0.001531372,0.0,0.0,0.0,0.0,0,0,1.0,0.0,0,0.0,0.0,0.0,0.0,0.0,1,1.0
dec3df2e3f3a423a,2,6b7e1f5b521de19b,6f9a9c5f2856c8b3,14207.0605983268,187,0.07959714,-2.9352882718465756e-17,0.0,0.0,0.0,0,0,1.0,0.0,0,0.0,0.29342981963485465,-0.7318900951413401,69.0,0.8506036398009142,3,0.2857142857142857
decd37f9cd4ec314,0,a0d28553c7be77f0,,512694.38075749215,265,0.06362181,0.22977894222137885,-0.3333333333333333,60.0,0.0,0,0,4.061811972134634e-11,0.0,0,0.0,0.17162629525053255,1.7482185937184251,101.0,1.2535914940199937,3,0.35714285714285715
ded0a5119ed90aef,5,6b7e1f5b521de19b,d4f34f97b6d22a81,1.170863568534039,0,0.010483955,0.0,0.0,0.0,0.0,0,0,1.0,0.0,0,0.0,0.0,0.0,0.0,0.0,1,1.0
defba1cfad030041,2,6b7e1f5b521de19b,6f9a9c5f2856c8b3,30155.009645862563,284,0.00024489948,1.663405605558178e-17,0.0,0.0,0.0,0,0,1.0,0.0,0,0.0,0.03958062058377125,-0.13062682056889516,93.0,1.312846812268207,3,0.3076923076923077
df07502fe6a56bf3,2,6b7e1f5b521de19b,6f9a9c5f2856c8b3,25234.815848044836,0,0.9655745,0.0,0.0,0.0,0.0,0,0,1.0,0.0,0,0.0,0.0,0.0,0.0,0.0,1,1.0
df4c060beac08077,2,6b7e1f5b521de19b,6f9a9c5f2856c8b3,64296.501116601474,0,0.42740217,0.0,0.0,0.0,0.0,0,0,1.0,0.0,0,0.0,0.0,0.0,0.0,0.0,1,1.0
df4e8ee7c1373b88,5,6b7e1f5b521de19b,d4f34f97b6d22a81,47010.40343887122,0,0.017447349,0.0,0.0,0.0,0.0,0,0,1.0,0.0,0,0.0,0.0,0.0,0.0,0.0,1,1.0
df6e88f6ae768126,4,ac6153076817c20f,28c9c64e5918b06e,2727665.306416676,62,0.00015038303,0.15637065637065634,-0.1956521739130435,9.0,0.0,0,1,1.0,0.0,0,0.0,0.0,0.0,46.0,0.48387096772632676,1,0.3333333333333333
df9654922f7bb345,3,6b7e1f5b521de19b,,1.170863568534039,0,0.0016860217,0.0,0.0,0.0,0.0,0,0,1.0,0.0,0,0.0,0.0,0.0,0.0,0.0,1,1.0
dfb5aed13971e0a0,5,6b7e1f5b521de19b,6f9a9c5f2856c8b3,1.170863568534039,0,0.8819825,0.0,0.0,0.0,0.0,0,0,1.0,0.0,0,0.0,0.0,0.0,0.0,0.0,1,1.0
dfd5916bc683f3b8,3,6b7e1f5b521de19b,,2.4198904513070483,33,0.07082072,-0.25228519195612364,-8.503676470588236,39.0,60.0,2,1,0.7087787886910226,3.0,0,0.09090909090909091,1.835162453022127e-16,0.0,17.0,1.3016200964248283,3,0.2857142857142857
dfdc6663a1d1d83f,3,6b7e1f5b521de19b,,25177.181736988994,0,0.9999515,0.0,0.0,0.0,0.0,0,0,1.0,0.0,0,0.0,0.0,0.0,0.0,0.0,1,1.0
dfe0f83d29bc26da,2,6b7e1f5b521de19b,6f9a9c5f2856c8b3,1.170863568534039,0,0.18648213,0.0,0.0,0.0,0.0,0,0,1.0,0.0,0,0.0,0.0,0.0,0.0,0.0,1,1.0
dfe5158be4cc8597,2,6b7e1f5b521de19b,6f9a9c5f2856c8b3,1.170863568534039,0,0.017324327,0.0,0.0,0.0,0.0,0,0,1.0,0.0,0,0.0,0.0,0.0,0.0,0.0,1,1.0
dff3598255685290,2,6b7e1f5b521de19b,,47342.09020576726,0,0.08303262,0.0,0.0,0.0,0.0,0,0,1.0,0.0,0,0.0,0.0,0.0,0.0,0.0,1,1.0
e00a07154bb1292c,4,fc3655a0b667e091,28c9c64e5918b06e,2088471.4336413376,19,0.0021959352,7.041241149648025e-17,0.0,0.0,0.0,0,0,1.0,0.0,0,0.0,0.40500245503429455,3.133217998879718,15.0,1.0013840835492789,3,0.25
e01d50998eb8535a,5,6b7e1f5b521de19b,6f9a9c5f2856c8b3,1.170863568534039,0,0.8819825,0.0,0.0,0.0,0.0,0,0,1.0,0.0,0,0.0,0.0,0.0,0.0,0.0,1,1.0
e024f68a5b806c3d,6,6b7e1f5b521de19b,,9296.113678496506,0,0.9959228,0.0,0.0,0.0,0.0,0,0,1.0,0.0,0,0.0,0.0,0.0,0.0,0.0,1,1.0
e030c8767bdf8669,2,6b7e1f5b521de19b,6f9a9c5f2856c8b3,212.02522749452675,0,0.0625623,0.0,0.0,0.0,0.0,0,0,1.0,0.0,0,0.0,0.0,0.0,0.0,0.0,1,1.0
e052698df3bf71d6,3,6b7e1f5b521de19b,,3391.863497755878,0,0.10214209,0.0,0.0,0.0,0.0,0,0,1.0,0.0,0,0.0,0.0,0.0,0.0,0.0,1,1.0
e0661ca8b4bdd388,2,6b7e1f5b521de19b,6f9a9c5f2856c8b3,36754.75787348106,42,0.3035514,1.2426326129666012,-1.4814814814814814,40.0,30.0,1,-1,0.5366563146190911,0.0,0,0.0,0.0,0.0,11.0,0.6957923425603421,2,0.375
e08ba44317d87131,3,6b7e1f5b521de19b,,2.4198904513070483,0,0.0021736212,0.0,0.0,0.0,0.0,0,0,1.0,0.0,0,0.0,0.0,0.0,0.0,0.0,1,1.0
e0d1ac1e8e82a2de,0,6b7e1f5b521de19b,6f9a9c5f2856c8b3,12932.878817638059,0,0.033867393,0.0,0.0,0.0,0.0,0,0,1.0,0.0,0,0.0,0.7070107598630379,11044.589909190243,0.0,0.0,3,1.0
e0dcc5d181e055ec,5,6b7e1f5b521de19b,6f9a9c5f2856c8b3,1.170863568534039,0,0.61176455,0.0,0.0,0.0,0.0,0,0,1.0,0.0,0,0.0,0.0,0.0,0.0,0.0,1,1.0
e0de919a865813bd,2,6b7e1f5b521de19b,,2351791.856538048,0,0.22971758,0.0,0.0,0.0,0.0,0,0,1.0,0.0,0,0.0,0.0,0.0,0.0,0.0,2,1.0
e0ee34bfa27a8f38,0,6b7e1f5b521de19b,,9270.864526233152,297,0.0116807,-6.683006960490046e-19,0.0,0.0,0.0,0,0,1.0,0.0,0,0.0,0.0,0.0,295.0,0.9865319865253432,2,0.6666666666666666
e1035354f2e6e1ec,3,6b7e1f5b521de19b,,5083.8994500666495,224,0.008706416,0.11450174556373571,0.379746835443038,30.0,0.0,0,1,1.1547005383673425,1.0,0,0.004464285714285714,0.0,0.0,145.0,1.5753932331740537,4,0.125
e107cabc565aaa41,4,77c27bf8a409b6bb,28c9c64e5918b06e,147939.9301382573,1,0.22035092,12.99999999999999,-39.0,39.0,0.0,0,0,6.880209161064442e-11,0.0,0,0.0,0.7074398105857664,126350.12588179948,1.0,1.9999999900000003,6,0.5
e1154db10d02dc0d,4,ddbd249e57ed6b40,28c9c64e5918b06e,366.1536318758629,0,0.9304602,0.0,-60.0,60.0,0.0,0,1,1.0,0.0,0,0.0,0.9936249088528053,311.72100500513454,0.0,0.0,2,1.0
e117ad6a47a86b37,2,6b7e1f5b521de19b,6f9a9c5f2856c8b3,66274.96248588935,17,0.07072327,1.8736535006471872e-16,0.0,0.0,0.0,0,0,1.0,1.0,0,0.058823529411764705,0.7229385040326004,56602.48845670197,7.0,1.2026498995201367,6,0.125
e11acd701eba727e,2,6b7e1f5b521de19b,6f9a9c5f2856c8b3,1.170863568534039,0,0.06419956,0.0,0.0,0.0,0.0,0,0,1.0,0.0,0,0.0,0.0,0.0,0.0,0.0,1,1.0
e12b4b5cf5645b9f,2,6b7e1f5b521de19b,,23783.64824935763,0,0.7489867,0.0,0.0,0.0,0.0,0,0,1.0,0.0,0,0.0,0.0,0.0,0.0,0.0,1,1.0
e13a404b1cbc38f1,3,6b7e1f5b521de19b,d4f34f97b6d22a81,3303.290441942712,0,0.00020897572,0.0,0.0,0.0,0.0,0,0,1.0,0.0,0,0.0,0.0,0.0,0.0,0.0,1,1.0
e13bec3b480c0db1,0,6b7e1f5b521de19b,6f9a9c5f2856c8b3,2625.6206839997444,64,0.11941389,0.36224379719525346,-3.2857142857142856,23.0,0.0,0,0,8.74983121553793e-11,1.0,1,0.0,0.35337602979713023,2241.4650954740277,44.0,1.7798788580147828,5,0.4444444444444444
e13d19ad566420de,0,6b7e1f5b521de19b,6f9a9c5f2856c8b3,1.170863568534039,0,0.5116448,0.0,0.0,0.0,0.0,0,0,1.0,0.0,0,0.0,0.0,0.0,0.0,0.0,1,1.0
e1451f7d6da53b59,5,6b7e1f5b521de19b,6f9a9c5f2856c8b3,1556722.6361786912,0,0.026766747,0.0,0.0,0.0,0.0,0,0,1.0,0.0,0,0.0,0.0,0.0,0.0,0.0,1,1.0
e1537ca817142445,2,6b7e1f5b521de19b,6f9a9c5f2856c8b3,98.49392076768089,29,0.00079147157,-7.393973747059121e-17,0.0,0.0,0.0,0,0,1.0,0.0,0,0.0,0.0,0.0,29.0,0.0,2,1.0
e15c8a1043dd6ae0,5,6b7e1f5b521de19b,6f9a9c5f2856c8b3,1.170863568534039,0,0.80605036,0.0,0.0,0.0,0.0,0,0,1.0,0.0,0,0.0,0.0,0.0,0.0,0.0,1,1.0
e18380994edc2d0b,3,6b7e1f5b521de19b,,29324.531411075328,0,0.00053694384,0.0,0.0,0.0,0.0,0,0,1.0,0.0,0,0.0,0.0,0.0,0.0,0.0,1,1.0
e189937268b4eb4f,2,6b7e1f5b521de19b,6f9a9c5f2856c8b3,22956429.03404737,293,0.18011081,-9.298360081600574e-18,0.0,0.0,0.0,0,0,1.0,2.0,1,-0.006825938566552901,0.43451457197546817,19606407.168280102,179.0,1.3562549047211117,3,0.42857142857142855
e18ef694db389534,5,6b7e1f5b521de19b,,1.170863568534039,70,0.00024024512,-3.0632176952102076e-17,0.0,0.0,0.0,0,0,1.0,0.0,0,0.0,0.0,0.0,70.0,0.0,2,1.0
e1ac00b39273d16b,2,6b7e1f5b521de19b,,1601794.3525755194,245,0.09990202,-7.623011431366712e-17,0.0,0.0,0.0,0,0,1.0,0.0,0,0.0,0.0,0.0,179.0,0.8597240047907153,1,0.5
e1c681830495c2f0,3,6b7e1f5b521de19b,d4f34f97b6d22a81,37.169431562248754,0,0.6087606,0.0,0.0,0.0,0.0,0,0,1.0,0.0,0,0.0,0.0,0.0,0.0,0.0,1,1.0
e1c9dd78341fc629,3,6b7e1f5b521de19b,,35845.270270304114,0,0.0007464311,0.0,0.0,0.0,0.0,0,0,1.0,0.0,0,0.0,0.0,0.0,0.0,0.0,1,1.0
e1d3533a7b1a055f,2,6b7e1f5b521de19b,,147782.212188992,0,0.0069953073,0.0,0.0,0.0,0.0,0,0,1.0,0.0,0,0.0,0.0,0.0,0.0,0.0,1,1.0
e1e01f9b8eaa7929,2,6b7e1f5b521de19b,6f9a9c5f2856c8b3,132487.55310767834,0,0.7526452,0.0,0.0,0.0,0.0,0,0,1.0,0.0,0,0.0,0.0,0.0,0.0,0.0,1,1.0
e1e57930b0f9debe,2,6b7e1f5b521de19b,,1.170863568534039,77,0.00090505666,1.516862008667577e-17,0.0,0.0,0.0,0,0,1.0,0.0,0,0.0,0.0,0.0,21.0,0.4463075396389781,2,0.2857142857142857
e1fc71b84c4fe079,3,6b7e1f5b521de19b,,54608.54408792734,63,0.042462837,0.5088062622309196,-2.142857142857143,60.0,0.0,0,0,1.0,0.0,0,0.0,0.0,0.0,35.0,0.7200822997888059,2,0.25
e20ad634d8733d57,3,6b7e1f5b521de19b,,2.4198904513070483,7,0.007529735,-3.0632176952102076e-16,0.0,0.0,0.0,0,0,1.0,0.0,0,0.0,0.0,0.0,7.0,0.0,2,1.0
e212d8ddb44ef000,2,6b7e1f5b521de19b,6f9a9c5f2856c8b3,921406.0420554528,0,0.739961,0.0,0.0,0.0,0.0,0,0,1.0,0.0,0,0.0,0.0,0.0,0.0,0.0,1,1.0
e2132048c83d667e,2,6b7e1f5b521de19b,6f9a9c5f2856c8b3,895404.2178522843,0,0.00020510251,0.0,0.0,0.0,0.0,0,0,1.0,0.0,0,0.0,0.0,0.0,0.0,0.0,1,1.0
e226e6e050aa835f,4,062b9e5a52eb6d8e,28c9c64e5918b06e,12405.253844863722,491,0.00049838575,0.027662612499213222,-0.1509433962264151,20.0,0.0,0,0,9.381941873451213e-11,0.0,0,0.0,0.29915280744451095,10593.960999935734,110.0,0.9188270898905668,3,0.15384615384615385
e2360547b2d48c44,0,6b7e1f5b521de19b,6f9a9c5f2856c8b3,478.8605393603744,0,0.75800794,0.0,0.0,0.0,0.0,0,0,1.0,0.0,0,0.0,0.057362841332951324,-0.12050135277827224,0.0,0.0,4,1.0
e23e05d0f22d0c99,2,6b7e1f5b521de19b,6f9a9c5f2856c8b3,415.3892283045608,0,0.059951495,0.0,0.0,0.0,0.0,0,0,1.0,0.0,0,0.0,0.0,0.0,0.0,0.0,1,1.0
e23fba7ceef73664,2,6b7e1f5b521de19b,d4f34f97b6d22a81,1206.0482706228593,0,0.59678334,0.0,0.0,0.0,0.0,0,0,1.0,0.0,0,0.0,0.0,0.0,0.0,0.0,1,1.0
e23fc0214b3cff62,3,6b7e1f5b521de19b,,5186.502594949308,0,0.00018013944,0.0,0.0,0.0,0.0,0,0,1.0,0.0,0,0.0,0.0,0.0,0.0,0.0,1,1.0
e24b1e81723458b8,0,6b7e1f5b521de19b,6f9a9c5f2856c8b3,1.170863568534039,0,0.11654202,0.0,0.0,0.0,0.0,0,0,1.0,0.0,0,0.0,0.0,0.0,0.0,0.0,1,1.0
e24c2d2f80d2c976,2,6b7e1f5b521de19b,,10065.192201816126,0,0.0019334843,0.0,0.0,0.0,0.0,0,0,1.0,0.0,0,0.0,0.0,0.0,0.0,0.0,1,1.0
e26fd752de8fb12d,5,6b7e1f5b521de19b,6f9a9c5f2856c8b3,14726.474679499686,0,0.03725417,0.0,0.0,0.0,0.0,0,0,1.0,0.0,0,0.0,0.0,0.0,0.0,0.0,2,1.0
e271d71e2c79b752,0,6b7e1f5b521de19b,6f9a9c5f2856c8b3,1.170863568534039,0,0.0106628835,0.0,0.0,0.0,0.0,0,0,1.0,0.0,0,0.0,0.0,0.0,0.0,0.0,1,1.0
e277dd043c801567,6,6b7e1f5b521de19b,,2.4198904513070483,657,0.95893806,0.13155481237229502,0.23880597014925373,80.0,0.0,0,0,0.8944271910026419,3.0,0,0.0045662100456621,1.2647891894855436,-0.9999907774904994,335.0,1.255001877132917,3,0.375
e280b0f208fb4bb5,2,6b7e1f5b521de19b,6f9a9c5f2856c8b3,365.23269095468356,0,0.0625623,0.0,0.0,0.0,0.0,0,0,1.0,0.0,0,0.0,0.0,0.0,0.0,0.0,1,1.0
e29a3dbe7d29c281,2,6b7e1f5b521de19b,6f9a9c5f2856c8b3,98.49392076768089,57,0.00074677943,-2.1344856940721404e-17,0.0,0.0,0.0,0,0,1.0,0.0,0,0.0,0.694572501109144,83.12074934656873,57.0,0.9999999999649123,2,0.3333333333333333
e29ae0fe74abf912,2,6b7e1f5b521de19b,d4f34f97b6d22a81,84.08580196246166,0,0.6061307,0.0,0.0,0.0,0.0,0,0,1.0,0.0,0,0.0,0.0,0.0,0.0,0.0,1,1.0
e2a5a3d3d5de2987,3,6b7e1f5b521de19b,,1190804.539479899,274,0.08160508,0.11952754881855336,0.5769230769230769,30.0,0.0,0,0,6.804138173934755e-11,1.0,0,0.0036496350364963502,0.15750544825591314,-0.3650174982947035,99.0,1.1224749072180844,3,0.6
e2ab1ded44c16104,4,75c64824a2a4e380,28c9c64e5918b06e,108900.21860561075,0,0.02306463,0.0,0.0,0.0,0.0,0,0,1.0,0.0,0,0.0,0.0,0.0,0.0,0.0,1,1.0
e2ae9c05a09af8fa,5,6b7e1f5b521de19b,6f9a9c5f2856c8b3,363720.41349962575,300,0.9681015,0.08999417583393512,-0.45634920634920634,61.42857142857143,80.0,4,0,2.957284123555031e-11,3.0,0,0.01,0.9644397948450366,41.02096874033983,54.0,1.6106244473823867,7,0.3611111111111111
e2b77495819b265e,0,674ec33189ed753c,,2997767.3059456446,0,0.002480648,0.0,0.0,0.0,0.0,0,0,1.0,0.0,0,0.0,0.0,0.0,0.0,0.0,1,1.0
e2b7b314e4e9e7cb,4,75c64824a2a4e380,28c9c64e5918b06e,227201.40772578522,126,0.03907576,-1.4213669365537203e-17,0.0,0.0,0.0,0,0,1.0,0.0,0,0.0,0.0,0.0,89.0,0.7913458593153766,1,0.5
e2ccf6f09c16367e,3,6b7e1f5b521de19b,28c9c64e5918b06e,338.47916052419157,34,0.00023433326,-2.1631616138195174e-18,0.0,0.0,0.0,0,0,1.0,1.0,0,0.029411764705882353,0.71760652110659,288.08505621024574,20.0,0.7394002993451431,2,0.25
e2dc45e1890292a2,5,6b7e1f5b521de19b,6f9a9c5f2856c8b3,16235.8331145881,20,0.0026656382,1.9067720544426653e-16,0.0,0.0,0.0,0,0,1.0,0.0,0,0.0,0.4251806922089083,13865.545642816367,11.0,1.2206555612071734,5,0.14285714285714285
e2f333d90747aed7,6,6b7e1f5b521de19b,,5655.969519442425,0,0.9985436,0.0,0.0,0.0,0.0,0,0,1.0,0.0,0,0.0,0.0,0.0,0.0,0.0,1,1.0
e2fbc67e07e73a4a,5,6b7e1f5b521de19b,6f9a9c5f2856c8b3,174435.68867018775,414,0.7111327,0.1827819808306509,0.47297297297297297,70.0,10.0,1,0,3.396054630526833e-11,0.0,0,0.0,0.7190943645360682,148979.37086300942,126.0,1.8928877693696413,5,0.4482758620689655
e2fc7b390daacaf8,3,6b7e1f5b521de19b,,79232.27559614163,0,0.013347052,0.0,0.0,0.0,0.0,0,0,1.0,0.0,0,0.0,0.0,0.0,0.0,0.0,3,1.0
e320ca0cb357b76f,1,6b7e1f5b521de19b,,6341.968499316983,0,0.09870274,0.0,0.0,0.0,0.0,0,0,1.0,0.0,0,0.0,0.0,0.0,0.0,0.0,1,1.0
e3344fb4b576f314,0,6b7e1f5b521de19b,6f9a9c5f2856c8b3,17661.176610564533,0,0.99403787,0.0,0.0,0.0,0.0,0,0,1.0,0.0,0,0.0,0.0,0.0,0.0,0.0,1,1.0
e362d036b6210bdb,4,cca8e68b78e095c5,28c9c64e5918b06e,1.170863568534039,0,0.0363559,0.0,0.0,0.0,0.0,0,0,1.0,0.0,0,0.0,0.0,0.0,0.0,0.0,1,1.0
e3631fae1b1cd2a5,2,6b7e1f5b521de19b,,6095.016392785702,0,0.054663725,0.0,0.0,0.0,0.0,0,0,1.0,0.0,0,0.0,0.0,0.0,0.0,0.0,1,1.0
e36bde472cd0bd7c,2,6b7e1f5b521de19b,6f9a9c5f2856c8b3,26001.011127649384,0,0.8884774,0.0,0.0,0.0,0.0,0,0,1.0,3.0,0,0.0,0.7095119159798656,22205.695832379115,0.0,0.0,9,1.0
e3775446fd3daaba,2,6b7e1f5b521de19b,6f9a9c5f2856c8b3,2771.895993202253,0,0.068321414,0.0,0.0,0.0,0.0,0,0,1.0,0.0,0,0.0,0.0,0.0,0.0,0.0,1,1.0
e3862bb017b75420,5,6b7e1f5b521de19b,6f9a9c5f2856c8b3,98.49392076768089,20,0.0013761688,-1.0721261933235725e-16,0.0,0.0,0.0,0,0,1.0,0.0,0,0.0,0.0,0.0,20.0,0.0,2,1.0
e39acdd13883135f,4,6b7e1f5b521de19b,28c9c64e5918b06e,24696.398741469373,476,0.0010898489,-1.424415314262017e-17,0.0,0.0,0.0,0,0,1.0,0.0,0,0.0,0.04497678869814026,0.16480044555083903,387.0,2.1066641965427455,5,0.2222222222222222
e3b03f1a2584e2f3,5,6b7e1f5b521de19b,6f9a9c5f2856c8b3,1.170863568534039,0,0.9471713,0.0,0.0,0.0,0.0,0,0,1.0,0.0,0,0.0,0.0,0.0,0.0,0.0,1,1.0
e3b39a0cb74dae0f,2,6b7e1f5b521de19b,6f9a9c5f2856c8b3,429.44263108864567,0,0.08796695,0.0,0.0,0.0,0.0,0,0,1.0,0.0,0,0.0,0.0,0.0,0.0,0.0,1,1.0
e3b3a3c1ef38a2bd,5,6b7e1f5b521de19b,6f9a9c5f2856c8b3,109164.83501514448,0,0.004408759,0.0,0.0,0.0,0.0,0,0,1.0,0.0,0,0.0,0.9999785489345313,93233.46210887111,0.0,0.0,2,1.0
e3ba2049b38d1ae7,2,6b7e1f5b521de19b,6f9a9c5f2856c8b3,1.170863568534039,0,0.02830997,0.0,0.0,0.0,0.0,0,0,1.0,0.0,0,0.0,0.0,0.0,0.0,0.0,1,1.0
e3bad05f3b32ba10,6,6b7e1f5b521de19b,,2.4198904513070483,0,0.0018884265,0.0,0.0,0.0,0.0,0,0,1.0,0.0,0,0.0,0.0,0.0,0.0,0.0,1,1.0
e3ef2b8f894901ae,4,75c64824a2a4e380,28c9c64e5918b06e,85275.51026704961,0,0.9505429,0.0,-60.0,60.0,0.0,0,1,1.0,0.0,0,0.0,0.9999725396543578,72830.29525826605,0.0,0.0,2,1.0
e40afc8e124c8f1d,3,6b7e1f5b521de19b,,35845.270270304114,0,0.5019693,0.0,0.0,0.0,0.0,0,0,1.0,0.0,0,0.0,0.0,0.0,0.0,0.0,1,1.0
e4146adf4912a17b,3,6b7e1f5b521de19b,,25102.753943361105,110,0.0008644714,-2.917205235804467e-17,0.0,0.0,0.0,0,0,1.0,0.0,0,0.0,0.0,0.0,47.0,0.5541727510390545,2,0.2
e41fc08ab1578f91,5,6b7e1f5b521de19b,6f9a9c5f2856c8b3,1584582.6782558926,760,0.10936101,-3.400719379315329e-17,0.0,0.0,0.0,0,0,1.0,0.0,0,0.0,0.025998828542366074,-0.05068003553045486,607.0,1.5181781708410995,2,0.6666666666666666
e4217718fae437b9,3,6b7e1f5b521de19b,,1.170863568534039,0,0.0017691499,0.0,0.0,0.0,0.0,0,0,1.0,0.0,0,0.0,0.0,0.0,0.0,0.0,1,1.0
e4404e56c4cbd18e,5,6b7e1f5b521de19b,6f9a9c5f2856c8b3,975310.4927077539,318,0.104675286,0.13761827335592694,-1.3888888888888888,50.0,0.0,0,0,4.041451884164047e-11,0.0,0,0.0,0.026065186795596284,0.06712505237228908,147.0,1.2001542561123935,3,0.2857142857142857
e441719e50b1da28,3,6b7e1f5b521de19b,d4f34f97b6d22a81,13347.402500248763,231,0.0024745353,0.08815544248615113,0.12345679012345678,20.0,0.0,0,1,1.1067971810471124,0.0,0,0.0,0.0,0.0,97.0,0.9038500759305518,2,0.14285714285714285
e44507968272cfe5,4,38080774be85927f,28c9c64e5918b06e,515051.67209898937,0,0.31155974,0.0,0.0,0.0,0.0,0,0,1.0,0.0,0,0.0,0.0,0.0,0.0,0.0,1,1.0
e45d17a9f319c647,2,6b7e1f5b521de19b,,11488.074437613845,0,0.0032102908,0.0,0.0,0.0,0.0,0,0,1.0,0.0,0,0.0,0.0,0.0,0.0,0.0,1,1.0
e461af35a456fef3,3,6b7e1f5b521de19b,,44221.55023492643,0,0.015502076,0.0,0.0,0.0,0.0,0,0,1.0,0.0,0,0.0,0.9999470469685966,37767.32025809234,0.0,0.0,2,1.0
e46458cd4e78ad05,3,6b7e1f5b521de19b,,1.170863568534039,139,0.00015068246,-2.1264403664553152e-17,0.0,0.0,0.0,0,0,1.0,0.0,0,0.0,0.0,0.0,108.0,1.2356311455468678,2,0.4
e47ca96be76ae0ee,0,6b7e1f5b521de19b,,1.170863568534039,0,0.27109417,0.0,0.0,0.0,0.0,0,0,1.0,0.0,0,0.0,0.0,0.0,0.0,0.0,1,1.0
e481439a4ea04904,2,6b7e1f5b521de19b,6f9a9c5f2856c8b3,201.84424621216473,0,0.01346614,0.0,0.0,0.0,0.0,0,0,1.0,0.0,0,0.0,0.0,0.0,0.0,0.0,1,1.0
e48208c388c3dcc8,5,6b7e1f5b521de19b,6f9a9c5f2856c8b3,1589202.6235374336,0,0.51728654,0.0,0.0,0.0,0.0,0,0,1.0,0.0,0,0.0,0.0,0.0,0.0,0.0,1,1.0
e498c937a1e88fc9,5,6b7e1f5b521de19b,d4f34f97b6d22a81,53704.65332939547,0,0.11768015,0.0,0.0,0.0,0.0,0,0,1.0,0.0,0,0.0,0.6170727798493632,45866.55858894433,0.0,0.0,4,1.0
e4a52288aee29cc2,2,6b7e1f5b521de19b,,860345.2341691502,0,0.6320416,0.0,0.0,0.0,0.0,0,0,1.0,0.0,0,0.0,0.0,0.0,0.0,0.0,1,1.0
e4c71f8f77a28c09,5,6b7e1f5b521de19b,d4f34f97b6d22a81,1.170863568534039,0,0.01734577,0.0,0.0,0.0,0.0,0,0,1.0,0.0,0,0.0,0.0,0.0,0.0,0.0,1,1.0
e4cc3f39994ea14f,0,6b7e1f5b521de19b,6f9a9c5f2856c8b3,259462.56037987495,0,0.7668497,0.0,0.0,0.0,0.0,0,0,1.0,0.0,0,0.0,0.0,0.0,0.0,0.0,1,1.0
e4d433c54aa6ae70,5,6b7e1f5b521de19b,6f9a9c5f2856c8b3,1.170863568534039,0,0.003102942,0.0,0.0,0.0,0.0,0,0,1.0,0.0,0,0.0,0.0,0.0,0.0,0.0,1,1.0
e4d4a3f45ff86fc8,4,7608f4f5fafe9b10,28c9c64e5918b06e,1.170863568534039,52,0.0011516721,-6.485488922711093e-17,0.0,0.0,0.0,0,0,1.0,0.0,0,0.0,0.0,0.0,52.0,0.9999999999615384,2,0.6666666666666666
e4d4fd53e756ca65,5,6b7e1f5b521de19b,d4f34f97b6d22a81,93614.85951999087,0,0.005003597,0.0,0.0,0.0,0.0,0,0,1.0,0.0,0,0.0,0.0,0.0,0.0,0.0,2,1.0
e4db00f9d6777889,4,bb25152d8e0211c1,28c9c64e5918b06e,1.170863568534039,0,0.04452664,0.0,0.0,0.0,0.0,0,0,1.0,0.0,0,0.0,0.0,0.0,0.0,0.0,1,1.0
e4dea5d1842e336d,5,6b7e1f5b521de19b,d4f34f97b6d22a81,1.170863568534039,0,0.00019237475,0.0,0.0,0.0,0.0,0,0,1.0,0.0,0,0.0,0.0,0.0,0.0,0.0,1,1.0
e4eaf43bc8642440,3,6b7e1f5b521de19b,d4f34f97b6d22a81,8301.906035085305,0,0.022656722,0.0,0.0,0.0,0.0,0,0,1.0,0.0,0,0.0,0.0,0.0,0.0,0.0,1,1.0
e5076f49b533eb35,3,6b7e1f5b521de19b,,2.4198904513070483,0,0.002744428,0.0,0.0,0.0,0.0,0,0,1.0,0.0,0,0.0,0.0,0.0,0.0,0.0,1,1.0
e51bd25871b7f73c,5,6b7e1f5b521de19b,d4f34f97b6d22a81,44849.547227641175,85,0.00012564649,-9.235837992257499e-19,0.0,0.0,0.0,0,0,1.0,0.0,0,0.0,0.0,0.0,85.0,0.0,2,1.0
e521ef5c57e27df0,0,6b7e1f5b521de19b,6f9a9c5f2856c8b3,2659.944631809295,410,0.0006080522,8.081433562858075e-18,0.0,0.0,0.0,0,0,1.0,1.0,1,-0.0024390243902439024,0.7854966774711093,2270.780165762298,111.0,1.2859928122909094,7,0.1875
e53d43a558f8aa23,3,6b7e1f5b521de19b,,5186.502594949308,0,0.00018013944,0.0,0.0,0.0,0.0,0,0,1.0,0.0,0,0.0,0.0,0.0,0.0,0.0,1,1.0
e5423777581deee0,2,6b7e1f5b521de19b,,40882.782652931186,0,0.06457028,0.0,0.0,0.0,0.0,0,0,1.0,0.0,0,0.0,0.0,0.0,0.0,0.0,1,1.0
e5532e8c70ecf50c,5,6b7e1f5b521de19b,d4f34f97b6d22a81,7609.39733685162,0,0.55958825,0.0,150.0,-30.0,90.0,1,-1,1.0,0.0,0,0.0,1.4135609449649824,6497.9615710554945,0.0,0.0,3,1.0
e56ae7fc3b9935a7,3,6b7e1f5b521de19b,d4f34f97b6d22a81,2581.018322439318,42,0.015235552,3.552027118677189e-16,0.0,0.0,0.0,0,0,1.0,0.0,0,0.0,0.0,0.0,22.0,0.04761904761678005,1,0.3333333333333333
e58fffbd5454bb63,3,6b7e1f5b521de19b,,16666.174154029697,99,0.0031669391,0.01689155620913741,-1.2087912087912087,0.0,20.0,1,-1,1.0394023007712794,1.0,0,0.010101010101010102,0.17878713501182103,-0.3360818421901721,53.0,1.6371428496005713,4,0.5454545454545454
e5a67430e0ad2a68,2,6b7e1f5b521de19b,,11535.556033799403,0,0.0019334843,0.0,0.0,0.0,0.0,0,0,1.0,0.0,0,0.0,0.0,0.0,0.0,0.0,1,1.0
e5acbfbd1b75bd14,3,6b7e1f5b521de19b,,38810.176158293565,0,0.9903576,0.0,0.0,0.0,0.0,0,0,1.0,0.0,0,0.0,0.0,0.0,0.0,0.0,1,1.0
e5c34fe761c57571,4,38080774be85927f,d4f34f97b6d22a81,1.170863568534039,0,0.01952185,0.0,0.0,0.0,0.0,0,0,1.0,0.0,0,0.0,0.0,0.0,0.0,0.0,1,1.0
e5c6f8b981449d90,2,6b7e1f5b521de19b,6f9a9c5f2856c8b3,98.49392076768089,0,0.04959718,0.0,0.0,0.0,0.0,0,0,1.0,0.0,0,0.0,0.5682352526606523,83.12074934656873,0.0,0.0,4,1.0
e5e15292594e49fe,1,6b7e1f5b521de19b,,30405.58043486053,0,0.4101936,0.0,0.0,0.0,0.0,0,0,1.0,0.0,0,0.0,0.0,0.0,0.0,0.0,1,1.0
e5e95b9a14d9310c,5,6b7e1f5b521de19b,,1.170863568534039,0,0.2095742,0.0,0.0,0.0,0.0,0,0,1.0,0.0,0,0.0,0.0,0.0,0.0,0.0,1,1.0
e5fac9cb33deaf6a,5,6b7e1f5b521de19b,6f9a9c5f2856c8b3,234831.10767622277,423,0.1580232,0.0484896204297246,0.5128205128205128,20.0,0.0,0,0,1.0017346065805951e-10,2.0,1,0.002364066193853428,0.39273312481676376,-0.23452183372244723,257.0,2.3505987555954193,7,0.5882352941176471
e5ff926501d9d936,2,6b7e1f5b521de19b,6f9a9c5f2856c8b3,1.170863568534039,0,0.60811347,0.0,0.0,0.0,0.0,0,0,1.0,0.0,0,0.0,0.0,0.0,0.0,0.0,1,1.0
e606ac0c86937a95,2,6b7e1f5b521de19b,6f9a9c5f2856c8b3,297873.1712994173,166,0.0056240885,0.04302925989672992,-50.0,50.0,0.0,0,0,6.047431567781921e-11,0.0,0,0.0,1.0423237422665355,254403.67984870746,166.0,2.4494897426798863,7,0.125
e6162e2eb02dc957,1,6b7e1f5b521de19b,,9648.963805727817,0,0.013882508,0.0,0.0,0.0,0.0,0,0,1.0,0.0,0,0.0,0.0,0.0,0.0,0.0,1,1.0
e63ed98648c711ba,6,6b7e1f5b521de19b,,470311.68177415984,0,0.99582505,0.0,0.0,0.0,0.0,0,0,1.0,0.0,0,0.0,0.0,0.0,0.0,0.0,1,1.0
e640c2973f5b2a2c,3,6b7e1f5b521de19b,,89664.46366676311,0,0.0030970518,0.0,0.0,0.0,0.0,0,0,1.0,0.0,0,0.0,0.0,0.0,0.0,0.0,1,1.0
e645a7f8a10e99fd,6,6b7e1f5b521de19b,,205338.18697697617,0,0.9957716,0.0,0.0,0.0,0.0,0,0,1.0,0.0,0,0.0,0.0,0.0,0.0,0.0,1,1.0
e6601875ab5e8b4c,0,6b7e1f5b521de19b,6f9a9c5f2856c8b3,50266.15348121485,83,0.00034290896,-1.465851621230265e-17,0.0,0.0,0.0,0,0,1.0,0.0,0,0.0,0.7070820752203032,42929.83740247362,83.0,0.9999999999759037,2,0.3333333333333333
e6644af325646a89,0,6b7e1f5b521de19b,6f9a9c5f2856c8b3,1.170863568534039,0,0.42666236,0.0,0.0,0.0,0.0,0,0,1.0,0.0,0,0.0,0.0,0.0,0.0,0.0,1,1.0
e66542f0a266a588,4,6b7e1f5b521de19b,28c9c64e5918b06e,22754.51045725277,402,0.00075763365,-5.333961160813794e-18,0.0,0.0,0.0,0,0,1.0,0.0,0,0.0,0.0,0.0,402.0,0.0,2,1.0
e669671029eac0b5,3,6b7e1f5b521de19b,,28573.483992041623,19,0.023265712,0.4041450777202073,0.5,9.0,0.0,0,1,1.0606601717655237,2.0,0,0.10526315789473684,1.4140397247570629,24402.768944503583,18.0,1.871198824205598,5,0.16666666666666666
e6b084fca174f754,2,6b7e1f5b521de19b,6f9a9c5f2856c8b3,220114.68612241832,3,0.92295825,13.333333333333334,-60.0,60.0,0.0,0,1,1.0,0.0,0,0.0,0.577346174371539,187992.45375312123,3.0,1.4142135609588815,4,0.25
e6b1bdcfc96eafd4,3,6b7e1f5b521de19b,d4f34f97b6d22a81,43155.222259031856,13,0.10221149,-3.777079490925019e-16,0.0,0.0,0.0,0,0,1.0,1.0,0,0.07692307692307693,0.5140681807664733,36856.60102098288,13.0,4.582575687200712,22,0.043478260869565216
e6d4642ef497cf68,3,6b7e1f5b521de19b,,25102.753943361105,50,0.017647382,1.6613303046683587e-16,0.0,0.0,0.0,0,0,1.0,3.0,0,0.06,0.0,0.0,19.0,1.0299514550225053,4,0.125
e712f9ae34469fa7,2,6b7e1f5b521de19b,6f9a9c5f2856c8b3,1.170863568534039,0,0.21062772,0.0,0.0,0.0,0.0,0,0,1.0,0.0,0,0.0,0.0,0.0,0.0,0.0,1,1.0
e71770d557f3e6e1,1,6b7e1f5b521de19b,,9648.963805727817,0,0.113588326,0.0,0.0,0.0,0.0,0,0,1.0,0.0,0,0.0,0.0,0.0,0.0,0.0,1,1.0
e717b77942ca0f45,2,6b7e1f5b521de19b,cd39fc3b76d2fe33,11497240.65896303,594,0.033734944,2.6585681961424275e-17,0.0,0.0,0.0,0,0,1.0,0.0,0,0.0,0.17340924281790204,0.03222690527660691,490.0,1.5745862433877533,2,0.6666666666666666
e728040c304e3198,3,6b7e1f5b521de19b,,1.170863568534039,265,0.0001633804,-1.3334488773569355e-17,0.0,0.0,0.0,0,0,1.0,0.0,0,0.0,0.0,0.0,161.0,1.0456984393303035,2,0.3333333333333333
e73857a7adfe27ff,0,6b7e1f5b521de19b,,1.170863568534039,0,0.13945414,0.0,0.0,0.0,0.0,0,0,1.0,0.0,0,0.0,0.0,0.0,0.0,0.0,1,1.0
e73a8bac842a2f52,4,3a0b5f22d7e66ffc,28c9c64e5918b06e,1.170863568534039,0,0.0023290408,0.0,0.0,0.0,0.0,0,0,1.0,0.0,0,0.0,0.0,0.0,0.0,0.0,1,1.0
e741da903e64dfe9,3,6b7e1f5b521de19b,d4f34f97b6d22a81,7289.423754136412,99,0.0011298476,-1.8378138434561455e-17,0.0,0.0,0.0,0,0,1.0,0.0,0,0.0,0.2800527990422725,-0.48640112555825155,47.0,1.1284234378005311,2,0.5
e746dbee8bf988b5,3,6b7e1f5b521de19b,,11264.189824104717,0,0.0002145483,0.0,0.0,0.0,0.0,0,0,1.0,0.0,0,0.0,0.0,0.0,0.0,0.0,1,1.0
e74f71322d2a9e77,0,6b7e1f5b521de19b,6f9a9c5f2856c8b3,1014495.6558850629,35,0.008838261,0.5953488372093022,-6.4,32.0,0.0,0,0,6.62912607318443e-11,0.0,0,0.0,0.703857231925969,324.9022443504711,30.0,1.665986255432088,4,0.3333333333333333
e75116dfe3c0760b,1,6b7e1f5b521de19b,,23283.866037275693,0,0.06321445,0.0,0.0,0.0,0.0,0,0,1.0,0.0,0,0.0,0.0,0.0,0.0,0.0,1,1.0
e75f3023bc4461e9,4,7545e34e09ae9cad,28c9c64e5918b06e,1407827.0849780522,7,0.004092726,6.06006066078856e-16,0.0,0.0,0.0,0,0,1.0,0.0,0,0.0,0.8315024067804608,1202382.542209533,7.0,1.7320508065791338,5,0.2
e762429c89d95c30,2,6b7e1f5b521de19b,,50266.15348121485,632,0.00033338586,-0.0176224104003477,-0.19467849223946784,1.428571428571427,40.0,2,0,6.234577792041036e-11,0.0,0,0.0,0.12909675579902102,1.2412459903354502,170.0,1.8150768814318443,9,0.10810810810810811
e7837f49b683267b,0,6b7e1f5b521de19b,,1.170863568534039,0,0.056910973,0.0,0.0,0.0,0.0,0,0,1.0,0.0,0,0.0,0.0,0.0,0.0,0.0,1,1.0
e7864cf1404b5fef,5,6b7e1f5b521de19b,6f9a9c5f2856c8b3,429477.9996324568,25,0.024863876,1.9744364139088328e-16,0.0,0.0,0.0,0,0,1.0,1.0,0,0.04,0.38973455043123784,366803.47763028264,6.0,0.9887365670700685,7,0.23076923076923078
e78ec8d94bd9ab11,3,6b7e1f5b521de19b,,61896.72392434676,0,0.08756233,0.0,0.0,0.0,0.0,0,0,1.0,0.0,0,0.0,0.0,0.0,0.0,0.0,2,1.0
e791dbfd27011cf1,6,6b7e1f5b521de19b,,302484.1738486751,0,0.99598324,0.0,0.0,0.0,0.0,0,0,1.0,0.0,0,0.0,0.0,0.0,0.0,0.0,1,1.0
e79e4c69c7d8221a,5,6b7e1f5b521de19b,6f9a9c5f2856c8b3,450205.6605778044,13,0.9512814,-3.6184091043306986e-15,0.0,0.0,0.0,0,0,1.0,0.0,0,0.0,0.08436976459481678,0.14838416676062072,5.0,1.6062010000117608,9,0.3333333333333333
e7bbb3420693fbd4,2,6b7e1f5b521de19b,6f9a9c5f2856c8b3,1.170863568534039,0,0.009437413,0.0,0.0,0.0,0.0,0,0,1.0,0.0,0,0.0,0.0,0.0,0.0,0.0,1,1.0
e7d057a6184c2178,3,6b7e1f5b521de19b,d4f34f97b6d22a81,33674.2230102896,246,0.00085643254,4.5998898917846395e-18,0.0,0.0,0.0,0,0,1.0,0.0,0,0.0,0.13883474619591019,0.34145532742216833,85.0,0.8988061352202037,2,0.5
e7d68389dcad2fcf,5,6b7e1f5b521de19b,6f9a9c5f2856c8b3,1.170863568534039,0,0.96059555,0.0,0.0,0.0,0.0,0,0,1.0,0.0,0,0.0,0.0,0.0,0.0,0.0,1,1.0
e7d6cad2c7529afd,5,6b7e1f5b521de19b,,1.170863568534039,0,0.010984922,0.0,0.0,0.0,0.0,0,0,1.0,0.0,0,0.0,0.0,0.0,0.0,0.0,1,1.0
e7ee0128193718be,0,6b7e1f5b521de19b,6f9a9c5f2856c8b3,110168.72503494096,0,0.019524911,0.0,0.0,0.0,0.0,0,0,1.0,0.0,0,0.0,0.9999787444009095,94090.85493137852,0.0,0.0,2,1.0
e7ef951371fdf459,0,6b7e1f5b521de19b,6f9a9c5f2856c8b3,1.170863568534039,0,0.23154189,0.0,0.0,0.0,0.0,0,0,1.0,0.0,0,0.0,0.0,0.0,0.0,0.0,1,1.0
e7f78cc38f06760e,5,6b7e1f5b521de19b,6f9a9c5f2856c8b3,13707.11230296319,72,0.01414162,-1.5547610680912134e-16,0.0,0.0,0.0,0,0,1.0,0.0,0,0.0,1.1544704169749629,11705.83986702649,61.0,1.8503002757770182,4,0.14285714285714285
e800a1a25714c439,2,6b7e1f5b521de19b,6f9a9c5f2856c8b3,11994.165919233601,61,0.070753016,-3.716375863727261e-17,0.0,0.0,0.0,0,0,1.0,0.0,0,0.0,0.4523390793600148,10242.862941478917,61.0,1.9999999998360656,5,0.16666666666666666
e8044a653a9cc842,2,6b7e1f5b521de19b,6f9a9c5f2856c8b3,2046.6148673782125,0,0.024540689,0.0,0.0,0.0,0.0,0,0,1.0,0.0,0,0.0,0.0,0.0,0.0,0.0,1,1.0
e80a7fe347db3b28,0,062b9e5a52eb6d8e,,1.170863568534039,0,0.030733326,0.0,0.0,0.0,0.0,0,0,1.0,0.0,0,0.0,0.0,0.0,0.0,0.0,1,1.0
e81dcb814675a863,4,e43bc3ffd79e75b6,28c9c64e5918b06e,1.170863568534039,0,0.0053707953,0.0,0.0,0.0,0.0,0,0,1.0,0.0,0,0.0,0.0,0.0,0.0,0.0,1,1.0
e82f93264b2aa657,2,6b7e1f5b521de19b,6f9a9c5f2856c8b3,5655.969519442425,0,0.5630384,0.0,0.0,0.0,0.0,0,0,1.0,0.0,0,0.0,0.0,0.0,0.0,0.0,1,1.0
e8321f2ea7ec2b8b,3,6b7e1f5b521de19b,,54608.54408792734,0,0.024792995,0.0,0.0,0.0,0.0,0,0,1.0,0.0,0,0.0,0.0,0.0,0.0,0.0,1,1.0
e8345336d178e549,3,6b7e1f5b521de19b,,2.4198904513070483,0,0.021854749,0.0,0.0,0.0,0.0,0,0,1.0,0.0,0,0.0,0.0,0.0,0.0,0.0,1,1.0
e8433a84d69310d2,1,6b7e1f5b521de19b,6f9a9c5f2856c8b3,29531.58368897921,216,0.13344221,0.22611232676878185,0.9523809523809523,60.0,0.0,0,1,1.0,0.0,0,0.0,0.0,0.0,153.0,0.4166666666628086,1,0.3333333333333333
e848e03f5d5eea86,3,6b7e1f5b521de19b,,2.4198904513070483,426,0.00025664966,-9.640423789982089e-18,0.0,0.0,0.0,0,0,1.0,0.0,0,0.0,0.0,0.0,210.0,0.6451086907969663,1,0.4
e8590cae846820e5,2,6b7e1f5b521de19b,6f9a9c5f2856c8b3,98.49392076768089,0,0.017072957,0.0,0.0,0.0,0.0,0,0,1.0,0.0,0,0.0,0.0,0.0,0.0,0.0,1,1.0
e86df7b1e8fbc358,5,6b7e1f5b521de19b,6f9a9c5f2856c8b3,349429.72873234353,37,0.0014779909,-5.95631985480742e-17,0.0,0.0,0.0,0,0,1.0,0.0,0,0.0,0.06567867471725063,0.1535916669105176,34.0,0.8378378377925493,2,0.6666666666666666
e8849e53626b046d,5,cca8e68b78e095c5,28c9c64e5918b06e,39314.217789593786,0,0.3688792,0.0,0.0,0.0,0.0,0,0,1.0,0.0,0,0.0,0.0,0.0,0.0,0.0,1,1.0
e8892d1885939c0c,4,3a0b5f22d7e66ffc,28c9c64e5918b06e,438098.2009624438,0,0.2818588,0.0,0.0,0.0,0.0,0,0,1.0,0.0,0,0.0,0.0,0.0,0.0,0.0,1,1.0
e890467b94f52d38,4,d94a77dffd98d647,28c9c64e5918b06e,657907.9342239817,540,6.909679e-05,-0.01553646201533525,0.021671826625386997,-7.0,7.0,0,0,2.950844453382522e-10,0.0,0,0.0,0.0,0.0,253.0,1.1138115332744045,2,0.25
e8aff66965e1b17d,2,6b7e1f5b521de19b,6f9a9c5f2856c8b3,1.170863568534039,0,0.21062772,0.0,0.0,0.0,0.0,0,0,1.0,0.0,0,0.0,0.0,0.0,0.0,0.0,1,1.0
e8b8947655d00591,2,6b7e1f5b521de19b,,31724.089776364966,0,0.1336244,0.0,0.0,0.0,0.0,0,0,1.0,0.0,0,0.0,0.0,0.0,0.0,0.0,1,1.0
e8c1845bcbba7fec,2,6b7e1f5b521de19b,6f9a9c5f2856c8b3,1.170863568534039,0,0.31552503,0.0,0.0,0.0,0.0,0,0,1.0,0.0,0,0.0,0.0,0.0,0.0,0.0,1,1.0
e8d1b74bfe7e7b8a,3,6b7e1f5b521de19b,,186555.16774733728,0,0.05258785,0.0,0.0,0.0,0.0,0,0,1.0,0.0,0,0.0,0.0,0.0,0.0,0.0,1,1.0
e8dc9f4b0e02673b,2,6b7e1f5b521de19b,,7369.351110629336,0,0.7489867,0.0,0.0,0.0,0.0,0,0,1.0,0.0,0,0.0,0.0,0.0,0.0,0.0,1,1.0
e8eb772866a4cd7f,5,6b7e1f5b521de19b,6f9a9c5f2856c8b3,21894.49520682991,26,0.028563866,1.590907641756055e-16,0.0,0.0,0.0,0,0,1.0,0.0,0,0.0,1.6615951967491322e-16,0.0,22.0,0.6923076922544379,2,0.3333333333333333
e8f50d9c71892fea,3,6b7e1f5b521de19b,,35845.270270304114,0,0.0013741356,0.0,0.0,0.0,0.0,0,0,1.0,0.0,0,0.0,0.0,0.0,0.0,0.0,1,1.0
e8f6a58976c4eebc,2,6b7e1f5b521de19b,6f9a9c5f2856c8b3,1.170863568534039,0,0.32202145,0.0,0.0,0.0,0.0,0,0,1.0,0.0,0,0.0,0.0,0.0,0.0,0.0,1,1.0
e90c38f14fb35de8,4,6b7e1f5b521de19b,28c9c64e5918b06e,24787.47916419369,310,0.00023744526,-1.498286803689097e-17,0.0,0.0,0.0,0,0,1.0,0.0,0,0.0,0.03734105291777792,-0.09776841027388918,189.0,1.3614890544171308,4,0.14285714285714285
e910e96a6c9b88ec,0,bd661df59343798b,,176281.1971037052,0,0.021895548,0.0,0.0,0.0,0.0,0,0,1.0,0.0,0,0.0,0.0,0.0,0.0,0.0,1,1.0
e91f105ee9e60a63,4,ac6153076817c20f,28c9c64e5918b06e,2771714.5816111625,908,0.00793239,0.009933895772148992,-0.09107655399905754,10.0,29.0,2,0,9.666714440901202e-11,0.0,0,0.0,0.24884587401843,1.05565977134762,426.0,2.3861448090402404,6,0.68
e948bd086d68c691,4,e366e0e543d0c5cd,d4f34f97b6d22a81,1.170863568534039,0,0.024979409,0.0,0.0,0.0,0.0,0,0,1.0,0.0,0,0.0,0.0,0.0,0.0,0.0,1,1.0
e94e8ffa8d42588c,5,7b7c16a1b24ec3b8,28c9c64e5918b06e,26365.415373079573,142,0.012250637,5.916327679329473e-17,0.0,0.0,0.0,0,0,1.0,0.0,0,0.0,0.06076189562941588,-0.1269617871369035,67.0,1.222272315412854,4,0.125
e953d5a256843a1b,0,6b7e1f5b521de19b,6f9a9c5f2856c8b3,103524.36205768719,471,0.0017981764,0.07087091489349058,0.16393442622950818,30.0,0.0,0,0,0.8944271910071849,0.0,0,0.0,1.2909555129762567,88416.10071080546,185.0,0.8338517867280688,2,0.25
e9579243ec6865e6,4,e366e0e543d0c5cd,d4f34f97b6d22a81,1.170863568534039,0,0.025689486,0.0,0.0,0.0,0.0,0,0,1.0,0.0,0,0.0,0.0,0.0,0.0,0.0,1,1.0
e96382cb5dd6fd21,2,6b7e1f5b521de19b,6f9a9c5f2856c8b3,1665.2625792002207,0,0.043324452,0.0,0.0,0.0,0.0,0,0,1.0,0.0,0,0.0,0.0,0.0,0.0,0.0,1,1.0
e96899c925c58d0e,2,6b7e1f5b521de19b,6f9a9c5f2856c8b3,1.170863568534039,0,0.56208354,0.0,0.0,0.0,0.0,0,0,1.0,0.0,0,0.0,0.0,0.0,0.0,0.0,1,1.0
e97d2799ac35066a,2,6b7e1f5b521de19b,6f9a9c5f2856c8b3,98.49392076768089,21,0.0017283584,-1.0210725650700691e-16,0.0,0.0,0.0,0,0,1.0,0.0,0,0.0,0.0,0.0,21.0,0.0,2,1.0
e97f852234691aa7,3,6b7e1f5b521de19b,,155239.08665771675,25,0.0018570484,-1.3299425388424112e-16,0.0,0.0,0.0,0,0,1.0,0.0,0,0.0,0.0,0.0,18.0,0.9999999998888889,2,0.3333333333333333
e997af8335a6c3ce,5,6b7e1f5b521de19b,6f9a9c5f2856c8b3,1148501.4565710947,0,0.29931375,0.0,0.0,0.0,0.0,0,0,1.0,0.0,0,0.0,0.0,0.0,0.0,0.0,2,1.0
e9ad4d656c8b18cf,5,6b7e1f5b521de19b,6f9a9c5f2856c8b3,8832324.539677106,32,0.00015645589,-0.4374999999999999,-20.90625,-9.0,29.0,1,-1,1.2243811757786667,0.0,0,0.0,0.9999997348685707,7543426.583741013,32.0,1.9999999996875,4,0.3333333333333333
ea0303a8601e58d0,3,6b7e1f5b521de19b,d4f34f97b6d22a81,31182.375698851974,134,0.2549684,0.09694024417088581,-0.03809523809523807,20.0,0.0,0,1,0.5776155347178978,3.0,0,0.022388059701492536,0.4847854513487623,26630.946314542325,77.0,1.6158741383737032,5,0.36363636363636365
ea3bb133972161ab,3,6b7e1f5b521de19b,,1.170863568534039,0,0.021438193,0.0,0.0,0.0,0.0,0,0,1.0,0.0,0,0.0,0.0,0.0,0.0,0.0,1,1.0
ea3eede7eb47cf46,6,6b7e1f5b521de19b,,1.170863568534039,238,5.9806312e-05,0.0,0.0,0.0,0.0,0,0,1.0,0.0,0,0.0,0.0,0.0,153.0,0.28571428571188473,1,0.3333333333333333
ea54f198a2ea3884,5,6b7e1f5b521de19b,d4f34f97b6d22a81,1.170863568534039,0,0.98987526,0.0,0.0,0.0,0.0,0,0,1.0,0.0,0,0.0,0.0,0.0,0.0,0.0,1,1.0
ea73f5c81dbeb917,2,6b7e1f5b521de19b,,3341536.2742739813,0,0.07378008,0.0,0.0,0.0,0.0,0,0,1.0,0.0,0,0.0,0.0,0.0,0.0,0.0,1,1.0
ead7d9f4b0d732ef,3,6b7e1f5b521de19b,,2.4198904513070483,0,0.0130063975,0.0,0.0,0.0,0.0,0,0,1.0,0.0,0,0.0,0.0,0.0,0.0,0.0,1,1.0
ead852af8548dc0d,0,6b7e1f5b521de19b,6f9a9c5f2856c8b3,1.170863568534039,0,0.17287415,0.0,0.0,0.0,0.0,0,0,1.0,0.0,0,0.0,0.0,0.0,0.0,0.0,1,1.0
eae08e874432c920,3,6b7e1f5b521de19b,,1.170863568534039,0,0.018059028,0.0,0.0,0.0,0.0,0,0,1.0,0.0,0,0.0,0.0,0.0,0.0,0.0,1,1.0
eae74728e106c3d5,2,6b7e1f5b521de19b,6f9a9c5f2856c8b3,1383023.1815045336,290,0.17850019,-9.230109979754248e-17,0.0,0.0,0.0,0,0,1.0,0.0,0,0.0,0.20015168969627076,-0.2504914719087937,225.0,0.5517241379272295,1,0.6666666666666666
eae7df26c8dc1d5e,4,75c64824a2a4e380,28c9c64e5918b06e,45100.672778395034,0,0.8661345,0.0,0.0,0.0,0.0,0,0,1.0,0.0,0,0.0,0.14327145559912718,-0.27596693505083475,0.0,0.0,3,1.0
eaf149e0d4a9a3d9,3,6b7e1f5b521de19b,,2.4198904513070483,0,0.055570558,0.0,0.0,0.0,0.0,0,0,1.0,0.0,0,0.0,0.0,0.0,0.0,0.0,1,1.0
eb03cb71fbf80f35,2,6b7e1f5b521de19b,6f9a9c5f2856c8b3,1669.9082851707149,0,0.061591487,0.0,0.0,0.0,0.0,0,0,1.0,0.0,0,0.0,0.0,0.0,0.0,0.0,1,1.0
eb192249e584ed29,5,6b7e1f5b521de19b,6f9a9c5f2856c8b3,1370250.4260730536,0,0.2563046,0.0,-20.0,20.0,0.0,0,1,1.0,0.0,0,0.0,0.0,0.0,0.0,0.0,3,1.0
eb25ee49c970cdfa,4,255414ab73601d72,28c9c64e5918b06e,510839.33306320285,0,0.025877286,0.0,0.0,0.0,0.0,0,0,1.0,0.0,0,0.0,0.0,0.0,0.0,0.0,1,1.0
eb341bd2d164e92f,5,6b7e1f5b521de19b,6f9a9c5f2856c8b3,96302.61540849852,798,0.00085957436,4.4981250350101555e-18,0.0,0.0,0.0,0,0,1.0,0.0,0,0.0,0.11254211376641843,0.28298100630799344,350.0,1.8178824435057843,4,0.5882352941176471
eb3d01e7b4461c77,6,6b7e1f5b521de19b,,1.170863568534039,0,0.08817743,0.0,0.0,0.0,0.0,0,0,1.0,0.0,0,0.0,0.0,0.0,0.0,0.0,1,1.0
eb4ad451f16d95df,2,6b7e1f5b521de19b,6f9a9c5f2856c8b3,98.49392076768089,0,0.013956111,0.0,0.0,0.0,0.0,0,0,1.0,0.0,0,0.0,0.0,0.0,0.0,0.0,1,1.0
eb4efe066fa92d59,3,6b7e1f5b521de19b,d4f34f97b6d22a81,165233.5908122018,699,0.03802357,0.03068058370997956,0.22662298987492555,26.666666666666668,10.0,2,1,1.1274425752724286,1.0,0,0.001430615164520744,0.20761961850837551,-0.010765153059894896,358.0,2.135705289309306,4,0.5789473684210527
eb51ec8d8cebc447,3,674ec33189ed753c,d4f34f97b6d22a81,11248.38305546661,0,8.458223e-05,0.0,-9.0,-9.0,9.0,0,-1,1.0,0.0,0,0.0,0.7069963809879692,9605.911819410325,0.0,0.0,3,1.0
eb550de3d8fe962f,4,255414ab73601d72,,1.170863568534039,0,0.031934917,0.0,0.0,0.0,0.0,0,0,1.0,0.0,0,0.0,0.0,0.0,0.0,0.0,1,1.0
eb5ce62ae8257fef,2,6b7e1f5b521de19b,6f9a9c5f2856c8b3,98.49392076768089,0,0.06946861,0.0,0.0,0.0,0.0,0,0,1.0,0.0,0,0.0,0.0,0.0,0.0,0.0,1,1.0
eb63afd498c608cb,0,6b7e1f5b521de19b,6f9a9c5f2856c8b3,1.170863568534039,0,0.068278044,0.0,0.0,0.0,0.0,0,0,1.0,0.0,0,0.0,0.0,0.0,0.0,0.0,1,1.0
eb8e9abe7c060cb0,3,6b7e1f5b521de19b,,2.4198904513070483,0,0.0021258856,0.0,0.0,0.0,0.0,0,0,1.0,0.0,0,0.0,0.0,0.0,0.0,0.0,1,1.0
eb932cd885d92c54,5,cca8e68b78e095c5,28c9c64e5918b06e,220402.4087189625,0,0.013303023,0.0,0.0,0.0,0.0,0,0,1.0,0.0,0,0.0,0.0,0.0,0.0,0.0,1,1.0
eb99e387dd2c3083,6,6b7e1f5b521de19b,,703485.6871202264,0,0.9960419,0.0,0.0,0.0,0.0,0,0,1.0,0.0,0,0.0,0.0,0.0,0.0,0.0,1,1.0
ebabab8bdf72ec92,2,6b7e1f5b521de19b,6f9a9c5f2856c8b3,1.170863568534039,0,0.0019071683,0.0,0.0,0.0,0.0,0,0,1.0,0.0,0,0.0,0.0,0.0,0.0,0.0,1,1.0
ebb1a3f590187b7f,0,6b7e1f5b521de19b,,1.170863568534039,0,0.1338394,0.0,0.0,0.0,0.0,0,0,1.0,0.0,0,0.0,0.0,0.0,0.0,0.0,1,1.0
ebf5ad91b7b92b4c,3,6b7e1f5b521de19b,,2.4198904513070483,0,0.0010048236,0.0,0.0,0.0,0.0,0,0,1.0,0.0,0,0.0,0.0,0.0,0.0,0.0,1,1.0
ebf8b5a04822bac0,4,fc3655a0b667e091,28c9c64e5918b06e,190.41602966478158,0,0.0034706194,0.0,0.0,0.0,0.0,0,0,1.0,0.0,0,0.0,0.0,0.0,0.0,0.0,1,1.0
ebfceb4bfa7366dd,2,6b7e1f5b521de19b,,40882.782652931186,0,0.025473656,0.0,0.0,0.0,0.0,0,0,1.0,0.0,0,0.0,0.0,0.0,0.0,0.0,1,1.0
ec1964f3bb8c398f,2,6b7e1f5b521de19b,6f9a9c5f2856c8b3,572.3269399675881,1,0.3592553,16.666666666666668,-50.0,50.0,0.0,0,0,4.9999999997500004e-11,0.0,0,0.0,0.49978727643895554,487.8075394506987,1.0,1.7320508006406738,5,0.4
ec1c4ae29bd6e6e4,2,6b7e1f5b521de19b,6f9a9c5f2856c8b3,98.49392076768089,27,0.0017494104,-7.941675506100537e-17,0.0,0.0,0.0,0,0,1.0,0.0,0,0.0,0.0,0.0,27.0,0.0,2,1.0
ec25334863ea4c94,0,6b7e1f5b521de19b,6f9a9c5f2856c8b3,125290.3743818114,633,0.028741248,-0.08057218370072369,-0.3546099290780142,-50.0,60.0,2,0,3.8995387797387e-11,1.0,0,0.001579778830963665,0.17697208647912013,-0.11893817040506888,331.0,2.2008950032009715,4,0.631578947368421
ec259fcb73caad54,2,6b7e1f5b521de19b,6f9a9c5f2856c8b3,1.170863568534039,0,0.017324327,0.0,0.0,0.0,0.0,0,0,1.0,0.0,0,0.0,0.0,0.0,0.0,0.0,1,1.0
ec28c5a304d44918,0,6b7e1f5b521de19b,6f9a9c5f2856c8b3,2046.6148673782125,0,0.057646215,0.0,0.0,0.0,0.0,0,0,1.0,0.0,0,0.0,0.9988564589040362,1746.9533246906333,0.0,0.0,2,1.0
ec4477a2944f3904,0,6b7e1f5b521de19b,6f9a9c5f2856c8b3,30405.58043486053,2,0.017737737,-1.0721261933235726e-15,0.0,0.0,0.0,0,0,1.0,0.0,0,0.0,0.0,0.0,2.0,0.0,2,1.0
ec4c1ab477114304,3,6b7e1f5b521de19b,,1.170863568534039,203,0.00058577076,-2.4711526257991578e-17,0.0,0.0,0.0,0,0,1.0,0.0,0,0.0,1.8964174025279222e-16,0.0,67.0,0.8326143289797007,2,0.2
ec541744c712ffad,1,6b7e1f5b521de19b,,48968.33625761659,0,0.007097131,0.0,0.0,0.0,0.0,0,0,1.0,0.0,0,0.0,0.0,0.0,0.0,0.0,1,1.0
ec546d4f35b45265,6,6b7e1f5b521de19b,,767.4627551854461,0,0.99760723,0.0,0.0,0.0,0.0,0,0,1.0,0.0,0,0.0,0.0,0.0,0.0,0.0,1,1.0
ec6b07830edd2a83,0,6b7e1f5b521de19b,6f9a9c5f2856c8b3,1.170863568534039,0,0.5868788,0.0,0.0,0.0,0.0,0,0,1.0,0.0,0,0.0,0.0,0.0,0.0,0.0,1,1.0
ec7cb05d62ec5dac,2,6b7e1f5b521de19b,,69355.71339060226,0,0.28114346,0.0,0.0,0.0,0.0,0,0,1.0,0.0,0,0.0,0.0,0.0,0.0,0.0,1,1.0
ec91ea1fe9b6f8e9,4,062b9e5a52eb6d8e,28c9c64e5918b06e,2388.361505566673,0,0.015593095,0.0,0.0,0.0,0.0,0,0,1.0,0.0,0,0.0,0.0,0.0,0.0,0.0,1,1.0
ec92462059631544,5,6b7e1f5b521de19b,6f9a9c5f2856c8b3,58100920.46676021,432,0.00013380937,-0.02129724775342786,0.05921052631578947,-9.0,9.0,0,0,2.2838671984888911e-10,0.0,0,0.0,0.5477225431559805,49622279.535643056,189.0,1.397197371067777,3,0.38461538461538464
eca8af19fb2817e9,4,bd661df59343798b,d4f34f97b6d22a81,1.170863568534039,0,0.0011283874,0.0,0.0,0.0,0.0,0,0,1.0,0.0,0,0.0,0.0,0.0,0.0,0.0,1,1.0
ecab43daf5503c26,5,6b7e1f5b521de19b,,1.170863568534039,0,0.60949785,0.0,0.0,0.0,0.0,0,0,1.0,0.0,0,0.0,0.0,0.0,0.0,0.0,1,1.0
ecb5b04b613413e3,5,6b7e1f5b521de19b,d4f34f97b6d22a81,159167.10637756166,0,0.39750868,0.0,0.0,0.0,0.0,0,0,1.0,0.0,0,0.0,0.0,0.0,0.0,0.0,1,1.0
ecbe170acd2c214c,3,6b7e1f5b521de19b,d4f34f97b6d22a81,6054.179881284606,0,0.44312286,0.0,0.0,0.0,0.0,0,0,1.0,2.0,0,0.0,0.25240483266042746,0.8138384439206134,0.0,0.0,7,1.0
ecc17e10b251d727,3,6b7e1f5b521de19b,,35845.270270304114,0,0.34012288,0.0,0.0,0.0,0.0,0,0,1.0,0.0,0,0.0,0.0,0.0,0.0,0.0,1,1.0
ecc37efb814e6160,4,95a23e7fbcc5841e,28c9c64e5918b06e,1.170863568534039,0,0.0363559,0.0,0.0,0.0,0.0,0,0,1.0,0.0,0,0.0,0.0,0.0,0.0,0.0,1,1.0
ecccaf7fd657af58,3,6b7e1f5b521de19b,,8510.551032505591,19,0.0015700767,-6.403457082216421e-17,0.0,0.0,0.0,0,0,1.0,0.0,0,0.0,0.0,0.0,19.0,0.9999999998947369,2,0.3333333333333333
ecd0bfba3cd201d2,3,6b7e1f5b521de19b,,16667.353119741078,0,0.42744577,0.0,0.0,0.0,0.0,0,0,1.0,0.0,0,0.0,0.0,0.0,0.0,0.0,1,1.0
ecd2a47e6298b0bc,2,6b7e1f5b521de19b,d4f34f97b6d22a81,4138.645878342867,0,0.27095532,0.0,0.0,0.0,0.0,0,0,1.0,0.0,0,0.0,0.9994343403862885,3533.695236546298,0.0,0.0,2,1.0
ecd3d1941e54d724,3,6b7e1f5b521de19b,d4f34f97b6d22a81,64490.738750492004,1,0.10297485,-2.359760608687704e-15,0.0,0.0,0.0,0,0,1.0,0.0,0,0.0,0.5271467326059016,2.229641916237744,1.0,0.0,2,1.0
ecd75b0f2b4b1cb3,5,6b7e1f5b521de19b,d4f34f97b6d22a81,8398.437734554864,94,0.07458766,0.297872340425532,-19.680851063829788,50.0,0.0,0,1,0.8356290218058904,0.0,0,0.0,0.45338499569968177,7171.857675527469,94.0,1.999999999893617,5,0.16666666666666666
ece31cf516c1a53f,2,6b7e1f5b521de19b,6f9a9c5f2856c8b3,98.49392076768089,0,0.069634825,0.0,0.0,0.0,0.0,0,0,1.0,0.0,0,0.0,0.0,0.0,0.0,0.0,1,1.0
ed0fbdcbb0794052,5,6b7e1f5b521de19b,6f9a9c5f2856c8b3,2332744.0512692286,68,0.15183407,-1.3471196052758873e-16,0.0,0.0,0.0,0,0,1.0,0.0,0,0.0,0.0,0.0,68.0,0.0,2,1.0
ed2086ff504b2a05,2,6b7e1f5b521de19b,6f9a9c5f2856c8b3,98.49392076768089,0,0.06610688,0.0,0.0,0.0,0.0,0,0,1.0,0.0,0,0.0,0.0,0.0,0.0,0.0,1,1.0
ed31abd4fe3b7226,3,6b7e1f5b521de19b,,2.4198904513070483,0,0.034310974,0.0,0.0,0.0,0.0,0,0,1.0,0.0,0,0.0,0.0,0.0,0.0,0.0,2,1.0
ed43dcb45d9fb981,4,68fc9303c4a97b8a,28c9c64e5918b06e,1951126.5141021304,202,0.00013218862,-7.275103110331736e-18,0.0,0.0,0.0,0,0,1.0,0.0,0,0.0,0.02190559047175289,-0.050616300484375924,81.0,1.0548620979036354,3,0.1111111111111111
ed45cb66d2922b07,3,6b7e1f5b521de19b,,21273.147061594493,0,0.0023913784,0.0,0.0,0.0,0.0,0,0,1.0,0.0,0,0.0,0.0,0.0,0.0,0.0,1,1.0
ed5678544a3d51aa,2,6b7e1f5b521de19b,,11164.548352985037,0,0.7489867,0.0,0.0,0.0,0.0,0,0,1.0,0.0,0,0.0,0.0,0.0,0.0,0.0,1,1.0
ed602c24b648af0b,3,6b7e1f5b521de19b,,7495.264905653416,0,0.0025496702,0.0,0.0,0.0,0.0,0,0,1.0,0.0,0,0.0,0.0,0.0,0.0,0.0,1,1.0
ed7cd3d5cc77352c,2,6b7e1f5b521de19b,,11228808.024036212,286,0.050484564,1.5070467418643354e-17,0.0,0.0,0.0,0,0,1.0,2.0,1,-0.0034965034965034965,0.38677655009172496,9590192.363087608,179.0,1.5765625314209057,3,0.3333333333333333
edb6c01df960f1d0,4,e366e0e543d0c5cd,d4f34f97b6d22a81,3895.768572421459,0,0.04758744,0.0,0.0,0.0,0.0,0,0,1.0,0.0,0,0.0,0.8841732023431169,3326.2609013696565,0.0,0.0,3,1.0
edbcc7ba6ed7a7fe,3,6b7e1f5b521de19b,,3910.775451613183,637,0.00052509183,-0.03483061851725952,-0.046296296296296294,-26.666666666666664,40.0,1,1,1.2329924047698662,0.0,0,0.0,0.2671755118122476,3339.077833756163,174.0,1.1089571283960424,4,0.06666666666666667
edbfc12713b9c884,5,6b7e1f5b521de19b,,1.170863568534039,0,0.0038494219,0.0,0.0,0.0,0.0,0,0,1.0,0.0,0,0.0,0.0,0.0,0.0,0.0,1,1.0
edc01ca1629e29a8,0,6b7e1f5b521de19b,6f9a9c5f2856c8b3,1.170863568534039,0,0.03345561,0.0,0.0,0.0,0.0,0,0,1.0,0.0,0,0.0,0.0,0.0,0.0,0.0,1,1.0
edd12e280687bc6d,2,6b7e1f5b521de19b,6f9a9c5f2856c8b3,1.170863568534039,0,0.5619886,0.0,0.0,0.0,0.0,0,0,1.0,0.0,0,0.0,0.0,0.0,0.0,0.0,1,1.0
edef86af9c2897ce,0,6b7e1f5b521de19b,6f9a9c5f2856c8b3,1.170863568534039,0,0.028255293,0.0,0.0,0.0,0.0,0,0,1.0,0.0,0,0.0,0.0,0.0,0.0,0.0,1,1.0
ee0054332b8776f6,1,6b7e1f5b521de19b,6f9a9c5f2856c8b3,1255740.7732663858,175,0.0015614384,0.04061084882936699,-0.03676470588235294,5.0,4.0,1,0,3.127716209877861e-10,0.0,0,0.0,0.6015522995090093,0.5024993119324093,116.0,1.6622090046855098,2,0.5555555555555556
ee085521b504a584,3,6b7e1f5b521de19b,,9648.963805727817,235,0.035246555,0.08379888268156425,0.46153846153846156,30.0,0.0,0,1,1.1666666666507903,0.0,0,0.0,0.3137124841502835,-0.7308162629834747,68.0,0.4969900166260546,1,0.42857142857142855
ee0e75cbfe1385d7,2,6b7e1f5b521de19b,6f9a9c5f2856c8b3,1.170863568534039,0,0.52867,0.0,0.0,0.0,0.0,0,0,1.0,0.0,0,0.0,0.0,0.0,0.0,0.0,1,1.0
ee11ee06390b88a8,3,6b7e1f5b521de19b,,2.4198904513070483,0,0.00015044484,0.0,0.0,0.0,0.0,0,0,1.0,0.0,0,0.0,0.0,0.0,0.0,0.0,1,1.0
ee1cc93235ae380d,3,6b7e1f5b521de19b,,1287.0828528119127,0,0.0034193518,0.0,0.0,0.0,0.0,0,0,1.0,0.0,0,0.0,0.0,0.0,0.0,0.0,1,1.0
ee3ba961e2c3f4e8,3,6b7e1f5b521de19b,,182510.36965157042,193,0.009742456,-1.2226738905117637e-17,0.0,0.0,0.0,0,0,1.0,0.0,0,0.0,0.0,0.0,193.0,0.0,2,1.0
ee40709396e1731e,5,6b7e1f5b521de19b,6f9a9c5f2856c8b3,67233.10954695717,54,0.008005985,-1.5716911806077667e-16,0.0,0.0,0.0,0,0,1.0,0.0,0,0.0,0.0,0.0,31.0,1.0217121646749636,3,0.2
ee4d539e3cb60dd9,2,6b7e1f5b521de19b,6f9a9c5f2856c8b3,5655.969519442425,0,0.7403971,0.0,0.0,0.0,0.0,0,0,1.0,0.0,0,0.0,0.0,0.0,0.0,0.0,1,1.0
ee55db481c03be05,2,6b7e1f5b521de19b,,1845240.0868962975,244,0.0893884,-1.3311225526179628e-17,0.0,0.0,0.0,0,0,1.0,0.0,0,0.0,0.0,0.0,244.0,0.0,2,1.0
ee72510bc48099f5,3,6b7e1f5b521de19b,d4f34f97b6d22a81,4854.049577612525,0,0.018306516,0.0,0.0,0.0,0.0,0,0,1.0,0.0,0,0.0,0.0,0.0,0.0,0.0,1,1.0
ee80e23a5697a18c,2,6b7e1f5b521de19b,6f9a9c5f2856c8b3,98.49392076768089,0,0.017072957,0.0,0.0,0.0,0.0,0,0,1.0,0.0,0,0.0,0.0,0.0,0.0,0.0,1,1.0
ee8c3ba30db43947,3,6b7e1f5b521de19b,,1.170863568534039,0,0.0035258385,0.0,0.0,0.0,0.0,0,0,1.0,0.0,0,0.0,0.0,0.0,0.0,0.0,1,1.0
ee94497368db8563,4,75c64824a2a4e380,28c9c64e5918b06e,1.170863568534039,0,0.1971364,0.0,0.0,0.0,0.0,0,0,1.0,0.0,0,0.0,0.0,0.0,0.0,0.0,1,1.0
ee9ce57c8d0ef22f,6,6b7e1f5b521de19b,,21273.147061594493,94,0.0024056276,-1.2943157932139574e-17,0.0,0.0,0.0,0,0,1.0,0.0,0,0.0,0.0,0.0,94.0,0.9999999999787235,2,0.3333333333333333
ee9e2b55811694c7,5,6b7e1f5b521de19b,d4f34f97b6d22a81,74185.34721244311,73,0.07643696,0.30752680417327755,-0.17942176870748294,19.75,0.0,0,1,1.5743416074793397,0.0,0,0.0,0.17973361652973346,-0.018879601596626546,21.0,1.7976549010050749,7,0.13043478260869565
eeb0a90b1ffc85d1,0,6b7e1f5b521de19b,,26534.76383683977,2,0.021034844,-2.611057001350838e-15,0.0,0.0,0.0,0,0,1.0,0.0,0,0.0,0.0,0.0,2.0,0.9999999989999999,3,0.6666666666666666
eeb37c130adc9ae1,0,4dcb7378104041b8,,1845240.0868962975,178,4.703305e-05,-0.12642855316646642,-0.5925081897165646,-20.0,30.0,1,-1,1.2026755885896594,0.0,0,0.0,0.20126335041469592,-0.372435785141113,59.0,0.6622544731630322,2,0.3333333333333333
eebe3a4c618972ee,2,6b7e1f5b521de19b,6f9a9c5f2856c8b3,64.10035007555453,0,0.6451202,0.0,0.0,0.0,0.0,0,0,1.0,0.0,0,0.0,0.0,0.0,0.0,0.0,1,1.0
eebf2314cd813fe5,2,6b7e1f5b521de19b,,18179.73727059817,0,0.044974983,0.0,0.0,0.0,0.0,0,0,1.0,0.0,0,0.0,0.0,0.0,0.0,0.0,1,1.0
eed297c3944e44b8,3,6b7e1f5b521de19b,,9548.177348327423,0,0.0013001064,0.0,0.0,0.0,0.0,0,0,1.0,0.0,0,0.0,0.0,0.0,0.0,0.0,1,1.0
eedd55db940b3b26,3,6b7e1f5b521de19b,,71851.41760785309,12,0.2211241,3.903669724770644,6.714285714285714,49.0,0.0,0,1,0.9391062917204459,3.0,0,0.25,1.414070683714166,29691.012532651715,7.0,1.2527746976757528,4,0.3333333333333333
eedfb459e7d482f8,4,75c64824a2a4e380,28c9c64e5918b06e,337136.1232851324,0,0.588727,0.0,0.0,0.0,0.0,0,0,1.0,0.0,0,0.0,0.0,0.0,0.0,0.0,1,1.0
eef39cdd4b8a3772,2,6b7e1f5b521de19b,6f9a9c5f2856c8b3,98.49392076768089,20,0.0009869477,-6.0832842281056e-17,0.0,0.0,0.0,0,0,1.0,0.0,0,0.0,0.0,0.0,20.0,0.9999999999,2,0.3333333333333333
eef7af3e94829b38,2,6b7e1f5b521de19b,6f9a9c5f2856c8b3,365.23269095468356,0,0.069634825,0.0,0.0,0.0,0.0,0,0,1.0,0.0,0,0.0,0.0,0.0,0.0,0.0,1,1.0
eef8afbaa313b560,2,6b7e1f5b521de19b,6f9a9c5f2856c8b3,212.02522749452675,0,0.014594979,0.0,0.0,0.0,0.0,0,0,1.0,0.0,0,0.0,0.0,0.0,0.0,0.0,1,1.0
ef0164bf84b2ee44,5,6b7e1f5b521de19b,d4f34f97b6d22a81,2786.403823325963,0,0.06515214,0.0,0.0,0.0,0.0,0,0,1.0,0.0,0,0.0,0.0,0.0,0.0,0.0,1,1.0
ef040a3ee43bc3e1,0,674ec33189ed753c,,1.170863568534039,0,0.6491403,0.0,0.0,0.0,0.0,0,0,1.0,0.0,0,0.0,0.0,0.0,0.0,0.0,1,1.0
ef1274d3503f94f1,3,6b7e1f5b521de19b,,1.170863568534039,0,0.00061314367,0.0,0.0,0.0,0.0,0,0,1.0,0.0,0,0.0,0.0,0.0,0.0,0.0,1,1.0
ef23fae8e08b4bf7,5,6b7e1f5b521de19b,d4f34f97b6d22a81,81.43217479245789,0,0.023823166,0.0,0.0,0.0,0.0,0,0,1.0,0.0,0,0.0,0.0,0.0,0.0,0.0,1,1.0
ef2f255124403678,3,6b7e1f5b521de19b,,76057.68653515907,0,0.084852636,0.0,0.0,0.0,0.0,0,0,1.0,0.0,0,0.0,0.0,0.0,0.0,0.0,1,1.0
ef3f6daa7f4d6d90,0,6b7e1f5b521de19b,6f9a9c5f2856c8b3,799673.4867883786,131,0.011215012,0.11450381679389308,-30.0,30.0,0.0,0,1,1.0,1.0,0,0.007633587786259542,0.37893405998401963,-0.633970212925202,131.0,0.9999999999847328,2,0.3333333333333333
ef446be8aab82c4b,1,6b7e1f5b521de19b,,555117.7933282302,1037,0.00015303413,0.007465711532646355,-0.159188637449507,15.0,25.0,1,-1,0.7646296877726677,0.0,0,0.0,0.0,0.0,376.0,0.9476711274583036,3,0.1
ef8155db27a42196,2,6b7e1f5b521de19b,6f9a9c5f2856c8b3,121.22331520907996,0,0.016422007,0.0,0.0,0.0,0.0,0,0,1.0,0.0,0,0.0,0.0,0.0,0.0,0.0,1,1.0
ef90309f47c99f92,0,6b7e1f5b521de19b,6f9a9c5f2856c8b3,3042.6854134591463,0,0.020452982,0.0,0.0,0.0,0.0,0,0,1.0,0.0,0,0.0,0.0,0.0,0.0,0.0,1,1.0
ef97656f097fceb7,5,6b7e1f5b521de19b,6f9a9c5f2856c8b3,48502.8796948733,0,0.7658939,0.0,0.0,0.0,0.0,0,0,1.0,0.0,0,0.0,0.0,0.0,0.0,0.0,2,1.0
ef9ae455c152e600,3,6b7e1f5b521de19b,d4f34f97b6d22a81,61534.52195472854,209,0.00037700523,0.008498033312290593,-0.37037037037037035,20.0,10.0,2,1,0.6321954228713428,0.0,0,0.0,0.5801088835633271,52553.81817729785,78.0,1.207780989650314,4,0.1111111111111111
efbe66083475329c,1,6b7e1f5b521de19b,,6618.183435287425,19,0.0010152207,-1.7105263157894746,-13.68421052631579,-40.0,40.0,0,-1,1.0,0.0,0,0.0,0.0,0.0,19.0,0.9999999998947369,2,0.6666666666666666
efc2881619b769c9,0,6b7e1f5b521de19b,6f9a9c5f2856c8b3,361.29574083874047,0,0.14819385,0.0,0.0,0.0,0.0,0,0,1.0,0.0,0,0.0,0.7036750238895706,307.57202371672986,0.0,0.0,3,1.0
efe3d5365945efd3,3,6b7e1f5b521de19b,,54608.54408792734,19,0.43411225,0.850515463917526,2.5,30.0,0.0,0,1,1.2374368670538405,0.0,0,0.0,0.3115581187545228,0.8622136982316011,12.0,1.344940245804823,5,0.2857142857142857
efec4fa865a4aec8,6,6b7e1f5b521de19b,,703485.6871202264,0,0.99596125,0.0,0.0,0.0,0.0,0,0,1.0,0.0,0,0.0,0.0,0.0,0.0,0.0,1,1.0
efefc6b52a1a7215,5,6b7e1f5b521de19b,d4f34f97b6d22a81,517040.32649272005,209,0.9943268,0.25055522886821535,-0.6909937888198757,68.75,0.0,0,1,0.39399731254018205,6.0,0,0.028708133971291867,0.11229096140982917,0.1057980995031232,69.0,2.0029567665766392,10,0.2608695652173913
eff41277bc0dbdc9,0,6b7e1f5b521de19b,,1.170863568534039,0,0.15978542,0.0,0.0,0.0,0.0,0,0,1.0,0.0,0,0.0,0.0,0.0,0.0,0.0,1,1.0
effc06a1ea53e2f9,0,6b7e1f5b521de19b,6f9a9c5f2856c8b3,1.170863568534039,0,0.031386647,0.0,0.0,0.0,0.0,0,0,1.0,0.0,0,0.0,0.0,0.0,0.0,0.0,1,1.0
f00733f01d12c7ce,3,6b7e1f5b521de19b,,2.4198904513070483,85,0.0032647795,-2.5226498666437e-17,0.0,0.0,0.0,0,0,1.0,0.0,0,0.0,0.0,0.0,85.0,0.0,2,1.0
f00a50db1da15282,2,6b7e1f5b521de19b,,1.170863568534039,0,0.0016154066,0.0,0.0,0.0,0.0,0,0,1.0,0.0,0,0.0,0.0,0.0,0.0,0.0,1,1.0
f00ba7f3ec49734e,2,6b7e1f5b521de19b,6f9a9c5f2856c8b3,89664.46366676311,0,0.6682989,0.0,0.0,0.0,0.0,0,0,1.0,0.0,0,0.0,0.0,0.0,0.0,0.0,1,1.0
f01bd187b632c584,3,6b7e1f5b521de19b,,1287.0828528119127,0,0.0001738774,0.0,0.0,0.0,0.0,0,0,1.0,0.0,0,0.0,0.0,0.0,0.0,0.0,1,1.0
f022b9cb10bfe6a5,1,6b7e1f5b521de19b,,39784.827995240434,252,0.10626112,0.06100536401268349,-0.19801980198019803,20.0,0.0,0,0,1.2810252302765946e-10,0.0,0,0.0,0.4806162107364508,5.2378911722360035,46.0,0.9098125527996231,3,0.1875
f023356547533b78,2,6b7e1f5b521de19b,6f9a9c5f2856c8b3,135411.3787635855,0,0.691786,0.0,0.0,0.0,0.0,0,0,1.0,0.0,0,0.0,0.0,0.0,0.0,0.0,1,1.0
f023f6af577b9d2d,5,6b7e1f5b521de19b,d4f34f97b6d22a81,81.43217479245789,0,0.10284657,0.0,0.0,0.0,0.0,0,0,1.0,0.0,0,0.0,0.0,0.0,0.0,0.0,1,1.0
f02a2927b1ac1618,2,6b7e1f5b521de19b,6f9a9c5f2856c8b3,1642006.066213091,211,0.0004125591,-0.00608902953191912,0.052941176470588235,-3.0,9.0,0,0,4.722222219992283e-10,0.0,0,0.0,0.2524270700092524,1402387.895120324,112.0,2.205940958398799,7,0.5294117647058824
f041110401eaae96,3,6b7e1f5b521de19b,,25102.753943361105,0,0.4656868,0.0,0.0,0.0,0.0,0,0,1.0,0.0,0,0.0,0.0,0.0,0.0,0.0,1,1.0
f04ec90ed23dfc78,6,6b7e1f5b521de19b,,106163.16092076049,0,0.99811256,0.0,0.0,0.0,0.0,0,0,1.0,0.0,0,0.0,0.0,0.0,0.0,0.0,1,1.0
f06d648b1c758bdf,0,062b9e5a52eb6d8e,,2015.641071153861,0,0.17305195,0.0,0.0,0.0,0.0,0,0,1.0,0.0,0,0.0,0.0,0.0,0.0,0.0,1,1.0
f0988b0cff8c2ab4,3,6b7e1f5b521de19b,d4f34f97b6d22a81,542.5015893177103,0,0.00018590891,0.0,0.0,0.0,0.0,0,0,1.0,0.0,0,0.0,0.0,0.0,0.0,0.0,1,1.0
f0c26a7e04aae555,3,6b7e1f5b521de19b,,35845.270270304114,0,0.5019693,0.0,0.0,0.0,0.0,0,0,1.0,0.0,0,0.0,0.0,0.0,0.0,0.0,1,1.0
f0d1d1b60280f786,0,6b7e1f5b521de19b,6f9a9c5f2856c8b3,631.0857066337956,209,0.01186954,-6.562718820252504e-17,0.0,0.0,0.0,0,0,1.0,0.0,0,0.0,0.7666987917014847,-0.9949216756732226,103.0,0.971503971919549,3,0.6
f0ece753ee6d9e67,0,6b7e1f5b521de19b,6f9a9c5f2856c8b3,98.49392076768089,9,0.009486049,-2.3825026518301615e-16,0.0,0.0,0.0,0,0,1.0,0.0,0,0.0,0.0,0.0,9.0,0.0,2,1.0
f0edc422ae8bfcd6,2,6b7e1f5b521de19b,6f9a9c5f2856c8b3,418.43932132370475,0,0.6756805,0.0,0.0,0.0,0.0,0,0,1.0,0.0,0,0.0,0.9944192795519053,356.3766684427674,0.0,0.0,2,1.0
f0f02c14a25f2663,2,6b7e1f5b521de19b,6f9a9c5f2856c8b3,314875.9090480672,297,0.007107736,6.790687253732411e-17,0.0,0.0,0.0,0,0,1.0,1.0,1,0.0,0.3882020813303512,7.784308408714245,109.0,1.534212317257722,8,0.15384615384615385
f1030b8703442658,3,6b7e1f5b521de19b,,97109.27790783095,3,0.0021655632,1.0119214866374518e-15,0.0,0.0,0.0,0,0,1.0,0.0,0,0.0,0.0,0.0,3.0,1.4142135609588815,4,0.25
f1066ce7a45a31e0,2,6b7e1f5b521de19b,6f9a9c5f2856c8b3,2046.6148673782125,0,0.8729752,0.0,0.0,0.0,0.0,0,0,1.0,0.0,0,0.0,0.0,0.0,0.0,0.0,2,1.0
f112f006924e9aa4,3,6b7e1f5b521de19b,,1.170863568534039,0,0.000387456,0.0,0.0,0.0,0.0,0,0,1.0,0.0,0,0.0,0.0,0.0,0.0,0.0,1,1.0
f115bc740326adde,3,6b7e1f5b521de19b,,1.170863568534039,18,0.022070609,-1.1912513259150808e-16,0.0,0.0,0.0,0,0,1.0,0.0,0,0.0,0.0,0.0,18.0,0.0,2,1.0
f12328e39ab78de1,3,6b7e1f5b521de19b,,65064.44409714713,179,0.0014297761,0.11283395210016743,-0.18018018018018017,20.0,0.0,0,0,1.1067971809364327e-10,0.0,0,0.0,1.118269388933785e-16,0.0,65.0,0.7625033224264903,2,0.42857142857142855
f12e0c269f98c0e9,5,6b7e1f5b521de19b,d4f34f97b6d22a81,1.170863568534039,0,0.0032482524,0.0,0.0,0.0,0.0,0,0,1.0,0.0,0,0.0,0.0,0.0,0.0,0.0,1,1.0
f14cc3e233e686a1,2,6b7e1f5b521de19b,6f9a9c5f2856c8b3,10473.765053251393,192,0.0014489243,-0.17467012762275597,-1.5789473684210527,-30.0,65.0,1,-1,1.0392793929561663,0.0,0,0.0,0.0,0.0,173.0,1.5121756998202769,2,0.6
f154e43849dc1721,0,6b7e1f5b521de19b,6f9a9c5f2856c8b3,1.170863568534039,0,0.31556484,0.0,0.0,0.0,0.0,0,0,1.0,0.0,0,0.0,0.0,0.0,0.0,0.0,1,1.0
f16ed3d82a35d785,2,6b7e1f5b521de19b,6f9a9c5f2856c8b3,6712.2371044229185,958,0.00041200357,1.4601911489674115e-18,0.0,0.0,0.0,0,0,1.0,0.0,0,0.0,0.1787440259736597,-0.3426635027838748,216.0,1.3975971339747602,8,0.1111111111111111
f17415fb2cc0ab98,3,6b7e1f5b521de19b,d4f34f97b6d22a81,1150.1366394260142,0,0.1802492,0.0,0.0,0.0,0.0,0,0,1.0,0.0,0,0.0,0.0,0.0,0.0,0.0,1,1.0
f174af8b8c1e5155,5,6b7e1f5b521de19b,6f9a9c5f2856c8b3,1.170863568534039,0,0.11801184,0.0,0.0,0.0,0.0,0,0,1.0,0.0,0,0.0,0.0,0.0,0.0,0.0,2,1.0
f17f5db7ab27aa0c,4,ac07a4f1ad9a4f67,,393312.47793447,512,0.00025509542,-0.08935076195006225,-0.2597402597402597,-40.0,40.0,0,0,0.9449111825260735,0.0,0,0.0,0.13757824834348642,-0.3246144846073478,191.0,0.9577325236629566,2,0.3
f192bb430f432713,3,6b7e1f5b521de19b,,21273.147061594493,0,0.1381628,0.0,0.0,0.0,0.0,0,0,1.0,0.0,0,0.0,0.0,0.0,0.0,0.0,1,1.0
f198f9c116d90ab4,5,6b7e1f5b521de19b,6f9a9c5f2856c8b3,68773.53041741606,287,0.0018200453,0.0373999387603342,0.04424778761061947,10.0,0.0,0,1,1.0,0.0,0,0.0,0.0,0.0,226.0,0.5749128919820564,1,0.3333333333333333
f1a8bd1809557797,2,6b7e1f5b521de19b,6f9a9c5f2856c8b3,4474.800816218781,0,0.8463358,0.0,0.0,0.0,0.0,0,0,1.0,0.0,0,0.0,0.0,0.0,0.0,0.0,1,1.0
f1acd744c2a34b87,3,6b7e1f5b521de19b,,4786.163932679293,0,0.0032102908,0.0,0.0,0.0,0.0,0,0,1.0,0.0,0,0.0,0.0,0.0,0.0,0.0,1,1.0
f1aee08457aa8a4d,0,52838e14fa2f9ca3,,6825.920575393989,0,0.0546434,0.0,0.0,0.0,0.0,0,0,1.0,0.0,0,0.0,0.0,0.0,0.0,0.0,1,1.0
f1b0fe95a5d43ce5,6,6b7e1f5b521de19b,,3670.681160310161,0,0.4657114,0.0,0.0,0.0,0.0,0,0,1.0,0.0,0,0.0,0.0,0.0,0.0,0.0,1,1.0
f1c9f20ecb5edd5a,0,6b7e1f5b521de19b,6f9a9c5f2856c8b3,1.170863568534039,0,0.01682852,0.0,0.0,0.0,0.0,0,0,1.0,0.0,0,0.0,0.0,0.0,0.0,0.0,1,1.0
f1cf699de82e3d78,3,6b7e1f5b521de19b,,5126.849721354915,231,0.013990879,2.5644606455040855e-17,0.0,0.0,0.0,0,0,1.0,0.0,0,0.0,0.0,0.0,140.0,0.589158245302154,1,0.25
f1d13b85f49ec18f,5,6b7e1f5b521de19b,28c9c64e5918b06e,1.170863568534039,0,0.06525801,0.0,0.0,0.0,0.0,0,0,1.0,0.0,0,0.0,0.0,0.0,0.0,0.0,1,1.0
f1df6d952f75c465,0,6b7e1f5b521de19b,6f9a9c5f2856c8b3,1.170863568534039,0,0.1341944,0.0,0.0,0.0,0.0,0,0,1.0,0.0,0,0.0,0.0,0.0,0.0,0.0,1,1.0
f1f27100a10bdb46,2,6b7e1f5b521de19b,6f9a9c5f2856c8b3,274582.5663460315,212,0.001027105,0.002588193928976015,-0.19801980198019803,-5.0,30.0,1,-1,1.7110554763224322,0.0,0,0.0,0.5498925947877077,2.0623343420255575,66.0,1.3494358880295745,3,0.3333333333333333
f1ff25582dd66a2d,0,6b7e1f5b521de19b,6f9a9c5f2856c8b3,467015.81419022416,622,0.005196349,0.02449901119494089,-0.3468924972004479,-6.375,37.0,1,0,5.120241985472756e-11,0.0,0,0.0,0.16583930932340418,-0.2277897459961822,113.0,1.783099539367329,9,0.5365853658536586
f2003bef64049657,5,6b7e1f5b521de19b,6f9a9c5f2856c8b3,1.170863568534039,0,0.7826354,0.0,0.0,0.0,0.0,0,0,1.0,0.0,0,0.0,0.0,0.0,0.0,0.0,1,1.0
f208d07a11a81690,0,6b7e1f5b521de19b,6f9a9c5f2856c8b3,115819.60805984017,0,0.088598356,0.0,0.0,0.0,0.0,0,0,1.0,0.0,0,0.0,0.9999797814592439,98917.1072606523,0.0,0.0,2,1.0
f210de76a15e7989,0,6b7e1f5b521de19b,6f9a9c5f2856c8b3,278959.05059227353,0,0.7795501,0.0,0.0,0.0,0.0,0,0,1.0,0.0,0,0.0,0.0,0.0,0.0,0.0,1,1.0
f213f4d121953acb,2,6b7e1f5b521de19b,d4f34f97b6d22a81,1.170863568534039,0,0.017156081,0.0,0.0,0.0,0.0,0,0,1.0,0.0,0,0.0,0.0,0.0,0.0,0.0,1,1.0
f232ad73a9f394a6,2,6b7e1f5b521de19b,,65802.6605360047,0,0.047083832,0.0,0.0,0.0,0.0,0,0,1.0,0.0,0,0.0,0.0,0.0,0.0,0.0,1,1.0
f236d0a1495a727f,2,6b7e1f5b521de19b,6f9a9c5f2856c8b3,267.88962019042316,0,0.06782852,0.0,0.0,0.0,0.0,0,0,1.0,0.0,0,0.0,0.0,0.0,0.0,0.0,1,1.0
f245cabab58196ba,2,6b7e1f5b521de19b,,425133.94597307645,266,0.040939815,-2.0393520277743905e-17,0.0,0.0,0.0,0,0,1.0,0.0,0,0.0,0.21668093340691116,-0.3779243372236579,136.0,1.802826594484827,6,0.6
f24bfcb7eae560bb,3,6b7e1f5b521de19b,d4f34f97b6d22a81,7660.581780490207,0,0.14499816,0.0,0.0,0.0,0.0,0,0,1.0,0.0,0,0.0,0.0,0.0,0.0,0.0,1,1.0
f274717b78aaf7de,3,6b7e1f5b521de19b,,19623.72126185764,0,0.01883769,0.0,0.0,0.0,0.0,0,0,1.0,0.0,0,0.0,0.0,0.0,0.0,0.0,1,1.0
f27d30b51252e2d0,5,6b7e1f5b521de19b,d4f34f97b6d22a81,1.170863568534039,0,0.09834025,0.0,0.0,0.0,0.0,0,0,1.0,0.0,0,0.0,0.0,0.0,0.0,0.0,1,1.0
f2840cce1d40ca4a,3,6b7e1f5b521de19b,,3202.7203213536054,0,0.00021653084,0.0,0.0,0.0,0.0,0,0,1.0,0.0,0,0.0,0.0,0.0,0.0,0.0,1,1.0
f29752a1cd04f8a8,5,6b7e1f5b521de19b,6f9a9c5f2856c8b3,1060.8669669680157,0,0.022482708,0.0,0.0,0.0,0.0,0,0,1.0,0.0,0,0.0,0.0,0.0,0.0,0.0,1,1.0
f2994747ba87f3d7,4,6828ce51082c111b,28c9c64e5918b06e,1.170863568534039,0,0.15774931,0.0,0.0,0.0,0.0,0,0,1.0,0.0,0,0.0,0.0,0.0,0.0,0.0,1,1.0
f2a1790d25723a0d,2,6b7e1f5b521de19b,6f9a9c5f2856c8b3,1306.5435206718141,958,0.0003918391,-1.7251471733875867e-18,0.0,0.0,0.0,0,0,1.0,0.0,0,0.0,0.22919933174424537,1114.8802406907673,249.0,1.2677658226643134,4,0.05
f2b8a527d4fe0835,2,6b7e1f5b521de19b,,35845.270270304114,338,0.0005004692,-1.2250013460333674e-17,0.0,0.0,0.0,0,0,1.0,0.0,0,0.0,0.5773251244110935,30613.38687957779,151.0,1.1359945098607285,3,0.125
f2bbc44ed992e054,1,6b7e1f5b521de19b,6f9a9c5f2856c8b3,48615.20615323649,13,0.37709913,-2.5501196146747915e-15,0.0,0.0,0.0,0,0,1.0,0.0,0,0.0,0.11307299587259949,0.07029282439787385,7.0,0.8804248568259921,4,0.2
f2bc7a91fe278386,3,6b7e1f5b521de19b,d4f34f97b6d22a81,10473.765053251393,0,0.024199823,0.0,0.0,0.0,0.0,0,0,1.0,0.0,0,0.0,0.0,0.0,0.0,0.0,1,1.0
f2c112cbbf784b2c,2,6b7e1f5b521de19b,6f9a9c5f2856c8b3,546152.7884906246,0,0.54060507,0.0,0.0,0.0,0.0,0,0,1.0,0.0,0,0.0,0.0,0.0,0.0,0.0,1,1.0
f2c9f383e578cdde,3,6b7e1f5b521de19b,,2.4198904513070483,682,0.0006335956,-5.024601840503615e-19,0.0,0.0,0.0,0,0,1.0,0.0,0,0.0,0.0,0.0,465.0,1.6410723305751551,2,0.375
f2ce4f2f7f97b6cb,0,6b7e1f5b521de19b,6f9a9c5f2856c8b3,39105.036086486834,2,0.995802,17.200000000000006,-44.0,59.0,0.0,0,1,0.1685187034823412,3.0,0,1.5,0.40823973817824133,33397.45660707308,2.0,2.2360679707915856,7,0.2857142857142857
f2edab0d8e7f988a,0,6b7e1f5b521de19b,e72348f2c1467542,12.08550221646412,0,0.052792367,0.0,0.0,0.0,0.0,0,0,1.0,0.0,0,0.0,0.0,0.0,0.0,0.0,1,1.0
f2fb9072d4d94f9d,2,6b7e1f5b521de19b,,89664.46366676311,0,0.0033231543,0.0,0.0,0.0,0.0,0,0,1.0,0.0,0,0.0,0.0,0.0,0.0,0.0,1,1.0
f30c1e6e120fd9e7,3,6b7e1f5b521de19b,,9648.963805727817,0,0.0001996863,0.0,0.0,0.0,0.0,0,0,1.0,0.0,0,0.0,0.0,0.0,0.0,0.0,1,1.0
f3152142ff23ad52,3,6b7e1f5b521de19b,,29324.531411075328,0,0.0030664576,0.0,0.0,0.0,0.0,0,0,1.0,0.0,0,0.0,0.0,0.0,0.0,0.0,1,1.0
f31b4d5e8125b17b,3,6b7e1f5b521de19b,,89664.46366676311,0,0.0018998312,0.0,0.0,0.0,0.0,0,0,1.0,0.0,0,0.0,0.0,0.0,0.0,0.0,1,1.0
f3259c27002e80ce,2,6b7e1f5b521de19b,6f9a9c5f2856c8b3,270.4411873165172,0,0.051162686,0.0,0.0,0.0,0.0,0,0,1.0,0.0,0,0.0,0.0,0.0,0.0,0.0,1,1.0
f3280dde5376f0fc,5,6b7e1f5b521de19b,6f9a9c5f2856c8b3,4094562.1997242793,0,0.5066424,0.0,0.0,0.0,0.0,0,0,1.0,0.0,0,0.0,0.0,0.0,0.0,0.0,1,1.0
f337cf5b5ad5e558,3,6b7e1f5b521de19b,d4f34f97b6d22a81,3554.6445803419124,0,0.099764034,0.0,0.0,0.0,0.0,0,0,1.0,0.0,0,0.0,0.0,0.0,0.0,0.0,2,1.0
f340af096ae5bedd,5,6b7e1f5b521de19b,d4f34f97b6d22a81,38234.67334502552,89,0.0026804656,-0.22471910112359542,30.0,-30.0,30.0,0,-1,1.0,0.0,0,0.0,0.0,0.0,89.0,1.4142135623254248,3,0.25
f34b9b86dde01455,2,6b7e1f5b521de19b,,11485.134609700683,0,0.0020022744,0.0,0.0,0.0,0.0,0,0,1.0,0.0,0,0.0,0.0,0.0,0.0,0.0,1,1.0
f354170de281f9d0,2,6b7e1f5b521de19b,,1.170863568534039,376,0.0001290604,-8.409230460921735e-19,0.0,0.0,0.0,0,0,1.0,0.0,0,0.0,0.0,0.0,285.0,0.5159574468057662,1,0.3333333333333333
f38a5346cddad483,3,6b7e1f5b521de19b,,9648.963805727817,381,5.5179444e-05,6.296522709876897e-19,0.0,0.0,0.0,0,0,1.0,0.0,0,0.0,1.885165537117964e-16,0.0,100.0,0.2613361456741374,1,0.16666666666666666
f3a19a89c254f352,1,6b7e1f5b521de19b,d4f34f97b6d22a81,37548.2802005653,0,0.99647766,0.0,0.0,0.0,0.0,0,0,1.0,0.0,0,0.0,0.0,0.0,0.0,0.0,1,1.0
f3a870b9dac3a772,4,38080774be85927f,28c9c64e5918b06e,283.2325490853655,0,0.038341027,0.0,0.0,0.0,0.0,0,0,1.0,0.0,0,0.0,0.7027311304579329,240.9005567317995,0.0,0.0,3,1.0
f3aa0692d82ec2b1,2,6b7e1f5b521de19b,6f9a9c5f2856c8b3,98.49392076768089,33,0.00074091717,-6.497734504991349e-17,0.0,0.0,0.0,0,0,1.0,0.0,0,0.0,0.0,0.0,33.0,0.0,2,1.0
f3b7627b9b5c153c,2,6b7e1f5b521de19b,,18179.73727059817,0,0.025937935,0.0,0.0,0.0,0.0,0,0,1.0,0.0,0,0.0,0.0,0.0,0.0,0.0,1,1.0
f3b856a5804aa806,5,7b7c16a1b24ec3b8,28c9c64e5918b06e,46736.66439367049,46,0.057820518,5.767651523429228e-16,0.0,0.0,0.0,0,0,1.0,0.0,0,0.0,0.14683902391194928,-0.26379580340745523,25.0,1.153608622581842,3,0.14285714285714285
f3ca98c518e3d986,2,6b7e1f5b521de19b,6f9a9c5f2856c8b3,1.170863568534039,0,0.12869462,0.0,0.0,0.0,0.0,0,0,1.0,0.0,0,0.0,0.0,0.0,0.0,0.0,1,1.0
f3d5a83077b86526,2,6b7e1f5b521de19b,6f9a9c5f2856c8b3,139453.23795462475,74,0.022546072,3.449606463045513e-16,0.0,0.0,0.0,0,0,1.0,0.0,0,0.0,0.2627185331948493,3.253798798272137,50.0,1.8031301407911136,7,0.1111111111111111
f3ffde4f20e958cb,1,6b7e1f5b521de19b,,6766.394130610287,0,0.011834458,0.0,0.0,0.0,0.0,0,0,1.0,0.0,0,0.0,0.0,0.0,0.0,0.0,1,1.0
f40bee6d9b0c45ba,2,6b7e1f5b521de19b,6f9a9c5f2856c8b3,322.19821203079925,0,0.08188315,0.0,0.0,0.0,0.0,0,0,1.0,0.0,0,0.0,0.0,0.0,0.0,0.0,1,1.0
f422bb091c3b67b1,6,6b7e1f5b521de19b,,767.4627551854461,0,0.99760723,0.0,0.0,0.0,0.0,0,0,1.0,0.0,0,0.0,0.0,0.0,0.0,0.0,1,1.0
f42cc4a0e1eb8a45,0,6b7e1f5b521de19b,6f9a9c5f2856c8b3,4451.045132996835,0,0.11204672,0.0,0.0,0.0,0.0,0,0,1.0,0.0,0,0.0,0.9994740311025175,3800.5062152541777,0.0,0.0,2,1.0
f42fdd0ca62eb006,3,6b7e1f5b521de19b,d4f34f97b6d22a81,89651.35127364936,369,0.01368485,-0.029463636290037024,-0.1712667863110341,0.0,15.0,1,0,1.377060745128563e-10,1.0,0,0.0027100271002710027,0.3485792116091987,3.059546868833359,78.0,1.482605275747475,5,0.4166666666666667
f45380d451e8f278,3,6b7e1f5b521de19b,,30590.180234793042,20,0.07057681,0.8340353833192933,-2.3076923076923075,30.0,0.0,0,0,1.0,0.0,0,0.0,0.5773208048422575,26125.169655353602,13.0,0.7968688724059311,2,0.25
f45c35fc672c6e71,3,6b7e1f5b521de19b,,54608.54408792734,0,0.10100515,0.0,0.0,0.0,0.0,0,0,1.0,0.0,0,0.0,0.0,0.0,0.0,0.0,1,1.0
f4647f5053ca2ae3,3,6b7e1f5b521de19b,,1.170863568534039,0,0.0016860217,0.0,0.0,0.0,0.0,0,0,1.0,0.0,0,0.0,0.0,0.0,0.0,0.0,1,1.0
f46761b2c3b50bc5,4,6828ce51082c111b,28c9c64e5918b06e,1.170863568534039,0,0.909445,0.0,0.0,0.0,0.0,0,0,1.0,0.0,0,0.0,0.0,0.0,0.0,0.0,1,1.0
f473d8b03ee81fd2,0,674ec33189ed753c,,6231775.0330267055,44,0.056698184,0.3358778625954199,0.606060606060606,20.0,0.0,0,1,1.0,0.0,0,0.0,0.2319569674769556,-0.30767512351017295,26.0,0.5576292793431298,2,0.5
f477e0a5eda052f5,3,6b7e1f5b521de19b,,35845.270270304114,5,0.0024829782,3.1159768903778336e-16,0.0,0.0,0.0,0,0,1.0,0.0,0,0.0,0.2551212706758788,0.6850008212944396,4.0,1.0198039021066745,4,0.5
f48512ee5a6cb1c0,3,6b7e1f5b521de19b,,4786.163932679293,0,0.021427305,0.0,0.0,0.0,0.0,0,0,1.0,0.0,0,0.0,0.0,0.0,0.0,0.0,1,1.0
f4869d7ee058c364,2,6b7e1f5b521de19b,6f9a9c5f2856c8b3,87301.76813805189,0,0.001440377,0.0,0.0,0.0,0.0,0,0,1.0,0.0,0,0.0,0.9999731769953469,74560.86227346426,0.0,0.0,2,1.0
f488db2bae805ef6,0,6b7e1f5b521de19b,,1.170863568534039,0,0.0477009,0.0,0.0,0.0,0.0,0,0,1.0,0.0,0,0.0,0.0,0.0,0.0,0.0,1,1.0
f4d702fe1588b627,5,6b7e1f5b521de19b,6f9a9c5f2856c8b3,187060.70247741282,120,0.09877683,0.4395516838414959,0.5319148936170213,50.0,0.0,0,1,1.0206207261588158,0.0,0,0.0,0.030963642081522226,0.06484362737764252,92.0,1.2409673645577202,2,0.4
f4da1fa67b11c05e,1,6b7e1f5b521de19b,,5111.753231356417,71,0.0010351327,-3.0200737840100634e-17,0.0,0.0,0.0,0,0,1.0,0.0,0,0.0,0.0,0.0,71.0,0.0,2,1.0
f4e25e4f56b73382,2,6b7e1f5b521de19b,6f9a9c5f2856c8b3,84057.4669200855,0,0.122921996,0.0,0.0,0.0,0.0,0,0,1.0,0.0,0,0.0,0.0,0.0,0.0,0.0,2,1.0
f4fa3eeedbb7f258,2,6b7e1f5b521de19b,,9460658.651200624,0,0.14096588,0.0,0.0,0.0,0.0,0,0,1.0,0.0,0,0.0,0.0,0.0,0.0,0.0,2,1.0
f5177ef63bece0f1,2,38080774be85927f,28c9c64e5918b06e,2388.361505566673,0,0.084906854,0.0,0.0,0.0,0.0,0,0,1.0,0.0,0,0.0,0.0,0.0,0.0,0.0,1,1.0
f527d0360ef4cfe7,3,6b7e1f5b521de19b,,2.4198904513070483,0,0.0016860217,0.0,0.0,0.0,0.0,0,0,1.0,0.0,0,0.0,0.0,0.0,0.0,0.0,1,1.0
f53417fe8a68ed31,5,6b7e1f5b521de19b,6f9a9c5f2856c8b3,112317.00731183944,2,0.00016623887,0.0,0.0,0.0,0.0,0,0,1.0,0.0,0,0.0,0.0,0.0,2.0,0.0,2,1.0
f53932424f2c519d,2,6b7e1f5b521de19b,6f9a9c5f2856c8b3,402.30990269413684,0,0.05493769,0.0,0.0,0.0,0.0,0,0,1.0,0.0,0,0.0,0.0,0.0,0.0,0.0,1,1.0
f53ac414b8fa414d,4,4dcb7378104041b8,28c9c64e5918b06e,1.170863568534039,0,0.009859185,0.0,0.0,0.0,0.0,0,0,1.0,0.0,0,0.0,0.0,0.0,0.0,0.0,1,1.0
f54df80b5cc122c3,0,6b7e1f5b521de19b,6f9a9c5f2856c8b3,1.170863568534039,0,0.1732263,0.0,0.0,0.0,0.0,0,0,1.0,0.0,0,0.0,0.0,0.0,0.0,0.0,1,1.0
f55e9df905c7795a,1,6b7e1f5b521de19b,,55492.25906620081,252,0.109764375,0.22311035987676195,-0.5408163265306123,53.0,0.0,0,0,4.0927427796901255e-11,0.0,0,0.0,0.3730103392404161,-0.40530009788224636,49.0,0.8417563731914341,3,0.13333333333333333
f5947374e86cd9f1,0,6b7e1f5b521de19b,,9052.165828557914,52,0.035421602,0.39326904896955944,-0.5882352941176471,30.0,0.0,0,0,7.378647873181773e-11,0.0,0,0.0,0.6772329416060547,7730.187536983096,50.0,2.1334889610397765,4,0.5714285714285714
f59f6e2095a19ed2,2,6b7e1f5b521de19b,6f9a9c5f2856c8b3,23827.007738747958,0,0.9979176,0.0,0.0,0.0,0.0,0,0,1.0,1.0,0,0.0,0.16970341642642509,0.40908485233122555,0.0,0.0,3,1.0
f5b407e5732f9fab,5,6b7e1f5b521de19b,6f9a9c5f2856c8b3,382963.3105655866,673,0.0014974161,0.04864826116671148,-0.19305019305019305,37.5,0.0,0,0,5.938574463832039e-11,1.0,0,0.0014858841010401188,0.0894868109849796,0.3261501469187353,142.0,1.2967852910396007,3,0.08695652173913043
f5c3f39a126097d2,3,6b7e1f5b521de19b,,5083.8994500666495,76,0.00041747908,-0.20106031809542868,-0.3389830508474576,-20.0,20.0,0,-1,1.24999999996875,0.0,0,0.0,0.4082113477967441,-0.5486671008342386,39.0,1.4001879571418754,5,0.2
f5d71634854bf31d,0,6b7e1f5b521de19b,,487480.5206381472,0,0.61346227,0.0,0.0,0.0,0.0,0,0,1.0,0.0,0,0.0,0.0,0.0,0.0,0.0,3,1.0
f5e816ce117b0245,2,6b7e1f5b521de19b,6f9a9c5f2856c8b3,1705808.8466495008,248,0.0013169365,-0.059063262804346296,-0.5817210605172302,-16.25,60.0,2,-1,1.1789662378307557,0.0,0,0.0,0.38165163204341884,7.297568246475731,59.0,1.3549587119396083,6,0.2
f5f1652d369afea2,5,6b7e1f5b521de19b,6f9a9c5f2856c8b3,98.49392076768089,0,0.1360152,0.0,0.0,0.0,0.0,0,0,1.0,0.0,0,0.0,0.9765039662242045,83.12074934656873,0.0,0.0,2,1.0
f5fd8af998fe1794,2,6b7e1f5b521de19b,,1.170863568534039,0,0.0002270598,0.0,0.0,0.0,0.0,0,0,1.0,0.0,0,0.0,0.0,0.0,0.0,0.0,1,1.0
f5fe5e525a420eeb,0,e43bc3ffd79e75b6,,26534.76383683977,16,0.04268142,4.488467904634166e-16,0.0,0.0,0.0,0,0,1.0,0.0,0,0.0,0.027021793130622664,0.05704592797705319,16.0,1.7320508071358645,4,0.2
f61e5cebef5f84fc,6,6b7e1f5b521de19b,,1.170863568534039,0,0.037062764,0.0,-20.0,20.0,0.0,0,1,1.0,0.0,0,0.0,0.0,0.0,0.0,0.0,2,1.0
f626633685999e6e,5,6b7e1f5b521de19b,d4f34f97b6d22a81,33775.03923359714,16,0.75895333,0.9894117647058819,-2.0714285714285716,29.0,0.0,0,0,9.252695078453352e-11,2.0,0,0.125,0.9122503741012687,28845.263682014327,14.0,1.7047727115904907,4,0.6666666666666666
f650ab66031e7010,2,6b7e1f5b521de19b,6f9a9c5f2856c8b3,98.49392076768089,0,0.0166329,0.0,0.0,0.0,0.0,0,0,1.0,0.0,0,0.0,0.0,0.0,0.0,0.0,1,1.0
f659b19d0f7ee46a,2,6b7e1f5b521de19b,6f9a9c5f2856c8b3,468372.26782045857,0,0.2886329,0.0,0.0,0.0,0.0,0,0,1.0,0.0,0,0.0,0.04789322984355007,0.10897810674396477,0.0,0.0,3,1.0
f678ba02f5f6429f,4,062b9e5a52eb6d8e,28c9c64e5918b06e,159182.70963999128,184,0.005666468,1.0027073808417012e-17,0.0,0.0,0.0,0,0,1.0,0.0,0,0.0,0.380611372341936,135952.2518714315,76.0,1.5007677618199409,4,0.2857142857142857
f693b8253ce471e8,4,e366e0e543d0c5cd,d4f34f97b6d22a81,1.170863568534039,0,0.0016277257,0.0,0.0,0.0,0.0,0,0,1.0,0.0,0,0.0,0.0,0.0,0.0,0.0,1,1.0
f69636a627bc0a08,0,6b7e1f5b521de19b,6f9a9c5f2856c8b3,126444.75459419061,355,0.021973157,-0.029896340914538275,-0.1271186440677966,-15.0,15.0,0,0,1.4444444442358024e-10,0.0,0,0.0,2.3017032655991746e-16,0.0,217.0,2.027204387124554,5,0.46153846153846156
f6972aa6c69ae43b,3,062b9e5a52eb6d8e,,1.170863568534039,0,0.00065893884,0.0,0.0,0.0,0.0,0,0,1.0,0.0,0,0.0,0.0,0.0,0.0,0.0,1,1.0
f698325760c8b487,3,6b7e1f5b521de19b,d4f34f97b6d22a81,1351.32831267334,0,0.0022797924,0.0,0.0,0.0,0.0,0,0,1.0,0.0,0,0.0,0.0,0.0,0.0,0.0,2,1.0
f69fa4037b56be65,6,6b7e1f5b521de19b,,927348.730252386,250,0.0021133963,-0.10272155073378308,0.12669189813329912,-25.0,25.0,2,-1,1.103790246007086,2.0,1,-0.004,0.8041407132647591,792020.1672598696,103.0,1.166437310751385,3,0.2222222222222222
f6a43c1dfbe267ae,3,6b7e1f5b521de19b,,19623.72126185764,8,0.4076816,3.3495440729483286,-5.8,29.0,0.0,0,0,7.314897735877483e-11,3.0,0,0.375,0.7790514718273455,16759.04087002827,4.0,1.0155047999448044,5,0.16666666666666666
f6bd917d954e93ae,0,9cd083484517be1d,,8290.869253090716,0,0.9999174,0.0,0.0,0.0,0.0,0,0,1.0,0.0,0,0.0,0.0,0.0,0.0,0.0,1,1.0
f6c43580dccac10b,3,6b7e1f5b521de19b,,147782.212188992,0,0.00215637,0.0,0.0,0.0,0.0,0,0,1.0,0.0,0,0.0,0.0,0.0,0.0,0.0,1,1.0
f6ebedf7d7077d17,3,6b7e1f5b521de19b,d4f34f97b6d22a81,53912.01539425735,449,0.0018129495,0.04356123893744336,0.03378076062639821,20.0,0.0,0,0,1.3171711197027904e-10,0.0,0,0.0,0.7118791836042603,-0.8009171899606932,121.0,0.989806729854409,3,0.25
f6f0cb26d2793536,2,6b7e1f5b521de19b,6f9a9c5f2856c8b3,361.29574083874047,0,0.10770137,0.0,0.0,0.0,0.0,0,0,1.0,0.0,0,0.0,0.7036750238895706,307.57202371672986,0.0,0.0,3,1.0
f7227134b7b14a2d,2,6b7e1f5b521de19b,6f9a9c5f2856c8b3,1.170863568534039,0,0.6012821,0.0,0.0,0.0,0.0,0,0,1.0,0.0,0,0.0,0.0,0.0,0.0,0.0,1,1.0
f72284175aaef247,4,7b7c16a1b24ec3b8,28c9c64e5918b06e,1223.523716952242,0,0.017381487,0.0,0.0,0.0,0.0,0,0,1.0,0.0,0,0.0,0.0,0.0,0.0,0.0,1,1.0
f727434553e30ef3,2,6b7e1f5b521de19b,,5655.969519442425,0,0.004285621,0.0,0.0,0.0,0.0,0,0,1.0,0.0,0,0.0,0.0,0.0,0.0,0.0,1,1.0
f7399f253e8cc614,5,6b7e1f5b521de19b,d4f34f97b6d22a81,351627.12953203905,38,0.0063420283,-5.64276943854512e-17,0.0,0.0,0.0,0,0,1.0,0.0,0,0.0,0.0,0.0,38.0,0.0,2,1.0
f75d6a5ed95d3bde,2,6b7e1f5b521de19b,6f9a9c5f2856c8b3,1832.7101424712498,0,0.19723392,0.0,0.0,0.0,0.0,0,0,1.0,0.0,0,0.0,0.0,0.0,0.0,0.0,2,1.0
f7672e5d4f122799,0,6828ce51082c111b,,1064506.8667509402,0,0.0033827624,0.0,0.0,0.0,0.0,0,0,1.0,0.0,0,0.0,0.0,0.0,0.0,0.0,1,1.0
f76a367c5f9475e8,5,cca8e68b78e095c5,28c9c64e5918b06e,35323.80641959515,0,0.7970602,0.0,0.0,0.0,0.0,0,0,1.0,0.0,0,0.0,0.0,0.0,0.0,0.0,4,1.0
f76c5eadd84dde35,2,6b7e1f5b521de19b,,4666113.343469918,0,0.0026454472,0.0,0.0,0.0,0.0,0,0,1.0,0.0,0,0.0,0.0,0.0,0.0,0.0,2,1.0
f77188b1185be9c8,5,6b7e1f5b521de19b,d4f34f97b6d22a81,1.170863568534039,0,0.8819825,0.0,0.0,0.0,0.0,0,0,1.0,0.0,0,0.0,0.0,0.0,0.0,0.0,1,1.0
f773d6a65b666585,2,6b7e1f5b521de19b,6f9a9c5f2856c8b3,98.49392076768089,34,0.0016354596,-6.30662466660925e-17,0.0,0.0,0.0,0,0,1.0,0.0,0,0.0,0.0,0.0,34.0,0.0,2,1.0
f77ed55071929234,3,6b7e1f5b521de19b,d4f34f97b6d22a81,120208.22079270925,36,0.028572569,0.1905280348394116,-1.0,10.0,0.0,0,0,1.809068067139309e-10,0.0,0,0.0,0.07927712585964997,0.2335612358141923,13.0,1.2638125736224266,5,0.25
f77f45ffda2b27a1,3,6b7e1f5b521de19b,,2.4198904513070483,0,0.0016860217,0.0,0.0,0.0,0.0,0,0,1.0,0.0,0,0.0,0.0,0.0,0.0,0.0,1,1.0
f79b98681cab2a34,1,6b7e1f5b521de19b,,3417.1203705856933,0,0.0869684,0.0,0.0,0.0,0.0,0,0,1.0,0.0,0,0.0,0.0,0.0,0.0,0.0,1,1.0
f79d66b9e74211df,2,6b7e1f5b521de19b,6f9a9c5f2856c8b3,264.11418569428724,0,0.057225544,0.0,0.0,0.0,0.0,0,0,1.0,0.0,0,0.0,0.0,0.0,0.0,0.0,1,1.0
f79fef6a73809145,3,6b7e1f5b521de19b,d4f34f97b6d22a81,20294.979748195467,0,0.07150643,0.0,0.0,0.0,0.0,0,0,1.0,0.0,0,0.0,0.0,0.0,0.0,0.0,1,1.0
f7aa2204e7459ccb,0,fd10c5543bdbcbc9,,263999.29512211593,0,0.052053705,0.0,0.0,0.0,0.0,0,0,1.0,0.0,0,0.0,0.0,0.0,0.0,0.0,1,1.0
f7c55f6a27efe4a6,6,6b7e1f5b521de19b,,160135.51540490508,0,0.99560505,0.0,0.0,0.0,0.0,0,0,1.0,0.0,0,0.0,0.0,0.0,0.0,0.0,1,1.0
f7d30e48188e35a0,3,6b7e1f5b521de19b,,27512.41339013049,0,0.9903008,0.0,0.0,0.0,0.0,0,0,1.0,0.0,0,0.0,0.0,0.0,0.0,0.0,1,1.0
f7f59541adde6b61,2,6b7e1f5b521de19b,6f9a9c5f2856c8b3,1671.408764877286,0,0.6550952,0.0,0.0,0.0,0.0,0,0,1.0,0.0,0,0.0,0.0,0.0,0.0,0.0,1,1.0
f804a42e9b02d383,2,6b7e1f5b521de19b,6f9a9c5f2856c8b3,2471.5584261267168,0,0.07703707,0.0,0.0,0.0,0.0,0,0,1.0,0.0,0,0.0,0.0,0.0,0.0,0.0,1,1.0
f81ad0ce032e2162,5,6b7e1f5b521de19b,,1.170863568534039,0,0.003383288,0.0,0.0,0.0,0.0,0,0,1.0,0.0,0,0.0,0.0,0.0,0.0,0.0,1,1.0
f81d6b67d7b2bfad,0,6b7e1f5b521de19b,6f9a9c5f2856c8b3,1.170863568534039,0,0.9759822,0.0,0.0,0.0,0.0,0,0,1.0,0.0,0,0.0,0.0,0.0,0.0,0.0,1,1.0
f823adc023a0db97,3,6b7e1f5b521de19b,,50743.49206519612,0,0.45007685,0.0,0.0,0.0,0.0,0,0,1.0,0.0,0,0.0,0.0,0.0,0.0,0.0,1,1.0
f836f0adfb69c15b,3,6b7e1f5b521de19b,,11576.129437233365,0,0.2557656,0.0,0.0,0.0,0.0,0,0,1.0,0.0,0,0.0,0.0,0.0,0.0,0.0,1,1.0
f839224076fc0574,3,6b7e1f5b521de19b,,506967.59952288936,0,0.052971393,0.0,0.0,0.0,0.0,0,0,1.0,0.0,0,0.0,0.0,0.0,0.0,0.0,1,1.0
f858e20785598b63,3,6b7e1f5b521de19b,,2.4198904513070483,0,0.014298705,0.0,0.0,0.0,0.0,0,0,1.0,0.0,0,0.0,0.0,0.0,0.0,0.0,1,1.0
f85a2fe3bba35c6c,6,6b7e1f5b521de19b,,613075.7543652449,207,0.9998055,0.2959749721188247,-0.29541446208112876,50.0,0.0,0,1,0.104972776253877,0.0,0,0.0,0.4458353657412746,0.16248173946451078,96.0,1.1280788033880493,2,0.375
f863791e88ff4a2e,5,6b7e1f5b521de19b,6f9a9c5f2856c8b3,1.170863568534039,0,0.25419015,0.0,0.0,0.0,0.0,0,0,1.0,0.0,0,0.0,0.0,0.0,0.0,0.0,2,1.0
f86d23364b3e1303,5,6b7e1f5b521de19b,6f9a9c5f2856c8b3,1183415.278081473,1053,0.022343101,-0.0003324484739021162,0.0761003107610031,0.0,20.0,1,1,1.010362971080798,1.0,1,0.0,0.4735374699651436,1.304457307249573,548.0,1.1487182784570562,3,0.42857142857142855
f8755861970225b2,3,6b7e1f5b521de19b,,1.170863568534039,0,0.00061314367,0.0,0.0,0.0,0.0,0,0,1.0,0.0,0,0.0,0.0,0.0,0.0,0.0,1,1.0
f87cecb3dc713e5d,2,6b7e1f5b521de19b,,271714.27236091055,196,0.00088958524,-0.09556684885096045,-0.3294573643410853,-25.0,25.0,0,-1,0.4670993665543989,1.0,1,-0.00510204081632653,0.3779626116229755,0.0,90.0,1.3407984653380727,3,0.5
f88e6b3fbd40bd6e,3,6b7e1f5b521de19b,d4f34f97b6d22a81,25057.983364846474,0,0.0019571064,0.0,0.0,0.0,0.0,0,0,1.0,0.0,0,0.0,0.0,0.0,0.0,0.0,1,1.0
f8a0e4c69bdc2c40,6,6b7e1f5b521de19b,6f9a9c5f2856c8b3,78849.88064113903,213,0.0022146273,-0.04847592142723661,0.0,-15.0,30.0,1,0,1.4433756729248004,0.0,0,0.0,0.04980126407083273,-0.1132256037893022,59.0,0.9075495038257098,4,0.3
f8b1ae3ccfafe4be,2,6b7e1f5b521de19b,6f9a9c5f2856c8b3,1.170863568534039,87,0.0058118263,-5.697110901181653e-17,0.0,0.0,0.0,0,0,1.0,0.0,0,0.0,1.8964174025279222e-16,0.0,33.0,1.9505377974356866,7,0.34782608695652173
f8b46f9c49f1cfc3,4,255414ab73601d72,28c9c64e5918b06e,1.170863568534039,0,0.00021082355,0.0,-10.0,-10.0,10.0,0,-1,1.0,0.0,0,0.0,0.0,0.0,0.0,0.0,3,1.0
f8b791bf30016e24,3,6b7e1f5b521de19b,6f9a9c5f2856c8b3,667188.932432704,0,0.00017110659,0.0,0.0,0.0,0.0,0,0,1.0,0.0,0,0.0,0.7071049198138468,569825.3660795657,0.0,0.0,3,1.0
f8c0b1c60144d445,0,6b7e1f5b521de19b,6f9a9c5f2856c8b3,1.170863568534039,0,0.014465095,0.0,0.0,0.0,0.0,0,0,1.0,0.0,0,0.0,0.0,0.0,0.0,0.0,1,1.0
f8c607159ae25932,0,6b7e1f5b521de19b,6f9a9c5f2856c8b3,1.170863568534039,0,0.014465095,0.0,0.0,0.0,0.0,0,0,1.0,0.0,0,0.0,0.0,0.0,0.0,0.0,1,1.0
f8d576ca81b0f9bd,4,6ab36d9b02cbcf6b,28c9c64e5918b06e,718459.9479446962,0,0.025184594,0.0,0.0,0.0,0.0,0,0,1.0,0.0,0,0.0,0.0,0.0,0.0,0.0,1,1.0
f8dba527346dc5b4,2,6b7e1f5b521de19b,6f9a9c5f2856c8b3,1.170863568534039,0,0.038349554,0.0,0.0,0.0,0.0,0,0,1.0,0.0,0,0.0,0.0,0.0,0.0,0.0,1,1.0
f8eef089e3105010,5,6b7e1f5b521de19b,6f9a9c5f2856c8b3,1060.8669669680157,0,0.0878764,0.0,0.0,0.0,0.0,0,0,1.0,0.0,0,0.0,0.0,0.0,0.0,0.0,1,1.0
f908a9d34c2ba256,2,6b7e1f5b521de19b,d4f34f97b6d22a81,1.170863568534039,0,0.046356644,0.0,0.0,0.0,0.0,0,0,1.0,0.0,0,0.0,0.0,0.0,0.0,0.0,1,1.0
f90f628a340e6d82,3,6b7e1f5b521de19b,,1.170863568534039,0,0.0009915659,0.0,0.0,0.0,0.0,0,0,1.0,0.0,0,0.0,0.0,0.0,0.0,0.0,1,1.0
f913db47e28f7e0c,3,6b7e1f5b521de19b,d4f34f97b6d22a81,22962.31400177536,49,0.00085616333,-3.390067805436708e-17,0.0,0.0,0.0,0,0,1.0,0.0,0,0.0,0.0,0.0,29.0,0.9242442345551027,3,0.2
f920f2b4614b0de0,0,6b7e1f5b521de19b,6f9a9c5f2856c8b3,110632.447126631,0,0.23050986,0.0,0.0,0.0,0.0,0,0,1.0,0.0,0,0.0,0.5773421221401861,94486.90627685733,0.0,0.0,4,1.0
f927aa5bebba2858,3,6b7e1f5b521de19b,d4f34f97b6d22a81,1533.6131436779021,0,0.0029843734,0.0,0.0,0.0,0.0,0,0,1.0,0.0,0,0.0,0.0,0.0,0.0,0.0,1,1.0
f93642e4252212d8,2,6b7e1f5b521de19b,6f9a9c5f2856c8b3,98.49392076768089,20,0.0020150074,-1.0721261933235725e-16,0.0,0.0,0.0,0,0,1.0,0.0,0,0.0,0.0,0.0,20.0,0.0,2,1.0
f937aa408ebaf2a7,0,6b7e1f5b521de19b,6f9a9c5f2856c8b3,1.170863568534039,0,0.5534296,0.0,0.0,0.0,0.0,0,0,1.0,0.0,0,0.0,0.0,0.0,0.0,0.0,1,1.0
f93b1a69acd5ccd3,3,6b7e1f5b521de19b,d4f34f97b6d22a81,77359.1375582819,64,0.000116896605,-6.595584585404171e-17,0.0,0.0,0.0,0,0,1.0,0.0,0,0.0,0.0,0.0,31.0,0.9259707742900062,3,0.14285714285714285
f94cd30a063b3779,5,6b7e1f5b521de19b,d4f34f97b6d22a81,1.170863568534039,0,0.08869925,0.0,0.0,0.0,0.0,0,0,1.0,0.0,0,0.0,0.0,0.0,0.0,0.0,1,1.0
f94df520f9365740,2,6b7e1f5b521de19b,d4f34f97b6d22a81,796.4699066600575,0,0.5695097,0.0,0.0,0.0,0.0,0,0,1.0,0.0,0,0.0,0.0,0.0,0.0,0.0,1,1.0
f95021df006dc8b7,0,6b7e1f5b521de19b,,263999.29512211593,448,0.00021072727,-0.06476233715734339,-0.10460251046025104,-25.0,25.0,0,-1,1.1067971810494766,0.0,0,0.0,0.19411375155600713,-0.3287797618104021,163.0,0.6328115158007872,1,0.2857142857142857
f96ea65212393d84,2,6b7e1f5b521de19b,6f9a9c5f2856c8b3,89274.76886326922,0,0.06283063,0.0,0.0,0.0,0.0,0,0,1.0,0.0,0,0.0,0.0,0.0,0.0,0.0,1,1.0
f97bd3a79b4805d9,5,6b7e1f5b521de19b,6f9a9c5f2856c8b3,746710.0243694199,63,0.0060245697,-0.091827364554637,0.0,0.0,20.0,1,0,1.082531754720232,0.0,0,0.0,0.0,0.0,23.0,0.5066949110634597,2,0.2
f98db0e904782fea,3,6b7e1f5b521de19b,,1.170863568534039,0,0.005495867,0.0,0.0,0.0,0.0,0,0,1.0,0.0,0,0.0,0.0,0.0,0.0,0.0,1,1.0
f99b1a6bc10dc4e3,5,6b7e1f5b521de19b,d4f34f97b6d22a81,1.170863568534039,0,0.032489747,0.0,0.0,0.0,0.0,0,0,1.0,0.0,0,0.0,0.0,0.0,0.0,0.0,1,1.0
f9baa5979f31e3c8,4,6b7e1f5b521de19b,d4f34f97b6d22a81,42677.99379534832,0,0.027833577,0.0,0.0,0.0,0.0,0,0,1.0,0.0,0,0.0,0.0,0.0,0.0,0.0,1,1.0
f9c066c49e1920f9,0,6b7e1f5b521de19b,6f9a9c5f2856c8b3,534.5463080854963,0,0.13365594,0.0,0.0,0.0,0.0,0,0,1.0,0.0,0,0.0,1.404961068196942,455.5402173668846,0.0,0.0,3,1.0
f9fac5987562d127,2,6b7e1f5b521de19b,6f9a9c5f2856c8b3,1.170863568534039,0,0.017324327,0.0,0.0,0.0,0.0,0,0,1.0,0.0,0,0.0,0.0,0.0,0.0,0.0,1,1.0
fa09386da9991233,2,6b7e1f5b521de19b,6f9a9c5f2856c8b3,865437.8840283368,293,0.030735515,-2.61562860526167e-17,0.0,0.0,0.0,0,0,1.0,2.0,1,-0.006825938566552901,0.0981292063577192,0.20105181469075858,179.0,0.9758645484301377,2,0.2
fa106b5e07a26a64,5,6b7e1f5b521de19b,6f9a9c5f2856c8b3,1.170863568534039,0,0.8819825,0.0,0.0,0.0,0.0,0,0,1.0,0.0,0,0.0,0.0,0.0,0.0,0.0,1,1.0
fa1c67319e94a5a7,4,ac6153076817c20f,28c9c64e5918b06e,283551.344504511,58,0.0015333213,8.666643304879446e-17,0.0,0.0,0.0,0,0,1.0,0.0,0,0.0,0.041437574216495486,0.10309533525436951,58.0,1.4142135622999463,2,0.5
fa29cd2c9cf478ca,1,6b7e1f5b521de19b,6f9a9c5f2856c8b3,2860033.8389475136,294,0.00031562612,0.020155698587427436,-0.03731343283582089,5.0,0.0,0,0,0.8660254038380286,0.0,0,0.0,0.5417957853920539,1.8630837186751694,160.0,1.2327011148087728,3,0.16666666666666666
fa4b871e382862f3,0,6b7e1f5b521de19b,6f9a9c5f2856c8b3,1.170863568534039,0,0.7875806,0.0,0.0,0.0,0.0,0,0,1.0,0.0,0,0.0,0.0,0.0,0.0,0.0,1,1.0
fa73a32cdf06c95f,3,6b7e1f5b521de19b,,5655.969519442425,272,0.01627401,-1.0234758987235341e-16,0.0,0.0,0.0,0,0,1.0,0.0,0,0.0,0.0,0.0,142.0,0.5691981558387978,1,0.5
fa9c63c421476b1a,3,6b7e1f5b521de19b,d4f34f97b6d22a81,36913.282803343434,0,0.028449519,0.0,0.0,0.0,0.0,0,0,1.0,0.0,0,0.0,0.0,0.0,0.0,0.0,1,1.0
faa965f618bac4da,2,6b7e1f5b521de19b,,13121.811050396169,0,0.15215707,0.0,0.0,0.0,0.0,0,0,1.0,0.0,0,0.0,0.0,0.0,0.0,0.0,1,1.0
fac08fd8bc03c586,2,6b7e1f5b521de19b,,30509.682944394142,0,0.14916201,0.0,0.0,0.0,0.0,0,0,1.0,0.0,0,0.0,0.0,0.0,0.0,0.0,1,1.0
fb0f8732452514f4,2,6b7e1f5b521de19b,6f9a9c5f2856c8b3,432554.17328471754,0,0.96033996,0.0,0.0,0.0,0.0,0,0,1.0,0.0,0,0.0,0.0,0.0,0.0,0.0,1,1.0
fb144df77db9552e,4,6828ce51082c111b,28c9c64e5918b06e,158646.32247147386,558,0.110344864,0.07247328324312347,0.13717532467532467,40.0,10.0,1,0,5.187564748770436e-11,2.0,1,0.0017921146953405018,0.43267832954351165,135494.13942952763,234.0,1.3783727208872212,3,0.5384615384615384
fb170860714ccfab,0,6b7e1f5b521de19b,6f9a9c5f2856c8b3,40882.782652931186,0,0.20637405,0.0,0.0,0.0,0.0,0,0,1.0,0.0,0,0.0,0.0,0.0,0.0,0.0,1,1.0
fb1eb516d5e9ab19,6,6b7e1f5b521de19b,,262190.543180081,0,0.99700874,0.0,80.0,80.0,0.0,0,1,1.0,1.0,0,0.0,1.414194616193755,223928.20082768693,0.0,0.0,3,1.0
fb5bcc223283830c,2,6b7e1f5b521de19b,6f9a9c5f2856c8b3,1.170863568534039,0,0.07102324,0.0,0.0,0.0,0.0,0,0,1.0,0.0,0,0.0,0.0,0.0,0.0,0.0,1,1.0
fb6f0eb99b67d48f,0,062b9e5a52eb6d8e,,1028.3146841294915,0,0.039780796,0.0,0.0,0.0,0.0,0,0,1.0,0.0,0,0.0,0.0,0.0,0.0,0.0,1,1.0
fb71463028195d60,5,6b7e1f5b521de19b,6f9a9c5f2856c8b3,1.170863568534039,0,0.002744077,0.0,-99.0,-99.0,99.0,0,-1,1.0,6.0,1,0.0,0.7069078240524941,-0.9998124038207746,0.0,0.0,3,1.0
fba6740adc1a4978,0,6b7e1f5b521de19b,6f9a9c5f2856c8b3,1.170863568534039,0,0.45553908,0.0,-49.0,49.0,0.0,0,1,1.0,0.0,0,0.0,0.0,0.0,0.0,0.0,3,1.0
fbb30cb9e5e7fbcf,5,6b7e1f5b521de19b,6f9a9c5f2856c8b3,1984.4818169065072,0,0.09856958,0.0,0.0,0.0,0.0,0,0,1.0,0.0,0,0.0,0.0,0.0,0.0,0.0,1,1.0
fbc3f6c8c8dfc468,0,bd661df59343798b,,9648.963805727817,0,0.07663181,0.0,0.0,0.0,0.0,0,0,1.0,0.0,0,0.0,0.0,0.0,0.0,0.0,1,1.0
fbc7822bbb4b28de,4,ac07a4f1ad9a4f67,28c9c64e5918b06e,23015.638586807516,0,0.003995125,0.0,0.0,0.0,0.0,0,0,1.0,0.0,0,0.0,0.0,0.0,0.0,0.0,1,1.0
fbd3f248f7f88e42,0,6b7e1f5b521de19b,6f9a9c5f2856c8b3,1.170863568534039,0,0.052805983,0.0,0.0,0.0,0.0,0,0,1.0,0.0,0,0.0,0.0,0.0,0.0,0.0,1,1.0
fbdf163ba81149e0,4,75c64824a2a4e380,28c9c64e5918b06e,1.170863568534039,0,0.009859185,0.0,0.0,0.0,0.0,0,0,1.0,0.0,0,0.0,0.0,0.0,0.0,0.0,1,1.0
fbe971796da8a83b,3,6b7e1f5b521de19b,,160971.91614520777,40,0.043431837,-8.119847570969573e-17,0.0,0.0,0.0,0,0,1.0,0.0,0,0.0,0.0,0.0,40.0,0.0,2,1.0
fbf5cea669bc23b1,3,6b7e1f5b521de19b,,2357482.063301993,84,0.14309494,0.24507493637477615,0.2597402597402597,20.0,0.0,0,1,1.0606601717733875,1.0,1,-0.011904761904761904,0.0,0.0,75.0,1.7388289383195696,4,0.3333333333333333
fc16343084b682b0,5,6b7e1f5b521de19b,6f9a9c5f2856c8b3,1.170863568534039,0,0.23185346,0.0,0.0,0.0,0.0,0,0,1.0,0.0,0,0.0,0.0,0.0,0.0,0.0,1,1.0
fc16592d2df77953,0,062b9e5a52eb6d8e,,2521022.25580936,1668,0.0017690986,0.002980304801925553,-0.02800067147893235,1.6666666666666679,10.0,3,-1,1.091410312643545,0.0,0,0.0,0.3515615501017446,1.122232837488212,377.0,0.8331823612793117,2,0.3888888888888889
fc1f09274068e5c4,0,062b9e5a52eb6d8e,,4729.803160858096,0,0.5908739,0.0,0.0,0.0,0.0,0,0,1.0,0.0,0,0.0,0.0,0.0,0.0,0.0,1,1.0
fc2707e711db6f49,3,6b7e1f5b521de19b,,108237.84289206557,40,0.077114776,6.70030648791626e-16,0.0,0.0,0.0,0,0,1.0,0.0,0,0.0,0.0,0.0,29.0,0.4499999999775,1,0.3333333333333333
fc2ca9a2860be756,6,6b7e1f5b521de19b,,4455954.241386304,0,0.023780571,0.0,0.0,0.0,0.0,0,0,1.0,0.0,0,0.0,0.0,0.0,0.0,0.0,2,1.0
fc3d48ee75f0c62c,2,6b7e1f5b521de19b,6f9a9c5f2856c8b3,119269.40040045764,0,0.41550478,0.0,10.0,10.0,0.0,0,1,1.0,0.0,0,0.0,0.01920032615242405,-0.03965332149117324,0.0,0.0,3,1.0
fc3e3a0eaa2d833a,4,e366e0e543d0c5cd,d4f34f97b6d22a81,1.170863568534039,0,0.0016277257,0.0,0.0,0.0,0.0,0,0,1.0,0.0,0,0.0,0.0,0.0,0.0,0.0,1,1.0
fc4a10c967cc7ab0,5,6b7e1f5b521de19b,6f9a9c5f2856c8b3,22392.973584580242,0,0.5034372,0.0,0.0,0.0,0.0,0,0,1.0,0.0,0,0.0,0.0,0.0,0.0,0.0,1,1.0
fc4ae6954d8d1a02,2,6b7e1f5b521de19b,6f9a9c5f2856c8b3,33410.72804667852,46,0.0037171976,3.825211750742717e-17,0.0,0.0,0.0,0,0,1.0,0.0,0,0.0,0.5773232922058849,28534.116254842476,35.0,1.7929182258589265,5,0.25
fc4b45efee475ca7,3,6b7e1f5b521de19b,,25102.753943361105,0,0.00021301831,0.0,0.0,0.0,0.0,0,0,1.0,0.0,0,0.0,0.0,0.0,0.0,0.0,1,1.0
fc4e95a3e081f5dd,6,6b7e1f5b521de19b,,346406.33538893465,146,0.27837482,0.23329217143222125,-0.6818181818181818,45.0,0.0,0,0,6.350528962367911e-11,0.0,0,0.0,0.19869954589965197,0.7541125236563753,46.0,0.7483013853800788,2,0.2857142857142857
fc7c5fe4e515a551,0,674ec33189ed753c,,1903037.2145069144,0,0.002480648,0.0,0.0,0.0,0.0,0,0,1.0,0.0,0,0.0,0.0,0.0,0.0,0.0,1,1.0
fc8164837673a261,6,6b7e1f5b521de19b,,48502.8796948733,307,0.006777778,-0.07296568685411589,-0.07644649257552483,-20.0,20.0,0,-1,1.0022792369115268,0.0,0,0.0,0.6977402908359027,-0.9073415812836049,131.0,0.621279470315804,2,0.2
fc83d97b56489bef,2,6b7e1f5b521de19b,,1187910.3043156844,0,0.015442376,0.0,-20.0,-20.0,20.0,0,-1,1.0,0.0,0,0.0,0.0,0.0,0.0,0.0,4,1.0
fc897eb7dbbbc00f,2,6b7e1f5b521de19b,6f9a9c5f2856c8b3,78357.18724264146,0,0.9351296,0.0,0.0,0.0,0.0,0,0,1.0,0.0,0,0.0,0.0,0.0,0.0,0.0,1,1.0
fc8a488a9746a829,3,6b7e1f5b521de19b,,76057.68653515907,0,0.08060484,0.0,0.0,0.0,0.0,0,0,1.0,0.0,0,0.0,0.0,0.0,0.0,0.0,1,1.0
fc8f7f9747b1f15e,5,6b7e1f5b521de19b,6f9a9c5f2856c8b3,64421.72423056767,57,0.0014597699,7.442179758863144e-17,0.0,0.0,0.0,0,0,1.0,0.0,0,0.0,1.2246892236238736,55019.69238624092,57.0,1.73205080744733,4,0.2
fc909fb5e256e8b1,3,6b7e1f5b521de19b,,1287.0828528119127,0,0.0034193518,0.0,0.0,0.0,0.0,0,0,1.0,0.0,0,0.0,0.0,0.0,0.0,0.0,1,1.0
fc943478c1b25325,3,6b7e1f5b521de19b,,11675.99327727772,755,0.0012805954,1.899039717944879e-17,0.0,0.0,0.0,0,0,1.0,0.0,0,0.0,1.5578883614857662e-16,0.0,116.0,0.8939681109152968,5,0.22727272727272727
fc9a3a2792261162,5,6b7e1f5b521de19b,6f9a9c5f2856c8b3,8719442.463525467,4,0.0010629081,0.06493506493506493,0.0,0.0,1.0,1,0,1.161895003427815,2.0,2,-0.5,0.9858267161757591,7447017.335742144,3.0,1.457737971889153,6,0.8333333333333334
fc9cd404891ab2e5,0,6b7e1f5b521de19b,6f9a9c5f2856c8b3,625.526894089311,0,0.008076625,0.0,0.0,0.0,0.0,0,0,1.0,0.0,0,0.0,0.0,0.0,0.0,0.0,1,1.0
fcac2d26c3cc823c,2,6b7e1f5b521de19b,6f9a9c5f2856c8b3,140831.76995593755,0,0.5339143,0.0,0.0,0.0,0.0,0,0,1.0,0.0,0,0.0,0.0,0.0,0.0,0.0,1,1.0
fcacfdc1a97ce459,3,6b7e1f5b521de19b,,19623.72126185764,0,0.4300115,0.0,0.0,0.0,0.0,0,0,1.0,0.0,0,0.0,0.0,0.0,0.0,0.0,1,1.0
fcaef9397306e075,5,6b7e1f5b521de19b,6f9a9c5f2856c8b3,1.170863568534039,0,0.20888413,0.0,0.0,0.0,0.0,0,0,1.0,0.0,0,0.0,0.0,0.0,0.0,0.0,1,1.0
fcdcce3b476cec0d,3,6b7e1f5b521de19b,d4f34f97b6d22a81,289294.5112739741,130,0.26128873,0.3941962386515501,-1.0869565217391304,51.5,29.0,3,0,4.379860749605073e-11,1.0,0,0.007692307692307693,0.218890453369289,247076.8996362323,34.0,1.7005394197831534,11,0.2
fce78a68296dcbdc,2,6b7e1f5b521de19b,,40966.8423659283,0,0.07288784,0.0,0.0,0.0,0.0,0,0,1.0,0.0,0,0.0,0.0,0.0,0.0,0.0,1,1.0
fce83bc482a2bc41,3,6b7e1f5b521de19b,,21273.147061594493,0,0.0014419085,0.0,0.0,0.0,0.0,0,0,1.0,0.0,0,0.0,0.0,0.0,0.0,0.0,1,1.0
fcea35dca02a5657,0,674ec33189ed753c,,870350.122287474,0,0.061288163,0.0,0.0,0.0,0.0,0,0,1.0,0.0,0,0.0,0.0,0.0,0.0,0.0,1,1.0
fcf010f20be4b5ea,4,1bb1bb990c53f4fc,28c9c64e5918b06e,1.170863568534039,0,0.0023241928,0.0,0.0,0.0,0.0,0,0,1.0,0.0,0,0.0,0.0,0.0,0.0,0.0,1,1.0
fd0104711136c293,3,6b7e1f5b521de19b,,80872.05936290111,82,0.0004902621,0.06407569315527882,-0.7692307692307693,10.0,0.0,0,0,1.0,0.0,0,0.0,0.4890173063584836,7.3814242639084044,69.0,1.090355753484846,2,0.25
fd0deaa3a2c47ef5,2,6b7e1f5b521de19b,6f9a9c5f2856c8b3,75598.54238248529,20,0.19603072,5.484621893960581e-16,0.0,0.0,0.0,0,0,1.0,0.0,0,0.0,0.5808426555041676,64565.48273473675,13.0,1.5475787535125634,7,0.125
fd19af9e62a88351,2,6b7e1f5b521de19b,6f9a9c5f2856c8b3,427.12649104082453,0,0.016788442,0.0,0.0,0.0,0.0,0,0,1.0,0.0,0,0.0,0.0,0.0,0.0,0.0,1,1.0
fd1ab4c99d7c77d8,3,6b7e1f5b521de19b,d4f34f97b6d22a81,16928.446291798304,0,0.019973714,0.0,0.0,0.0,0.0,0,0,1.0,0.0,0,0.0,0.0,0.0,0.0,0.0,1,1.0
fd1eef79c93351f8,6,6b7e1f5b521de19b,,1.170863568534039,1102,0.00036607444,0.012055610096542836,-0.052951532156021344,10.0,10.0,1,0,1.6669871483966796e-10,0.0,0,0.0,2.0936343266061654,-0.9999378441864455,167.0,0.8762685743815476,4,0.23529411764705882
fd2e9be36e0bce09,4,8f36933a863ddaa7,28c9c64e5918b06e,665734.6916195512,202,0.97992665,0.4758148180167719,0.480225988700565,85.0,0.0,0,1,1.1547005383750484,5.0,0,0.024752475247524754,0.427911553246386,568583.3419426514,140.0,1.6061133331845103,3,0.25
fd376c529a47be81,2,6b7e1f5b521de19b,d4f34f97b6d22a81,2325.2978958944414,506,0.00044156722,4.7121355441965024e-18,0.0,0.0,0.0,0,0,1.0,0.0,0,0.0,0.258403374738214,-0.49287137076726617,96.0,1.0357088888617785,3,0.21739130434782608
fd3a986910365057,3,6b7e1f5b521de19b,,1.170863568534039,0,0.026613684,0.0,0.0,0.0,0.0,0,0,1.0,0.0,0,0.0,0.0,0.0,0.0,0.0,1,1.0
fd3ede2b147540bb,1,6b7e1f5b521de19b,6f9a9c5f2856c8b3,796493.7010915865,59,0.00023755193,-2.0621302468154575e-17,0.0,0.0,0.0,0,0,1.0,0.0,0,0.0,0.0,0.0,59.0,0.9999999999661017,2,0.3333333333333333
fd41fc014ad26b05,3,6b7e1f5b521de19b,,5083.8994500666495,0,0.008490918,0.0,0.0,0.0,0.0,0,0,1.0,0.0,0,0.0,0.0,0.0,0.0,0.0,1,1.0
fd5f73de25ab0af1,4,e366e0e543d0c5cd,28c9c64e5918b06e,18887.88392060843,2,0.24080606,1.5178822299561777e-15,0.0,0.0,0.0,0,0,1.0,0.0,0,0.0,0.01628741965306493,0.03797124887447476,2.0,1.414213560251775,4,0.25
fd6dd77a242f5784,1,6b7e1f5b521de19b,6f9a9c5f2856c8b3,1111818.1044947596,96,0.000858577,-2.596851122443563e-18,0.0,0.0,0.0,0,0,1.0,6.0,1,-0.0625,0.0,0.0,45.0,0.7528879582771476,2,0.5
fd835040eb2be339,2,6b7e1f5b521de19b,6f9a9c5f2856c8b3,141262.38554008558,0,0.8749727,0.0,0.0,0.0,0.0,0,0,1.0,0.0,0,0.0,0.0,0.0,0.0,0.0,2,1.0
fd8e78c8d071d490,0,062b9e5a52eb6d8e,,1.170863568534039,0,0.9971835,0.0,0.0,0.0,0.0,0,0,1.0,0.0,0,0.0,0.0,0.0,0.0,0.0,1,1.0
fde33d54dbc6513b,2,6b7e1f5b521de19b,6f9a9c5f2856c8b3,1513.303966626723,0,0.043324452,0.0,0.0,0.0,0.0,0,0,1.0,0.0,0,0.0,0.0,0.0,0.0,0.0,1,1.0
fde7b0d230a9ec5c,5,6b7e1f5b521de19b,d4f34f97b6d22a81,1.170863568534039,0,0.4031331,0.0,0.0,0.0,0.0,0,0,1.0,0.0,0,0.0,0.0,0.0,0.0,0.0,1,1.0
fdeb2bd69f7e7220,5,6b7e1f5b521de19b,d4f34f97b6d22a81,227381.06794614773,128,2.033842e-05,-0.058581934642073445,-0.07086614173228346,-9.0,9.0,0,-1,1.0825317547076228,1.0,1,-0.0078125,0.12760293185557678,-0.24240601491971697,71.0,0.998289552779009,3,0.2
fdee7d7942183a5c,4,75c64824a2a4e380,28c9c64e5918b06e,712082.7439525853,126,0.35176507,-3.0823953233373424e-16,0.0,0.0,0.0,0,0,1.0,0.0,0,0.0,0.2316242147611905,0.6389369737092819,89.0,1.4764464703085483,3,0.7142857142857143
fe13ec789543429b,3,6b7e1f5b521de19b,,65798.13803746978,0,0.0019512576,0.0,0.0,0.0,0.0,0,0,1.0,0.0,0,0.0,0.0,0.0,0.0,0.0,1,1.0
fe2d8090efb9b7f8,3,6b7e1f5b521de19b,,30405.58043486053,90,0.3033281,0.4295978762883805,0.18441558441558448,39.666666666666664,0.0,0,1,0.9675165283276153,3.0,0,0.03333333333333333,0.5017543549734189,25967.50841719275,17.0,1.0708252267331022,5,0.2631578947368421
fe2e85ee3fe2e5ae,5,6b7e1f5b521de19b,,1.170863568534039,19,0.0012222602,-1.128553887709024e-16,0.0,0.0,0.0,0,0,1.0,0.0,0,0.0,0.0,0.0,19.0,0.0,2,1.0
fe35a2335fd94ec3,6,6b7e1f5b521de19b,,106993.00296756322,0,0.99589455,0.0,0.0,0.0,0.0,0,0,1.0,0.0,0,0.0,0.0,0.0,0.0,0.0,1,1.0
fe3f0825cd399e08,0,6b7e1f5b521de19b,,150228753.08131316,41,0.99505424,1.4323830922623229,3.0,60.0,0.0,0,1,1.0606601717776767,4.0,0,0.0975609756097561,2.1249674156460605,129.93068502073325,20.0,1.086393046273371,3,0.16666666666666666
fe48c6a36176d496,3,6b7e1f5b521de19b,,35845.270270304114,0,0.0788535,0.0,0.0,0.0,0.0,0,0,1.0,0.0,0,0.0,0.0,0.0,0.0,0.0,1,1.0
fe502621a6af295c,0,6b7e1f5b521de19b,6f9a9c5f2856c8b3,19173.860793981083,0,0.22444095,0.0,0.0,0.0,0.0,0,0,1.0,0.0,0,0.0,0.9998778762308771,16374.82832813511,0.0,0.0,2,1.0
fe593fdb93bd7942,1,6b7e1f5b521de19b,,4535.253625562195,0,0.43301156,0.0,0.0,0.0,0.0,0,0,1.0,0.0,0,0.0,0.0,0.0,0.0,0.0,2,1.0
fe5a5da4d2ce8c07,4,e366e0e543d0c5cd,d4f34f97b6d22a81,114434.53124771116,3,0.18964529,1.4140141541839973e-15,0.0,0.0,0.0,0,0,1.0,0.0,0,0.0,0.49999360518323327,97734.1540547009,3.0,1.7320508052594763,5,0.2
fe5d7013e9cdef45,6,6b7e1f5b521de19b,,9887.041589348042,0,0.0005309286,0.0,0.0,0.0,0.0,0,0,1.0,0.0,0,0.0,0.0,0.0,0.0,0.0,1,1.0
fe68e7220b51dd2d,1,6b7e1f5b521de19b,,5686.154365797639,0,0.9960991,0.0,0.0,0.0,0.0,0,0,1.0,0.0,0,0.0,0.0,0.0,0.0,0.0,1,1.0
fe791fb4ccff79dc,3,6b7e1f5b521de19b,,2.4198904513070483,0,0.0019340069,0.0,0.0,0.0,0.0,0,0,1.0,0.0,0,0.0,0.0,0.0,0.0,0.0,2,1.0
fe84d766406a282c,0,6b7e1f5b521de19b,6f9a9c5f2856c8b3,1299118.3089626455,255,0.00521572,0.028533044832546654,0.18769654088050314,10.0,5.0,1,1,1.1180339887283448,0.0,0,0.0,0.0,0.0,130.0,0.8113288590162566,2,0.2
fe9da491e03de23f,2,6b7e1f5b521de19b,,1845240.0868962975,3,0.08262105,-5.413231713979716e-16,0.0,0.0,0.0,0,0,1.0,0.0,0,0.0,0.0,0.0,3.0,0.0,2,1.0
fe9f08b35b2cadf7,1,6b7e1f5b521de19b,,3792.916709923468,109,0.9999025,0.045871559633027394,-0.045871559633027525,5.0,0.0,0,1,1.0,0.0,0,0.0,0.0,0.0,109.0,0.0,2,1.0
fea43bb5650d7c27,2,6b7e1f5b521de19b,6f9a9c5f2856c8b3,1.170863568534039,0,0.07102324,0.0,0.0,0.0,0.0,0,0,1.0,0.0,0,0.0,0.0,0.0,0.0,0.0,1,1.0
feb27d0c8f706064,5,6b7e1f5b521de19b,6f9a9c5f2856c8b3,1.170863568534039,0,0.2768242,0.0,0.0,0.0,0.0,0,0,1.0,0.0,0,0.0,0.0,0.0,0.0,0.0,1,1.0
feb9b4b397188bef,2,6b7e1f5b521de19b,6f9a9c5f2856c8b3,587181.4799761365,116,0.0037076173,-5.60116345813293e-17,0.0,0.0,0.0,0,0,1.0,0.0,0,0.0,0.5499662252752908,501493.36343920726,62.0,0.8134569732192221,2,0.4
febf953582441153,2,6b7e1f5b521de19b,6f9a9c5f2856c8b3,1.170863568534039,0,0.019920152,0.0,0.0,0.0,0.0,0,0,1.0,0.0,0,0.0,0.0,0.0,0.0,0.0,1,1.0
fed8f354cbad9436,0,6b7e1f5b521de19b,6f9a9c5f2856c8b3,7395.089439090942,0,0.3285783,0.0,0.0,0.0,0.0,0,0,1.0,0.0,0,0.0,0.0,0.0,0.0,0.0,1,1.0
fee3088b49ba4a37,5,6b7e1f5b521de19b,6f9a9c5f2856c8b3,1.170863568534039,0,0.020258548,0.0,0.0,0.0,0.0,0,0,1.0,0.0,0,0.0,0.0,0.0,0.0,0.0,1,1.0
fef208b8e3fa0709,0,6b7e1f5b521de19b,,21273.147061594493,0,0.08042542,0.0,0.0,0.0,0.0,0,0,1.0,0.0,0,0.0,0.0,0.0,0.0,0.0,1,1.0
ff14e8c6beb61699,2,6b7e1f5b521de19b,6f9a9c5f2856c8b3,3794632.992415393,0,0.13292849,0.0,0.0,0.0,0.0,0,0,1.0,0.0,0,0.0,0.0,0.0,0.0,0.0,1,1.0
ff2963432be38cef,3,6b7e1f5b521de19b,d4f34f97b6d22a81,430283.0993701844,0,0.01305914,0.0,0.0,0.0,0.0,0,0,1.0,0.0,0,0.0,0.0,0.0,0.0,0.0,1,1.0
ff415bebe58e0ffd,3,6b7e1f5b521de19b,,89664.46366676311,0,0.001667783,0.0,0.0,0.0,0.0,0,0,1.0,0.0,0,0.0,0.0,0.0,0.0,0.0,1,1.0
ff482565517f9685,2,6b7e1f5b521de19b,6f9a9c5f2856c8b3,98.49392076768089,0,0.019003177,0.0,0.0,0.0,0.0,0,0,1.0,0.0,0,0.0,0.0,0.0,0.0,0.0,1,1.0
ff5c2ec079c25634,4,e366e0e543d0c5cd,d4f34f97b6d22a81,1.170863568534039,0,0.01952185,0.0,0.0,0.0,0.0,0,0,1.0,0.0,0,0.0,0.0,0.0,0.0,0.0,1,1.0
ff7c20a8dc0ffb6e,5,6b7e1f5b521de19b,6f9a9c5f2856c8b3,725756.3988294683,535,0.003048455,0.01675366484605339,-0.1477832512315271,10.0,0.0,0,0,1.4166666664659722e-10,0.0,0,0.0,0.2192204161866468,-0.4255905695225053,80.0,0.7894823511032849,3,0.17647058823529413
ff8610d0faf4c0ac,0,6b7e1f5b521de19b,6f9a9c5f2856c8b3,173794.39714130643,0,0.0030000356,0.0,0.0,0.0,0.0,0,0,1.0,0.0,0,0.0,0.7070996354776414,148431.6627045907,0.0,0.0,3,1.0
ff956d8131f04213,5,6b7e1f5b521de19b,6f9a9c5f2856c8b3,200.51354745541374,0,0.3992756,0.0,0.0,0.0,0.0,0,0,1.0,0.0,0,0.0,0.7009312731880546,170.252700010526,0.0,0.0,3,1.0
ffbbe7216a6e404d,5,6b7e1f5b521de19b,6f9a9c5f2856c8b3,1.170863568534039,0,0.00014209001,0.0,0.0,0.0,0.0,0,0,1.0,0.0,0,0.0,0.0,0.0,0.0,0.0,1,1.0
ffbe81a3147fda1e,2,6b7e1f5b521de19b,6f9a9c5f2856c8b3,1.170863568534039,0,0.0038919582,0.0,0.0,0.0,0.0,0,0,1.0,0.0,0,0.0,0.0,0.0,0.0,0.0,1,1.0
ffd5f339eca0cc71,4,062b9e5a52eb6d8e,28c9c64e5918b06e,636983.2059117419,54,0.00022762644,1.2735779630808459e-17,0.0,0.0,0.0,0,0,1.0,0.0,0,0.0,0.4678471050357308,544027.5469888406,24.0,1.1036788462088813,4,0.375
fff12fecbd6e9afe,4,7b7c16a1b24ec3b8,28c9c64e5918b06e,1.170863568534039,0,0.1971364,0.0,0.0,0.0,0.0,0,0,1.0,0.0,0,0.0,0.0,0.0,0.0,0.0,1,1.0
